ISO-10303-21;
HEADER;
FILE_DESCRIPTION (( 'STEP AP203' ),
    '1' );
FILE_NAME ('90854A153_Zinc Yellow-Chromate Plated Steel Hex Head Screw.STEP',
    '2023-02-23T17:43:00',
    ( 'Administrator' ),
    ( 'Managed by Terraform' ),
    'SwSTEP 2.0',
    'SolidWorks 2017',
    '' );
FILE_SCHEMA (( 'CONFIG_CONTROL_DESIGN' ));
ENDSEC;

DATA;
#1 = CARTESIAN_POINT ( 'NONE',  ( 2.221337150656475900, 4.608353510736909800, 9.799999999999997200 ) ) ;
#2 = CARTESIAN_POINT ( 'NONE',  ( 0.0000000000000000000, 3.188101183952073600, 3.475000000000000500 ) ) ;
#3 = CARTESIAN_POINT ( 'NONE',  ( -2.254327966281374400, -2.254327966281375300, -8.556250000000000400 ) ) ;
#4 = CARTESIAN_POINT ( 'NONE',  ( 1.929716318730257700, 3.631392845740038000, 9.799999999999997200 ) ) ;
#5 = CARTESIAN_POINT ( 'NONE',  ( 1.855729410253411200, 3.097264801917261100, 9.799999999999995400 ) ) ;
#6 = CARTESIAN_POINT ( 'NONE',  ( -0.9366661701000098500, 2.483222533717888100, 9.800000000000002500 ) ) ;
#7 = CARTESIAN_POINT ( 'NONE',  ( -3.203717346566657700, -2.009456266902570400, -8.938507037755544000 ) ) ;
#8 = CARTESIAN_POINT ( 'NONE',  ( -2.924110317823652500, -2.924110317823655200, 4.646874999999997900 ) ) ;
#9 = CARTESIAN_POINT ( 'NONE',  ( 2.174799172488439700, 3.276742304492672900, 9.800000000000002500 ) ) ;
#10 = CARTESIAN_POINT ( 'NONE',  ( 0.2422319996068687300, 2.988516437031432500, 9.649999999999996800 ) ) ;
#11 = CARTESIAN_POINT ( 'NONE',  ( 3.188101183952076800, -2.968880710083250200E-015, -0.5874999999999994700 ) ) ;
#12 = CARTESIAN_POINT ( 'NONE',  ( 1.320554748610673900, 3.188101183952074500, -8.946875000000003900 ) ) ;
#13 = CARTESIAN_POINT ( 'NONE',  ( 1.588811391491955500, 3.790048487914566600, 9.799999999999998900 ) ) ;
#14 = CARTESIAN_POINT ( 'NONE',  ( 3.229249173901418400, 2.932075846940526400, 9.799999999999997200 ) ) ;
#15 = CARTESIAN_POINT ( 'NONE',  ( -0.5785679760661498500, 2.288109559420317600, 9.649999999999996800 ) ) ;
#16 = CARTESIAN_POINT ( 'NONE',  ( 3.999999999999998200, 1.608907862333856500E-013, -8.712499999999987900 ) ) ;
#17 = AXIS2_PLACEMENT_3D ( 'NONE', #1331, #791, #337 ) ;
#18 = CARTESIAN_POINT ( 'NONE',  ( 3.188101183952076800, 1.320554748610669700, 2.146874999999998300 ) ) ;
#19 = CARTESIAN_POINT ( 'NONE',  ( 2.505823902798198300, 4.613976552601954500, 9.650000000000000400 ) ) ;
#20 = B_SPLINE_CURVE_WITH_KNOTS ( 'NONE', 3,
 ( #3217, #5734, #4237, #2288, #777, #232, #3272, #2787, #5702, #4695, #5199 ),
 .UNSPECIFIED., .F., .F.,
 ( 4, 1, 1, 1, 1, 1, 1, 1, 4 ),
 ( 0.0000000000000000000, 0.08388811327954541500, 0.1771540327539698800, 0.2825136355617227600, 0.3993998606601627000, 0.5294908061912199100, 0.6728021776758326100, 0.8295357616196698000, 0.9999999999999998900 ),
 .UNSPECIFIED. ) ;
#21 = B_SPLINE_CURVE_WITH_KNOTS ( 'NONE', 3,
 ( #607, #4540, #82, #2515, #4969, #5023, #6020, #1584, #5506, #6041, #5537, #4049, #57, #5995, #2002, #3061, #5968, #37, #5051, #2057, #3519, #2561, #3496, #4517, #3003, #2076, #5580 ),
 .UNSPECIFIED., .F., .F.,
 ( 4, 1, 1, 1, 1, 1, 1, 1, 1, 1, 1, 1, 1, 1, 1, 1, 1, 1, 1, 1, 1, 1, 1, 1, 4 ),
 ( 0.0000000000000000000, 0.06287394621143259400, 0.1228366299919132600, 0.1796565674430316600, 0.2339600122308624400, 0.2855950186955589800, 0.3345131060783809700, 0.3809048259061765300, 0.4248945919393349300, 0.4665290347654876800, 0.5064882940692466700, 0.5450315536447545300, 0.5818311798231347000, 0.6174482799494432900, 0.6520669127690463800, 0.6858797142465107300, 0.7191745547913925800, 0.7521816462063929400, 0.7852401639180913700, 0.8186564497770835200, 0.8525477406533114000, 0.8876263422585194400, 0.9236350780687513400, 0.9610218444769893500, 1.000000000000000000 ),
 .UNSPECIFIED. ) ;
#22 = CARTESIAN_POINT ( 'NONE',  ( 1.320554748610671000, -3.188101183952081200, 2.928124999999999600 ) ) ;
#23 = CARTESIAN_POINT ( 'NONE',  ( 2.254327966281374000, -2.254327966281376700, -8.243749999999998600 ) ) ;
#24 = CARTESIAN_POINT ( 'NONE',  ( -0.09703521668145870200, 3.702993654886231700, 9.799999999999997200 ) ) ;
#25 = CARTESIAN_POINT ( 'NONE',  ( 1.751164365160045700, 3.210779942616029300, 9.650000000000002100 ) ) ;
#26 = CARTESIAN_POINT ( 'NONE',  ( -1.656854249492388100, 3.999999999999984500, -1.915625000000001900 ) ) ;
#27 = CARTESIAN_POINT ( 'NONE',  ( -3.340862668232709600, 1.489770780714723800, -9.062655270082457200 ) ) ;
#28 = CARTESIAN_POINT ( 'NONE',  ( -2.318558051777829000, -3.529662583869479500, 8.435934222681085600 ) ) ;
#29 = CARTESIAN_POINT ( 'NONE',  ( 2.318375235555327300, 3.229328934589326600, 9.800000000000002500 ) ) ;
#30 = DIRECTION ( 'NONE',  ( 0.0000000000000000000, 1.000000000000000000, 0.0000000000000000000 ) ) ;
#31 = CARTESIAN_POINT ( 'NONE',  ( -0.5785679760661498500, 1.988109559420317800, 9.649999999999998600 ) ) ;
#32 = CARTESIAN_POINT ( 'NONE',  ( -0.2523777699918334200, -3.188101183952078100, -9.508680856370292000 ) ) ;
#33 = CARTESIAN_POINT ( 'NONE',  ( 4.067658234670652500, -2.293291821253111000E-015, -7.423437499999999500 ) ) ;
#34 = CARTESIAN_POINT ( 'NONE',  ( 2.913419032851023400, 3.645743856229949100, 9.649999999999998600 ) ) ;
#35 = ADVANCED_FACE ( 'NONE', ( #5860 ), #3929, .T. ) ;
#36 = VERTEX_POINT ( 'NONE', #2998 ) ;
#37 = CARTESIAN_POINT ( 'NONE',  ( -0.1133981086984053700, 2.131382760193778900, 9.799999999999998900 ) ) ;
#38 = CARTESIAN_POINT ( 'NONE',  ( 2.587212708970809700, 4.301690103831244700, 9.800000000000004300 ) ) ;
#39 = CARTESIAN_POINT ( 'NONE',  ( 3.254765357267184200, 3.374047059420318000, 9.649999999999998600 ) ) ;
#40 = CARTESIAN_POINT ( 'NONE',  ( 3.188101183952076800, 1.320554748610670100, -0.3531250000000026900 ) ) ;
#41 = CARTESIAN_POINT ( 'NONE',  ( 3.175029846684787900, 4.032073215338901800, 9.649999999999996800 ) ) ;
#42 = CARTESIAN_POINT ( 'NONE',  ( 1.320554748610673900, 3.188101183952073200, 0.8968750000000003100 ) ) ;
#43 = CARTESIAN_POINT ( 'NONE',  ( -1.320554748610672300, -3.188101183952078500, -5.978124999999998600 ) ) ;
#44 = CARTESIAN_POINT ( 'NONE',  ( -2.862463596771456700, 3.827813350280306400, 9.650000000000000400 ) ) ;
#45 = FACE_OUTER_BOUND ( 'NONE', #5225, .T. ) ;
#46 = CARTESIAN_POINT ( 'NONE',  ( 1.707164473985763400, 3.275310056556665300, 9.800000000000000700 ) ) ;
#47 = CARTESIAN_POINT ( 'NONE',  ( 2.924110317823652900, 2.924110317823648100, 6.521874999999999600 ) ) ;
#48 = CARTESIAN_POINT ( 'NONE',  ( -4.346849175270610200, -4.995898957995946100, 9.511546742659403400 ) ) ;
#49 = CARTESIAN_POINT ( 'NONE',  ( 1.656854249492395700, -3.999999999999981800, 1.209374999999997600 ) ) ;
#50 = CARTESIAN_POINT ( 'NONE',  ( 6.500000000000000000, 3.145760533984453200, 9.172505120532852300 ) ) ;
#51 = CARTESIAN_POINT ( 'NONE',  ( -3.188101183952076800, -1.320554748610674600, 3.865625000000001400 ) ) ;
#52 = CARTESIAN_POINT ( 'NONE',  ( -3.188101183952076800, 1.320554748610670100, -4.884375000000002100 ) ) ;
#53 = CARTESIAN_POINT ( 'NONE',  ( -2.876268721284919400, 2.876268721284918100, -6.954687499999999500 ) ) ;
#54 = FACE_OUTER_BOUND ( 'NONE', #6221, .T. ) ;
#55 = CARTESIAN_POINT ( 'NONE',  ( 3.188101183952076800, -1.320554748610676300, 1.990624999999997600 ) ) ;
#56 = ORIENTED_EDGE ( 'NONE', *, *, #5308, .F. ) ;
#57 = CARTESIAN_POINT ( 'NONE',  ( 0.08161290488245434600, 2.367720676379091200, 9.799999999999995400 ) ) ;
#58 = EDGE_LOOP ( 'NONE', ( #3260, #3730, #1388, #2375 ) ) ;
#59 = EDGE_CURVE ( 'NONE', #1055, #2651, #1035, .T. ) ;
#60 = CARTESIAN_POINT ( 'NONE',  ( 2.715654082188951900, 4.237734489834500600, 9.800000000000002500 ) ) ;
#61 = VERTEX_POINT ( 'NONE', #6016 ) ;
#62 = CARTESIAN_POINT ( 'NONE',  ( -3.188101183952076800, -2.130615809316257800E-015, -1.056250000000003500 ) ) ;
#63 = ORIENTED_EDGE ( 'NONE', *, *, #2226, .T. ) ;
#64 = CARTESIAN_POINT ( 'NONE',  ( -4.898587196589407900E-016, -3.999999999999997300, -3.868750000000003900 ) ) ;
#65 = ADVANCED_FACE ( 'NONE', ( #604 ), #679, .T. ) ;
#66 = VERTEX_POINT ( 'NONE', #3056 ) ;
#67 = AXIS2_PLACEMENT_3D ( 'NONE', #4167, #4600, #5168 ) ;
#68 = CARTESIAN_POINT ( 'NONE',  ( 1.320554748610671000, -3.188101183952080300, 0.4281250000000014200 ) ) ;
#69 = CARTESIAN_POINT ( 'NONE',  ( 3.188101183952076800, -1.320554748610675500, -6.915624999999999500 ) ) ;
#70 = CARTESIAN_POINT ( 'NONE',  ( -3.103779198587663000, 3.694915124783235200, 9.799999999999998900 ) ) ;
#71 = EDGE_LOOP ( 'NONE', ( #1100, #2174, #1301, #912 ) ) ;
#72 = CARTESIAN_POINT ( 'NONE',  ( -1.077603446098429000, 3.159043435827814800, 9.799999999999998900 ) ) ;
#73 = DIRECTION ( 'NONE',  ( 0.8660254037844388200, -0.4999999999999997800, -6.123233995736773400E-017 ) ) ;
#74 = CARTESIAN_POINT ( 'NONE',  ( 4.135316469341310300, -1.712904166306000300, 7.537500000000000500 ) ) ;
#75 = CARTESIAN_POINT ( 'NONE',  ( 2.331189653450538700, 2.288992054962867100, 9.800000000000000700 ) ) ;
#76 = CARTESIAN_POINT ( 'NONE',  ( 1.320554748610671000, -3.188101183952081200, 2.928125000000000100 ) ) ;
#77 = CARTESIAN_POINT ( 'NONE',  ( -2.254327966281374400, -2.254327966281375800, -7.150000000000003000 ) ) ;
#78 = CARTESIAN_POINT ( 'NONE',  ( 3.923140107103154000, -0.4785990370454383200, -8.767455605296143900 ) ) ;
#79 = CALENDAR_DATE ( 2023, 23, 2 ) ;
#80 = EDGE_LOOP ( 'NONE', ( #4739, #5606, #6330 ) ) ;
#81 = CARTESIAN_POINT ( 'NONE',  ( -3.188101183952076800, -1.320554748610674300, 1.521874999999997200 ) ) ;
#82 = CARTESIAN_POINT ( 'NONE',  ( 0.2537548263386596400, 3.194501363526597100, 9.799999999999995400 ) ) ;
#83 =( BOUNDED_CURVE ( )  B_SPLINE_CURVE ( 2, ( #464, #5480, #4446, #5003, #2439, #1440, #5431, #2035, #5510 ),
 .UNSPECIFIED., .F., .F. ) 
 B_SPLINE_CURVE_WITH_KNOTS ( ( 3, 2, 2, 2, 3 ),
 ( 0.1562500000000000600, 0.1640625000000000600, 0.1718750000000000300, 0.1796875000000000000, 0.1875000000000000000 ),
 .UNSPECIFIED. ) 
 CURVE ( )  GEOMETRIC_REPRESENTATION_ITEM ( )  RATIONAL_B_SPLINE_CURVE ( ( 0.9999999999999994400, 0.9238795325112872900, 1.000000000000000000, 0.9238795325112867400, 1.000000000000000000, 0.9238795325112867400, 1.000000000000000000, 0.9238795325112867400, 1.000000000000000000 ) ) 
 REPRESENTATION_ITEM ( '' )  );
#84 = CARTESIAN_POINT ( 'NONE',  ( 2.883523533153040200, 2.181309228143145000, 9.650000000000002100 ) ) ;
#85 = VECTOR ( 'NONE', #6216, 1000.000000000000000 ) ;
#86 = EDGE_CURVE ( 'NONE', #5107, #4924, #1628, .T. ) ;
#87 = CARTESIAN_POINT ( 'NONE',  ( -3.188101183952076800, -1.320554748610674300, 2.771874999999998800 ) ) ;
#88 = CARTESIAN_POINT ( 'NONE',  ( -2.828427124746187200, 2.828427124746186300, -5.743749999999998600 ) ) ;
#89 = LINE ( 'NONE', #2517, #5374 ) ;
#90 = CARTESIAN_POINT ( 'NONE',  ( 3.188101183952076800, -1.320554748610677000, 8.084375000000001400 ) ) ;
#91 = CARTESIAN_POINT ( 'NONE',  ( -4.067658234670652500, -3.057432667604476300E-015, 6.951562500000001400 ) ) ;
#92 = CARTESIAN_POINT ( 'NONE',  ( -0.5785679760661498500, 2.288109559420317600, 9.650000000000000400 ) ) ;
#93 = CARTESIAN_POINT ( 'NONE',  ( -0.4829102139280386200, 3.496744777203382200, -9.191025278556662000 ) ) ;
#94 = CARTESIAN_POINT ( 'NONE',  ( -3.617768191485541500, 0.8124852802938716800, -9.036806345763199700 ) ) ;
#95 = CARTESIAN_POINT ( 'NONE',  ( -2.924110317823652500, -2.924110317823655600, 7.146875000000000500 ) ) ;
#96 = DIRECTION ( 'NONE',  ( 0.0000000000000000000, 1.000000000000000000, 1.334402673828312800E-016 ) ) ;
#97 = CARTESIAN_POINT ( 'NONE',  ( -3.999999999999995600, -2.444468363497898700E-015, 1.912500000000001600 ) ) ;
#98 = CARTESIAN_POINT ( 'NONE',  ( -3.188101183952076800, -1.320554748610674300, 2.615625000000001400 ) ) ;
#99 = CARTESIAN_POINT ( 'NONE',  ( -1.320554748610672300, -3.188101183952079000, -4.571875000000002100 ) ) ;
#100 = CARTESIAN_POINT ( 'NONE',  ( -1.684879207899186100, 4.067658234670651600, -8.282812500000000400 ) ) ;
#101 = CARTESIAN_POINT ( 'NONE',  ( -2.254327966281374400, -2.254327966281377100, 2.849999999999998300 ) ) ;
#102 = ADVANCED_FACE ( 'NONE', ( #2569 ), #5047, .T. ) ;
#103 = CARTESIAN_POINT ( 'NONE',  ( -1.044571530897580500, 2.128334886408231400, 9.799999999999998900 ) ) ;
#104 = CARTESIAN_POINT ( 'NONE',  ( 0.0000000000000000000, 3.188101183952073200, 7.225000000000002300 ) ) ;
#105 = CARTESIAN_POINT ( 'NONE',  ( 2.254327966281374900, 2.254327966281370000, 5.974999999999997900 ) ) ;
#106 = CARTESIAN_POINT ( 'NONE',  ( 3.188101183952076800, 1.320554748610671000, -9.259375000000002100 ) ) ;
#107 = CARTESIAN_POINT ( 'NONE',  ( 1.320554748610673900, 3.188101183952072300, 5.896874999999999600 ) ) ;
#108 = CARTESIAN_POINT ( 'NONE',  ( -4.981444637114788700E-016, -4.067658234670655100, 7.264062500000001400 ) ) ;
#109 = CARTESIAN_POINT ( 'NONE',  ( -3.154317299990312400, 3.674126590938044500, 9.799999999999998900 ) ) ;
#110 = CARTESIAN_POINT ( 'NONE',  ( -3.999999999999996400, 1.656854249492376400, 0.7406249999999960900 ) ) ;
#111 = CARTESIAN_POINT ( 'NONE',  ( -1.410907719773831300, 3.413664660316769100, 9.799999999999995400 ) ) ;
#112 = B_SPLINE_CURVE_WITH_KNOTS ( 'NONE', 3,
 ( #1719, #1226, #6181, #4134, #6164, #2661, #5154, #4689, #2181, #225, #648, #2640, #163, #4215, #4604, #4622, #5696, #6118, #1641, #5620, #1663, #692, #3141, #141, #5131, #2159, #1186, #5654 ),
 .UNSPECIFIED., .F., .F.,
 ( 4, 2, 2, 2, 2, 2, 2, 2, 2, 2, 2, 2, 2, 4 ),
 ( 0.01472110380046764300, 0.01524602117146025600, 0.01577093854245286900, 0.01682077328443809200, 0.01734569065543070300, 0.01787060802642331800, 0.01839552539741592900, 0.01892044276840854100, 0.01944536013940115600, 0.01997027751039376700, 0.02049519488138638200, 0.02102011225237899300, 0.02206994699436421600, 0.02311978173634944200 ),
 .UNSPECIFIED. ) ;
#113 = CARTESIAN_POINT ( 'NONE',  ( 2.828427124746188100, 2.828427124746184100, 1.599999999999996800 ) ) ;
#114 = DIRECTION ( 'NONE',  ( -0.09950371902099883200, 0.9950371902099891500, 0.0000000000000000000 ) ) ;
#115 = ORIENTED_EDGE ( 'NONE', *, *, #542, .T. ) ;
#116 = CARTESIAN_POINT ( 'NONE',  ( 3.188101183952076800, -3.428123259763508200E-015, 3.162500000000000500 ) ) ;
#117 = CARTESIAN_POINT ( 'NONE',  ( 1.760910755600690900, 4.323384975076524300, 9.649999999999998600 ) ) ;
#118 = CARTESIAN_POINT ( 'NONE',  ( -4.981444637114788700E-016, -4.067658234670653300, -8.985937499999998600 ) ) ;
#119 = CARTESIAN_POINT ( 'NONE',  ( -2.254327966281374400, -2.254327966281377100, 4.099999999999997900 ) ) ;
#120 = EDGE_CURVE ( 'NONE', #442, #1776, #5979, .T. ) ;
#121 = CARTESIAN_POINT ( 'NONE',  ( 2.185848242293249900, 4.259497308217848200, 9.649999999999996800 ) ) ;
#122 = CARTESIAN_POINT ( 'NONE',  ( 0.0000000000000000000, 3.999999999999994700, -9.649999999999998600 ) ) ;
#123 = FACE_OUTER_BOUND ( 'NONE', #2863, .T. ) ;
#124 = CARTESIAN_POINT ( 'NONE',  ( 2.924110317823652000, -2.924110317823654700, -8.790625000000002100 ) ) ;
#125 = CARTESIAN_POINT ( 'NONE',  ( 1.320554748610673900, 3.188101183952072800, 4.803124999999999600 ) ) ;
#126 = CARTESIAN_POINT ( 'NONE',  ( -1.656854249492379000, 3.999999999999994200, -6.915625000000003000 ) ) ;
#127 = LINE ( 'NONE', #4965, #2643 ) ;
#128 = ORIENTED_EDGE ( 'NONE', *, *, #120, .F. ) ;
#129 = ADVANCED_FACE ( 'NONE', ( #2858 ), #662, .T. ) ;
#130 = CARTESIAN_POINT ( 'NONE',  ( -2.254327966281374400, -2.254327966281377500, 6.443750000000001400 ) ) ;
#131 = CARTESIAN_POINT ( 'NONE',  ( 0.0000000000000000000, 4.067658234670649800, 6.639062500000000500 ) ) ;
#132 = CARTESIAN_POINT ( 'NONE',  ( -2.705084670698132000, 3.936059657082439300, 9.799999999999998900 ) ) ;
#133 = ORIENTED_EDGE ( 'NONE', *, *, #2081, .T. ) ;
#134 = CARTESIAN_POINT ( 'NONE',  ( 2.691171769200388000, 5.951804754081770500, 9.577422542648282200 ) ) ;
#135 = CARTESIAN_POINT ( 'NONE',  ( -1.411051772472556600, 3.245210491410321000, 9.799999999999998900 ) ) ;
#136 = CARTESIAN_POINT ( 'NONE',  ( 1.921432023933850900, 3.740713726086984700, 9.649999999999998600 ) ) ;
#137 = CARTESIAN_POINT ( 'NONE',  ( 1.656854249492377900, -3.999999999999999100, -3.790625000000003900 ) ) ;
#138 = CARTESIAN_POINT ( 'NONE',  ( -0.2584484287849562200, 2.437131396284211200, 9.800000000000000700 ) ) ;
#139 = CARTESIAN_POINT ( 'NONE',  ( 2.147237350953193200, 2.338861179413781200, 9.800000000000002500 ) ) ;
#140 = ORIENTED_EDGE ( 'NONE', *, *, #998, .T. ) ;
#141 = CARTESIAN_POINT ( 'NONE',  ( 3.016847458178176600, -1.274920004806630300, -9.456309023597459200 ) ) ;
#142 = CARTESIAN_POINT ( 'NONE',  ( 2.071054388789915500, 4.563436278237513300, 9.650000000000002100 ) ) ;
#143 = CARTESIAN_POINT ( 'NONE',  ( 4.067658234670651600, -1.684879207899190500, -3.751562499999999500 ) ) ;
#144 = CARTESIAN_POINT ( 'NONE',  ( 3.188101183952076800, 1.320554748610669700, 2.146874999999998300 ) ) ;
#145 = AXIS2_PLACEMENT_3D ( 'NONE', #1972, #5383, #3400 ) ;
#146 = ORIENTED_EDGE ( 'NONE', *, *, #6210, .F. ) ;
#147 = CARTESIAN_POINT ( 'NONE',  ( -0.5016120939925123900, -3.148392362186944700, -9.524398816047915200 ) ) ;
#148 =( BOUNDED_CURVE ( )  B_SPLINE_CURVE ( 2, ( #4905, #2915, #2401, #4839, #882, #3887, #3320, #334, #2374 ),
 .UNSPECIFIED., .F., .F. ) 
 B_SPLINE_CURVE_WITH_KNOTS ( ( 3, 2, 2, 2, 3 ),
 ( 0.1250000000000000300, 0.1328125000000000300, 0.1406250000000000600, 0.1484375000000000600, 0.1562500000000000600 ),
 .UNSPECIFIED. ) 
 CURVE ( )  GEOMETRIC_REPRESENTATION_ITEM ( )  RATIONAL_B_SPLINE_CURVE ( ( 0.9999999999999997800, 0.9238795325112869600, 1.000000000000000000, 0.9238795325112867400, 1.000000000000000000, 0.9238795325112867400, 1.000000000000000000, 0.9238795325112861800, 1.000000000000000400 ) ) 
 REPRESENTATION_ITEM ( '' )  );
#149 = CARTESIAN_POINT ( 'NONE',  ( -3.904297910284797800E-016, -3.188101183952078500, -5.743750000000002100 ) ) ;
#150 = CARTESIAN_POINT ( 'NONE',  ( -3.188101183952076800, 1.320554748610668600, 7.459375000000000500 ) ) ;
#151 = ORIENTED_EDGE ( 'NONE', *, *, #4219, .F. ) ;
#152 = VERTEX_POINT ( 'NONE', #5712 ) ;
#153 = CARTESIAN_POINT ( 'NONE',  ( -3.904297910284797800E-016, -3.188101183952079900, 4.256249999999997900 ) ) ;
#154 = CARTESIAN_POINT ( 'NONE',  ( 7.314282705850660400E-016, -7.505553499465134100, -15.50782801147530800 ) ) ;
#155 = ORIENTED_EDGE ( 'NONE', *, *, #6450, .F. ) ;
#156 = CARTESIAN_POINT ( 'NONE',  ( 0.0000000000000000000, 4.067658234670649800, 5.389062499999999600 ) ) ;
#157 = CARTESIAN_POINT ( 'NONE',  ( 2.035084677408943500, 3.012914245686134900, 4.350000000000005900 ) ) ;
#158 = CYLINDRICAL_SURFACE ( 'NONE', #239, 0.2357022603955155600 ) ;
#159 = CARTESIAN_POINT ( 'NONE',  ( -1.222392923390553900, 2.329646982006752700, 9.650000000000000400 ) ) ;
#160 = CARTESIAN_POINT ( 'NONE',  ( 2.356590581235504400, 2.922472169658386000, 9.799999999999998900 ) ) ;
#161 = B_SPLINE_CURVE_WITH_KNOTS ( 'NONE', 3,
 ( #1888, #3882, #4396, #945, #4902, #5429, #5404, #5902, #3062, #2516, #4562, #4019, #993, #1050, #564, #2102, #2058, #5053, #4519 ),
 .UNSPECIFIED., .F., .F.,
 ( 4, 1, 1, 1, 1, 1, 1, 1, 1, 1, 1, 1, 1, 1, 1, 1, 4 ),
 ( 0.0000000000000000000, 0.06356279476131299100, 0.1251058005963732200, 0.1845903635750655600, 0.2424608794724137700, 0.3001294631552405800, 0.3577225688569441500, 0.4160796145988852100, 0.4756903520644880100, 0.5363271219571444900, 0.5965023707652280500, 0.6578329700478637900, 0.7207737037544804700, 0.7856450506124824700, 0.8535977835001857800, 0.9251255824150461700, 1.000000000000000000 ),
 .UNSPECIFIED. ) ;
#162 = DIRECTION ( 'NONE',  ( 0.8660254037844386000, 0.4999999999999999400, 6.123233995736775900E-017 ) ) ;
#163 = CARTESIAN_POINT ( 'NONE',  ( 2.878812182213807100, 1.773490697058313100, -9.335791454679579700 ) ) ;
#164 = CARTESIAN_POINT ( 'NONE',  ( 1.872677519280786100, 4.440008787870028500, 9.800000000000002500 ) ) ;
#165 = CARTESIAN_POINT ( 'NONE',  ( -4.067658234670652500, 1.684879207899184600, -3.126562499999999000 ) ) ;
#166 = CARTESIAN_POINT ( 'NONE',  ( -1.787479087588752100, -2.721176844973999900, 9.139059343272707600 ) ) ;
#167 = CYLINDRICAL_SURFACE ( 'NONE', #1024, 3.999999999999997300 ) ;
#168 = CARTESIAN_POINT ( 'NONE',  ( -1.656854249492361500, -4.000000000000016000, -1.603124999999997000 ) ) ;
#169 = CARTESIAN_POINT ( 'NONE',  ( -3.188101183952076800, -1.320554748610673000, -8.478125000000002100 ) ) ;
#170 = CARTESIAN_POINT ( 'NONE',  ( 3.188101183952076800, -4.040446659337185900E-015, 8.162499999999999600 ) ) ;
#171 = CARTESIAN_POINT ( 'NONE',  ( 1.621432023933850900, 2.654776226086984300, 9.649999999999998600 ) ) ;
#172 = CARTESIAN_POINT ( 'NONE',  ( 3.188101183952076800, 1.320554748610669700, 4.646874999999997900 ) ) ;
#173 = PLANE ( 'NONE',  #659 ) ;
#174 = CARTESIAN_POINT ( 'NONE',  ( 4.067658234670651600, -1.684879207899192100, 7.498437499999999600 ) ) ;
#175 = CARTESIAN_POINT ( 'NONE',  ( 1.896061645268017000, 3.122041274044888000, 4.350000000000004100 ) ) ;
#176 = CARTESIAN_POINT ( 'NONE',  ( 0.9214320239338511500, 2.188109559420317900, 9.799999999999998900 ) ) ;
#177 = CARTESIAN_POINT ( 'NONE',  ( 2.590426427396886200, 2.972937923234159700, 9.799999999999998900 ) ) ;
#178 = CARTESIAN_POINT ( 'NONE',  ( -0.5785679760661498500, 1.988109559420317800, 9.649999999999998600 ) ) ;
#179 = CARTESIAN_POINT ( 'NONE',  ( 2.603699130578326100, 2.025922484328581200, 9.799999999999997200 ) ) ;
#180 = CARTESIAN_POINT ( 'NONE',  ( 1.157134284329366600, 2.188109559420317900, 9.799999999999998900 ) ) ;
#181 = EDGE_CURVE ( 'NONE', #4787, #3766, #3563, .T. ) ;
#182 = CARTESIAN_POINT ( 'NONE',  ( 2.254327966281374000, -2.254327966281377500, 0.6624999999999982000 ) ) ;
#183 = CARTESIAN_POINT ( 'NONE',  ( -2.876268721284919800, -2.876268721284921200, -5.392187499999999500 ) ) ;
#184 = CARTESIAN_POINT ( 'NONE',  ( -3.188101183952076800, -1.320554748610675500, 9.021874999999999600 ) ) ;
#185 = EDGE_CURVE ( 'NONE', #1615, #4116, #3979, .T. ) ;
#186 = CARTESIAN_POINT ( 'NONE',  ( -1.320554748610671700, 3.188101183952075900, -8.790625000000003900 ) ) ;
#187 = CARTESIAN_POINT ( 'NONE',  ( -1.712904166305994700, -4.135316469341311100, -10.27500000000000200 ) ) ;
#188 = CARTESIAN_POINT ( 'NONE',  ( 2.453755454623159700, 4.321161175619425700, 9.799999999999998900 ) ) ;
#189 = CARTESIAN_POINT ( 'NONE',  ( 0.0000000000000000000, -2.546799723626479500E-015, -9.649999999999998600 ) ) ;
#190 = CARTESIAN_POINT ( 'NONE',  ( -2.254327966281374400, -2.254327966281377100, 4.099999999999997900 ) ) ;
#191 = ORIENTED_EDGE ( 'NONE', *, *, #4378, .F. ) ;
#192 = CARTESIAN_POINT ( 'NONE',  ( 3.188101183952076800, -1.320554748610675500, -5.665624999999999500 ) ) ;
#193 = CARTESIAN_POINT ( 'NONE',  ( 0.0000000000000000000, 3.188101183952075400, -8.868750000000003900 ) ) ;
#194 = FACE_OUTER_BOUND ( 'NONE', #71, .T. ) ;
#195 = DIRECTION ( 'NONE',  ( -0.0000000000000000000, -1.319585349029264000E-016, -1.000000000000000000 ) ) ;
#196 = DIRECTION ( 'NONE',  ( -0.0000000000000000000, -1.319585349029264000E-016, -1.000000000000000000 ) ) ;
#197 = CARTESIAN_POINT ( 'NONE',  ( 2.356848690600517500, 2.288109559420317600, 9.799999999999998900 ) ) ;
#198 = CARTESIAN_POINT ( 'NONE',  ( 2.832573902130056400, 2.140614940919598500, 9.799999999999997200 ) ) ;
#199 = CARTESIAN_POINT ( 'NONE',  ( 2.329132889970492400, 4.312785508681346700, 9.649999999999998600 ) ) ;
#200 = CARTESIAN_POINT ( 'NONE',  ( 1.934807659449866900, 4.489235368990920300, 9.799999999999995400 ) ) ;
#201 = CARTESIAN_POINT ( 'NONE',  ( -2.876268721284919400, 2.876268721284918100, -5.704687499999999500 ) ) ;
#202 = FACE_OUTER_BOUND ( 'NONE', #4569, .T. ) ;
#203 = CARTESIAN_POINT ( 'NONE',  ( 2.254327966281374900, 2.254327966281370000, 8.474999999999996100 ) ) ;
#204 = EDGE_CURVE ( 'NONE', #4138, #3168, #6045, .T. ) ;
#205 = CARTESIAN_POINT ( 'NONE',  ( 2.103167283196992100, 4.197892787430247600, 9.799999999999997200 ) ) ;
#206 = CARTESIAN_POINT ( 'NONE',  ( 1.320554748610671000, -3.188101183952079400, -8.165625000000002100 ) ) ;
#207 = DIRECTION ( 'NONE',  ( 0.0000000000000000000, 1.224646799147355200E-016, -1.000000000000000000 ) ) ;
#208 = EDGE_CURVE ( 'NONE', #4627, #5346, #127, .T. ) ;
#209 = CARTESIAN_POINT ( 'NONE',  ( 4.135316469341310300, 1.712904166305994300, -7.306250000000003900 ) ) ;
#210 = LINE ( 'NONE', #4626, #5666 ) ;
#211 = ORIENTED_EDGE ( 'NONE', *, *, #3523, .T. ) ;
#212 = CARTESIAN_POINT ( 'NONE',  ( -0.9958738876432524600, 4.002837901036555100, 9.649999999999996800 ) ) ;
#213 = CARTESIAN_POINT ( 'NONE',  ( -2.578567976066149700, 2.021442892753651400, 9.799999999999998900 ) ) ;
#214 = CARTESIAN_POINT ( 'NONE',  ( -2.702290970353126800, 5.945385080303062800, 9.564462191985382900 ) ) ;
#215 = EDGE_LOOP ( 'NONE', ( #1783, #903, #779, #2874, #1338 ) ) ;
#216 = CARTESIAN_POINT ( 'NONE',  ( -3.188101183952076800, 1.320554748610670300, -7.540625000000000400 ) ) ;
#217 = EDGE_LOOP ( 'NONE', ( #2859, #5213, #2739, #6215 ) ) ;
#218 = ORIENTED_EDGE ( 'NONE', *, *, #3008, .F. ) ;
#219 = CARTESIAN_POINT ( 'NONE',  ( -2.280623235048309500, -3.471914207521533700, 9.646871769105022300 ) ) ;
#220 = ORIENTED_EDGE ( 'NONE', *, *, #437, .T. ) ;
#221 = CARTESIAN_POINT ( 'NONE',  ( -0.5994339143659093100, 4.320990932970930000, 9.650000000000000400 ) ) ;
#222 = CARTESIAN_POINT ( 'NONE',  ( 0.2112701114746329000, 3.853311904067535700, 9.799999999999997200 ) ) ;
#223 = ORIENTED_EDGE ( 'NONE', *, *, #59, .F. ) ;
#224 = CARTESIAN_POINT ( 'NONE',  ( -0.6672583881127942500, 1.990639458113634000, 9.649999999999998600 ) ) ;
#225 = CARTESIAN_POINT ( 'NONE',  ( 2.472444548085844600, 2.344017730836235500, -9.310079752710443300 ) ) ;
#226 = CARTESIAN_POINT ( 'NONE',  ( -0.3221557449637167900, 2.022843215973036700, 9.799999999999997200 ) ) ;
#227 = CARTESIAN_POINT ( 'NONE',  ( 4.067658234670652500, -2.905615220826788700E-015, -2.423437499999999500 ) ) ;
#228 = ORIENTED_EDGE ( 'NONE', *, *, #5004, .T. ) ;
#229 = CARTESIAN_POINT ( 'NONE',  ( 1.320554748610673900, 3.188101183952072300, 7.303124999999997000 ) ) ;
#230 = CARTESIAN_POINT ( 'NONE',  ( 0.2468249217244017100, 3.567860004842439400, 9.800000000000000700 ) ) ;
#231 = CARTESIAN_POINT ( 'NONE',  ( -2.254327966281374000, 2.254327966281372700, -4.962500000000002100 ) ) ;
#232 = CARTESIAN_POINT ( 'NONE',  ( -1.043025625670299400, 3.816879725362446200, 9.799999999999997200 ) ) ;
#233 = CARTESIAN_POINT ( 'NONE',  ( 2.924110317823652900, 2.924110317823649400, -4.728125000000001200 ) ) ;
#234 = APPROVAL_PERSON_ORGANIZATION ( #1268, #4809, #6446 ) ;
#235 = ORIENTED_EDGE ( 'NONE', *, *, #316, .F. ) ;
#236 = CARTESIAN_POINT ( 'NONE',  ( -1.077998439507409400, 3.353740012581352100, 9.650000000000002100 ) ) ;
#237 = CARTESIAN_POINT ( 'NONE',  ( -3.999999999999995600, -2.463603469734575700E-015, 2.068749999999997400 ) ) ;
#238 = CARTESIAN_POINT ( 'NONE',  ( 2.254327966281374000, -2.254327966281376700, -8.243749999999998600 ) ) ;
#239 = AXIS2_PLACEMENT_3D ( 'NONE', #2735, #3083, #4679 ) ;
#240 = LINE ( 'NONE', #5205, #6157 ) ;
#241 = CARTESIAN_POINT ( 'NONE',  ( 3.188101183952076800, 1.320554748610670800, -6.603125000000003000 ) ) ;
#242 = DIRECTION ( 'NONE',  ( 0.0000000000000000000, 1.224646799147355200E-016, -1.000000000000000000 ) ) ;
#243 = CARTESIAN_POINT ( 'NONE',  ( -0.2088585770044960000, 4.539599771775082900, 9.800000000000000700 ) ) ;
#244 = VECTOR ( 'NONE', #3358, 1000.000000000000000 ) ;
#245 = CARTESIAN_POINT ( 'NONE',  ( -1.406827871622978700, 3.520145677726528500, 9.650000000000002100 ) ) ;
#246 = DIRECTION ( 'NONE',  ( -0.0000000000000000000, -0.0000000000000000000, -1.000000000000000000 ) ) ;
#247 = CARTESIAN_POINT ( 'NONE',  ( 0.1631352816540275500, 2.563696310307577200, 9.649999999999996800 ) ) ;
#248 = CARTESIAN_POINT ( 'NONE',  ( 0.0000000000000000000, 4.067658234670649800, 2.889062500000001000 ) ) ;
#249 = CARTESIAN_POINT ( 'NONE',  ( -2.254327966281374000, 2.254327966281371300, 5.037499999999997000 ) ) ;
#250 = CARTESIAN_POINT ( 'NONE',  ( 2.066072570729963900, 4.159925985802330800, 9.649999999999996800 ) ) ;
#251 = CARTESIAN_POINT ( 'NONE',  ( 3.188101183952076800, -1.320554748610675500, -5.509375000000004800 ) ) ;
#252 = CARTESIAN_POINT ( 'NONE',  ( 2.921432023933851200, 3.261026226086984900, 9.649999999999998600 ) ) ;
#253 = CARTESIAN_POINT ( 'NONE',  ( 2.924110317823652000, -2.924110317823655200, -5.040625000000002100 ) ) ;
#254 = CARTESIAN_POINT ( 'NONE',  ( 2.045519235100962800, 2.437559583530480200, 9.800000000000000700 ) ) ;
#255 = CARTESIAN_POINT ( 'NONE',  ( -3.999999999999996400, -1.656854249492381200, 2.146874999999997400 ) ) ;
#256 = CARTESIAN_POINT ( 'NONE',  ( -3.188101183952076800, -1.499157303505903100E-015, -6.212499999999999500 ) ) ;
#257 = CARTESIAN_POINT ( 'NONE',  ( -1.320554748610672300, -3.188101183952078500, -8.321875000000003900 ) ) ;
#258 = CARTESIAN_POINT ( 'NONE',  ( -3.147343835276068500, -1.951878475597965200, 4.350000000000001400 ) ) ;
#259 = CARTESIAN_POINT ( 'NONE',  ( 0.2037309824055768000, 2.718061917766636100, 9.649999999999991500 ) ) ;
#260 = CARTESIAN_POINT ( 'NONE',  ( 4.067658234670651600, 1.684879207899185000, -1.095312499999999000 ) ) ;
#261 = CARTESIAN_POINT ( 'NONE',  ( -3.188101183952076800, 1.320554748610670300, -7.540625000000000400 ) ) ;
#262 = CARTESIAN_POINT ( 'NONE',  ( -0.1116868506408957200, 3.811591032228789800, 9.799999999999997200 ) ) ;
#263 = CARTESIAN_POINT ( 'NONE',  ( 2.002331533392190700, 4.073404009978878200, 9.649999999999996800 ) ) ;
#264 = CARTESIAN_POINT ( 'NONE',  ( 1.320554748610673900, 3.188101183952073600, -2.696875000000003000 ) ) ;
#265 = CARTESIAN_POINT ( 'NONE',  ( 3.999999999999995600, -2.142133684958392400E-015, -8.556250000000003900 ) ) ;
#266 = VERTEX_POINT ( 'NONE', #2997 ) ;
#267 = CARTESIAN_POINT ( 'NONE',  ( -1.712904166305994500, 4.135316469341309400, -5.743750000000002100 ) ) ;
#268 = CARTESIAN_POINT ( 'NONE',  ( 1.957778889494056900, 2.671030871363926800, 9.799999999999998900 ) ) ;
#269 = CARTESIAN_POINT ( 'NONE',  ( -0.6013272792911856800, 4.621088185467664600, 9.799999999999998900 ) ) ;
#270 = CARTESIAN_POINT ( 'NONE',  ( -4.354591762903111500, 4.991428772942096100, 9.521913124993219000 ) ) ;
#271 = CARTESIAN_POINT ( 'NONE',  ( -0.4290706358519461600, 2.314972274659303300, 9.649999999999996800 ) ) ;
#272 = CARTESIAN_POINT ( 'NONE',  ( 1.320554748610673900, 3.188101183952074100, -6.603125000000000400 ) ) ;
#273 = FACE_OUTER_BOUND ( 'NONE', #5427, .T. ) ;
#274 = LINE ( 'NONE', #6441, #2391 ) ;
#275 = VERTEX_POINT ( 'NONE', #2509 ) ;
#276 = CARTESIAN_POINT ( 'NONE',  ( -3.662581731174037200, -1.023778029584508300, 4.350000000000017400 ) ) ;
#277 = CARTESIAN_POINT ( 'NONE',  ( 1.684879207899185400, -4.067658234670655100, -1.407812499999999200 ) ) ;
#278 = CARTESIAN_POINT ( 'NONE',  ( 0.0000000000000000000, 3.188101183952075000, -6.524999999999999500 ) ) ;
#279 = CARTESIAN_POINT ( 'NONE',  ( -3.904297910284797800E-016, -3.188101183952079000, -4.649999999999999500 ) ) ;
#280 = ORIENTED_EDGE ( 'NONE', *, *, #3317, .T. ) ;
#281 = CARTESIAN_POINT ( 'NONE',  ( 2.408912005172819400, 3.221792458891268800, 9.649999999999996800 ) ) ;
#282 = CARTESIAN_POINT ( 'NONE',  ( 1.921772960161527400, 3.761740223401365900, 9.649999999999998600 ) ) ;
#283 = CARTESIAN_POINT ( 'NONE',  ( -3.188101183952076800, -1.671373259635999400E-015, -4.806250000000002100 ) ) ;
#284 = CARTESIAN_POINT ( 'NONE',  ( -0.7752747722204494900, 4.278099343657215700, 9.799999999999998900 ) ) ;
#285 = CARTESIAN_POINT ( 'NONE',  ( 3.030159142556900300, -0.9910220632738052600, 4.349999999999998800 ) ) ;
#286 = CARTESIAN_POINT ( 'NONE',  ( -2.924110317823652500, -2.924110317823654300, -5.353125000000001200 ) ) ;
#287 = VERTEX_POINT ( 'NONE', #940 ) ;
#288 = CARTESIAN_POINT ( 'NONE',  ( 3.999999999999995600, -2.448295384745231100E-015, -6.056250000000003900 ) ) ;
#289 = CARTESIAN_POINT ( 'NONE',  ( -1.376480751600119600, 3.807378800659991100, 9.799999999999997200 ) ) ;
#290 = VERTEX_POINT ( 'NONE', #3467 ) ;
#291 = CARTESIAN_POINT ( 'NONE',  ( -3.188101183952076800, -1.320554748610675500, 9.021874999999999600 ) ) ;
#292 = CARTESIAN_POINT ( 'NONE',  ( -0.5272103830699740300, 2.290070255030793900, 9.799999999999998900 ) ) ;
#293 = CARTESIAN_POINT ( 'NONE',  ( 0.0000000000000000000, 3.188101183952074500, -2.774999999999999500 ) ) ;
#294 = ORIENTED_EDGE ( 'NONE', *, *, #2669, .F. ) ;
#295 = ORIENTED_EDGE ( 'NONE', *, *, #1760, .F. ) ;
#296 = EDGE_CURVE ( 'NONE', #6148, #4736, #6312, .T. ) ;
#297 = ORIENTED_EDGE ( 'NONE', *, *, #5077, .T. ) ;
#298 = EDGE_CURVE ( 'NONE', #1001, #6189, #5184, .T. ) ;
#299 = CARTESIAN_POINT ( 'NONE',  ( 4.067658234670651600, 1.684879207899184600, 2.654687500000000500 ) ) ;
#300 = CARTESIAN_POINT ( 'NONE',  ( 1.320554748610671000, -3.188101183952079400, -7.071874999999999500 ) ) ;
#301 = DIRECTION ( 'NONE',  ( -0.0000000000000000000, -1.319585349029264000E-016, -1.000000000000000000 ) ) ;
#302 = FACE_OUTER_BOUND ( 'NONE', #358, .T. ) ;
#303 = CARTESIAN_POINT ( 'NONE',  ( -1.867147581722950300E-015, 7.505553499465136700, 4.548750000000001000 ) ) ;
#304 = CARTESIAN_POINT ( 'NONE',  ( 3.188101183952076800, -2.681854116533088500E-015, -2.931250000000002600 ) ) ;
#305 = CARTESIAN_POINT ( 'NONE',  ( -2.506128108153727700, 4.533284064937333800, 9.649999999999998600 ) ) ;
#306 = CARTESIAN_POINT ( 'NONE',  ( -0.9166674701620405300, 4.157421032400925800, 9.650000000000000400 ) ) ;
#307 = CARTESIAN_POINT ( 'NONE',  ( -1.712904166305994700, -4.135316469341312000, -1.525000000000002400 ) ) ;
#308 = CARTESIAN_POINT ( 'NONE',  ( 2.587212708970809700, 4.301690103831244700, 9.800000000000004300 ) ) ;
#309 = FACE_OUTER_BOUND ( 'NONE', #6289, .T. ) ;
#310 = CARTESIAN_POINT ( 'NONE',  ( -1.341694925161053500, 3.972365910887182100, 9.799999999999998900 ) ) ;
#311 = CARTESIAN_POINT ( 'NONE',  ( 2.903647642020152900, 3.942114783930764000, 9.650000000000000400 ) ) ;
#312 = CARTESIAN_POINT ( 'NONE',  ( -0.2980381597996004700, 2.397490827627878100, 9.799999999999997200 ) ) ;
#313 = CARTESIAN_POINT ( 'NONE',  ( 1.320554748610673900, 3.188101183952073200, 0.8968750000000003100 ) ) ;
#314 = CARTESIAN_POINT ( 'NONE',  ( 2.922836744153078000, 3.206339104265663500, 9.799999999999998900 ) ) ;
#315 = CARTESIAN_POINT ( 'NONE',  ( 7.314282705850660400E-016, -7.505553499465134100, -15.50782801147530800 ) ) ;
#316 = EDGE_CURVE ( 'NONE', #767, #3544, #4326, .T. ) ;
#317 = EDGE_CURVE ( 'NONE', #6363, #536, #4474, .T. ) ;
#318 = CARTESIAN_POINT ( 'NONE',  ( -2.876268721284919800, -2.876268721284922100, -0.3921875000000001900 ) ) ;
#319 = CARTESIAN_POINT ( 'NONE',  ( 1.320554748610673900, 3.188101183952074500, -9.103125000000000400 ) ) ;
#320 = PLANE ( 'NONE',  #6178 ) ;
#321 = CARTESIAN_POINT ( 'NONE',  ( 1.588098690600517200, 3.758422059420317900, 9.799999999999998900 ) ) ;
#322 = CARTESIAN_POINT ( 'NONE',  ( -3.904297910284797800E-016, -3.188101183952079000, -2.149999999999999000 ) ) ;
#323 = CARTESIAN_POINT ( 'NONE',  ( 2.423489430912899600, 2.290509352896193700, 9.650000000000000400 ) ) ;
#324 = DIRECTION ( 'NONE',  ( -0.0000000000000000000, -1.319585349029264000E-016, -1.000000000000000000 ) ) ;
#325 = CARTESIAN_POINT ( 'NONE',  ( 2.924110317823652900, 2.924110317823649400, -3.478125000000001200 ) ) ;
#326 = CARTESIAN_POINT ( 'NONE',  ( 3.188101183952076800, -1.320554748610675900, -1.759375000000002600 ) ) ;
#327 = CARTESIAN_POINT ( 'NONE',  ( -0.5016120939925123900, -3.148392362186944700, -9.524398816047915200 ) ) ;
#328 = CARTESIAN_POINT ( 'NONE',  ( 6.500000000000000900, 3.752776749732571500, 4.548750000000001000 ) ) ;
#329 = CARTESIAN_POINT ( 'NONE',  ( 1.656854249492381500, 3.999999999999992500, 1.521875000000001200 ) ) ;
#330 = CARTESIAN_POINT ( 'NONE',  ( -0.1126327541963780700, 2.789949820352770600, 9.799999999999995400 ) ) ;
#331 = CARTESIAN_POINT ( 'NONE',  ( -3.188101183952076800, 1.320554748610669700, -2.540624999999999500 ) ) ;
#332 = CARTESIAN_POINT ( 'NONE',  ( 1.588811391491955500, 3.790048487914566600, 9.649999999999998600 ) ) ;
#333 = ORIENTED_EDGE ( 'NONE', *, *, #4072, .F. ) ;
#334 = CARTESIAN_POINT ( 'NONE',  ( -1.656854249492370400, -4.000000000000007100, -6.603124999999998600 ) ) ;
#335 = FACE_OUTER_BOUND ( 'NONE', #4111, .T. ) ;
#336 = CARTESIAN_POINT ( 'NONE',  ( 1.320554748610671000, -3.188101183952079000, -9.571874999999998600 ) ) ;
#337 = DIRECTION ( 'NONE',  ( 0.0000000000000000000, 1.000000000000000000, 0.0000000000000000000 ) ) ;
#338 = CARTESIAN_POINT ( 'NONE',  ( -1.087049443518654800, 4.440660079823056900, 9.649999999999998600 ) ) ;
#339 = CARTESIAN_POINT ( 'NONE',  ( 1.939522870464301700, 3.580114041923105000, 9.650000000000000400 ) ) ;
#340 = AXIS2_PLACEMENT_3D ( 'NONE', #1794, #820, #2311 ) ;
#341 = CARTESIAN_POINT ( 'NONE',  ( -1.320554748610671700, 3.188101183952074500, -1.446874999999998600 ) ) ;
#342 = CARTESIAN_POINT ( 'NONE',  ( -0.8944147621358519200, 4.184999422453138600, 9.799999999999998900 ) ) ;
#343 =( BOUNDED_CURVE ( )  B_SPLINE_CURVE ( 2, ( #6145, #3175, #1740, #6202, #2240, #2262, #4724, #2762, #5725 ),
 .UNSPECIFIED., .F., .F. ) 
 B_SPLINE_CURVE_WITH_KNOTS ( ( 3, 2, 2, 2, 3 ),
 ( 0.3437500000000000600, 0.3515625000000000600, 0.3593750000000000000, 0.3671875000000000000, 0.3750000000000000000 ),
 .UNSPECIFIED. ) 
 CURVE ( )  GEOMETRIC_REPRESENTATION_ITEM ( )  RATIONAL_B_SPLINE_CURVE ( ( 0.9999999999999994400, 0.9238795325112872900, 1.000000000000000000, 0.9238795325112867400, 1.000000000000000000, 0.9238795325112867400, 1.000000000000000000, 0.9238795325112867400, 1.000000000000000000 ) ) 
 REPRESENTATION_ITEM ( '' )  );
#344 = CARTESIAN_POINT ( 'NONE',  ( 4.135316469341310300, -1.712904166305998700, -2.462500000000000800 ) ) ;
#345 = CC_DESIGN_PERSON_AND_ORGANIZATION_ASSIGNMENT ( #1939, #1585, ( #1033 ) ) ;
#346 = FACE_OUTER_BOUND ( 'NONE', #3322, .T. ) ;
#347 = CARTESIAN_POINT ( 'NONE',  ( 1.320554748610673900, 3.188101183952073200, -0.1968750000000026000 ) ) ;
#348 = CARTESIAN_POINT ( 'NONE',  ( -1.411901309399483700, 3.303734559420318000, 9.649999999999998600 ) ) ;
#349 = CARTESIAN_POINT ( 'NONE',  ( -0.07888363690325324300, 3.353743410433222700, 9.649999999999998600 ) ) ;
#350 = CARTESIAN_POINT ( 'NONE',  ( 2.488527754953386400, 4.320608982888861000, 9.650000000000000400 ) ) ;
#351 = CARTESIAN_POINT ( 'NONE',  ( -0.1126327541963780700, 2.789949820352770600, 9.649999999999993200 ) ) ;
#352 = CARTESIAN_POINT ( 'NONE',  ( 3.188101183952076800, -2.815799860189830400E-015, -1.837499999999998800 ) ) ;
#353 = LINE ( 'NONE', #3283, #5514 ) ;
#354 = CARTESIAN_POINT ( 'NONE',  ( 3.254765357267184200, 3.374047059420318000, 9.799999999999998900 ) ) ;
#355 = ORIENTED_EDGE ( 'NONE', *, *, #5682, .F. ) ;
#356 = VERTEX_POINT ( 'NONE', #535 ) ;
#357 = CARTESIAN_POINT ( 'NONE',  ( -3.188101183952076800, 1.320554748610670600, -8.634375000000002100 ) ) ;
#358 = EDGE_LOOP ( 'NONE', ( #4880, #4590, #3956, #5517 ) ) ;
#359 = CARTESIAN_POINT ( 'NONE',  ( -0.7740450248791671500, 4.602010082465031200, 9.650000000000002100 ) ) ;
#360 = CARTESIAN_POINT ( 'NONE',  ( -3.188101183952076800, -1.320554748610673700, -3.634374999999999500 ) ) ;
#361 = VERTEX_POINT ( 'NONE', #877 ) ;
#362 = CARTESIAN_POINT ( 'NONE',  ( 2.815890179097976000, 3.403026844916640300, 9.649999999999998600 ) ) ;
#363 = CARTESIAN_POINT ( 'NONE',  ( 2.339661190600517600, 1.988109559420317800, 9.799999999999998900 ) ) ;
#364 = CARTESIAN_POINT ( 'NONE',  ( 2.174799172488439700, 3.276742304492672900, 9.650000000000002100 ) ) ;
#365 = ORIENTED_EDGE ( 'NONE', *, *, #395, .T. ) ;
#366 = CARTESIAN_POINT ( 'NONE',  ( 4.266958537224905600E-016, 3.062499999999988000, -9.649999999999998600 ) ) ;
#367 = CARTESIAN_POINT ( 'NONE',  ( -3.999999999999996400, 1.656854249492376400, 0.5843750000000020900 ) ) ;
#368 = CARTESIAN_POINT ( 'NONE',  ( -2.924110317823652500, -2.924110317823654300, -2.853125000000001700 ) ) ;
#369 = VERTEX_POINT ( 'NONE', #1886 ) ;
#370 = CARTESIAN_POINT ( 'NONE',  ( 2.254327966281374900, 2.254327966281371300, -1.525000000000002100 ) ) ;
#371 = B_SPLINE_CURVE_WITH_KNOTS ( 'NONE', 3,
 ( #5687, #3256, #1298, #270, #6173, #781, #214, #2737, #4758, #723, #1786, #2292 ),
 .UNSPECIFIED., .F., .F.,
 ( 4, 2, 2, 2, 2, 4 ),
 ( 2.380733003138637400E-007, 0.001895287173645642600, 0.003790336273990971500, 0.004737860824163636600, 0.005685385374336300900, 0.007580434474681629600 ),
 .UNSPECIFIED. ) ;
#372 = CARTESIAN_POINT ( 'NONE',  ( -1.272123784977943700, 2.434156293486486000, 9.650000000000003900 ) ) ;
#373 = CARTESIAN_POINT ( 'NONE',  ( 2.427682023933851200, 3.221442892753651600, 9.649999999999998600 ) ) ;
#374 = CARTESIAN_POINT ( 'NONE',  ( -1.320554748610672300, -3.188101183952079900, 2.928124999999996500 ) ) ;
#375 = CARTESIAN_POINT ( 'NONE',  ( -2.254327966281374000, 2.254327966281371800, -0.1187499999999990600 ) ) ;
#376 = LINE ( 'NONE', #1597, #3267 ) ;
#377 = CARTESIAN_POINT ( 'NONE',  ( -0.8591387347504448900, 2.397439078464301200, 9.650000000000002100 ) ) ;
#378 = EDGE_CURVE ( 'NONE', #3643, #5283, #5736, .T. ) ;
#379 = CARTESIAN_POINT ( 'NONE',  ( 2.254327966281374900, 2.254327966281371300, -4.025000000000002100 ) ) ;
#380 = VECTOR ( 'NONE', #2772, 1000.000000000000000 ) ;
#381 = CARTESIAN_POINT ( 'NONE',  ( -3.188101183952076800, 1.320554748610669700, -0.04062499999999899500 ) ) ;
#382 = CARTESIAN_POINT ( 'NONE',  ( 0.0000000000000000000, -2.546799723626479500E-015, -9.649999999999998600 ) ) ;
#383 = CARTESIAN_POINT ( 'NONE',  ( 1.763152220632707500, 2.258876503250095300, 9.649999999999998600 ) ) ;
#384 = CARTESIAN_POINT ( 'NONE',  ( 2.384973690600517700, 4.621442892753650600, 9.799999999999998900 ) ) ;
#385 = CARTESIAN_POINT ( 'NONE',  ( -2.597761338891066500, 4.028974922374683100, 9.649999999999996800 ) ) ;
#386 = CARTESIAN_POINT ( 'NONE',  ( 1.712904166305993600, -4.135316469341312900, -1.368750000000002400 ) ) ;
#387 = CARTESIAN_POINT ( 'NONE',  ( -0.06182866745652873500, 4.437446540741564000, 9.649999999999996800 ) ) ;
#388 = CARTESIAN_POINT ( 'NONE',  ( 3.188101183952076800, -2.834934966426507400E-015, -1.681250000000002100 ) ) ;
#389 = CARTESIAN_POINT ( 'NONE',  ( -1.222392923390553900, 2.329646982006752700, 9.649999999999998600 ) ) ;
#390 = CARTESIAN_POINT ( 'NONE',  ( -2.254327966281374400, -2.254327966281376700, 1.599999999999997200 ) ) ;
#391 = CARTESIAN_POINT ( 'NONE',  ( -2.254327966281374000, 2.254327966281370900, 6.131250000000001400 ) ) ;
#392 = CARTESIAN_POINT ( 'NONE',  ( 2.658849210360633800, 2.385466092316900400, 9.799999999999998900 ) ) ;
#393 = CARTESIAN_POINT ( 'NONE',  ( -0.9089978939831647700, 2.048817478644298500, 9.649999999999996800 ) ) ;
#394 = CARTESIAN_POINT ( 'NONE',  ( 1.320554748610673900, 3.188101183952074100, -5.196875000000004800 ) ) ;
#395 = EDGE_CURVE ( 'NONE', #290, #4870, #4020, .T. ) ;
#396 = CARTESIAN_POINT ( 'NONE',  ( 0.0000000000000000000, 4.611760796948012000E-015, 9.649999999999998600 ) ) ;
#397 = CARTESIAN_POINT ( 'NONE',  ( 3.188101183952076800, -2.662719010296411500E-015, -3.087499999999999000 ) ) ;
#398 = CARTESIAN_POINT ( 'NONE',  ( -0.4258390893588388000, 4.294434003464634700, 9.649999999999995000 ) ) ;
#399 = CARTESIAN_POINT ( 'NONE',  ( 0.0000000000000000000, 3.999999999999994700, -7.149999999999998600 ) ) ;
#400 = CARTESIAN_POINT ( 'NONE',  ( 1.625026748121281900, 2.629010522260208000, 9.650000000000000400 ) ) ;
#401 = CARTESIAN_POINT ( 'NONE',  ( -1.656854249492379000, 3.999999999999994200, -3.165625000000003900 ) ) ;
#402 = CARTESIAN_POINT ( 'NONE',  ( -1.078567976066150000, 3.304776226086984200, 9.799999999999998900 ) ) ;
#403 = CARTESIAN_POINT ( 'NONE',  ( -4.135316469341310300, -2.598831022457118200E-015, 3.240624999999998800 ) ) ;
#404 = CARTESIAN_POINT ( 'NONE',  ( 0.1631352816540275500, 2.563696310307577200, 9.650000000000002100 ) ) ;
#405 = CARTESIAN_POINT ( 'NONE',  ( 2.254327966281374000, -2.254327966281377100, -3.087500000000002600 ) ) ;
#406 = CARTESIAN_POINT ( 'NONE',  ( 2.408378609103575000, 1.989833636885739000, 9.650000000000000400 ) ) ;
#407 = CARTESIAN_POINT ( 'NONE',  ( -0.5016120939925123900, -3.148392362186944700, -9.524398816047915200 ) ) ;
#408 = CARTESIAN_POINT ( 'NONE',  ( -0.4795794380686526100, 4.618532699793729700, 9.650000000000000400 ) ) ;
#409 = CARTESIAN_POINT ( 'NONE',  ( -1.320554748610671700, 3.188101183952074100, 1.209374999999997000 ) ) ;
#410 = CARTESIAN_POINT ( 'NONE',  ( -3.188101183952076800, -2.570723252759839200E-015, 2.537500000000001400 ) ) ;
#411 = ORIENTED_EDGE ( 'NONE', *, *, #5308, .T. ) ;
#412 = CARTESIAN_POINT ( 'NONE',  ( -1.078237002572867400, 3.254768769302756500, 9.650000000000000400 ) ) ;
#413 = DIRECTION ( 'NONE',  ( 0.0000000000000000000, 1.000000000000000000, 0.0000000000000000000 ) ) ;
#414 = CARTESIAN_POINT ( 'NONE',  ( -1.787479087588752100, -2.721176844973999900, 8.982809343272707600 ) ) ;
#415 = EDGE_CURVE ( 'NONE', #1408, #5424, #2864, .T. ) ;
#416 = CARTESIAN_POINT ( 'NONE',  ( -3.904297910284797800E-016, -3.188101183952078500, -5.743750000000002100 ) ) ;
#417 = FACE_OUTER_BOUND ( 'NONE', #4196, .T. ) ;
#418 = CARTESIAN_POINT ( 'NONE',  ( -0.9438968169158026300, 4.541392957482208300, 9.799999999999998900 ) ) ;
#419 = CARTESIAN_POINT ( 'NONE',  ( -3.188101183952076800, -1.320554748610673700, -2.384374999999999500 ) ) ;
#420 = CARTESIAN_POINT ( 'NONE',  ( 2.920449444117103200, 3.704595566659540500, 9.650000000000000400 ) ) ;
#421 = CARTESIAN_POINT ( 'NONE',  ( -0.1547757720728699700, 3.990511593891772800, 9.800000000000000700 ) ) ;
#422 = CIRCLE ( 'NONE', #6258, 0.2357022603955154500 ) ;
#423 = ORIENTED_EDGE ( 'NONE', *, *, #6450, .T. ) ;
#424 = CARTESIAN_POINT ( 'NONE',  ( 1.727464574501605100, 2.314092258503500900, 9.800000000000002500 ) ) ;
#425 = CARTESIAN_POINT ( 'NONE',  ( 3.229301389113649300, 3.790876170569850600, 9.800000000000000700 ) ) ;
#426 = CARTESIAN_POINT ( 'NONE',  ( -0.9958738876432524600, 4.002837901036555100, 9.649999999999996800 ) ) ;
#427 = CARTESIAN_POINT ( 'NONE',  ( 1.712904166305997200, 4.135316469341307600, 5.349999999999997900 ) ) ;
#428 = CARTESIAN_POINT ( 'NONE',  ( -0.5556353347449397600, 1.988458939000123000, 9.649999999999998600 ) ) ;
#429 = CARTESIAN_POINT ( 'NONE',  ( 2.603699130578326100, 2.025922484328581200, 9.799999999999997200 ) ) ;
#430 = ORIENTED_EDGE ( 'NONE', *, *, #3974, .T. ) ;
#431 = CARTESIAN_POINT ( 'NONE',  ( 2.921809941414166300, 3.248700570446148500, 9.650000000000000400 ) ) ;
#432 = CARTESIAN_POINT ( 'NONE',  ( 1.320554748610671000, -3.188101183952080300, 1.834374999999997400 ) ) ;
#433 = CARTESIAN_POINT ( 'NONE',  ( -1.320554748610671700, 3.188101183952073600, 2.303125000000001400 ) ) ;
#434 = VERTEX_POINT ( 'NONE', #3257 ) ;
#435 = CARTESIAN_POINT ( 'NONE',  ( -0.6299384328134257600, 2.290028329627861800, 9.649999999999998600 ) ) ;
#436 = CARTESIAN_POINT ( 'NONE',  ( -1.106020967035622000, 2.178738090931562300, 9.799999999999997200 ) ) ;
#437 = EDGE_CURVE ( 'NONE', #2083, #5141, #3528, .T. ) ;
#438 = VERTEX_POINT ( 'NONE', #2305 ) ;
#439 = EDGE_CURVE ( 'NONE', #4670, #880, #5268, .T. ) ;
#440 = CARTESIAN_POINT ( 'NONE',  ( 3.188101183952076800, 1.320554748610670800, -5.353125000000003000 ) ) ;
#441 = ORIENTED_EDGE ( 'NONE', *, *, #5249, .F. ) ;
#442 = VERTEX_POINT ( 'NONE', #2813 ) ;
#443 = CARTESIAN_POINT ( 'NONE',  ( 2.828427124746188100, 2.828427124746184500, -4.650000000000003000 ) ) ;
#444 = CARTESIAN_POINT ( 'NONE',  ( 2.254327966281374000, -2.254327966281377100, -4.493749999999999500 ) ) ;
#445 = CARTESIAN_POINT ( 'NONE',  ( 3.999999999999995600, -1.656854249492383500, -0.04062499999999848200 ) ) ;
#446 = CARTESIAN_POINT ( 'NONE',  ( 0.0000000000000000000, 3.999999999999994700, -9.649999999999998600 ) ) ;
#447 = ORIENTED_EDGE ( 'NONE', *, *, #3218, .F. ) ;
#448 = ADVANCED_FACE ( 'NONE', ( #2010 ), #758, .T. ) ;
#449 = CARTESIAN_POINT ( 'NONE',  ( 1.696982592082457700, 2.373791603833998600, 9.649999999999996800 ) ) ;
#450 = CARTESIAN_POINT ( 'NONE',  ( -2.568573717622821400, 4.447762224175356500, 9.800000000000002500 ) ) ;
#451 = CARTESIAN_POINT ( 'NONE',  ( -0.9280471427328166300, 4.143317892753651100, 9.799999999999998900 ) ) ;
#452 = CARTESIAN_POINT ( 'NONE',  ( -1.712904166305994700, -4.135316469341312900, 5.974999999999997900 ) ) ;
#453 = CARTESIAN_POINT ( 'NONE',  ( -0.3221557449637167900, 2.022843215973036700, 9.649999999999996800 ) ) ;
#454 = CARTESIAN_POINT ( 'NONE',  ( -3.188101183952076800, 1.320554748610669700, -0.04062499999999899500 ) ) ;
#455 = CARTESIAN_POINT ( 'NONE',  ( 2.326119523933850800, 2.921442892753651800, 9.649999999999996800 ) ) ;
#456 = CARTESIAN_POINT ( 'NONE',  ( 2.832573902130056400, 2.140614940919598500, 9.799999999999997200 ) ) ;
#457 = LINE ( 'NONE', #1998, #1729 ) ;
#458 = CARTESIAN_POINT ( 'NONE',  ( -0.08618060291762905100, 3.022631998244999600, 9.650000000000000400 ) ) ;
#459 = CARTESIAN_POINT ( 'NONE',  ( 4.354591762903110600, -4.991428772942096100, 9.521913124993213600 ) ) ;
#460 = CARTESIAN_POINT ( 'NONE',  ( 2.300726874270520000, 2.922100788418142700, 9.800000000000002500 ) ) ;
#461 = CARTESIAN_POINT ( 'NONE',  ( -2.254327966281374400, -2.254327966281377100, 2.693750000000001900 ) ) ;
#462 = CARTESIAN_POINT ( 'NONE',  ( -1.077603446098429000, 3.159043435827814800, 9.649999999999998600 ) ) ;
#463 = DIRECTION ( 'NONE',  ( 0.0000000000000000000, 1.319585349029264000E-016, 1.000000000000000000 ) ) ;
#464 = CARTESIAN_POINT ( 'NONE',  ( -4.898587196589407900E-016, -3.999999999999996400, -6.524999999999998600 ) ) ;
#465 = FACE_OUTER_BOUND ( 'NONE', #1692, .T. ) ;
#466 = CARTESIAN_POINT ( 'NONE',  ( -2.254327966281374400, -2.254327966281375800, -5.900000000000002100 ) ) ;
#467 = CARTESIAN_POINT ( 'NONE',  ( 3.149726221910802000, 4.098781547630287600, 9.800000000000000700 ) ) ;
#468 = AXIS2_PLACEMENT_3D ( 'NONE', #176, #5126, #709 ) ;
#469 = CARTESIAN_POINT ( 'NONE',  ( -6.500000000000001800, 3.815740377469680400E-015, 9.577831216351295800 ) ) ;
#470 = CARTESIAN_POINT ( 'NONE',  ( 3.188101183952076800, -3.275042409870088800E-015, 1.912500000000001000 ) ) ;
#471 = CARTESIAN_POINT ( 'NONE',  ( -2.254327966281374000, 2.254327966281372700, -5.118749999999999500 ) ) ;
#472 = CARTESIAN_POINT ( 'NONE',  ( -1.059589763639009000, 2.898906954496962600, 9.649999999999995000 ) ) ;
#473 = CARTESIAN_POINT ( 'NONE',  ( 1.649050311063711400, 2.505988223119643500, 9.649999999999996800 ) ) ;
#474 = CARTESIAN_POINT ( 'NONE',  ( 3.999999999999995600, -1.656854249492383500, -1.290624999999997900 ) ) ;
#475 = CARTESIAN_POINT ( 'NONE',  ( 2.674896496735512700, -1.747051424097929400, 4.350000000000003200 ) ) ;
#476 = CARTESIAN_POINT ( 'NONE',  ( 2.924110317823652900, 2.924110317823648500, 2.771874999999998300 ) ) ;
#477 = DIRECTION ( 'NONE',  ( -0.8660254037844383700, -0.5000000000000003300, 0.0000000000000000000 ) ) ;
#478 = CARTESIAN_POINT ( 'NONE',  ( 0.2547653572671834700, 3.303734559420318000, 9.799999999999998900 ) ) ;
#479 = CARTESIAN_POINT ( 'NONE',  ( 2.254327966281374000, -2.254327966281377100, -1.993749999999999000 ) ) ;
#480 = CARTESIAN_POINT ( 'NONE',  ( -3.904297910284797800E-016, -3.188101183952078100, -9.493750000000002100 ) ) ;
#481 = DIRECTION ( 'NONE',  ( -0.0000000000000000000, 1.224646799147355200E-016, -1.000000000000000000 ) ) ;
#482 = CARTESIAN_POINT ( 'NONE',  ( -3.188101183952076800, 1.320554748610668800, 4.959375000000000500 ) ) ;
#483 = CARTESIAN_POINT ( 'NONE',  ( 2.921432023933851200, 3.765713726086984600, 9.649999999999998600 ) ) ;
#484 = ADVANCED_FACE ( 'NONE', ( #1458 ), #2989, .T. ) ;
#485 = ORIENTED_EDGE ( 'NONE', *, *, #737, .T. ) ;
#486 = CARTESIAN_POINT ( 'NONE',  ( -1.320554748610672300, -3.188101183952079400, 0.4281249999999979200 ) ) ;
#487 = CARTESIAN_POINT ( 'NONE',  ( 2.677829773735936700, 4.568833027920875100, 9.649999999999998600 ) ) ;
#488 = CARTESIAN_POINT ( 'NONE',  ( 2.356988152009696200, 4.620757503314050200, 9.799999999999998900 ) ) ;
#489 = ORIENTED_EDGE ( 'NONE', *, *, #3294, .T. ) ;
#490 = CARTESIAN_POINT ( 'NONE',  ( -2.254327966281374000, 2.254327966281371300, 4.881250000000000500 ) ) ;
#491 = CARTESIAN_POINT ( 'NONE',  ( 2.254327966281374000, -2.254327966281376700, -6.993750000000000400 ) ) ;
#492 = CARTESIAN_POINT ( 'NONE',  ( 2.026028461522685100, 3.402415489139715800, 9.800000000000000700 ) ) ;
#493 = B_SPLINE_SURFACE_WITH_KNOTS ( 'NONE', 3, 1, ( 
 ( #4942, #3378 ),
 ( #2422, #3428 ),
 ( #2913, #2004 ),
 ( #1420, #4882 ),
 ( #3902, #2461 ),
 ( #4422, #393 ),
 ( #5479, #924 ),
 ( #3005, #5456 ),
 ( #436, #5927 ),
 ( #5405, #2488 ),
 ( #1908, #5880 ) ),
 .UNSPECIFIED., .F., .F., .F.,
 ( 4, 1, 1, 1, 1, 1, 1, 1, 4 ),
 ( 2, 2 ),
 ( 0.0000000000000000000, 0.1379032299933934700, 0.2688733426002938900, 0.3951781273461134100, 0.5170892381308879200, 0.6367430265135477500, 0.7562218164637973800, 0.8766283594636792300, 1.000000000000000000 ),
 ( 0.0000000000000000000, 1.000000000000000000 ),
 .UNSPECIFIED. ) ;
#494 = CARTESIAN_POINT ( 'NONE',  ( -0.8985210078579601900, 2.437103198361859800, 9.799999999999998900 ) ) ;
#495 = CARTESIAN_POINT ( 'NONE',  ( -2.959656466509533100, 2.105772113016313600, -9.088213103371563400 ) ) ;
#496 = CARTESIAN_POINT ( 'NONE',  ( -2.924110317823652000, 2.924110317823648900, 5.584374999999998800 ) ) ;
#497 = CARTESIAN_POINT ( 'NONE',  ( -2.145408237096824200, -6.266901476255641900, 9.521913124993210100 ) ) ;
#498 = CYLINDRICAL_SURFACE ( 'NONE', #67, 3.999999999999997300 ) ;
#499 = CARTESIAN_POINT ( 'NONE',  ( -3.188101183952076800, 1.320554748610669700, -1.290624999999998400 ) ) ;
#500 = CARTESIAN_POINT ( 'NONE',  ( -0.4290706358519461600, 2.314972274659303300, 9.799999999999998900 ) ) ;
#501 = CARTESIAN_POINT ( 'NONE',  ( 1.656854249492395700, -3.999999999999980900, -2.540625000000002100 ) ) ;
#502 = DIRECTION ( 'NONE',  ( -1.155626614413199100E-016, 1.000000000000000000, 1.224646799147355200E-016 ) ) ;
#503 = CARTESIAN_POINT ( 'NONE',  ( 2.921099543770212300, 3.745032886422542200, 9.799999999999997200 ) ) ;
#504 = CARTESIAN_POINT ( 'NONE',  ( 1.801057391760360700, 3.150945632135560000, 9.800000000000000700 ) ) ;
#505 = CARTESIAN_POINT ( 'NONE',  ( -6.500000000000001800, 2.531113748694862900, 9.318312291618601900 ) ) ;
#506 = EDGE_CURVE ( 'NONE', #767, #4171, #274, .T. ) ;
#507 = LINE ( 'NONE', #315, #4182 ) ;
#508 = PERSON_AND_ORGANIZATION_ROLE ( 'creator' ) ;
#509 = CARTESIAN_POINT ( 'NONE',  ( 2.922994523933851100, 3.197484559420318300, 9.799999999999998900 ) ) ;
#510 = CARTESIAN_POINT ( 'NONE',  ( 2.671236028357896400, 3.014143596557453500, 9.649999999999996800 ) ) ;
#511 = B_SPLINE_SURFACE_WITH_KNOTS ( 'NONE', 3, 1, ( 
 ( #5904, #483 ),
 ( #6419, #5387 ),
 ( #3405, #1460 ),
 ( #1217, #2563 ),
 ( #6022, #5643 ),
 ( #3655, #2034 ),
 ( #5161, #5025 ),
 ( #4678, #1672 ),
 ( #5002, #6171 ),
 ( #5685, #3680 ),
 ( #1706, #5996 ),
 ( #60, #2190 ),
 ( #5179, #5509 ),
 ( #2059, #2212 ),
 ( #38, #3165 ),
 ( #2694, #680 ),
 ( #2541, #4161 ),
 ( #188, #2673 ),
 ( #5144, #1197 ) ),
 .UNSPECIFIED., .F., .F., .F.,
 ( 4, 1, 1, 1, 1, 1, 1, 1, 1, 1, 1, 1, 1, 1, 1, 1, 4 ),
 ( 2, 2 ),
 ( 0.0000000000000000000, 0.07522587376283035300, 0.1464223385466803000, 0.2146225472668685500, 0.2796856535253560700, 0.3429780235703902600, 0.4046208484442567800, 0.4657938303000883100, 0.5259704850531952100, 0.5857807242363325400, 0.6432206292324356100, 0.7007424839622752300, 0.7579049412403121600, 0.8159836911392502900, 0.8746408217369250300, 0.9360443799883164700, 1.000000000000000000 ),
 ( 0.0000000000000000000, 1.000000000000000000 ),
 .UNSPECIFIED. ) ;
#512 = EDGE_CURVE ( 'NONE', #840, #4031, #1542, .T. ) ;
#513 = CARTESIAN_POINT ( 'NONE',  ( -3.904297910284797800E-016, -3.188101183952079900, 3.006249999999997000 ) ) ;
#514 = CARTESIAN_POINT ( 'NONE',  ( -2.828427124746187200, 2.828427124746185400, -4.337500000000003000 ) ) ;
#515 = VECTOR ( 'NONE', #3030, 1000.000000000000000 ) ;
#516 = B_SPLINE_CURVE_WITH_KNOTS ( 'NONE', 3,
 ( #2019, #1502, #72, #4081, #2578, #3019, #4455, #1989, #5468, #6, #494, #3985, #1009, #4483, #526, #6226, #4252, #4554, #5619 ),
 .UNSPECIFIED., .F., .F.,
 ( 4, 1, 1, 1, 1, 1, 1, 1, 1, 1, 1, 1, 1, 1, 1, 1, 4 ),
 ( 0.0000000000000000000, 0.1184055081537694500, 0.2266543328167017200, 0.3240923419286017600, 0.4117048030053216400, 0.4890259050064156300, 0.5569093973430758700, 0.6162333444927070600, 0.6673492812770747100, 0.7135123932013472900, 0.7576965045209780300, 0.7994925114422909400, 0.8399760647439391500, 0.8798857418167759200, 0.9191486593857416400, 0.9592273564930828800, 1.000000000000000000 ),
 .UNSPECIFIED. ) ;
#517 = VERTEX_POINT ( 'NONE', #4431 ) ;
#518 = ADVANCED_FACE ( 'NONE', ( #3181 ), #2912, .T. ) ;
#519 = B_SPLINE_CURVE_WITH_KNOTS ( 'NONE', 3,
 ( #2612, #2538, #5561, #505, #3589, #2032 ),
 .UNSPECIFIED., .F., .F.,
 ( 4, 2, 4 ),
 ( 0.01077841723922373500, 0.01267949591633574600, 0.01458057459344775500 ),
 .UNSPECIFIED. ) ;
#520 = CARTESIAN_POINT ( 'NONE',  ( -3.188101183952076800, 1.320554748610669700, 1.209375000000000300 ) ) ;
#521 = ORIENTED_EDGE ( 'NONE', *, *, #841, .F. ) ;
#522 = CARTESIAN_POINT ( 'NONE',  ( -1.320554748610671700, 3.188101183952075400, -7.696874999999998600 ) ) ;
#523 = CARTESIAN_POINT ( 'NONE',  ( -0.1829188428202917200, 4.060861333203833500, 9.800000000000000700 ) ) ;
#524 = CARTESIAN_POINT ( 'NONE',  ( 2.040136770273293500, 2.978301911189617200, 9.650000000000003900 ) ) ;
#525 = ORIENTED_EDGE ( 'NONE', *, *, #6124, .F. ) ;
#526 = CARTESIAN_POINT ( 'NONE',  ( -0.7281493447761826500, 2.314331979727013900, 9.799999999999997200 ) ) ;
#527 = CARTESIAN_POINT ( 'NONE',  ( -4.898587196589407900E-016, -3.999999999999997300, -5.274999999999997700 ) ) ;
#528 = CARTESIAN_POINT ( 'NONE',  ( -1.295319989994649300, 4.117063237196243900, 9.800000000000000700 ) ) ;
#529 = CARTESIAN_POINT ( 'NONE',  ( 2.219775922397812200, 3.256455304666663800, 9.649999999999998600 ) ) ;
#530 = CARTESIAN_POINT ( 'NONE',  ( 2.147237350953193200, 2.338861179413781200, 9.650000000000005700 ) ) ;
#531 = ORIENTED_EDGE ( 'NONE', *, *, #5602, .F. ) ;
#532 = CARTESIAN_POINT ( 'NONE',  ( 3.188101183952076800, -3.121961559976669900E-015, 0.6625000000000016400 ) ) ;
#533 = CARTESIAN_POINT ( 'NONE',  ( 3.999999999999998200, 1.608907862333856500E-013, -8.712499999999987900 ) ) ;
#534 = CARTESIAN_POINT ( 'NONE',  ( 1.955156367480430600, 3.531808212560708000, 9.649999999999996800 ) ) ;
#535 = CARTESIAN_POINT ( 'NONE',  ( -4.898587196589407900E-016, -3.999999999999996400, -6.524999999999998600 ) ) ;
#536 = VERTEX_POINT ( 'NONE', #4366 ) ;
#537 = CARTESIAN_POINT ( 'NONE',  ( 2.185848242293249900, 4.259497308217848200, 9.799999999999997200 ) ) ;
#538 = PERSON_AND_ORGANIZATION_ROLE ( 'design_supplier' ) ;
#539 = VERTEX_POINT ( 'NONE', #4890 ) ;
#540 = CARTESIAN_POINT ( 'NONE',  ( -3.178567976066149800, 3.971442892753650700, 9.799999999999998900 ) ) ;
#541 = CARTESIAN_POINT ( 'NONE',  ( 0.0000000000000000000, -2.546799723626479500E-015, -9.649999999999998600 ) ) ;
#542 = EDGE_CURVE ( 'NONE', #5894, #287, #2929, .T. ) ;
#543 = EDGE_CURVE ( 'NONE', #4967, #361, #1080, .T. ) ;
#544 = CARTESIAN_POINT ( 'NONE',  ( -3.188101183952076800, -2.283696659209677200E-015, 0.1937499999999977600 ) ) ;
#545 = CARTESIAN_POINT ( 'NONE',  ( -3.999999999999996400, -1.656854249492380600, -4.103125000000003900 ) ) ;
#546 = VECTOR ( 'NONE', #5067, 1000.000000000000000 ) ;
#547 = CARTESIAN_POINT ( 'NONE',  ( 1.320554748610671000, -3.188101183952080300, 1.678125000000000800 ) ) ;
#548 = DIRECTION ( 'NONE',  ( -0.0000000000000000000, -1.319585349029264000E-016, -1.000000000000000000 ) ) ;
#549 = CARTESIAN_POINT ( 'NONE',  ( -1.024634381165062900, 2.692669694434830500, 9.800000000000002500 ) ) ;
#550 = CARTESIAN_POINT ( 'NONE',  ( 1.640226600524324500, 3.418536307938517800, 9.799999999999997200 ) ) ;
#551 = LINE ( 'NONE', #2704, #5999 ) ;
#552 = B_SPLINE_SURFACE_WITH_KNOTS ( 'NONE', 3, 1, ( 
 ( #5896, #373 ),
 ( #1838, #2353 ),
 ( #896, #5814 ),
 ( #2844, #2867 ),
 ( #6306, #3830 ),
 ( #4335, #4355 ),
 ( #1372, #5361 ),
 ( #1392, #4832 ),
 ( #3850, #4850 ),
 ( #1885, #1416 ),
 ( #5854, #2893 ),
 ( #6348, #4936 ),
 ( #3423, #1971 ),
 ( #2977, #6390 ),
 ( #4966, #2925 ),
 ( #5451, #34 ),
 ( #6442, #2512 ),
 ( #503, #5963 ),
 ( #6412, #1510 ) ),
 .UNSPECIFIED., .F., .F., .F.,
 ( 4, 1, 1, 1, 1, 1, 1, 1, 1, 1, 1, 1, 1, 1, 1, 1, 4 ),
 ( 2, 2 ),
 ( 0.0000000000000000000, 0.06356279476131299100, 0.1251058005963732200, 0.1845903635750655600, 0.2424608794724137700, 0.3001294631552405800, 0.3577225688569441500, 0.4160796145988852100, 0.4756903520644880100, 0.5363271219571444900, 0.5965023707652280500, 0.6578329700478637900, 0.7207737037544804700, 0.7856450506124824700, 0.8535977835001857800, 0.9251255824150461700, 1.000000000000000000 ),
 ( 0.0000000000000000000, 1.000000000000000000 ),
 .UNSPECIFIED. ) ;
#553 = CARTESIAN_POINT ( 'NONE',  ( 1.954765357267184400, 2.688109559420317900, 9.799999999999998900 ) ) ;
#554 = CARTESIAN_POINT ( 'NONE',  ( -6.500000000000000900, -0.6350190757100651100, 9.577831216351295800 ) ) ;
#555 = CARTESIAN_POINT ( 'NONE',  ( 2.924110317823652000, -2.924110317823656500, 7.459374999999997000 ) ) ;
#556 = CARTESIAN_POINT ( 'NONE',  ( 0.0000000000000000000, 3.999999999999993300, 1.600000000000001400 ) ) ;
#557 = CARTESIAN_POINT ( 'NONE',  ( -3.188101183952076800, -2.570723252759839200E-015, 2.537500000000001400 ) ) ;
#558 = CARTESIAN_POINT ( 'NONE',  ( -3.188101183952076800, -1.671373259635999400E-015, -4.806250000000002100 ) ) ;
#559 = CARTESIAN_POINT ( 'NONE',  ( -4.067658234670652500, -1.067381618990024400E-015, -9.298437499999998600 ) ) ;
#560 = CARTESIAN_POINT ( 'NONE',  ( -3.188101183952076800, 1.320554748610669500, 2.615624999999998800 ) ) ;
#561 = ADVANCED_FACE ( 'NONE', ( #1768 ), #6338, .T. ) ;
#562 = VECTOR ( 'NONE', #4362, 1000.000000000000000 ) ;
#563 = CARTESIAN_POINT ( 'NONE',  ( 2.329132889970492400, 4.312785508681346700, 9.799999999999998900 ) ) ;
#564 = CARTESIAN_POINT ( 'NONE',  ( 2.902683653666203100, 3.590296354057289600, 9.800000000000000700 ) ) ;
#565 = CARTESIAN_POINT ( 'NONE',  ( 3.248646811094512800, 3.141648341597830500, 9.650000000000003900 ) ) ;
#566 = ADVANCED_FACE ( 'NONE', ( #3027 ), #4035, .T. ) ;
#567 = CARTESIAN_POINT ( 'NONE',  ( 1.320554748610673900, 3.188101183952073200, -0.1968750000000025800 ) ) ;
#568 = CARTESIAN_POINT ( 'NONE',  ( 2.785639048100273700, 4.518180286621154500, 9.649999999999993200 ) ) ;
#569 = CARTESIAN_POINT ( 'NONE',  ( -3.188101183952076800, -1.320554748610674300, 2.615625000000001400 ) ) ;
#570 = CARTESIAN_POINT ( 'NONE',  ( 3.188101183952076800, 1.320554748610671000, -9.259375000000002100 ) ) ;
#571 = CARTESIAN_POINT ( 'NONE',  ( -2.637652640129423800, 3.990504670239319700, 9.799999999999998900 ) ) ;
#572 = CARTESIAN_POINT ( 'NONE',  ( -3.999999999999995600, -2.004360920054317300E-015, -1.681250000000004400 ) ) ;
#573 = CARTESIAN_POINT ( 'NONE',  ( -3.227482788630745800, 1.703147732555531800, -9.071213102874139600 ) ) ;
#574 = CARTESIAN_POINT ( 'NONE',  ( -4.981444637114788700E-016, -4.067658234670655100, 3.514062499999999600 ) ) ;
#575 = CARTESIAN_POINT ( 'NONE',  ( -3.797709029646757300, -5.312945168894708000, 9.564462191985388300 ) ) ;
#576 = DIRECTION ( 'NONE',  ( 0.0000000000000000000, -1.000000000000000000, 1.319585349029264000E-016 ) ) ;
#577 = CARTESIAN_POINT ( 'NONE',  ( 2.254327966281374900, 2.254327966281370400, 3.318750000000000500 ) ) ;
#578 = CARTESIAN_POINT ( 'NONE',  ( 2.254327966281374000, -2.254327966281376700, -6.837500000000003000 ) ) ;
#579 = DIRECTION ( 'NONE',  ( 0.0000000000000000000, -1.000000000000000000, 0.0000000000000000000 ) ) ;
#580 = CARTESIAN_POINT ( 'NONE',  ( 0.0000000000000000000, 4.067658234670651600, -9.610937500000000400 ) ) ;
#581 = CARTESIAN_POINT ( 'NONE',  ( 0.0000000000000000000, 3.188101183952073600, 3.631249999999997400 ) ) ;
#582 = CARTESIAN_POINT ( 'NONE',  ( -0.5785679760661498500, 1.988109559420317800, 9.799999999999998900 ) ) ;
#583 = DIRECTION ( 'NONE',  ( 1.000000000000000000, 0.0000000000000000000, 0.0000000000000000000 ) ) ;
#584 = DIRECTION ( 'NONE',  ( -0.0000000000000000000, -0.0000000000000000000, -1.000000000000000000 ) ) ;
#585 = B_SPLINE_SURFACE_WITH_KNOTS ( 'NONE', 3, 1, ( 
 ( #5997, #5905 ),
 ( #5928, #3034 ),
 ( #4423, #6449 ),
 ( #3006, #3972 ),
 ( #5406, #4975 ),
 ( #3473, #510 ),
 ( #3406, #2960 ),
 ( #6421, #2005 ),
 ( #4399, #2518 ),
 ( #1022, #3996 ),
 ( #1462, #2489 ) ),
 .UNSPECIFIED., .F., .F., .F.,
 ( 4, 1, 1, 1, 1, 1, 1, 1, 4 ),
 ( 2, 2 ),
 ( 0.0000000000000000000, 0.1223550709664600900, 0.2445129853632978800, 0.3683784308937870200, 0.4953526096676662000, 0.6226247451450165300, 0.7476205305936950400, 0.8723766307107134700, 1.000000000000000000 ),
 ( 0.0000000000000000000, 1.000000000000000000 ),
 .UNSPECIFIED. ) ;
#586 = CARTESIAN_POINT ( 'NONE',  ( -3.188101183952076800, -1.320554748610673900, -0.9781250000000032400 ) ) ;
#587 = ORIENTED_EDGE ( 'NONE', *, *, #6295, .F. ) ;
#588 = DIRECTION ( 'NONE',  ( -1.155626614413199100E-016, 1.000000000000000000, 0.0000000000000000000 ) ) ;
#589 = ADVANCED_FACE ( 'NONE', ( #54 ), #3484, .T. ) ;
#590 = CARTESIAN_POINT ( 'NONE',  ( -1.320554748610672300, -3.188101183952080300, 6.521874999999999600 ) ) ;
#591 = CARTESIAN_POINT ( 'NONE',  ( 2.876268721284920300, 2.876268721284915400, 6.482812500000000500 ) ) ;
#592 = CARTESIAN_POINT ( 'NONE',  ( -3.103779198587663000, 3.694915124783235200, 9.649999999999998600 ) ) ;
#593 = FACE_OUTER_BOUND ( 'NONE', #6066, .T. ) ;
#594 = ADVANCED_FACE ( 'NONE', ( #4864 ), #5098, .T. ) ;
#595 = CARTESIAN_POINT ( 'NONE',  ( 3.250000000000001300, -5.629165124598848100, 4.548750000000000100 ) ) ;
#596 = CARTESIAN_POINT ( 'NONE',  ( -1.411565475993274800, 3.340890945996565400, 9.799999999999997200 ) ) ;
#597 = CARTESIAN_POINT ( 'NONE',  ( 2.427682023933850800, 3.221442892753651600, 9.799999999999998900 ) ) ;
#598 = CARTESIAN_POINT ( 'NONE',  ( 6.500000000000001800, -3.752776749732566600, 8.997274632750532000 ) ) ;
#599 = CARTESIAN_POINT ( 'NONE',  ( 1.957778889494056900, 2.671030871363926800, 9.799999999999998900 ) ) ;
#600 = CARTESIAN_POINT ( 'NONE',  ( -3.904297910284797800E-016, -3.188101183952079400, 1.600000000000000800 ) ) ;
#601 = CARTESIAN_POINT ( 'NONE',  ( 3.188101183952076800, 1.320554748610670800, -6.603125000000003000 ) ) ;
#602 = CARTESIAN_POINT ( 'NONE',  ( 1.674991333403553300, 4.185209728639621000, 9.800000000000000700 ) ) ;
#603 = CARTESIAN_POINT ( 'NONE',  ( 1.320554748610671000, -3.188101183952079900, -4.571874999999999500 ) ) ;
#604 = FACE_OUTER_BOUND ( 'NONE', #6138, .T. ) ;
#605 = CARTESIAN_POINT ( 'NONE',  ( 1.320554748610671000, -3.188101183952081200, 3.084374999999997000 ) ) ;
#606 = EDGE_LOOP ( 'NONE', ( #1183, #1225, #6277, #531, #5608, #2237, #1722 ) ) ;
#607 = CARTESIAN_POINT ( 'NONE',  ( 0.2547653572671834700, 3.303734559420318000, 9.799999999999998900 ) ) ;
#608 = CARTESIAN_POINT ( 'NONE',  ( 2.254327966281374000, -2.254327966281378400, 6.756250000000001400 ) ) ;
#609 = ORIENTED_EDGE ( 'NONE', *, *, #843, .T. ) ;
#610 = CARTESIAN_POINT ( 'NONE',  ( 0.0000000000000000000, 3.188101183952073600, 4.881249999999997000 ) ) ;
#611 = ORIENTED_EDGE ( 'NONE', *, *, #317, .T. ) ;
#612 = CARTESIAN_POINT ( 'NONE',  ( -3.999999999999995600, -1.525983264137382400E-015, -5.587499999999998600 ) ) ;
#613 = ORIENTED_EDGE ( 'NONE', *, *, #649, .F. ) ;
#614 = CARTESIAN_POINT ( 'NONE',  ( 3.188101183952076800, 1.320554748610669700, 5.740625000000000500 ) ) ;
#615 = CARTESIAN_POINT ( 'NONE',  ( 4.067658234670652500, -4.130262019974143300E-015, 7.576562500000001400 ) ) ;
#616 = ORIENTED_EDGE ( 'NONE', *, *, #512, .T. ) ;
#617 = B_SPLINE_SURFACE_WITH_KNOTS ( 'NONE', 3, 1, ( 
 ( #4491, #3446 ),
 ( #4440, #4996 ),
 ( #3516, #2029 ),
 ( #2560, #4415 ),
 ( #5504, #1482 ),
 ( #5993, #534 ),
 ( #4015, #1930 ),
 ( #947, #2982 ),
 ( #6172, #1863 ),
 ( #675, #4114 ),
 ( #3022, #1526 ),
 ( #5040, #1992 ),
 ( #9, #3537 ),
 ( #2530, #529 ),
 ( #2068, #4007 ),
 ( #29, #2553 ),
 ( #2506, #5989 ),
 ( #6033, #1039 ),
 ( #5573, #4533 ) ),
 .UNSPECIFIED., .F., .F., .F.,
 ( 4, 1, 1, 1, 1, 1, 1, 1, 1, 1, 1, 1, 1, 1, 1, 1, 4 ),
 ( 2, 2 ),
 ( 0.0000000000000000000, 0.06888775075671278700, 0.1350620990840966100, 0.1988160971671652200, 0.2603024555712333300, 0.3211511505910358300, 0.3810814870658223400, 0.4406650684421983800, 0.5012293205660759400, 0.5616525301592040200, 0.6208049606778793800, 0.6802725077058161500, 0.7404632870876719500, 0.8015385826321354000, 0.8649379009159033900, 0.9311122492432872800, 1.000000000000000000 ),
 ( 0.0000000000000000000, 1.000000000000000000 ),
 .UNSPECIFIED. ) ;
#618 = CARTESIAN_POINT ( 'NONE',  ( 1.727464574501605100, 2.314092258503500900, 9.800000000000002500 ) ) ;
#619 = CARTESIAN_POINT ( 'NONE',  ( -1.159297142732816700, 2.238630392753651500, 9.650000000000000400 ) ) ;
#620 = CARTESIAN_POINT ( 'NONE',  ( -1.389071983464443200, 3.716938681468900300, 9.650000000000007500 ) ) ;
#621 = ORIENTED_EDGE ( 'NONE', *, *, #378, .F. ) ;
#622 = B_SPLINE_CURVE_WITH_KNOTS ( 'NONE', 3,
 ( #178, #2139, #224, #5187, #2722, #4213, #3209, #3705, #2220, #4189, #5694 ),
 .UNSPECIFIED., .F., .F.,
 ( 4, 1, 1, 1, 1, 1, 1, 1, 4 ),
 ( 0.0000000000000000000, 0.1379032299933934700, 0.2688733426002938900, 0.3951781273461134100, 0.5170892381308879200, 0.6367430265135477500, 0.7562218164637973800, 0.8766283594636792300, 1.000000000000000000 ),
 .UNSPECIFIED. ) ;
#623 = CARTESIAN_POINT ( 'NONE',  ( -0.07856797606614988900, 3.304776226086984200, 9.799999999999998900 ) ) ;
#624 = DIRECTION ( 'NONE',  ( -0.0000000000000000000, -0.0000000000000000000, -1.000000000000000000 ) ) ;
#625 = CARTESIAN_POINT ( 'NONE',  ( -1.320554748610672300, -3.188101183952079900, 4.021875000000001400 ) ) ;
#626 = CARTESIAN_POINT ( 'NONE',  ( 1.990083817361948200, 2.547094054794749200, 9.649999999999996800 ) ) ;
#627 = CARTESIAN_POINT ( 'NONE',  ( 4.067658234670651600, -1.684879207899189900, -8.751562499999998600 ) ) ;
#628 = LOCAL_TIME ( 11, 43, 0.0000000000000000000, #5364 ) ;
#629 = ORIENTED_EDGE ( 'NONE', *, *, #4219, .T. ) ;
#630 = CARTESIAN_POINT ( 'NONE',  ( -3.904297910284797800E-016, -3.188101183952079400, 0.5062499999999979800 ) ) ;
#631 = ADVANCED_FACE ( 'NONE', ( #2097 ), #1777, .F. ) ;
#632 = CARTESIAN_POINT ( 'NONE',  ( 2.143633519861622500, 4.230619031743782600, 9.649999999999998600 ) ) ;
#633 =( BOUNDED_CURVE ( )  B_SPLINE_CURVE ( 2, ( #5119, #1674, #88, #4656, #612, #2677, #4592, #4119, #3130 ),
 .UNSPECIFIED., .F., .F. ) 
 B_SPLINE_CURVE_WITH_KNOTS ( ( 3, 2, 2, 2, 3 ),
 ( 0.1875000000000000000, 0.1953125000000000300, 0.2031250000000000600, 0.2109375000000000800, 0.2187500000000001100 ),
 .UNSPECIFIED. ) 
 CURVE ( )  GEOMETRIC_REPRESENTATION_ITEM ( )  RATIONAL_B_SPLINE_CURVE ( ( 1.000000000000000000, 0.9238795325112867400, 1.000000000000000000, 0.9238795325112867400, 1.000000000000000000, 0.9238795325112867400, 1.000000000000000000, 0.9238795325112856300, 1.000000000000001100 ) ) 
 REPRESENTATION_ITEM ( '' )  );
#634 = DIRECTION ( 'NONE',  ( -0.0000000000000000000, -1.319585349029264000E-016, -1.000000000000000000 ) ) ;
#635 = CARTESIAN_POINT ( 'NONE',  ( 3.188101183952076800, 1.320554748610669500, 8.240625000000001400 ) ) ;
#636 = CYLINDRICAL_SURFACE ( 'NONE', #2716, 3.999999999999997300 ) ;
#637 = CARTESIAN_POINT ( 'NONE',  ( -3.188101183952076800, -1.320554748610674800, 6.521874999999996100 ) ) ;
#638 = CARTESIAN_POINT ( 'NONE',  ( -2.828427124746187600, -2.828427124746188500, -6.525000000000003900 ) ) ;
#639 = LINE ( 'NONE', #1491, #1123 ) ;
#640 = CARTESIAN_POINT ( 'NONE',  ( -3.904297910284797800E-016, -3.188101183952080300, 7.849999999999999600 ) ) ;
#641 = CARTESIAN_POINT ( 'NONE',  ( -2.876268721284919400, 2.876268721284916300, 8.045312500000001400 ) ) ;
#642 = CARTESIAN_POINT ( 'NONE',  ( -0.7741543517424751600, 2.335615223040362800, 9.800000000000000700 ) ) ;
#643 = CARTESIAN_POINT ( 'NONE',  ( 4.346849175270742500, 4.995898957995874100, 9.511546742659389200 ) ) ;
#644 = DIRECTION ( 'NONE',  ( -0.0000000000000000000, -1.319585349029264000E-016, -1.000000000000000000 ) ) ;
#645 = CARTESIAN_POINT ( 'NONE',  ( 0.0000000000000000000, 3.999999999999994200, -5.899999999999998600 ) ) ;
#646 = CARTESIAN_POINT ( 'NONE',  ( -0.1572192550671250900, 2.610674624756805300, 9.800000000000000700 ) ) ;
#647 = CARTESIAN_POINT ( 'NONE',  ( 3.174779176261427700, 2.664819354788560400, 9.799999999999998900 ) ) ;
#648 = CARTESIAN_POINT ( 'NONE',  ( 2.586453931464474100, 2.207839996769511300, -9.316353597180047100 ) ) ;
#649 = EDGE_CURVE ( 'NONE', #266, #4186, #4720, .T. ) ;
#650 = CARTESIAN_POINT ( 'NONE',  ( 1.674991333403553300, 4.185209728639621000, 9.650000000000002100 ) ) ;
#651 = CARTESIAN_POINT ( 'NONE',  ( 1.684879207899185400, -4.067658234670655100, -5.157812499999999500 ) ) ;
#652 = CARTESIAN_POINT ( 'NONE',  ( 1.320554748610671000, -3.188101183952080300, 0.5843749999999980900 ) ) ;
#653 = CARTESIAN_POINT ( 'NONE',  ( 2.329132889970492400, 4.312785508681346700, 9.799999999999998900 ) ) ;
#654 = EDGE_CURVE ( 'NONE', #152, #3168, #1724, .T. ) ;
#655 = CARTESIAN_POINT ( 'NONE',  ( 2.254327966281374000, -2.254327966281376700, -5.587500000000003000 ) ) ;
#656 = CARTESIAN_POINT ( 'NONE',  ( -3.904297910284797800E-016, -3.188101183952080300, 7.849999999999999600 ) ) ;
#657 = CARTESIAN_POINT ( 'NONE',  ( 2.704805783920760200, 2.426465812763594100, 9.799999999999998900 ) ) ;
#658 = CARTESIAN_POINT ( 'NONE',  ( 2.254327966281374900, 2.254327966281370000, 8.474999999999996100 ) ) ;
#659 = AXIS2_PLACEMENT_3D ( 'NONE', #154, #1200, #3085 ) ;
#660 = CARTESIAN_POINT ( 'NONE',  ( -4.067658234670652500, 1.684879207899183400, 5.623437500000001400 ) ) ;
#661 = CARTESIAN_POINT ( 'NONE',  ( 3.315229173226583700, 0.2094057517945949500, 4.350000000000011200 ) ) ;
#662 = B_SPLINE_SURFACE_WITH_KNOTS ( 'NONE', 3, 1, ( 
 ( #6101, #3623 ),
 ( #1187, #5674 ),
 ( #2182, #4172 ),
 ( #1210, #4668 ),
 ( #1698, #713 ),
 ( #5172, #2203 ),
 ( #3196, #3691 ),
 ( #2763, #259 ),
 ( #2282, #5251 ),
 ( #750, #247 ),
 ( #3227, #3212 ),
 ( #4216, #6237 ),
 ( #3728, #6223 ),
 ( #733, #4726 ),
 ( #3243, #1273 ),
 ( #5215, #3743 ),
 ( #2263, #1754 ),
 ( #6183, #5235 ),
 ( #2747, #5727 ),
 ( #769, #4232 ),
 ( #4247, #1250 ),
 ( #226, #4707 ),
 ( #2777, #4746 ),
 ( #5748, #1286 ),
 ( #1772, #2725 ),
 ( #3708, #1742 ),
 ( #6203, #2241 ) ),
 .UNSPECIFIED., .F., .F., .F.,
 ( 4, 1, 1, 1, 1, 1, 1, 1, 1, 1, 1, 1, 1, 1, 1, 1, 1, 1, 1, 1, 1, 1, 1, 1, 4 ),
 ( 2, 2 ),
 ( 0.0000000000000000000, 0.06287394621143259400, 0.1228366299919132600, 0.1796565674430316600, 0.2339600122308624400, 0.2855950186955589800, 0.3345131060783809700, 0.3809048259061765300, 0.4248945919393349300, 0.4665290347654876800, 0.5064882940692466700, 0.5450315536447545300, 0.5818311798231347000, 0.6174482799494432900, 0.6520669127690463800, 0.6858797142465107300, 0.7191745547913925800, 0.7521816462063929400, 0.7852401639180913700, 0.8186564497770835200, 0.8525477406533114000, 0.8876263422585194400, 0.9236350780687513400, 0.9610218444769893500, 1.000000000000000000 ),
 ( 0.0000000000000000000, 1.000000000000000000 ),
 .UNSPECIFIED. ) ;
#663 = CARTESIAN_POINT ( 'NONE',  ( 6.375000000000000900, 4.611760796948012000E-015, 9.649999999999998600 ) ) ;
#664 = PLANE ( 'NONE',  #3393 ) ;
#665 = PERSON ( 'UNSPECIFIED', 'UNSPECIFIED', 'UNSPECIFIED', ('UNSPECIFIED'), ('UNSPECIFIED'), ('UNSPECIFIED') ) ;
#666 = CARTESIAN_POINT ( 'NONE',  ( 1.640226600524324500, 3.418536307938517800, 9.649999999999996800 ) ) ;
#667 = ORIENTED_EDGE ( 'NONE', *, *, #2209, .F. ) ;
#668 = CARTESIAN_POINT ( 'NONE',  ( -1.222392923390553900, 2.329646982006752700, 9.799999999999998900 ) ) ;
#669 = CARTESIAN_POINT ( 'NONE',  ( 1.714613870479970000, 4.256622324088568600, 9.800000000000000700 ) ) ;
#670 = CARTESIAN_POINT ( 'NONE',  ( -4.067658234670652500, 1.684879207899185000, -5.626562500000000400 ) ) ;
#671 = CARTESIAN_POINT ( 'NONE',  ( -3.188101183952076800, -1.320554748610674800, 6.521874999999996100 ) ) ;
#672 = VERTEX_POINT ( 'NONE', #2345 ) ;
#673 = EDGE_CURVE ( 'NONE', #4627, #2254, #422, .T. ) ;
#674 = CARTESIAN_POINT ( 'NONE',  ( -4.898587196589407900E-016, -3.999999999999997300, -1.524999999999998100 ) ) ;
#675 = CARTESIAN_POINT ( 'NONE',  ( 2.058320449671896300, 3.365176010619439900, 9.799999999999998900 ) ) ;
#676 = EDGE_CURVE ( 'NONE', #3478, #36, #1496, .T. ) ;
#677 = CIRCLE ( 'NONE', #938, 3.062499999999990200 ) ;
#678 = CARTESIAN_POINT ( 'NONE',  ( -1.712904166305994500, 4.135316469341310300, -10.74375000000000200 ) ) ;
#679 = B_SPLINE_SURFACE_WITH_KNOTS ( 'NONE', 3, 1, ( 
 ( #5045, #5558 ),
 ( #13, #2585 ),
 ( #3493, #3992 ),
 ( #6038, #5071 ),
 ( #4994, #5502 ),
 ( #2607, #6060 ),
 ( #602, #650 ),
 ( #669, #5656 ),
 ( #1161, #117 ),
 ( #1141, #1665 ),
 ( #164, #5132 ),
 ( #200, #2663 ),
 ( #2705, #3606 ),
 ( #2641, #142 ),
 ( #3646, #6165 ),
 ( #6119, #2160 ),
 ( #3158, #2685 ),
 ( #2142, #3118 ),
 ( #4690, #1720 ) ),
 .UNSPECIFIED., .F., .F., .F.,
 ( 4, 1, 1, 1, 1, 1, 1, 1, 1, 1, 1, 1, 1, 1, 1, 1, 4 ),
 ( 2, 2 ),
 ( 0.0000000000000000000, 0.07197949808305312300, 0.1408043816190198700, 0.2069952920559588200, 0.2707438089998512300, 0.3332765670960939300, 0.3946547594567693100, 0.4562666098683771400, 0.5179076052598550200, 0.5794090866868772900, 0.6390959947991797800, 0.6979966394326226900, 0.7563270753121579300, 0.8150777118623459000, 0.8748887840387807900, 0.9363127620445506100, 1.000000000000000000 ),
 ( 0.0000000000000000000, 1.000000000000000000 ),
 .UNSPECIFIED. ) ;
#680 = CARTESIAN_POINT ( 'NONE',  ( 2.539033032933443400, 4.312815453349194300, 9.649999999999995000 ) ) ;
#681 = CARTESIAN_POINT ( 'NONE',  ( -1.320554748610672300, -3.188101183952080300, 6.678124999999997000 ) ) ;
#682 = FACE_OUTER_BOUND ( 'NONE', #5050, .T. ) ;
#683 = CARTESIAN_POINT ( 'NONE',  ( 1.684879207899189200, 4.067658234670648900, 7.810937500000000500 ) ) ;
#684 = CARTESIAN_POINT ( 'NONE',  ( 3.005271424741550800, 1.764564632174315600, 4.350000000000003200 ) ) ;
#685 = ORIENTED_EDGE ( 'NONE', *, *, #4113, .F. ) ;
#686 = CARTESIAN_POINT ( 'NONE',  ( -3.999999999999995600, -2.310522619841156400E-015, 0.8187499999999959800 ) ) ;
#687 = CARTESIAN_POINT ( 'NONE',  ( -1.378568599089655900, 2.816683110435935300, 9.799999999999998900 ) ) ;
#688 = CARTESIAN_POINT ( 'NONE',  ( 2.671236028357896400, 3.014143596557453500, 9.799999999999997200 ) ) ;
#689 = CARTESIAN_POINT ( 'NONE',  ( 1.588574541610985500, 3.727831858516297700, 9.649999999999998600 ) ) ;
#690 = CARTESIAN_POINT ( 'NONE',  ( 3.254765357267184200, 3.374047059420318000, 9.799999999999998900 ) ) ;
#691 = ORIENTED_EDGE ( 'NONE', *, *, #967, .F. ) ;
#692 = CARTESIAN_POINT ( 'NONE',  ( 3.232691532959326000, -0.6032737417750516600, -9.428634945269786600 ) ) ;
#693 = DIRECTION ( 'NONE',  ( 0.0000000000000000000, 1.000000000000000000, 0.0000000000000000000 ) ) ;
#694 = CARTESIAN_POINT ( 'NONE',  ( 0.0000000000000000000, 4.067658234670650700, -2.110937499999999900 ) ) ;
#695 = CARTESIAN_POINT ( 'NONE',  ( -2.254327966281374000, 2.254327966281373100, -10.11874999999999900 ) ) ;
#696 = AXIS2_PLACEMENT_3D ( 'NONE', #2812, #1340, #4790 ) ;
#697 = ORIENTED_EDGE ( 'NONE', *, *, #5766, .F. ) ;
#698 = CARTESIAN_POINT ( 'NONE',  ( 2.381820764895425000, 4.319800649193525500, 9.799999999999998900 ) ) ;
#699 = CARTESIAN_POINT ( 'NONE',  ( -3.188101183952076800, 1.320554748610670300, -7.384375000000002100 ) ) ;
#700 = CARTESIAN_POINT ( 'NONE',  ( 3.188101183952076800, 1.320554748610669500, 6.990625000000001400 ) ) ;
#701 = ORIENTED_EDGE ( 'NONE', *, *, #3081, .T. ) ;
#702 = CARTESIAN_POINT ( 'NONE',  ( 1.656854249492387000, 3.999999999999988000, -8.478125000000000400 ) ) ;
#703 = ORIENTED_EDGE ( 'NONE', *, *, #6100, .T. ) ;
#704 = CARTESIAN_POINT ( 'NONE',  ( -3.188101183952076800, -2.742939208889935100E-015, 3.943749999999997400 ) ) ;
#705 = CARTESIAN_POINT ( 'NONE',  ( -2.254327966281374000, 2.254327966281372200, -3.868749999999999000 ) ) ;
#706 = ORIENTED_EDGE ( 'NONE', *, *, #756, .T. ) ;
#707 = CARTESIAN_POINT ( 'NONE',  ( -1.320554748610672300, -3.188101183952078100, -9.571875000000002100 ) ) ;
#708 = FACE_OUTER_BOUND ( 'NONE', #1266, .T. ) ;
#709 = DIRECTION ( 'NONE',  ( 1.000000000000000000, 0.0000000000000000000, 0.0000000000000000000 ) ) ;
#710 = CARTESIAN_POINT ( 'NONE',  ( 2.423489430912899600, 2.290509352896193700, 9.800000000000000700 ) ) ;
#711 = CARTESIAN_POINT ( 'NONE',  ( 2.475801574295241300, 1.996534050378102600, 9.799999999999998900 ) ) ;
#712 = CARTESIAN_POINT ( 'NONE',  ( 1.929382328940333100, 3.862976378802545100, 9.649999999999995000 ) ) ;
#713 = CARTESIAN_POINT ( 'NONE',  ( 0.2422319996068687300, 2.988516437031432500, 9.649999999999991500 ) ) ;
#714 = CARTESIAN_POINT ( 'NONE',  ( 0.0000000000000000000, 4.067658234670650700, -3.360937499999999500 ) ) ;
#715 = CARTESIAN_POINT ( 'NONE',  ( 3.188101183952076800, -3.906500915680442700E-015, 7.068749999999998800 ) ) ;
#716 = FACE_OUTER_BOUND ( 'NONE', #3415, .T. ) ;
#717 = CARTESIAN_POINT ( 'NONE',  ( 2.231579551414150800, 4.281536651754866100, 9.650000000000000400 ) ) ;
#718 = CARTESIAN_POINT ( 'NONE',  ( -3.188101183952076800, 1.320554748610670800, -9.884375000000005700 ) ) ;
#719 = CARTESIAN_POINT ( 'NONE',  ( 2.828427124746188100, 2.828427124746184100, 0.3499999999999955900 ) ) ;
#720 = CARTESIAN_POINT ( 'NONE',  ( -4.135316469341310300, -1.374184223309763200E-015, -6.759375000000001200 ) ) ;
#721 = DIRECTION ( 'NONE',  ( -0.0000000000000000000, -0.0000000000000000000, -1.000000000000000000 ) ) ;
#722 = CARTESIAN_POINT ( 'NONE',  ( 0.0000000000000000000, 3.999999999999993300, 3.006249999999996100 ) ) ;
#723 = CARTESIAN_POINT ( 'NONE',  ( -1.067090363406040700, 6.889468590903005600, 9.320531158726474500 ) ) ;
#724 = CARTESIAN_POINT ( 'NONE',  ( -3.188101183952076800, -1.346076453612483800E-015, -7.462499999999999500 ) ) ;
#725 = CARTESIAN_POINT ( 'NONE',  ( -2.254327966281374000, 2.254327966281373100, -8.712500000000003900 ) ) ;
#726 = CARTESIAN_POINT ( 'NONE',  ( -4.336808689942017700E-016, 7.439813942204520500E-016, 4.548750000000001000 ) ) ;
#727 = CARTESIAN_POINT ( 'NONE',  ( 0.1325787255564358200, 4.120938396479945500, 9.799999999999997200 ) ) ;
#728 = AXIS2_PLACEMENT_3D ( 'NONE', #5340, #3352, #1434 ) ;
#729 = CARTESIAN_POINT ( 'NONE',  ( -1.078567976066150200, 3.304776226086985100, 9.649999999999998600 ) ) ;
#730 = CARTESIAN_POINT ( 'NONE',  ( 1.656854249492395700, -3.999999999999980900, 2.303125000000002800 ) ) ;
#731 = CARTESIAN_POINT ( 'NONE',  ( 2.231579551414150800, 4.281536651754866100, 9.650000000000000400 ) ) ;
#732 = EDGE_CURVE ( 'NONE', #5894, #3111, #3387, .T. ) ;
#733 = CARTESIAN_POINT ( 'NONE',  ( 0.04791388975983749300, 2.311748927713117600, 9.800000000000002500 ) ) ;
#734 = CARTESIAN_POINT ( 'NONE',  ( 1.684879207899185400, -4.067658234670654200, -6.407812499999999500 ) ) ;
#735 = CARTESIAN_POINT ( 'NONE',  ( 0.0000000000000000000, 3.188101183952073600, 4.881249999999997000 ) ) ;
#736 = CARTESIAN_POINT ( 'NONE',  ( 0.2468249217244017100, 3.567860004842439400, 9.649999999999996800 ) ) ;
#737 = EDGE_CURVE ( 'NONE', #1847, #4421, #353, .T. ) ;
#738 = CARTESIAN_POINT ( 'NONE',  ( -2.254327966281374400, -2.254327966281376200, -4.650000000000002100 ) ) ;
#739 = CARTESIAN_POINT ( 'NONE',  ( -4.336808689942017700E-016, 7.439813942204520500E-016, 4.548750000000001000 ) ) ;
#740 = CARTESIAN_POINT ( 'NONE',  ( 1.712904166305997200, 4.135316469341308500, -4.650000000000002100 ) ) ;
#741 = CARTESIAN_POINT ( 'NONE',  ( -1.203871493167704400, 4.299266095098021300, 9.800000000000000700 ) ) ;
#742 = ORIENTED_EDGE ( 'NONE', *, *, #4447, .T. ) ;
#743 = AXIS2_PLACEMENT_3D ( 'NONE', #5649, #196, #5615 ) ;
#744 = CARTESIAN_POINT ( 'NONE',  ( -1.320554748610671700, 3.188101183952075400, -7.696874999999998600 ) ) ;
#745 = CARTESIAN_POINT ( 'NONE',  ( -2.876268721284919400, 2.876268721284916300, 9.295312499999999600 ) ) ;
#746 = ORIENTED_EDGE ( 'NONE', *, *, #4322, .F. ) ;
#747 = CARTESIAN_POINT ( 'NONE',  ( -2.392086877445720500, -2.698105645913933900, 4.350000000000021000 ) ) ;
#748 = CARTESIAN_POINT ( 'NONE',  ( -0.001522784427191202000, 4.372044355548224500, 9.800000000000000700 ) ) ;
#749 = CARTESIAN_POINT ( 'NONE',  ( 3.018802304560140200, 4.322349774308224600, 9.649999999999998600 ) ) ;
#750 = CARTESIAN_POINT ( 'NONE',  ( 0.1631352816540275500, 2.563696310307577200, 9.800000000000002500 ) ) ;
#751 = CARTESIAN_POINT ( 'NONE',  ( 1.684879207899189200, 4.067658234670649800, -0.9390624999999989100 ) ) ;
#752 = CARTESIAN_POINT ( 'NONE',  ( 2.254327966281374000, -2.254327966281378000, 5.662499999999997000 ) ) ;
#753 = CARTESIAN_POINT ( 'NONE',  ( 1.922439812444268800, 3.802866881684902700, 9.650000000000000400 ) ) ;
#754 = CARTESIAN_POINT ( 'NONE',  ( -3.188101183952076800, -1.320554748610673900, -0.9781250000000032400 ) ) ;
#755 = CARTESIAN_POINT ( 'NONE',  ( -3.801835597702858400, 1.243401016582867300, 4.350000000000002300 ) ) ;
#756 = EDGE_CURVE ( 'NONE', #3792, #4967, #4981, .T. ) ;
#757 = CARTESIAN_POINT ( 'NONE',  ( -1.712904166305994700, -4.135316469341312000, -4.025000000000002100 ) ) ;
#758 = CYLINDRICAL_SURFACE ( 'NONE', #2127, 3.999999999999997300 ) ;
#759 = EDGE_LOOP ( 'NONE', ( #4741, #3029 ) ) ;
#760 = CARTESIAN_POINT ( 'NONE',  ( -2.597761338891066500, 4.028974922374683100, 9.799999999999997200 ) ) ;
#761 = EDGE_LOOP ( 'NONE', ( #5750, #4743, #4257, #6357 ) ) ;
#762 = CARTESIAN_POINT ( 'NONE',  ( -2.254327966281374400, -2.254327966281375800, -7.306249999999999500 ) ) ;
#763 = ORIENTED_EDGE ( 'NONE', *, *, #4903, .F. ) ;
#764 = CARTESIAN_POINT ( 'NONE',  ( 2.254327966281374900, 2.254327966281372200, -9.025000000000002100 ) ) ;
#765 = VERTEX_POINT ( 'NONE', #5106 ) ;
#766 = CARTESIAN_POINT ( 'NONE',  ( -1.782382175752751800, -3.056316434730164600, 4.350000000000002300 ) ) ;
#767 = VERTEX_POINT ( 'NONE', #2140 ) ;
#768 = EDGE_CURVE ( 'NONE', #5206, #3643, #21, .T. ) ;
#769 = CARTESIAN_POINT ( 'NONE',  ( -0.2116504854246321300, 2.067867589368456800, 9.799999999999995400 ) ) ;
#770 = CARTESIAN_POINT ( 'NONE',  ( 2.876268721284920300, 2.876268721284916300, 1.482812499999999600 ) ) ;
#771 = ORIENTED_EDGE ( 'NONE', *, *, #3673, .F. ) ;
#772 = CARTESIAN_POINT ( 'NONE',  ( 3.188101183952076800, -2.050395610722733800E-015, -8.087499999999998600 ) ) ;
#773 = CARTESIAN_POINT ( 'NONE',  ( -0.07888363690325324300, 3.353743410433222700, 9.649999999999995000 ) ) ;
#774 = CARTESIAN_POINT ( 'NONE',  ( 1.921772960161527400, 3.761740223401365900, 9.799999999999998900 ) ) ;
#775 = EDGE_LOOP ( 'NONE', ( #5964, #6035, #4733, #6399 ) ) ;
#776 = CARTESIAN_POINT ( 'NONE',  ( -2.254327966281374000, 2.254327966281372200, -2.462500000000003000 ) ) ;
#777 = CARTESIAN_POINT ( 'NONE',  ( -1.021734098392484500, 3.915955741257297200, 9.800000000000000700 ) ) ;
#778 = CARTESIAN_POINT ( 'NONE',  ( 2.924110317823652900, 2.924110317823649800, -7.228125000000002100 ) ) ;
#779 = ORIENTED_EDGE ( 'NONE', *, *, #4448, .T. ) ;
#780 = CARTESIAN_POINT ( 'NONE',  ( -3.178567976066149800, 3.664151226086984600, 9.799999999999998900 ) ) ;
#781 = CARTESIAN_POINT ( 'NONE',  ( -2.979900066128333200, 5.785107394127760600, 9.578032128422160300 ) ) ;
#782 = CARTESIAN_POINT ( 'NONE',  ( -0.2584484287849562200, 2.437131396284211200, 9.649999999999998600 ) ) ;
#783 = CARTESIAN_POINT ( 'NONE',  ( -3.188101183952076800, 1.320554748610670100, -5.040624999999999500 ) ) ;
#784 = FACE_OUTER_BOUND ( 'NONE', #6355, .T. ) ;
#785 = CARTESIAN_POINT ( 'NONE',  ( -0.8944147621358519200, 4.184999422453138600, 9.649999999999998600 ) ) ;
#786 = EDGE_CURVE ( 'NONE', #3737, #4651, #519, .T. ) ;
#787 = LINE ( 'NONE', #6287, #5233 ) ;
#788 = EDGE_CURVE ( 'NONE', #3716, #2031, #5413, .T. ) ;
#789 = CARTESIAN_POINT ( 'NONE',  ( -1.684879207899186500, -4.067658234670654200, -0.3140625000000000800 ) ) ;
#790 = CARTESIAN_POINT ( 'NONE',  ( -2.254327966281374000, 2.254327966281372700, -5.118749999999999500 ) ) ;
#791 = DIRECTION ( 'NONE',  ( -0.0000000000000000000, -1.319585349029264000E-016, -1.000000000000000000 ) ) ;
#792 = CARTESIAN_POINT ( 'NONE',  ( 0.2330472551351658300, 3.720396224466324200, 9.649999999999993200 ) ) ;
#793 = CARTESIAN_POINT ( 'NONE',  ( 1.320554748610673900, 3.188101183952074100, -5.196875000000004800 ) ) ;
#794 = CARTESIAN_POINT ( 'NONE',  ( 2.913020251253424700, 3.004086874846649800, 9.649999999999996800 ) ) ;
#795 = CARTESIAN_POINT ( 'NONE',  ( -2.828427124746187600, -2.828427124746189400, 0.8187500000000023100 ) ) ;
#796 = CARTESIAN_POINT ( 'NONE',  ( -2.924110317823652000, 2.924110317823650300, -4.415625000000001200 ) ) ;
#797 = CARTESIAN_POINT ( 'NONE',  ( -1.058428551983686000, 3.705779808570265100, 9.650000000000000400 ) ) ;
#798 = CARTESIAN_POINT ( 'NONE',  ( 2.362766089130650600, 1.988689247012843900, 9.649999999999998600 ) ) ;
#799 = CARTESIAN_POINT ( 'NONE',  ( -4.898587196589407900E-016, -3.999999999999998200, -0.1187500000000030800 ) ) ;
#800 = CARTESIAN_POINT ( 'NONE',  ( -0.4769520990027117900, 2.298752005315744200, 9.800000000000000700 ) ) ;
#801 = CARTESIAN_POINT ( 'NONE',  ( 2.254327966281374000, -2.254327966281377100, -3.243749999999999000 ) ) ;
#802 = CARTESIAN_POINT ( 'NONE',  ( 1.898134522565445800, 2.121265293969508000, 9.650000000000000400 ) ) ;
#803 = DIRECTION ( 'NONE',  ( 0.0000000000000000000, 1.000000000000000000, 1.224646799147355200E-016 ) ) ;
#804 = CARTESIAN_POINT ( 'NONE',  ( 2.876268721284919400, -2.876268721284922500, -1.329687499999999200 ) ) ;
#805 = CARTESIAN_POINT ( 'NONE',  ( -3.188101183952076800, 1.320554748610670600, -8.790625000000000400 ) ) ;
#806 = CARTESIAN_POINT ( 'NONE',  ( -0.1829188428202917200, 4.060861333203833500, 9.649999999999996800 ) ) ;
#807 = CARTESIAN_POINT ( 'NONE',  ( 2.318375235555327300, 3.229328934589326600, 9.650000000000002100 ) ) ;
#808 = AXIS2_PLACEMENT_3D ( 'NONE', #1715, #242, #3242 ) ;
#809 = CARTESIAN_POINT ( 'NONE',  ( -1.320554748610671700, 3.188101183952074500, -2.540625000000002600 ) ) ;
#810 = CARTESIAN_POINT ( 'NONE',  ( -3.054819253910172200, 4.035173732414403200, 9.799999999999995400 ) ) ;
#811 = CARTESIAN_POINT ( 'NONE',  ( -0.9280471427328166300, 4.143317892753651100, 9.649999999999998600 ) ) ;
#812 = VERTEX_POINT ( 'NONE', #4603 ) ;
#813 = CARTESIAN_POINT ( 'NONE',  ( 4.135316469341310300, 1.712904166305993000, -1.056250000000001700 ) ) ;
#814 = CARTESIAN_POINT ( 'NONE',  ( 0.0000000000000000000, 3.999999999999994200, -2.149999999999998600 ) ) ;
#815 = CARTESIAN_POINT ( 'NONE',  ( 0.0000000000000000000, -2.546799723626479500E-015, -9.649999999999998600 ) ) ;
#816 = CARTESIAN_POINT ( 'NONE',  ( -0.5785679760661498500, 2.288109559420317600, 9.799999999999998900 ) ) ;
#817 =( BOUNDED_CURVE ( )  B_SPLINE_CURVE ( 2, ( #2898, #4323, #3341, #907, #864, #5390, #3411, #3863, #2879 ),
 .UNSPECIFIED., .F., .T. ) 
 B_SPLINE_CURVE_WITH_KNOTS ( ( 3, 2, 2, 2, 3 ),
 ( 0.4687500000000000600, 0.4765625000000000600, 0.4843750000000000000, 0.4921875000000000000, 0.5000000000000000000 ),
 .UNSPECIFIED. ) 
 CURVE ( )  GEOMETRIC_REPRESENTATION_ITEM ( )  RATIONAL_B_SPLINE_CURVE ( ( 0.9999999999999994400, 0.9238795325112872900, 1.000000000000000000, 0.9238795325112867400, 1.000000000000000000, 0.9238795325112867400, 1.000000000000000000, 0.9238795325112867400, 1.000000000000000000 ) ) 
 REPRESENTATION_ITEM ( '' )  );
#818 = CARTESIAN_POINT ( 'NONE',  ( 3.188101183952076800, 1.320554748610670300, -1.759374999999998800 ) ) ;
#819 = CARTESIAN_POINT ( 'NONE',  ( 1.590205558038969600, 3.851915267005087800, 9.650000000000000400 ) ) ;
#820 = DIRECTION ( 'NONE',  ( 0.0000000000000000000, 0.0000000000000000000, -1.000000000000000000 ) ) ;
#821 = CARTESIAN_POINT ( 'NONE',  ( 2.876268721284919400, -2.876268721284922900, -0.07968749999999989700 ) ) ;
#822 = CARTESIAN_POINT ( 'NONE',  ( 1.320554748610671000, -3.188101183952079400, -8.321874999999998600 ) ) ;
#823 = CARTESIAN_POINT ( 'NONE',  ( 0.2545239108972438000, 3.334985785026055400, 9.650000000000000400 ) ) ;
#824 = VERTEX_POINT ( 'NONE', #3101 ) ;
#825 = CARTESIAN_POINT ( 'NONE',  ( 1.616769473675583300, 3.497076414059913300, 9.800000000000002500 ) ) ;
#826 = CARTESIAN_POINT ( 'NONE',  ( 2.254327966281374000, -2.254327966281377500, -0.7437499999999995800 ) ) ;
#827 = CARTESIAN_POINT ( 'NONE',  ( -2.643203687115046400, 4.359804176162265700, 9.649999999999998600 ) ) ;
#828 = CARTESIAN_POINT ( 'NONE',  ( -0.5994339143659093100, 4.320990932970930000, 9.800000000000000700 ) ) ;
#829 = CARTESIAN_POINT ( 'NONE',  ( 2.924110317823652000, -2.924110317823655200, -2.540625000000001200 ) ) ;
#830 = VERTEX_POINT ( 'NONE', #4092 ) ;
#831 = CARTESIAN_POINT ( 'NONE',  ( -2.254327966281374400, -2.254327966281376700, 0.3499999999999978700 ) ) ;
#832 = CARTESIAN_POINT ( 'NONE',  ( -2.459817976066150300, 4.621442892753650600, 9.799999999999998900 ) ) ;
#833 = CARTESIAN_POINT ( 'NONE',  ( -0.1547757720728699700, 3.990511593891772800, 9.650000000000000400 ) ) ;
#834 = ORIENTED_EDGE ( 'NONE', *, *, #3124, .F. ) ;
#835 = CARTESIAN_POINT ( 'NONE',  ( 0.0000000000000000000, 4.611760796948012000E-015, 9.649999999999998600 ) ) ;
#836 = CARTESIAN_POINT ( 'NONE',  ( -0.3831342222854398600, 2.336180345763926500, 9.649999999999996800 ) ) ;
#837 = CARTESIAN_POINT ( 'NONE',  ( -3.904297910284797800E-016, -3.188101183952079000, -2.149999999999999000 ) ) ;
#838 = ORIENTED_EDGE ( 'NONE', *, *, #6182, .F. ) ;
#839 = CARTESIAN_POINT ( 'NONE',  ( 1.814158609918517600, 4.384854030500344300, 9.650000000000000400 ) ) ;
#840 = VERTEX_POINT ( 'NONE', #3080 ) ;
#841 = EDGE_CURVE ( 'NONE', #3643, #2124, #2036, .T. ) ;
#842 = ORIENTED_EDGE ( 'NONE', *, *, #1347, .F. ) ;
#843 = EDGE_CURVE ( 'NONE', #1847, #4787, #1242, .T. ) ;
#844 = DIRECTION ( 'NONE',  ( 0.0000000000000000000, 0.0000000000000000000, 1.000000000000000000 ) ) ;
#845 = CARTESIAN_POINT ( 'NONE',  ( -3.188101183952076800, -1.320554748610673200, -7.384374999999999500 ) ) ;
#846 = CARTESIAN_POINT ( 'NONE',  ( -0.08632371404548083700, 3.581688149147300500, 9.799999999999998900 ) ) ;
#847 = CARTESIAN_POINT ( 'NONE',  ( -1.341694925161053500, 3.972365910887182100, 9.649999999999998600 ) ) ;
#848 = LINE ( 'NONE', #3641, #5295 ) ;
#849 = CARTESIAN_POINT ( 'NONE',  ( 1.998468365904986700, 3.443068799530058400, 9.650000000000002100 ) ) ;
#850 = CARTESIAN_POINT ( 'NONE',  ( -3.904297910284797800E-016, -3.188101183952079000, -3.399999999999999500 ) ) ;
#851 = CARTESIAN_POINT ( 'NONE',  ( -2.938835810518957800, 4.108196136593686100, 9.800000000000000700 ) ) ;
#852 = CARTESIAN_POINT ( 'NONE',  ( 3.999999999999995600, -2.276079428615134800E-015, -7.462499999999998600 ) ) ;
#853 = CARTESIAN_POINT ( 'NONE',  ( -4.135316469341311100, -1.712904166305997000, 0.8187499999999983100 ) ) ;
#854 = CARTESIAN_POINT ( 'NONE',  ( -2.254327966281374400, -2.254327966281376200, -3.400000000000003000 ) ) ;
#855 = CARTESIAN_POINT ( 'NONE',  ( 2.921057126409028800, 3.786563599227958000, 9.800000000000000700 ) ) ;
#856 = FACE_OUTER_BOUND ( 'NONE', #1705, .T. ) ;
#857 = CARTESIAN_POINT ( 'NONE',  ( -1.411901309399483700, 3.303734559420318000, 9.799999999999998900 ) ) ;
#858 = CARTESIAN_POINT ( 'NONE',  ( 3.999999999999995600, 1.656854249492377300, 1.365625000000001000 ) ) ;
#859 = CARTESIAN_POINT ( 'NONE',  ( 0.8249451090095625300, -3.083988030645394000, -9.524398816047915200 ) ) ;
#860 = CARTESIAN_POINT ( 'NONE',  ( 1.320554748610673900, 3.188101183952073200, -0.3531249999999993000 ) ) ;
#861 = LINE ( 'NONE', #5838, #244 ) ;
#862 = CARTESIAN_POINT ( 'NONE',  ( 0.0000000000000000000, 3.188101183952075400, -10.11875000000000200 ) ) ;
#863 = EDGE_CURVE ( 'NONE', #1087, #4311, #3036, .T. ) ;
#864 = CARTESIAN_POINT ( 'NONE',  ( 3.999999999999995600, -3.060618784318908800E-015, -1.056250000000003900 ) ) ;
#865 = CARTESIAN_POINT ( 'NONE',  ( -1.320554748610671700, 3.188101183952074100, -0.1968749999999991300 ) ) ;
#866 = CARTESIAN_POINT ( 'NONE',  ( 2.844212931730092400, 3.444703014983363500, 9.649999999999998600 ) ) ;
#867 = CARTESIAN_POINT ( 'NONE',  ( 3.055398381803763100, 4.271423559299131000, 9.649999999999998600 ) ) ;
#868 = CARTESIAN_POINT ( 'NONE',  ( 2.828427124746485600, -2.828427124745894500, -8.712499999999987900 ) ) ;
#869 = CARTESIAN_POINT ( 'NONE',  ( 0.0000000000000000000, -2.546799723626479500E-015, -9.649999999999998600 ) ) ;
#870 = CARTESIAN_POINT ( 'NONE',  ( -0.9166674701620405300, 4.157421032400925800, 9.800000000000000700 ) ) ;
#871 = CARTESIAN_POINT ( 'NONE',  ( 4.135316469341310300, -3.228989313251603600E-015, 0.1156249999999994100 ) ) ;
#872 = B_SPLINE_SURFACE_WITH_KNOTS ( 'NONE', 3, 1, ( 
 ( #2839, #3286 ),
 ( #828, #6342 ),
 ( #2363, #6261 ),
 ( #4310, #1833 ),
 ( #5317, #5335 ),
 ( #5829, #2348 ),
 ( #5808, #6302 ),
 ( #3329, #6321 ),
 ( #3348, #3845 ),
 ( #870, #306 ),
 ( #3784, #811 ) ),
 .UNSPECIFIED., .F., .F., .F.,
 ( 4, 1, 1, 1, 1, 1, 1, 1, 4 ),
 ( 2, 2 ),
 ( 0.0000000000000000000, 0.1276647678962240200, 0.2517385630080498100, 0.3727533493873905200, 0.4921467589723860800, 0.6140696213092453600, 0.7371973244121096100, 0.8656069906011182300, 1.000000000000000000 ),
 ( 0.0000000000000000000, 1.000000000000000000 ),
 .UNSPECIFIED. ) ;
#873 = CARTESIAN_POINT ( 'NONE',  ( -2.254327966281374400, -2.254327966281376700, -0.9000000000000032400 ) ) ;
#874 = B_SPLINE_CURVE_WITH_KNOTS ( 'NONE', 3,
 ( #1901, #855, #3787, #5794, #3877, #3811, #2367, #5360, #4334, #6265, #3849, #3288, #3308, #4831, #308, #875, #5833, #5813, #2866 ),
 .UNSPECIFIED., .F., .F.,
 ( 4, 1, 1, 1, 1, 1, 1, 1, 1, 1, 1, 1, 1, 1, 1, 1, 4 ),
 ( 0.0000000000000000000, 0.07522587376283035300, 0.1464223385466803000, 0.2146225472668685500, 0.2796856535253560700, 0.3429780235703902600, 0.4046208484442567800, 0.4657938303000883100, 0.5259704850531952100, 0.5857807242363325400, 0.6432206292324356100, 0.7007424839622752300, 0.7579049412403121600, 0.8159836911392502900, 0.8746408217369250300, 0.9360443799883164700, 1.000000000000000000 ),
 .UNSPECIFIED. ) ;
#875 = CARTESIAN_POINT ( 'NONE',  ( 2.539033032933443400, 4.312815453349194300, 9.799999999999995400 ) ) ;
#876 = DIRECTION ( 'NONE',  ( 0.0000000000000000000, 1.224646799147355200E-016, -1.000000000000000000 ) ) ;
#877 = CARTESIAN_POINT ( 'NONE',  ( -0.07856797606614988900, 3.304776226086985100, 9.650000000000000400 ) ) ;
#878 = CARTESIAN_POINT ( 'NONE',  ( 3.188101183952076800, 1.320554748610670600, -3.009374999999999000 ) ) ;
#879 = CARTESIAN_POINT ( 'NONE',  ( -0.5785679760661498500, 2.288109559420317600, 9.649999999999996800 ) ) ;
#880 = VERTEX_POINT ( 'NONE', #4647 ) ;
#881 = CARTESIAN_POINT ( 'NONE',  ( 0.0000000000000000000, 3.188101183952075000, -5.118750000000003000 ) ) ;
#882 = CARTESIAN_POINT ( 'NONE',  ( -3.999999999999995600, -1.372902414243963000E-015, -6.837499999999997700 ) ) ;
#883 = ORIENTED_EDGE ( 'NONE', *, *, #5310, .F. ) ;
#884 = CARTESIAN_POINT ( 'NONE',  ( 1.320554748610673900, 3.188101183952073600, -1.603124999999998600 ) ) ;
#885 = CARTESIAN_POINT ( 'NONE',  ( 3.999999999999995600, 1.656854249492377300, 0.1156250000000016600 ) ) ;
#886 = CARTESIAN_POINT ( 'NONE',  ( 2.887648280496391000, 4.451537681116390900, 9.649999999999998600 ) ) ;
#887 = CARTESIAN_POINT ( 'NONE',  ( -0.07856797606614988900, 3.304776226086984200, 9.799999999999998900 ) ) ;
#888 = CARTESIAN_POINT ( 'NONE',  ( 0.0000000000000000000, 3.999999999999994200, -3.243750000000003900 ) ) ;
#889 = CARTESIAN_POINT ( 'NONE',  ( 2.555853654424500300, -1.917121674669713500, 4.350000000000005000 ) ) ;
#890 = CARTESIAN_POINT ( 'NONE',  ( -1.712904166305994500, 4.135316469341308500, 0.5062499999999979800 ) ) ;
#891 = AXIS2_PLACEMENT_3D ( 'NONE', #5553, #6054, #6013 ) ;
#892 = CARTESIAN_POINT ( 'NONE',  ( 0.2537548263386596400, 3.194501363526597100, 9.649999999999995000 ) ) ;
#893 = FACE_OUTER_BOUND ( 'NONE', #5984, .T. ) ;
#894 = CARTESIAN_POINT ( 'NONE',  ( -3.188101183952076800, 1.320554748610669700, -1.134375000000002100 ) ) ;
#895 = CARTESIAN_POINT ( 'NONE',  ( -3.136914933799042100, 3.992894292912448200, 9.649999999999998600 ) ) ;
#896 = CARTESIAN_POINT ( 'NONE',  ( 2.479792279454824800, 3.222490623078721600, 9.799999999999998900 ) ) ;
#897 = DIRECTION ( 'NONE',  ( 1.000000000000000000, 0.0000000000000000000, 0.0000000000000000000 ) ) ;
#898 = CARTESIAN_POINT ( 'NONE',  ( -3.188101183952076800, -1.320554748610674600, 4.021874999999997900 ) ) ;
#899 = CARTESIAN_POINT ( 'NONE',  ( -3.188101183952076800, 1.320554748610668800, 6.209374999999999600 ) ) ;
#900 = LINE ( 'NONE', #2708, #3106 ) ;
#901 = CARTESIAN_POINT ( 'NONE',  ( 2.606235189318822700, 2.350960393818981100, 9.799999999999997200 ) ) ;
#902 = DIRECTION ( 'NONE',  ( -0.0000000000000000000, -0.0000000000000000000, -1.000000000000000000 ) ) ;
#903 = ORIENTED_EDGE ( 'NONE', *, *, #6416, .T. ) ;
#904 = ORIENTED_EDGE ( 'NONE', *, *, #3860, .T. ) ;
#905 = CARTESIAN_POINT ( 'NONE',  ( -3.188101183952076800, -1.320554748610673700, -3.478125000000003500 ) ) ;
#906 = VERTEX_POINT ( 'NONE', #3031 ) ;
#907 = CARTESIAN_POINT ( 'NONE',  ( 3.999999999999995600, -1.656854249492383000, -1.134375000000003900 ) ) ;
#908 = CARTESIAN_POINT ( 'NONE',  ( 2.254327966281374900, 2.254327966281371300, -2.931249999999999000 ) ) ;
#909 = VERTEX_POINT ( 'NONE', #1072 ) ;
#910 = CARTESIAN_POINT ( 'NONE',  ( 2.624298914034698600, 3.256561662931544800, 9.650000000000000400 ) ) ;
#911 = CARTESIAN_POINT ( 'NONE',  ( 2.405299255244669700, 4.621031814931264100, 9.650000000000000400 ) ) ;
#912 = ORIENTED_EDGE ( 'NONE', *, *, #1441, .T. ) ;
#913 = CARTESIAN_POINT ( 'NONE',  ( -1.648157963391444700, 3.170880713897363400, -9.147015855301642500 ) ) ;
#914 = CARTESIAN_POINT ( 'NONE',  ( -4.135316469341311100, -1.712904166305997000, 2.068749999999999600 ) ) ;
#915 = DIRECTION ( 'NONE',  ( -0.0000000000000000000, -1.319585349029264000E-016, -1.000000000000000000 ) ) ;
#916 = VERTEX_POINT ( 'NONE', #2208 ) ;
#917 = CARTESIAN_POINT ( 'NONE',  ( -3.188101183952076800, -1.320554748610673700, -2.228125000000002600 ) ) ;
#918 = CARTESIAN_POINT ( 'NONE',  ( 3.121378566529854100, 2.516749388817749900, 9.799999999999998900 ) ) ;
#919 = CARTESIAN_POINT ( 'NONE',  ( 0.0000000000000000000, 4.091537844202519000E-015, 4.548750000000001000 ) ) ;
#920 = CARTESIAN_POINT ( 'NONE',  ( 5.434804642677833400, -4.367767576022060000, 9.319949929344931000 ) ) ;
#921 = EDGE_LOOP ( 'NONE', ( #3948, #5899, #706, #4263 ) ) ;
#922 = CARTESIAN_POINT ( 'NONE',  ( 1.320554748610671000, -3.188101183952080300, 1.678125000000000800 ) ) ;
#923 = ORIENTED_EDGE ( 'NONE', *, *, #3904, .T. ) ;
#924 = CARTESIAN_POINT ( 'NONE',  ( -0.9793341393311565400, 2.084689530545109600, 9.649999999999995000 ) ) ;
#925 = CARTESIAN_POINT ( 'NONE',  ( -6.500000000000002700, 3.752776749732566600, -15.50782801147530800 ) ) ;
#926 = CARTESIAN_POINT ( 'NONE',  ( 2.254327966281374900, 2.254327966281371300, -1.525000000000002100 ) ) ;
#927 = VECTOR ( 'NONE', #1316, 1000.000000000000100 ) ;
#928 = AXIS2_PLACEMENT_3D ( 'NONE', #4781, #2823, #4307 ) ;
#929 = CARTESIAN_POINT ( 'NONE',  ( -0.6460831626372066600, 4.620390658054074800, 9.650000000000002100 ) ) ;
#930 = CARTESIAN_POINT ( 'NONE',  ( 0.0000000000000000000, 3.188101183952074500, -1.524999999999998600 ) ) ;
#931 = CARTESIAN_POINT ( 'NONE',  ( 2.828427124746188100, 2.828427124746184100, 0.1937500000000017500 ) ) ;
#932 = CARTESIAN_POINT ( 'NONE',  ( 0.0000000000000000000, 3.999999999999994700, -9.649999999999998600 ) ) ;
#933 = CARTESIAN_POINT ( 'NONE',  ( 1.763152220632707500, 2.258876503250095300, 9.799999999999998900 ) ) ;
#934 = FACE_OUTER_BOUND ( 'NONE', #1602, .T. ) ;
#935 = CARTESIAN_POINT ( 'NONE',  ( 2.677829773735936700, 4.568833027920875100, 9.800000000000000700 ) ) ;
#936 = CARTESIAN_POINT ( 'NONE',  ( -3.154317299990312400, 3.674126590938044500, 9.649999999999998600 ) ) ;
#937 = CARTESIAN_POINT ( 'NONE',  ( 4.135316469341310300, -1.712904166306000100, 5.037500000000000500 ) ) ;
#938 = AXIS2_PLACEMENT_3D ( 'NONE', #2219, #1134, #4102 ) ;
#939 = CARTESIAN_POINT ( 'NONE',  ( 0.1115168807064783500, 2.428673850998278400, 9.650000000000000400 ) ) ;
#940 = CARTESIAN_POINT ( 'NONE',  ( 6.500000000000000900, 3.752776749732571000, 8.997274632750533700 ) ) ;
#941 = DIRECTION ( 'NONE',  ( 0.0000000000000000000, 1.000000000000000000, 0.0000000000000000000 ) ) ;
#942 = CARTESIAN_POINT ( 'NONE',  ( -0.2088585770044960000, 4.539599771775082900, 9.650000000000000400 ) ) ;
#943 = CARTESIAN_POINT ( 'NONE',  ( 3.188101183952076800, 1.320554748610670100, 0.8968749999999966500 ) ) ;
#944 = CARTESIAN_POINT ( 'NONE',  ( 3.188101183952076800, -3.275042409870088800E-015, 1.912500000000001000 ) ) ;
#945 = CARTESIAN_POINT ( 'NONE',  ( 2.530410573850211200, 3.229370941351020500, 9.800000000000000700 ) ) ;
#946 = CARTESIAN_POINT ( 'NONE',  ( -2.876268721284919800, -2.876268721284922500, 3.357812500000001400 ) ) ;
#947 = CARTESIAN_POINT ( 'NONE',  ( 1.998468365904986700, 3.443068799530058400, 9.800000000000002500 ) ) ;
#948 = ADVANCED_FACE ( 'NONE', ( #5878 ), #3240, .T. ) ;
#949 = CARTESIAN_POINT ( 'NONE',  ( -1.320554748610672300, -3.188101183952079000, -3.321875000000003500 ) ) ;
#950 = CARTESIAN_POINT ( 'NONE',  ( 1.656854249492377900, -3.999999999999999100, -5.040625000000003000 ) ) ;
#951 = CARTESIAN_POINT ( 'NONE',  ( 3.188101183952076800, -1.320554748610675500, -3.165624999999999000 ) ) ;
#952 = CARTESIAN_POINT ( 'NONE',  ( -4.898587196589407900E-016, -3.999999999999997300, -0.2749999999999986900 ) ) ;
#953 = CARTESIAN_POINT ( 'NONE',  ( -0.5822138093994832000, 4.321442892753650800, 9.799999999999998900 ) ) ;
#954 = CARTESIAN_POINT ( 'NONE',  ( 1.632044817890785400, 2.578707495466400000, 9.799999999999998900 ) ) ;
#955 = CARTESIAN_POINT ( 'NONE',  ( -4.898587196589407900E-016, -3.999999999999997300, -6.368750000000003900 ) ) ;
#956 = CARTESIAN_POINT ( 'NONE',  ( -1.070588566720653800, 3.582785012431221300, 9.799999999999998900 ) ) ;
#957 = CARTESIAN_POINT ( 'NONE',  ( 2.924110317823652000, -2.924110317823656500, 6.209374999999999600 ) ) ;
#958 = DIRECTION ( 'NONE',  ( 0.0000000000000000000, -1.000000000000000000, -1.080291392535487700E-012 ) ) ;
#959 = CARTESIAN_POINT ( 'NONE',  ( -3.188101183952076800, -1.805319003292741800E-015, -3.712499999999999500 ) ) ;
#960 = CARTESIAN_POINT ( 'NONE',  ( 2.254327966281374000, -2.254327966281376700, -8.087500000000002100 ) ) ;
#961 = CARTESIAN_POINT ( 'NONE',  ( 3.248646811094512800, 3.141648341597830500, 9.800000000000004300 ) ) ;
#962 = CARTESIAN_POINT ( 'NONE',  ( 2.921432023933851200, 3.765713726086984600, 9.799999999999998900 ) ) ;
#963 = CARTESIAN_POINT ( 'NONE',  ( 2.921432023933851200, 3.261026226086984900, 9.799999999999998900 ) ) ;
#964 = CARTESIAN_POINT ( 'NONE',  ( -3.188101183952076800, 1.320554748610669000, 3.865624999999997000 ) ) ;
#965 = CARTESIAN_POINT ( 'NONE',  ( 1.320554748610673900, 3.188101183952072800, 4.646875000000002300 ) ) ;
#966 = ORIENTED_EDGE ( 'NONE', *, *, #4301, .T. ) ;
#967 = EDGE_CURVE ( 'NONE', #1055, #1003, #210, .T. ) ;
#968 = CARTESIAN_POINT ( 'NONE',  ( -1.044525417443162600, 2.789085277309867500, 9.649999999999998600 ) ) ;
#969 = CARTESIAN_POINT ( 'NONE',  ( 0.0000000000000000000, -2.546799723626479500E-015, -9.649999999999998600 ) ) ;
#970 = CARTESIAN_POINT ( 'NONE',  ( -1.173618322255175900, -2.964221515471406700, 9.025081656105859600 ) ) ;
#971 = EDGE_CURVE ( 'NONE', #880, #1403, #4026, .T. ) ;
#972 = CARTESIAN_POINT ( 'NONE',  ( -3.188101183952076800, -1.518292409742580100E-015, -6.056250000000003000 ) ) ;
#973 = CIRCLE ( 'NONE', #5547, 6.500000000000001800 ) ;
#974 = CARTESIAN_POINT ( 'NONE',  ( 2.837452025197684200, 4.486491153694250200, 9.649999999999996800 ) ) ;
#975 = CARTESIAN_POINT ( 'NONE',  ( 1.618159806336106000, 4.028068851524906800, 9.799999999999998900 ) ) ;
#976 = CARTESIAN_POINT ( 'NONE',  ( -3.904297910284797800E-016, -3.188101183952079900, 2.850000000000000100 ) ) ;
#977 = CARTESIAN_POINT ( 'NONE',  ( -3.188101183952076800, 1.320554748610670100, -5.040624999999999500 ) ) ;
#978 = CARTESIAN_POINT ( 'NONE',  ( -0.5280192699389861800, 4.319729518393137000, 9.799999999999998900 ) ) ;
#979 = CIRCLE ( 'NONE', #808, 6.500000000000001800 ) ;
#980 = ORIENTED_EDGE ( 'NONE', *, *, #2669, .T. ) ;
#981 = CARTESIAN_POINT ( 'NONE',  ( 2.040136770273293500, 2.978301911189617200, 9.799999999999998900 ) ) ;
#982 = CARTESIAN_POINT ( 'NONE',  ( 3.254765357267184200, 3.374047059420318000, 9.799999999999998900 ) ) ;
#983 = CARTESIAN_POINT ( 'NONE',  ( -1.712904166305994700, -4.135316469341312900, 4.724999999999997900 ) ) ;
#984 = DIRECTION ( 'NONE',  ( 0.0000000000000000000, 1.224646799147355200E-016, -1.000000000000000000 ) ) ;
#985 = CARTESIAN_POINT ( 'NONE',  ( 0.0000000000000000000, 3.188101183952074500, -2.774999999999999500 ) ) ;
#986 = CARTESIAN_POINT ( 'NONE',  ( 3.188101183952076800, 1.320554748610671000, -9.103125000000003900 ) ) ;
#987 = CARTESIAN_POINT ( 'NONE',  ( 2.976127120351760100, 2.275437172327329000, 9.650000000000000400 ) ) ;
#988 = CARTESIAN_POINT ( 'NONE',  ( 6.500000000000001800, 3.752776749732570600, 4.548750000000001000 ) ) ;
#989 = EDGE_LOOP ( 'NONE', ( #5743, #6275, #609, #5436 ) ) ;
#990 = CARTESIAN_POINT ( 'NONE',  ( -1.656854249492379500, -3.999999999999997300, -4.103124999999999500 ) ) ;
#991 = CARTESIAN_POINT ( 'NONE',  ( 2.254327966281374900, 2.254327966281370400, 3.318750000000000500 ) ) ;
#992 = EDGE_LOOP ( 'NONE', ( #218, #1253, #6285, #1915 ) ) ;
#993 = CARTESIAN_POINT ( 'NONE',  ( 2.868399043284878900, 3.489640322346617500, 9.800000000000000700 ) ) ;
#994 = CARTESIAN_POINT ( 'NONE',  ( 0.0000000000000000000, 3.999999999999993300, 2.850000000000002800 ) ) ;
#995 = CARTESIAN_POINT ( 'NONE',  ( 0.0000000000000000000, 3.188101183952073200, 8.474999999999999600 ) ) ;
#996 = EDGE_CURVE ( 'NONE', #1940, #442, #900, .T. ) ;
#997 = VERTEX_POINT ( 'NONE', #4141 ) ;
#998 = EDGE_CURVE ( 'NONE', #4336, #5028, #5842, .T. ) ;
#999 = CARTESIAN_POINT ( 'NONE',  ( -2.254327966281374400, -2.254327966281377100, 2.849999999999998300 ) ) ;
#1000 = ORIENTED_EDGE ( 'NONE', *, *, #3195, .F. ) ;
#1001 = VERTEX_POINT ( 'NONE', #147 ) ;
#1002 = CARTESIAN_POINT ( 'NONE',  ( 3.248695264971073200, 3.595170273284357300, 9.800000000000002500 ) ) ;
#1003 = VERTEX_POINT ( 'NONE', #3675 ) ;
#1004 = CARTESIAN_POINT ( 'NONE',  ( 0.0000000000000000000, 3.999999999999994200, -6.993750000000003000 ) ) ;
#1005 = CARTESIAN_POINT ( 'NONE',  ( -3.188101183952076800, 1.320554748610668800, 4.959375000000000500 ) ) ;
#1006 = CARTESIAN_POINT ( 'NONE',  ( 1.320554748610673900, 3.188101183952074100, -5.353124999999999500 ) ) ;
#1007 = CARTESIAN_POINT ( 'NONE',  ( 2.427682023933850800, 3.221442892753651600, 9.799999999999998900 ) ) ;
#1008 = ORIENTED_EDGE ( 'NONE', *, *, #3144, .T. ) ;
#1009 = CARTESIAN_POINT ( 'NONE',  ( -0.8175928220254142800, 2.363725484758435700, 9.799999999999998900 ) ) ;
#1010 = CARTESIAN_POINT ( 'NONE',  ( 0.0000000000000000000, 3.999999999999994200, -4.649999999999998600 ) ) ;
#1011 = CARTESIAN_POINT ( 'NONE',  ( -1.376480751600119600, 3.807378800659991100, 9.799999999999997200 ) ) ;
#1012 = CARTESIAN_POINT ( 'NONE',  ( -6.375000000000000900, 3.761406667655005600E-015, 9.649999999999998600 ) ) ;
#1013 = CARTESIAN_POINT ( 'NONE',  ( -2.828427124746187600, -2.828427124746189400, -2.931249999999998600 ) ) ;
#1014 = CARTESIAN_POINT ( 'NONE',  ( -2.254327966281374000, 2.254327966281371800, -0.1187499999999990600 ) ) ;
#1015 = DIRECTION ( 'NONE',  ( -0.0000000000000000000, -1.319585349029264000E-016, -1.000000000000000000 ) ) ;
#1016 = CARTESIAN_POINT ( 'NONE',  ( 3.240429032057939600, 3.033776408382729400, 9.799999999999997200 ) ) ;
#1017 = CARTESIAN_POINT ( 'NONE',  ( -0.1326329364430388100, 2.693583360802367800, 9.650000000000000400 ) ) ;
#1018 = ADVANCED_FACE ( 'NONE', ( #893 ), #4997, .T. ) ;
#1019 = CARTESIAN_POINT ( 'NONE',  ( 1.871556275951014500, -2.580942902325622500, -9.524398816047913400 ) ) ;
#1020 = CARTESIAN_POINT ( 'NONE',  ( -1.106020967035622000, 2.178738090931562300, 9.799999999999997200 ) ) ;
#1021 = CARTESIAN_POINT ( 'NONE',  ( 2.379300597501523600, 2.288918072942968300, 9.799999999999998900 ) ) ;
#1022 = CARTESIAN_POINT ( 'NONE',  ( 2.356590581235504400, 2.922472169658386000, 9.799999999999998900 ) ) ;
#1023 = ADVANCED_FACE ( 'NONE', ( #2383 ), #5113, .T. ) ;
#1024 = AXIS2_PLACEMENT_3D ( 'NONE', #2342, #301, #4306 ) ;
#1025 = LINE ( 'NONE', #5740, #6294 ) ;
#1026 = CARTESIAN_POINT ( 'NONE',  ( 2.254327966281374900, 2.254327966281370900, -0.2750000000000026900 ) ) ;
#1027 = CARTESIAN_POINT ( 'NONE',  ( 3.090121021925392500, 4.217784973195960200, 9.799999999999997200 ) ) ;
#1028 = B_SPLINE_CURVE_WITH_KNOTS ( 'NONE', 3,
 ( #1677, #5127, #3225, #2744, #5212, #243, #3724, #3208, #748, #4230, #1271, #727, #2239, #6177, #222, #3704, #4212, #4703, #1245, #1736, #5710, #1727, #1703 ),
 .UNSPECIFIED., .F., .F.,
 ( 4, 1, 1, 1, 1, 1, 1, 1, 1, 1, 1, 1, 1, 1, 1, 1, 1, 1, 1, 1, 4 ),
 ( 0.0000000000000000000, 0.05672433721815054600, 0.1114372357370107500, 0.1643678222229013100, 0.2164353724620899400, 0.2676414903219248600, 0.3173597799690279800, 0.3674730633322806400, 0.4182103970528081000, 0.4714042826470200000, 0.5279657201290495200, 0.5880611158232138500, 0.6521342629937146900, 0.6863448363353055200, 0.7232636803169650900, 0.7626102507715415400, 0.8047389366452178900, 0.8494303387909497600, 0.8967112583864922400, 0.9468896380534765900, 1.000000000000000000 ),
 .UNSPECIFIED. ) ;
#1029 = VECTOR ( 'NONE', #3630, 1000.000000000000000 ) ;
#1030 = AXIS2_PLACEMENT_3D ( 'NONE', #4459, #2995, #2905 ) ;
#1031 = CARTESIAN_POINT ( 'NONE',  ( -1.320554748610672300, -3.188101183952079400, 0.2718750000000012500 ) ) ;
#1032 = CARTESIAN_POINT ( 'NONE',  ( -2.254327966281374000, 2.254327966281372700, -7.618749999999998600 ) ) ;
#1033 = SECURITY_CLASSIFICATION ( '', '', #1605 ) ;
#1034 = CARTESIAN_POINT ( 'NONE',  ( 2.408912005172819400, 3.221792458891268800, 9.799999999999997200 ) ) ;
#1035 =( BOUNDED_CURVE ( )  B_SPLINE_CURVE ( 2, ( #4088, #501, #2533, #5577, #1044, #4489, #2027, #1096, #5531 ),
 .UNSPECIFIED., .F., .F. ) 
 B_SPLINE_CURVE_WITH_KNOTS ( ( 3, 2, 2, 2, 3 ),
 ( 0.4062500000000001100, 0.4140625000000001100, 0.4218750000000001100, 0.4296875000000000600, 0.4375000000000000600 ),
 .UNSPECIFIED. ) 
 CURVE ( )  GEOMETRIC_REPRESENTATION_ITEM ( )  RATIONAL_B_SPLINE_CURVE ( ( 0.9999999999999988900, 0.9238795325112878500, 1.000000000000000000, 0.9238795325112867400, 1.000000000000000000, 0.9238795325112867400, 1.000000000000000000, 0.9238795325112861800, 1.000000000000000400 ) ) 
 REPRESENTATION_ITEM ( '' )  );
#1036 = CARTESIAN_POINT ( 'NONE',  ( 2.326119523933850800, 2.921442892753651800, 9.650000000000003900 ) ) ;
#1037 = CARTESIAN_POINT ( 'NONE',  ( 0.0000000000000000000, 3.999999999999994200, -1.993750000000002800 ) ) ;
#1038 = CARTESIAN_POINT ( 'NONE',  ( -1.319597655472716900, 4.047020498384757300, 9.650000000000005700 ) ) ;
#1039 = CARTESIAN_POINT ( 'NONE',  ( 2.408912005172819400, 3.221792458891268800, 9.649999999999996800 ) ) ;
#1040 = CARTESIAN_POINT ( 'NONE',  ( -4.898587196589407900E-016, -3.999999999999998200, 1.131249999999996300 ) ) ;
#1041 = CARTESIAN_POINT ( 'NONE',  ( 6.500000000000000900, 3.752776749732571000, 8.997274632750533700 ) ) ;
#1042 = CARTESIAN_POINT ( 'NONE',  ( -2.254327966281374000, 2.254327966281371300, 2.381250000000001400 ) ) ;
#1043 = CARTESIAN_POINT ( 'NONE',  ( 3.188101183952076800, -1.320554748610674800, -9.259375000000005700 ) ) ;
#1044 = CARTESIAN_POINT ( 'NONE',  ( 3.999999999999995600, -2.907537934425489500E-015, -2.306250000000003500 ) ) ;
#1045 = CARTESIAN_POINT ( 'NONE',  ( 2.876268721284920300, 2.876268721284917200, -7.267187499999999500 ) ) ;
#1046 = CARTESIAN_POINT ( 'NONE',  ( -0.5613511018966591500, 2.288766853651625700, 9.649999999999998600 ) ) ;
#1047 = CARTESIAN_POINT ( 'NONE',  ( -3.999999999999996400, -1.656854249492380100, -4.259374999999998600 ) ) ;
#1048 = CARTESIAN_POINT ( 'NONE',  ( -2.245234642732816700, 4.621442892753650600, 9.799999999999998900 ) ) ;
#1049 =( BOUNDED_CURVE ( )  B_SPLINE_CURVE ( 2, ( #3581, #1612, #5153, #3155, #3602, #2156, #6143, #1184, #4169 ),
 .UNSPECIFIED., .F., .T. ) 
 B_SPLINE_CURVE_WITH_KNOTS ( ( 3, 2, 2, 2, 3 ),
 ( 0.6874999999999998900, 0.6953125000000000000, 0.7031250000000000000, 0.7109375000000000000, 0.7187500000000001100 ),
 .UNSPECIFIED. ) 
 CURVE ( )  GEOMETRIC_REPRESENTATION_ITEM ( )  RATIONAL_B_SPLINE_CURVE ( ( 1.000000000000001100, 0.9238795325112856300, 1.000000000000000000, 0.9238795325112867400, 1.000000000000000000, 0.9238795325112867400, 1.000000000000000000, 0.9238795325112856300, 1.000000000000001100 ) ) 
 REPRESENTATION_ITEM ( '' )  );
#1050 = CARTESIAN_POINT ( 'NONE',  ( 2.887435974433437900, 3.538371424143786000, 9.799999999999997200 ) ) ;
#1051 = CARTESIAN_POINT ( 'NONE',  ( 2.931578789169381400, 2.226082014119179500, 9.649999999999995000 ) ) ;
#1052 = CARTESIAN_POINT ( 'NONE',  ( -3.188101183952076800, -1.320554748610674300, 1.521874999999997200 ) ) ;
#1053 = CARTESIAN_POINT ( 'NONE',  ( 2.505823902798198300, 4.613976552601954500, 9.800000000000002500 ) ) ;
#1054 = ADVANCED_FACE ( 'NONE', ( #1382 ), #1412, .T. ) ;
#1055 = VERTEX_POINT ( 'NONE', #5940 ) ;
#1056 = CARTESIAN_POINT ( 'NONE',  ( 3.188101183952076800, -1.320554748610676600, 3.084375000000000100 ) ) ;
#1057 = CARTESIAN_POINT ( 'NONE',  ( 3.188101183952076800, -1.320554748610674800, -9.415624999999998600 ) ) ;
#1058 = CARTESIAN_POINT ( 'NONE',  ( -2.780347434538319900, 3.880877328408191200, 9.799999999999998900 ) ) ;
#1059 = ADVANCED_FACE ( 'NONE', ( #6333, #6263 ), #1993, .T. ) ;
#1060 = CARTESIAN_POINT ( 'NONE',  ( 1.640226600524324500, 3.418536307938517800, 9.650000000000002100 ) ) ;
#1061 = CARTESIAN_POINT ( 'NONE',  ( -3.999999999999996400, -1.656854249492380600, -2.853125000000003900 ) ) ;
#1062 = CARTESIAN_POINT ( 'NONE',  ( 3.999999999999995600, -2.582241128401973400E-015, -4.962499999999999500 ) ) ;
#1063 = CARTESIAN_POINT ( 'NONE',  ( 1.712904166305993600, -4.135316469341314700, 7.381249999999998800 ) ) ;
#1064 = CARTESIAN_POINT ( 'NONE',  ( -0.5306631302584435800, -7.199174998361412400, 9.174162342837238500 ) ) ;
#1065 = CARTESIAN_POINT ( 'NONE',  ( 1.990083817361948200, 2.547094054794749200, 9.799999999999997200 ) ) ;
#1066 = ORIENTED_EDGE ( 'NONE', *, *, #2877, .T. ) ;
#1067 = CARTESIAN_POINT ( 'NONE',  ( 3.188101183952076800, -3.275042409870088800E-015, 1.912500000000001000 ) ) ;
#1068 = CARTESIAN_POINT ( 'NONE',  ( -3.188101183952076800, -1.320554748610673500, -4.728125000000001200 ) ) ;
#1069 = CARTESIAN_POINT ( 'NONE',  ( -4.067658234670652500, 1.684879207899185200, -8.126562500000000400 ) ) ;
#1070 = CARTESIAN_POINT ( 'NONE',  ( 3.188101183952076800, -3.294177516106765800E-015, 2.068749999999997900 ) ) ;
#1071 = AXIS2_PLACEMENT_3D ( 'NONE', #4241, #2714, #3770 ) ;
#1072 = CARTESIAN_POINT ( 'NONE',  ( 2.922994523933851100, 3.197484559420318300, 9.650000000000002100 ) ) ;
#1073 = EDGE_CURVE ( 'NONE', #434, #5283, #2542, .T. ) ;
#1074 = VECTOR ( 'NONE', #2806, 1000.000000000000000 ) ;
#1075 = CARTESIAN_POINT ( 'NONE',  ( 0.0000000000000000000, -2.546799723626479500E-015, -9.649999999999998600 ) ) ;
#1076 = CARTESIAN_POINT ( 'NONE',  ( 2.778806359535021600, 2.104753054639364700, 9.650000000000002100 ) ) ;
#1077 = EDGE_CURVE ( 'NONE', #2254, #4627, #6042, .T. ) ;
#1078 = CARTESIAN_POINT ( 'NONE',  ( -1.320554748610672300, -3.188101183952079400, 1.678124999999997400 ) ) ;
#1079 = CARTESIAN_POINT ( 'NONE',  ( 2.622183865832571100, 4.588536443930546000, 9.649999999999998600 ) ) ;
#1080 = LINE ( 'NONE', #887, #6197 ) ;
#1081 = ORIENTED_EDGE ( 'NONE', *, *, #4860, .F. ) ;
#1082 = AXIS2_PLACEMENT_3D ( 'NONE', #6366, #6435, #4387 ) ;
#1083 = CARTESIAN_POINT ( 'NONE',  ( -3.188101183952076800, -2.723804102653258200E-015, 3.787500000000001000 ) ) ;
#1084 = ORIENTED_EDGE ( 'NONE', *, *, #1760, .T. ) ;
#1085 = CARTESIAN_POINT ( 'NONE',  ( -3.188101183952076800, -1.320554748610673000, -8.634375000000002100 ) ) ;
#1086 = CARTESIAN_POINT ( 'NONE',  ( -2.946167132749070400, 3.777859337358345600, 9.800000000000000700 ) ) ;
#1087 = VERTEX_POINT ( 'NONE', #1477 ) ;
#1088 = CARTESIAN_POINT ( 'NONE',  ( 2.921432023933851200, 3.765713726086984600, 9.649999999999996800 ) ) ;
#1089 = CARTESIAN_POINT ( 'NONE',  ( -2.924110317823652000, 2.924110317823648900, 6.834375000000000500 ) ) ;
#1090 = CARTESIAN_POINT ( 'NONE',  ( -0.5785679760661498500, 4.621442892753650600, 9.799999999999998900 ) ) ;
#1091 = CARTESIAN_POINT ( 'NONE',  ( -4.898587196589407900E-016, -3.999999999999998200, 2.225000000000002300 ) ) ;
#1092 = CARTESIAN_POINT ( 'NONE',  ( 2.356848690600517500, 2.288109559420317600, 9.799999999999998900 ) ) ;
#1093 = EDGE_LOOP ( 'NONE', ( #3499, #5887, #4043, #6026 ) ) ;
#1094 = CARTESIAN_POINT ( 'NONE',  ( -3.904297910284797800E-016, -3.188101183952079900, 2.850000000000000100 ) ) ;
#1095 = CARTESIAN_POINT ( 'NONE',  ( -1.320554748610671700, 3.188101183952075400, -5.040625000000002100 ) ) ;
#1096 = CARTESIAN_POINT ( 'NONE',  ( 1.656854249492372400, 4.000000000000002700, -2.071875000000003000 ) ) ;
#1097 = CARTESIAN_POINT ( 'NONE',  ( 0.9559980109117711700, -3.264862513136920900, -9.318824536158640400 ) ) ;
#1098 = CARTESIAN_POINT ( 'NONE',  ( 3.188101183952076800, 1.320554748610669700, 4.646874999999997900 ) ) ;
#1099 = ADVANCED_FACE ( 'NONE', ( #45 ), #5870, .T. ) ;
#1100 = ORIENTED_EDGE ( 'NONE', *, *, #1534, .F. ) ;
#1101 = CARTESIAN_POINT ( 'NONE',  ( -0.9793341393311565400, 2.084689530545109600, 9.799999999999997200 ) ) ;
#1102 = APPROVAL_STATUS ( 'not_yet_approved' ) ;
#1103 = ORIENTED_EDGE ( 'NONE', *, *, #2313, .F. ) ;
#1104 = ADVANCED_FACE ( 'NONE', ( #5871 ), #2717, .T. ) ;
#1105 = EDGE_CURVE ( 'NONE', #5760, #4876, #4661, .T. ) ;
#1106 = CARTESIAN_POINT ( 'NONE',  ( -2.254327966281374400, -2.254327966281376700, 0.3499999999999978700 ) ) ;
#1107 = PLANE ( 'NONE',  #3305 ) ;
#1108 = ORIENTED_EDGE ( 'NONE', *, *, #3520, .T. ) ;
#1109 = CARTESIAN_POINT ( 'NONE',  ( 3.188101183952076800, -1.320554748610676800, 5.584375000000003200 ) ) ;
#1110 = CARTESIAN_POINT ( 'NONE',  ( 2.876268721284919400, -2.876268721284923400, 3.670312500000000100 ) ) ;
#1111 = CARTESIAN_POINT ( 'NONE',  ( -0.07596968907459097900, 3.860452567241867700, 4.350000000000001400 ) ) ;
#1112 = FACE_OUTER_BOUND ( 'NONE', #5536, .T. ) ;
#1113 = CARTESIAN_POINT ( 'NONE',  ( 1.632044817890785400, 2.578707495466400000, 9.799999999999998900 ) ) ;
#1114 = CARTESIAN_POINT ( 'NONE',  ( -0.2411560498708015500, -3.893549395461246600, -8.818950604540123800 ) ) ;
#1115 = CARTESIAN_POINT ( 'NONE',  ( 1.712904166305997200, 4.135316469341307600, 6.599999999999999600 ) ) ;
#1116 = CARTESIAN_POINT ( 'NONE',  ( 2.107096535589623200, 2.952167445948971300, 9.649999999999998600 ) ) ;
#1117 = CARTESIAN_POINT ( 'NONE',  ( -1.656854249492379000, 3.999999999999993300, 1.678125000000001600 ) ) ;
#1118 = CARTESIAN_POINT ( 'NONE',  ( 1.621432023933850900, 2.654776226086984300, 9.649999999999998600 ) ) ;
#1119 = CARTESIAN_POINT ( 'NONE',  ( -2.254327966281374400, -2.254327966281377100, 3.943750000000001000 ) ) ;
#1120 = CARTESIAN_POINT ( 'NONE',  ( -3.188101183952076800, 1.320554748610670300, -6.134375000000003900 ) ) ;
#1121 = CARTESIAN_POINT ( 'NONE',  ( -4.067658234670652500, -1.684879207899187400, -7.970312500000000400 ) ) ;
#1122 = CARTESIAN_POINT ( 'NONE',  ( -3.188101183952076800, 1.320554748610669700, 1.365624999999997000 ) ) ;
#1123 = VECTOR ( 'NONE', #6395, 1000.000000000000000 ) ;
#1124 = EDGE_CURVE ( 'NONE', #275, #517, #6017, .T. ) ;
#1125 =( BOUNDED_CURVE ( )  B_SPLINE_CURVE ( 2, ( #3760, #4801, #4251, #3746, #1363, #4749, #5313, #5825, #3821 ),
 .UNSPECIFIED., .F., .F. ) 
 B_SPLINE_CURVE_WITH_KNOTS ( ( 3, 2, 2, 2, 3 ),
 ( 0.7187500000000001100, 0.7265625000000001100, 0.7343750000000000000, 0.7421875000000000000, 0.7500000000000000000 ),
 .UNSPECIFIED. ) 
 CURVE ( )  GEOMETRIC_REPRESENTATION_ITEM ( )  RATIONAL_B_SPLINE_CURVE ( ( 0.9999999999999988900, 0.9238795325112878500, 1.000000000000000000, 0.9238795325112867400, 1.000000000000000000, 0.9238795325112867400, 1.000000000000000000, 0.9238795325112867400, 1.000000000000000000 ) ) 
 REPRESENTATION_ITEM ( '' )  );
#1126 = CARTESIAN_POINT ( 'NONE',  ( -2.254327966281374400, -2.254327966281377500, 6.443750000000001400 ) ) ;
#1127 = CARTESIAN_POINT ( 'NONE',  ( -1.320554748610672300, -3.188101183952079900, 4.178124999999997900 ) ) ;
#1128 = ADVANCED_FACE ( 'NONE', ( #346 ), #3442, .T. ) ;
#1129 = CARTESIAN_POINT ( 'NONE',  ( 2.254327966281374900, 2.254327966281370000, 7.068750000000002300 ) ) ;
#1130 = CARTESIAN_POINT ( 'NONE',  ( 2.876268721284920300, 2.876268721284915800, 5.232812500000001400 ) ) ;
#1131 = CC_DESIGN_PERSON_AND_ORGANIZATION_ASSIGNMENT ( #2741, #2540, ( #5034 ) ) ;
#1132 = CARTESIAN_POINT ( 'NONE',  ( -2.578567976066149700, 4.047484559420317900, 9.799999999999998900 ) ) ;
#1133 = CARTESIAN_POINT ( 'NONE',  ( -1.656854249492367500, 4.000000000000006200, -8.165625000000002100 ) ) ;
#1134 = DIRECTION ( 'NONE',  ( -0.0000000000000000000, -1.319585349029264000E-016, -1.000000000000000000 ) ) ;
#1135 = CARTESIAN_POINT ( 'NONE',  ( 6.500000000000001800, -3.752776749732566600, 8.997274632750532000 ) ) ;
#1136 = B_SPLINE_CURVE_WITH_KNOTS ( 'NONE', 3,
 ( #5834, #349, #5382, #4392, #3309, #4875, #2908, #833, #4314, #3398, #2368, #5341, #4814, #3353, #1902, #1357, #3897, #1435, #6327 ),
 .UNSPECIFIED., .F., .F.,
 ( 4, 1, 1, 1, 1, 1, 1, 1, 1, 1, 1, 1, 1, 1, 1, 1, 4 ),
 ( 0.0000000000000000000, 0.1156291309254414800, 0.2215410391198767700, 0.3170478562190418000, 0.4031508756396167700, 0.4801812167162797200, 0.5476493661481899300, 0.6070358428421808200, 0.6586524080635073300, 0.7057228903536452200, 0.7498040879796467100, 0.7925868153452740900, 0.8338739610102605700, 0.8747683933034328100, 0.9152226988916381000, 0.9568807037304798400, 1.000000000000000000 ),
 .UNSPECIFIED. ) ;
#1137 = CARTESIAN_POINT ( 'NONE',  ( 2.828427124746188100, 2.828427124746184500, -3.400000000000003500 ) ) ;
#1138 = CARTESIAN_POINT ( 'NONE',  ( -0.1326329364430388100, 2.693583360802367800, 9.800000000000000700 ) ) ;
#1139 = CARTESIAN_POINT ( 'NONE',  ( 2.025220071415393600, 2.470747192236839600, 9.799999999999995400 ) ) ;
#1140 = CARTESIAN_POINT ( 'NONE',  ( 2.417768035531345100, 4.320889949271676600, 9.649999999999998600 ) ) ;
#1141 = CARTESIAN_POINT ( 'NONE',  ( 1.814158609918517600, 4.384854030500344300, 9.800000000000000700 ) ) ;
#1142 = CARTESIAN_POINT ( 'NONE',  ( -4.981444637114788700E-016, -4.067658234670653300, -7.735937499999999500 ) ) ;
#1143 = CARTESIAN_POINT ( 'NONE',  ( -2.254327966281374000, 2.254327966281371800, 1.287499999999997000 ) ) ;
#1144 = CARTESIAN_POINT ( 'NONE',  ( 2.066072570729963900, 4.159925985802330800, 9.799999999999997200 ) ) ;
#1145 = CARTESIAN_POINT ( 'NONE',  ( -1.320554748610671700, 3.188101183952075400, -7.540625000000002100 ) ) ;
#1146 = EDGE_CURVE ( 'NONE', #1328, #3410, #4023, .T. ) ;
#1147 = CARTESIAN_POINT ( 'NONE',  ( -1.320554748610671700, 3.188101183952073200, 8.553125000000001400 ) ) ;
#1148 = CARTESIAN_POINT ( 'NONE',  ( -2.254327966281374400, -2.254327966281377500, 6.599999999999997900 ) ) ;
#1149 = ORIENTED_EDGE ( 'NONE', *, *, #6314, .F. ) ;
#1150 = CARTESIAN_POINT ( 'NONE',  ( 2.254327966281374000, -2.254327966281378400, 8.006249999999999600 ) ) ;
#1151 = CARTESIAN_POINT ( 'NONE',  ( -2.876268721284919800, -2.876268721284922900, 8.357812500000003200 ) ) ;
#1152 = CARTESIAN_POINT ( 'NONE',  ( -0.8175928220254142800, 2.363725484758435700, 9.650000000000000400 ) ) ;
#1153 = VECTOR ( 'NONE', #2992, 1000.000000000000000 ) ;
#1154 = CARTESIAN_POINT ( 'NONE',  ( 3.797709029646875000, 5.312945168894643200, 9.564462191985384700 ) ) ;
#1155 = CARTESIAN_POINT ( 'NONE',  ( -1.179902922808638800, 2.268354532812624200, 9.799999999999998900 ) ) ;
#1156 = CARTESIAN_POINT ( 'NONE',  ( 3.999999999999995600, -2.735321978295392800E-015, -3.712499999999998100 ) ) ;
#1157 = CARTESIAN_POINT ( 'NONE',  ( 1.914161720836846900, 3.050295816437674600, 9.649999999999998600 ) ) ;
#1158 = CARTESIAN_POINT ( 'NONE',  ( -0.09750626532895287400, 2.899597861270652600, 9.800000000000000700 ) ) ;
#1159 = CARTESIAN_POINT ( 'NONE',  ( 2.883523533153040200, 2.181309228143145000, 9.800000000000002500 ) ) ;
#1160 = CARTESIAN_POINT ( 'NONE',  ( 2.143633519861622500, 4.230619031743782600, 9.649999999999998600 ) ) ;
#1161 = CARTESIAN_POINT ( 'NONE',  ( 1.760910755600690900, 4.323384975076524300, 9.799999999999997200 ) ) ;
#1162 = CARTESIAN_POINT ( 'NONE',  ( 2.876268721284919400, -2.876268721284922100, -6.329687500000000400 ) ) ;
#1163 = VECTOR ( 'NONE', #576, 1000.000000000000000 ) ;
#1164 = CARTESIAN_POINT ( 'NONE',  ( -3.188101183952076800, -1.320554748610674300, 2.771874999999998800 ) ) ;
#1165 = ORIENTED_EDGE ( 'NONE', *, *, #2309, .F. ) ;
#1166 = CARTESIAN_POINT ( 'NONE',  ( 2.231579551414150800, 4.281536651754866100, 9.800000000000000700 ) ) ;
#1167 = CARTESIAN_POINT ( 'NONE',  ( 1.320554748610673900, 3.188101183952074100, -7.696875000000003000 ) ) ;
#1168 = CARTESIAN_POINT ( 'NONE',  ( -3.188101183952076800, -1.320554748610675500, 8.865624999999999600 ) ) ;
#1169 = ORIENTED_EDGE ( 'NONE', *, *, #6064, .F. ) ;
#1170 = CARTESIAN_POINT ( 'NONE',  ( 2.777499370423298400, 2.524881103250953300, 9.800000000000000700 ) ) ;
#1171 = AXIS2_PLACEMENT_3D ( 'NONE', #4065, #1639, #2555 ) ;
#1172 = CARTESIAN_POINT ( 'NONE',  ( -3.188101183952076800, 1.320554748610668800, 6.365624999999996100 ) ) ;
#1173 = ORIENTED_EDGE ( 'NONE', *, *, #6293, .F. ) ;
#1174 = CARTESIAN_POINT ( 'NONE',  ( -3.188101183952076800, 1.320554748610670600, -8.790625000000000400 ) ) ;
#1175 = ORIENTED_EDGE ( 'NONE', *, *, #3678, .T. ) ;
#1176 = CARTESIAN_POINT ( 'NONE',  ( 1.684879207899189200, 4.067658234670648900, 6.560937499999999600 ) ) ;
#1177 = CARTESIAN_POINT ( 'NONE',  ( 1.126623147714695300, 3.563224190088744200, 4.350000000000005000 ) ) ;
#1178 = ORIENTED_EDGE ( 'NONE', *, *, #1105, .T. ) ;
#1179 = ORIENTED_EDGE ( 'NONE', *, *, #3778, .T. ) ;
#1180 = CARTESIAN_POINT ( 'NONE',  ( 2.922994523933851100, 3.197484559420318300, 9.799999999999998900 ) ) ;
#1181 = CARTESIAN_POINT ( 'NONE',  ( 0.0000000000000000000, 3.999999999999994200, -1.993750000000002800 ) ) ;
#1182 = CARTESIAN_POINT ( 'NONE',  ( 2.505386096220294500, 2.942996212208443200, 9.799999999999998900 ) ) ;
#1183 = ORIENTED_EDGE ( 'NONE', *, *, #3969, .T. ) ;
#1184 = CARTESIAN_POINT ( 'NONE',  ( -1.656854249492361000, -4.000000000000016900, 3.553124999999998800 ) ) ;
#1185 = CARTESIAN_POINT ( 'NONE',  ( -3.999999999999996400, 1.656854249492376600, -0.6656249999999974700 ) ) ;
#1186 = CARTESIAN_POINT ( 'NONE',  ( 2.166478019807470000, -2.384355196465597800, -9.510415258459007100 ) ) ;
#1187 = CARTESIAN_POINT ( 'NONE',  ( 0.2544232331483318700, 3.266752701824849200, 9.799999999999998900 ) ) ;
#1188 = CARTESIAN_POINT ( 'NONE',  ( -4.067658234670652500, -1.684879207899187700, -6.720312499999999500 ) ) ;
#1189 = APPROVAL_DATE_TIME ( #2335, #5491 ) ;
#1190 = ORIENTED_EDGE ( 'NONE', *, *, #2853, .T. ) ;
#1191 = CARTESIAN_POINT ( 'NONE',  ( -1.320554748610671700, 3.188101183952073600, 4.959374999999997000 ) ) ;
#1192 = ORIENTED_EDGE ( 'NONE', *, *, #6000, .F. ) ;
#1193 = DIRECTION ( 'NONE',  ( -0.0000000000000000000, -1.319585349029264000E-016, -1.000000000000000000 ) ) ;
#1194 = CARTESIAN_POINT ( 'NONE',  ( 3.188101183952076800, -2.069530716959410800E-015, -7.931250000000002100 ) ) ;
#1195 = CARTESIAN_POINT ( 'NONE',  ( 0.0000000000000000000, 4.135316469341309400, -9.571875000000002100 ) ) ;
#1196 = VECTOR ( 'NONE', #4553, 1000.000000000000200 ) ;
#1197 = CARTESIAN_POINT ( 'NONE',  ( 2.436015357267184100, 4.321442892753650800, 9.649999999999998600 ) ) ;
#1198 = CARTESIAN_POINT ( 'NONE',  ( 3.017182993552835100, 2.329225510009890400, 9.649999999999998600 ) ) ;
#1199 = CARTESIAN_POINT ( 'NONE',  ( 2.254327966281374000, -2.254327966281378000, 4.412499999999997900 ) ) ;
#1200 = DIRECTION ( 'NONE',  ( 0.5000000000000000000, -0.8660254037844387100, 0.0000000000000000000 ) ) ;
#1201 = FACE_OUTER_BOUND ( 'NONE', #2101, .T. ) ;
#1202 = CARTESIAN_POINT ( 'NONE',  ( -2.876268721284919800, -2.876268721284922500, 4.607812500000000500 ) ) ;
#1203 = CARTESIAN_POINT ( 'NONE',  ( 3.317197104322218600, 0.3896026317872405300, 4.350000000000007600 ) ) ;
#1204 = CARTESIAN_POINT ( 'NONE',  ( 2.067351926251890200, 2.030896981351955500, 9.799999999999995400 ) ) ;
#1205 = CARTESIAN_POINT ( 'NONE',  ( -1.272123784977943700, 2.434156293486486000, 9.650000000000005700 ) ) ;
#1206 = CARTESIAN_POINT ( 'NONE',  ( 2.828427124746188100, 2.828427124746184500, -3.556249999999998100 ) ) ;
#1207 = CARTESIAN_POINT ( 'NONE',  ( 2.931578789169381400, 2.226082014119179500, 9.799999999999995400 ) ) ;
#1208 = CARTESIAN_POINT ( 'NONE',  ( 2.279164932448338700, 4.299353674836678100, 9.649999999999998600 ) ) ;
#1209 = EDGE_CURVE ( 'NONE', #4885, #1003, #3977, .T. ) ;
#1210 = CARTESIAN_POINT ( 'NONE',  ( 0.2497842996442470900, 3.088874144462509200, 9.799999999999998900 ) ) ;
#1211 = CARTESIAN_POINT ( 'NONE',  ( 1.684879207899185400, -4.067658234670655100, -3.907812499999999500 ) ) ;
#1212 = CARTESIAN_POINT ( 'NONE',  ( 1.320554748610673900, 3.188101183952072300, 8.553124999999997900 ) ) ;
#1213 = CARTESIAN_POINT ( 'NONE',  ( 2.279164932448338700, 4.299353674836678100, 9.649999999999998600 ) ) ;
#1214 = EDGE_CURVE ( 'NONE', #2651, #4336, #5036, .T. ) ;
#1215 = CARTESIAN_POINT ( 'NONE',  ( 3.188101183952076800, -2.222611566852830100E-015, -6.681250000000003000 ) ) ;
#1216 = CARTESIAN_POINT ( 'NONE',  ( -2.924110317823652500, -2.924110317823653400, -9.103125000000002100 ) ) ;
#1217 = CARTESIAN_POINT ( 'NONE',  ( 2.913934230419234600, 3.886356545809434200, 9.799999999999998900 ) ) ;
#1218 = CARTESIAN_POINT ( 'NONE',  ( 3.188101183952076800, 1.320554748610669500, 7.146874999999997900 ) ) ;
#1219 = CARTESIAN_POINT ( 'NONE',  ( -3.188101183952076800, 1.320554748610669700, -3.790624999999998600 ) ) ;
#1220 = CARTESIAN_POINT ( 'NONE',  ( -4.067658234670652500, 1.684879207899183200, 9.373437500000001400 ) ) ;
#1221 = CARTESIAN_POINT ( 'NONE',  ( -0.5822138093994832000, 4.321442892753650800, 9.649999999999998600 ) ) ;
#1222 = DIRECTION ( 'NONE',  ( -0.0000000000000000000, -1.319585349029264000E-016, -1.000000000000000000 ) ) ;
#1223 = CARTESIAN_POINT ( 'NONE',  ( 2.379300597501523600, 2.288918072942968300, 9.799999999999998900 ) ) ;
#1224 = CARTESIAN_POINT ( 'NONE',  ( 3.999999999999995600, 1.656854249492376800, 2.615625000000001900 ) ) ;
#1225 = ORIENTED_EDGE ( 'NONE', *, *, #86, .T. ) ;
#1226 = CARTESIAN_POINT ( 'NONE',  ( 0.1746194824362261000, 3.498749648371278100, -9.213750351628329200 ) ) ;
#1227 = CARTESIAN_POINT ( 'NONE',  ( 1.963604302870751700, 2.638016318881980700, 9.649999999999998600 ) ) ;
#1228 = CARTESIAN_POINT ( 'NONE',  ( -4.067658234670652500, -1.373543318776863100E-015, -6.798437499999999500 ) ) ;
#1229 = CARTESIAN_POINT ( 'NONE',  ( 2.254327966281374900, 2.254327966281370000, 7.224999999999998800 ) ) ;
#1230 = EDGE_CURVE ( 'NONE', #6264, #36, #3710, .T. ) ;
#1231 = CARTESIAN_POINT ( 'NONE',  ( -0.5451771180275006800, 4.620461225159043100, 9.649999999999995000 ) ) ;
#1232 = CARTESIAN_POINT ( 'NONE',  ( -2.254327966281374400, -2.254327966281375800, -7.150000000000003000 ) ) ;
#1233 = CARTESIAN_POINT ( 'NONE',  ( 2.922836744153078000, 3.206339104265663500, 9.649999999999998600 ) ) ;
#1234 = EDGE_CURVE ( 'NONE', #3874, #3574, #3040, .T. ) ;
#1235 = LINE ( 'NONE', #2064, #2556 ) ;
#1236 = CARTESIAN_POINT ( 'NONE',  ( -4.135316469341311100, -1.712904166305995400, -7.931250000000001200 ) ) ;
#1237 = CARTESIAN_POINT ( 'NONE',  ( 1.963604302870751700, 2.638016318881980700, 9.799999999999998900 ) ) ;
#1238 = CARTESIAN_POINT ( 'NONE',  ( 3.999999999999995600, 1.656854249492376800, 2.771874999999996100 ) ) ;
#1239 = CARTESIAN_POINT ( 'NONE',  ( 1.320554748610671000, -3.188101183952079400, -8.321874999999998600 ) ) ;
#1240 = CIRCLE ( 'NONE', #1708, 3.062499999999990200 ) ;
#1241 = CARTESIAN_POINT ( 'NONE',  ( 3.188101183952076800, 1.320554748610671000, -7.853125000000002100 ) ) ;
#1242 = LINE ( 'NONE', #1048, #1555 ) ;
#1243 = EDGE_LOOP ( 'NONE', ( #6270, #2075, #883, #2657, #4800, #5121, #4095, #980, #2011, #629, #1178, #1179, #211, #5202, #2728, #1714, #5678, #6218, #4811, #1066, #4327, #5973, #3241, #2703, #3578, #297, #2492 ) ) ;
#1244 = CARTESIAN_POINT ( 'NONE',  ( -0.5785679760661498500, 4.621442892753650600, 9.649999999999996800 ) ) ;
#1245 = CARTESIAN_POINT ( 'NONE',  ( 0.2468249217244017100, 3.567860004842439400, 9.800000000000000700 ) ) ;
#1246 = CARTESIAN_POINT ( 'NONE',  ( -3.250000000000002700, 5.629165124598856100, 4.548750000000001800 ) ) ;
#1247 = DIRECTION ( 'NONE',  ( 0.0000000000000000000, -0.0000000000000000000, 1.000000000000000000 ) ) ;
#1248 = ORIENTED_EDGE ( 'NONE', *, *, #2148, .F. ) ;
#1249 = DIRECTION ( 'NONE',  ( 0.0000000000000000000, -1.319585349029264000E-016, -1.000000000000000000 ) ) ;
#1250 = CARTESIAN_POINT ( 'NONE',  ( -0.2655342971649657900, 2.043595039885243400, 9.649999999999995000 ) ) ;
#1251 = CARTESIAN_POINT ( 'NONE',  ( -1.684879207899186500, -4.067658234670654200, -5.314062499999999500 ) ) ;
#1252 = CARTESIAN_POINT ( 'NONE',  ( -3.188101183952076800, 1.320554748610668800, 5.115624999999997000 ) ) ;
#1253 = ORIENTED_EDGE ( 'NONE', *, *, #296, .F. ) ;
#1254 = CARTESIAN_POINT ( 'NONE',  ( 0.04906951407697112500, 4.296512960325340900, 9.799999999999997200 ) ) ;
#1255 = CARTESIAN_POINT ( 'NONE',  ( -3.904297910284797800E-016, -3.188101183952079000, -3.243750000000002600 ) ) ;
#1256 = DIRECTION ( 'NONE',  ( 0.0000000000000000000, 1.000000000000000000, 1.224646799147355200E-016 ) ) ;
#1257 = CARTESIAN_POINT ( 'NONE',  ( 4.135316469341310300, -1.712904166305998300, -4.962500000000002100 ) ) ;
#1258 = ORIENTED_EDGE ( 'NONE', *, *, #5135, .T. ) ;
#1259 = CARTESIAN_POINT ( 'NONE',  ( 1.976750424885704200, 2.590964924046655700, 9.799999999999997200 ) ) ;
#1260 = CARTESIAN_POINT ( 'NONE',  ( 2.475801574295241300, 1.996534050378102600, 9.649999999999998600 ) ) ;
#1261 = ORIENTED_EDGE ( 'NONE', *, *, #415, .F. ) ;
#1262 = DIRECTION ( 'NONE',  ( -0.0000000000000000000, -0.0000000000000000000, -1.000000000000000000 ) ) ;
#1263 =( BOUNDED_CURVE ( )  B_SPLINE_CURVE ( 2, ( #2304, #2291, #3221, #2811, #237, #255, #2791, #3717, #6266 ),
 .UNSPECIFIED., .F., .T. ) 
 B_SPLINE_CURVE_WITH_KNOTS ( ( 3, 2, 2, 2, 3 ),
 ( 0.6250000000000000000, 0.6328125000000000000, 0.6406250000000000000, 0.6484375000000000000, 0.6562500000000000000 ),
 .UNSPECIFIED. ) 
 CURVE ( )  GEOMETRIC_REPRESENTATION_ITEM ( )  RATIONAL_B_SPLINE_CURVE ( ( 1.000000000000000000, 0.9238795325112867400, 1.000000000000000000, 0.9238795325112867400, 1.000000000000000000, 0.9238795325112867400, 1.000000000000000000, 0.9238795325112867400, 1.000000000000000000 ) ) 
 REPRESENTATION_ITEM ( '' )  );
#1264 = CARTESIAN_POINT ( 'NONE',  ( 3.188101183952076800, -2.050395610722733800E-015, -8.087499999999998600 ) ) ;
#1265 = APPROVAL ( #1102, 'UNSPECIFIED' ) ;
#1266 = EDGE_LOOP ( 'NONE', ( #1851, #5434, #5684, #4129, #5521 ) ) ;
#1267 = CARTESIAN_POINT ( 'NONE',  ( -3.188101183952076800, -1.059049860062321900E-015, -9.806250000000002100 ) ) ;
#1268 = PERSON_AND_ORGANIZATION ( #665, #4979 ) ;
#1269 = ORIENTED_EDGE ( 'NONE', *, *, #4424, .T. ) ;
#1270 = CARTESIAN_POINT ( 'NONE',  ( -3.347776306123463100, -1.660010861062366900, 4.350000000000003200 ) ) ;
#1271 = CARTESIAN_POINT ( 'NONE',  ( 0.09329223291332274000, 4.212936015356240700, 9.800000000000000700 ) ) ;
#1272 = PLANE ( 'NONE',  #3379 ) ;
#1273 = CARTESIAN_POINT ( 'NONE',  ( 0.01196171794026807000, 2.260015673746188700, 9.649999999999989700 ) ) ;
#1274 = CARTESIAN_POINT ( 'NONE',  ( 4.067658234670652500, -3.211776920613627300E-015, 0.07656250000000024100 ) ) ;
#1275 = CARTESIAN_POINT ( 'NONE',  ( 3.188101183952076800, -1.320554748610677000, 6.990624999999997000 ) ) ;
#1276 = VECTOR ( 'NONE', #4699, 1000.000000000000000 ) ;
#1277 = CARTESIAN_POINT ( 'NONE',  ( -0.5451771180275006800, 4.620461225159043100, 9.799999999999998900 ) ) ;
#1278 = CARTESIAN_POINT ( 'NONE',  ( 1.320554748610671000, -3.188101183952079900, -3.165625000000003500 ) ) ;
#1279 = CARTESIAN_POINT ( 'NONE',  ( 2.924110317823652000, -2.924110317823655200, -3.790625000000001200 ) ) ;
#1280 = CARTESIAN_POINT ( 'NONE',  ( 2.211212811212222500, 2.310061762136490500, 9.799999999999995400 ) ) ;
#1281 = VECTOR ( 'NONE', #3521, 1000.000000000000100 ) ;
#1282 = CARTESIAN_POINT ( 'NONE',  ( -2.705084670698132000, 3.936059657082439300, 9.799999999999998900 ) ) ;
#1283 = CARTESIAN_POINT ( 'NONE',  ( 1.320554748610673900, 3.188101183952074100, -5.353124999999999500 ) ) ;
#1284 = CARTESIAN_POINT ( 'NONE',  ( 2.254327966281374900, 2.254327966281371800, -7.775000000000002100 ) ) ;
#1285 = CARTESIAN_POINT ( 'NONE',  ( -3.595869990751168600, -1.187055673871043600, 4.350000000000001400 ) ) ;
#1286 = CARTESIAN_POINT ( 'NONE',  ( -0.4448624368428830700, 1.995997755970403200, 9.649999999999993200 ) ) ;
#1287 = CARTESIAN_POINT ( 'NONE',  ( -1.684879207899186100, 4.067658234670650700, 0.4671875000000006400 ) ) ;
#1288 = CARTESIAN_POINT ( 'NONE',  ( -3.904297910284797800E-016, -3.188101183952078500, -7.149999999999999500 ) ) ;
#1289 = CARTESIAN_POINT ( 'NONE',  ( -0.07888363690325324300, 3.353743410433222700, 9.799999999999998900 ) ) ;
#1290 = CARTESIAN_POINT ( 'NONE',  ( 2.372111295237232700, 3.222477822193115800, 9.649999999999998600 ) ) ;
#1291 = CARTESIAN_POINT ( 'NONE',  ( -0.5785679760661498500, 4.621442892753652400, 9.800000000000000700 ) ) ;
#1292 = AXIS2_PLACEMENT_3D ( 'NONE', #1451, #2451, #958 ) ;
#1293 = CARTESIAN_POINT ( 'NONE',  ( 1.320554748610671000, -3.188101183952079900, -1.915625000000002800 ) ) ;
#1294 = CARTESIAN_POINT ( 'NONE',  ( 2.828427124746188100, 2.828427124746185000, -8.400000000000003900 ) ) ;
#1295 = CARTESIAN_POINT ( 'NONE',  ( -1.712904166305994700, -4.135316469341312000, -5.275000000000002100 ) ) ;
#1296 = CARTESIAN_POINT ( 'NONE',  ( 2.805478667010117300, 2.585058906136271900, 9.799999999999997200 ) ) ;
#1297 = CARTESIAN_POINT ( 'NONE',  ( 2.408378609103575000, 1.989833636885739000, 9.650000000000000400 ) ) ;
#1298 = CARTESIAN_POINT ( 'NONE',  ( -5.434804642677836000, 4.367767576022060900, 9.319949929344934600 ) ) ;
#1299 = AXIS2_PLACEMENT_3D ( 'NONE', #4350, #1386, #1880 ) ;
#1300 = CARTESIAN_POINT ( 'NONE',  ( 2.254327966281374900, 2.254327966281371800, -6.681249999999999500 ) ) ;
#1301 = ORIENTED_EDGE ( 'NONE', *, *, #1685, .T. ) ;
#1302 = CARTESIAN_POINT ( 'NONE',  ( -2.247193446202883700, -2.798801546214424500, 4.350000000000010300 ) ) ;
#1303 = CARTESIAN_POINT ( 'NONE',  ( -4.067658234670652500, -1.684879207899189000, 2.029687500000000500 ) ) ;
#1304 = LINE ( 'NONE', #4456, #1153 ) ;
#1305 = CARTESIAN_POINT ( 'NONE',  ( -3.188101183952076800, 1.320554748610670100, -5.040624999999999500 ) ) ;
#1306 = DIRECTION ( 'NONE',  ( 0.0000000000000000000, 0.0000000000000000000, 1.000000000000000000 ) ) ;
#1307 = CARTESIAN_POINT ( 'NONE',  ( 1.922364262724120000, 3.685121198140674200, 9.649999999999998600 ) ) ;
#1308 = CARTESIAN_POINT ( 'NONE',  ( 1.940665208543290100, 3.920021333287409000, 9.650000000000000400 ) ) ;
#1309 = CARTESIAN_POINT ( 'NONE',  ( -3.188101183952076800, 1.320554748610669700, -2.384375000000002600 ) ) ;
#1310 = CARTESIAN_POINT ( 'NONE',  ( 2.922533167083869900, 3.165001396981330700, 9.649999999999996800 ) ) ;
#1311 = CARTESIAN_POINT ( 'NONE',  ( 2.964724730424721500, -1.191094987488188200, 4.350000000000000500 ) ) ;
#1312 = CARTESIAN_POINT ( 'NONE',  ( 1.712904166305993600, -4.135316469341313800, 1.131249999999998500 ) ) ;
#1313 = VECTOR ( 'NONE', #1879, 1000.000000000000000 ) ;
#1314 = ORIENTED_EDGE ( 'NONE', *, *, #2798, .F. ) ;
#1315 = CARTESIAN_POINT ( 'NONE',  ( 2.828427124746188100, 2.828427124746185000, -5.900000000000003000 ) ) ;
#1316 = DIRECTION ( 'NONE',  ( -0.8660254037844383700, -0.5000000000000003300, -6.123233995736779600E-017 ) ) ;
#1317 = DIRECTION ( 'NONE',  ( 0.0000000000000000000, 1.224646799147355200E-016, -1.000000000000000000 ) ) ;
#1318 = CARTESIAN_POINT ( 'NONE',  ( -0.4769520990027117900, 2.298752005315744200, 9.649999999999998600 ) ) ;
#1319 =( BOUNDED_CURVE ( )  B_SPLINE_CURVE ( 2, ( #6110, #126, #5097, #3613, #5147, #6044, #638, #2106, #2170 ),
 .UNSPECIFIED., .F., .T. ) 
 B_SPLINE_CURVE_WITH_KNOTS ( ( 3, 2, 2, 2, 3 ),
 ( 0.1875000000000000000, 0.1953125000000000000, 0.2031250000000000000, 0.2109375000000000300, 0.2187500000000000300 ),
 .UNSPECIFIED. ) 
 CURVE ( )  GEOMETRIC_REPRESENTATION_ITEM ( )  RATIONAL_B_SPLINE_CURVE ( ( 1.000000000000000000, 0.9238795325112867400, 1.000000000000000000, 0.9238795325112867400, 1.000000000000000000, 0.9238795325112867400, 1.000000000000000000, 0.9238795325112865200, 1.000000000000000200 ) ) 
 REPRESENTATION_ITEM ( '' )  );
#1320 = CARTESIAN_POINT ( 'NONE',  ( -2.254327966281374400, -2.254327966281376200, -3.556249999999999500 ) ) ;
#1321 = CARTESIAN_POINT ( 'NONE',  ( 2.067351926251890200, 2.030896981351955500, 9.649999999999995000 ) ) ;
#1322 = ORIENTED_EDGE ( 'NONE', *, *, #3319, .T. ) ;
#1323 = VERTEX_POINT ( 'NONE', #303 ) ;
#1324 = EDGE_CURVE ( 'NONE', #4566, #287, #1595, .T. ) ;
#1325 = PLANE ( 'NONE',  #1625 ) ;
#1326 = ORIENTED_EDGE ( 'NONE', *, *, #3147, .T. ) ;
#1327 = CARTESIAN_POINT ( 'NONE',  ( -4.067658234670652500, -2.292028418137379700E-015, 0.7015625000000007500 ) ) ;
#1328 = VERTEX_POINT ( 'NONE', #3638 ) ;
#1329 = CARTESIAN_POINT ( 'NONE',  ( -1.320554748610672300, -3.188101183952078100, -9.728124999999998600 ) ) ;
#1330 = ORIENTED_EDGE ( 'NONE', *, *, #1685, .F. ) ;
#1331 = CARTESIAN_POINT ( 'NONE',  ( 0.0000000000000000000, -2.546799723626479500E-015, -9.649999999999998600 ) ) ;
#1332 = DIRECTION ( 'NONE',  ( -1.000000000000000000, 0.0000000000000000000, 0.0000000000000000000 ) ) ;
#1333 = VERTEX_POINT ( 'NONE', #1180 ) ;
#1334 = CARTESIAN_POINT ( 'NONE',  ( 2.254327966281374000, -2.254327966281377100, -1.837500000000002400 ) ) ;
#1335 = CARTESIAN_POINT ( 'NONE',  ( -2.731762703917112000, 4.272634082983291400, 9.800000000000000700 ) ) ;
#1336 = CARTESIAN_POINT ( 'NONE',  ( -4.898587196589407900E-016, -3.999999999999996400, -7.774999999999998600 ) ) ;
#1337 = CARTESIAN_POINT ( 'NONE',  ( 1.712904166305993600, -4.135316469341313800, -0.1187500000000008000 ) ) ;
#1338 = ORIENTED_EDGE ( 'NONE', *, *, #5006, .T. ) ;
#1339 = CARTESIAN_POINT ( 'NONE',  ( -1.360112070741744700, 3.892457581149272500, 9.799999999999998900 ) ) ;
#1340 = DIRECTION ( 'NONE',  ( 0.0000000000000000000, 1.319585349029264000E-016, 1.000000000000000000 ) ) ;
#1341 = CARTESIAN_POINT ( 'NONE',  ( -0.2204746136428095100, 2.483786784911688400, 9.799999999999998900 ) ) ;
#1342 = CARTESIAN_POINT ( 'NONE',  ( -1.320554748610671700, 3.188101183952074500, -1.446874999999998600 ) ) ;
#1343 = LINE ( 'NONE', #5670, #4283 ) ;
#1344 = CARTESIAN_POINT ( 'NONE',  ( -3.178567976066149800, 3.971442892753650700, 9.649999999999998600 ) ) ;
#1345 = EDGE_CURVE ( 'NONE', #6439, #5346, #5337, .T. ) ;
#1346 = CIRCLE ( 'NONE', #2818, 6.500000000000001800 ) ;
#1347 = EDGE_CURVE ( 'NONE', #4277, #3874, #4184, .T. ) ;
#1348 = CARTESIAN_POINT ( 'NONE',  ( 2.876268721284919400, -2.876268721284922900, 2.420312500000000500 ) ) ;
#1349 = CARTESIAN_POINT ( 'NONE',  ( 3.188101183952076800, -1.320554748610675500, -6.915625000000000400 ) ) ;
#1350 = CARTESIAN_POINT ( 'NONE',  ( -1.320554748610672300, -3.188101183952079000, -4.728124999999999500 ) ) ;
#1351 = CARTESIAN_POINT ( 'NONE',  ( -1.360112070741744700, 3.892457581149272500, 9.649999999999998600 ) ) ;
#1352 = CARTESIAN_POINT ( 'NONE',  ( 1.320554748610671000, -3.188101183952080300, -0.8218749999999996900 ) ) ;
#1353 = CARTESIAN_POINT ( 'NONE',  ( -2.830552789624150000, 4.187355428746085900, 9.799999999999997200 ) ) ;
#1354 = CARTESIAN_POINT ( 'NONE',  ( -3.999999999999995600, -2.291387513604479400E-015, 0.6625000000000022000 ) ) ;
#1355 = CARTESIAN_POINT ( 'NONE',  ( 1.712904166305993600, -4.135316469341312900, -2.618750000000001200 ) ) ;
#1356 = CARTESIAN_POINT ( 'NONE',  ( 2.254327966281374000, -2.254327966281377100, -1.837500000000002400 ) ) ;
#1357 = CARTESIAN_POINT ( 'NONE',  ( -0.4756748565354869100, 4.310102985771689700, 9.649999999999998600 ) ) ;
#1358 = CARTESIAN_POINT ( 'NONE',  ( -0.5613511018966591500, 2.288766853651625700, 9.799999999999998900 ) ) ;
#1359 = CARTESIAN_POINT ( 'NONE',  ( -3.188101183952076800, -1.320554748610673900, -1.134374999999999900 ) ) ;
#1360 = CARTESIAN_POINT ( 'NONE',  ( 2.356988152009696200, 4.620757503314050200, 9.649999999999998600 ) ) ;
#1361 = CARTESIAN_POINT ( 'NONE',  ( -1.167300886856041300, 4.350582961660330200, 9.799999999999997200 ) ) ;
#1362 = CARTESIAN_POINT ( 'NONE',  ( -3.188101183952076800, -1.499157303505903100E-015, -6.212499999999999500 ) ) ;
#1363 = CARTESIAN_POINT ( 'NONE',  ( 3.999999999999995600, -3.672942183892586500E-015, 3.943749999999997400 ) ) ;
#1364 = CARTESIAN_POINT ( 'NONE',  ( 2.785639048100273700, 4.518180286621154500, 9.649999999999995000 ) ) ;
#1365 = CARTESIAN_POINT ( 'NONE',  ( 1.600469841145840900, 3.580287793954897600, 9.799999999999997200 ) ) ;
#1366 = CARTESIAN_POINT ( 'NONE',  ( 3.188101183952076800, -2.662719010296411500E-015, -3.087499999999999000 ) ) ;
#1367 = CARTESIAN_POINT ( 'NONE',  ( -1.809086441532148600, 3.567521022652074200, 4.349999999999999600 ) ) ;
#1368 = ORIENTED_EDGE ( 'NONE', *, *, #5428, .T. ) ;
#1369 = CARTESIAN_POINT ( 'NONE',  ( -2.924110317823652000, 2.924110317823650300, -3.165625000000001700 ) ) ;
#1370 = CARTESIAN_POINT ( 'NONE',  ( -3.188101183952076800, 1.320554748610669700, 0.1156249999999976700 ) ) ;
#1371 = CARTESIAN_POINT ( 'NONE',  ( -3.054819253910172200, 4.035173732414403200, 9.649999999999995000 ) ) ;
#1372 = CARTESIAN_POINT ( 'NONE',  ( 2.667710688685978500, 3.276841648268658900, 9.799999999999997200 ) ) ;
#1373 = DIRECTION ( 'NONE',  ( -0.0000000000000000000, -0.0000000000000000000, -1.000000000000000000 ) ) ;
#1374 = CARTESIAN_POINT ( 'NONE',  ( 0.6611972333946553000, -3.123259994482848500, -9.524398816047911600 ) ) ;
#1375 = CARTESIAN_POINT ( 'NONE',  ( 3.188101183952076800, -1.320554748610676100, 0.5843750000000015300 ) ) ;
#1376 = CARTESIAN_POINT ( 'NONE',  ( 1.632044817890785400, 2.578707495466400000, 9.649999999999998600 ) ) ;
#1377 = CARTESIAN_POINT ( 'NONE',  ( -2.254327966281374400, -2.254327966281375300, -9.650000000000002100 ) ) ;
#1378 = CIRCLE ( 'NONE', #4074, 6.500000000000001800 ) ;
#1379 = CARTESIAN_POINT ( 'NONE',  ( -1.320554748610672300, -3.188101183952079000, -3.478124999999999000 ) ) ;
#1380 = CARTESIAN_POINT ( 'NONE',  ( 3.999999999999995600, -3.194564527975651100E-015, 0.03750000000000158100 ) ) ;
#1381 = CARTESIAN_POINT ( 'NONE',  ( -1.411901309399483700, 3.303734559420318000, 9.649999999999998600 ) ) ;
#1382 = FACE_OUTER_BOUND ( 'NONE', #1629, .T. ) ;
#1383 = ORIENTED_EDGE ( 'NONE', *, *, #6236, .T. ) ;
#1384 = CARTESIAN_POINT ( 'NONE',  ( 2.339661190600517600, 1.988109559420317800, 9.649999999999998600 ) ) ;
#1385 = CARTESIAN_POINT ( 'NONE',  ( 0.0000000000000000000, 3.999999999999994200, -0.8999999999999975800 ) ) ;
#1386 = DIRECTION ( 'NONE',  ( 0.0000000000000000000, 1.319585349029263700E-016, 1.000000000000000000 ) ) ;
#1387 = CARTESIAN_POINT ( 'NONE',  ( 1.712904166305997200, 4.135316469341308500, -3.400000000000000800 ) ) ;
#1388 = ORIENTED_EDGE ( 'NONE', *, *, #2539, .F. ) ;
#1389 = CARTESIAN_POINT ( 'NONE',  ( -3.904297910284797800E-016, -3.188101183952079400, 0.5062499999999979800 ) ) ;
#1390 = B_SPLINE_CURVE_WITH_KNOTS ( 'NONE', 3,
 ( #5846, #2444, #4364, #3385, #5910, #910, #3343, #2377, #4841, #1893, #362, #866, #6336, #2918, #1406, #3927, #420, #3362, #1876 ),
 .UNSPECIFIED., .F., .F.,
 ( 4, 1, 1, 1, 1, 1, 1, 1, 1, 1, 1, 1, 1, 1, 1, 1, 4 ),
 ( 0.0000000000000000000, 0.06356279476131299100, 0.1251058005963732200, 0.1845903635750655600, 0.2424608794724137700, 0.3001294631552405800, 0.3577225688569441500, 0.4160796145988852100, 0.4756903520644880100, 0.5363271219571444900, 0.5965023707652280500, 0.6578329700478637900, 0.7207737037544804700, 0.7856450506124824700, 0.8535977835001857800, 0.9251255824150461700, 1.000000000000000000 ),
 .UNSPECIFIED. ) ;
#1391 = CARTESIAN_POINT ( 'NONE',  ( -1.409408961904445200, 3.132038297985552800, 9.649999999999996800 ) ) ;
#1392 = CARTESIAN_POINT ( 'NONE',  ( 2.708450875117728100, 3.302247632677892700, 9.799999999999998900 ) ) ;
#1393 = ORIENTED_EDGE ( 'NONE', *, *, #5457, .T. ) ;
#1394 = CARTESIAN_POINT ( 'NONE',  ( -3.188101183952076800, 1.320554748610669500, 2.615624999999998800 ) ) ;
#1395 = CARTESIAN_POINT ( 'NONE',  ( 2.254327966281374900, 2.254327966281370900, 0.8187500000000000900 ) ) ;
#1396 = EDGE_LOOP ( 'NONE', ( #3858, #1860, #4466, #3262 ) ) ;
#1397 = CARTESIAN_POINT ( 'NONE',  ( 2.549188983786274700, 2.322606663556192200, 9.649999999999996800 ) ) ;
#1398 = CARTESIAN_POINT ( 'NONE',  ( 2.384973690600517700, 4.621442892753650600, 9.799999999999998900 ) ) ;
#1399 = AXIS2_PLACEMENT_3D ( 'NONE', #5719, #3253, #5761 ) ;
#1400 = VERTEX_POINT ( 'NONE', #5668 ) ;
#1401 = EDGE_CURVE ( 'NONE', #3574, #275, #3382, .T. ) ;
#1402 = CARTESIAN_POINT ( 'NONE',  ( -1.320554748610672300, -3.188101183952078500, -5.821875000000003900 ) ) ;
#1403 = VERTEX_POINT ( 'NONE', #5103 ) ;
#1404 = CARTESIAN_POINT ( 'NONE',  ( -1.042361651721607900, 4.478760440919576700, 9.650000000000005700 ) ) ;
#1405 = CARTESIAN_POINT ( 'NONE',  ( -3.188101183952076800, -2.111480703079580900E-015, -1.212500000000000100 ) ) ;
#1406 = CARTESIAN_POINT ( 'NONE',  ( 2.902683653666203100, 3.590296354057289600, 9.650000000000000400 ) ) ;
#1407 = CARTESIAN_POINT ( 'NONE',  ( 3.214235013987213600, 3.878300917165180600, 9.649999999999996800 ) ) ;
#1408 = VERTEX_POINT ( 'NONE', #1610 ) ;
#1409 = DIRECTION ( 'NONE',  ( 0.0000000000000000000, 0.0000000000000000000, 1.000000000000000000 ) ) ;
#1410 = CARTESIAN_POINT ( 'NONE',  ( -2.637652640129423800, 3.990504670239319700, 9.649999999999998600 ) ) ;
#1411 = CARTESIAN_POINT ( 'NONE',  ( -4.135316469341310300, -2.904992722243957200E-015, 5.740624999999999600 ) ) ;
#1412 = PLANE ( 'NONE',  #1292 ) ;
#1413 = CARTESIAN_POINT ( 'NONE',  ( 1.320554748610673900, 3.188101183952073600, -3.946875000000002600 ) ) ;
#1414 = CARTESIAN_POINT ( 'NONE',  ( -2.459817976066150300, 4.621442892753652400, 9.650000000000000400 ) ) ;
#1415 = FACE_OUTER_BOUND ( 'NONE', #3550, .T. ) ;
#1416 = CARTESIAN_POINT ( 'NONE',  ( 2.783140072104965900, 3.365368663936147500, 9.649999999999995000 ) ) ;
#1417 = PLANE ( 'NONE',  #696 ) ;
#1418 = CARTESIAN_POINT ( 'NONE',  ( -3.188101183952076800, -3.029965802440097200E-015, 6.287500000000001400 ) ) ;
#1419 = CARTESIAN_POINT ( 'NONE',  ( 2.856924073145326500, 2.731360858338189000, 9.800000000000000700 ) ) ;
#1420 = CARTESIAN_POINT ( 'NONE',  ( -0.7528730450656931900, 2.002001203055646000, 9.799999999999997200 ) ) ;
#1421 = FACE_BOUND ( 'NONE', #4795, .T. ) ;
#1422 = CARTESIAN_POINT ( 'NONE',  ( -2.245234642732816700, 2.021442892753651400, 9.799999999999998900 ) ) ;
#1423 = CARTESIAN_POINT ( 'NONE',  ( -2.254327966281374400, -2.254327966281376200, -3.400000000000003000 ) ) ;
#1424 = EDGE_CURVE ( 'NONE', #4205, #266, #2088, .T. ) ;
#1425 = CARTESIAN_POINT ( 'NONE',  ( -1.320554748610671700, 3.188101183952074500, -2.696874999999999500 ) ) ;
#1426 = CARTESIAN_POINT ( 'NONE',  ( 3.188101183952076800, -2.988015816319927100E-015, -0.4312500000000028000 ) ) ;
#1427 = CARTESIAN_POINT ( 'NONE',  ( 3.196139409189238600, 3.958664424771078500, 9.650000000000000400 ) ) ;
#1428 = CARTESIAN_POINT ( 'NONE',  ( 1.848847872052341400, 2.162219518107972400, 9.799999999999998900 ) ) ;
#1429 = CARTESIAN_POINT ( 'NONE',  ( 3.214235013987213600, 3.878300917165180600, 9.799999999999997200 ) ) ;
#1430 = CARTESIAN_POINT ( 'NONE',  ( -0.9665990766473657700, 4.078862949831616900, 9.799999999999997200 ) ) ;
#1431 = CARTESIAN_POINT ( 'NONE',  ( -5.064302077640169400E-016, -4.135316469341312900, 4.803124999999998800 ) ) ;
#1432 = CARTESIAN_POINT ( 'NONE',  ( 0.1849953573874702800, 2.638247567869771900, 9.649999999999996800 ) ) ;
#1433 = CARTESIAN_POINT ( 'NONE',  ( -3.188101183952076800, -1.320554748610674100, 0.2718749999999978100 ) ) ;
#1434 = DIRECTION ( 'NONE',  ( 0.0000000000000000000, 1.000000000000000000, 1.224646799147355200E-016 ) ) ;
#1435 = CARTESIAN_POINT ( 'NONE',  ( -0.5639425617580546800, 4.320865242541008100, 9.649999999999998600 ) ) ;
#1436 = CARTESIAN_POINT ( 'NONE',  ( 0.0000000000000000000, 3.188101183952073600, 3.631249999999997400 ) ) ;
#1437 = CARTESIAN_POINT ( 'NONE',  ( 1.320554748610671000, -3.188101183952081200, 2.928124999999999600 ) ) ;
#1438 = CARTESIAN_POINT ( 'NONE',  ( 2.658849210360633800, 2.385466092316900400, 9.649999999999998600 ) ) ;
#1439 = CARTESIAN_POINT ( 'NONE',  ( -3.999999999999995600, -2.597549213391318100E-015, 3.162500000000002800 ) ) ;
#1440 = CARTESIAN_POINT ( 'NONE',  ( 3.999999999999995600, 1.656854249492378100, -6.134374999999998600 ) ) ;
#1441 = EDGE_CURVE ( 'NONE', #5881, #906, #2243, .T. ) ;
#1442 = CARTESIAN_POINT ( 'NONE',  ( -3.188101183952076800, 1.320554748610669700, -3.634375000000002100 ) ) ;
#1443 = EDGE_LOOP ( 'NONE', ( #4865, #587, #1368, #5414 ) ) ;
#1444 = CARTESIAN_POINT ( 'NONE',  ( -2.254327966281374400, -2.254327966281376200, -3.556249999999999500 ) ) ;
#1445 = CARTESIAN_POINT ( 'NONE',  ( -0.5280192699389861800, 4.319729518393137000, 9.649999999999995000 ) ) ;
#1446 = CARTESIAN_POINT ( 'NONE',  ( 2.094019312039336900, 3.331393274888202200, 9.800000000000000700 ) ) ;
#1447 = CARTESIAN_POINT ( 'NONE',  ( 2.244428206340494100E-011, -3.900941469341995900, -8.811558530657993800 ) ) ;
#1448 = CARTESIAN_POINT ( 'NONE',  ( 2.977848297248793400, 4.368763125388875700, 9.799999999999998900 ) ) ;
#1449 = CARTESIAN_POINT ( 'NONE',  ( 1.712904166305997200, 4.135316469341307600, 2.849999999999997900 ) ) ;
#1450 = CC_DESIGN_DATE_AND_TIME_ASSIGNMENT ( #5148, #5539, ( #1033 ) ) ;
#1451 = CARTESIAN_POINT ( 'NONE',  ( -2.861387481399059400, 3.829180641537042600, 9.799999999999998900 ) ) ;
#1452 = CARTESIAN_POINT ( 'NONE',  ( -2.828427124746187600, -2.828427124746189400, -0.2750000000000032400 ) ) ;
#1453 = CARTESIAN_POINT ( 'NONE',  ( 2.722952867630072500, 2.073109400140037200, 9.649999999999995000 ) ) ;
#1454 = CARTESIAN_POINT ( 'NONE',  ( -0.2980381597996004700, 2.397490827627878100, 9.649999999999996800 ) ) ;
#1455 = CARTESIAN_POINT ( 'NONE',  ( 0.1680925738198202300, 4.020623197417361200, 9.650000000000002100 ) ) ;
#1456 = CARTESIAN_POINT ( 'NONE',  ( 3.188101183952076800, -3.447258366000185100E-015, 3.318749999999997000 ) ) ;
#1457 = CARTESIAN_POINT ( 'NONE',  ( 0.0000000000000000000, 3.188101183952073600, 4.724999999999999600 ) ) ;
#1458 = FACE_OUTER_BOUND ( 'NONE', #921, .T. ) ;
#1459 = CARTESIAN_POINT ( 'NONE',  ( 2.704805783920760200, 2.426465812763594100, 9.649999999999998600 ) ) ;
#1460 = CARTESIAN_POINT ( 'NONE',  ( 2.920327412421619400, 3.827146540056639800, 9.650000000000000400 ) ) ;
#1461 = ORIENTED_EDGE ( 'NONE', *, *, #1214, .F. ) ;
#1462 = CARTESIAN_POINT ( 'NONE',  ( 2.326119523933850800, 2.921442892753651800, 9.799999999999998900 ) ) ;
#1463 = EDGE_CURVE ( 'NONE', #6189, #2804, #3978, .T. ) ;
#1464 = EDGE_CURVE ( 'NONE', #369, #2795, #1867, .T. ) ;
#1465 = CARTESIAN_POINT ( 'NONE',  ( 2.254327966281374000, -2.254327966281376700, -5.587500000000003000 ) ) ;
#1466 = ORIENTED_EDGE ( 'NONE', *, *, #4837, .T. ) ;
#1467 = CARTESIAN_POINT ( 'NONE',  ( 1.590205558038969600, 3.851915267005087800, 9.800000000000000700 ) ) ;
#1468 = CARTESIAN_POINT ( 'NONE',  ( 0.0000000000000000000, 3.188101183952074500, -2.774999999999999500 ) ) ;
#1469 = ORIENTED_EDGE ( 'NONE', *, *, #3007, .F. ) ;
#1470 = CARTESIAN_POINT ( 'NONE',  ( -0.4756748565354869100, 4.310102985771689700, 9.649999999999995000 ) ) ;
#1471 = CARTESIAN_POINT ( 'NONE',  ( 2.318375235555327300, 3.229328934589326600, 9.800000000000002500 ) ) ;
#1472 = CARTESIAN_POINT ( 'NONE',  ( 1.669982626832031500, 2.437472285824601800, 9.799999999999998900 ) ) ;
#1473 = EDGE_LOOP ( 'NONE', ( #5882, #2250, #5354, #6433 ) ) ;
#1474 = CARTESIAN_POINT ( 'NONE',  ( 2.732534774918395900, 4.546048044599263700, 9.799999999999997200 ) ) ;
#1475 = CARTESIAN_POINT ( 'NONE',  ( -1.076905241757988700, 3.447723621495014400, 9.799999999999998900 ) ) ;
#1476 = CARTESIAN_POINT ( 'NONE',  ( -4.135316469341311100, 1.712904166305991800, 1.912499999999999600 ) ) ;
#1477 = CARTESIAN_POINT ( 'NONE',  ( 2.436015357267184100, 4.321442892753650800, 9.799999999999998900 ) ) ;
#1478 = ORIENTED_EDGE ( 'NONE', *, *, #4246, .F. ) ;
#1479 = CARTESIAN_POINT ( 'NONE',  ( -2.254327966281374000, 2.254327966281372200, -3.868749999999999000 ) ) ;
#1480 = CARTESIAN_POINT ( 'NONE',  ( 2.873249503627420600, 3.187857568894492600, 9.649999999999998600 ) ) ;
#1481 = CARTESIAN_POINT ( 'NONE',  ( 3.149788330449685400, 2.588139165773961600, 9.800000000000000700 ) ) ;
#1482 = CARTESIAN_POINT ( 'NONE',  ( 1.939522870464301700, 3.580114041923105000, 9.650000000000000400 ) ) ;
#1483 = ADVANCED_FACE ( 'NONE', ( #6195 ), #2280, .T. ) ;
#1484 = CARTESIAN_POINT ( 'NONE',  ( -0.5451771180275006800, 4.620461225159043100, 9.649999999999998600 ) ) ;
#1485 = CARTESIAN_POINT ( 'NONE',  ( -1.320554748610672300, -3.188101183952079900, 4.178124999999997900 ) ) ;
#1486 = VERTEX_POINT ( 'NONE', #1244 ) ;
#1487 = CARTESIAN_POINT ( 'NONE',  ( -3.904297910284797800E-016, -3.188101183952079900, 5.350000000000000500 ) ) ;
#1488 = COORDINATED_UNIVERSAL_TIME_OFFSET ( 6, 0, .BEHIND. ) ;
#1489 = CARTESIAN_POINT ( 'NONE',  ( 2.922533167083869900, 3.165001396981330700, 9.649999999999996800 ) ) ;
#1490 = ORIENTED_EDGE ( 'NONE', *, *, #6064, .T. ) ;
#1491 = CARTESIAN_POINT ( 'NONE',  ( 2.921432023933851200, 3.261026226086984900, 9.799999999999998900 ) ) ;
#1492 = AXIS2_PLACEMENT_3D ( 'NONE', #969, #4974, #413 ) ;
#1493 = CARTESIAN_POINT ( 'NONE',  ( 3.188101183952076800, 1.320554748610670600, -2.853125000000003000 ) ) ;
#1494 = CARTESIAN_POINT ( 'NONE',  ( 3.149726221910802000, 4.098781547630287600, 9.649999999999998600 ) ) ;
#1495 = LINE ( 'NONE', #4052, #927 ) ;
#1496 = B_SPLINE_CURVE_WITH_KNOTS ( 'NONE', 3,
 ( #4291, #4803, #1307, #6299, #339, #3823, #2803, #849, #5334, #1854, #1800, #5827, #364, #3843, #5753, #807, #1290, #281, #3761 ),
 .UNSPECIFIED., .F., .F.,
 ( 4, 1, 1, 1, 1, 1, 1, 1, 1, 1, 1, 1, 1, 1, 1, 1, 4 ),
 ( 0.0000000000000000000, 0.06888775075671278700, 0.1350620990840966100, 0.1988160971671652200, 0.2603024555712333300, 0.3211511505910358300, 0.3810814870658223400, 0.4406650684421983800, 0.5012293205660759400, 0.5616525301592040200, 0.6208049606778793800, 0.6802725077058161500, 0.7404632870876719500, 0.8015385826321354000, 0.8649379009159033900, 0.9311122492432872800, 1.000000000000000000 ),
 .UNSPECIFIED. ) ;
#1497 = CARTESIAN_POINT ( 'NONE',  ( 1.872677519280786100, 4.440008787870028500, 9.800000000000002500 ) ) ;
#1498 = CARTESIAN_POINT ( 'NONE',  ( -3.904297910284797800E-016, -3.188101183952079900, 4.100000000000001400 ) ) ;
#1499 = CARTESIAN_POINT ( 'NONE',  ( 3.188101183952076800, -1.897314760829314100E-015, -9.337499999999998600 ) ) ;
#1500 = CARTESIAN_POINT ( 'NONE',  ( 0.0000000000000000000, 4.115877699335573000E-015, 4.350000000000000500 ) ) ;
#1501 = CARTESIAN_POINT ( 'NONE',  ( 1.914161720836846900, 3.050295816437674600, 9.799999999999998900 ) ) ;
#1502 = CARTESIAN_POINT ( 'NONE',  ( -1.078237002572867400, 3.254768769302756500, 9.800000000000000700 ) ) ;
#1503 = CARTESIAN_POINT ( 'NONE',  ( -0.9404361345048731800, 4.122604748782730900, 9.799999999999998900 ) ) ;
#1504 = CARTESIAN_POINT ( 'NONE',  ( -4.135316469341311100, -1.712904166305997200, 4.568749999999998800 ) ) ;
#1505 = CARTESIAN_POINT ( 'NONE',  ( -6.500000000000000900, -3.752776749732947200, 8.997274632750784200 ) ) ;
#1506 = DIRECTION ( 'NONE',  ( -1.000000000000000000, 0.0000000000000000000, 0.0000000000000000000 ) ) ;
#1507 = CARTESIAN_POINT ( 'NONE',  ( -3.188101183952076800, 1.320554748610669700, -3.790624999999998600 ) ) ;
#1508 = CARTESIAN_POINT ( 'NONE',  ( -3.904297910284797800E-016, -3.188101183952078500, -8.243750000000002100 ) ) ;
#1509 = CARTESIAN_POINT ( 'NONE',  ( 2.931578789169381400, 2.226082014119179500, 9.799999999999995400 ) ) ;
#1510 = CARTESIAN_POINT ( 'NONE',  ( 2.921432023933851200, 3.765713726086984600, 9.649999999999996800 ) ) ;
#1511 = CARTESIAN_POINT ( 'NONE',  ( -4.898587196589407900E-016, -3.999999999999997300, -4.024999999999999500 ) ) ;
#1512 = CARTESIAN_POINT ( 'NONE',  ( -1.320554748610671700, 3.188101183952073200, 7.303125000000002300 ) ) ;
#1513 = CARTESIAN_POINT ( 'NONE',  ( 2.417768035531345100, 4.320889949271676600, 9.799999999999998900 ) ) ;
#1514 = DIRECTION ( 'NONE',  ( 0.0000000000000000000, 1.000000000000000000, 1.334402673828312800E-016 ) ) ;
#1515 = CARTESIAN_POINT ( 'NONE',  ( 0.0000000000000000000, 4.091537844202519000E-015, 4.548750000000001000 ) ) ;
#1516 = CARTESIAN_POINT ( 'NONE',  ( 3.188101183952076800, -3.141096666213346900E-015, 0.8187499999999983100 ) ) ;
#1517 = CARTESIAN_POINT ( 'NONE',  ( 3.254077797992441600, 3.486952415654749300, 9.799999999999998900 ) ) ;
#1518 = CARTESIAN_POINT ( 'NONE',  ( 2.384973690600517700, 4.621442892753650600, 9.799999999999998900 ) ) ;
#1519 = CARTESIAN_POINT ( 'NONE',  ( 2.254327966281374900, 2.254327966281370900, 2.068750000000001000 ) ) ;
#1520 = CARTESIAN_POINT ( 'NONE',  ( 1.320554748610671000, -3.188101183952079400, -5.821874999999998600 ) ) ;
#1521 = CARTESIAN_POINT ( 'NONE',  ( -0.3340868307836024600, 4.243446314698341700, 9.799999999999997200 ) ) ;
#1522 = CARTESIAN_POINT ( 'NONE',  ( 2.250740955257044500, 2.923395868681153000, 9.650000000000005700 ) ) ;
#1523 = DIRECTION ( 'NONE',  ( 1.000000000000000000, 0.0000000000000000000, -0.0000000000000000000 ) ) ;
#1524 = CARTESIAN_POINT ( 'NONE',  ( -2.803152984347998100, 2.296661443082021600, -9.096739804831457800 ) ) ;
#1525 = CARTESIAN_POINT ( 'NONE',  ( -1.399704787346716600, 3.621266290953129000, 9.650000000000000400 ) ) ;
#1526 = CARTESIAN_POINT ( 'NONE',  ( 2.094019312039336900, 3.331393274888202200, 9.650000000000000400 ) ) ;
#1527 = CARTESIAN_POINT ( 'NONE',  ( -2.828427124746187200, 2.828427124746185400, 1.756250000000001400 ) ) ;
#1528 = CARTESIAN_POINT ( 'NONE',  ( 3.188101183952076800, -1.320554748610676300, 1.834375000000001000 ) ) ;
#1529 = CARTESIAN_POINT ( 'NONE',  ( 0.0000000000000000000, 3.999999999999994700, -9.649999999999998600 ) ) ;
#1530 = CARTESIAN_POINT ( 'NONE',  ( 3.229249173901418400, 2.932075846940526400, 9.649999999999996800 ) ) ;
#1531 = CARTESIAN_POINT ( 'NONE',  ( -0.5785679760661498500, 1.988109559420317800, 9.799999999999998900 ) ) ;
#1532 = ORIENTED_EDGE ( 'NONE', *, *, #5327, .T. ) ;
#1533 = CARTESIAN_POINT ( 'NONE',  ( 2.381820764895425000, 4.319800649193525500, 9.799999999999998900 ) ) ;
#1534 = EDGE_CURVE ( 'NONE', #1984, #906, #4525, .T. ) ;
#1535 = CARTESIAN_POINT ( 'NONE',  ( 2.606235189318822700, 2.350960393818981100, 9.799999999999997200 ) ) ;
#1536 = CARTESIAN_POINT ( 'NONE',  ( -1.320554748610671700, 3.188101183952073200, 8.553125000000001400 ) ) ;
#1537 = EDGE_CURVE ( 'NONE', #5022, #3111, #979, .T. ) ;
#1538 = CARTESIAN_POINT ( 'NONE',  ( -3.188101183952076800, 1.320554748610669700, 0.1156249999999976700 ) ) ;
#1539 = FACE_OUTER_BOUND ( 'NONE', #1785, .T. ) ;
#1540 = CARTESIAN_POINT ( 'NONE',  ( 2.837452025197684200, 4.486491153694250200, 9.799999999999998900 ) ) ;
#1541 = B_SPLINE_CURVE_WITH_KNOTS ( 'NONE', 3,
 ( #285, #1311, #6383, #475, #889, #2902, #2504, #3439, #4367, #2429 ),
 .UNSPECIFIED., .F., .F.,
 ( 4, 2, 2, 2, 4 ),
 ( 0.0000000000000000000, 0.0006307434546776272700, 0.001261486909355254500, 0.001892230364032881500, 0.002522973818710509500 ),
 .UNSPECIFIED. ) ;
#1542 = B_SPLINE_CURVE_WITH_KNOTS ( 'NONE', 3,
 ( #868, #2885, #5912, #2475, #2426, #5394, #3461, #5441, #1895, #1447 ),
 .UNSPECIFIED., .F., .F.,
 ( 4, 2, 2, 2, 4 ),
 ( 0.0000000000000000000, 0.0007745192850288293000, 0.001549038570057658600, 0.002323557855086488100, 0.003098077140115316300 ),
 .UNSPECIFIED. ) ;
#1543 = CARTESIAN_POINT ( 'NONE',  ( -3.188101183952076800, -2.876884952546677900E-015, 5.037500000000000500 ) ) ;
#1544 = CARTESIAN_POINT ( 'NONE',  ( -3.188101183952076800, 1.320554748610670300, -7.540624999999999500 ) ) ;
#1545 = CARTESIAN_POINT ( 'NONE',  ( -0.2536307666919957500, 4.166904755870026700, 9.799999999999998900 ) ) ;
#1546 = LINE ( 'NONE', #2114, #4101 ) ;
#1547 = CARTESIAN_POINT ( 'NONE',  ( 1.801057391760360700, 3.150945632135560000, 9.800000000000000700 ) ) ;
#1548 = DIRECTION ( 'NONE',  ( -0.0000000000000000000, -1.319585349029264000E-016, -1.000000000000000000 ) ) ;
#1549 = CARTESIAN_POINT ( 'NONE',  ( 3.999999999999995600, 1.656854249492377900, -4.884374999999997700 ) ) ;
#1550 = CARTESIAN_POINT ( 'NONE',  ( 0.0000000000000000000, 3.999999999999993300, 1.756249999999996800 ) ) ;
#1551 = CARTESIAN_POINT ( 'NONE',  ( 2.281591826864696900, 2.290697881281537300, 9.650000000000003900 ) ) ;
#1552 = CARTESIAN_POINT ( 'NONE',  ( 2.793246080464163700, -1.715409852098588300, 4.301339082524296300 ) ) ;
#1553 = CARTESIAN_POINT ( 'NONE',  ( -1.656854249492361000, -4.000000000000016000, -0.1968750000000019700 ) ) ;
#1554 = CARTESIAN_POINT ( 'NONE',  ( 1.684879207899189200, 4.067658234670650700, -7.189062499999999500 ) ) ;
#1555 = VECTOR ( 'NONE', #1604, 1000.000000000000000 ) ;
#1556 = DIRECTION ( 'NONE',  ( -0.8660254037844388200, 0.4999999999999997200, 6.123233995736772200E-017 ) ) ;
#1557 = ORIENTED_EDGE ( 'NONE', *, *, #971, .F. ) ;
#1558 = CARTESIAN_POINT ( 'NONE',  ( 1.588098690600517200, 3.758422059420317900, 9.799999999999998900 ) ) ;
#1559 = CARTESIAN_POINT ( 'NONE',  ( -0.7528730450656931900, 2.002001203055646000, 9.799999999999997200 ) ) ;
#1560 = ORIENTED_EDGE ( 'NONE', *, *, #1688, .F. ) ;
#1561 = CARTESIAN_POINT ( 'NONE',  ( 2.487918213008120500, 2.302845082464211500, 9.800000000000000700 ) ) ;
#1562 = EDGE_CURVE ( 'NONE', #6212, #3737, #2562, .T. ) ;
#1563 = ADVANCED_FACE ( 'NONE', ( #6121 ), #1325, .T. ) ;
#1564 = ORIENTED_EDGE ( 'NONE', *, *, #2145, .F. ) ;
#1565 = EDGE_CURVE ( 'NONE', #916, #5182, #507, .T. ) ;
#1566 = CARTESIAN_POINT ( 'NONE',  ( 2.254327966281374000, -2.254327966281377500, 1.912499999999997400 ) ) ;
#1567 = EDGE_LOOP ( 'NONE', ( #5515, #1855, #4705, #6426 ) ) ;
#1568 = CARTESIAN_POINT ( 'NONE',  ( 3.090121021925392500, 4.217784973195960200, 9.649999999999995000 ) ) ;
#1569 = ORIENTED_EDGE ( 'NONE', *, *, #6416, .F. ) ;
#1570 = CARTESIAN_POINT ( 'NONE',  ( 2.254327966281374900, 2.254327966281370400, 3.318750000000000500 ) ) ;
#1571 = CARTESIAN_POINT ( 'NONE',  ( 2.254327966281374900, 2.254327966281372200, -9.181249999999998600 ) ) ;
#1572 = CARTESIAN_POINT ( 'NONE',  ( -1.044525417443162600, 2.789085277309867500, 9.799999999999998900 ) ) ;
#1573 = VERTEX_POINT ( 'NONE', #2337 ) ;
#1574 = CARTESIAN_POINT ( 'NONE',  ( -3.999999999999996400, 1.656854249492376600, -1.759375000000002800 ) ) ;
#1575 = CARTESIAN_POINT ( 'NONE',  ( -2.924110317823652500, -2.924110317823655600, 8.396874999999997900 ) ) ;
#1576 = CARTESIAN_POINT ( 'NONE',  ( -5.968675429622059900, -4.059537133467334700, 9.174382822876788500 ) ) ;
#1577 = CARTESIAN_POINT ( 'NONE',  ( -4.898587196589407900E-016, -3.999999999999997300, -2.774999999999999000 ) ) ;
#1578 = CARTESIAN_POINT ( 'NONE',  ( 2.068554584715608200, 2.408484785729651600, 9.650000000000003900 ) ) ;
#1579 = CARTESIAN_POINT ( 'NONE',  ( 2.254327966281374900, 2.254327966281370900, 0.8187500000000000900 ) ) ;
#1580 = CARTESIAN_POINT ( 'NONE',  ( -3.904297910284797800E-016, -3.188101183952079000, -4.493750000000003000 ) ) ;
#1581 = CARTESIAN_POINT ( 'NONE',  ( 2.339661190600517600, 1.988109559420317800, 9.799999999999998900 ) ) ;
#1582 = EDGE_LOOP ( 'NONE', ( #4950, #613, #2393, #2195 ) ) ;
#1583 = CARTESIAN_POINT ( 'NONE',  ( -3.904297910284797800E-016, -3.188101183952079900, 3.006249999999997000 ) ) ;
#1584 = CARTESIAN_POINT ( 'NONE',  ( 0.2037309824055768000, 2.718061917766636100, 9.799999999999997200 ) ) ;
#1585 = PERSON_AND_ORGANIZATION_ROLE ( 'classification_officer' ) ;
#1586 = CARTESIAN_POINT ( 'NONE',  ( 2.664383086402681000, 2.047187708906266700, 9.650000000000002100 ) ) ;
#1587 = LINE ( 'NONE', #2274, #4820 ) ;
#1588 = CARTESIAN_POINT ( 'NONE',  ( 3.188101183952076800, -1.320554748610676300, 1.990624999999997600 ) ) ;
#1589 = CARTESIAN_POINT ( 'NONE',  ( 2.977848297248793400, 4.368763125388875700, 9.649999999999996800 ) ) ;
#1590 = ADVANCED_FACE ( 'NONE', ( #4320 ), #4718, .T. ) ;
#1591 = VECTOR ( 'NONE', #4793, 1000.000000000000000 ) ;
#1592 = CARTESIAN_POINT ( 'NONE',  ( 3.188101183952076800, 1.320554748610669700, 3.240625000000000100 ) ) ;
#1593 = CARTESIAN_POINT ( 'NONE',  ( 2.254327966281374000, -2.254327966281376700, -5.743749999999999500 ) ) ;
#1594 = CARTESIAN_POINT ( 'NONE',  ( -3.154317299990312400, 3.674126590938044500, 9.649999999999998600 ) ) ;
#1595 = B_SPLINE_CURVE_WITH_KNOTS ( 'NONE', 3,
 ( #3364, #2136, #4662, #3618, #134, #6077, #1154, #643, #6139, #2700, #4616, #2198 ),
 .UNSPECIFIED., .F., .F.,
 ( 4, 2, 2, 2, 2, 4 ),
 ( 2.380733003137398900E-007, 0.001895287173645642600, 0.003790336273990971500, 0.004737860824163636600, 0.005685385374336300900, 0.007580434474681628700 ),
 .UNSPECIFIED. ) ;
#1596 = CARTESIAN_POINT ( 'NONE',  ( 1.684879207899185400, -4.067658234670656000, 3.592187499999999600 ) ) ;
#1597 = CARTESIAN_POINT ( 'NONE',  ( 2.921432023933851200, 3.765713726086984600, 9.799999999999998900 ) ) ;
#1598 = CARTESIAN_POINT ( 'NONE',  ( 1.963604302870751700, 2.638016318881980700, 9.799999999999998900 ) ) ;
#1599 = CARTESIAN_POINT ( 'NONE',  ( -3.188101183952076800, 1.320554748610669000, 3.709375000000000500 ) ) ;
#1600 = CARTESIAN_POINT ( 'NONE',  ( -3.188101183952076800, -1.320554748610673200, -5.978125000000002100 ) ) ;
#1601 = CARTESIAN_POINT ( 'NONE',  ( -2.876268721284919400, 2.876268721284918500, -9.454687500000000400 ) ) ;
#1602 = EDGE_LOOP ( 'NONE', ( #4660, #1169, #1269, #2399 ) ) ;
#1603 = CARTESIAN_POINT ( 'NONE',  ( 2.254327966281374900, 2.254327966281370400, 4.724999999999997900 ) ) ;
#1604 = DIRECTION ( 'NONE',  ( 0.0000000000000000000, -1.000000000000000000, 0.0000000000000000000 ) ) ;
#1605 = SECURITY_CLASSIFICATION_LEVEL ( 'unclassified' ) ;
#1606 = CARTESIAN_POINT ( 'NONE',  ( 3.188101183952076800, 1.320554748610670100, 0.8968749999999965400 ) ) ;
#1607 = CARTESIAN_POINT ( 'NONE',  ( -3.188101183952076800, 1.320554748610668800, 6.209374999999999600 ) ) ;
#1608 = CARTESIAN_POINT ( 'NONE',  ( -2.876268721284919400, 2.876268721284916700, 5.545312499999999600 ) ) ;
#1609 = CARTESIAN_POINT ( 'NONE',  ( -2.637652640129423800, 3.990504670239319700, 9.649999999999998600 ) ) ;
#1610 = CARTESIAN_POINT ( 'NONE',  ( 0.0000000000000000000, 3.999999999999994200, -4.649999999999998600 ) ) ;
#1611 = CARTESIAN_POINT ( 'NONE',  ( 4.135316469341310300, 1.712904166305992100, 6.443749999999997900 ) ) ;
#1612 = CARTESIAN_POINT ( 'NONE',  ( -1.656854249492361000, 4.000000000000011500, 3.084374999999994800 ) ) ;
#1613 = CARTESIAN_POINT ( 'NONE',  ( 3.999999999999995600, 1.656854249492377300, 1.521874999999996800 ) ) ;
#1614 = PLANE ( 'NONE',  #1816 ) ;
#1615 = VERTEX_POINT ( 'NONE', #4285 ) ;
#1616 = CARTESIAN_POINT ( 'NONE',  ( -1.320554748610672300, -3.188101183952079900, 2.771875000000000100 ) ) ;
#1617 = CARTESIAN_POINT ( 'NONE',  ( 3.188101183952076800, -2.222611566852830100E-015, -6.681250000000003000 ) ) ;
#1618 = CARTESIAN_POINT ( 'NONE',  ( 0.0000000000000000000, -2.546799723626479500E-015, -9.649999999999998600 ) ) ;
#1619 = CARTESIAN_POINT ( 'NONE',  ( -2.876268721284919800, -2.876268721284920700, -7.892187499999999500 ) ) ;
#1620 = CARTESIAN_POINT ( 'NONE',  ( -1.320554748610672300, -3.188101183952079400, 0.4281249999999979200 ) ) ;
#1621 = ADVANCED_FACE ( 'NONE', ( #4786 ), #5165, .T. ) ;
#1622 = AXIS2_PLACEMENT_3D ( 'NONE', #1515, #4469, #3501 ) ;
#1623 = FACE_OUTER_BOUND ( 'NONE', #2018, .T. ) ;
#1624 = CARTESIAN_POINT ( 'NONE',  ( 1.712904166305993600, -4.135316469341312000, -10.11875000000000200 ) ) ;
#1625 = AXIS2_PLACEMENT_3D ( 'NONE', #2817, #4302, #803 ) ;
#1626 = CARTESIAN_POINT ( 'NONE',  ( -2.254327966281374400, -2.254327966281377500, 7.849999999999999600 ) ) ;
#1627 = DIRECTION ( 'NONE',  ( 1.000000000000000000, 1.155626614413199100E-016, -0.0000000000000000000 ) ) ;
#1628 = LINE ( 'NONE', #4537, #4185 ) ;
#1629 = EDGE_LOOP ( 'NONE', ( #5130, #746, #6438, #1824, #697, #1650, #5143 ) ) ;
#1630 = CARTESIAN_POINT ( 'NONE',  ( -3.188101183952076800, 1.320554748610668600, 7.459375000000000500 ) ) ;
#1631 = CARTESIAN_POINT ( 'NONE',  ( 1.684879207899185400, -4.067658234670656000, 4.842187500000001400 ) ) ;
#1632 = CARTESIAN_POINT ( 'NONE',  ( -2.578567976066149700, 4.047484559420317900, 9.649999999999998600 ) ) ;
#1633 = ORIENTED_EDGE ( 'NONE', *, *, #2397, .F. ) ;
#1634 = CARTESIAN_POINT ( 'NONE',  ( -2.828427124746187200, 2.828427124746185000, 0.6624999999999958700 ) ) ;
#1635 = CARTESIAN_POINT ( 'NONE',  ( 1.656854249492377900, -3.999999999999997300, -7.540625000000003900 ) ) ;
#1636 = CARTESIAN_POINT ( 'NONE',  ( -0.2416579031935114900, 3.512952273718755100, -9.199547726281979400 ) ) ;
#1637 = B_SPLINE_CURVE_WITH_KNOTS ( 'NONE', 3,
 ( #5015, #1064, #3489, #497, #4040, #4458, #575, #48, #3988, #5525, #1576, #1505 ),
 .UNSPECIFIED., .F., .F.,
 ( 4, 2, 2, 2, 2, 4 ),
 ( 2.380733003143307200E-007, 0.001895287173645586200, 0.003790336273990858300, 0.004737860824163493500, 0.005685385374336129200, 0.007580434474681398800 ),
 .UNSPECIFIED. ) ;
#1638 = CARTESIAN_POINT ( 'NONE',  ( -0.08618060291762905100, 3.022631998244999600, 9.800000000000000700 ) ) ;
#1639 = DIRECTION ( 'NONE',  ( 0.0000000000000000000, -0.0000000000000000000, 1.000000000000000000 ) ) ;
#1640 = ORIENTED_EDGE ( 'NONE', *, *, #4448, .F. ) ;
#1641 = CARTESIAN_POINT ( 'NONE',  ( 3.310244872562716300, 0.2662475237766050400, -9.396207014416067000 ) ) ;
#1642 = CARTESIAN_POINT ( 'NONE',  ( 2.068554584715608200, 2.408484785729651600, 9.650000000000000400 ) ) ;
#1643 = CARTESIAN_POINT ( 'NONE',  ( -1.684879207899186500, -4.067658234670654200, -9.064062500000002100 ) ) ;
#1644 = CARTESIAN_POINT ( 'NONE',  ( -2.254327966281374000, 2.254327966281371300, 2.537499999999997900 ) ) ;
#1645 = VERTEX_POINT ( 'NONE', #366 ) ;
#1646 = CARTESIAN_POINT ( 'NONE',  ( 2.002331533392190700, 4.073404009978878200, 9.799999999999997200 ) ) ;
#1647 = CARTESIAN_POINT ( 'NONE',  ( 0.0000000000000000000, 3.188101183952075000, -6.368750000000003000 ) ) ;
#1648 = CARTESIAN_POINT ( 'NONE',  ( 0.0000000000000000000, 4.135316469341309400, -10.82187500000000200 ) ) ;
#1649 = ORIENTED_EDGE ( 'NONE', *, *, #756, .F. ) ;
#1650 = ORIENTED_EDGE ( 'NONE', *, *, #439, .F. ) ;
#1651 = CARTESIAN_POINT ( 'NONE',  ( 3.188101183952076800, -1.320554748610676800, 5.740625000000000500 ) ) ;
#1652 = ORIENTED_EDGE ( 'NONE', *, *, #2688, .T. ) ;
#1653 = CARTESIAN_POINT ( 'NONE',  ( -2.254327966281374000, 2.254327966281370900, 6.131250000000001400 ) ) ;
#1654 = CARTESIAN_POINT ( 'NONE',  ( 1.684879207899185400, -4.067658234670656000, 7.342187499999999600 ) ) ;
#1655 = CARTESIAN_POINT ( 'NONE',  ( -0.6800808582305283300, 2.298905837580477000, 9.799999999999998900 ) ) ;
#1656 = LINE ( 'NONE', #4063, #1196 ) ;
#1657 = CARTESIAN_POINT ( 'NONE',  ( -3.999999999999996400, -1.656854249492381200, 0.8968749999999962000 ) ) ;
#1658 = CARTESIAN_POINT ( 'NONE',  ( -1.316484593987070900, 2.549206372011267000, 9.799999999999997200 ) ) ;
#1659 = CARTESIAN_POINT ( 'NONE',  ( 8.872199613052867100E-012, 3.504707346706274600, -9.207792653293708400 ) ) ;
#1660 = CARTESIAN_POINT ( 'NONE',  ( 1.600469841145840900, 3.580287793954897600, 9.649999999999996800 ) ) ;
#1661 = CARTESIAN_POINT ( 'NONE',  ( -0.2204746136428095100, 2.483786784911688400, 9.799999999999998900 ) ) ;
#1662 = CARTESIAN_POINT ( 'NONE',  ( -1.656854249492388100, 3.999999999999984500, -0.8218749999999970200 ) ) ;
#1663 = CARTESIAN_POINT ( 'NONE',  ( 3.291576470208894500, -0.2589414380384808500, -9.415370601498576500 ) ) ;
#1664 = EDGE_CURVE ( 'NONE', #1645, #2493, #1240, .T. ) ;
#1665 = CARTESIAN_POINT ( 'NONE',  ( 1.814158609918517600, 4.384854030500344300, 9.650000000000002100 ) ) ;
#1666 = CARTESIAN_POINT ( 'NONE',  ( 4.067658234670652500, -2.446372671146530300E-015, -6.173437500000000400 ) ) ;
#1667 = CARTESIAN_POINT ( 'NONE',  ( -1.320554748610672300, -3.188101183952079900, 2.928124999999997000 ) ) ;
#1668 = VECTOR ( 'NONE', #4559, 1000.000000000000000 ) ;
#1669 = CARTESIAN_POINT ( 'NONE',  ( -2.828427124746187200, 2.828427124746185900, -1.993749999999998600 ) ) ;
#1670 = CARTESIAN_POINT ( 'NONE',  ( 0.0000000000000000000, 3.188101183952075000, -7.618750000000002100 ) ) ;
#1671 = CARTESIAN_POINT ( 'NONE',  ( 2.924110317823652000, -2.924110317823654300, -10.04062500000000000 ) ) ;
#1672 = CARTESIAN_POINT ( 'NONE',  ( 2.846888822734460900, 4.090071567491552400, 9.649999999999996800 ) ) ;
#1673 = CARTESIAN_POINT ( 'NONE',  ( 0.0000000000000000000, 3.188101183952073200, 8.631249999999996100 ) ) ;
#1674 = CARTESIAN_POINT ( 'NONE',  ( -1.656854249492379000, 3.999999999999994700, -5.821874999999998600 ) ) ;
#1675 = CARTESIAN_POINT ( 'NONE',  ( -4.067658234670652500, -2.751270967817638100E-015, 4.451562500000000500 ) ) ;
#1676 = CARTESIAN_POINT ( 'NONE',  ( 3.136495603553243400, 1.434952972098682400, 4.350000000000002300 ) ) ;
#1677 = CARTESIAN_POINT ( 'NONE',  ( -0.5785679760661498500, 4.621442892753650600, 9.799999999999998900 ) ) ;
#1678 = CARTESIAN_POINT ( 'NONE',  ( -1.656854249492379000, 3.999999999999994200, -4.415625000000003000 ) ) ;
#1679 = CARTESIAN_POINT ( 'NONE',  ( 2.828427124746187200, -2.828427124746189800, -3.712500000000003500 ) ) ;
#1680 = CARTESIAN_POINT ( 'NONE',  ( 2.828427124746188100, 2.828427124746184100, 2.693750000000002800 ) ) ;
#1681 = CARTESIAN_POINT ( 'NONE',  ( -1.351299695736182900, 2.677054486482882900, 9.800000000000000700 ) ) ;
#1682 = CARTESIAN_POINT ( 'NONE',  ( 1.954765357267184400, 2.688109559420317500, 9.649999999999998600 ) ) ;
#1683 = CARTESIAN_POINT ( 'NONE',  ( -4.981444637114788700E-016, -4.067658234670654200, -2.735937499999999500 ) ) ;
#1684 = CARTESIAN_POINT ( 'NONE',  ( -3.188101183952076800, -1.320554748610674800, 5.271874999999997000 ) ) ;
#1685 = EDGE_CURVE ( 'NONE', #2497, #5881, #4027, .T. ) ;
#1686 = CARTESIAN_POINT ( 'NONE',  ( -3.999999999999995600, -1.985225813817640800E-015, -1.837499999999998600 ) ) ;
#1687 = CARTESIAN_POINT ( 'NONE',  ( -3.188101183952076800, -1.320554748610672600, -9.728125000000002100 ) ) ;
#1688 = EDGE_CURVE ( 'NONE', #812, #5028, #5120, .T. ) ;
#1689 = CARTESIAN_POINT ( 'NONE',  ( -3.188101183952076800, 1.320554748610668300, 8.709375000000001400 ) ) ;
#1690 = DIRECTION ( 'NONE',  ( 0.0000000000000000000, 1.319585349029263700E-016, 1.000000000000000000 ) ) ;
#1691 = CARTESIAN_POINT ( 'NONE',  ( -2.254327966281374400, -2.254327966281377100, 5.349999999999997000 ) ) ;
#1692 = EDGE_LOOP ( 'NONE', ( #1103, #3182, #5821, #489 ) ) ;
#1693 = CARTESIAN_POINT ( 'NONE',  ( 4.067658234670651600, -1.684879207899191900, 4.998437500000001400 ) ) ;
#1694 = CARTESIAN_POINT ( 'NONE',  ( 2.007215271734947800, 2.054980380889278800, 9.800000000000000700 ) ) ;
#1695 = CARTESIAN_POINT ( 'NONE',  ( -1.398263555515966600, 2.968366224973296900, 9.650000000000002100 ) ) ;
#1696 = CARTESIAN_POINT ( 'NONE',  ( 1.855729410253411200, 3.097264801917261100, 9.649999999999995000 ) ) ;
#1697 = CARTESIAN_POINT ( 'NONE',  ( 1.940665208543290100, 3.920021333287409000, 9.650000000000000400 ) ) ;
#1698 = CARTESIAN_POINT ( 'NONE',  ( 0.2422319996068687300, 2.988516437031432500, 9.799999999999997200 ) ) ;
#1699 = CARTESIAN_POINT ( 'NONE',  ( -1.684879207899186100, 4.067658234670650700, -2.032812499999999900 ) ) ;
#1700 = CARTESIAN_POINT ( 'NONE',  ( -3.188101183952076800, -3.355262608463612900E-015, 8.943749999999996100 ) ) ;
#1701 = CARTESIAN_POINT ( 'NONE',  ( 1.977188796133888800, 4.025217550544098800, 9.799999999999998900 ) ) ;
#1702 = CARTESIAN_POINT ( 'NONE',  ( -3.188101183952076800, 1.320554748610670600, -8.634375000000002100 ) ) ;
#1703 = CARTESIAN_POINT ( 'NONE',  ( 0.2547653572671834700, 3.303734559420318000, 9.799999999999998900 ) ) ;
#1704 = CARTESIAN_POINT ( 'NONE',  ( -4.135316469341310300, -1.680345923096601800E-015, -4.259375000000002100 ) ) ;
#1705 = EDGE_LOOP ( 'NONE', ( #2660, #842, #3259, #5358 ) ) ;
#1706 = CARTESIAN_POINT ( 'NONE',  ( 2.753248877727783900, 4.207084146891351600, 9.799999999999998900 ) ) ;
#1707 = PLANE ( 'NONE',  #5356 ) ;
#1708 = AXIS2_PLACEMENT_3D ( 'NONE', #869, #5807, #3844 ) ;
#1709 = CARTESIAN_POINT ( 'NONE',  ( 3.188101183952076800, -3.600339215893604900E-015, 4.568749999999997900 ) ) ;
#1710 = ORIENTED_EDGE ( 'NONE', *, *, #4322, .T. ) ;
#1711 = CARTESIAN_POINT ( 'NONE',  ( -3.188101183952076800, -1.805319003292741800E-015, -3.712499999999999500 ) ) ;
#1712 = VERTEX_POINT ( 'NONE', #1367 ) ;
#1713 = CARTESIAN_POINT ( 'NONE',  ( 4.067658234670651600, -1.684879207899192100, 8.748437499999999600 ) ) ;
#1714 = ORIENTED_EDGE ( 'NONE', *, *, #59, .T. ) ;
#1715 = CARTESIAN_POINT ( 'NONE',  ( 0.0000000000000000000, 4.091537844202519000E-015, 4.548750000000001000 ) ) ;
#1716 = CARTESIAN_POINT ( 'NONE',  ( -1.351299695736182900, 2.677054486482882900, 9.800000000000000700 ) ) ;
#1717 = ORIENTED_EDGE ( 'NONE', *, *, #4761, .F. ) ;
#1718 = CARTESIAN_POINT ( 'NONE',  ( 2.423489430912899600, 2.290509352896193700, 9.650000000000000400 ) ) ;
#1719 = CARTESIAN_POINT ( 'NONE',  ( 8.872199613052867100E-012, 3.504707346706274600, -9.207792653293708400 ) ) ;
#1720 = CARTESIAN_POINT ( 'NONE',  ( 2.384973690600517700, 4.621442892753650600, 9.650000000000000400 ) ) ;
#1721 = CARTESIAN_POINT ( 'NONE',  ( -4.067658234670652500, -1.684879207899187700, -5.470312499999999500 ) ) ;
#1722 = ORIENTED_EDGE ( 'NONE', *, *, #1848, .T. ) ;
#1723 = CARTESIAN_POINT ( 'NONE',  ( -1.320554748610671700, 3.188101183952073200, 7.459374999999997900 ) ) ;
#1724 =( BOUNDED_CURVE ( )  B_SPLINE_CURVE ( 2, ( #6257, #2860, #3345, #5275, #3803, #4328, #5296, #2783, #6279 ),
 .UNSPECIFIED., .F., .F. ) 
 B_SPLINE_CURVE_WITH_KNOTS ( ( 3, 2, 2, 2, 3 ),
 ( 0.6562500000000001100, 0.6640625000000001100, 0.6718750000000001100, 0.6796875000000001100, 0.6875000000000001100 ),
 .UNSPECIFIED. ) 
 CURVE ( )  GEOMETRIC_REPRESENTATION_ITEM ( )  RATIONAL_B_SPLINE_CURVE ( ( 0.9999999999999988900, 0.9238795325112878500, 1.000000000000000000, 0.9238795325112867400, 1.000000000000000000, 0.9238795325112867400, 1.000000000000000000, 0.9238795325112856300, 1.000000000000001100 ) ) 
 REPRESENTATION_ITEM ( '' )  );
#1725 = CARTESIAN_POINT ( 'NONE',  ( 0.09329223291332274000, 4.212936015356240700, 9.800000000000000700 ) ) ;
#1726 = CARTESIAN_POINT ( 'NONE',  ( -3.188101183952076800, -1.320554748610673700, -2.228125000000002600 ) ) ;
#1727 = CARTESIAN_POINT ( 'NONE',  ( 0.2545239108972438000, 3.334985785026055400, 9.800000000000000700 ) ) ;
#1728 = CARTESIAN_POINT ( 'NONE',  ( -5.064302077640169400E-016, -4.135316469341312000, -5.196875000000002100 ) ) ;
#1729 = VECTOR ( 'NONE', #5533, 1000.000000000000000 ) ;
#1730 = CARTESIAN_POINT ( 'NONE',  ( -4.898587196589407900E-016, -3.999999999999997300, -6.368750000000003900 ) ) ;
#1731 = DIRECTION ( 'NONE',  ( -0.0000000000000000000, -0.0000000000000000000, -1.000000000000000000 ) ) ;
#1732 = CARTESIAN_POINT ( 'NONE',  ( 1.320554748610671000, -3.188101183952079400, -7.071874999999999500 ) ) ;
#1733 = LINE ( 'NONE', #122, #2969 ) ;
#1734 = CARTESIAN_POINT ( 'NONE',  ( 4.067658234670651600, 1.684879207899183700, 8.904687499999999600 ) ) ;
#1735 = CARTESIAN_POINT ( 'NONE',  ( -3.999999999999995600, -1.238956670587220500E-015, -7.931250000000003900 ) ) ;
#1736 = CARTESIAN_POINT ( 'NONE',  ( 0.2516202348941568600, 3.484341000397290300, 9.799999999999998900 ) ) ;
#1737 = AXIS2_PLACEMENT_3D ( 'NONE', #3413, #548, #3069 ) ;
#1738 = LINE ( 'NONE', #4982, #1591 ) ;
#1739 = CARTESIAN_POINT ( 'NONE',  ( 3.999999999999995600, -1.656854249492384100, 2.459375000000001900 ) ) ;
#1740 = CARTESIAN_POINT ( 'NONE',  ( 2.828427124746187200, -2.828427124746189800, -2.618749999999998100 ) ) ;
#1741 = EDGE_CURVE ( 'NONE', #1776, #909, #3041, .T. ) ;
#1742 = CARTESIAN_POINT ( 'NONE',  ( -0.5556353347449397600, 1.988458939000123000, 9.649999999999993200 ) ) ;
#1743 = CARTESIAN_POINT ( 'NONE',  ( 4.067658234670651600, 1.684879207899185400, -6.095312500000000400 ) ) ;
#1744 = CARTESIAN_POINT ( 'NONE',  ( -2.254327966281374400, -2.254327966281377500, 6.599999999999997900 ) ) ;
#1745 = CARTESIAN_POINT ( 'NONE',  ( 0.2112701114746329000, 3.853311904067535700, 9.799999999999997200 ) ) ;
#1746 = EDGE_CURVE ( 'NONE', #4171, #3255, #4980, .T. ) ;
#1747 = CARTESIAN_POINT ( 'NONE',  ( -3.188101183952076800, 1.320554748610669700, -1.134375000000002100 ) ) ;
#1748 = PLANE ( 'NONE',  #2410 ) ;
#1749 = CARTESIAN_POINT ( 'NONE',  ( 1.712904166305997200, 4.135316469341308500, -7.150000000000002100 ) ) ;
#1750 = CARTESIAN_POINT ( 'NONE',  ( 0.0000000000000000000, 3.188101183952075000, -5.274999999999999500 ) ) ;
#1751 = CARTESIAN_POINT ( 'NONE',  ( -2.254327966281374400, -2.254327966281375300, -8.400000000000002100 ) ) ;
#1752 = CARTESIAN_POINT ( 'NONE',  ( -3.870794264348536000, 0.8938741064486153100, 4.350000000000005000 ) ) ;
#1753 = CARTESIAN_POINT ( 'NONE',  ( 0.0000000000000000000, 6.500000000000005300, 4.350000000000001400 ) ) ;
#1754 = CARTESIAN_POINT ( 'NONE',  ( -0.06830761029495921500, 2.169368840710452800, 9.649999999999993200 ) ) ;
#1755 = CARTESIAN_POINT ( 'NONE',  ( 4.067658234670651600, 1.684879207899184800, 0.1546875000000003100 ) ) ;
#1756 = CARTESIAN_POINT ( 'NONE',  ( 0.0000000000000000000, 3.188101183952073200, 7.381249999999998800 ) ) ;
#1757 = CARTESIAN_POINT ( 'NONE',  ( -0.2088585770044960000, 4.539599771775082900, 9.649999999999996800 ) ) ;
#1758 = CARTESIAN_POINT ( 'NONE',  ( -3.904297910284797800E-016, -3.188101183952079000, -4.493750000000003000 ) ) ;
#1759 = CARTESIAN_POINT ( 'NONE',  ( -4.898587196589407900E-016, -3.999999999999998200, -0.1187500000000030800 ) ) ;
#1760 = EDGE_CURVE ( 'NONE', #2254, #6439, #3238, .T. ) ;
#1761 = ORIENTED_EDGE ( 'NONE', *, *, #4522, .F. ) ;
#1762 = CARTESIAN_POINT ( 'NONE',  ( -4.135316469341311100, 1.712904166305993000, -8.087500000000000400 ) ) ;
#1763 = CARTESIAN_POINT ( 'NONE',  ( -0.9280471427328166300, 4.143317892753651100, 9.649999999999998600 ) ) ;
#1764 = CARTESIAN_POINT ( 'NONE',  ( -2.780347434538319900, 3.880877328408191200, 9.799999999999998900 ) ) ;
#1765 = CARTESIAN_POINT ( 'NONE',  ( -3.904297910284797800E-016, -3.188101183952079000, -4.649999999999999500 ) ) ;
#1766 = VECTOR ( 'NONE', #3749, 1000.000000000000000 ) ;
#1767 = CARTESIAN_POINT ( 'NONE',  ( -3.188101183952076800, -1.365211559849160800E-015, -7.306250000000003000 ) ) ;
#1768 = FACE_OUTER_BOUND ( 'NONE', #5366, .T. ) ;
#1769 = VERTEX_POINT ( 'NONE', #955 ) ;
#1770 = CARTESIAN_POINT ( 'NONE',  ( -3.909597336026051600, 0.3638550604258935000, 4.349999999999996100 ) ) ;
#1771 = EDGE_CURVE ( 'NONE', #3793, #4001, #2495, .T. ) ;
#1772 = CARTESIAN_POINT ( 'NONE',  ( -0.5107063394994441100, 1.989143433789017000, 9.800000000000000700 ) ) ;
#1773 = CARTESIAN_POINT ( 'NONE',  ( -4.067658234670652500, -2.445109268030798600E-015, 1.951562500000000100 ) ) ;
#1774 = CARTESIAN_POINT ( 'NONE',  ( -3.904297910284797800E-016, -3.188101183952078500, -5.899999999999998600 ) ) ;
#1775 = CARTESIAN_POINT ( 'NONE',  ( -0.07948843112164462300, 3.447562682583899200, 9.799999999999998900 ) ) ;
#1776 = VERTEX_POINT ( 'NONE', #2901 ) ;
#1777 = PLANE ( 'NONE',  #928 ) ;
#1778 = CARTESIAN_POINT ( 'NONE',  ( -0.3838064865751794100, 4.602803996860481900, 9.649999999999996800 ) ) ;
#1779 = CARTESIAN_POINT ( 'NONE',  ( 2.254327966281374900, 2.254327966281371800, -5.275000000000003000 ) ) ;
#1780 = CARTESIAN_POINT ( 'NONE',  ( 2.606235189318822700, 2.350960393818981100, 9.649999999999996800 ) ) ;
#1781 = CARTESIAN_POINT ( 'NONE',  ( -2.459817976066150300, 4.621442892753652400, 9.800000000000000700 ) ) ;
#1782 = CARTESIAN_POINT ( 'NONE',  ( -4.135316469341311100, -1.712904166305995600, -5.431250000000001200 ) ) ;
#1783 = ORIENTED_EDGE ( 'NONE', *, *, #1073, .T. ) ;
#1784 = CARTESIAN_POINT ( 'NONE',  ( -1.267776203976254100, 4.182381762955390800, 9.800000000000000700 ) ) ;
#1785 = EDGE_LOOP ( 'NONE', ( #834, #1557, #6134, #4202 ) ) ;
#1786 = CARTESIAN_POINT ( 'NONE',  ( -0.5313245703777662600, 7.198793115730472500, 9.174382822876745900 ) ) ;
#1787 = CARTESIAN_POINT ( 'NONE',  ( -0.1859007616296353700, 2.540626378429558400, 9.799999999999995400 ) ) ;
#1788 =( BOUNDED_CURVE ( )  B_SPLINE_CURVE ( 2, ( #4128, #2682, #4618, #5128, #1156, #6141, #1206, #2155, #4168 ),
 .UNSPECIFIED., .F., .T. ) 
 B_SPLINE_CURVE_WITH_KNOTS ( ( 3, 2, 2, 2, 3 ),
 ( 0.2812500000000000000, 0.2890625000000000000, 0.2968750000000000000, 0.3046875000000000000, 0.3125000000000000000 ),
 .UNSPECIFIED. ) 
 CURVE ( )  GEOMETRIC_REPRESENTATION_ITEM ( )  RATIONAL_B_SPLINE_CURVE ( ( 1.000000000000000000, 0.9238795325112867400, 1.000000000000000000, 0.9238795325112867400, 1.000000000000000000, 0.9238795325112867400, 1.000000000000000000, 0.9238795325112867400, 1.000000000000000000 ) ) 
 REPRESENTATION_ITEM ( '' )  );
#1789 = CARTESIAN_POINT ( 'NONE',  ( -1.320554748610671700, 3.188101183952074500, -2.696874999999999500 ) ) ;
#1790 = CC_DESIGN_SECURITY_CLASSIFICATION ( #1033, ( #5034 ) ) ;
#1791 = ORIENTED_EDGE ( 'NONE', *, *, #5682, .T. ) ;
#1792 = ORIENTED_EDGE ( 'NONE', *, *, #1562, .F. ) ;
#1793 = EDGE_LOOP ( 'NONE', ( #1322, #5863, #4413, #5755, #4589 ) ) ;
#1794 = CARTESIAN_POINT ( 'NONE',  ( 0.0000000000000000000, 4.611760796948012000E-015, 9.649999999999998600 ) ) ;
#1795 = EDGE_CURVE ( 'NONE', #5028, #3490, #5967, .T. ) ;
#1796 = EDGE_CURVE ( 'NONE', #4787, #4670, #4645, .T. ) ;
#1797 = CARTESIAN_POINT ( 'NONE',  ( 4.067658234670651600, -1.684879207899191200, 1.248437500000001200 ) ) ;
#1798 = CARTESIAN_POINT ( 'NONE',  ( 2.254327966281374900, 2.254327966281371800, -7.931249999999999500 ) ) ;
#1799 = CARTESIAN_POINT ( 'NONE',  ( -0.1311588694561819400, 3.907362383833896200, 9.799999999999998900 ) ) ;
#1800 = CARTESIAN_POINT ( 'NONE',  ( 2.094019312039336900, 3.331393274888202200, 9.650000000000000400 ) ) ;
#1801 = CARTESIAN_POINT ( 'NONE',  ( 2.254327966281374900, 2.254327966281371300, -1.525000000000002100 ) ) ;
#1802 = CARTESIAN_POINT ( 'NONE',  ( -1.656854249492361500, -4.000000000000016000, 0.8968750000000037500 ) ) ;
#1803 = CARTESIAN_POINT ( 'NONE',  ( 2.924110317823652900, 2.924110317823648900, 0.2718749999999978100 ) ) ;
#1804 = CARTESIAN_POINT ( 'NONE',  ( -1.076905241757988700, 3.447723621495014400, 9.649999999999998600 ) ) ;
#1805 = CARTESIAN_POINT ( 'NONE',  ( -0.9945598031082748500, 4.512381789214118500, 9.799999999999997200 ) ) ;
#1806 = CARTESIAN_POINT ( 'NONE',  ( -2.245234642732816700, 2.021442892753651400, 9.799999999999998900 ) ) ;
#1807 = CARTESIAN_POINT ( 'NONE',  ( -0.08618060291762905100, 3.022631998244999600, 9.649999999999998600 ) ) ;
#1808 = CARTESIAN_POINT ( 'NONE',  ( -3.188101183952076800, 1.320554748610669700, 1.209375000000000300 ) ) ;
#1809 = CARTESIAN_POINT ( 'NONE',  ( 1.934807659449866900, 4.489235368990920300, 9.649999999999995000 ) ) ;
#1810 = CARTESIAN_POINT ( 'NONE',  ( 2.379300597501523600, 2.288918072942968300, 9.649999999999998600 ) ) ;
#1811 = AXIS2_PLACEMENT_3D ( 'NONE', #2757, #1317, #6192 ) ;
#1812 = CARTESIAN_POINT ( 'NONE',  ( -4.981444637114788700E-016, -4.067658234670655100, 1.014062500000001000 ) ) ;
#1813 = CARTESIAN_POINT ( 'NONE',  ( -3.188101183952076800, -1.652238153399322500E-015, -4.962499999999999500 ) ) ;
#1814 = CARTESIAN_POINT ( 'NONE',  ( -0.2536307666919957500, 4.166904755870026700, 9.649999999999995000 ) ) ;
#1815 = CARTESIAN_POINT ( 'NONE',  ( 1.621432023933850900, 2.654776226086984300, 9.799999999999998900 ) ) ;
#1816 = AXIS2_PLACEMENT_3D ( 'NONE', #6081, #114, #3604 ) ;
#1817 = CARTESIAN_POINT ( 'NONE',  ( -1.320554748610672300, -3.188101183952079400, 0.2718750000000012500 ) ) ;
#1818 = CARTESIAN_POINT ( 'NONE',  ( 4.898587196589409900E-016, -4.000000000000000000, -9.649999999999998600 ) ) ;
#1819 = CARTESIAN_POINT ( 'NONE',  ( 4.135316469341310300, -3.382070163145023300E-015, 1.365624999999998800 ) ) ;
#1820 = CARTESIAN_POINT ( 'NONE',  ( 0.0000000000000000000, 3.999999999999994200, -4.493750000000003000 ) ) ;
#1821 = DIRECTION ( 'NONE',  ( 0.0000000000000000000, 1.224646799147355200E-016, -1.000000000000000000 ) ) ;
#1822 = CARTESIAN_POINT ( 'NONE',  ( 0.1655737755841306700, -3.188101183952078100, -9.524398816047911600 ) ) ;
#1823 = CARTESIAN_POINT ( 'NONE',  ( 3.188101183952076800, -2.968880710083250200E-015, -0.5874999999999994700 ) ) ;
#1824 = ORIENTED_EDGE ( 'NONE', *, *, #506, .F. ) ;
#1825 = CARTESIAN_POINT ( 'NONE',  ( 1.684879207899189200, 4.067658234670648900, 1.560937500000000100 ) ) ;
#1826 = VECTOR ( 'NONE', #2548, 1000.000000000000000 ) ;
#1827 = CARTESIAN_POINT ( 'NONE',  ( 2.254327966281374900, 2.254327966281371800, -6.681249999999999500 ) ) ;
#1828 = CARTESIAN_POINT ( 'NONE',  ( 0.0000000000000000000, 3.999999999999994200, 0.3500000000000019200 ) ) ;
#1829 = CARTESIAN_POINT ( 'NONE',  ( -1.295319989994649300, 4.117063237196243900, 9.650000000000000400 ) ) ;
#1830 = CARTESIAN_POINT ( 'NONE',  ( 1.589507555827615900, 3.667852806869520400, 9.799999999999998900 ) ) ;
#1831 = CARTESIAN_POINT ( 'NONE',  ( -3.188101183952076800, -2.111480703079580900E-015, -1.212500000000000100 ) ) ;
#1832 = CARTESIAN_POINT ( 'NONE',  ( -2.568573717622821400, 4.447762224175356500, 9.650000000000002100 ) ) ;
#1833 = CARTESIAN_POINT ( 'NONE',  ( -0.6831055519756253900, 4.311593166540866700, 9.650000000000000400 ) ) ;
#1834 = CARTESIAN_POINT ( 'NONE',  ( -2.924110317823652500, -2.924110317823654700, -1.603125000000002100 ) ) ;
#1835 = CYLINDRICAL_SURFACE ( 'NONE', #3925, 3.999999999999997300 ) ;
#1836 = CARTESIAN_POINT ( 'NONE',  ( -2.254327966281374000, 2.254327966281371800, -1.212500000000001700 ) ) ;
#1837 = CARTESIAN_POINT ( 'NONE',  ( -0.3365625949657437600, -3.200226339881083100, -9.499179141384045600 ) ) ;
#1838 = CARTESIAN_POINT ( 'NONE',  ( 2.445238064303790100, 3.221795875015969200, 9.800000000000000700 ) ) ;
#1839 = CARTESIAN_POINT ( 'NONE',  ( 2.921057126409028800, 3.786563599227958000, 9.650000000000000400 ) ) ;
#1840 = CARTESIAN_POINT ( 'NONE',  ( -0.1859007616296353700, 2.540626378429558400, 9.649999999999993200 ) ) ;
#1841 = CARTESIAN_POINT ( 'NONE',  ( -1.320554748610672300, -3.188101183952079400, 0.2718750000000012500 ) ) ;
#1842 = VECTOR ( 'NONE', #1409, 1000.000000000000000 ) ;
#1843 = CARTESIAN_POINT ( 'NONE',  ( 1.588098690600517200, 3.758422059420317900, 9.649999999999998600 ) ) ;
#1844 = ORIENTED_EDGE ( 'NONE', *, *, #1324, .F. ) ;
#1845 = ORIENTED_EDGE ( 'NONE', *, *, #1537, .F. ) ;
#1846 = EDGE_CURVE ( 'NONE', #3111, #2234, #3306, .T. ) ;
#1847 = VERTEX_POINT ( 'NONE', #6341 ) ;
#1848 = EDGE_CURVE ( 'NONE', #2234, #3326, #1378, .T. ) ;
#1849 = CARTESIAN_POINT ( 'NONE',  ( -1.129281217819685800, 4.398297583691457300, 9.800000000000000700 ) ) ;
#1850 = CARTESIAN_POINT ( 'NONE',  ( 3.188101183952076800, 1.320554748610670800, -6.759375000000000400 ) ) ;
#1851 = ORIENTED_EDGE ( 'NONE', *, *, #4543, .T. ) ;
#1852 = CARTESIAN_POINT ( 'NONE',  ( -0.09703521668145870200, 3.702993654886231700, 9.649999999999993200 ) ) ;
#1853 = CARTESIAN_POINT ( 'NONE',  ( -0.9438968169158026300, 4.541392957482208300, 9.649999999999998600 ) ) ;
#1854 = CARTESIAN_POINT ( 'NONE',  ( 2.058320449671896300, 3.365176010619439900, 9.649999999999998600 ) ) ;
#1855 = ORIENTED_EDGE ( 'NONE', *, *, #3835, .T. ) ;
#1856 = CARTESIAN_POINT ( 'NONE',  ( 4.898587196589409900E-016, -4.000000000000000000, -9.649999999999998600 ) ) ;
#1857 = CARTESIAN_POINT ( 'NONE',  ( 0.0000000000000000000, -2.546799723626479500E-015, -9.649999999999998600 ) ) ;
#1858 = CARTESIAN_POINT ( 'NONE',  ( -2.924110317823652500, -2.924110317823654700, 0.8968749999999983100 ) ) ;
#1859 = AXIS2_PLACEMENT_3D ( 'NONE', #925, #4920, #1978 ) ;
#1860 = ORIENTED_EDGE ( 'NONE', *, *, #2565, .T. ) ;
#1861 = CARTESIAN_POINT ( 'NONE',  ( 2.254327966281374000, -2.254327966281377500, -0.5875000000000029100 ) ) ;
#1862 = PLANE ( 'NONE',  #728 ) ;
#1863 = CARTESIAN_POINT ( 'NONE',  ( 2.026028461522685100, 3.402415489139715800, 9.650000000000000400 ) ) ;
#1864 = CARTESIAN_POINT ( 'NONE',  ( 2.436015357267184100, 4.321442892753650800, 9.649999999999998600 ) ) ;
#1865 = CARTESIAN_POINT ( 'NONE',  ( 1.735457494223148400, -2.679634170878117100, -9.524398816047915200 ) ) ;
#1866 = CARTESIAN_POINT ( 'NONE',  ( -3.188101183952076800, 1.320554748610669700, -1.290624999999998400 ) ) ;
#1867 =( BOUNDED_CURVE ( )  B_SPLINE_CURVE ( 2, ( #4152, #1133, #5692, #3280, #1735, #2743, #4744, #3703, #6251 ),
 .UNSPECIFIED., .F., .F. ) 
 B_SPLINE_CURVE_WITH_KNOTS ( ( 3, 2, 2, 2, 3 ),
 ( 0.1249999999999999300, 0.1328124999999999400, 0.1406249999999999700, 0.1484374999999999700, 0.1562500000000000000 ),
 .UNSPECIFIED. ) 
 CURVE ( )  GEOMETRIC_REPRESENTATION_ITEM ( )  RATIONAL_B_SPLINE_CURVE ( ( 1.000000000000000700, 0.9238795325112860700, 1.000000000000000000, 0.9238795325112867400, 1.000000000000000000, 0.9238795325112867400, 1.000000000000000000, 0.9238795325112867400, 1.000000000000000000 ) ) 
 REPRESENTATION_ITEM ( '' )  );
#1868 = LINE ( 'NONE', #2214, #3965 ) ;
#1869 = CARTESIAN_POINT ( 'NONE',  ( 2.007215271734947800, 2.054980380889278800, 9.650000000000000400 ) ) ;
#1870 = CARTESIAN_POINT ( 'NONE',  ( 1.320554748610673900, 3.188101183952074500, -8.946875000000003900 ) ) ;
#1871 = EDGE_CURVE ( 'NONE', #4794, #3766, #6417, .T. ) ;
#1872 = LINE ( 'NONE', #2122, #1668 ) ;
#1873 = EDGE_CURVE ( 'NONE', #5822, #1055, #4804, .T. ) ;
#1874 = CARTESIAN_POINT ( 'NONE',  ( -1.167300886856041300, 4.350582961660330200, 9.650000000000002100 ) ) ;
#1875 = CARTESIAN_POINT ( 'NONE',  ( 2.254327966281374000, -2.254327966281377100, -3.243749999999999000 ) ) ;
#1876 = CARTESIAN_POINT ( 'NONE',  ( 2.921432023933851200, 3.765713726086984600, 9.649999999999996800 ) ) ;
#1877 = CARTESIAN_POINT ( 'NONE',  ( 3.090121021925392500, 4.217784973195960200, 9.649999999999996800 ) ) ;
#1878 = CARTESIAN_POINT ( 'NONE',  ( 1.632044817890785400, 2.578707495466400000, 9.649999999999998600 ) ) ;
#1879 = DIRECTION ( 'NONE',  ( -1.000000000000000000, 0.0000000000000000000, 0.0000000000000000000 ) ) ;
#1880 = DIRECTION ( 'NONE',  ( 0.0000000000000000000, -1.000000000000000000, 0.0000000000000000000 ) ) ;
#1881 = CARTESIAN_POINT ( 'NONE',  ( 4.135316469341310300, 1.712904166305993600, -3.556250000000000800 ) ) ;
#1882 = CARTESIAN_POINT ( 'NONE',  ( -0.2935466525015346700, 4.575897626340412700, 9.799999999999997200 ) ) ;
#1883 = CARTESIAN_POINT ( 'NONE',  ( -3.904297910284797800E-016, -3.188101183952079000, -3.243750000000002600 ) ) ;
#1884 = B_SPLINE_CURVE_WITH_KNOTS ( 'NONE', 3,
 ( #3500, #1021, #4630, #1561, #4495, #1535, #5541, #657, #4146, #1170, #1296, #4697, #5704, #4734, #2754, #2290, #5226, #3234, #4225 ),
 .UNSPECIFIED., .F., .F.,
 ( 4, 1, 1, 1, 1, 1, 1, 1, 1, 1, 1, 1, 1, 1, 1, 1, 4 ),
 ( 0.0000000000000000000, 0.05611214696962130800, 0.1104374040801052000, 0.1634314137031978900, 0.2166313087930942200, 0.2692505455029011200, 0.3203026126168414500, 0.3701706051678959600, 0.4205163182290520600, 0.4748883932655864600, 0.5359191975876429500, 0.6038803914573036600, 0.6792765666077068600, 0.7587201449561078400, 0.8381696543641573600, 0.9187860862718692000, 1.000000000000000000 ),
 .UNSPECIFIED. ) ;
#1885 = CARTESIAN_POINT ( 'NONE',  ( 2.783140072104965900, 3.365368663936147500, 9.799999999999997200 ) ) ;
#1886 = CARTESIAN_POINT ( 'NONE',  ( 0.0000000000000000000, 3.999999999999994700, -8.243750000000003900 ) ) ;
#1887 = CARTESIAN_POINT ( 'NONE',  ( -1.320554748610671700, 3.188101183952073600, 4.803124999999999600 ) ) ;
#1888 = CARTESIAN_POINT ( 'NONE',  ( 2.427682023933850800, 3.221442892753651600, 9.799999999999998900 ) ) ;
#1889 = CARTESIAN_POINT ( 'NONE',  ( 2.001358635409471900, 4.529699384057440000, 9.650000000000002100 ) ) ;
#1890 = CARTESIAN_POINT ( 'NONE',  ( -2.254327966281374400, -2.254327966281376200, -2.150000000000002600 ) ) ;
#1891 = CARTESIAN_POINT ( 'NONE',  ( -0.6460831626372066600, 4.620390658054074800, 9.799999999999997200 ) ) ;
#1892 = CARTESIAN_POINT ( 'NONE',  ( -3.904297910284797800E-016, -3.188101183952079000, -3.399999999999999500 ) ) ;
#1893 = CARTESIAN_POINT ( 'NONE',  ( 2.783140072104965900, 3.365368663936147500, 9.649999999999996800 ) ) ;
#1894 = CARTESIAN_POINT ( 'NONE',  ( 3.175029846684787900, 4.032073215338901800, 9.649999999999998600 ) ) ;
#1895 = CARTESIAN_POINT ( 'NONE',  ( 0.2571172095779549200, -3.908822795188418900, -8.803677204810085800 ) ) ;
#1896 = CARTESIAN_POINT ( 'NONE',  ( 3.999999999999995600, -3.041483678082231800E-015, -1.212499999999997900 ) ) ;
#1897 = DIRECTION ( 'NONE',  ( 0.8660254037844386000, 0.4999999999999999400, 6.123233995736775900E-017 ) ) ;
#1898 = CARTESIAN_POINT ( 'NONE',  ( -4.135316469341311100, -1.712904166305997200, 5.818749999999997900 ) ) ;
#1899 = CARTESIAN_POINT ( 'NONE',  ( 0.2545239108972438000, 3.334985785026055400, 9.800000000000000700 ) ) ;
#1900 = CARTESIAN_POINT ( 'NONE',  ( 0.0000000000000000000, 3.188101183952074500, -2.618750000000003000 ) ) ;
#1901 = CARTESIAN_POINT ( 'NONE',  ( 2.921432023933851200, 3.765713726086984600, 9.799999999999998900 ) ) ;
#1902 = CARTESIAN_POINT ( 'NONE',  ( -0.4258390893588388000, 4.294434003464634700, 9.649999999999998600 ) ) ;
#1903 = CARTESIAN_POINT ( 'NONE',  ( -0.3838064865751794100, 4.602803996860481900, 9.650000000000000400 ) ) ;
#1904 = CARTESIAN_POINT ( 'NONE',  ( -2.254327966281374000, 2.254327966281371300, 2.537499999999997900 ) ) ;
#1905 = CARTESIAN_POINT ( 'NONE',  ( -2.254327966281374000, 2.254327966281371300, 2.381250000000001400 ) ) ;
#1906 = ORIENTED_EDGE ( 'NONE', *, *, #317, .F. ) ;
#1907 = CARTESIAN_POINT ( 'NONE',  ( 2.922994523933851100, 3.197484559420318300, 9.649999999999998600 ) ) ;
#1908 = CARTESIAN_POINT ( 'NONE',  ( -1.159297142732816900, 2.238630392753651900, 9.800000000000000700 ) ) ;
#1909 = CARTESIAN_POINT ( 'NONE',  ( 3.188101183952076800, -1.320554748610675500, -4.259375000000002100 ) ) ;
#1910 = VECTOR ( 'NONE', #2633, 1000.000000000000000 ) ;
#1911 = CARTESIAN_POINT ( 'NONE',  ( -0.5785679760661498500, 2.288109559420317600, 9.649999999999996800 ) ) ;
#1912 = CARTESIAN_POINT ( 'NONE',  ( 3.188101183952076800, -1.320554748610675900, -1.915624999999998800 ) ) ;
#1913 = CARTESIAN_POINT ( 'NONE',  ( 1.871556275951014500, -2.580942902325622500, -9.524398816047913400 ) ) ;
#1914 = VECTOR ( 'NONE', #2590, 1000.000000000000000 ) ;
#1915 = ORIENTED_EDGE ( 'NONE', *, *, #2148, .T. ) ;
#1916 = CARTESIAN_POINT ( 'NONE',  ( 2.267206767388623100, 1.989362302531767300, 9.649999999999998600 ) ) ;
#1917 = CARTESIAN_POINT ( 'NONE',  ( 3.254531666590949200, 3.412421829448452700, 9.799999999999998900 ) ) ;
#1918 = CARTESIAN_POINT ( 'NONE',  ( -1.043025625670299400, 3.816879725362446200, 9.799999999999997200 ) ) ;
#1919 = CARTESIAN_POINT ( 'NONE',  ( 1.712904166305997200, 4.135316469341307600, 1.599999999999999200 ) ) ;
#1920 = DIRECTION ( 'NONE',  ( -0.0000000000000000000, 0.0000000000000000000, -1.000000000000000000 ) ) ;
#1921 = CARTESIAN_POINT ( 'NONE',  ( -1.320554748610671700, 3.188101183952074500, -3.790625000000002100 ) ) ;
#1922 = CARTESIAN_POINT ( 'NONE',  ( 2.778806359535021600, 2.104753054639364700, 9.650000000000002100 ) ) ;
#1923 = CARTESIAN_POINT ( 'NONE',  ( -0.9280471427328166300, 4.143317892753651100, 9.799999999999998900 ) ) ;
#1924 = ORIENTED_EDGE ( 'NONE', *, *, #4301, .F. ) ;
#1925 = CARTESIAN_POINT ( 'NONE',  ( 2.922459265267431500, 3.227523084270997400, 9.650000000000002100 ) ) ;
#1926 = CARTESIAN_POINT ( 'NONE',  ( 0.7621453060858526300, -3.188101183952080800, 4.301339082524293600 ) ) ;
#1927 = CARTESIAN_POINT ( 'NONE',  ( 2.254327966281374900, 2.254327966281370000, 5.818750000000001400 ) ) ;
#1928 = VERTEX_POINT ( 'NONE', #1088 ) ;
#1929 = CARTESIAN_POINT ( 'NONE',  ( 2.744718572539969400, 2.472193748033512300, 9.649999999999998600 ) ) ;
#1930 = CARTESIAN_POINT ( 'NONE',  ( 1.973990189357979400, 3.485774050305380500, 9.649999999999996800 ) ) ;
#1931 = ADVANCED_FACE ( 'NONE', ( #4858 ), #5193, .T. ) ;
#1932 = EDGE_LOOP ( 'NONE', ( #1792, #771, #1190, #5600, #1844, #1717, #4973 ) ) ;
#1933 = CARTESIAN_POINT ( 'NONE',  ( 0.0000000000000000000, 3.188101183952074500, -1.368750000000001900 ) ) ;
#1934 = ORIENTED_EDGE ( 'NONE', *, *, #5974, .T. ) ;
#1935 = ORIENTED_EDGE ( 'NONE', *, *, #3650, .F. ) ;
#1936 = DIRECTION ( 'NONE',  ( 1.000000000000000000, 0.0000000000000000000, 0.0000000000000000000 ) ) ;
#1937 = CARTESIAN_POINT ( 'NONE',  ( -3.904297910284797800E-016, -3.188101183952079400, -0.8999999999999998000 ) ) ;
#1938 = CARTESIAN_POINT ( 'NONE',  ( -0.07856797606614988900, 3.304776226086984200, 9.799999999999998900 ) ) ;
#1939 = PERSON_AND_ORGANIZATION ( #665, #4979 ) ;
#1940 = VERTEX_POINT ( 'NONE', #553 ) ;
#1941 = CARTESIAN_POINT ( 'NONE',  ( 1.848847872052341400, 2.162219518107972400, 9.649999999999998600 ) ) ;
#1942 = CARTESIAN_POINT ( 'NONE',  ( 3.175029846684787900, 4.032073215338901800, 9.799999999999998900 ) ) ;
#1943 = CARTESIAN_POINT ( 'NONE',  ( -2.780347434538319900, 3.880877328408191200, 9.649999999999998600 ) ) ;
#1944 = CARTESIAN_POINT ( 'NONE',  ( -4.135316469341311100, -1.712904166305997200, 3.318749999999998300 ) ) ;
#1945 = CARTESIAN_POINT ( 'NONE',  ( 0.2188800260764589800, 2.803174340570711500, 9.649999999999996800 ) ) ;
#1946 = CARTESIAN_POINT ( 'NONE',  ( -2.254327966281374400, -2.254327966281376200, -2.306249999999999500 ) ) ;
#1947 = CARTESIAN_POINT ( 'NONE',  ( -2.828427124746187200, 2.828427124746185000, -0.5875000000000034600 ) ) ;
#1948 = CARTESIAN_POINT ( 'NONE',  ( 3.254530102571255400, 3.333936450659047900, 9.649999999999998600 ) ) ;
#1949 = VECTOR ( 'NONE', #5497, 1000.000000000000000 ) ;
#1950 = CARTESIAN_POINT ( 'NONE',  ( -0.2584484287849562200, 2.437131396284211200, 9.650000000000000400 ) ) ;
#1951 = CARTESIAN_POINT ( 'NONE',  ( -0.06182866745652873500, 4.437446540741564000, 9.650000000000000400 ) ) ;
#1952 = CARTESIAN_POINT ( 'NONE',  ( -3.188101183952076800, -2.589858358996516200E-015, 2.693749999999998300 ) ) ;
#1953 = CARTESIAN_POINT ( 'NONE',  ( -3.188101183952076800, -1.320554748610674800, 5.115625000000000500 ) ) ;
#1954 = CARTESIAN_POINT ( 'NONE',  ( 2.879150328656783700, 2.817670815048286300, 9.649999999999998600 ) ) ;
#1955 = CARTESIAN_POINT ( 'NONE',  ( -2.828427124746187200, 2.828427124746184500, 3.006250000000002800 ) ) ;
#1956 = CARTESIAN_POINT ( 'NONE',  ( 1.320554748610673900, 3.188101183952072300, 8.396875000000001400 ) ) ;
#1957 = FACE_OUTER_BOUND ( 'NONE', #80, .T. ) ;
#1958 = CARTESIAN_POINT ( 'NONE',  ( -2.254327966281374400, -2.254327966281376200, -4.650000000000002100 ) ) ;
#1959 = CARTESIAN_POINT ( 'NONE',  ( 1.320554748610671000, -3.188101183952079900, -2.071874999999999000 ) ) ;
#1960 = CARTESIAN_POINT ( 'NONE',  ( 7.960204194457797400E-016, -6.499999999999997300, 4.548750000000000100 ) ) ;
#1961 = DIRECTION ( 'NONE',  ( 0.0000000000000000000, 1.000000000000000000, 1.334402673828312800E-016 ) ) ;
#1962 = ADVANCED_FACE ( 'NONE', ( #202 ), #4481, .T. ) ;
#1963 = CARTESIAN_POINT ( 'NONE',  ( 1.621432023933850900, 2.654776226086984300, 9.799999999999998900 ) ) ;
#1964 = CARTESIAN_POINT ( 'NONE',  ( 2.828427124746188100, 2.828427124746184500, -1.056249999999997700 ) ) ;
#1965 = CARTESIAN_POINT ( 'NONE',  ( -1.076905241757988700, 3.447723621495014400, 9.649999999999998600 ) ) ;
#1966 = CARTESIAN_POINT ( 'NONE',  ( -5.064302077640169400E-016, -4.135316469341312900, 2.303124999999997900 ) ) ;
#1967 = CARTESIAN_POINT ( 'NONE',  ( 0.2544232331483318700, 3.266752701824849200, 9.649999999999998600 ) ) ;
#1968 = CARTESIAN_POINT ( 'NONE',  ( -2.254327966281374000, 2.254327966281372200, -2.618749999999999500 ) ) ;
#1969 = CARTESIAN_POINT ( 'NONE',  ( 2.416848113354161900, 2.924507599067089000, 9.649999999999998600 ) ) ;
#1970 = CARTESIAN_POINT ( 'NONE',  ( 0.0000000000000000000, 4.091537844202519000E-015, 4.548750000000001000 ) ) ;
#1971 = CARTESIAN_POINT ( 'NONE',  ( 2.868399043284878900, 3.489640322346617500, 9.649999999999998600 ) ) ;
#1972 = CARTESIAN_POINT ( 'NONE',  ( 1.842076189050982900, 2.170145777234643500, 9.799999999999998900 ) ) ;
#1973 = CARTESIAN_POINT ( 'NONE',  ( -3.999999999999996400, -1.656854249492379700, -8.009375000000000400 ) ) ;
#1974 = CARTESIAN_POINT ( 'NONE',  ( 3.188101183952076800, -3.581204109656927500E-015, 4.412500000000001400 ) ) ;
#1975 = EDGE_CURVE ( 'NONE', #2651, #812, #4154, .T. ) ;
#1976 = CARTESIAN_POINT ( 'NONE',  ( -0.7281493447761826500, 2.314331979727013900, 9.649999999999996800 ) ) ;
#1977 = CARTESIAN_POINT ( 'NONE',  ( -1.656854249492379000, 3.999999999999993300, 2.928125000000002800 ) ) ;
#1978 = DIRECTION ( 'NONE',  ( 2.311253228826398700E-016, -1.000000000000000000, 0.0000000000000000000 ) ) ;
#1979 = AXIS2_PLACEMENT_3D ( 'NONE', #3670, #2223, #693 ) ;
#1980 =( BOUNDED_CURVE ( )  B_SPLINE_CURVE ( 2, ( #527, #5495, #6052, #4038, #1062, #1549, #3986, #6031, #1010 ),
 .UNSPECIFIED., .F., .T. ) 
 B_SPLINE_CURVE_WITH_KNOTS ( ( 3, 2, 2, 2, 3 ),
 ( 0.2187500000000001100, 0.2265625000000000800, 0.2343750000000000600, 0.2421875000000000300, 0.2500000000000000000 ),
 .UNSPECIFIED. ) 
 CURVE ( )  GEOMETRIC_REPRESENTATION_ITEM ( )  RATIONAL_B_SPLINE_CURVE ( ( 0.9999999999999988900, 0.9238795325112878500, 1.000000000000000000, 0.9238795325112867400, 1.000000000000000000, 0.9238795325112867400, 1.000000000000000000, 0.9238795325112867400, 1.000000000000000000 ) ) 
 REPRESENTATION_ITEM ( '' )  );
#1981 = CARTESIAN_POINT ( 'NONE',  ( 3.188101183952076800, -2.375692416746249400E-015, -5.431250000000003000 ) ) ;
#1982 = CARTESIAN_POINT ( 'NONE',  ( 3.229301389113649300, 3.790876170569850600, 9.649999999999998600 ) ) ;
#1983 = CARTESIAN_POINT ( 'NONE',  ( -6.500000000000000900, -3.752776749732568400, 4.548750000000001000 ) ) ;
#1984 = VERTEX_POINT ( 'NONE', #4061 ) ;
#1985 = CARTESIAN_POINT ( 'NONE',  ( 1.320554748610673900, 3.188101183952072800, 3.396875000000000100 ) ) ;
#1986 = CARTESIAN_POINT ( 'NONE',  ( 0.0000000000000000000, 3.188101183952075400, -9.025000000000000400 ) ) ;
#1987 = CARTESIAN_POINT ( 'NONE',  ( -0.08632371404548083700, 3.581688149147300500, 9.799999999999998900 ) ) ;
#1988 = CARTESIAN_POINT ( 'NONE',  ( 1.751164365160045700, 3.210779942616029300, 9.799999999999997200 ) ) ;
#1989 = CARTESIAN_POINT ( 'NONE',  ( -0.9996588325373559900, 2.609905902458793800, 9.799999999999995400 ) ) ;
#1990 = CARTESIAN_POINT ( 'NONE',  ( -1.058428551983686000, 3.705779808570265100, 9.800000000000000700 ) ) ;
#1991 = CARTESIAN_POINT ( 'NONE',  ( -4.135316469341311100, 1.712904166305991600, 3.162499999999998300 ) ) ;
#1992 = CARTESIAN_POINT ( 'NONE',  ( 2.133009716160562800, 3.301947984407025400, 9.649999999999998600 ) ) ;
#1993 = PLANE ( 'NONE',  #4475 ) ;
#1994 = LINE ( 'NONE', #3677, #5499 ) ;
#1995 = CARTESIAN_POINT ( 'NONE',  ( -3.188101183952076800, -1.320554748610673700, -2.384374999999999500 ) ) ;
#1996 = CARTESIAN_POINT ( 'NONE',  ( 2.356590581235504400, 2.922472169658386000, 9.649999999999998600 ) ) ;
#1997 = CARTESIAN_POINT ( 'NONE',  ( 3.196045344954554900, 2.747671166332913600, 9.649999999999998600 ) ) ;
#1998 = CARTESIAN_POINT ( 'NONE',  ( -3.178567976066149800, 3.664151226086984600, 9.649999999999998600 ) ) ;
#1999 = ADVANCED_FACE ( 'NONE', ( #682 ), #1835, .T. ) ;
#2000 = CARTESIAN_POINT ( 'NONE',  ( -3.999999999999995600, -1.219821564350543700E-015, -8.087499999999998600 ) ) ;
#2001 = CARTESIAN_POINT ( 'NONE',  ( -2.254327966281374400, -2.254327966281377500, 7.693750000000002300 ) ) ;
#2002 = CARTESIAN_POINT ( 'NONE',  ( 0.01196171794026807000, 2.260015673746188700, 9.799999999999995400 ) ) ;
#2003 = DIRECTION ( 'NONE',  ( -0.0000000000000000000, -1.319585349029264000E-016, -1.000000000000000000 ) ) ;
#2004 = CARTESIAN_POINT ( 'NONE',  ( -0.6672583881127942500, 1.990639458113634000, 9.649999999999996800 ) ) ;
#2005 = CARTESIAN_POINT ( 'NONE',  ( 2.505386096220294500, 2.942996212208443200, 9.649999999999998600 ) ) ;
#2006 = EDGE_CURVE ( 'NONE', #6198, #3792, #516, .T. ) ;
#2007 = EDGE_CURVE ( 'NONE', #1403, #4794, #2852, .T. ) ;
#2008 = CARTESIAN_POINT ( 'NONE',  ( -3.904297910284797800E-016, -3.188101183952079400, 0.5062499999999979800 ) ) ;
#2009 = CARTESIAN_POINT ( 'NONE',  ( 3.254531666590949200, 3.412421829448452700, 9.799999999999998900 ) ) ;
#2010 = FACE_OUTER_BOUND ( 'NONE', #6063, .T. ) ;
#2011 = ORIENTED_EDGE ( 'NONE', *, *, #3547, .T. ) ;
#2012 = CARTESIAN_POINT ( 'NONE',  ( -4.067658234670652500, -2.598190117924218300E-015, 3.201562500000001400 ) ) ;
#2013 = CARTESIAN_POINT ( 'NONE',  ( 1.320554748610673900, 3.188101183952072800, 2.146875000000001400 ) ) ;
#2014 = EDGE_LOOP ( 'NONE', ( #2406, #4955, #447, #525, #5745, #2840, #3457 ) ) ;
#2015 = CARTESIAN_POINT ( 'NONE',  ( -3.904297910284797800E-016, -3.188101183952078500, -7.149999999999999500 ) ) ;
#2016 = CARTESIAN_POINT ( 'NONE',  ( -0.2163808535106935300, 4.119118266286723600, 9.799999999999998900 ) ) ;
#2017 = CARTESIAN_POINT ( 'NONE',  ( 2.107096535589623200, 2.952167445948971300, 9.650000000000003900 ) ) ;
#2018 = EDGE_LOOP ( 'NONE', ( #1149, #1466, #1108, #4721 ) ) ;
#2019 = CARTESIAN_POINT ( 'NONE',  ( -1.078567976066150200, 3.304776226086985100, 9.800000000000000700 ) ) ;
#2020 = CARTESIAN_POINT ( 'NONE',  ( -3.318190558358470500, -1.797076177837353200, -8.946707994097568700 ) ) ;
#2021 = CARTESIAN_POINT ( 'NONE',  ( -1.360112070741744700, 3.892457581149272500, 9.650000000000003900 ) ) ;
#2022 = CARTESIAN_POINT ( 'NONE',  ( -1.867147581722950300E-015, 7.505553499465136700, -15.50782801147530800 ) ) ;
#2023 = CARTESIAN_POINT ( 'NONE',  ( -2.828427124746187600, -2.828427124746189400, 2.068750000000001400 ) ) ;
#2024 = ORIENTED_EDGE ( 'NONE', *, *, #2877, .F. ) ;
#2025 = CARTESIAN_POINT ( 'NONE',  ( 1.320554748610671000, -3.188101183952081200, 4.178125000000001400 ) ) ;
#2026 = CARTESIAN_POINT ( 'NONE',  ( -3.188101183952076800, -1.212130709955741300E-015, -8.556250000000003900 ) ) ;
#2027 = CARTESIAN_POINT ( 'NONE',  ( 2.828427124746188100, 2.828427124746184500, -2.150000000000003000 ) ) ;
#2028 = CARTESIAN_POINT ( 'NONE',  ( 2.664383086402681000, 2.047187708906266700, 9.800000000000002500 ) ) ;
#2029 = CARTESIAN_POINT ( 'NONE',  ( 1.922364262724120000, 3.685121198140674200, 9.649999999999998600 ) ) ;
#2030 = CARTESIAN_POINT ( 'NONE',  ( 1.707164473985763400, 3.275310056556665300, 9.800000000000000700 ) ) ;
#2031 = VERTEX_POINT ( 'NONE', #2050 ) ;
#2032 = CARTESIAN_POINT ( 'NONE',  ( -6.500000000000002700, 3.752776749732565700, 8.997274632750535500 ) ) ;
#2033 = ORIENTED_EDGE ( 'NONE', *, *, #3520, .F. ) ;
#2034 = CARTESIAN_POINT ( 'NONE',  ( 2.889209656164635700, 3.994741871271932700, 9.649999999999998600 ) ) ;
#2035 = CARTESIAN_POINT ( 'NONE',  ( 1.656854249492381500, 3.999999999999993300, -5.978125000000000400 ) ) ;
#2036 = B_SPLINE_CURVE_WITH_KNOTS ( 'NONE', 3,
 ( #582, #3994, #3567, #1559, #4071, #4467, #1101, #103, #1020, #3545, #4561 ),
 .UNSPECIFIED., .F., .F.,
 ( 4, 1, 1, 1, 1, 1, 1, 1, 4 ),
 ( 0.0000000000000000000, 0.1379032299933934700, 0.2688733426002938900, 0.3951781273461134100, 0.5170892381308879200, 0.6367430265135477500, 0.7562218164637973800, 0.8766283594636792300, 1.000000000000000000 ),
 .UNSPECIFIED. ) ;
#2037 = CARTESIAN_POINT ( 'NONE',  ( 3.188101183952076800, -1.320554748610675900, -0.5093750000000028000 ) ) ;
#2038 = CARTESIAN_POINT ( 'NONE',  ( 2.677829773735936700, 4.568833027920875100, 9.800000000000000700 ) ) ;
#2039 = LINE ( 'NONE', #2482, #2672 ) ;
#2040 = B_SPLINE_CURVE_WITH_KNOTS ( 'NONE', 3,
 ( #3366, #385, #1410, #3893, #1943, #3463, #5376, #2408, #3391, #936, #5915 ),
 .UNSPECIFIED., .F., .F.,
 ( 4, 1, 1, 1, 1, 1, 1, 1, 4 ),
 ( 0.0000000000000000000, 0.1116703001015875600, 0.2320944808560188300, 0.3627434591045533000, 0.5025575097108857500, 0.6415251033312815400, 0.7710984952996686700, 0.8901617573732529800, 1.000000000000000000 ),
 .UNSPECIFIED. ) ;
#2041 = CARTESIAN_POINT ( 'NONE',  ( 3.188101183952076800, -3.428123259763508200E-015, 3.162500000000000500 ) ) ;
#2042 = CARTESIAN_POINT ( 'NONE',  ( 3.188101183952076800, 1.320554748610670800, -6.759374999999998600 ) ) ;
#2043 = CARTESIAN_POINT ( 'NONE',  ( -1.077603446098429000, 3.159043435827814800, 9.799999999999998900 ) ) ;
#2044 = ADVANCED_FACE ( 'NONE', ( #2171 ), #2473, .T. ) ;
#2045 = CARTESIAN_POINT ( 'NONE',  ( 1.670627023894268400, 3.344851504275294200, 9.650000000000005700 ) ) ;
#2046 = FACE_OUTER_BOUND ( 'NONE', #5149, .T. ) ;
#2047 = CARTESIAN_POINT ( 'NONE',  ( -1.809086441532148600, 3.567521022652074200, 4.349999999999999600 ) ) ;
#2048 = CARTESIAN_POINT ( 'NONE',  ( -4.135316469341311100, 1.712904166305991600, 6.912499999999999600 ) ) ;
#2049 = CARTESIAN_POINT ( 'NONE',  ( -1.656854249492379000, -3.999999999999997300, -5.196875000000004800 ) ) ;
#2050 = CARTESIAN_POINT ( 'NONE',  ( -6.500000000000000900, -3.752776749732947200, 8.997274632750784200 ) ) ;
#2051 = CARTESIAN_POINT ( 'NONE',  ( -1.320554748610671700, 3.188101183952073600, 2.303125000000001400 ) ) ;
#2052 = CARTESIAN_POINT ( 'NONE',  ( 2.254327966281374000, -2.254327966281376700, -5.587500000000003000 ) ) ;
#2053 = CARTESIAN_POINT ( 'NONE',  ( 0.0000000000000000000, 4.067658234670651600, -7.110937499999999500 ) ) ;
#2054 = CARTESIAN_POINT ( 'NONE',  ( -0.07951717882208275700, 3.159216186900910600, 9.649999999999998600 ) ) ;
#2055 = CARTESIAN_POINT ( 'NONE',  ( -2.828427124746187200, 2.828427124746186700, -8.243749999999998600 ) ) ;
#2056 = CYLINDRICAL_SURFACE ( 'NONE', #2394, 6.500000000000001800 ) ;
#2057 = CARTESIAN_POINT ( 'NONE',  ( -0.2116504854246321300, 2.067867589368456800, 9.799999999999995400 ) ) ;
#2058 = CARTESIAN_POINT ( 'NONE',  ( 2.920449444117103200, 3.704595566659540500, 9.800000000000000700 ) ) ;
#2059 = CARTESIAN_POINT ( 'NONE',  ( 2.632403835263818600, 4.284667442254421300, 9.799999999999998900 ) ) ;
#2060 = CARTESIAN_POINT ( 'NONE',  ( 3.188101183952076800, -2.988015816319927100E-015, -0.4312500000000028000 ) ) ;
#2061 = CARTESIAN_POINT ( 'NONE',  ( 3.196139409189238600, 3.958664424771078500, 9.800000000000000700 ) ) ;
#2062 = CARTESIAN_POINT ( 'NONE',  ( -1.320554748610671700, 3.188101183952074100, 1.053125000000000300 ) ) ;
#2063 = CARTESIAN_POINT ( 'NONE',  ( -3.188101183952076800, -1.346076453612483800E-015, -7.462499999999999500 ) ) ;
#2064 = CARTESIAN_POINT ( 'NONE',  ( 0.0000000000000000000, 3.999999999999994700, -9.649999999999998600 ) ) ;
#2065 = DIRECTION ( 'NONE',  ( -0.0000000000000000000, -1.319585349029264000E-016, -1.000000000000000000 ) ) ;
#2066 = CARTESIAN_POINT ( 'NONE',  ( -1.632054792950832900, -3.490484717817966800, -8.866861862365842800 ) ) ;
#2067 = CARTESIAN_POINT ( 'NONE',  ( -3.504588994257135800, 2.152265255235236800, 4.301339082524295400 ) ) ;
#2068 = CARTESIAN_POINT ( 'NONE',  ( 2.267670245289185700, 3.240831330956742000, 9.799999999999995400 ) ) ;
#2069 = CARTESIAN_POINT ( 'NONE',  ( 2.101083523291113100, 2.374414304606218700, 9.799999999999995400 ) ) ;
#2070 = CARTESIAN_POINT ( 'NONE',  ( 3.188101183952076800, 1.320554748610669700, 1.990625000000001000 ) ) ;
#2071 = CARTESIAN_POINT ( 'NONE',  ( 3.188101183952076800, -1.320554748610675500, -6.759375000000003900 ) ) ;
#2072 = CARTESIAN_POINT ( 'NONE',  ( 3.463430242861189600, -1.577918978215310700, -8.913947751299200900 ) ) ;
#2073 = CARTESIAN_POINT ( 'NONE',  ( -3.904297910284797800E-016, -3.188101183952079900, 4.256249999999997900 ) ) ;
#2074 = ADVANCED_FACE ( 'NONE', ( #5799 ), #5949, .T. ) ;
#2075 = ORIENTED_EDGE ( 'NONE', *, *, #5197, .F. ) ;
#2076 = CARTESIAN_POINT ( 'NONE',  ( -0.5556353347449397600, 1.988458939000123000, 9.799999999999998900 ) ) ;
#2077 = EDGE_CURVE ( 'NONE', #287, #1328, #3526, .T. ) ;
#2078 = APPLICATION_CONTEXT ( 'configuration controlled 3d designs of mechanical parts and assemblies' ) ;
#2079 = CARTESIAN_POINT ( 'NONE',  ( 3.174779176261427700, 2.664819354788560400, 9.649999999999998600 ) ) ;
#2080 = ADVANCED_FACE ( 'NONE', ( #3016 ), #5049, .T. ) ;
#2081 = EDGE_CURVE ( 'NONE', #4186, #442, #5660, .T. ) ;
#2082 = CARTESIAN_POINT ( 'NONE',  ( -1.320554748610671700, 3.188101183952073600, 2.459374999999998300 ) ) ;
#2083 = VERTEX_POINT ( 'NONE', #4580 ) ;
#2084 = CARTESIAN_POINT ( 'NONE',  ( -3.188101183952076800, -1.039914753825645000E-015, -9.962499999999998600 ) ) ;
#2085 = CARTESIAN_POINT ( 'NONE',  ( -3.188101183952076800, -3.183046652333516600E-015, 7.537500000000002300 ) ) ;
#2086 = CARTESIAN_POINT ( 'NONE',  ( 3.188101183952076800, -1.320554748610675500, -5.665624999999999500 ) ) ;
#2087 = CARTESIAN_POINT ( 'NONE',  ( -1.477674046299172000, 3.687762114664927100, 4.350000000000003200 ) ) ;
#2088 = B_SPLINE_CURVE_WITH_KNOTS ( 'NONE', 3,
 ( #3663, #5084, #5648, #4637, #4166, #1204, #1694, #5167, #3599, #6159, #2619, #3190, #618, #2113, #5590, #5614, #1113, #4126, #4574 ),
 .UNSPECIFIED., .F., .F.,
 ( 4, 1, 1, 1, 1, 1, 1, 1, 1, 1, 1, 1, 1, 1, 1, 1, 4 ),
 ( 0.0000000000000000000, 0.06762478564783756800, 0.1323081681483762600, 0.1944427185326004500, 0.2550897527380088200, 0.3146358290432425500, 0.3729716633013144300, 0.4313311216832996800, 0.4905522299691220100, 0.5495284371550747100, 0.6091882191549942100, 0.6691476079191585000, 0.7306727991879126100, 0.7940519943637939200, 0.8598446477113709200, 0.9282110535493478500, 1.000000000000000000 ),
 .UNSPECIFIED. ) ;
#2089 = DIRECTION ( 'NONE',  ( 0.0000000000000000000, 1.000000000000000000, 0.0000000000000000000 ) ) ;
#2090 = CARTESIAN_POINT ( 'NONE',  ( -6.500000000000001800, 3.815740377469680400E-015, 9.577831216351295800 ) ) ;
#2091 = CARTESIAN_POINT ( 'NONE',  ( -1.411901309399483700, 3.303734559420318000, 9.650000000000003900 ) ) ;
#2092 = DIRECTION ( 'NONE',  ( -0.5000000000000004400, 0.8660254037844384900, 0.0000000000000000000 ) ) ;
#2093 = DIRECTION ( 'NONE',  ( 1.000000000000000000, 0.0000000000000000000, 0.0000000000000000000 ) ) ;
#2094 = CARTESIAN_POINT ( 'NONE',  ( 3.030159142556900300, -0.9910220632738052600, 4.349999999999998800 ) ) ;
#2095 = CARTESIAN_POINT ( 'NONE',  ( 3.188101183952076800, 1.320554748610670600, -5.353125000000003000 ) ) ;
#2096 = CARTESIAN_POINT ( 'NONE',  ( -4.067658234670652500, 1.684879207899185400, -9.376562499999998600 ) ) ;
#2097 = FACE_OUTER_BOUND ( 'NONE', #5287, .T. ) ;
#2098 = CARTESIAN_POINT ( 'NONE',  ( 2.254327966281374900, 2.254327966281370900, 2.224999999999997900 ) ) ;
#2099 = ORIENTED_EDGE ( 'NONE', *, *, #4321, .T. ) ;
#2100 = CARTESIAN_POINT ( 'NONE',  ( 2.279164932448338700, 4.299353674836678100, 9.799999999999998900 ) ) ;
#2101 = EDGE_LOOP ( 'NONE', ( #2317, #3649, #5609, #333, #667, #3002, #1081, #5280, #6137, #1248, #2502, #3127, #5259, #3656, #2033, #1261, #4331, #2800, #6071, #1935, #1469, #3795, #685, #2797, #3189, #6349 ) ) ;
#2102 = CARTESIAN_POINT ( 'NONE',  ( 2.913419032851023400, 3.645743856229949100, 9.800000000000000700 ) ) ;
#2103 = ORIENTED_EDGE ( 'NONE', *, *, #3008, .T. ) ;
#2104 = CARTESIAN_POINT ( 'NONE',  ( 1.320554748610671000, -3.188101183952081200, 3.084374999999997000 ) ) ;
#2105 = ORIENTED_EDGE ( 'NONE', *, *, #3998, .T. ) ;
#2106 = CARTESIAN_POINT ( 'NONE',  ( -1.656854249492374400, -4.000000000000001800, -6.446875000000002100 ) ) ;
#2107 = ADVANCED_FACE ( 'NONE', ( #4318 ), #1614, .T. ) ;
#2108 = ORIENTED_EDGE ( 'NONE', *, *, #1401, .F. ) ;
#2109 = CARTESIAN_POINT ( 'NONE',  ( 3.188101183952076800, 1.320554748610669500, 8.240625000000001400 ) ) ;
#2110 = CARTESIAN_POINT ( 'NONE',  ( -1.684879207899186500, -4.067658234670655100, 5.935937500000001400 ) ) ;
#2111 = CARTESIAN_POINT ( 'NONE',  ( -0.6800808582305283300, 2.298905837580477000, 9.650000000000000400 ) ) ;
#2112 = ORIENTED_EDGE ( 'NONE', *, *, #786, .T. ) ;
#2113 = CARTESIAN_POINT ( 'NONE',  ( 1.696982592082457700, 2.373791603833998600, 9.799999999999997200 ) ) ;
#2114 = CARTESIAN_POINT ( 'NONE',  ( -6.500000000000000000, -3.752776749732568800, 4.548750000000001000 ) ) ;
#2115 = CARTESIAN_POINT ( 'NONE',  ( -1.712904166305994700, -4.135316469341313800, 7.225000000000000500 ) ) ;
#2116 = ORIENTED_EDGE ( 'NONE', *, *, #415, .T. ) ;
#2117 = CARTESIAN_POINT ( 'NONE',  ( 2.300726874270520000, 2.922100788418142700, 9.650000000000002100 ) ) ;
#2118 = CARTESIAN_POINT ( 'NONE',  ( -3.999999999999995600, -1.545118370374059000E-015, -5.431250000000003900 ) ) ;
#2119 = CARTESIAN_POINT ( 'NONE',  ( -2.578567976066149700, 5.659242853461223200E-032, 9.649999999999998600 ) ) ;
#2120 = CARTESIAN_POINT ( 'NONE',  ( -0.5785679760661498500, 4.621442892753650600, 9.799999999999998900 ) ) ;
#2121 = CARTESIAN_POINT ( 'NONE',  ( -1.320554748610672300, -3.188101183952078500, -5.821875000000003000 ) ) ;
#2122 = CARTESIAN_POINT ( 'NONE',  ( -6.500000000000002700, 3.752776749732566600, -15.50782801147530800 ) ) ;
#2123 = PERSON_AND_ORGANIZATION ( #665, #4979 ) ;
#2124 = VERTEX_POINT ( 'NONE', #3706 ) ;
#2125 = CARTESIAN_POINT ( 'NONE',  ( -3.188101183952076800, 1.320554748610669000, 3.865624999999997900 ) ) ;
#2126 = CARTESIAN_POINT ( 'NONE',  ( -1.656854249492379000, 3.999999999999994200, -2.071874999999998600 ) ) ;
#2127 = AXIS2_PLACEMENT_3D ( 'NONE', #3790, #2831, #3771 ) ;
#2128 = CARTESIAN_POINT ( 'NONE',  ( 2.254327966281374000, -2.254327966281376700, -8.087500000000002100 ) ) ;
#2129 = CARTESIAN_POINT ( 'NONE',  ( -4.135316469341310300, -1.068022523522924300E-015, -9.259375000000002100 ) ) ;
#2130 = FACE_OUTER_BOUND ( 'NONE', #4586, .T. ) ;
#2131 = CARTESIAN_POINT ( 'NONE',  ( 2.254327966281374900, 2.254327966281370400, 4.724999999999997900 ) ) ;
#2132 = CARTESIAN_POINT ( 'NONE',  ( -3.188101183952076800, 1.320554748610670800, -10.04062499999999900 ) ) ;
#2133 = CIRCLE ( 'NONE', #3474, 6.500000000000001800 ) ;
#2134 = CARTESIAN_POINT ( 'NONE',  ( -3.188101183952076800, -3.029965802440097200E-015, 6.287500000000001400 ) ) ;
#2135 = CARTESIAN_POINT ( 'NONE',  ( -1.684879207899186100, 4.067658234670649800, 7.967187499999999600 ) ) ;
#2136 = CARTESIAN_POINT ( 'NONE',  ( 0.5306631302584586800, 7.199174998361405300, 9.174162342837245600 ) ) ;
#2137 = CARTESIAN_POINT ( 'NONE',  ( 2.814089335506492400, 3.122407697324078000, 9.799999999999995400 ) ) ;
#2138 = B_SPLINE_CURVE_WITH_KNOTS ( 'NONE', 3,
 ( #3276, #4735, #5777, #4279, #6214, #5227, #289, #1339, #310, #5762, #2252, #1784, #4770, #741, #4715, #5303, #3254, #4226, #1805, #3752, #5795, #5282, #5262, #5720, #4757, #269, #2756 ),
 .UNSPECIFIED., .F., .F.,
 ( 4, 1, 1, 1, 1, 1, 1, 1, 1, 1, 1, 1, 1, 1, 1, 1, 1, 1, 1, 1, 1, 1, 1, 1, 4 ),
 ( 0.0000000000000000000, 0.06311445839479346000, 0.1236146457694899300, 0.1809737111859574000, 0.2352614550083222100, 0.2871007018338722100, 0.3360307363034438800, 0.3823823485850664800, 0.4263340836597072600, 0.4682106947981603500, 0.5082496012618050700, 0.5466283366065849400, 0.5836495392304461600, 0.6189943150301617800, 0.6535830186205958700, 0.6871561361903313300, 0.7204221919788077500, 0.7532302188118170600, 0.7862601560779002300, 0.8195039834988840900, 0.8535452747120185800, 0.8883082803397299700, 0.9239958607406950600, 0.9613503047546450000, 1.000000000000000000 ),
 .UNSPECIFIED. ) ;
#2139 = CARTESIAN_POINT ( 'NONE',  ( -0.6086353278133066500, 1.988967232218777500, 9.649999999999998600 ) ) ;
#2140 = CARTESIAN_POINT ( 'NONE',  ( -3.178567976066149800, 3.664151226086984600, 9.799999999999998900 ) ) ;
#2141 = CARTESIAN_POINT ( 'NONE',  ( -1.398263555515966600, 2.968366224973296900, 9.800000000000000700 ) ) ;
#2142 = CARTESIAN_POINT ( 'NONE',  ( 2.356988152009696200, 4.620757503314050200, 9.799999999999998900 ) ) ;
#2143 = CARTESIAN_POINT ( 'NONE',  ( 0.0000000000000000000, 4.067658234670651600, -8.360937500000000400 ) ) ;
#2144 = CARTESIAN_POINT ( 'NONE',  ( 3.188101183952076800, -1.320554748610676600, 3.240624999999997000 ) ) ;
#2145 = EDGE_CURVE ( 'NONE', #6198, #3122, #4932, .T. ) ;
#2146 = DIRECTION ( 'NONE',  ( -0.0000000000000000000, -0.0000000000000000000, -1.000000000000000000 ) ) ;
#2147 = CARTESIAN_POINT ( 'NONE',  ( -1.320554748610672300, -3.188101183952078100, -9.571875000000002100 ) ) ;
#2148 = EDGE_CURVE ( 'NONE', #3490, #4797, #2985, .T. ) ;
#2149 = CARTESIAN_POINT ( 'NONE',  ( 1.712904166305993600, -4.135316469341312000, -8.868750000000000400 ) ) ;
#2150 = CARTESIAN_POINT ( 'NONE',  ( 3.188101183952076800, -1.320554748610677000, 6.990624999999997000 ) ) ;
#2151 = CARTESIAN_POINT ( 'NONE',  ( -2.254327966281374400, -2.254327966281375300, -9.806249999999998600 ) ) ;
#2152 = CARTESIAN_POINT ( 'NONE',  ( 0.0000000000000000000, 3.188101183952073200, 7.225000000000002300 ) ) ;
#2153 = CARTESIAN_POINT ( 'NONE',  ( -2.876268721284919800, -2.876268721284922500, 5.857812500000000500 ) ) ;
#2154 = CARTESIAN_POINT ( 'NONE',  ( -0.5785679760661498500, 2.288109559420317600, 9.799999999999998900 ) ) ;
#2155 = CARTESIAN_POINT ( 'NONE',  ( 1.656854249492381500, 3.999999999999993300, -3.478124999999998600 ) ) ;
#2156 = CARTESIAN_POINT ( 'NONE',  ( -3.999999999999996400, -1.656854249492381200, 3.396874999999996500 ) ) ;
#2157 = CARTESIAN_POINT ( 'NONE',  ( -4.898587196589407900E-016, -3.999999999999998200, 2.381249999999995200 ) ) ;
#2158 = VERTEX_POINT ( 'NONE', #2157 ) ;
#2159 = CARTESIAN_POINT ( 'NONE',  ( 2.420443264898833700, -2.144751427075075600, -9.497864856823870400 ) ) ;
#2160 = CARTESIAN_POINT ( 'NONE',  ( 2.221337150656475900, 4.608353510736909800, 9.649999999999998600 ) ) ;
#2161 = CARTESIAN_POINT ( 'NONE',  ( -1.684879207899186100, 4.067658234670650700, -5.782812499999999500 ) ) ;
#2162 = CARTESIAN_POINT ( 'NONE',  ( 3.188101183952076800, 1.320554748610669700, 3.396874999999997400 ) ) ;
#2163 = CARTESIAN_POINT ( 'NONE',  ( 0.0000000000000000000, -2.546799723626479500E-015, -9.649999999999998600 ) ) ;
#2164 = CARTESIAN_POINT ( 'NONE',  ( -2.254327966281374000, 2.254327966281372700, -7.462500000000002100 ) ) ;
#2165 = VECTOR ( 'NONE', #4004, 1000.000000000000000 ) ;
#2166 = CARTESIAN_POINT ( 'NONE',  ( -4.135316469341311100, 1.712904166305993200, -9.337500000000002100 ) ) ;
#2167 = CARTESIAN_POINT ( 'NONE',  ( 0.0000000000000000000, 3.999999999999993300, 4.256249999999996100 ) ) ;
#2168 = AXIS2_PLACEMENT_3D ( 'NONE', #396, #844, #1936 ) ;
#2169 = CARTESIAN_POINT ( 'NONE',  ( 3.188101183952076800, -1.320554748610676600, 4.490624999999999600 ) ) ;
#2170 = CARTESIAN_POINT ( 'NONE',  ( -4.898587196589407900E-016, -3.999999999999997300, -6.368750000000003900 ) ) ;
#2171 = FACE_OUTER_BOUND ( 'NONE', #3315, .T. ) ;
#2172 = CARTESIAN_POINT ( 'NONE',  ( 1.684879207899189200, 4.067658234670648900, 5.310937500000002300 ) ) ;
#2173 = CARTESIAN_POINT ( 'NONE',  ( 3.178355257403498300, -0.6646434410796215900, 4.349999999999995200 ) ) ;
#2174 = ORIENTED_EDGE ( 'NONE', *, *, #3678, .F. ) ;
#2175 = CARTESIAN_POINT ( 'NONE',  ( -0.9280471427328166300, 4.143317892753651100, 9.799999999999998900 ) ) ;
#2176 = DIRECTION ( 'NONE',  ( 2.311253228826398700E-016, -1.000000000000000000, -1.224646799147355200E-016 ) ) ;
#2177 = CARTESIAN_POINT ( 'NONE',  ( 2.921432023933851200, 3.261026226086984900, 9.799999999999998900 ) ) ;
#2178 = CARTESIAN_POINT ( 'NONE',  ( 2.177520378956265400, 2.934906131864487100, 9.649999999999998600 ) ) ;
#2179 = CARTESIAN_POINT ( 'NONE',  ( -3.999999999999995600, -2.138306663711060100E-015, -0.5874999999999990200 ) ) ;
#2180 = ORIENTED_EDGE ( 'NONE', *, *, #2850, .F. ) ;
#2181 = CARTESIAN_POINT ( 'NONE',  ( 2.226149365748483000, 2.595502417258684200, -9.297615496835963000 ) ) ;
#2182 = CARTESIAN_POINT ( 'NONE',  ( 0.2537548263386596400, 3.194501363526597100, 9.799999999999995400 ) ) ;
#2183 = CARTESIAN_POINT ( 'NONE',  ( 4.067658234670651600, 1.684879207899185200, -2.345312499999999500 ) ) ;
#2184 = CARTESIAN_POINT ( 'NONE',  ( -1.320554748610672300, -3.188101183952080300, 6.678124999999997000 ) ) ;
#2185 = ORIENTED_EDGE ( 'NONE', *, *, #1688, .T. ) ;
#2186 = CARTESIAN_POINT ( 'NONE',  ( -2.578567976066149700, 4.047484559420317900, 9.799999999999998900 ) ) ;
#2187 = CARTESIAN_POINT ( 'NONE',  ( -2.254327966281374400, -2.254327966281375800, -5.900000000000002100 ) ) ;
#2188 = CARTESIAN_POINT ( 'NONE',  ( -1.173621956842128400, -2.964220076434053400, 9.025081405817120500 ) ) ;
#2189 = ORIENTED_EDGE ( 'NONE', *, *, #2692, .F. ) ;
#2190 = CARTESIAN_POINT ( 'NONE',  ( 2.715654082188951900, 4.237734489834500600, 9.650000000000002100 ) ) ;
#2191 = CARTESIAN_POINT ( 'NONE',  ( 0.0000000000000000000, 6.500000000000005300, 4.548750000000001800 ) ) ;
#2192 = ORIENTED_EDGE ( 'NONE', *, *, #2878, .F. ) ;
#2193 = CARTESIAN_POINT ( 'NONE',  ( -2.254327966281374000, 2.254327966281370900, 6.287499999999997900 ) ) ;
#2194 = CARTESIAN_POINT ( 'NONE',  ( -1.320554748610671700, 3.188101183952075400, -5.196874999999999500 ) ) ;
#2195 = ORIENTED_EDGE ( 'NONE', *, *, #996, .T. ) ;
#2196 = CARTESIAN_POINT ( 'NONE',  ( -4.067658234670652500, -2.904351817711057400E-015, 5.701562499999999600 ) ) ;
#2197 = CYLINDRICAL_SURFACE ( 'NONE', #2365, 3.999999999999997300 ) ;
#2198 = CARTESIAN_POINT ( 'NONE',  ( 6.500000000000000900, 3.752776749732571000, 8.997274632750533700 ) ) ;
#2199 = CARTESIAN_POINT ( 'NONE',  ( -1.222392923390553900, 2.329646982006752700, 9.799999999999998900 ) ) ;
#2200 = CARTESIAN_POINT ( 'NONE',  ( 1.975599284665767300, 3.010623519905364400, 9.649999999999996800 ) ) ;
#2201 = CARTESIAN_POINT ( 'NONE',  ( 1.977188796133888800, 4.025217550544098800, 9.649999999999998600 ) ) ;
#2202 = EDGE_CURVE ( 'NONE', #5346, #6439, #3839, .T. ) ;
#2203 = CARTESIAN_POINT ( 'NONE',  ( 0.2329387564302243500, 2.893198350924668800, 9.649999999999995000 ) ) ;
#2204 = CARTESIAN_POINT ( 'NONE',  ( -2.876268721284919400, 2.876268721284917600, -1.954687499999999900 ) ) ;
#2205 = CARTESIAN_POINT ( 'NONE',  ( -3.904297910284797800E-016, -3.188101183952080300, 6.756249999999998800 ) ) ;
#2206 = MANIFOLD_SOLID_BREP ( 'Combine2', #5326 ) ;
#2207 = VECTOR ( 'NONE', #5171, 1000.000000000000000 ) ;
#2208 = CARTESIAN_POINT ( 'NONE',  ( 7.314287413174237100E-016, -7.505553499465134100, 4.548750000000001000 ) ) ;
#2209 = EDGE_CURVE ( 'NONE', #517, #1400, #3665, .T. ) ;
#2210 = CARTESIAN_POINT ( 'NONE',  ( 2.254327966281374900, 2.254327966281372200, -9.025000000000002100 ) ) ;
#2211 = CARTESIAN_POINT ( 'NONE',  ( -4.135316469341311100, -1.712904166305995800, -4.181250000000002100 ) ) ;
#2212 = CARTESIAN_POINT ( 'NONE',  ( 2.632403835263818600, 4.284667442254421300, 9.649999999999998600 ) ) ;
#2213 = VECTOR ( 'NONE', #721, 1000.000000000000000 ) ;
#2214 = CARTESIAN_POINT ( 'NONE',  ( 2.356848690600517500, 2.288109559420317600, 9.799999999999998900 ) ) ;
#2215 = CARTESIAN_POINT ( 'NONE',  ( -3.188101183952076800, 1.320554748610668300, 8.865624999999997900 ) ) ;
#2216 = CARTESIAN_POINT ( 'NONE',  ( -2.254327966281374000, 2.254327966281372700, -7.618749999999998600 ) ) ;
#2217 = CARTESIAN_POINT ( 'NONE',  ( 1.684879207899189200, 4.067658234670648000, 9.060937500000001400 ) ) ;
#2218 = CARTESIAN_POINT ( 'NONE',  ( -2.797761097253423900, -2.350520761003827900, 4.350000000000002300 ) ) ;
#2219 = CARTESIAN_POINT ( 'NONE',  ( 0.0000000000000000000, -2.546799723626479500E-015, -9.649999999999998600 ) ) ;
#2220 = CARTESIAN_POINT ( 'NONE',  ( -1.106020967035622000, 2.178738090931562300, 9.649999999999996800 ) ) ;
#2221 = CARTESIAN_POINT ( 'NONE',  ( 2.828427124746187200, -2.828427124746190300, 2.381250000000001900 ) ) ;
#2222 = CARTESIAN_POINT ( 'NONE',  ( -1.409408961904445200, 3.132038297985552800, 9.799999999999997200 ) ) ;
#2223 = DIRECTION ( 'NONE',  ( -0.0000000000000000000, -1.319585349029264000E-016, -1.000000000000000000 ) ) ;
#2224 = CARTESIAN_POINT ( 'NONE',  ( -2.876268721284919800, -2.876268721284921600, -2.892187499999999900 ) ) ;
#2225 = CARTESIAN_POINT ( 'NONE',  ( -3.904297910284797800E-016, -3.188101183952080300, 8.006249999999996100 ) ) ;
#2226 = EDGE_CURVE ( 'NONE', #1769, #356, #6113, .T. ) ;
#2227 = CARTESIAN_POINT ( 'NONE',  ( 1.929382328940333100, 3.862976378802545100, 9.649999999999995000 ) ) ;
#2228 = CARTESIAN_POINT ( 'NONE',  ( -3.188101183952076800, -2.130615809316257800E-015, -1.056250000000003500 ) ) ;
#2229 = CARTESIAN_POINT ( 'NONE',  ( 2.922994523933851100, 3.197484559420318300, 9.650000000000002100 ) ) ;
#2230 = EDGE_CURVE ( 'NONE', #4001, #4205, #5546, .T. ) ;
#2231 = CARTESIAN_POINT ( 'NONE',  ( 1.712904166305997200, 4.135316469341309400, -8.400000000000000400 ) ) ;
#2232 = CARTESIAN_POINT ( 'NONE',  ( 2.828427124746187200, -2.828427124746189400, -6.212500000000004800 ) ) ;
#2233 = CARTESIAN_POINT ( 'NONE',  ( 3.149788330449685400, 2.588139165773961600, 9.650000000000000400 ) ) ;
#2234 = VERTEX_POINT ( 'NONE', #5652 ) ;
#2235 = CARTESIAN_POINT ( 'NONE',  ( 2.254327966281374900, 2.254327966281371300, -4.181249999999999500 ) ) ;
#2236 = CARTESIAN_POINT ( 'NONE',  ( 1.320554748610673900, 3.188101183952074100, -7.696875000000003000 ) ) ;
#2237 = ORIENTED_EDGE ( 'NONE', *, *, #1846, .T. ) ;
#2238 = CARTESIAN_POINT ( 'NONE',  ( -0.9166674701620405300, 4.157421032400925800, 9.650000000000000400 ) ) ;
#2239 = CARTESIAN_POINT ( 'NONE',  ( 0.1680925738198202300, 4.020623197417361200, 9.800000000000002500 ) ) ;
#2240 = CARTESIAN_POINT ( 'NONE',  ( 3.999999999999995600, -2.888402828188812900E-015, -2.462499999999998100 ) ) ;
#2241 = CARTESIAN_POINT ( 'NONE',  ( -0.5785679760661498500, 1.988109559420317800, 9.649999999999993200 ) ) ;
#2242 = CARTESIAN_POINT ( 'NONE',  ( 4.067658234670651600, -1.684879207899190300, -6.251562500000000400 ) ) ;
#2243 = LINE ( 'NONE', #2175, #1910 ) ;
#2244 = CARTESIAN_POINT ( 'NONE',  ( 2.254327966281374000, -2.254327966281378400, 8.162499999999996100 ) ) ;
#2245 = CARTESIAN_POINT ( 'NONE',  ( 0.2540543473167255500, 3.395762997765569700, 9.800000000000000700 ) ) ;
#2246 = CARTESIAN_POINT ( 'NONE',  ( -3.904297910284797800E-016, -3.188101183952079000, -1.993750000000002600 ) ) ;
#2247 = CARTESIAN_POINT ( 'NONE',  ( -1.656854249492379000, 3.999999999999994200, 0.4281250000000020300 ) ) ;
#2248 = CARTESIAN_POINT ( 'NONE',  ( -4.135316469341311100, -1.712904166305995400, -6.681250000000003000 ) ) ;
#2249 = VECTOR ( 'NONE', #2773, 1000.000000000000000 ) ;
#2250 = ORIENTED_EDGE ( 'NONE', *, *, #5543, .F. ) ;
#2251 = CARTESIAN_POINT ( 'NONE',  ( 2.007295430767506200, 2.507381049090940700, 9.800000000000000700 ) ) ;
#2252 = CARTESIAN_POINT ( 'NONE',  ( -1.295319989994649300, 4.117063237196243900, 9.800000000000000700 ) ) ;
#2253 = CARTESIAN_POINT ( 'NONE',  ( 2.339661190600517600, 1.988109559420317800, 9.799999999999998900 ) ) ;
#2254 = VERTEX_POINT ( 'NONE', #5188 ) ;
#2255 = CARTESIAN_POINT ( 'NONE',  ( -3.188101183952076800, -1.320554748610673500, -4.884374999999999500 ) ) ;
#2256 = AXIS2_PLACEMENT_3D ( 'NONE', #189, #1690, #5026 ) ;
#2257 = ORIENTED_EDGE ( 'NONE', *, *, #4776, .F. ) ;
#2258 = CARTESIAN_POINT ( 'NONE',  ( -1.684879207899186100, 4.067658234670648900, 9.217187500000001400 ) ) ;
#2259 = ORIENTED_EDGE ( 'NONE', *, *, #3835, .F. ) ;
#2260 = CARTESIAN_POINT ( 'NONE',  ( -3.801835597702858400, 1.243401016582867300, 4.350000000000002300 ) ) ;
#2261 = ORIENTED_EDGE ( 'NONE', *, *, #4198, .F. ) ;
#2262 = CARTESIAN_POINT ( 'NONE',  ( 3.999999999999995600, 1.656854249492377500, -2.384374999999998100 ) ) ;
#2263 = CARTESIAN_POINT ( 'NONE',  ( -0.06830761029495921500, 2.169368840710452800, 9.799999999999998900 ) ) ;
#2264 = CARTESIAN_POINT ( 'NONE',  ( 4.067658234670652500, -3.364857770507047100E-015, 1.326562500000001400 ) ) ;
#2265 = ORIENTED_EDGE ( 'NONE', *, *, #1664, .F. ) ;
#2266 = CARTESIAN_POINT ( 'NONE',  ( 1.320554748610671000, -3.188101183952081600, 8.084374999999997900 ) ) ;
#2267 = CARTESIAN_POINT ( 'NONE',  ( -0.1311899896147447600, 4.493494510354686600, 9.799999999999997200 ) ) ;
#2268 = CARTESIAN_POINT ( 'NONE',  ( 3.188101183952076800, 1.320554748610670300, -1.603125000000002600 ) ) ;
#2269 = CARTESIAN_POINT ( 'NONE',  ( 3.999999999999995600, -3.213699634212327700E-015, 0.1937499999999972000 ) ) ;
#2270 = CARTESIAN_POINT ( 'NONE',  ( -5.064302077640169400E-016, -4.135316469341311100, -7.696875000000001200 ) ) ;
#2271 = ORIENTED_EDGE ( 'NONE', *, *, #6105, .F. ) ;
#2272 = CARTESIAN_POINT ( 'NONE',  ( 0.0000000000000000000, 3.999999999999993300, 0.5062499999999957600 ) ) ;
#2273 = CARTESIAN_POINT ( 'NONE',  ( -2.946167132749070400, 3.777859337358345600, 9.800000000000000700 ) ) ;
#2274 = CARTESIAN_POINT ( 'NONE',  ( 2.384973690600517700, 4.621442892753650600, 9.799999999999998900 ) ) ;
#2275 = CARTESIAN_POINT ( 'NONE',  ( -0.5272103830699740300, 2.290070255030793900, 9.799999999999998900 ) ) ;
#2276 =( BOUNDED_CURVE ( )  B_SPLINE_CURVE ( 2, ( #6267, #3354, #3789, #6350, #3851, #858, #2328, #329, #3814 ),
 .UNSPECIFIED., .F., .T. ) 
 B_SPLINE_CURVE_WITH_KNOTS ( ( 3, 2, 2, 2, 3 ),
 ( 0.5312500000000001100, 0.5390625000000001100, 0.5468750000000000000, 0.5546875000000000000, 0.5625000000000000000 ),
 .UNSPECIFIED. ) 
 CURVE ( )  GEOMETRIC_REPRESENTATION_ITEM ( )  RATIONAL_B_SPLINE_CURVE ( ( 0.9999999999999988900, 0.9238795325112878500, 1.000000000000000000, 0.9238795325112867400, 1.000000000000000000, 0.9238795325112867400, 1.000000000000000000, 0.9238795325112867400, 1.000000000000000000 ) ) 
 REPRESENTATION_ITEM ( '' )  );
#2277 = CARTESIAN_POINT ( 'NONE',  ( 3.188101183952076800, -2.356557310509572500E-015, -5.587499999999999500 ) ) ;
#2278 = FACE_OUTER_BOUND ( 'NONE', #4208, .T. ) ;
#2279 = CARTESIAN_POINT ( 'NONE',  ( 1.320554748610671000, -3.188101183952079400, -6.915625000000002100 ) ) ;
#2280 = PLANE ( 'NONE',  #3166 ) ;
#2281 = LINE ( 'NONE', #3274, #3431 ) ;
#2282 = CARTESIAN_POINT ( 'NONE',  ( 0.1849953573874702800, 2.638247567869771900, 9.799999999999997200 ) ) ;
#2283 = CARTESIAN_POINT ( 'NONE',  ( -1.684879207899186500, -4.067658234670654200, -1.564062499999999500 ) ) ;
#2284 = CARTESIAN_POINT ( 'NONE',  ( 1.320554748610673900, 3.188101183952074100, -6.603125000000000400 ) ) ;
#2285 = CARTESIAN_POINT ( 'NONE',  ( 0.04906951407697112500, 4.296512960325340900, 9.649999999999993200 ) ) ;
#2286 = CARTESIAN_POINT ( 'NONE',  ( -3.188101183952076800, -1.320554748610673700, -3.478125000000003500 ) ) ;
#2287 = CARTESIAN_POINT ( 'NONE',  ( 2.744718572539969400, 2.472193748033512300, 9.649999999999998600 ) ) ;
#2288 = CARTESIAN_POINT ( 'NONE',  ( -0.9958738876432524600, 4.002837901036555100, 9.799999999999997200 ) ) ;
#2289 = CARTESIAN_POINT ( 'NONE',  ( -4.135316469341311100, 1.712904166305993000, -6.837500000000002100 ) ) ;
#2290 = CARTESIAN_POINT ( 'NONE',  ( 2.913020251253424700, 3.004086874846649800, 9.799999999999997200 ) ) ;
#2291 = CARTESIAN_POINT ( 'NONE',  ( -1.656854249492379000, 3.999999999999993300, 1.834374999999997000 ) ) ;
#2292 = CARTESIAN_POINT ( 'NONE',  ( -1.867147581722950300E-015, 7.505553499465136700, 8.997274632750535500 ) ) ;
#2293 = CARTESIAN_POINT ( 'NONE',  ( -0.09750626532895287400, 2.899597861270652600, 9.649999999999998600 ) ) ;
#2294 = CARTESIAN_POINT ( 'NONE',  ( -2.254327966281374400, -2.254327966281376200, -2.306249999999999500 ) ) ;
#2295 = CARTESIAN_POINT ( 'NONE',  ( 4.067658234670652500, -3.517938620400466400E-015, 2.576562500000000500 ) ) ;
#2296 = CARTESIAN_POINT ( 'NONE',  ( 1.320554748610673900, 3.188101183952074100, -7.853124999999999500 ) ) ;
#2297 = CARTESIAN_POINT ( 'NONE',  ( -0.1547757720728699700, 3.990511593891772800, 9.649999999999996800 ) ) ;
#2298 = DIRECTION ( 'NONE',  ( -0.8660254037844388200, 0.4999999999999997200, 6.123233995736772200E-017 ) ) ;
#2299 = CARTESIAN_POINT ( 'NONE',  ( 3.188101183952076800, -2.375692416746249400E-015, -5.431250000000003000 ) ) ;
#2300 = CARTESIAN_POINT ( 'NONE',  ( 2.777499370423298400, 2.524881103250953300, 9.650000000000000400 ) ) ;
#2301 = ORIENTED_EDGE ( 'NONE', *, *, #506, .T. ) ;
#2302 = CARTESIAN_POINT ( 'NONE',  ( 2.924110317823652000, -2.924110317823655600, 1.209374999999998800 ) ) ;
#2303 = CARTESIAN_POINT ( 'NONE',  ( 3.999999999999995600, -1.656854249492382600, -6.134375000000004800 ) ) ;
#2304 = CARTESIAN_POINT ( 'NONE',  ( 0.0000000000000000000, 3.999999999999993300, 1.756249999999996800 ) ) ;
#2305 = CARTESIAN_POINT ( 'NONE',  ( -4.898587196589407900E-016, -3.999999999999998200, 3.631249999999997000 ) ) ;
#2306 = CARTESIAN_POINT ( 'NONE',  ( -1.320554748610671700, 3.188101183952074100, 1.053125000000000300 ) ) ;
#2307 = VECTOR ( 'NONE', #6179, 1000.000000000000000 ) ;
#2308 = CARTESIAN_POINT ( 'NONE',  ( 1.760910755600690900, 4.323384975076524300, 9.649999999999996800 ) ) ;
#2309 = EDGE_CURVE ( 'NONE', #6447, #5022, #2848, .T. ) ;
#2310 = ORIENTED_EDGE ( 'NONE', *, *, #1441, .F. ) ;
#2311 = DIRECTION ( 'NONE',  ( 1.000000000000000000, 0.0000000000000000000, 0.0000000000000000000 ) ) ;
#2312 = ORIENTED_EDGE ( 'NONE', *, *, #5139, .F. ) ;
#2313 = EDGE_CURVE ( 'NONE', #66, #765, #2984, .T. ) ;
#2314 = CARTESIAN_POINT ( 'NONE',  ( 2.876268721284919400, -2.876268721284922900, 1.170312500000001200 ) ) ;
#2315 = CARTESIAN_POINT ( 'NONE',  ( 3.188101183952076800, -2.203476460616153100E-015, -6.837499999999999500 ) ) ;
#2316 = CARTESIAN_POINT ( 'NONE',  ( -0.2536307666919957500, 4.166904755870026700, 9.799999999999998900 ) ) ;
#2317 = ORIENTED_EDGE ( 'NONE', *, *, #1463, .T. ) ;
#2318 = CARTESIAN_POINT ( 'NONE',  ( 1.616769473675583300, 3.497076414059913300, 9.650000000000007500 ) ) ;
#2319 = CARTESIAN_POINT ( 'NONE',  ( 3.188101183952076800, -1.320554748610675900, -1.915624999999999000 ) ) ;
#2320 = CARTESIAN_POINT ( 'NONE',  ( 2.487918213008120500, 2.302845082464211500, 9.650000000000000400 ) ) ;
#2321 = DIRECTION ( 'NONE',  ( -0.0000000000000000000, -1.319585349029264000E-016, -1.000000000000000000 ) ) ;
#2322 = CARTESIAN_POINT ( 'NONE',  ( -4.135316469341311100, 1.712904166305992500, -3.087500000000001700 ) ) ;
#2323 = ORIENTED_EDGE ( 'NONE', *, *, #3727, .F. ) ;
#2324 = CARTESIAN_POINT ( 'NONE',  ( -2.254327966281374000, 2.254327966281372200, -3.712500000000002100 ) ) ;
#2325 = CARTESIAN_POINT ( 'NONE',  ( -2.245234642732816700, 4.621442892753650600, 9.649999999999998600 ) ) ;
#2326 = CARTESIAN_POINT ( 'NONE',  ( 2.339661190600517600, 1.988109559420317800, 9.649999999999998600 ) ) ;
#2327 = ORIENTED_EDGE ( 'NONE', *, *, #4518, .T. ) ;
#2328 = CARTESIAN_POINT ( 'NONE',  ( 2.828427124746188100, 2.828427124746184100, 1.443750000000001200 ) ) ;
#2329 = CARTESIAN_POINT ( 'NONE',  ( -0.09750626532895287400, 2.899597861270652600, 9.800000000000000700 ) ) ;
#2330 = CARTESIAN_POINT ( 'NONE',  ( 2.254327966281374900, 2.254327966281370900, -0.4312499999999993600 ) ) ;
#2331 = ORIENTED_EDGE ( 'NONE', *, *, #4198, .T. ) ;
#2332 = ORIENTED_EDGE ( 'NONE', *, *, #5782, .F. ) ;
#2333 = CARTESIAN_POINT ( 'NONE',  ( -6.500000000000000900, -3.752776749732568400, -15.50782801147530800 ) ) ;
#2334 = EDGE_LOOP ( 'NONE', ( #1000, #5890, #3586, #5805 ) ) ;
#2335 = DATE_AND_TIME ( #79, #4593 ) ;
#2336 = VERTEX_POINT ( 'NONE', #399 ) ;
#2337 = CARTESIAN_POINT ( 'NONE',  ( 2.921432023933851200, 3.261026226086984900, 9.799999999999998900 ) ) ;
#2338 = EDGE_CURVE ( 'NONE', #3722, #1486, #5030, .T. ) ;
#2339 = EDGE_CURVE ( 'NONE', #4311, #6264, #4473, .T. ) ;
#2340 = CARTESIAN_POINT ( 'NONE',  ( -0.9945598031082748500, 4.512381789214118500, 9.650000000000002100 ) ) ;
#2341 = CARTESIAN_POINT ( 'NONE',  ( -1.320554748610671700, 3.188101183952075900, -8.946875000000000400 ) ) ;
#2342 = CARTESIAN_POINT ( 'NONE',  ( 0.0000000000000000000, -2.546799723626479500E-015, -9.649999999999998600 ) ) ;
#2343 = DIRECTION ( 'NONE',  ( 0.0000000000000000000, 1.224646799147355200E-016, -1.000000000000000000 ) ) ;
#2344 = CYLINDRICAL_SURFACE ( 'NONE', #3809, 3.999999999999997300 ) ;
#2345 = CARTESIAN_POINT ( 'NONE',  ( -3.178567976066149800, 3.971442892753650700, 9.649999999999998600 ) ) ;
#2346 = CARTESIAN_POINT ( 'NONE',  ( -3.904297910284797800E-016, -3.188101183952079400, 0.3500000000000013700 ) ) ;
#2347 = CARTESIAN_POINT ( 'NONE',  ( -0.5994339143659093100, 4.320990932970930000, 9.800000000000000700 ) ) ;
#2348 = CARTESIAN_POINT ( 'NONE',  ( -0.7752747722204494900, 4.278099343657215700, 9.649999999999998600 ) ) ;
#2349 = CARTESIAN_POINT ( 'NONE',  ( -2.924110317823652000, 2.924110317823649800, -0.6656250000000012400 ) ) ;
#2350 = CARTESIAN_POINT ( 'NONE',  ( -1.320554748610671700, 3.188101183952074100, -0.04062500000000246500 ) ) ;
#2351 = CARTESIAN_POINT ( 'NONE',  ( -1.316484593987070900, 2.549206372011267000, 9.649999999999996800 ) ) ;
#2352 = LINE ( 'NONE', #5411, #3508 ) ;
#2353 = CARTESIAN_POINT ( 'NONE',  ( 2.445238064303790100, 3.221795875015969200, 9.649999999999998600 ) ) ;
#2354 = CARTESIAN_POINT ( 'NONE',  ( 2.715654082188951900, 4.237734489834500600, 9.650000000000002100 ) ) ;
#2355 = CARTESIAN_POINT ( 'NONE',  ( -3.904297910284798300E-016, -3.188101183952078100, -9.524398816047913400 ) ) ;
#2356 = CARTESIAN_POINT ( 'NONE',  ( 1.320554748610671000, -3.188101183952080300, 0.4281250000000014200 ) ) ;
#2357 = CARTESIAN_POINT ( 'NONE',  ( 1.763152220632707500, 2.258876503250095300, 9.649999999999998600 ) ) ;
#2358 = CARTESIAN_POINT ( 'NONE',  ( -0.5785679760661498500, 4.621442892753650600, 9.650000000000003900 ) ) ;
#2359 = CARTESIAN_POINT ( 'NONE',  ( -3.188101183952076800, -1.958399853186161100E-015, -2.462499999999999500 ) ) ;
#2360 = CARTESIAN_POINT ( 'NONE',  ( -1.042361651721607900, 4.478760440919576700, 9.650000000000000400 ) ) ;
#2361 = CARTESIAN_POINT ( 'NONE',  ( 1.589507555827615900, 3.667852806869520400, 9.650000000000003900 ) ) ;
#2362 = CARTESIAN_POINT ( 'NONE',  ( -0.8171432290494419200, 4.252167130625183600, 9.799999999999998900 ) ) ;
#2363 = CARTESIAN_POINT ( 'NONE',  ( -0.6333897547322947500, 4.320099726194662500, 9.799999999999998900 ) ) ;
#2364 = CARTESIAN_POINT ( 'NONE',  ( 2.924110317823652900, 2.924110317823648900, -0.9781250000000015800 ) ) ;
#2365 = AXIS2_PLACEMENT_3D ( 'NONE', #2535, #3917, #941 ) ;
#2366 = CARTESIAN_POINT ( 'NONE',  ( -1.320554748610672300, -3.188101183952079400, 0.4281249999999979800 ) ) ;
#2367 = CARTESIAN_POINT ( 'NONE',  ( 2.869602442765986100, 4.043679941344096000, 9.800000000000000700 ) ) ;
#2368 = CARTESIAN_POINT ( 'NONE',  ( -0.2536307666919957500, 4.166904755870026700, 9.649999999999998600 ) ) ;
#2369 = CARTESIAN_POINT ( 'NONE',  ( -3.178567976066149800, 3.664151226086984600, 9.799999999999998900 ) ) ;
#2370 = CARTESIAN_POINT ( 'NONE',  ( -3.904297910284797800E-016, -3.188101183952079400, -0.8999999999999998000 ) ) ;
#2371 = CARTESIAN_POINT ( 'NONE',  ( 2.922459265267431500, 3.227523084270997400, 9.799999999999998900 ) ) ;
#2372 = ORIENTED_EDGE ( 'NONE', *, *, #732, .F. ) ;
#2373 = CARTESIAN_POINT ( 'NONE',  ( 2.254327966281374900, 2.254327966281371800, -6.525000000000003000 ) ) ;
#2374 = CARTESIAN_POINT ( 'NONE',  ( -4.898587196589407900E-016, -3.999999999999996400, -6.524999999999998600 ) ) ;
#2375 = ORIENTED_EDGE ( 'NONE', *, *, #5190, .F. ) ;
#2376 = CARTESIAN_POINT ( 'NONE',  ( -3.188101183952076800, -1.320554748610673900, -1.134374999999999900 ) ) ;
#2377 = CARTESIAN_POINT ( 'NONE',  ( 2.708450875117728100, 3.302247632677892700, 9.649999999999998600 ) ) ;
#2378 = CARTESIAN_POINT ( 'NONE',  ( -1.267776203976254100, 4.182381762955390800, 9.650000000000000400 ) ) ;
#2379 = CARTESIAN_POINT ( 'NONE',  ( 1.621432023933850900, 2.654776226086984300, 9.649999999999998600 ) ) ;
#2380 = CARTESIAN_POINT ( 'NONE',  ( -1.866608132973600800, 3.057875367166807300, -9.138170913782271800 ) ) ;
#2381 = CARTESIAN_POINT ( 'NONE',  ( -1.712904166305994700, -4.135316469341312000, -2.775000000000001200 ) ) ;
#2382 = CARTESIAN_POINT ( 'NONE',  ( 0.09329223291332274000, 4.212936015356240700, 9.649999999999996800 ) ) ;
#2383 = FACE_OUTER_BOUND ( 'NONE', #3394, .T. ) ;
#2384 = CARTESIAN_POINT ( 'NONE',  ( -1.320554748610672300, -3.188101183952079000, -3.321875000000003000 ) ) ;
#2385 = B_SPLINE_CURVE_WITH_KNOTS ( 'NONE', 3,
 ( #327, #1837, #2386, #5320 ),
 .UNSPECIFIED., .F., .F.,
 ( 4, 4 ),
 ( 3.252606517456513300E-019, 0.0005173960266424205200 ),
 .UNSPECIFIED. ) ;
#2386 = CARTESIAN_POINT ( 'NONE',  ( -0.1693248199614539000, -3.237442797600724700, -9.475057202399265000 ) ) ;
#2387 = CARTESIAN_POINT ( 'NONE',  ( 0.0000000000000000000, 3.999999999999994200, -3.243750000000003900 ) ) ;
#2388 = DIRECTION ( 'NONE',  ( -0.0000000000000000000, -1.319585349029264000E-016, -1.000000000000000000 ) ) ;
#2389 = CARTESIAN_POINT ( 'NONE',  ( -1.320554748610672300, -3.188101183952079400, 1.678124999999997400 ) ) ;
#2390 = CARTESIAN_POINT ( 'NONE',  ( 2.254327966281374000, -2.254327966281378000, 4.256250000000001400 ) ) ;
#2391 = VECTOR ( 'NONE', #5817, 1000.000000000000000 ) ;
#2392 = CARTESIAN_POINT ( 'NONE',  ( 2.221337150656475900, 4.608353510736909800, 9.649999999999996800 ) ) ;
#2393 = ORIENTED_EDGE ( 'NONE', *, *, #6210, .T. ) ;
#2394 = AXIS2_PLACEMENT_3D ( 'NONE', #1970, #481, #2976 ) ;
#2395 = UNCERTAINTY_MEASURE_WITH_UNIT (LENGTH_MEASURE( 1.000000000000000100E-005 ), #4050, 'distance_accuracy_value', 'NONE');
#2396 = ORIENTED_EDGE ( 'NONE', *, *, #3294, .F. ) ;
#2397 = EDGE_CURVE ( 'NONE', #4967, #2497, #3477, .T. ) ;
#2398 = CARTESIAN_POINT ( 'NONE',  ( 2.254327966281374900, 2.254327966281371800, -5.275000000000003000 ) ) ;
#2399 = ORIENTED_EDGE ( 'NONE', *, *, #4725, .T. ) ;
#2400 = AXIS2_PLACEMENT_3D ( 'NONE', #5467, #3957, #2549 ) ;
#2401 = CARTESIAN_POINT ( 'NONE',  ( -2.828427124746187200, 2.828427124746186300, -6.993749999999998600 ) ) ;
#2402 = CARTESIAN_POINT ( 'NONE',  ( -1.320554748610672300, -3.188101183952079000, -4.728124999999999500 ) ) ;
#2403 = ORIENTED_EDGE ( 'NONE', *, *, #3974, .F. ) ;
#2404 = CARTESIAN_POINT ( 'NONE',  ( 2.933831729066450800, 4.411379923770641500, 9.649999999999998600 ) ) ;
#2405 = CARTESIAN_POINT ( 'NONE',  ( 2.067351926251890200, 2.030896981351955500, 9.799999999999995400 ) ) ;
#2406 = ORIENTED_EDGE ( 'NONE', *, *, #4859, .F. ) ;
#2407 = CARTESIAN_POINT ( 'NONE',  ( 2.622183865832571100, 4.588536443930546000, 9.800000000000000700 ) ) ;
#2408 = CARTESIAN_POINT ( 'NONE',  ( -3.027055823736852300, 3.732933382719060100, 9.649999999999996800 ) ) ;
#2409 = CARTESIAN_POINT ( 'NONE',  ( 4.135316469341310300, -1.712904166306000300, 6.287499999999999600 ) ) ;
#2410 = AXIS2_PLACEMENT_3D ( 'NONE', #739, #207, #1256 ) ;
#2411 = CARTESIAN_POINT ( 'NONE',  ( 0.0000000000000000000, -2.546799723626479500E-015, -9.649999999999998600 ) ) ;
#2412 = ORIENTED_EDGE ( 'NONE', *, *, #1746, .T. ) ;
#2413 = CARTESIAN_POINT ( 'NONE',  ( 3.188101183952076800, 1.320554748610670100, -0.3531250000000026900 ) ) ;
#2414 = CARTESIAN_POINT ( 'NONE',  ( -2.568573717622821400, 4.447762224175356500, 9.650000000000002100 ) ) ;
#2415 = CARTESIAN_POINT ( 'NONE',  ( 6.500000000000001800, -3.752776749732566600, 4.548750000000001000 ) ) ;
#2416 = CARTESIAN_POINT ( 'NONE',  ( -0.1311899896147447600, 4.493494510354686600, 9.649999999999996800 ) ) ;
#2417 = CARTESIAN_POINT ( 'NONE',  ( 3.188101183952076800, 1.320554748610669700, 2.146874999999998300 ) ) ;
#2418 = CARTESIAN_POINT ( 'NONE',  ( 3.188101183952076800, 1.320554748610669700, 4.490625000000001400 ) ) ;
#2419 = LOCAL_TIME ( 11, 43, 0.0000000000000000000, #5439 ) ;
#2420 = CARTESIAN_POINT ( 'NONE',  ( 2.856924073145326500, 2.731360858338189000, 9.650000000000000400 ) ) ;
#2421 = EDGE_LOOP ( 'NONE', ( #4594, #763, #2412, #5142 ) ) ;
#2422 = CARTESIAN_POINT ( 'NONE',  ( -0.6086353278133066500, 1.988967232218777500, 9.799999999999998900 ) ) ;
#2423 = CARTESIAN_POINT ( 'NONE',  ( 3.188101183952076800, -1.320554748610675500, -3.009375000000003000 ) ) ;
#2424 = LINE ( 'NONE', #4374, #4060 ) ;
#2425 = CARTESIAN_POINT ( 'NONE',  ( 1.320554748610671000, -3.188101183952079900, -3.321874999999999000 ) ) ;
#2426 = CARTESIAN_POINT ( 'NONE',  ( 1.760140166870429500, -3.555749714808003500, -8.753334240206044100 ) ) ;
#2427 = FACE_OUTER_BOUND ( 'NONE', #3568, .T. ) ;
#2428 = CARTESIAN_POINT ( 'NONE',  ( 2.785639048100273700, 4.518180286621154500, 9.799999999999995400 ) ) ;
#2429 = CARTESIAN_POINT ( 'NONE',  ( 1.441887656530106200, -2.843404499022742700, 4.350000000000003200 ) ) ;
#2430 = CARTESIAN_POINT ( 'NONE',  ( 4.135316469341310300, -1.712904166305999800, 2.537499999999997900 ) ) ;
#2431 = CARTESIAN_POINT ( 'NONE',  ( 0.0000000000000000000, 3.999999999999994200, -5.743750000000003000 ) ) ;
#2432 = CARTESIAN_POINT ( 'NONE',  ( 1.320554748610673900, 3.188101183952074100, -7.696875000000001200 ) ) ;
#2433 = CARTESIAN_POINT ( 'NONE',  ( 3.254071600633902800, 3.255762487955023800, 9.799999999999997200 ) ) ;
#2434 = CARTESIAN_POINT ( 'NONE',  ( 0.09329223291332274000, 4.212936015356240700, 9.650000000000000400 ) ) ;
#2435 = CARTESIAN_POINT ( 'NONE',  ( 2.254327966281374900, 2.254327966281370900, 2.224999999999997900 ) ) ;
#2436 = CARTESIAN_POINT ( 'NONE',  ( 3.188101183952076800, -1.320554748610676800, 5.584375000000003200 ) ) ;
#2437 = CARTESIAN_POINT ( 'NONE',  ( -1.024634381165062900, 2.692669694434830500, 9.650000000000002100 ) ) ;
#2438 = CARTESIAN_POINT ( 'NONE',  ( -4.067658234670652500, -1.684879207899189000, 3.279687500000001400 ) ) ;
#2439 = CARTESIAN_POINT ( 'NONE',  ( 3.999999999999995600, -2.429160278508554100E-015, -6.212499999999999500 ) ) ;
#2440 = EDGE_CURVE ( 'NONE', #4947, #4924, #973, .T. ) ;
#2441 = CARTESIAN_POINT ( 'NONE',  ( 3.188101183952076800, -1.320554748610675500, -5.509375000000004800 ) ) ;
#2442 = CARTESIAN_POINT ( 'NONE',  ( 3.999999999999995600, -2.601376234638650400E-015, -4.806250000000003000 ) ) ;
#2443 = CARTESIAN_POINT ( 'NONE',  ( 2.254327966281374900, 2.254327966281370900, -0.4312499999999993600 ) ) ;
#2444 = CARTESIAN_POINT ( 'NONE',  ( 2.445238064303790100, 3.221795875015969200, 9.650000000000000400 ) ) ;
#2445 = CARTESIAN_POINT ( 'NONE',  ( -0.5822138093994832000, 4.321442892753650800, 9.799999999999998900 ) ) ;
#2446 = CARTESIAN_POINT ( 'NONE',  ( 1.803858764756699300, 2.208469873775223700, 9.800000000000000700 ) ) ;
#2447 = CARTESIAN_POINT ( 'NONE',  ( 3.196139409189238600, 3.958664424771078500, 9.800000000000000700 ) ) ;
#2448 = CARTESIAN_POINT ( 'NONE',  ( -3.321472300411929700E-016, -7.505553499465134900, 4.548750000000001000 ) ) ;
#2449 = CARTESIAN_POINT ( 'NONE',  ( 1.712904166305997200, 4.135316469341307600, 4.099999999999999600 ) ) ;
#2450 = AXIS2_PLACEMENT_3D ( 'NONE', #2022, #2092, #477 ) ;
#2451 = DIRECTION ( 'NONE',  ( 9.514267129714431000E-013, -1.080291392535487700E-012, 1.000000000000000000 ) ) ;
#2452 = CARTESIAN_POINT ( 'NONE',  ( 3.188101183952076800, 1.320554748610670300, -1.759374999999998800 ) ) ;
#2453 = CARTESIAN_POINT ( 'NONE',  ( -4.898587196589407900E-016, -3.999999999999998200, -0.1187500000000030800 ) ) ;
#2454 = CARTESIAN_POINT ( 'NONE',  ( 3.196045344954554900, 2.747671166332913600, 9.799999999999998900 ) ) ;
#2455 = CARTESIAN_POINT ( 'NONE',  ( -0.07889407813510744500, 3.254768543703602500, 9.649999999999996800 ) ) ;
#2456 = CARTESIAN_POINT ( 'NONE',  ( 5.969336869741540300, -4.059155250836298900, 9.174162342837243900 ) ) ;
#2457 = CARTESIAN_POINT ( 'NONE',  ( 1.320554748610671000, -3.188101183952081200, 3.084374999999997000 ) ) ;
#2458 = CARTESIAN_POINT ( 'NONE',  ( -3.188101183952076800, -1.320554748610674300, 2.615625000000001400 ) ) ;
#2459 = ORIENTED_EDGE ( 'NONE', *, *, #2566, .F. ) ;
#2460 = CARTESIAN_POINT ( 'NONE',  ( 2.549188983786274700, 2.322606663556192200, 9.799999999999997200 ) ) ;
#2461 = CARTESIAN_POINT ( 'NONE',  ( -0.8332269672499913500, 2.021998407607668500, 9.649999999999995000 ) ) ;
#2462 = CARTESIAN_POINT ( 'NONE',  ( -3.188101183952076800, -3.336127502226935900E-015, 8.787499999999999600 ) ) ;
#2463 = EDGE_CURVE ( 'NONE', #4277, #5055, #4471, .T. ) ;
#2464 =( BOUNDED_CURVE ( )  B_SPLINE_CURVE ( 2, ( #4576, #5085, #5039, #2067, #5988 ),
 .UNSPECIFIED., .F., .F. ) 
 B_SPLINE_CURVE_WITH_KNOTS ( ( 3, 2, 3 ),
 ( 0.6875000000000001100, 0.6953125000000000000, 0.6999713692466136300 ),
 .UNSPECIFIED. ) 
 CURVE ( )  GEOMETRIC_REPRESENTATION_ITEM ( )  RATIONAL_B_SPLINE_CURVE ( ( 0.9999999999999988900, 0.9238795325112878500, 1.000000000000000000, 0.9546066809573096100, 0.9633526356655852700 ) ) 
 REPRESENTATION_ITEM ( '' )  );
#2465 = EDGE_CURVE ( 'NONE', #369, #290, #4778, .T. ) ;
#2466 = CARTESIAN_POINT ( 'NONE',  ( -2.254327966281374000, 2.254327966281372200, -3.712500000000002100 ) ) ;
#2467 = FACE_OUTER_BOUND ( 'NONE', #1793, .T. ) ;
#2468 = CARTESIAN_POINT ( 'NONE',  ( 2.732534774918395900, 4.546048044599263700, 9.799999999999997200 ) ) ;
#2469 = CARTESIAN_POINT ( 'NONE',  ( 1.714613870479970000, 4.256622324088568600, 9.800000000000000700 ) ) ;
#2470 = CARTESIAN_POINT ( 'NONE',  ( -3.904297910284797800E-016, -3.188101183952079400, 1.600000000000000800 ) ) ;
#2471 = CARTESIAN_POINT ( 'NONE',  ( 3.188101183952076800, 1.320554748610670100, -0.3531250000000026900 ) ) ;
#2472 = CARTESIAN_POINT ( 'NONE',  ( -1.070984318813469600, 3.022283281531671600, 9.650000000000005700 ) ) ;
#2473 = CYLINDRICAL_SURFACE ( 'NONE', #1171, 0.2357022603955155600 ) ;
#2474 = EDGE_LOOP ( 'NONE', ( #1569, #621, #3861, #3185 ) ) ;
#2475 = CARTESIAN_POINT ( 'NONE',  ( 1.995718891104665000, -3.438959984808582800, -8.744796304153204900 ) ) ;
#2476 = CARTESIAN_POINT ( 'NONE',  ( -2.731762703917112000, 4.272634082983291400, 9.800000000000000700 ) ) ;
#2477 = CARTESIAN_POINT ( 'NONE',  ( -0.9958738876432524600, 4.002837901036555100, 9.799999999999997200 ) ) ;
#2478 = CARTESIAN_POINT ( 'NONE',  ( -1.712904166305994700, -4.135316469341312900, 2.224999999999997400 ) ) ;
#2479 = CARTESIAN_POINT ( 'NONE',  ( 0.2037309824055768000, 2.718061917766636100, 9.649999999999996800 ) ) ;
#2480 = CARTESIAN_POINT ( 'NONE',  ( 2.254327966281374000, -2.254327966281377100, -3.243749999999999000 ) ) ;
#2481 = CARTESIAN_POINT ( 'NONE',  ( 3.149788330449685400, 2.588139165773961600, 9.650000000000000400 ) ) ;
#2482 = CARTESIAN_POINT ( 'NONE',  ( -6.500000000000002700, 3.752776749732563900, 4.548750000000001000 ) ) ;
#2483 = EDGE_LOOP ( 'NONE', ( #3869, #2724, #2950, #3654, #3921, #3570, #2271 ) ) ;
#2484 = CARTESIAN_POINT ( 'NONE',  ( 1.616769473675583300, 3.497076414059913300, 9.800000000000002500 ) ) ;
#2485 = CARTESIAN_POINT ( 'NONE',  ( 1.320554748610673900, 3.188101183952072800, 2.146875000000001400 ) ) ;
#2486 = ORIENTED_EDGE ( 'NONE', *, *, #2746, .F. ) ;
#2487 = CARTESIAN_POINT ( 'NONE',  ( 2.899052852403137100, 2.909271343902334100, 9.799999999999998900 ) ) ;
#2488 = CARTESIAN_POINT ( 'NONE',  ( -1.141394998250334900, 2.218505062311363100, 9.649999999999996800 ) ) ;
#2489 = CARTESIAN_POINT ( 'NONE',  ( 2.326119523933850800, 2.921442892753651800, 9.649999999999998600 ) ) ;
#2490 = ORIENTED_EDGE ( 'NONE', *, *, #5783, .T. ) ;
#2491 = CARTESIAN_POINT ( 'NONE',  ( -3.188101183952076800, 1.320554748610669700, -1.134375000000002100 ) ) ;
#2492 = ORIENTED_EDGE ( 'NONE', *, *, #3195, .T. ) ;
#2493 = VERTEX_POINT ( 'NONE', #5519 ) ;
#2494 = CARTESIAN_POINT ( 'NONE',  ( 3.240473352461730600, 3.696452512238707700, 9.800000000000000700 ) ) ;
#2495 = B_SPLINE_CURVE_WITH_KNOTS ( 'NONE', 3,
 ( #384, #5848, #3390, #6434, #3462, #2407, #935, #1474, #2428, #6382, #4409, #3417, #1448, #5937, #4929, #4907, #3870, #5442, #1942, #2447, #1429, #425, #5914, #2946, #3932, #1917, #982 ),
 .UNSPECIFIED., .F., .F.,
 ( 4, 1, 1, 1, 1, 1, 1, 1, 1, 1, 1, 1, 1, 1, 1, 1, 1, 1, 1, 1, 1, 1, 1, 1, 4 ),
 ( 0.0000000000000000000, 0.03544538949616664300, 0.07045358250693638200, 0.1052529733592782600, 0.1396202873796458500, 0.1738994628159915000, 0.2080902724615232300, 0.2428936145722301600, 0.2783596885194946600, 0.3139792261873727800, 0.3494142689302005600, 0.3849565127543644900, 0.4207877487729609900, 0.4571837906976040100, 0.4942227344797053300, 0.5321603524835137900, 0.5711760767242247700, 0.6122833097223355800, 0.6564521756913080900, 0.7042686074447028800, 0.7558871094232351200, 0.8110927434095507300, 0.8700305538182689900, 0.9330805262405607000, 0.9999999999999998900 ),
 .UNSPECIFIED. ) ;
#2496 = ADVANCED_FACE ( 'NONE', ( #335 ), #3047, .T. ) ;
#2497 = VERTEX_POINT ( 'NONE', #953 ) ;
#2498 = CARTESIAN_POINT ( 'NONE',  ( 2.001358635409471900, 4.529699384057440000, 9.800000000000002500 ) ) ;
#2499 = CARTESIAN_POINT ( 'NONE',  ( 0.0000000000000000000, 3.188101183952073600, 4.724999999999999600 ) ) ;
#2500 = CARTESIAN_POINT ( 'NONE',  ( 2.254327966281374900, 2.254327966281370900, -0.2750000000000026900 ) ) ;
#2501 = PERSON_AND_ORGANIZATION ( #665, #4979 ) ;
#2502 = ORIENTED_EDGE ( 'NONE', *, *, #1795, .F. ) ;
#2503 = CARTESIAN_POINT ( 'NONE',  ( -3.999999999999996400, 1.656854249492376800, -3.009375000000003900 ) ) ;
#2504 = CARTESIAN_POINT ( 'NONE',  ( 2.131025337411970500, -2.380274757171363800, 4.349999999999974800 ) ) ;
#2505 = CARTESIAN_POINT ( 'NONE',  ( -2.924110317823652000, 2.924110317823649400, 4.334374999999997900 ) ) ;
#2506 = CARTESIAN_POINT ( 'NONE',  ( 2.372111295237232700, 3.222477822193115800, 9.799999999999998900 ) ) ;
#2507 = CARTESIAN_POINT ( 'NONE',  ( 0.2547653572671834700, 3.303734559420318000, 9.649999999999995000 ) ) ;
#2508 = CARTESIAN_POINT ( 'NONE',  ( 3.188101183952076800, -2.815799860189830400E-015, -1.837499999999998800 ) ) ;
#2509 = CARTESIAN_POINT ( 'NONE',  ( 0.0000000000000000000, 3.999999999999993300, 1.600000000000001400 ) ) ;
#2510 = CARTESIAN_POINT ( 'NONE',  ( 2.722952867630072500, 2.073109400140037200, 9.799999999999995400 ) ) ;
#2511 = CIRCLE ( 'NONE', #2904, 6.500000000000001800 ) ;
#2512 = CARTESIAN_POINT ( 'NONE',  ( 2.920449444117103200, 3.704595566659540500, 9.649999999999998600 ) ) ;
#2513 = CARTESIAN_POINT ( 'NONE',  ( 1.640226600524324500, 3.418536307938517800, 9.799999999999997200 ) ) ;
#2514 = CARTESIAN_POINT ( 'NONE',  ( 2.254327966281374900, 2.254327966281370000, 7.068750000000002300 ) ) ;
#2515 = CARTESIAN_POINT ( 'NONE',  ( 0.2497842996442470900, 3.088874144462509200, 9.799999999999998900 ) ) ;
#2516 = CARTESIAN_POINT ( 'NONE',  ( 2.783140072104965900, 3.365368663936147500, 9.799999999999997200 ) ) ;
#2517 = CARTESIAN_POINT ( 'NONE',  ( 1.921432023933850900, 3.740713726086984700, 9.799999999999998900 ) ) ;
#2518 = CARTESIAN_POINT ( 'NONE',  ( 2.416848113354161900, 2.924507599067089000, 9.649999999999998600 ) ) ;
#2519 = VECTOR ( 'NONE', #2933, 1000.000000000000000 ) ;
#2520 = CARTESIAN_POINT ( 'NONE',  ( -2.254327966281374000, 2.254327966281371800, 1.287499999999997000 ) ) ;
#2521 = CARTESIAN_POINT ( 'NONE',  ( 3.175029846684787900, 4.032073215338901800, 9.799999999999998900 ) ) ;
#2522 = CARTESIAN_POINT ( 'NONE',  ( -4.898587196589407900E-016, -3.999999999999997300, -5.118750000000004800 ) ) ;
#2523 = CARTESIAN_POINT ( 'NONE',  ( -1.320554748610671700, 3.188101183952073600, 2.303125000000001400 ) ) ;
#2524 = CARTESIAN_POINT ( 'NONE',  ( 0.0000000000000000000, 3.188101183952075000, -7.774999999999998600 ) ) ;
#2525 = CARTESIAN_POINT ( 'NONE',  ( -0.07948843112164462300, 3.447562682583899200, 9.799999999999998900 ) ) ;
#2526 = CARTESIAN_POINT ( 'NONE',  ( 2.177520378956265400, 2.934906131864487100, 9.650000000000003900 ) ) ;
#2527 = CARTESIAN_POINT ( 'NONE',  ( 0.0000000000000000000, -2.546799723626479500E-015, -9.649999999999998600 ) ) ;
#2528 = CARTESIAN_POINT ( 'NONE',  ( -2.460135090177004700, 2.638710345140347500, -9.112991936578346500 ) ) ;
#2529 = CARTESIAN_POINT ( 'NONE',  ( -1.341694925161053500, 3.972365910887182100, 9.650000000000003900 ) ) ;
#2530 = CARTESIAN_POINT ( 'NONE',  ( 2.219775922397812200, 3.256455304666663800, 9.799999999999998900 ) ) ;
#2531 = CARTESIAN_POINT ( 'NONE',  ( -1.179902922808638800, 2.268354532812624200, 9.799999999999998900 ) ) ;
#2532 = CARTESIAN_POINT ( 'NONE',  ( 2.905362552662857500, 3.236623566632597100, 9.649999999999998600 ) ) ;
#2533 = CARTESIAN_POINT ( 'NONE',  ( 2.828427124746187200, -2.828427124746189800, -2.462500000000003900 ) ) ;
#2534 = CARTESIAN_POINT ( 'NONE',  ( 2.541008833431244600, 2.008364590843163100, 9.799999999999997200 ) ) ;
#2535 = CARTESIAN_POINT ( 'NONE',  ( 0.0000000000000000000, -2.546799723626479500E-015, -9.649999999999998600 ) ) ;
#2536 = ADVANCED_FACE ( 'NONE', ( #1539 ), #5267, .T. ) ;
#2537 = CARTESIAN_POINT ( 'NONE',  ( -4.898587196589407900E-016, -3.999999999999996400, -7.774999999999998600 ) ) ;
#2538 = CARTESIAN_POINT ( 'NONE',  ( -6.500000000000000000, 0.6355132685988895700, 9.577831216351294000 ) ) ;
#2539 = EDGE_CURVE ( 'NONE', #1712, #4266, #5484, .T. ) ;
#2540 = PERSON_AND_ORGANIZATION_ROLE ( 'creator' ) ;
#2541 = CARTESIAN_POINT ( 'NONE',  ( 2.488527754953386400, 4.320608982888861000, 9.800000000000000700 ) ) ;
#2542 = B_SPLINE_CURVE_WITH_KNOTS ( 'NONE', 3,
 ( #4910, #1967, #892, #5446, #10, #3395, #1945, #2479, #1432, #404, #3961, #939, #5419, #4389, #5918, #2949, #4894, #4369, #2973, #5472, #6407, #453, #4871, #6437, #4436, #428, #5378 ),
 .UNSPECIFIED., .F., .F.,
 ( 4, 1, 1, 1, 1, 1, 1, 1, 1, 1, 1, 1, 1, 1, 1, 1, 1, 1, 1, 1, 1, 1, 1, 1, 4 ),
 ( 0.0000000000000000000, 0.06287394621143259400, 0.1228366299919132600, 0.1796565674430316600, 0.2339600122308624400, 0.2855950186955589800, 0.3345131060783809700, 0.3809048259061765300, 0.4248945919393349300, 0.4665290347654876800, 0.5064882940692466700, 0.5450315536447545300, 0.5818311798231347000, 0.6174482799494432900, 0.6520669127690463800, 0.6858797142465107300, 0.7191745547913925800, 0.7521816462063929400, 0.7852401639180913700, 0.8186564497770835200, 0.8525477406533114000, 0.8876263422585194400, 0.9236350780687513400, 0.9610218444769893500, 1.000000000000000000 ),
 .UNSPECIFIED. ) ;
#2543 = CARTESIAN_POINT ( 'NONE',  ( 3.188101183952076800, 1.320554748610669700, 3.396874999999997400 ) ) ;
#2544 = B_SPLINE_CURVE_WITH_KNOTS ( 'NONE', 3,
 ( #4575, #3020, #4062, #4507, #554, #2090 ),
 .UNSPECIFIED., .F., .F.,
 ( 4, 2, 4 ),
 ( 0.006979216548879870300, 0.008878816894051802500, 0.01077841723922373500 ),
 .UNSPECIFIED. ) ;
#2545 = ORIENTED_EDGE ( 'NONE', *, *, #5222, .T. ) ;
#2546 = CARTESIAN_POINT ( 'NONE',  ( -2.254327966281374400, -2.254327966281377100, 3.943750000000001000 ) ) ;
#2547 = CARTESIAN_POINT ( 'NONE',  ( 3.188101183952076800, -2.203476460616153100E-015, -6.837499999999999500 ) ) ;
#2548 = DIRECTION ( 'NONE',  ( -0.0000000000000000000, -1.319585349029264000E-016, -1.000000000000000000 ) ) ;
#2549 = DIRECTION ( 'NONE',  ( 0.0000000000000000000, 1.000000000000000000, -1.319585349029264000E-016 ) ) ;
#2550 = CARTESIAN_POINT ( 'NONE',  ( -2.828427124746187200, 2.828427124746185400, -3.087500000000004400 ) ) ;
#2551 = CARTESIAN_POINT ( 'NONE',  ( -1.867147581722950300E-015, 7.505553499465136700, -15.50782801147530800 ) ) ;
#2552 = CARTESIAN_POINT ( 'NONE',  ( -1.406827871622978700, 3.520145677726528500, 9.800000000000002500 ) ) ;
#2553 = CARTESIAN_POINT ( 'NONE',  ( 2.318375235555327300, 3.229328934589326600, 9.650000000000002100 ) ) ;
#2554 = CARTESIAN_POINT ( 'NONE',  ( -1.656854249492370400, -4.000000000000007100, -2.853124999999998600 ) ) ;
#2555 = DIRECTION ( 'NONE',  ( 1.000000000000000000, 0.0000000000000000000, 0.0000000000000000000 ) ) ;
#2556 = VECTOR ( 'NONE', #644, 1000.000000000000000 ) ;
#2557 = CARTESIAN_POINT ( 'NONE',  ( 3.188101183952076800, 1.320554748610669700, 3.240625000000000500 ) ) ;
#2558 = CARTESIAN_POINT ( 'NONE',  ( 2.254327966281374900, 2.254327966281371800, -5.275000000000003000 ) ) ;
#2559 = CARTESIAN_POINT ( 'NONE',  ( -1.867147581722950300E-015, 7.505553499465136700, 8.997274632750535500 ) ) ;
#2560 = CARTESIAN_POINT ( 'NONE',  ( 1.929716318730257700, 3.631392845740038000, 9.799999999999997200 ) ) ;
#2561 = CARTESIAN_POINT ( 'NONE',  ( -0.3221557449637167900, 2.022843215973036700, 9.799999999999997200 ) ) ;
#2562 = LINE ( 'NONE', #4211, #4018 ) ;
#2563 = CARTESIAN_POINT ( 'NONE',  ( 2.913934230419234600, 3.886356545809434200, 9.649999999999998600 ) ) ;
#2564 = CARTESIAN_POINT ( 'NONE',  ( 3.121378566529854100, 2.516749388817749900, 9.649999999999998600 ) ) ;
#2565 = EDGE_CURVE ( 'NONE', #438, #152, #2710, .T. ) ;
#2566 = EDGE_CURVE ( 'NONE', #6148, #3490, #1235, .T. ) ;
#2567 = CARTESIAN_POINT ( 'NONE',  ( 2.254327966281374000, -2.254327966281377500, 0.6624999999999982000 ) ) ;
#2568 = CARTESIAN_POINT ( 'NONE',  ( -1.267776203976254100, 4.182381762955390800, 9.650000000000005700 ) ) ;
#2569 = FACE_OUTER_BOUND ( 'NONE', #775, .T. ) ;
#2570 = ORIENTED_EDGE ( 'NONE', *, *, #1534, .T. ) ;
#2571 = ADVANCED_FACE ( 'NONE', ( #593 ), #3298, .T. ) ;
#2572 = CARTESIAN_POINT ( 'NONE',  ( 3.188101183952076800, -3.121961559976669900E-015, 0.6625000000000016400 ) ) ;
#2573 = VERTEX_POINT ( 'NONE', #3664 ) ;
#2574 = CARTESIAN_POINT ( 'NONE',  ( 1.320554748610671000, -3.188101183952079400, -7.071874999999999500 ) ) ;
#2575 = CARTESIAN_POINT ( 'NONE',  ( -1.809086441532148600, 3.567521022652074200, 4.349999999999999600 ) ) ;
#2576 = ADVANCED_FACE ( 'NONE', ( #417 ), #498, .T. ) ;
#2577 = EDGE_LOOP ( 'NONE', ( #4883, #6322, #4499 ) ) ;
#2578 = CARTESIAN_POINT ( 'NONE',  ( -1.059589763639009000, 2.898906954496962600, 9.799999999999993600 ) ) ;
#2579 = CARTESIAN_POINT ( 'NONE',  ( -1.712904166305994500, 4.135316469341308500, 6.756249999999998800 ) ) ;
#2580 = CARTESIAN_POINT ( 'NONE',  ( 0.0000000000000000000, 3.999999999999994700, -9.649999999999998600 ) ) ;
#2581 = CARTESIAN_POINT ( 'NONE',  ( 2.101083523291113100, 2.374414304606218700, 9.649999999999998600 ) ) ;
#2582 = ORIENTED_EDGE ( 'NONE', *, *, #5843, .T. ) ;
#2583 = CARTESIAN_POINT ( 'NONE',  ( 3.188101183952076800, 1.320554748610670100, 0.7406250000000002000 ) ) ;
#2584 = CARTESIAN_POINT ( 'NONE',  ( 2.254327966281374900, 2.254327966281371800, -6.525000000000003000 ) ) ;
#2585 = CARTESIAN_POINT ( 'NONE',  ( 1.588811391491955500, 3.790048487914566600, 9.650000000000000400 ) ) ;
#2586 = CARTESIAN_POINT ( 'NONE',  ( 2.293483443149639800, -2.769737795256249900, -9.124216326643335200 ) ) ;
#2587 = CARTESIAN_POINT ( 'NONE',  ( 1.320554748610673900, 3.188101183952072800, 3.553124999999997400 ) ) ;
#2588 = DIRECTION ( 'NONE',  ( -0.0000000000000000000, -0.0000000000000000000, -1.000000000000000000 ) ) ;
#2589 = ORIENTED_EDGE ( 'NONE', *, *, #3757, .T. ) ;
#2590 = DIRECTION ( 'NONE',  ( 0.0000000000000000000, 0.0000000000000000000, 1.000000000000000000 ) ) ;
#2591 = ORIENTED_EDGE ( 'NONE', *, *, #1105, .F. ) ;
#2592 = CARTESIAN_POINT ( 'NONE',  ( -3.188101183952076800, -2.589858358996516200E-015, 2.693749999999998300 ) ) ;
#2593 = CARTESIAN_POINT ( 'NONE',  ( 2.254327966281374900, 2.254327966281372200, -9.181249999999998600 ) ) ;
#2594 = LOCAL_TIME ( 11, 43, 0.0000000000000000000, #5623 ) ;
#2595 = ORIENTED_EDGE ( 'NONE', *, *, #5109, .F. ) ;
#2596 = CARTESIAN_POINT ( 'NONE',  ( 1.320554748610671000, -3.188101183952081600, 7.928125000000001400 ) ) ;
#2597 = CARTESIAN_POINT ( 'NONE',  ( 0.0000000000000000000, 3.188101183952075000, -5.274999999999999500 ) ) ;
#2598 = CC_DESIGN_PERSON_AND_ORGANIZATION_ASSIGNMENT ( #5224, #3472, ( #3137 ) ) ;
#2599 = CARTESIAN_POINT ( 'NONE',  ( -1.135069371561729000, 3.774412370514148600, 4.350000000000003200 ) ) ;
#2600 = FACE_BOUND ( 'NONE', #3621, .T. ) ;
#2601 = CARTESIAN_POINT ( 'NONE',  ( -4.135316469341310300, -3.058073572137376600E-015, 6.990625000000000500 ) ) ;
#2602 = PLANE ( 'NONE',  #2450 ) ;
#2603 = DIRECTION ( 'NONE',  ( -0.0000000000000000000, -1.319585349029264000E-016, -1.000000000000000000 ) ) ;
#2604 = CARTESIAN_POINT ( 'NONE',  ( 2.007295430767506200, 2.507381049090940700, 9.650000000000003900 ) ) ;
#2605 = CARTESIAN_POINT ( 'NONE',  ( 3.188101183952076800, -1.320554748610676600, 3.084375000000000500 ) ) ;
#2606 = CARTESIAN_POINT ( 'NONE',  ( 0.0000000000000000000, 3.188101183952075000, -6.368750000000003000 ) ) ;
#2607 = CARTESIAN_POINT ( 'NONE',  ( 1.643568846121135500, 4.108841705095675100, 9.799999999999998900 ) ) ;
#2608 = CARTESIAN_POINT ( 'NONE',  ( -4.067658234670652500, -1.220462468883443800E-015, -8.048437500000000400 ) ) ;
#2609 = CARTESIAN_POINT ( 'NONE',  ( 1.320554748610673900, 3.188101183952072800, 2.303124999999998300 ) ) ;
#2610 = ADVANCED_FACE ( 'NONE', ( #3171 ), #4636, .T. ) ;
#2611 = FACE_BOUND ( 'NONE', #215, .T. ) ;
#2612 = CARTESIAN_POINT ( 'NONE',  ( -6.500000000000001800, 3.815740377469680400E-015, 9.577831216351295800 ) ) ;
#2613 = ADVANCED_FACE ( 'NONE', ( #123 ), #5247, .T. ) ;
#2614 = CARTESIAN_POINT ( 'NONE',  ( -3.188101183952076800, 1.320554748610668600, 7.615624999999997000 ) ) ;
#2615 = CARTESIAN_POINT ( 'NONE',  ( 3.188101183952076800, -1.897314760829314100E-015, -9.337499999999998600 ) ) ;
#2616 = CARTESIAN_POINT ( 'NONE',  ( -3.904297910284797800E-016, -3.188101183952080300, 6.600000000000001400 ) ) ;
#2617 = CARTESIAN_POINT ( 'NONE',  ( -1.684879207899186100, 4.067658234670649800, 5.467187499999999600 ) ) ;
#2618 = CARTESIAN_POINT ( 'NONE',  ( -0.8985210078579601900, 2.437103198361859800, 9.799999999999998900 ) ) ;
#2619 = CARTESIAN_POINT ( 'NONE',  ( 1.803858764756699300, 2.208469873775223700, 9.800000000000000700 ) ) ;
#2620 = CARTESIAN_POINT ( 'NONE',  ( -2.435196795356601800, -2.944401930644479700, -8.899189508621912400 ) ) ;
#2621 = CARTESIAN_POINT ( 'NONE',  ( 0.2547653572671834700, 3.303734559420318000, 9.799999999999998900 ) ) ;
#2622 = CARTESIAN_POINT ( 'NONE',  ( 1.190367252419488200, -3.222346367276015800, -9.285517419953825100 ) ) ;
#2623 = CARTESIAN_POINT ( 'NONE',  ( -3.188101183952076800, 1.320554748610669700, 0.1156249999999976700 ) ) ;
#2624 = CARTESIAN_POINT ( 'NONE',  ( 0.0000000000000000000, 3.999999999999994200, -2.149999999999998600 ) ) ;
#2625 = CARTESIAN_POINT ( 'NONE',  ( 3.188101183952076800, 1.320554748610671000, -9.103125000000003900 ) ) ;
#2626 = CARTESIAN_POINT ( 'NONE',  ( -1.712904166305994700, -4.135316469341311100, -9.025000000000002100 ) ) ;
#2627 = CARTESIAN_POINT ( 'NONE',  ( -3.188101183952076800, -3.049100908676773800E-015, 6.443749999999997900 ) ) ;
#2628 = ORIENTED_EDGE ( 'NONE', *, *, #1565, .T. ) ;
#2629 = CARTESIAN_POINT ( 'NONE',  ( 1.320554748610673900, 3.188101183952072300, 7.146875000000000500 ) ) ;
#2630 = CARTESIAN_POINT ( 'NONE',  ( -4.067658234670652500, -3.210513517497896000E-015, 8.201562500000001400 ) ) ;
#2631 = CARTESIAN_POINT ( 'NONE',  ( -0.9366661701000098500, 2.483222533717888100, 9.800000000000002500 ) ) ;
#2632 = CYLINDRICAL_SURFACE ( 'NONE', #1082, 3.999999999999997300 ) ;
#2633 = DIRECTION ( 'NONE',  ( -0.0000000000000000000, -0.0000000000000000000, -1.000000000000000000 ) ) ;
#2634 = CARTESIAN_POINT ( 'NONE',  ( -4.898587196589407900E-016, -3.999999999999996400, -7.618750000000003900 ) ) ;
#2635 = CARTESIAN_POINT ( 'NONE',  ( 6.500000000000000900, 3.752776749732571000, -15.50782801147530800 ) ) ;
#2636 = B_SPLINE_CURVE_WITH_KNOTS ( 'NONE', 3,
 ( #4297, #3769, #3813, #407 ),
 .UNSPECIFIED., .F., .F.,
 ( 4, 4 ),
 ( 0.002014956630748559800, 0.002522973818710579800 ),
 .UNSPECIFIED. ) ;
#2637 = CARTESIAN_POINT ( 'NONE',  ( 2.326119523933850800, 2.921442892753651800, 9.649999999999996800 ) ) ;
#2638 = CARTESIAN_POINT ( 'NONE',  ( -0.07889407813510744500, 3.254768543703602500, 9.799999999999997200 ) ) ;
#2639 = CARTESIAN_POINT ( 'NONE',  ( 2.007295430767506200, 2.507381049090940700, 9.800000000000000700 ) ) ;
#2640 = CARTESIAN_POINT ( 'NONE',  ( 2.789042526618584100, 1.923080975176221200, -9.329231218062128400 ) ) ;
#2641 = CARTESIAN_POINT ( 'NONE',  ( 2.071054388789915500, 4.563436278237513300, 9.800000000000000700 ) ) ;
#2642 = CARTESIAN_POINT ( 'NONE',  ( -4.067658234670652500, -1.684879207899187900, -4.220312499999998600 ) ) ;
#2643 = VECTOR ( 'NONE', #5398, 1000.000000000000000 ) ;
#2644 = CARTESIAN_POINT ( 'NONE',  ( -1.320554748610671700, 3.188101183952074100, 1.209374999999997000 ) ) ;
#2645 = ORIENTED_EDGE ( 'NONE', *, *, #543, .F. ) ;
#2646 = CARTESIAN_POINT ( 'NONE',  ( 1.921432023933850900, 3.740713726086984700, 9.799999999999998900 ) ) ;
#2647 = CARTESIAN_POINT ( 'NONE',  ( 0.0000000000000000000, 3.188101183952075400, -8.868750000000003900 ) ) ;
#2648 = CARTESIAN_POINT ( 'NONE',  ( 4.135316469341310300, -1.712904166305997800, -8.712500000000002100 ) ) ;
#2649 = ORIENTED_EDGE ( 'NONE', *, *, #5677, .F. ) ;
#2650 = CARTESIAN_POINT ( 'NONE',  ( -1.320554748610672300, -3.188101183952080300, 7.928124999999997900 ) ) ;
#2651 = VERTEX_POINT ( 'NONE', #1181 ) ;
#2652 = CARTESIAN_POINT ( 'NONE',  ( -2.254327966281374000, 2.254327966281373100, -8.868750000000000400 ) ) ;
#2653 = CARTESIAN_POINT ( 'NONE',  ( 3.188101183952076800, -3.141096666213346900E-015, 0.8187499999999983100 ) ) ;
#2654 = ORIENTED_EDGE ( 'NONE', *, *, #6293, .T. ) ;
#2655 = CARTESIAN_POINT ( 'NONE',  ( 4.067658234670651600, 1.684879207899184300, 5.154687500000001400 ) ) ;
#2656 = CARTESIAN_POINT ( 'NONE',  ( -2.780347434538319900, 3.880877328408191200, 9.649999999999998600 ) ) ;
#2657 = ORIENTED_EDGE ( 'NONE', *, *, #3380, .F. ) ;
#2658 = CARTESIAN_POINT ( 'NONE',  ( -2.828427124746187600, -2.828427124746189400, 0.9749999999999962000 ) ) ;
#2659 = CARTESIAN_POINT ( 'NONE',  ( 3.999999999999995600, 1.656854249492378100, -7.228125000000004800 ) ) ;
#2660 = ORIENTED_EDGE ( 'NONE', *, *, #6313, .F. ) ;
#2661 = CARTESIAN_POINT ( 'NONE',  ( 1.359486480100371400, 3.194258680298683700, -9.258532752875499500 ) ) ;
#2662 = EDGE_CURVE ( 'NONE', #2493, #1645, #677, .T. ) ;
#2663 = CARTESIAN_POINT ( 'NONE',  ( 1.934807659449866900, 4.489235368990920300, 9.649999999999996800 ) ) ;
#2664 = CARTESIAN_POINT ( 'NONE',  ( 4.067658234670651600, 1.684879207899185400, -4.845312500000000400 ) ) ;
#2665 = DATE_AND_TIME ( #4742, #628 ) ;
#2666 = ORIENTED_EDGE ( 'NONE', *, *, #673, .T. ) ;
#2667 = CARTESIAN_POINT ( 'NONE',  ( -3.188101183952076800, -3.202181758570193500E-015, 7.693749999999999600 ) ) ;
#2668 = CARTESIAN_POINT ( 'NONE',  ( -3.999999999999996400, 1.656854249492376800, -1.915624999999998600 ) ) ;
#2669 = EDGE_CURVE ( 'NONE', #2795, #3776, #5445, .T. ) ;
#2670 = CARTESIAN_POINT ( 'NONE',  ( -2.254327966281374400, -2.254327966281375300, -9.650000000000002100 ) ) ;
#2671 = CARTESIAN_POINT ( 'NONE',  ( 1.320554748610671000, -3.188101183952081600, 7.928125000000001400 ) ) ;
#2672 = VECTOR ( 'NONE', #5943, 1000.000000000000000 ) ;
#2673 = CARTESIAN_POINT ( 'NONE',  ( 2.453755454623159700, 4.321161175619425700, 9.649999999999998600 ) ) ;
#2674 = PRODUCT_DEFINITION_SHAPE ( 'NONE', 'NONE',  #4893 ) ;
#2675 = CARTESIAN_POINT ( 'NONE',  ( -3.188101183952076800, -1.320554748610674800, 5.271874999999997000 ) ) ;
#2676 = AXIS2_PLACEMENT_3D ( 'NONE', #3912, #4868, #2971 ) ;
#2677 = CARTESIAN_POINT ( 'NONE',  ( -3.999999999999996400, -1.656854249492380100, -5.509374999999997700 ) ) ;
#2678 = CARTESIAN_POINT ( 'NONE',  ( 2.876268721284919400, -2.876268721284923800, 7.420312500000001400 ) ) ;
#2679 = CARTESIAN_POINT ( 'NONE',  ( 3.267926209632385300, 0.9176442022204468500, 4.350000000000004100 ) ) ;
#2680 = CARTESIAN_POINT ( 'NONE',  ( -1.656854249492379000, 3.999999999999993300, 0.5843749999999957600 ) ) ;
#2681 = CARTESIAN_POINT ( 'NONE',  ( -1.411901309399483700, 3.303734559420318000, 9.650000000000000400 ) ) ;
#2682 = CARTESIAN_POINT ( 'NONE',  ( 1.656854249492377900, -3.999999999999998200, -3.946874999999998100 ) ) ;
#2683 = CARTESIAN_POINT ( 'NONE',  ( 3.149788330449685400, 2.588139165773961600, 9.800000000000000700 ) ) ;
#2684 = CARTESIAN_POINT ( 'NONE',  ( -1.411901309399483700, 3.303734559420318000, 9.799999999999998900 ) ) ;
#2685 = CARTESIAN_POINT ( 'NONE',  ( 2.302011599801915500, 4.619411081190119000, 9.650000000000002100 ) ) ;
#2686 = CARTESIAN_POINT ( 'NONE',  ( -4.067658234670652500, -1.526624168670282600E-015, -5.548437499999999500 ) ) ;
#2687 = CARTESIAN_POINT ( 'NONE',  ( -2.254327966281374000, 2.254327966281370900, 8.787499999999996100 ) ) ;
#2688 = EDGE_CURVE ( 'NONE', #2876, #3716, #3102, .T. ) ;
#2689 = B_SPLINE_SURFACE_WITH_KNOTS ( 'NONE', 3, 1, ( 
 ( #3093, #2091 ),
 ( #596, #4006 ),
 ( #111, #3051 ),
 ( #2552, #6079 ),
 ( #3112, #1525 ),
 ( #3601, #620 ),
 ( #1011, #4485 ),
 ( #4989, #2021 ),
 ( #5496, #2529 ),
 ( #3510, #1038 ),
 ( #528, #4508 ),
 ( #4601, #2568 ),
 ( #4946, #5038 ),
 ( #4082, #5591 ),
 ( #1361, #1874 ),
 ( #1849, #3906 ),
 ( #6296, #3819 ),
 ( #2854, #1404 ),
 ( #3360, #2340 ),
 ( #418, #5823 ),
 ( #4402, #6358 ),
 ( #4861, #6334 ),
 ( #3383, #359 ),
 ( #4821, #6315 ),
 ( #1891, #929 ),
 ( #5329, #5844 ),
 ( #5885, #2358 ) ),
 .UNSPECIFIED., .F., .F., .F.,
 ( 4, 1, 1, 1, 1, 1, 1, 1, 1, 1, 1, 1, 1, 1, 1, 1, 1, 1, 1, 1, 1, 1, 1, 1, 4 ),
 ( 2, 2 ),
 ( 0.0000000000000000000, 0.06311445839479346000, 0.1236146457694899300, 0.1809737111859574000, 0.2352614550083222100, 0.2871007018338722100, 0.3360307363034438800, 0.3823823485850664800, 0.4263340836597072600, 0.4682106947981603500, 0.5082496012618050700, 0.5466283366065849400, 0.5836495392304461600, 0.6189943150301617800, 0.6535830186205958700, 0.6871561361903313300, 0.7204221919788077500, 0.7532302188118170600, 0.7862601560779002300, 0.8195039834988840900, 0.8535452747120185800, 0.8883082803397299700, 0.9239958607406950600, 0.9613503047546450000, 1.000000000000000000 ),
 ( 0.0000000000000000000, 1.000000000000000000 ),
 .UNSPECIFIED. ) ;
#2690 = CARTESIAN_POINT ( 'NONE',  ( -2.828427124746187600, -2.828427124746189400, -1.681249999999998400 ) ) ;
#2691 = CARTESIAN_POINT ( 'NONE',  ( -3.188101183952076800, -1.059049860062321900E-015, -9.806250000000002100 ) ) ;
#2692 = EDGE_CURVE ( 'NONE', #5217, #5206, #1028, .T. ) ;
#2693 = CARTESIAN_POINT ( 'NONE',  ( -4.135316469341311100, -1.712904166305995200, -9.181250000000002100 ) ) ;
#2694 = CARTESIAN_POINT ( 'NONE',  ( 2.539033032933443400, 4.312815453349194300, 9.799999999999995400 ) ) ;
#2695 = CARTESIAN_POINT ( 'NONE',  ( 3.240429032057939600, 3.033776408382729400, 9.649999999999996800 ) ) ;
#2696 = CARTESIAN_POINT ( 'NONE',  ( 3.188101183952076800, -3.906500915680442700E-015, 7.068749999999998800 ) ) ;
#2697 = ADVANCED_BREP_SHAPE_REPRESENTATION ( '90854A153_Zinc Yellow-Chromate Plated Steel Hex Head Screw', ( #2206, #6234 ), #3441 ) ;
#2698 = CARTESIAN_POINT ( 'NONE',  ( 2.254327966281374000, -2.254327966281376700, -5.743749999999999500 ) ) ;
#2699 = CARTESIAN_POINT ( 'NONE',  ( 1.320554748610673900, 3.188101183952074100, -6.446875000000004800 ) ) ;
#2700 = CARTESIAN_POINT ( 'NONE',  ( 5.432909636593962900, 4.368861658294702200, 9.320531158726469200 ) ) ;
#2701 = CARTESIAN_POINT ( 'NONE',  ( -1.409408961904445200, 3.132038297985552800, 9.649999999999998600 ) ) ;
#2702 = CARTESIAN_POINT ( 'NONE',  ( 3.017182993552835100, 2.329225510009890400, 9.799999999999998900 ) ) ;
#2703 = ORIENTED_EDGE ( 'NONE', *, *, #5538, .T. ) ;
#2704 = CARTESIAN_POINT ( 'NONE',  ( -0.5785679760661498500, 2.288109559420317600, 9.799999999999998900 ) ) ;
#2705 = CARTESIAN_POINT ( 'NONE',  ( 2.001358635409471900, 4.529699384057440000, 9.800000000000002500 ) ) ;
#2706 = CARTESIAN_POINT ( 'NONE',  ( -4.067658234670652500, 1.684879207899184600, -1.876562499999999700 ) ) ;
#2707 = CARTESIAN_POINT ( 'NONE',  ( -1.320554748610672300, -3.188101183952079900, 5.428124999999997900 ) ) ;
#2708 = CARTESIAN_POINT ( 'NONE',  ( 1.954765357267184400, 2.688109559420317900, 9.799999999999998900 ) ) ;
#2709 = CARTESIAN_POINT ( 'NONE',  ( -3.188101183952076800, -1.320554748610673200, -7.228125000000003000 ) ) ;
#2710 = LINE ( 'NONE', #5986, #3628 ) ;
#2711 = CARTESIAN_POINT ( 'NONE',  ( 4.135316469341310300, -1.712904166305998500, -3.712500000000001700 ) ) ;
#2712 = CARTESIAN_POINT ( 'NONE',  ( 2.828427124746188100, 2.828427124746185900, -8.556249999999998600 ) ) ;
#2713 = CARTESIAN_POINT ( 'NONE',  ( 3.254530102571255400, 3.333936450659047900, 9.649999999999998600 ) ) ;
#2714 = DIRECTION ( 'NONE',  ( 0.0000000000000000000, 1.224646799147355200E-016, -1.000000000000000000 ) ) ;
#2715 = CARTESIAN_POINT ( 'NONE',  ( 3.188101183952076800, 1.320554748610670800, -5.509374999999999500 ) ) ;
#2716 = AXIS2_PLACEMENT_3D ( 'NONE', #541, #5563, #3063 ) ;
#2717 = CYLINDRICAL_SURFACE ( 'NONE', #4611, 3.999999999999997300 ) ;
#2718 = CARTESIAN_POINT ( 'NONE',  ( -3.904297910284797800E-016, -3.188101183952078100, -9.493750000000002100 ) ) ;
#2719 = VECTOR ( 'NONE', #5603, 1000.000000000000000 ) ;
#2720 = ORIENTED_EDGE ( 'NONE', *, *, #181, .F. ) ;
#2721 = CARTESIAN_POINT ( 'NONE',  ( 0.0000000000000000000, -2.546799723626479500E-015, -9.649999999999998600 ) ) ;
#2722 = CARTESIAN_POINT ( 'NONE',  ( -0.8332269672499913500, 2.021998407607668500, 9.649999999999996800 ) ) ;
#2723 = CARTESIAN_POINT ( 'NONE',  ( 0.0000000000000000000, 3.999999999999993300, 2.850000000000002800 ) ) ;
#2724 = ORIENTED_EDGE ( 'NONE', *, *, #4970, .T. ) ;
#2725 = CARTESIAN_POINT ( 'NONE',  ( -0.5107063394994441100, 1.989143433789017000, 9.649999999999995000 ) ) ;
#2726 = CARTESIAN_POINT ( 'NONE',  ( -2.876268721284919800, -2.876268721284921600, -4.142187499999999500 ) ) ;
#2727 = CARTESIAN_POINT ( 'NONE',  ( 1.320554748610671000, -3.188101183952081600, 6.834374999999997000 ) ) ;
#2728 = ORIENTED_EDGE ( 'NONE', *, *, #1873, .T. ) ;
#2729 = CARTESIAN_POINT ( 'NONE',  ( 2.032187773967161000, 4.118299489004034100, 9.799999999999998900 ) ) ;
#2730 = CARTESIAN_POINT ( 'NONE',  ( 0.0000000000000000000, 3.188101183952075000, -5.118750000000003000 ) ) ;
#2731 = DIRECTION ( 'NONE',  ( 0.8660254037844397100, 0.0000000000000000000, -0.4999999999999979500 ) ) ;
#2732 = CARTESIAN_POINT ( 'NONE',  ( 4.135316469341310300, -1.712904166305998100, -7.462500000000002100 ) ) ;
#2733 = VERTEX_POINT ( 'NONE', #663 ) ;
#2734 = CARTESIAN_POINT ( 'NONE',  ( 1.656854249492381500, 3.999999999999993300, -5.821875000000004800 ) ) ;
#2735 = CARTESIAN_POINT ( 'NONE',  ( 0.9214320239338511500, 2.188109559420317900, 9.137179487179485800 ) ) ;
#2736 = ORIENTED_EDGE ( 'NONE', *, *, #1873, .F. ) ;
#2737 = CARTESIAN_POINT ( 'NONE',  ( -2.153150824729260600, 6.262431291201833600, 9.511546742659392700 ) ) ;
#2738 = CARTESIAN_POINT ( 'NONE',  ( 3.188101183952076800, -1.320554748610675500, -4.415624999999999500 ) ) ;
#2739 = ORIENTED_EDGE ( 'NONE', *, *, #1424, .T. ) ;
#2740 = CARTESIAN_POINT ( 'NONE',  ( -3.904297910284797800E-016, -3.188101183952078500, -6.993750000000002100 ) ) ;
#2741 = PERSON_AND_ORGANIZATION ( #665, #4979 ) ;
#2742 = EDGE_LOOP ( 'NONE', ( #191, #2809, #4048, #616 ) ) ;
#2743 = CARTESIAN_POINT ( 'NONE',  ( -3.999999999999996400, -1.656854249492379700, -7.853125000000002100 ) ) ;
#2744 = CARTESIAN_POINT ( 'NONE',  ( -0.3838064865751794100, 4.602803996860481900, 9.800000000000000700 ) ) ;
#2745 = CARTESIAN_POINT ( 'NONE',  ( -2.828427124746187200, 2.828427124746185400, -0.7437499999999974700 ) ) ;
#2746 = EDGE_CURVE ( 'NONE', #909, #1615, #5978, .T. ) ;
#2747 = CARTESIAN_POINT ( 'NONE',  ( -0.1608643282376561500, 2.097165185455770700, 9.800000000000000700 ) ) ;
#2748 = CARTESIAN_POINT ( 'NONE',  ( -2.876268721284919400, 2.876268721284917200, 1.795312500000000100 ) ) ;
#2749 = CARTESIAN_POINT ( 'NONE',  ( -2.254327966281374400, -2.254327966281377500, 9.099999999999997900 ) ) ;
#2750 = FACE_OUTER_BOUND ( 'NONE', #4573, .T. ) ;
#2751 = CARTESIAN_POINT ( 'NONE',  ( -0.06182866745652873500, 4.437446540741564000, 9.800000000000000700 ) ) ;
#2752 = CARTESIAN_POINT ( 'NONE',  ( -3.188101183952076800, -1.824454109529418800E-015, -3.556250000000003000 ) ) ;
#2753 = CARTESIAN_POINT ( 'NONE',  ( 1.712904166305997200, 4.135316469341308500, -5.900000000000002100 ) ) ;
#2754 = CARTESIAN_POINT ( 'NONE',  ( 2.899052852403137100, 2.909271343902334100, 9.799999999999998900 ) ) ;
#2755 = FACE_OUTER_BOUND ( 'NONE', #2474, .T. ) ;
#2756 = CARTESIAN_POINT ( 'NONE',  ( -0.5785679760661498500, 4.621442892753650600, 9.799999999999998900 ) ) ;
#2757 = CARTESIAN_POINT ( 'NONE',  ( 0.0000000000000000000, 4.091537844202519000E-015, 4.548750000000001000 ) ) ;
#2758 = AXIS2_PLACEMENT_3D ( 'NONE', #4214, #1247, #4155 ) ;
#2759 = CARTESIAN_POINT ( 'NONE',  ( -3.188101183952076800, -1.320554748610673200, -7.384374999999999500 ) ) ;
#2760 = CARTESIAN_POINT ( 'NONE',  ( 2.254327966281374000, -2.254327966281376700, -8.087500000000002100 ) ) ;
#2761 = CARTESIAN_POINT ( 'NONE',  ( -0.6333897547322947500, 4.320099726194662500, 9.649999999999998600 ) ) ;
#2762 = CARTESIAN_POINT ( 'NONE',  ( 1.656854249492381500, 3.999999999999993300, -2.228124999999997700 ) ) ;
#2763 = CARTESIAN_POINT ( 'NONE',  ( 0.2037309824055768000, 2.718061917766636100, 9.799999999999997200 ) ) ;
#2764 = CARTESIAN_POINT ( 'NONE',  ( -4.067658234670652500, 1.684879207899183700, 3.123437500000001400 ) ) ;
#2765 = CARTESIAN_POINT ( 'NONE',  ( -3.904297910284797800E-016, -3.188101183952078500, -8.400000000000000400 ) ) ;
#2766 = CARTESIAN_POINT ( 'NONE',  ( 0.2330472551351658300, 3.720396224466324200, 9.799999999999997200 ) ) ;
#2767 = CARTESIAN_POINT ( 'NONE',  ( -1.320554748610672300, -3.188101183952079000, -4.571875000000003000 ) ) ;
#2768 = CARTESIAN_POINT ( 'NONE',  ( 3.999999999999995600, -1.656854249492383500, 0.1156249999999971300 ) ) ;
#2769 = CARTESIAN_POINT ( 'NONE',  ( -1.712904166305994700, -4.135316469341311100, -7.775000000000001200 ) ) ;
#2770 = CARTESIAN_POINT ( 'NONE',  ( 2.331189653450538700, 2.288992054962867100, 9.800000000000000700 ) ) ;
#2771 = CARTESIAN_POINT ( 'NONE',  ( -3.027055823736852300, 3.732933382719060100, 9.799999999999997200 ) ) ;
#2772 = DIRECTION ( 'NONE',  ( -0.0000000000000000000, -1.319585349029264000E-016, -1.000000000000000000 ) ) ;
#2773 = DIRECTION ( 'NONE',  ( 0.0000000000000000000, 1.000000000000000000, 0.0000000000000000000 ) ) ;
#2774 = CARTESIAN_POINT ( 'NONE',  ( 1.320554748610673900, 3.188101183952074100, -7.853124999999999500 ) ) ;
#2775 = ORIENTED_EDGE ( 'NONE', *, *, #3453, .F. ) ;
#2776 = CARTESIAN_POINT ( 'NONE',  ( -0.6831055519756253900, 4.311593166540866700, 9.650000000000000400 ) ) ;
#2777 = CARTESIAN_POINT ( 'NONE',  ( -0.3820893350944331000, 2.007637496568499500, 9.799999999999997200 ) ) ;
#2778 = CARTESIAN_POINT ( 'NONE',  ( -2.876268721284919400, 2.876268721284917200, 0.5453125000000006400 ) ) ;
#2779 = FACE_OUTER_BOUND ( 'NONE', #4077, .T. ) ;
#2780 = CARTESIAN_POINT ( 'NONE',  ( 0.0000000000000000000, 3.188101183952075000, -5.274999999999999500 ) ) ;
#2781 = CARTESIAN_POINT ( 'NONE',  ( -0.09703521668145870200, 3.702993654886231700, 9.799999999999997200 ) ) ;
#2782 = B_SPLINE_SURFACE_WITH_KNOTS ( 'NONE', 3, 1, ( 
 ( #197, #4687 ),
 ( #1223, #3688 ),
 ( #710, #1718 ),
 ( #4420, #5365 ),
 ( #2460, #1397 ),
 ( #901, #6418 ),
 ( #392, #1438 ),
 ( #4377, #1459 ),
 ( #6331, #1929 ),
 ( #3357, #6394 ),
 ( #6375, #2958 ),
 ( #4918, #5455 ),
 ( #1419, #2420 ),
 ( #3377, #1954 ),
 ( #2487, #3450 ),
 ( #4444, #5858 ),
 ( #4881, #3404 ),
 ( #5926, #1489 ),
 ( #4358, #1907 ) ),
 .UNSPECIFIED., .F., .F., .F.,
 ( 4, 1, 1, 1, 1, 1, 1, 1, 1, 1, 1, 1, 1, 1, 1, 1, 4 ),
 ( 2, 2 ),
 ( 0.0000000000000000000, 0.05611214696962130800, 0.1104374040801052000, 0.1634314137031978900, 0.2166313087930942200, 0.2692505455029011200, 0.3203026126168414500, 0.3701706051678959600, 0.4205163182290520600, 0.4748883932655864600, 0.5359191975876429500, 0.6038803914573036600, 0.6792765666077068600, 0.7587201449561078400, 0.8381696543641573600, 0.9187860862718692000, 1.000000000000000000 ),
 ( 0.0000000000000000000, 1.000000000000000000 ),
 .UNSPECIFIED. ) ;
#2783 = CARTESIAN_POINT ( 'NONE',  ( 1.656854249492363500, 4.000000000000010700, 4.021875000000004100 ) ) ;
#2784 = CARTESIAN_POINT ( 'NONE',  ( 0.1325787255564358200, 4.120938396479945500, 9.649999999999993200 ) ) ;
#2785 = CARTESIAN_POINT ( 'NONE',  ( -1.320554748610671700, 3.188101183952074500, -3.790625000000002100 ) ) ;
#2786 = CARTESIAN_POINT ( 'NONE',  ( 2.831915380236854000, 2.653492493992838200, 9.649999999999996800 ) ) ;
#2787 = CARTESIAN_POINT ( 'NONE',  ( -1.070588566720653800, 3.582785012431221300, 9.799999999999998900 ) ) ;
#2788 = CARTESIAN_POINT ( 'NONE',  ( -2.924110317823652000, 2.924110317823650700, -5.665625000000001200 ) ) ;
#2789 = ORIENTED_EDGE ( 'NONE', *, *, #4543, .F. ) ;
#2790 = CARTESIAN_POINT ( 'NONE',  ( 1.954765357267184400, 2.688109559420317900, 9.799999999999998900 ) ) ;
#2791 = CARTESIAN_POINT ( 'NONE',  ( -2.828427124746187600, -2.828427124746189800, 2.224999999999997400 ) ) ;
#2792 = CARTESIAN_POINT ( 'NONE',  ( -0.07889407813510744500, 3.254768543703602500, 9.649999999999995000 ) ) ;
#2793 = CARTESIAN_POINT ( 'NONE',  ( 2.254327966281374900, 2.254327966281371300, -2.931249999999999000 ) ) ;
#2794 = ORIENTED_EDGE ( 'NONE', *, *, #5655, .T. ) ;
#2795 = VERTEX_POINT ( 'NONE', #5717 ) ;
#2796 = CARTESIAN_POINT ( 'NONE',  ( -1.942894211176246800, -2.977695435275208500, 4.350000000000008500 ) ) ;
#2797 = ORIENTED_EDGE ( 'NONE', *, *, #4544, .F. ) ;
#2798 = EDGE_CURVE ( 'NONE', #3255, #6344, #5729, .T. ) ;
#2799 = CARTESIAN_POINT ( 'NONE',  ( 0.0000000000000000000, 4.067658234670649800, 1.639062499999999900 ) ) ;
#2800 = ORIENTED_EDGE ( 'NONE', *, *, #3548, .F. ) ;
#2801 = CARTESIAN_POINT ( 'NONE',  ( -1.320554748610671700, 3.188101183952075400, -7.696874999999998600 ) ) ;
#2802 = CARTESIAN_POINT ( 'NONE',  ( -0.1547757720728699700, 3.990511593891772800, 9.800000000000000700 ) ) ;
#2803 = CARTESIAN_POINT ( 'NONE',  ( 1.973990189357979400, 3.485774050305380500, 9.649999999999996800 ) ) ;
#2804 = VERTEX_POINT ( 'NONE', #755 ) ;
#2805 = CARTESIAN_POINT ( 'NONE',  ( 1.320554748610673900, 3.188101183952073600, -3.946875000000002600 ) ) ;
#2806 = DIRECTION ( 'NONE',  ( -0.0000000000000000000, -1.319585349029264000E-016, -1.000000000000000000 ) ) ;
#2807 = CARTESIAN_POINT ( 'NONE',  ( 1.712904166305997200, 4.135316469341307600, 0.3499999999999978700 ) ) ;
#2808 = APPROVAL_PERSON_ORGANIZATION ( #5901, #5491, #3970 ) ;
#2809 = ORIENTED_EDGE ( 'NONE', *, *, #4544, .T. ) ;
#2810 = CARTESIAN_POINT ( 'NONE',  ( 1.656854249492382400, -3.999999999999994700, -6.290625000000003900 ) ) ;
#2811 = CARTESIAN_POINT ( 'NONE',  ( -3.999999999999996400, 1.656854249492376100, 1.990624999999997200 ) ) ;
#2812 = CARTESIAN_POINT ( 'NONE',  ( 0.0000000000000000000, 5.659242853461223200E-032, 9.649999999999998600 ) ) ;
#2813 = CARTESIAN_POINT ( 'NONE',  ( 1.954765357267184400, 2.688109559420317500, 9.649999999999998600 ) ) ;
#2814 = CARTESIAN_POINT ( 'NONE',  ( 3.188101183952076800, 1.320554748610670100, 0.7406250000000002000 ) ) ;
#2815 = FACE_OUTER_BOUND ( 'NONE', #2932, .T. ) ;
#2816 = CARTESIAN_POINT ( 'NONE',  ( 2.302011599801915500, 4.619411081190119000, 9.650000000000000400 ) ) ;
#2817 = CARTESIAN_POINT ( 'NONE',  ( -4.336808689942017700E-016, 7.439813942204520500E-016, 4.548750000000001000 ) ) ;
#2818 = AXIS2_PLACEMENT_3D ( 'NONE', #6290, #1821, #4356 ) ;
#2819 = LINE ( 'NONE', #2684, #2207 ) ;
#2820 = CARTESIAN_POINT ( 'NONE',  ( 1.684879207899185400, -4.067658234670655100, -0.1578124999999999700 ) ) ;
#2821 = CARTESIAN_POINT ( 'NONE',  ( -2.254327966281374400, -2.254327966281375800, -6.056249999999999500 ) ) ;
#2822 = CARTESIAN_POINT ( 'NONE',  ( -0.3340868307836024600, 4.243446314698341700, 9.799999999999997200 ) ) ;
#2823 = DIRECTION ( 'NONE',  ( 0.0000000000000000000, 0.0000000000000000000, -1.000000000000000000 ) ) ;
#2824 = CARTESIAN_POINT ( 'NONE',  ( 0.0000000000000000000, 3.188101183952074500, -1.524999999999998600 ) ) ;
#2825 = CARTESIAN_POINT ( 'NONE',  ( -2.474797962907879800, 4.592926064553434000, 9.799999999999997200 ) ) ;
#2826 = PLANE ( 'NONE',  #3087 ) ;
#2827 = CARTESIAN_POINT ( 'NONE',  ( 1.712904166305997200, 4.135316469341308500, -0.9000000000000015800 ) ) ;
#2828 = CARTESIAN_POINT ( 'NONE',  ( 3.188101183952076800, 1.320554748610670300, -2.853125000000002600 ) ) ;
#2829 = DIRECTION ( 'NONE',  ( 1.000000000000000000, 0.0000000000000000000, 0.0000000000000000000 ) ) ;
#2830 = CARTESIAN_POINT ( 'NONE',  ( 6.500000000000001800, -3.752776749732566600, 8.997274632750532000 ) ) ;
#2831 = DIRECTION ( 'NONE',  ( -0.0000000000000000000, -1.319585349029264000E-016, -1.000000000000000000 ) ) ;
#2832 = CARTESIAN_POINT ( 'NONE',  ( -2.254327966281374400, -2.254327966281376700, 0.1937500000000012000 ) ) ;
#2833 = CARTESIAN_POINT ( 'NONE',  ( 1.674991333403553300, 4.185209728639621000, 9.650000000000000400 ) ) ;
#2834 = CARTESIAN_POINT ( 'NONE',  ( -1.411901309399483700, 3.303734559420318000, 9.649999999999998600 ) ) ;
#2835 = CARTESIAN_POINT ( 'NONE',  ( 3.188101183952076800, -1.897314760829314100E-015, -9.337499999999998600 ) ) ;
#2836 = CARTESIAN_POINT ( 'NONE',  ( -1.389071983464443200, 3.716938681468900300, 9.650000000000002100 ) ) ;
#2837 = CARTESIAN_POINT ( 'NONE',  ( 6.500000000000001800, 3.752776749732570600, 4.548750000000001000 ) ) ;
#2838 = CARTESIAN_POINT ( 'NONE',  ( -1.320554748610671700, 3.188101183952074500, -2.696874999999999500 ) ) ;
#2839 = CARTESIAN_POINT ( 'NONE',  ( -0.5822138093994832000, 4.321442892753650800, 9.799999999999998900 ) ) ;
#2840 = ORIENTED_EDGE ( 'NONE', *, *, #1146, .F. ) ;
#2841 = CARTESIAN_POINT ( 'NONE',  ( -1.712904166305994500, 4.135316469341309400, -3.243750000000001700 ) ) ;
#2842 = CARTESIAN_POINT ( 'NONE',  ( 1.320554748610671000, -3.188101183952079900, -1.915625000000002600 ) ) ;
#2843 = CARTESIAN_POINT ( 'NONE',  ( -1.378568599089655900, 2.816683110435935300, 9.649999999999998600 ) ) ;
#2844 = CARTESIAN_POINT ( 'NONE',  ( 2.530410573850211200, 3.229370941351020500, 9.800000000000000700 ) ) ;
#2845 = CARTESIAN_POINT ( 'NONE',  ( -4.898587196589407900E-016, -3.999999999999997300, -5.118750000000004800 ) ) ;
#2846 = CARTESIAN_POINT ( 'NONE',  ( -0.1326329364430388100, 2.693583360802367800, 9.800000000000000700 ) ) ;
#2847 = CARTESIAN_POINT ( 'NONE',  ( 1.320554748610671000, -3.188101183952079900, -2.071874999999999000 ) ) ;
#2848 = CIRCLE ( 'NONE', #6193, 6.500000000000001800 ) ;
#2849 = CARTESIAN_POINT ( 'NONE',  ( 2.922994523933851100, 3.197484559420318300, 9.799999999999998900 ) ) ;
#2850 = EDGE_CURVE ( 'NONE', #5881, #6198, #20, .T. ) ;
#2851 = CARTESIAN_POINT ( 'NONE',  ( 0.0000000000000000000, 4.067658234670648900, 9.139062499999999600 ) ) ;
#2852 = LINE ( 'NONE', #2119, #1163 ) ;
#2853 = EDGE_CURVE ( 'NONE', #2733, #1328, #1994, .T. ) ;
#2854 = CARTESIAN_POINT ( 'NONE',  ( -1.042361651721607900, 4.478760440919576700, 9.800000000000000700 ) ) ;
#2855 = CARTESIAN_POINT ( 'NONE',  ( -3.188101183952076800, 1.320554748610669700, -1.290624999999998400 ) ) ;
#2856 = CARTESIAN_POINT ( 'NONE',  ( -3.178567976066149800, 3.664151226086984600, 9.799999999999998900 ) ) ;
#2857 = CARTESIAN_POINT ( 'NONE',  ( -0.7740450248791671500, 4.602010082465031200, 9.649999999999996800 ) ) ;
#2858 = FACE_OUTER_BOUND ( 'NONE', #761, .T. ) ;
#2859 = ORIENTED_EDGE ( 'NONE', *, *, #3860, .F. ) ;
#2860 = CARTESIAN_POINT ( 'NONE',  ( 1.656854249492395700, -3.999999999999980900, 3.553125000000002300 ) ) ;
#2861 = CARTESIAN_POINT ( 'NONE',  ( -0.6333897547322947500, 4.320099726194662500, 9.799999999999998900 ) ) ;
#2862 = CARTESIAN_POINT ( 'NONE',  ( -4.135316469341310300, -1.833426772990021200E-015, -3.009375000000001700 ) ) ;
#2863 = EDGE_LOOP ( 'NONE', ( #1640, #1761, #411, #1532 ) ) ;
#2864 =( BOUNDED_CURVE ( )  B_SPLINE_CURVE ( 2, ( #5966, #3470, #4516, #4464, #6443, #1047, #3967, #990, #1511 ),
 .UNSPECIFIED., .F., .F. ) 
 B_SPLINE_CURVE_WITH_KNOTS ( ( 3, 2, 2, 2, 3 ),
 ( 0.2500000000000000000, 0.2578125000000000000, 0.2656250000000000000, 0.2734375000000000000, 0.2812500000000000000 ),
 .UNSPECIFIED. ) 
 CURVE ( )  GEOMETRIC_REPRESENTATION_ITEM ( )  RATIONAL_B_SPLINE_CURVE ( ( 1.000000000000000000, 0.9238795325112867400, 1.000000000000000000, 0.9238795325112867400, 1.000000000000000000, 0.9238795325112867400, 1.000000000000000000, 0.9238795325112867400, 1.000000000000000000 ) ) 
 REPRESENTATION_ITEM ( '' )  );
#2865 = CARTESIAN_POINT ( 'NONE',  ( -1.320554748610671700, 3.188101183952074500, -2.540625000000003000 ) ) ;
#2866 = CARTESIAN_POINT ( 'NONE',  ( 2.436015357267184100, 4.321442892753650800, 9.799999999999998900 ) ) ;
#2867 = CARTESIAN_POINT ( 'NONE',  ( 2.530410573850211200, 3.229370941351020500, 9.649999999999998600 ) ) ;
#2868 = ORIENTED_EDGE ( 'NONE', *, *, #1846, .F. ) ;
#2869 = CARTESIAN_POINT ( 'NONE',  ( 2.632403835263818600, 4.284667442254421300, 9.649999999999998600 ) ) ;
#2870 = CARTESIAN_POINT ( 'NONE',  ( -3.188101183952076800, -1.320554748610674300, 1.521874999999997200 ) ) ;
#2871 = CARTESIAN_POINT ( 'NONE',  ( 2.254327966281374000, -2.254327966281377500, -0.7437499999999995800 ) ) ;
#2872 = ORIENTED_EDGE ( 'NONE', *, *, #6377, .F. ) ;
#2873 = CARTESIAN_POINT ( 'NONE',  ( -4.898587196589407900E-016, -3.999999999999998200, 1.131249999999996300 ) ) ;
#2874 = ORIENTED_EDGE ( 'NONE', *, *, #2338, .T. ) ;
#2875 = CARTESIAN_POINT ( 'NONE',  ( -3.188101183952076800, 1.320554748610669700, -2.384375000000002600 ) ) ;
#2876 = VERTEX_POINT ( 'NONE', #6188 ) ;
#2877 = EDGE_CURVE ( 'NONE', #4736, #4277, #5250, .T. ) ;
#2878 = EDGE_CURVE ( 'NONE', #840, #369, #4287, .T. ) ;
#2879 = CARTESIAN_POINT ( 'NONE',  ( 0.0000000000000000000, 3.999999999999994200, -0.7437500000000036900 ) ) ;
#2880 = CARTESIAN_POINT ( 'NONE',  ( -1.320554748610672300, -3.188101183952079000, -2.228124999999999000 ) ) ;
#2881 = CARTESIAN_POINT ( 'NONE',  ( -0.5639425617580546800, 4.320865242541008100, 9.799999999999998900 ) ) ;
#2882 = CARTESIAN_POINT ( 'NONE',  ( 0.0000000000000000000, 4.091537844202519000E-015, 4.548750000000001000 ) ) ;
#2883 = PERSON_AND_ORGANIZATION ( #665, #4979 ) ;
#2884 = EDGE_LOOP ( 'NONE', ( #2628, #5052, #3252, #6339, #280 ) ) ;
#2885 = CARTESIAN_POINT ( 'NONE',  ( 2.638471500097059300, -3.007355495026875500, -8.720297446341811900 ) ) ;
#2886 = CARTESIAN_POINT ( 'NONE',  ( 1.656854249492386800, -3.999999999999988000, -7.696874999999997700 ) ) ;
#2887 = CARTESIAN_POINT ( 'NONE',  ( 4.135316469341310300, -3.075908463358184600E-015, -1.134375000000001700 ) ) ;
#2888 = CARTESIAN_POINT ( 'NONE',  ( 1.940665208543290100, 3.920021333287409000, 9.800000000000000700 ) ) ;
#2889 = CARTESIAN_POINT ( 'NONE',  ( 1.320554748610671000, -3.188101183952080300, -0.6656250000000030200 ) ) ;
#2890 = B_SPLINE_CURVE_WITH_KNOTS ( 'NONE', 3,
 ( #3585, #4068, #5559, #1097, #2622, #3515, #5072, #2586, #3057, #5046, #6039, #3119, #2072, #3078, #4513, #78, #4583, #533 ),
 .UNSPECIFIED., .F., .F.,
 ( 4, 2, 2, 2, 2, 2, 2, 2, 4 ),
 ( 0.0005173960266424205200, 0.001239339813128011900, 0.001961283599613603000, 0.002683227386099194100, 0.003405171172584785200, 0.004127114959070375500, 0.004849058745555965800, 0.005571002532041556900, 0.006292946318527147100 ),
 .UNSPECIFIED. ) ;
#2891 = CARTESIAN_POINT ( 'NONE',  ( -3.178567976066149800, 3.971442892753650700, 9.649999999999998600 ) ) ;
#2892 = CIRCLE ( 'NONE', #1811, 6.500000000000001800 ) ;
#2893 = CARTESIAN_POINT ( 'NONE',  ( 2.815890179097976000, 3.403026844916640300, 9.649999999999996800 ) ) ;
#2894 = CARTESIAN_POINT ( 'NONE',  ( 2.040136770273293500, 2.978301911189617200, 9.799999999999998900 ) ) ;
#2895 = CARTESIAN_POINT ( 'NONE',  ( 1.320554748610673900, 3.188101183952072300, 5.896874999999999600 ) ) ;
#2896 = FACE_OUTER_BOUND ( 'NONE', #3318, .T. ) ;
#2897 = CARTESIAN_POINT ( 'NONE',  ( -3.188101183952076800, -1.824454109529418800E-015, -3.556250000000003000 ) ) ;
#2898 = CARTESIAN_POINT ( 'NONE',  ( -4.898587196589407900E-016, -3.999999999999997300, -1.368750000000004100 ) ) ;
#2899 = CARTESIAN_POINT ( 'NONE',  ( 3.188101183952076800, -2.815799860189830400E-015, -1.837499999999998800 ) ) ;
#2900 = CARTESIAN_POINT ( 'NONE',  ( 2.445699681534574000, 4.620214729671714900, 9.650000000000000400 ) ) ;
#2901 = CARTESIAN_POINT ( 'NONE',  ( 2.356848690600517500, 2.288109559420317600, 9.649999999999998600 ) ) ;
#2902 = CARTESIAN_POINT ( 'NONE',  ( 2.283451900660141000, -2.234634385239577400, 4.350000000000006800 ) ) ;
#2903 = CARTESIAN_POINT ( 'NONE',  ( 0.0000000000000000000, 4.135316469341307600, 4.178124999999997900 ) ) ;
#2904 = AXIS2_PLACEMENT_3D ( 'NONE', #919, #876, #6288 ) ;
#2905 = DIRECTION ( 'NONE',  ( 0.0000000000000000000, 1.000000000000000000, 1.224646799147355200E-016 ) ) ;
#2906 = CARTESIAN_POINT ( 'NONE',  ( 2.254327966281374900, 2.254327966281370900, -0.2750000000000026900 ) ) ;
#2907 = CARTESIAN_POINT ( 'NONE',  ( 2.541008833431244600, 2.008364590843163100, 9.649999999999996800 ) ) ;
#2908 = CARTESIAN_POINT ( 'NONE',  ( -0.1311588694561819400, 3.907362383833896200, 9.649999999999998600 ) ) ;
#2909 = CARTESIAN_POINT ( 'NONE',  ( 2.702290970353126800, -5.945385080303062800, 9.564462191985379400 ) ) ;
#2910 = CARTESIAN_POINT ( 'NONE',  ( -2.254327966281374400, -2.254327966281377100, 2.849999999999998300 ) ) ;
#2911 = CARTESIAN_POINT ( 'NONE',  ( 0.0000000000000000000, 3.188101183952073600, 3.475000000000000500 ) ) ;
#2912 = B_SPLINE_SURFACE_WITH_KNOTS ( 'NONE', 3, 1, ( 
 ( #3437, #1384 ),
 ( #4407, #3389 ),
 ( #5889, #1916 ),
 ( #6403, #4385 ),
 ( #4348, #2920 ),
 ( #2405, #5866 ),
 ( #2968, #5936 ),
 ( #6340, #2944 ),
 ( #6381, #3416 ),
 ( #1428, #1941 ),
 ( #2446, #6432 ),
 ( #933, #383 ),
 ( #424, #5353 ),
 ( #3910, #449 ),
 ( #1472, #4843 ),
 ( #3931, #473 ),
 ( #954, #1878 ),
 ( #4928, #400 ),
 ( #1963, #2379 ) ),
 .UNSPECIFIED., .F., .F., .F.,
 ( 4, 1, 1, 1, 1, 1, 1, 1, 1, 1, 1, 1, 1, 1, 1, 1, 4 ),
 ( 2, 2 ),
 ( 0.0000000000000000000, 0.06762478564783756800, 0.1323081681483762600, 0.1944427185326004500, 0.2550897527380088200, 0.3146358290432425500, 0.3729716633013144300, 0.4313311216832996800, 0.4905522299691220100, 0.5495284371550747100, 0.6091882191549942100, 0.6691476079191585000, 0.7306727991879126100, 0.7940519943637939200, 0.8598446477113709200, 0.9282110535493478500, 1.000000000000000000 ),
 ( 0.0000000000000000000, 1.000000000000000000 ),
 .UNSPECIFIED. ) ;
#2913 = CARTESIAN_POINT ( 'NONE',  ( -0.6672583881127942500, 1.990639458113634000, 9.799999999999998900 ) ) ;
#2914 = CARTESIAN_POINT ( 'NONE',  ( -1.320554748610672300, -3.188101183952079000, -2.071875000000002600 ) ) ;
#2915 = CARTESIAN_POINT ( 'NONE',  ( -1.656854249492383500, 3.999999999999991600, -7.071874999999999500 ) ) ;
#2916 = ORIENTED_EDGE ( 'NONE', *, *, #6423, .T. ) ;
#2917 = CARTESIAN_POINT ( 'NONE',  ( -3.188101183952076800, -1.805319003292741800E-015, -3.712499999999999500 ) ) ;
#2918 = CARTESIAN_POINT ( 'NONE',  ( 2.887435974433437900, 3.538371424143786000, 9.649999999999996800 ) ) ;
#2919 = CARTESIAN_POINT ( 'NONE',  ( 2.837452025197684200, 4.486491153694250200, 9.649999999999998600 ) ) ;
#2920 = CARTESIAN_POINT ( 'NONE',  ( 2.130525184775832000, 2.011332460705462600, 9.649999999999996800 ) ) ;
#2921 = DIRECTION ( 'NONE',  ( 0.0000000000000000000, -0.0000000000000000000, 1.000000000000000000 ) ) ;
#2922 = CARTESIAN_POINT ( 'NONE',  ( 1.712904166305993600, -4.135316469341313800, 4.881250000000000500 ) ) ;
#2923 = FACE_OUTER_BOUND ( 'NONE', #6142, .T. ) ;
#2924 = CARTESIAN_POINT ( 'NONE',  ( -3.999999999999995600, -2.157441769947736700E-015, -0.4312500000000033500 ) ) ;
#2925 = CARTESIAN_POINT ( 'NONE',  ( 2.902683653666203100, 3.590296354057289600, 9.649999999999998600 ) ) ;
#2926 = CARTESIAN_POINT ( 'NONE',  ( 0.04906951407697112500, 4.296512960325340900, 9.649999999999996800 ) ) ;
#2927 = CARTESIAN_POINT ( 'NONE',  ( -3.188101183952076800, -2.436777509103096500E-015, 1.443749999999997200 ) ) ;
#2928 = CARTESIAN_POINT ( 'NONE',  ( 1.320554748610671000, -3.188101183952081200, 4.178125000000001400 ) ) ;
#2929 = LINE ( 'NONE', #3868, #1842 ) ;
#2930 = CARTESIAN_POINT ( 'NONE',  ( -0.9366661701000098500, 2.483222533717888100, 9.650000000000002100 ) ) ;
#2931 = CARTESIAN_POINT ( 'NONE',  ( 0.0000000000000000000, 3.999999999999993300, 3.006249999999996100 ) ) ;
#2932 = EDGE_LOOP ( 'NONE', ( #691, #2736, #703, #5747 ) ) ;
#2933 = DIRECTION ( 'NONE',  ( -0.0000000000000000000, -1.319585349029264000E-016, -1.000000000000000000 ) ) ;
#2934 = AXIS2_PLACEMENT_3D ( 'NONE', #835, #3878, #897 ) ;
#2935 =( BOUNDED_CURVE ( )  B_SPLINE_CURVE ( 2, ( #5395, #3418, #2047 ),
 .UNSPECIFIED., .F., .T. ) 
 B_SPLINE_CURVE_WITH_KNOTS ( ( 3, 3 ),
 ( 0.7500000000000000000, 0.7546588692466137400 ),
 .UNSPECIFIED. ) 
 CURVE ( )  GEOMETRIC_REPRESENTATION_ITEM ( )  RATIONAL_B_SPLINE_CURVE ( ( 1.000000000000000000, 0.9546066809573085000, 0.9633526356655857100 ) ) 
 REPRESENTATION_ITEM ( '' )  );
#2936 = CARTESIAN_POINT ( 'NONE',  ( -3.188101183952076800, -1.320554748610673500, -4.728125000000003000 ) ) ;
#2937 = ORIENTED_EDGE ( 'NONE', *, *, #1146, .T. ) ;
#2938 = AXIS2_PLACEMENT_3D ( 'NONE', #5068, #5555, #2093 ) ;
#2939 = CARTESIAN_POINT ( 'NONE',  ( 2.254327966281374900, 2.254327966281371300, -4.181249999999999500 ) ) ;
#2940 = VERTEX_POINT ( 'NONE', #3250 ) ;
#2941 = CARTESIAN_POINT ( 'NONE',  ( 0.0000000000000000000, 3.999999999999994200, 0.3500000000000019200 ) ) ;
#2942 = CARTESIAN_POINT ( 'NONE',  ( -0.2925418322620803000, 4.208268120588431100, 9.799999999999998900 ) ) ;
#2943 = ADVANCED_FACE ( 'NONE', ( #5330 ), #1748, .T. ) ;
#2944 = CARTESIAN_POINT ( 'NONE',  ( 1.951141637630228200, 2.085757595817844000, 9.650000000000000400 ) ) ;
#2945 = ORIENTED_EDGE ( 'NONE', *, *, #5197, .T. ) ;
#2946 = CARTESIAN_POINT ( 'NONE',  ( 3.248695264971073200, 3.595170273284357300, 9.800000000000002500 ) ) ;
#2947 = CARTESIAN_POINT ( 'NONE',  ( -0.9280471427328166300, 4.143317892753651100, 9.649999999999998600 ) ) ;
#2948 = CARTESIAN_POINT ( 'NONE',  ( -2.924110317823652500, -2.924110317823655200, 2.146874999999999600 ) ) ;
#2949 = CARTESIAN_POINT ( 'NONE',  ( -0.02650692201040591100, 2.212326851413037000, 9.649999999999998600 ) ) ;
#2950 = ORIENTED_EDGE ( 'NONE', *, *, #4642, .T. ) ;
#2951 = CARTESIAN_POINT ( 'NONE',  ( 3.188101183952076800, -1.320554748610675500, -3.165624999999999000 ) ) ;
#2952 = CARTESIAN_POINT ( 'NONE',  ( -1.320554748610671700, 3.188101183952075900, -8.790625000000003900 ) ) ;
#2953 = CARTESIAN_POINT ( 'NONE',  ( 3.174779176261427700, 2.664819354788560400, 9.799999999999998900 ) ) ;
#2954 = CARTESIAN_POINT ( 'NONE',  ( 2.153150824729258300, -6.262431291201834500, 9.511546742659387400 ) ) ;
#2955 = CARTESIAN_POINT ( 'NONE',  ( 1.320554748610673900, 3.188101183952072800, 3.553124999999997400 ) ) ;
#2956 = ORIENTED_EDGE ( 'NONE', *, *, #6182, .T. ) ;
#2957 = CARTESIAN_POINT ( 'NONE',  ( 3.188101183952076800, -1.320554748610676600, 3.084375000000000100 ) ) ;
#2958 = CARTESIAN_POINT ( 'NONE',  ( 2.805478667010117300, 2.585058906136271900, 9.649999999999996800 ) ) ;
#2959 = ORIENTED_EDGE ( 'NONE', *, *, #5840, .T. ) ;
#2960 = CARTESIAN_POINT ( 'NONE',  ( 2.590426427396886200, 2.972937923234159700, 9.649999999999998600 ) ) ;
#2961 = CARTESIAN_POINT ( 'NONE',  ( 3.188101183952076800, -2.681854116533088500E-015, -2.931250000000002600 ) ) ;
#2962 = CARTESIAN_POINT ( 'NONE',  ( 3.018802304560140200, 4.322349774308224600, 9.649999999999996800 ) ) ;
#2963 = FACE_OUTER_BOUND ( 'NONE', #6280, .T. ) ;
#2964 = CARTESIAN_POINT ( 'NONE',  ( 1.760910755600690900, 4.323384975076524300, 9.799999999999997200 ) ) ;
#2965 = CARTESIAN_POINT ( 'NONE',  ( 3.188101183952076800, -1.320554748610676100, 0.5843750000000015300 ) ) ;
#2966 = CARTESIAN_POINT ( 'NONE',  ( 1.320554748610673900, 3.188101183952074100, -7.853124999999998600 ) ) ;
#2967 = CARTESIAN_POINT ( 'NONE',  ( -0.6013272792911856800, 4.621088185467664600, 9.649999999999998600 ) ) ;
#2968 = CARTESIAN_POINT ( 'NONE',  ( 2.007215271734947800, 2.054980380889278800, 9.800000000000000700 ) ) ;
#2969 = VECTOR ( 'NONE', #634, 1000.000000000000000 ) ;
#2970 = CARTESIAN_POINT ( 'NONE',  ( 1.656854249492372400, 4.000000000000002700, -0.9781249999999972500 ) ) ;
#2971 = DIRECTION ( 'NONE',  ( 0.0000000000000000000, 1.000000000000000000, 0.0000000000000000000 ) ) ;
#2972 = CARTESIAN_POINT ( 'NONE',  ( -2.924110317823652500, -2.924110317823655200, 3.396874999999998800 ) ) ;
#2973 = CARTESIAN_POINT ( 'NONE',  ( -0.1608643282376561500, 2.097165185455770700, 9.650000000000000400 ) ) ;
#2974 = CARTESIAN_POINT ( 'NONE',  ( 3.188101183952076800, 1.320554748610670300, -3.009374999999999000 ) ) ;
#2975 = CARTESIAN_POINT ( 'NONE',  ( -0.5016120939925123900, -3.148392362186944700, -9.524398816047915200 ) ) ;
#2976 = DIRECTION ( 'NONE',  ( 0.0000000000000000000, 1.000000000000000000, 1.334402673828312800E-016 ) ) ;
#2977 = CARTESIAN_POINT ( 'NONE',  ( 2.887435974433437900, 3.538371424143786000, 9.799999999999997200 ) ) ;
#2978 = CARTESIAN_POINT ( 'NONE',  ( -1.320554748610672300, -3.188101183952079900, 2.771874999999999600 ) ) ;
#2979 = EDGE_CURVE ( 'NONE', #5055, #3376, #3152, .T. ) ;
#2980 = APPROVAL_STATUS ( 'not_yet_approved' ) ;
#2981 = CARTESIAN_POINT ( 'NONE',  ( -3.999999999999996400, -1.656854249492381200, 3.240625000000003200 ) ) ;
#2982 = CARTESIAN_POINT ( 'NONE',  ( 1.998468365904986700, 3.443068799530058400, 9.650000000000002100 ) ) ;
#2983 = CARTESIAN_POINT ( 'NONE',  ( -2.254327966281374000, 2.254327966281371800, 0.03749999999999760500 ) ) ;
#2984 = B_SPLINE_CURVE_WITH_KNOTS ( 'NONE', 3,
 ( #3193, #911, #2900, #6361, #3386, #3363, #3324, #3867, #1364, #2919, #886, #2404, #4802, #749, #867, #1877, #4365, #4824, #1894, #1427, #1407, #5352, #4863, #5372, #4231, #5865, #3842 ),
 .UNSPECIFIED., .F., .F.,
 ( 4, 1, 1, 1, 1, 1, 1, 1, 1, 1, 1, 1, 1, 1, 1, 1, 1, 1, 1, 1, 1, 1, 1, 1, 4 ),
 ( 0.0000000000000000000, 0.03544538949616664300, 0.07045358250693638200, 0.1052529733592782600, 0.1396202873796458500, 0.1738994628159915000, 0.2080902724615232300, 0.2428936145722301600, 0.2783596885194946600, 0.3139792261873727800, 0.3494142689302005600, 0.3849565127543644900, 0.4207877487729609900, 0.4571837906976040100, 0.4942227344797053300, 0.5321603524835137900, 0.5711760767242247700, 0.6122833097223355800, 0.6564521756913080900, 0.7042686074447028800, 0.7558871094232351200, 0.8110927434095507300, 0.8700305538182689900, 0.9330805262405607000, 0.9999999999999998900 ),
 .UNSPECIFIED. ) ;
#2985 =( BOUNDED_CURVE ( )  B_SPLINE_CURVE ( 2, ( #6056, #1662, #2745, #1185, #2179, #3689, #3156, #5214, #4666 ),
 .UNSPECIFIED., .F., .F. ) 
 B_SPLINE_CURVE_WITH_KNOTS ( ( 3, 2, 2, 2, 3 ),
 ( 0.4375000000000000600, 0.4453125000000000600, 0.4531250000000000600, 0.4609375000000000600, 0.4687500000000000600 ),
 .UNSPECIFIED. ) 
 CURVE ( )  GEOMETRIC_REPRESENTATION_ITEM ( )  RATIONAL_B_SPLINE_CURVE ( ( 0.9999999999999994400, 0.9238795325112872900, 1.000000000000000000, 0.9238795325112867400, 1.000000000000000000, 0.9238795325112867400, 1.000000000000000000, 0.9238795325112861800, 1.000000000000000400 ) ) 
 REPRESENTATION_ITEM ( '' )  );
#2986 = CARTESIAN_POINT ( 'NONE',  ( 1.600736807536581300, 3.942372181543231300, 9.799999999999998900 ) ) ;
#2987 = CARTESIAN_POINT ( 'NONE',  ( 2.254327966281374900, 2.254327966281370900, 0.8187500000000000900 ) ) ;
#2988 = CARTESIAN_POINT ( 'NONE',  ( 3.188101183952076800, -2.356557310509572500E-015, -5.587499999999999500 ) ) ;
#2989 = B_SPLINE_SURFACE_WITH_KNOTS ( 'NONE', 3, 1, ( 
 ( #816, #3290 ),
 ( #1358, #6268 ),
 ( #2275, #4298 ),
 ( #800, #1318 ),
 ( #6232, #271 ),
 ( #4261, #836 ),
 ( #4816, #4759 ),
 ( #312, #6291 ),
 ( #3312, #782 ),
 ( #1341, #3815 ),
 ( #1787, #1840 ),
 ( #5305, #4791 ),
 ( #2846, #5264 ),
 ( #330, #351 ),
 ( #2329, #2293 ),
 ( #5796, #1807 ),
 ( #4316, #5323 ),
 ( #5763, #2792 ),
 ( #6308, #5285 ) ),
 .UNSPECIFIED., .F., .F., .F.,
 ( 4, 1, 1, 1, 1, 1, 1, 1, 1, 1, 1, 1, 1, 1, 1, 1, 4 ),
 ( 2, 2 ),
 ( 0.0000000000000000000, 0.04078184587225976800, 0.08086958872158675500, 0.1202681657882672000, 0.1601868504553521100, 0.2004597376386390600, 0.2422651778979080000, 0.2864592615494684400, 0.3329520837492631100, 0.3844305340495299800, 0.4433891253601057200, 0.5116814722136832100, 0.5890200255490081200, 0.6762451906507718200, 0.7737051914728235700, 0.8815677677819828700, 0.9999999999999998900 ),
 ( 0.0000000000000000000, 1.000000000000000000 ),
 .UNSPECIFIED. ) ;
#2990 = CARTESIAN_POINT ( 'NONE',  ( 1.707164473985763400, 3.275310056556665300, 9.650000000000005700 ) ) ;
#2991 = CARTESIAN_POINT ( 'NONE',  ( 0.0000000000000000000, -2.546799723626479500E-015, -9.649999999999998600 ) ) ;
#2992 = DIRECTION ( 'NONE',  ( -0.0000000000000000000, -1.319585349029264000E-016, -1.000000000000000000 ) ) ;
#2993 = CARTESIAN_POINT ( 'NONE',  ( 2.924110317823652900, 2.924110317823648900, 1.521874999999999000 ) ) ;
#2994 = CARTESIAN_POINT ( 'NONE',  ( -1.078567976066150200, 3.304776226086985100, 9.800000000000000700 ) ) ;
#2995 = DIRECTION ( 'NONE',  ( 0.0000000000000000000, 1.224646799147355200E-016, -1.000000000000000000 ) ) ;
#2996 = CARTESIAN_POINT ( 'NONE',  ( 2.254327966281374900, 2.254327966281371300, -1.681249999999998800 ) ) ;
#2997 = CARTESIAN_POINT ( 'NONE',  ( 1.621432023933850900, 2.654776226086984300, 9.799999999999998900 ) ) ;
#2998 = CARTESIAN_POINT ( 'NONE',  ( 2.427682023933850800, 3.221442892753651600, 9.649999999999998600 ) ) ;
#2999 = CARTESIAN_POINT ( 'NONE',  ( 3.254071600633902800, 3.255762487955023800, 9.649999999999996800 ) ) ;
#3000 = CARTESIAN_POINT ( 'NONE',  ( -0.3831342222854398600, 2.336180345763926500, 9.649999999999998600 ) ) ;
#3001 = CARTESIAN_POINT ( 'NONE',  ( -1.656854249492370400, -4.000000000000007100, -7.853124999999997700 ) ) ;
#3002 = ORIENTED_EDGE ( 'NONE', *, *, #1124, .F. ) ;
#3003 = CARTESIAN_POINT ( 'NONE',  ( -0.5107063394994441100, 1.989143433789017000, 9.800000000000000700 ) ) ;
#3004 = DIRECTION ( 'NONE',  ( 0.0000000000000000000, 0.0000000000000000000, 1.000000000000000000 ) ) ;
#3005 = CARTESIAN_POINT ( 'NONE',  ( -1.044571530897580500, 2.128334886408231400, 9.799999999999998900 ) ) ;
#3006 = CARTESIAN_POINT ( 'NONE',  ( 2.814089335506492400, 3.122407697324078000, 9.799999999999995400 ) ) ;
#3007 = EDGE_CURVE ( 'NONE', #4870, #2336, #4959, .T. ) ;
#3008 = EDGE_CURVE ( 'NONE', #4736, #4797, #5186, .T. ) ;
#3009 = CARTESIAN_POINT ( 'NONE',  ( -3.188101183952076800, -2.436777509103096500E-015, 1.443749999999997200 ) ) ;
#3010 = VECTOR ( 'NONE', #2176, 1000.000000000000000 ) ;
#3011 = CARTESIAN_POINT ( 'NONE',  ( 2.384973690600517700, 4.621442892753652400, 9.800000000000000700 ) ) ;
#3012 = ADVANCED_FACE ( 'NONE', ( #2923 ), #3773, .T. ) ;
#3013 = CARTESIAN_POINT ( 'NONE',  ( 3.188101183952076800, -3.581204109656927500E-015, 4.412500000000001400 ) ) ;
#3014 = CARTESIAN_POINT ( 'NONE',  ( -2.254327966281374000, 2.254327966281373100, -8.868750000000000400 ) ) ;
#3015 = CARTESIAN_POINT ( 'NONE',  ( -0.4756748565354869100, 4.310102985771689700, 9.799999999999998900 ) ) ;
#3016 = FACE_OUTER_BOUND ( 'NONE', #4381, .T. ) ;
#3017 = ADVANCED_FACE ( 'NONE', ( #4010 ), #2826, .T. ) ;
#3018 = CARTESIAN_POINT ( 'NONE',  ( 1.975599284665767300, 3.010623519905364400, 9.650000000000002100 ) ) ;
#3019 = CARTESIAN_POINT ( 'NONE',  ( -1.044525417443162600, 2.789085277309867500, 9.799999999999998900 ) ) ;
#3020 = CARTESIAN_POINT ( 'NONE',  ( -6.500000000000000000, -3.141603061993205600, 9.173705279319524000 ) ) ;
#3021 = CARTESIAN_POINT ( 'NONE',  ( 2.924110317823652900, 2.924110317823648100, 7.771874999999997900 ) ) ;
#3022 = CARTESIAN_POINT ( 'NONE',  ( 2.094019312039336900, 3.331393274888202200, 9.800000000000000700 ) ) ;
#3023 = CARTESIAN_POINT ( 'NONE',  ( -1.656854249492361500, -4.000000000000016900, 2.146875000000002800 ) ) ;
#3024 = CARTESIAN_POINT ( 'NONE',  ( -2.254327966281374400, -2.254327966281376700, 1.443750000000000500 ) ) ;
#3025 = CARTESIAN_POINT ( 'NONE',  ( 3.188101183952076800, -2.069530716959410800E-015, -7.931250000000002100 ) ) ;
#3026 = CARTESIAN_POINT ( 'NONE',  ( 4.067658234670651600, -1.684879207899190100, -7.501562499999999500 ) ) ;
#3027 = FACE_OUTER_BOUND ( 'NONE', #5946, .T. ) ;
#3028 = CARTESIAN_POINT ( 'NONE',  ( -0.5272103830699740300, 2.290070255030793900, 9.649999999999998600 ) ) ;
#3029 = ORIENTED_EDGE ( 'NONE', *, *, #6105, .T. ) ;
#3030 = DIRECTION ( 'NONE',  ( -0.0000000000000000000, -0.0000000000000000000, -1.000000000000000000 ) ) ;
#3031 = CARTESIAN_POINT ( 'NONE',  ( -0.9280471427328166300, 4.143317892753651100, 9.649999999999998600 ) ) ;
#3032 = VERTEX_POINT ( 'NONE', #3303 ) ;
#3033 = CARTESIAN_POINT ( 'NONE',  ( 3.999999999999831700, 1.656854249492541600, -8.634374999999989700 ) ) ;
#3034 = CARTESIAN_POINT ( 'NONE',  ( 2.905362552662857500, 3.236623566632597100, 9.649999999999998600 ) ) ;
#3035 = ORIENTED_EDGE ( 'NONE', *, *, #4970, .F. ) ;
#3036 = B_SPLINE_CURVE_WITH_KNOTS ( 'NONE', 3,
 ( #5076, #1513, #1533, #563, #2100, #5001, #537, #4017, #205, #4673, #5175, #1646, #1701, #4608, #6125, #3162, #5158, #5093, #2646 ),
 .UNSPECIFIED., .F., .F.,
 ( 4, 1, 1, 1, 1, 1, 1, 1, 1, 1, 1, 1, 1, 1, 1, 1, 4 ),
 ( 0.0000000000000000000, 0.06294783337046601400, 0.1240073932421856400, 0.1828325785834111200, 0.2410049308077483500, 0.2991186928244090600, 0.3574142003728438300, 0.4169904790409262300, 0.4783897168137063400, 0.5401151457933960300, 0.6018986419815819400, 0.6640380584985061700, 0.7271991544788911600, 0.7916110866596690600, 0.8581991996602680300, 0.9275026400889442300, 1.000000000000000000 ),
 .UNSPECIFIED. ) ;
#3037 = CARTESIAN_POINT ( 'NONE',  ( 2.254327966281374900, 2.254327966281370400, 3.474999999999997000 ) ) ;
#3038 = ORIENTED_EDGE ( 'NONE', *, *, #2007, .T. ) ;
#3039 = CARTESIAN_POINT ( 'NONE',  ( 2.445699681534574000, 4.620214729671714900, 9.800000000000000700 ) ) ;
#3040 =( BOUNDED_CURVE ( )  B_SPLINE_CURVE ( 2, ( #1040, #49, #3074, #5554, #3538, #1613, #113, #4509, #1550 ),
 .UNSPECIFIED., .F., .F. ) 
 B_SPLINE_CURVE_WITH_KNOTS ( ( 3, 2, 2, 2, 3 ),
 ( 0.5937500000000001100, 0.6015625000000001100, 0.6093750000000000000, 0.6171875000000000000, 0.6250000000000000000 ),
 .UNSPECIFIED. ) 
 CURVE ( )  GEOMETRIC_REPRESENTATION_ITEM ( )  RATIONAL_B_SPLINE_CURVE ( ( 0.9999999999999988900, 0.9238795325112878500, 1.000000000000000000, 0.9238795325112867400, 1.000000000000000000, 0.9238795325112867400, 1.000000000000000000, 0.9238795325112867400, 1.000000000000000000 ) ) 
 REPRESENTATION_ITEM ( '' )  );
#3041 = B_SPLINE_CURVE_WITH_KNOTS ( 'NONE', 3,
 ( #4796, #1810, #323, #2320, #5277, #1780, #6320, #4753, #2287, #2300, #5757, #2786, #6243, #3271, #3764, #794, #4275, #1310, #4767 ),
 .UNSPECIFIED., .F., .F.,
 ( 4, 1, 1, 1, 1, 1, 1, 1, 1, 1, 1, 1, 1, 1, 1, 1, 4 ),
 ( 0.0000000000000000000, 0.05611214696962130800, 0.1104374040801052000, 0.1634314137031978900, 0.2166313087930942200, 0.2692505455029011200, 0.3203026126168414500, 0.3701706051678959600, 0.4205163182290520600, 0.4748883932655864600, 0.5359191975876429500, 0.6038803914573036600, 0.6792765666077068600, 0.7587201449561078400, 0.8381696543641573600, 0.9187860862718692000, 1.000000000000000000 ),
 .UNSPECIFIED. ) ;
#3042 = AXIS2_PLACEMENT_3D ( 'NONE', #5375, #3892, #4386 ) ;
#3043 = EDGE_LOOP ( 'NONE', ( #56, #521, #4118, #2189, #355 ) ) ;
#3044 = CARTESIAN_POINT ( 'NONE',  ( -3.904297910284797800E-016, -3.188101183952079400, 0.3500000000000013700 ) ) ;
#3045 = CARTESIAN_POINT ( 'NONE',  ( -2.254327966281374400, -2.254327966281375800, -6.056249999999999500 ) ) ;
#3046 = ORIENTED_EDGE ( 'NONE', *, *, #5109, .T. ) ;
#3047 = B_SPLINE_SURFACE_WITH_KNOTS ( 'NONE', 3, 1, ( 
 ( #4453, #5412 ),
 ( #4502, #5466 ),
 ( #2043, #5911 ),
 ( #3928, #2472 ),
 ( #6431, #472 ),
 ( #1572, #3090 ),
 ( #549, #6029 ),
 ( #4549, #4530 ),
 ( #4124, #5124 ),
 ( #2631, #6094 ),
 ( #2618, #3070 ),
 ( #4615, #4597 ),
 ( #3617, #1152 ),
 ( #642, #3555 ),
 ( #5083, #4100 ),
 ( #1655, #2111 ),
 ( #5035, #4058 ),
 ( #5570, #3134 ),
 ( #2154, #92 ) ),
 .UNSPECIFIED., .F., .F., .F.,
 ( 4, 1, 1, 1, 1, 1, 1, 1, 1, 1, 1, 1, 1, 1, 1, 1, 4 ),
 ( 2, 2 ),
 ( 0.0000000000000000000, 0.1184055081537694500, 0.2266543328167017200, 0.3240923419286017600, 0.4117048030053216400, 0.4890259050064156300, 0.5569093973430758700, 0.6162333444927070600, 0.6673492812770747100, 0.7135123932013472900, 0.7576965045209780300, 0.7994925114422909400, 0.8399760647439391500, 0.8798857418167759200, 0.9191486593857416400, 0.9592273564930828800, 1.000000000000000000 ),
 ( 0.0000000000000000000, 1.000000000000000000 ),
 .UNSPECIFIED. ) ;
#3048 = CARTESIAN_POINT ( 'NONE',  ( 1.855729410253411200, 3.097264801917261100, 9.650000000000000400 ) ) ;
#3049 = CARTESIAN_POINT ( 'NONE',  ( -2.828427124746187600, -2.828427124746189000, -2.775000000000003500 ) ) ;
#3050 = CARTESIAN_POINT ( 'NONE',  ( -3.578876695457806200, -1.114528724301953700, -8.971888184436798100 ) ) ;
#3051 = CARTESIAN_POINT ( 'NONE',  ( -1.410907719773831300, 3.413664660316769100, 9.650000000000000400 ) ) ;
#3052 = CARTESIAN_POINT ( 'NONE',  ( 2.427682023933850800, 3.221442892753651600, 9.799999999999998900 ) ) ;
#3053 = CARTESIAN_POINT ( 'NONE',  ( 2.045519235100962800, 2.437559583530480200, 9.800000000000000700 ) ) ;
#3054 = CARTESIAN_POINT ( 'NONE',  ( 0.2547653572671834700, 3.303734559420318000, 9.799999999999998900 ) ) ;
#3055 = CARTESIAN_POINT ( 'NONE',  ( -2.254327966281374000, 2.254327966281372700, -4.962500000000002100 ) ) ;
#3056 = CARTESIAN_POINT ( 'NONE',  ( 2.384973690600517700, 4.621442892753650600, 9.649999999999998600 ) ) ;
#3057 = CARTESIAN_POINT ( 'NONE',  ( 2.491999130543701500, -2.633641639607955400, -9.094634396797523800 ) ) ;
#3058 = LINE ( 'NONE', #3557, #5992 ) ;
#3059 = CARTESIAN_POINT ( 'NONE',  ( -3.904297910284797800E-016, -3.188101183952079400, 1.756249999999997400 ) ) ;
#3060 = ADVANCED_FACE ( 'NONE', ( #194 ), #872, .T. ) ;
#3061 = CARTESIAN_POINT ( 'NONE',  ( -0.02650692201040591100, 2.212326851413037000, 9.799999999999998900 ) ) ;
#3062 = CARTESIAN_POINT ( 'NONE',  ( 2.747307009880714600, 3.331356441547827200, 9.799999999999998900 ) ) ;
#3063 = DIRECTION ( 'NONE',  ( 0.0000000000000000000, 1.000000000000000000, 0.0000000000000000000 ) ) ;
#3064 = ADVANCED_FACE ( 'NONE', ( #2779 ), #3924, .T. ) ;
#3065 = LINE ( 'NONE', #5263, #5369 ) ;
#3066 = CARTESIAN_POINT ( 'NONE',  ( -2.254327966281374000, 2.254327966281371300, 2.537499999999997900 ) ) ;
#3067 = CARTESIAN_POINT ( 'NONE',  ( 3.196139409189238600, 3.958664424771078500, 9.649999999999998600 ) ) ;
#3068 = CARTESIAN_POINT ( 'NONE',  ( -3.188101183952076800, -2.570723252759839200E-015, 2.537500000000001400 ) ) ;
#3069 = DIRECTION ( 'NONE',  ( 0.0000000000000000000, 1.000000000000000000, -2.168404344971010800E-016 ) ) ;
#3070 = CARTESIAN_POINT ( 'NONE',  ( -0.8985210078579601900, 2.437103198361859800, 9.650000000000000400 ) ) ;
#3071 = DIRECTION ( 'NONE',  ( 0.0000000000000000000, 1.000000000000000000, 0.0000000000000000000 ) ) ;
#3072 = CARTESIAN_POINT ( 'NONE',  ( -3.505949450219187900, -1.350139472217756900, -8.963383276940886500 ) ) ;
#3073 = CARTESIAN_POINT ( 'NONE',  ( -4.135316469341310300, -3.211154422030795500E-015, 8.240624999999997900 ) ) ;
#3074 = CARTESIAN_POINT ( 'NONE',  ( 2.828427124746187200, -2.828427124746190300, 1.287499999999996500 ) ) ;
#3075 = CARTESIAN_POINT ( 'NONE',  ( 2.211212811212222500, 2.310061762136490500, 9.649999999999998600 ) ) ;
#3076 = CARTESIAN_POINT ( 'NONE',  ( -3.188101183952076800, -2.417642402866419500E-015, 1.287500000000000500 ) ) ;
#3077 = CARTESIAN_POINT ( 'NONE',  ( -1.320554748610671700, 3.188101183952075400, -7.540625000000002100 ) ) ;
#3078 = CARTESIAN_POINT ( 'NONE',  ( 3.688560977654801800, -1.156489123283102700, -8.854162143450603000 ) ) ;
#3079 = CARTESIAN_POINT ( 'NONE',  ( -3.188101183952076800, -1.320554748610674100, 0.2718749999999978100 ) ) ;
#3080 = CARTESIAN_POINT ( 'NONE',  ( 2.828427124746485600, -2.828427124745894500, -8.712499999999987900 ) ) ;
#3081 = EDGE_CURVE ( 'NONE', #4266, #6189, #1541, .T. ) ;
#3082 = B_SPLINE_SURFACE_WITH_KNOTS ( 'NONE', 3, 1, ( 
 ( #451, #2947 ),
 ( #1503, #3871 ),
 ( #1430, #4957 ),
 ( #2477, #426 ),
 ( #5956, #4433 ),
 ( #1918, #3933 ),
 ( #1990, #4410 ),
 ( #956, #6405 ),
 ( #1475, #1965 ),
 ( #5443, #5938 ),
 ( #402, #4908 ) ),
 .UNSPECIFIED., .F., .F., .F.,
 ( 4, 1, 1, 1, 1, 1, 1, 1, 4 ),
 ( 2, 2 ),
 ( 0.0000000000000000000, 0.08388811327954541500, 0.1771540327539698800, 0.2825136355617227600, 0.3993998606601627000, 0.5294908061912199100, 0.6728021776758326100, 0.8295357616196698000, 0.9999999999999998900 ),
 ( 0.0000000000000000000, 1.000000000000000000 ),
 .UNSPECIFIED. ) ;
#3083 = DIRECTION ( 'NONE',  ( 0.0000000000000000000, -0.0000000000000000000, 1.000000000000000000 ) ) ;
#3084 = CARTESIAN_POINT ( 'NONE',  ( -3.188101183952076800, 1.320554748610669700, 1.365624999999997000 ) ) ;
#3085 = DIRECTION ( 'NONE',  ( 0.8660254037844386000, 0.4999999999999999400, 0.0000000000000000000 ) ) ;
#3086 = ADVANCED_FACE ( 'NONE', ( #273 ), #3082, .T. ) ;
#3087 = AXIS2_PLACEMENT_3D ( 'NONE', #5790, #5278, #3807 ) ;
#3088 = CARTESIAN_POINT ( 'NONE',  ( 3.188101183952076800, 1.320554748610669500, 6.990625000000001400 ) ) ;
#3089 = CARTESIAN_POINT ( 'NONE',  ( -4.067658234670652500, 1.684879207899183400, 6.873437499999999600 ) ) ;
#3090 = CARTESIAN_POINT ( 'NONE',  ( -1.044525417443162600, 2.789085277309867500, 9.650000000000000400 ) ) ;
#3091 = ADVANCED_FACE ( 'NONE', ( #1623 ), #2632, .T. ) ;
#3092 = DIRECTION ( 'NONE',  ( 0.0000000000000000000, 0.0000000000000000000, 1.000000000000000000 ) ) ;
#3093 = CARTESIAN_POINT ( 'NONE',  ( -1.411901309399483700, 3.303734559420318000, 9.799999999999998900 ) ) ;
#3094 = CARTESIAN_POINT ( 'NONE',  ( 1.441887656530106200, -2.843404499022742700, 4.350000000000003200 ) ) ;
#3095 = CARTESIAN_POINT ( 'NONE',  ( -2.828427124746187600, -2.828427124746189000, -5.275000000000003900 ) ) ;
#3096 = CARTESIAN_POINT ( 'NONE',  ( 2.281591826864696900, 2.290697881281537300, 9.800000000000000700 ) ) ;
#3097 = ORIENTED_EDGE ( 'NONE', *, *, #1234, .F. ) ;
#3098 = CARTESIAN_POINT ( 'NONE',  ( 0.0000000000000000000, 3.188101183952073600, 2.225000000000001400 ) ) ;
#3099 = CARTESIAN_POINT ( 'NONE',  ( 1.320554748610673900, 3.188101183952074100, -5.196875000000004800 ) ) ;
#3100 = CARTESIAN_POINT ( 'NONE',  ( -1.320554748610671700, 3.188101183952073600, 2.459374999999998300 ) ) ;
#3101 = CARTESIAN_POINT ( 'NONE',  ( -3.249999999999999600, -5.629165124598849000, 4.548750000000000100 ) ) ;
#3102 = LINE ( 'NONE', #4617, #3010 ) ;
#3103 = CARTESIAN_POINT ( 'NONE',  ( -4.135316469341311100, -1.712904166305995000, -10.43125000000000200 ) ) ;
#3104 = CARTESIAN_POINT ( 'NONE',  ( -2.254327966281374000, 2.254327966281371300, 3.787499999999997400 ) ) ;
#3105 = CARTESIAN_POINT ( 'NONE',  ( 6.500000000000001800, -3.752776749732566600, -15.50782801147530800 ) ) ;
#3106 = VECTOR ( 'NONE', #2146, 1000.000000000000000 ) ;
#3107 = ORIENTED_EDGE ( 'NONE', *, *, #3453, .T. ) ;
#3108 = CARTESIAN_POINT ( 'NONE',  ( 3.188101183952076800, -3.734284959550346400E-015, 5.662500000000000500 ) ) ;
#3109 = CARTESIAN_POINT ( 'NONE',  ( -1.684879207899186500, -4.067658234670655100, 7.185937499999999600 ) ) ;
#3110 = CARTESIAN_POINT ( 'NONE',  ( -3.027055823736852300, 3.732933382719060100, 9.799999999999997200 ) ) ;
#3111 = VERTEX_POINT ( 'NONE', #5417 ) ;
#3112 = CARTESIAN_POINT ( 'NONE',  ( -1.399704787346716600, 3.621266290953129000, 9.799999999999995400 ) ) ;
#3113 = CARTESIAN_POINT ( 'NONE',  ( 3.999999999999995600, -1.656854249492383000, -3.634375000000004400 ) ) ;
#3114 = CARTESIAN_POINT ( 'NONE',  ( -3.999999999999996400, -1.656854249492380600, -3.009374999999999000 ) ) ;
#3115 = CARTESIAN_POINT ( 'NONE',  ( 6.500000000000001800, 2.531113748696177000, 9.318312291618813200 ) ) ;
#3116 = ORIENTED_EDGE ( 'NONE', *, *, #1664, .T. ) ;
#3117 = CARTESIAN_POINT ( 'NONE',  ( -3.188101183952076800, -1.320554748610674300, 1.365625000000000500 ) ) ;
#3118 = CARTESIAN_POINT ( 'NONE',  ( 2.356988152009696200, 4.620757503314050200, 9.650000000000000400 ) ) ;
#3119 = CARTESIAN_POINT ( 'NONE',  ( 3.328887184697483000, -1.780757541267087700, -8.944702107670423200 ) ) ;
#3120 = CARTESIAN_POINT ( 'NONE',  ( -3.188101183952076800, -1.320554748610674600, 4.021874999999997900 ) ) ;
#3121 = ADVANCED_FACE ( 'NONE', ( #5408 ), #5266, .T. ) ;
#3122 = VERTEX_POINT ( 'NONE', #5469 ) ;
#3123 = CARTESIAN_POINT ( 'NONE',  ( 2.279164932448338700, 4.299353674836678100, 9.799999999999998900 ) ) ;
#3124 = EDGE_CURVE ( 'NONE', #1403, #3544, #2040, .T. ) ;
#3125 = CARTESIAN_POINT ( 'NONE',  ( 1.320554748610673900, 3.188101183952074500, -8.946875000000003900 ) ) ;
#3126 = CARTESIAN_POINT ( 'NONE',  ( 4.135316469341310300, -1.712904166305997600, -9.962500000000000400 ) ) ;
#3127 = ORIENTED_EDGE ( 'NONE', *, *, #998, .F. ) ;
#3128 = ORIENTED_EDGE ( 'NONE', *, *, #863, .F. ) ;
#3129 = CARTESIAN_POINT ( 'NONE',  ( 2.254327966281374000, -2.254327966281378400, 8.162499999999996100 ) ) ;
#3130 = CARTESIAN_POINT ( 'NONE',  ( -4.898587196589407900E-016, -3.999999999999997300, -5.274999999999997700 ) ) ;
#3131 = ORIENTED_EDGE ( 'NONE', *, *, #4143, .F. ) ;
#3132 = CARTESIAN_POINT ( 'NONE',  ( 1.320554748610671000, -3.188101183952081200, 5.428125000000002300 ) ) ;
#3133 = CARTESIAN_POINT ( 'NONE',  ( 4.067658234670651600, 1.684879207899184100, 6.404687499999998800 ) ) ;
#3134 = CARTESIAN_POINT ( 'NONE',  ( -0.5957891626181164300, 2.288752798779801100, 9.650000000000002100 ) ) ;
#3135 = VECTOR ( 'NONE', #6162, 1000.000000000000000 ) ;
#3136 = CARTESIAN_POINT ( 'NONE',  ( 1.656854249492381500, 3.999999999999993300, -7.071875000000004800 ) ) ;
#3137 = PRODUCT ( '90854A153_Zinc Yellow-Chromate Plated Steel Hex Head Screw', '90854A153_Zinc Yellow-Chromate Plated Steel Hex Head Screw', '', ( #6021 ) ) ;
#3138 = CARTESIAN_POINT ( 'NONE',  ( 1.707164473985763400, 3.275310056556665300, 9.650000000000000400 ) ) ;
#3139 = CARTESIAN_POINT ( 'NONE',  ( -0.3831342222854398600, 2.336180345763926500, 9.799999999999998900 ) ) ;
#3140 = CARTESIAN_POINT ( 'NONE',  ( 2.025220071415393600, 2.470747192236839600, 9.649999999999998600 ) ) ;
#3141 = CARTESIAN_POINT ( 'NONE',  ( 3.188880760479601200, -0.7750604560308799200, -9.435507974892511000 ) ) ;
#3142 = CARTESIAN_POINT ( 'NONE',  ( -2.876268721284919400, 2.876268721284917600, -3.204687499999999000 ) ) ;
#3143 = CARTESIAN_POINT ( 'NONE',  ( 3.188101183952076800, -3.141096666213346900E-015, 0.8187499999999983100 ) ) ;
#3144 = EDGE_CURVE ( 'NONE', #5760, #3485, #1304, .T. ) ;
#3145 = LINE ( 'NONE', #5463, #5000 ) ;
#3146 = CARTESIAN_POINT ( 'NONE',  ( 3.188101183952076800, -1.320554748610675200, -8.009375000000002100 ) ) ;
#3147 = EDGE_CURVE ( 'NONE', #3326, #5791, #6408, .T. ) ;
#3148 = CARTESIAN_POINT ( 'NONE',  ( -2.254327966281374000, 2.254327966281370900, 8.631249999999999600 ) ) ;
#3149 = CARTESIAN_POINT ( 'NONE',  ( 3.188101183952076800, 1.320554748610669500, 8.396874999999997900 ) ) ;
#3150 = CARTESIAN_POINT ( 'NONE',  ( 3.188101183952076800, -1.320554748610674800, -9.415624999999998600 ) ) ;
#3151 = CARTESIAN_POINT ( 'NONE',  ( 4.067658234670651600, -1.684879207899191900, 3.748437499999999600 ) ) ;
#3152 =( BOUNDED_CURVE ( )  B_SPLINE_CURVE ( 2, ( #3696, #2247, #6209, #367, #1354, #3765, #795, #1802, #4827 ),
 .UNSPECIFIED., .F., .F. ) 
 B_SPLINE_CURVE_WITH_KNOTS ( ( 3, 2, 2, 2, 3 ),
 ( 0.5000000000000000000, 0.5078125000000000000, 0.5156250000000000000, 0.5234375000000001100, 0.5312500000000001100 ),
 .UNSPECIFIED. ) 
 CURVE ( )  GEOMETRIC_REPRESENTATION_ITEM ( )  RATIONAL_B_SPLINE_CURVE ( ( 1.000000000000000000, 0.9238795325112867400, 1.000000000000000000, 0.9238795325112867400, 1.000000000000000000, 0.9238795325112867400, 1.000000000000000000, 0.9238795325112856300, 1.000000000000001100 ) ) 
 REPRESENTATION_ITEM ( '' )  );
#3153 = CARTESIAN_POINT ( 'NONE',  ( 2.427218767517648400, 2.657076132137163900, 4.350000000000005900 ) ) ;
#3154 = CARTESIAN_POINT ( 'NONE',  ( -2.273025944160486300, 2.791202358290347400, -9.121057632214380800 ) ) ;
#3155 = CARTESIAN_POINT ( 'NONE',  ( -3.999999999999996400, 1.656854249492375900, 3.240624999999996500 ) ) ;
#3156 = CARTESIAN_POINT ( 'NONE',  ( -2.828427124746187600, -2.828427124746189400, -0.4312499999999988600 ) ) ;
#3157 = CARTESIAN_POINT ( 'NONE',  ( 1.921432023933850900, 3.740713726086984700, 9.649999999999998600 ) ) ;
#3158 = CARTESIAN_POINT ( 'NONE',  ( 2.302011599801915500, 4.619411081190119000, 9.800000000000000700 ) ) ;
#3159 = CARTESIAN_POINT ( 'NONE',  ( -4.067658234670652500, -1.832785868457121300E-015, -3.048437499999999900 ) ) ;
#3160 = CARTESIAN_POINT ( 'NONE',  ( -3.188101183952076800, 1.320554748610668300, 8.865624999999997900 ) ) ;
#3161 = AXIS2_PLACEMENT_3D ( 'NONE', #382, #3435, #5888 ) ;
#3162 = CARTESIAN_POINT ( 'NONE',  ( 1.929382328940333100, 3.862976378802545100, 9.799999999999995400 ) ) ;
#3163 = CARTESIAN_POINT ( 'NONE',  ( 3.188101183952076800, -1.916449867065991000E-015, -9.181250000000002100 ) ) ;
#3164 = CARTESIAN_POINT ( 'NONE',  ( 1.320554748610673900, 3.188101183952072300, 7.146875000000000500 ) ) ;
#3165 = CARTESIAN_POINT ( 'NONE',  ( 2.587212708970809700, 4.301690103831244700, 9.650000000000003900 ) ) ;
#3166 = AXIS2_PLACEMENT_3D ( 'NONE', #726, #5746, #5211 ) ;
#3167 = CARTESIAN_POINT ( 'NONE',  ( -3.188101183952076800, 1.320554748610668800, 5.115624999999997000 ) ) ;
#3168 = VERTEX_POINT ( 'NONE', #5891 ) ;
#3169 = CARTESIAN_POINT ( 'NONE',  ( 4.067658234670651600, 1.684879207899184300, 3.904687500000000100 ) ) ;
#3170 = CARTESIAN_POINT ( 'NONE',  ( 1.600988673008807200, 3.320863404457492500, 4.350000000000004100 ) ) ;
#3171 = FACE_OUTER_BOUND ( 'NONE', #3409, .T. ) ;
#3172 = CARTESIAN_POINT ( 'NONE',  ( -1.316484593987070900, 2.549206372011267000, 9.649999999999998600 ) ) ;
#3173 = CARTESIAN_POINT ( 'NONE',  ( 3.999999999999995600, 1.656854249492377900, -3.478125000000003500 ) ) ;
#3174 = CARTESIAN_POINT ( 'NONE',  ( 2.664383086402681000, 2.047187708906266700, 9.800000000000002500 ) ) ;
#3175 = CARTESIAN_POINT ( 'NONE',  ( 1.656854249492386800, -3.999999999999988900, -2.696874999999997200 ) ) ;
#3176 = CARTESIAN_POINT ( 'NONE',  ( -1.684879207899186100, 4.067658234670650700, -3.282812499999999000 ) ) ;
#3177 = CARTESIAN_POINT ( 'NONE',  ( -1.320554748610672300, -3.188101183952080300, 7.928124999999997900 ) ) ;
#3178 = CARTESIAN_POINT ( 'NONE',  ( 2.417768035531345100, 4.320889949271676600, 9.649999999999998600 ) ) ;
#3179 = CARTESIAN_POINT ( 'NONE',  ( -1.320554748610671700, 3.188101183952075900, -10.04062500000000400 ) ) ;
#3180 = CARTESIAN_POINT ( 'NONE',  ( -4.135316469341311100, 1.712904166305993600, -10.58750000000000000 ) ) ;
#3181 = FACE_OUTER_BOUND ( 'NONE', #217, .T. ) ;
#3182 = ORIENTED_EDGE ( 'NONE', *, *, #4672, .F. ) ;
#3183 = CARTESIAN_POINT ( 'NONE',  ( 4.898587196589409900E-016, -4.000000000000000000, -9.649999999999998600 ) ) ;
#3184 = CARTESIAN_POINT ( 'NONE',  ( -3.188101183952076800, 1.320554748610669000, 3.865624999999997900 ) ) ;
#3185 = ORIENTED_EDGE ( 'NONE', *, *, #4522, .T. ) ;
#3186 = CARTESIAN_POINT ( 'NONE',  ( 1.320554748610673900, 3.188101183952073600, -4.103124999999999500 ) ) ;
#3187 = ORIENTED_EDGE ( 'NONE', *, *, #5564, .T. ) ;
#3188 = CARTESIAN_POINT ( 'NONE',  ( -2.254327966281374000, 2.254327966281373100, -9.962500000000002100 ) ) ;
#3189 = ORIENTED_EDGE ( 'NONE', *, *, #4447, .F. ) ;
#3190 = CARTESIAN_POINT ( 'NONE',  ( 1.763152220632707500, 2.258876503250095300, 9.799999999999998900 ) ) ;
#3191 = ORIENTED_EDGE ( 'NONE', *, *, #1871, .T. ) ;
#3192 = CARTESIAN_POINT ( 'NONE',  ( -4.898587196589407900E-016, -3.999999999999997300, -3.868750000000003900 ) ) ;
#3193 = CARTESIAN_POINT ( 'NONE',  ( 2.384973690600517700, 4.621442892753650600, 9.649999999999998600 ) ) ;
#3194 = CARTESIAN_POINT ( 'NONE',  ( -1.378568599089655900, 2.816683110435935300, 9.799999999999998900 ) ) ;
#3195 = EDGE_CURVE ( 'NONE', #4138, #1712, #2935, .T. ) ;
#3196 = CARTESIAN_POINT ( 'NONE',  ( 0.2188800260764589800, 2.803174340570711500, 9.799999999999997200 ) ) ;
#3197 = CARTESIAN_POINT ( 'NONE',  ( -1.684879207899186100, 4.067658234670650700, -4.532812499999999500 ) ) ;
#3198 = ORIENTED_EDGE ( 'NONE', *, *, #120, .T. ) ;
#3199 = CARTESIAN_POINT ( 'NONE',  ( 3.188101183952076800, -4.059581765573862500E-015, 8.318749999999996100 ) ) ;
#3200 = CARTESIAN_POINT ( 'NONE',  ( 0.0000000000000000000, 3.188101183952075400, -10.11875000000000200 ) ) ;
#3201 = CARTESIAN_POINT ( 'NONE',  ( 0.0000000000000000000, 4.135316469341308500, -5.821875000000001200 ) ) ;
#3202 = CONICAL_SURFACE ( 'NONE', #2256, 3.062499999999989800, 0.7853981633974463900 ) ;
#3203 = DIRECTION ( 'NONE',  ( 8.659560562354915600E-017, 0.7071067811865463500, 0.7071067811865487900 ) ) ;
#3204 = CARTESIAN_POINT ( 'NONE',  ( 3.229249173901418400, 2.932075846940526400, 9.649999999999996800 ) ) ;
#3205 = CARTESIAN_POINT ( 'NONE',  ( 0.0000000000000000000, 3.188101183952075000, -6.524999999999999500 ) ) ;
#3206 = CARTESIAN_POINT ( 'NONE',  ( 2.876268721284919400, -2.876268721284923800, 8.670312499999999600 ) ) ;
#3207 = CARTESIAN_POINT ( 'NONE',  ( -0.7752747722204494900, 4.278099343657215700, 9.649999999999998600 ) ) ;
#3208 = CARTESIAN_POINT ( 'NONE',  ( -0.06182866745652873500, 4.437446540741564000, 9.800000000000000700 ) ) ;
#3209 = CARTESIAN_POINT ( 'NONE',  ( -0.9793341393311565400, 2.084689530545109600, 9.649999999999996800 ) ) ;
#3210 = CARTESIAN_POINT ( 'NONE',  ( 2.778806359535021600, 2.104753054639364700, 9.800000000000002500 ) ) ;
#3211 = CARTESIAN_POINT ( 'NONE',  ( -1.411051772472556600, 3.245210491410321000, 9.799999999999998900 ) ) ;
#3212 = CARTESIAN_POINT ( 'NONE',  ( 0.1385158724947706300, 2.494013944877604400, 9.649999999999991500 ) ) ;
#3213 = CARTESIAN_POINT ( 'NONE',  ( 4.067658234670651600, -1.684879207899190800, -2.501562499999999500 ) ) ;
#3214 = CARTESIAN_POINT ( 'NONE',  ( -3.188101183952076800, -3.049100908676773800E-015, 6.443749999999997900 ) ) ;
#3215 = CARTESIAN_POINT ( 'NONE',  ( 0.2406154205605202400, 3.646528752642999000, 9.649999999999998600 ) ) ;
#3216 = CARTESIAN_POINT ( 'NONE',  ( 2.254327966281374900, 2.254327966281371300, -2.775000000000002100 ) ) ;
#3217 = CARTESIAN_POINT ( 'NONE',  ( -0.9280471427328166300, 4.143317892753651100, 9.799999999999998900 ) ) ;
#3218 = EDGE_CURVE ( 'NONE', #2031, #3737, #2544, .T. ) ;
#3219 = CARTESIAN_POINT ( 'NONE',  ( 1.712904166305993600, -4.135316469341312900, -5.118750000000002100 ) ) ;
#3220 = CARTESIAN_POINT ( 'NONE',  ( -1.021734098392484500, 3.915955741257297200, 9.650000000000000400 ) ) ;
#3221 = CARTESIAN_POINT ( 'NONE',  ( -2.828427124746187200, 2.828427124746184500, 1.912499999999997200 ) ) ;
#3222 = CARTESIAN_POINT ( 'NONE',  ( 1.320554748610671000, -3.188101183952079400, -5.821874999999999500 ) ) ;
#3223 = CARTESIAN_POINT ( 'NONE',  ( 3.188101183952076800, -1.320554748610675500, -6.759375000000004800 ) ) ;
#3224 = DIRECTION ( 'NONE',  ( -0.8660254037844397100, -1.060575238724908100E-016, -0.4999999999999979500 ) ) ;
#3225 = CARTESIAN_POINT ( 'NONE',  ( -0.4795794380686526100, 4.618532699793729700, 9.800000000000000700 ) ) ;
#3226 = CARTESIAN_POINT ( 'NONE',  ( 3.214077767863107400, 2.836701875427015000, 9.799999999999998900 ) ) ;
#3227 = CARTESIAN_POINT ( 'NONE',  ( 0.1385158724947706300, 2.494013944877604400, 9.799999999999997200 ) ) ;
#3228 = CARTESIAN_POINT ( 'NONE',  ( 1.684879207899189200, 4.067658234670648900, 2.810937500000001000 ) ) ;
#3229 = CARTESIAN_POINT ( 'NONE',  ( 2.254327966281374900, 2.254327966281370000, 5.974999999999997900 ) ) ;
#3230 = CARTESIAN_POINT ( 'NONE',  ( 0.2112701114746329000, 3.853311904067535700, 9.649999999999993200 ) ) ;
#3231 = CARTESIAN_POINT ( 'NONE',  ( 2.254327966281374000, -2.254327966281377500, -0.5875000000000029100 ) ) ;
#3232 = ORIENTED_EDGE ( 'NONE', *, *, #4192, .F. ) ;
#3233 = CARTESIAN_POINT ( 'NONE',  ( -2.924110317823652500, -2.924110317823653800, -7.853125000000002100 ) ) ;
#3234 = CARTESIAN_POINT ( 'NONE',  ( 2.922533167083869900, 3.165001396981330700, 9.799999999999997200 ) ) ;
#3235 = CARTESIAN_POINT ( 'NONE',  ( -2.578567976066149700, 4.047484559420317900, 9.799999999999998900 ) ) ;
#3236 = CARTESIAN_POINT ( 'NONE',  ( -2.254327966281374000, 2.254327966281370900, 8.787499999999996100 ) ) ;
#3237 = CARTESIAN_POINT ( 'NONE',  ( 3.188101183952076800, -1.320554748610675500, -6.915625000000000400 ) ) ;
#3238 = LINE ( 'NONE', #3806, #5954 ) ;
#3239 = CARTESIAN_POINT ( 'NONE',  ( -2.254327966281374000, 2.254327966281372700, -7.462500000000002100 ) ) ;
#3240 = CYLINDRICAL_SURFACE ( 'NONE', #5486, 3.999999999999997300 ) ;
#3241 = ORIENTED_EDGE ( 'NONE', *, *, #5726, .T. ) ;
#3242 = DIRECTION ( 'NONE',  ( 0.0000000000000000000, 1.000000000000000000, 1.334402673828312800E-016 ) ) ;
#3243 = CARTESIAN_POINT ( 'NONE',  ( 0.01196171794026807000, 2.260015673746188700, 9.799999999999995400 ) ) ;
#3244 = CARTESIAN_POINT ( 'NONE',  ( -4.981444637114788700E-016, -4.067658234670654200, -0.2359375000000000200 ) ) ;
#3245 = CARTESIAN_POINT ( 'NONE',  ( 3.188101183952076800, -1.320554748610674800, -9.415624999999998600 ) ) ;
#3246 = DIRECTION ( 'NONE',  ( -1.000000000000000000, 0.0000000000000000000, 0.0000000000000000000 ) ) ;
#3247 = ORIENTED_EDGE ( 'NONE', *, *, #185, .F. ) ;
#3248 = CARTESIAN_POINT ( 'NONE',  ( 1.921432023933850900, 3.740713726086984700, 9.649999999999998600 ) ) ;
#3249 = CARTESIAN_POINT ( 'NONE',  ( 2.254327966281374900, 2.254327966281371300, -4.025000000000002100 ) ) ;
#3250 = CARTESIAN_POINT ( 'NONE',  ( 2.436015357267184100, 4.321442892753650800, 9.649999999999998600 ) ) ;
#3251 = CARTESIAN_POINT ( 'NONE',  ( -2.924110317823652500, -2.924110317823653800, -6.603125000000001200 ) ) ;
#3252 = ORIENTED_EDGE ( 'NONE', *, *, #788, .F. ) ;
#3253 = DIRECTION ( 'NONE',  ( 0.0000000000000000000, 1.319585349029263700E-016, 1.000000000000000000 ) ) ;
#3254 = CARTESIAN_POINT ( 'NONE',  ( -1.087049443518654800, 4.440660079823056900, 9.799999999999998900 ) ) ;
#3255 = VERTEX_POINT ( 'NONE', #4551 ) ;
#3256 = CARTESIAN_POINT ( 'NONE',  ( -5.969336869741540300, 4.059155250836297100, 9.174162342837245600 ) ) ;
#3257 = CARTESIAN_POINT ( 'NONE',  ( 0.2547653572671834700, 3.303734559420318000, 9.649999999999998600 ) ) ;
#3258 = CARTESIAN_POINT ( 'NONE',  ( -1.320554748610672300, -3.188101183952078500, -7.228125000000001200 ) ) ;
#3259 = ORIENTED_EDGE ( 'NONE', *, *, #2463, .T. ) ;
#3260 = ORIENTED_EDGE ( 'NONE', *, *, #1463, .F. ) ;
#3261 = APPROVAL_DATE_TIME ( #4971, #1265 ) ;
#3262 = ORIENTED_EDGE ( 'NONE', *, *, #204, .F. ) ;
#3263 = CARTESIAN_POINT ( 'NONE',  ( -3.037335605641053000, -2.089976304034629500, 4.350000000000000500 ) ) ;
#3264 = CARTESIAN_POINT ( 'NONE',  ( -4.981444637114788700E-016, -4.067658234670654200, -1.485937499999999500 ) ) ;
#3265 = CARTESIAN_POINT ( 'NONE',  ( 2.254327966281374900, 2.254327966281372200, -9.181249999999998600 ) ) ;
#3266 = CARTESIAN_POINT ( 'NONE',  ( 0.2112701114746329000, 3.853311904067535700, 9.649999999999996800 ) ) ;
#3267 = VECTOR ( 'NONE', #4960, 1000.000000000000000 ) ;
#3268 = CARTESIAN_POINT ( 'NONE',  ( 0.9214320239338511500, 2.188109559420317500, 9.649999999999998600 ) ) ;
#3269 = CARTESIAN_POINT ( 'NONE',  ( 0.1932939736607302000, 3.930827090123078600, 9.799999999999997200 ) ) ;
#3270 = CARTESIAN_POINT ( 'NONE',  ( -2.254327966281374400, -2.254327966281376200, -2.150000000000002600 ) ) ;
#3271 = CARTESIAN_POINT ( 'NONE',  ( 2.879150328656783700, 2.817670815048286300, 9.649999999999998600 ) ) ;
#3272 = CARTESIAN_POINT ( 'NONE',  ( -1.058428551983686000, 3.705779808570265100, 9.800000000000000700 ) ) ;
#3273 = CARTESIAN_POINT ( 'NONE',  ( 2.924110317823652900, 2.924110317823649800, -8.478125000000002100 ) ) ;
#3274 = CARTESIAN_POINT ( 'NONE',  ( 3.750480822388756000E-016, 3.062499999999987100, -9.649999999999998600 ) ) ;
#3275 = LINE ( 'NONE', #3445, #4526 ) ;
#3276 = CARTESIAN_POINT ( 'NONE',  ( -1.411901309399483700, 3.303734559420318000, 9.799999999999998900 ) ) ;
#3277 = PLANE ( 'NONE',  #1071 ) ;
#3278 = CARTESIAN_POINT ( 'NONE',  ( 0.3309305117523545500, -3.175282628519401100, -9.524398816047915200 ) ) ;
#3279 = CARTESIAN_POINT ( 'NONE',  ( 0.0000000000000000000, 3.188101183952074100, -0.2749999999999991900 ) ) ;
#3280 = CARTESIAN_POINT ( 'NONE',  ( -3.999999999999996400, 1.656854249492377300, -8.009375000000003900 ) ) ;
#3281 = CARTESIAN_POINT ( 'NONE',  ( -4.067658234670652500, -1.985866718350540600E-015, -1.798437499999999700 ) ) ;
#3282 = CARTESIAN_POINT ( 'NONE',  ( 3.188101183952076800, -2.356557310509572500E-015, -5.587499999999999500 ) ) ;
#3283 = CARTESIAN_POINT ( 'NONE',  ( -2.245234642732816700, 4.621442892753650600, 9.799999999999998900 ) ) ;
#3284 = CARTESIAN_POINT ( 'NONE',  ( -3.188101183952076800, 1.320554748610669700, -3.634375000000002100 ) ) ;
#3285 = CARTESIAN_POINT ( 'NONE',  ( -2.474797962907879800, 4.592926064553434000, 9.649999999999996800 ) ) ;
#3286 = CARTESIAN_POINT ( 'NONE',  ( -0.5822138093994832000, 4.321442892753650800, 9.649999999999998600 ) ) ;
#3287 = CARTESIAN_POINT ( 'NONE',  ( 2.924110317823652900, 2.924110317823649400, -2.228125000000000800 ) ) ;
#3288 = CARTESIAN_POINT ( 'NONE',  ( 2.715654082188951900, 4.237734489834500600, 9.800000000000002500 ) ) ;
#3289 = CARTESIAN_POINT ( 'NONE',  ( 0.0000000000000000000, 6.500000000000005300, 4.350000000000001400 ) ) ;
#3290 = CARTESIAN_POINT ( 'NONE',  ( -0.5785679760661498500, 2.288109559420317600, 9.649999999999996800 ) ) ;
#3291 = CARTESIAN_POINT ( 'NONE',  ( -3.188101183952076800, -2.417642402866419500E-015, 1.287500000000000500 ) ) ;
#3292 = CARTESIAN_POINT ( 'NONE',  ( 1.588098690600517200, 3.758422059420317900, 9.649999999999998600 ) ) ;
#3293 = ORIENTED_EDGE ( 'NONE', *, *, #1848, .F. ) ;
#3294 = EDGE_CURVE ( 'NONE', #4001, #765, #6254, .T. ) ;
#3295 = CARTESIAN_POINT ( 'NONE',  ( -3.136914933799042100, 3.992894292912448200, 9.649999999999998600 ) ) ;
#3296 = EDGE_CURVE ( 'NONE', #2573, #1408, #1980, .T. ) ;
#3297 = CARTESIAN_POINT ( 'NONE',  ( -4.067658234670652500, -1.684879207899188800, 0.7796875000000008700 ) ) ;
#3298 = CYLINDRICAL_SURFACE ( 'NONE', #6385, 3.999999999999997300 ) ;
#3299 = CARTESIAN_POINT ( 'NONE',  ( -3.904297910284797800E-016, -3.188101183952078100, -9.649999999999998600 ) ) ;
#3300 = CARTESIAN_POINT ( 'NONE',  ( 0.2547653572671834700, 3.303734559420318000, 9.649999999999998600 ) ) ;
#3301 = CARTESIAN_POINT ( 'NONE',  ( -3.188101183952076800, -1.958399853186161100E-015, -2.462499999999999500 ) ) ;
#3302 = CARTESIAN_POINT ( 'NONE',  ( -0.5822138093994832000, 4.321442892753650800, 9.799999999999998900 ) ) ;
#3303 = CARTESIAN_POINT ( 'NONE',  ( 2.356848690600517500, 2.288109559420317600, 9.799999999999998900 ) ) ;
#3304 = CARTESIAN_POINT ( 'NONE',  ( -2.924110317823652500, -2.924110317823654700, -0.3531250000000010200 ) ) ;
#3305 = AXIS2_PLACEMENT_3D ( 'NONE', #3105, #1627, #588 ) ;
#3306 = CIRCLE ( 'NONE', #3042, 6.500000000000001800 ) ;
#3307 = CARTESIAN_POINT ( 'NONE',  ( 3.188101183952076800, -1.320554748610675900, -0.5093750000000029100 ) ) ;
#3308 = CARTESIAN_POINT ( 'NONE',  ( 2.675691966976341700, 4.264008782100809500, 9.799999999999997200 ) ) ;
#3309 = CARTESIAN_POINT ( 'NONE',  ( -0.09703521668145870200, 3.702993654886231700, 9.649999999999996800 ) ) ;
#3310 = ORIENTED_EDGE ( 'NONE', *, *, #3673, .T. ) ;
#3311 = CARTESIAN_POINT ( 'NONE',  ( 2.869602442765986100, 4.043679941344096000, 9.650000000000000400 ) ) ;
#3312 = CARTESIAN_POINT ( 'NONE',  ( -0.2584484287849562200, 2.437131396284211200, 9.800000000000000700 ) ) ;
#3313 = CARTESIAN_POINT ( 'NONE',  ( -2.254327966281374000, 2.254327966281371800, -1.368749999999998400 ) ) ;
#3314 = DIRECTION ( 'NONE',  ( -0.4999999999999997800, -0.8660254037844388200, 0.0000000000000000000 ) ) ;
#3315 = EDGE_LOOP ( 'NONE', ( #295, #3634, #6051, #4657 ) ) ;
#3316 = ORIENTED_EDGE ( 'NONE', *, *, #1124, .T. ) ;
#3317 = EDGE_CURVE ( 'NONE', #824, #916, #1546, .T. ) ;
#3318 = EDGE_LOOP ( 'NONE', ( #2582, #228, #6048, #1383, #1326 ) ) ;
#3319 = EDGE_CURVE ( 'NONE', #1323, #4566, #5201, .T. ) ;
#3320 = CARTESIAN_POINT ( 'NONE',  ( -2.828427124746187600, -2.828427124746189000, -6.681249999999997700 ) ) ;
#3321 = CARTESIAN_POINT ( 'NONE',  ( -3.188101183952076800, -1.346076453612483800E-015, -7.462499999999999500 ) ) ;
#3322 = EDGE_LOOP ( 'NONE', ( #2872, #1314, #1710, #485 ) ) ;
#3323 = CARTESIAN_POINT ( 'NONE',  ( -0.07948843112164462300, 3.447562682583899200, 9.649999999999995000 ) ) ;
#3324 = CARTESIAN_POINT ( 'NONE',  ( 2.677829773735936700, 4.568833027920875100, 9.650000000000000400 ) ) ;
#3325 = DIRECTION ( 'NONE',  ( -0.0000000000000000000, 0.0000000000000000000, -1.000000000000000000 ) ) ;
#3326 = VERTEX_POINT ( 'NONE', #595 ) ;
#3327 = CARTESIAN_POINT ( 'NONE',  ( -1.320554748610671700, 3.188101183952074100, -0.1968749999999991300 ) ) ;
#3328 = CARTESIAN_POINT ( 'NONE',  ( -0.8574863983409196600, 4.221889426047081200, 9.800000000000000700 ) ) ;
#3329 = CARTESIAN_POINT ( 'NONE',  ( -0.8574863983409196600, 4.221889426047081200, 9.800000000000000700 ) ) ;
#3330 = CARTESIAN_POINT ( 'NONE',  ( -4.135316469341310300, -1.986507622883440500E-015, -1.759375000000002400 ) ) ;
#3331 = ORIENTED_EDGE ( 'NONE', *, *, #6423, .F. ) ;
#3332 = CARTESIAN_POINT ( 'NONE',  ( 3.188101183952076800, -2.681854116533088500E-015, -2.931250000000002600 ) ) ;
#3333 = B_SPLINE_CURVE_WITH_KNOTS ( 'NONE', 3,
 ( #5013, #1114, #6011, #5523, #4988, #2066, #5065, #4484, #2620, #6078, #5552, #7, #2020, #3072, #3050, #5572, #3556, #3487, #94, #27, #573, #495, #1524, #2528, #3154, #2380, #913, #5151, #5550, #93, #1636, #1659 ),
 .UNSPECIFIED., .F., .F.,
 ( 4, 2, 2, 2, 2, 2, 2, 2, 2, 2, 2, 2, 2, 2, 2, 4 ),
 ( 0.003098077140115316300, 0.003824516306387337000, 0.004550955472659357600, 0.005277394638931377800, 0.006003833805203398000, 0.006730272971475418200, 0.007456712137747439200, 0.008183151304019458500, 0.008909590470291479600, 0.01036246880283552000, 0.01108890796910754100, 0.01181534713537956200, 0.01254178630165158100, 0.01326822546792360200, 0.01399466463419562400, 0.01472110380046764300 ),
 .UNSPECIFIED. ) ;
#3334 = CARTESIAN_POINT ( 'NONE',  ( -1.411051772472556600, 3.245210491410321000, 9.649999999999998600 ) ) ;
#3335 = CARTESIAN_POINT ( 'NONE',  ( 2.539033032933443400, 4.312815453349194300, 9.649999999999995000 ) ) ;
#3336 = CARTESIAN_POINT ( 'NONE',  ( 1.320554748610673900, 3.188101183952073600, -2.853124999999998600 ) ) ;
#3337 = VECTOR ( 'NONE', #5542, 1000.000000000000000 ) ;
#3338 = DIRECTION ( 'NONE',  ( 0.8660254037844388200, -0.4999999999999997800, 0.0000000000000000000 ) ) ;
#3339 = CARTESIAN_POINT ( 'NONE',  ( 3.188101183952076800, -1.320554748610674800, -9.259375000000005700 ) ) ;
#3340 = CYLINDRICAL_SURFACE ( 'NONE', #6252, 3.999999999999997300 ) ;
#3341 = CARTESIAN_POINT ( 'NONE',  ( 2.828427124746187200, -2.828427124746190300, -1.212500000000004100 ) ) ;
#3342 = CARTESIAN_POINT ( 'NONE',  ( 2.254327966281374000, -2.254327966281377500, -0.7437499999999995800 ) ) ;
#3343 = CARTESIAN_POINT ( 'NONE',  ( 2.667710688685978500, 3.276841648268658900, 9.649999999999996800 ) ) ;
#3344 = CARTESIAN_POINT ( 'NONE',  ( -0.6460831626372066600, 4.620390658054074800, 9.649999999999996800 ) ) ;
#3345 = CARTESIAN_POINT ( 'NONE',  ( 2.828427124746187200, -2.828427124746191200, 3.631250000000001400 ) ) ;
#3346 = VECTOR ( 'NONE', #2829, 1000.000000000000000 ) ;
#3347 = CARTESIAN_POINT ( 'NONE',  ( -2.830552789624150000, 4.187355428746085900, 9.649999999999996800 ) ) ;
#3348 = CARTESIAN_POINT ( 'NONE',  ( -0.8944147621358519200, 4.184999422453138600, 9.799999999999998900 ) ) ;
#3349 = CARTESIAN_POINT ( 'NONE',  ( 4.135316469341310300, -1.712904166305998700, -1.212500000000002100 ) ) ;
#3350 = CC_DESIGN_APPROVAL ( #5491, ( #4893 ) ) ;
#3351 = CARTESIAN_POINT ( 'NONE',  ( 3.188101183952076800, 1.320554748610670600, -4.103125000000003000 ) ) ;
#3352 = DIRECTION ( 'NONE',  ( 0.0000000000000000000, 1.224646799147355200E-016, -1.000000000000000000 ) ) ;
#3353 = CARTESIAN_POINT ( 'NONE',  ( -0.3790018146169436600, 4.271666780952276800, 9.650000000000000400 ) ) ;
#3354 = CARTESIAN_POINT ( 'NONE',  ( 1.656854249492395700, -3.999999999999980900, 1.053125000000003400 ) ) ;
#3355 = CARTESIAN_POINT ( 'NONE',  ( 2.254327966281374900, 2.254327966281370900, 0.9749999999999967600 ) ) ;
#3356 = CARTESIAN_POINT ( 'NONE',  ( -1.320554748610671700, 3.188101183952074100, -0.1968749999999991300 ) ) ;
#3357 = CARTESIAN_POINT ( 'NONE',  ( 2.777499370423298400, 2.524881103250953300, 9.800000000000000700 ) ) ;
#3358 = DIRECTION ( 'NONE',  ( 0.0000000000000000000, -0.7071067811865462400, 0.7071067811865489100 ) ) ;
#3359 = CARTESIAN_POINT ( 'NONE',  ( -2.254327966281374000, 2.254327966281372700, -6.212500000000003000 ) ) ;
#3360 = CARTESIAN_POINT ( 'NONE',  ( -0.9945598031082748500, 4.512381789214118500, 9.799999999999997200 ) ) ;
#3361 = CARTESIAN_POINT ( 'NONE',  ( -3.188101183952076800, 1.320554748610669700, -3.790624999999998600 ) ) ;
#3362 = CARTESIAN_POINT ( 'NONE',  ( 2.921099543770212300, 3.745032886422542200, 9.649999999999996800 ) ) ;
#3363 = CARTESIAN_POINT ( 'NONE',  ( 2.622183865832571100, 4.588536443930546000, 9.650000000000000400 ) ) ;
#3364 = CARTESIAN_POINT ( 'NONE',  ( -1.867147581722950300E-015, 7.505553499465136700, 8.997274632750535500 ) ) ;
#3365 = CARTESIAN_POINT ( 'NONE',  ( -2.643203687115046400, 4.359804176162265700, 9.799999999999998900 ) ) ;
#3366 = CARTESIAN_POINT ( 'NONE',  ( -2.578567976066149700, 4.047484559420317900, 9.649999999999998600 ) ) ;
#3367 = ORIENTED_EDGE ( 'NONE', *, *, #1214, .T. ) ;
#3368 = CARTESIAN_POINT ( 'NONE',  ( -1.712904166305994700, -4.135316469341312000, -0.2750000000000010200 ) ) ;
#3369 = CARTESIAN_POINT ( 'NONE',  ( -0.5785679760661498500, 4.621442892753652400, 9.649999999999996800 ) ) ;
#3370 = CARTESIAN_POINT ( 'NONE',  ( -3.188101183952076800, -1.977534959422838100E-015, -2.306250000000002600 ) ) ;
#3371 = B_SPLINE_CURVE_WITH_KNOTS ( 'NONE', 3,
 ( #3951, #4948, #1467, #2986, #975, #3479, #4476, #2469, #2964, #5932, #1497, #6427, #2498, #3433, #4923, #1, #5437, #488, #1518 ),
 .UNSPECIFIED., .F., .F.,
 ( 4, 1, 1, 1, 1, 1, 1, 1, 1, 1, 1, 1, 1, 1, 1, 1, 4 ),
 ( 0.0000000000000000000, 0.07197949808305312300, 0.1408043816190198700, 0.2069952920559588200, 0.2707438089998512300, 0.3332765670960939300, 0.3946547594567693100, 0.4562666098683771400, 0.5179076052598550200, 0.5794090866868772900, 0.6390959947991797800, 0.6979966394326226900, 0.7563270753121579300, 0.8150777118623459000, 0.8748887840387807900, 0.9363127620445506100, 1.000000000000000000 ),
 .UNSPECIFIED. ) ;
#3372 = CARTESIAN_POINT ( 'NONE',  ( -2.506128108153727700, 4.533284064937333800, 9.649999999999998600 ) ) ;
#3373 = CARTESIAN_POINT ( 'NONE',  ( -2.578567976066149700, 2.021442892753651400, 9.799999999999998900 ) ) ;
#3374 = CARTESIAN_POINT ( 'NONE',  ( 7.960204194457797400E-016, -6.499999999999997300, 4.349999999999999600 ) ) ;
#3375 = CARTESIAN_POINT ( 'NONE',  ( 2.254327966281374900, 2.254327966281370900, 2.068750000000001000 ) ) ;
#3376 = VERTEX_POINT ( 'NONE', #5987 ) ;
#3377 = CARTESIAN_POINT ( 'NONE',  ( 2.879150328656783700, 2.817670815048286300, 9.799999999999998900 ) ) ;
#3378 = CARTESIAN_POINT ( 'NONE',  ( -0.5785679760661498500, 1.988109559420317800, 9.649999999999996800 ) ) ;
#3379 = AXIS2_PLACEMENT_3D ( 'NONE', #1753, #1249, #4706 ) ;
#3380 = EDGE_CURVE ( 'NONE', #4031, #61, #3333, .T. ) ;
#3381 = CARTESIAN_POINT ( 'NONE',  ( 2.254327966281374000, -2.254327966281377100, -1.837500000000002400 ) ) ;
#3382 = LINE ( 'NONE', #3686, #3847 ) ;
#3383 = CARTESIAN_POINT ( 'NONE',  ( -0.7740450248791671500, 4.602010082465031200, 9.799999999999997200 ) ) ;
#3384 = CARTESIAN_POINT ( 'NONE',  ( -2.254327966281374400, -2.254327966281376200, -4.806249999999998600 ) ) ;
#3385 = CARTESIAN_POINT ( 'NONE',  ( 2.530410573850211200, 3.229370941351020500, 9.650000000000000400 ) ) ;
#3386 = CARTESIAN_POINT ( 'NONE',  ( 2.564524390643207600, 4.602731217314437900, 9.649999999999995000 ) ) ;
#3387 = LINE ( 'NONE', #2837, #4565 ) ;
#3388 = EDGE_LOOP ( 'NONE', ( #2794, #904, #133, #3198, #4632, #5291, #6068, #2654, #3407, #5583 ) ) ;
#3389 = CARTESIAN_POINT ( 'NONE',  ( 2.315154400969748700, 1.988533283887820700, 9.649999999999998600 ) ) ;
#3390 = CARTESIAN_POINT ( 'NONE',  ( 2.445699681534574000, 4.620214729671714900, 9.800000000000000700 ) ) ;
#3391 = CARTESIAN_POINT ( 'NONE',  ( -3.103779198587663000, 3.694915124783235200, 9.649999999999998600 ) ) ;
#3392 = CARTESIAN_POINT ( 'NONE',  ( -5.064302077640169400E-016, -4.135316469341312900, 3.553124999999999200 ) ) ;
#3393 = AXIS2_PLACEMENT_3D ( 'NONE', #2635, #3666, #5635 ) ;
#3394 = EDGE_LOOP ( 'NONE', ( #5432, #838, #5903, #2545 ) ) ;
#3395 = CARTESIAN_POINT ( 'NONE',  ( 0.2329387564302243500, 2.893198350924668800, 9.650000000000000400 ) ) ;
#3396 = CARTESIAN_POINT ( 'NONE',  ( 3.188101183952076800, -1.320554748610675500, -4.259375000000003000 ) ) ;
#3397 = CARTESIAN_POINT ( 'NONE',  ( 2.408378609103575000, 1.989833636885739000, 9.800000000000000700 ) ) ;
#3398 = CARTESIAN_POINT ( 'NONE',  ( -0.2163808535106935300, 4.119118266286723600, 9.649999999999998600 ) ) ;
#3399 = ORIENTED_EDGE ( 'NONE', *, *, #3645, .F. ) ;
#3400 = DIRECTION ( 'NONE',  ( 0.0000000000000000000, -1.000000000000000000, -4.621672786326856200E-013 ) ) ;
#3401 = CARTESIAN_POINT ( 'NONE',  ( 2.254327966281374900, 2.254327966281370400, 3.474999999999997000 ) ) ;
#3402 = CARTESIAN_POINT ( 'NONE',  ( -1.320554748610672300, -3.188101183952079400, 1.521875000000000500 ) ) ;
#3403 = ORIENTED_EDGE ( 'NONE', *, *, #4303, .T. ) ;
#3404 = CARTESIAN_POINT ( 'NONE',  ( 2.921613847535453600, 3.100274047152535000, 9.649999999999996800 ) ) ;
#3405 = CARTESIAN_POINT ( 'NONE',  ( 2.920327412421619400, 3.827146540056639800, 9.800000000000000700 ) ) ;
#3406 = CARTESIAN_POINT ( 'NONE',  ( 2.590426427396886200, 2.972937923234159700, 9.799999999999998900 ) ) ;
#3407 = ORIENTED_EDGE ( 'NONE', *, *, #3862, .T. ) ;
#3408 = CARTESIAN_POINT ( 'NONE',  ( 3.188101183952076800, 1.320554748610670300, -1.603125000000002600 ) ) ;
#3409 = EDGE_LOOP ( 'NONE', ( #3097, #6201, #5125, #2108 ) ) ;
#3410 = VERTEX_POINT ( 'NONE', #1135 ) ;
#3411 = CARTESIAN_POINT ( 'NONE',  ( 2.828427124746188100, 2.828427124746184100, -0.9000000000000038000 ) ) ;
#3412 = CARTESIAN_POINT ( 'NONE',  ( 0.0000000000000000000, 3.188101183952074500, -4.024999999999999500 ) ) ;
#3413 = CARTESIAN_POINT ( 'NONE',  ( 0.0000000000000000000, -6.993802349855102000E-016, 4.349999999999999600 ) ) ;
#3414 = CARTESIAN_POINT ( 'NONE',  ( -0.1311588694561819400, 3.907362383833896200, 9.799999999999998900 ) ) ;
#3415 = EDGE_LOOP ( 'NONE', ( #1192, #235, #2301, #3786 ) ) ;
#3416 = CARTESIAN_POINT ( 'NONE',  ( 1.898134522565445800, 2.121265293969508000, 9.650000000000000400 ) ) ;
#3417 = CARTESIAN_POINT ( 'NONE',  ( 2.933831729066450800, 4.411379923770641500, 9.799999999999998900 ) ) ;
#3418 = CARTESIAN_POINT ( 'NONE',  ( -0.9562372862219543600, 3.999999999999993300, 4.301339082524290100 ) ) ;
#3419 = CARTESIAN_POINT ( 'NONE',  ( 2.924110317823652000, -2.924110317823656000, 3.709374999999999200 ) ) ;
#3420 = CARTESIAN_POINT ( 'NONE',  ( -2.828427124746187200, 2.828427124746185400, -5.587500000000003900 ) ) ;
#3421 = CARTESIAN_POINT ( 'NONE',  ( 3.254765357267184200, 3.374047059420318000, 9.649999999999998600 ) ) ;
#3422 = LINE ( 'NONE', #988, #4145 ) ;
#3423 = CARTESIAN_POINT ( 'NONE',  ( 2.868399043284878900, 3.489640322346617500, 9.800000000000000700 ) ) ;
#3424 = CARTESIAN_POINT ( 'NONE',  ( 2.979900066128332800, -5.785107394127757100, 9.578032128422155000 ) ) ;
#3425 = CARTESIAN_POINT ( 'NONE',  ( 3.188101183952076800, -1.320554748610676300, 1.990624999999997600 ) ) ;
#3426 = CARTESIAN_POINT ( 'NONE',  ( -2.254327966281374000, 2.254327966281371300, 3.631250000000001000 ) ) ;
#3427 = CARTESIAN_POINT ( 'NONE',  ( -0.9715054488827870000, 2.539800548249315800, 9.649999999999998600 ) ) ;
#3428 = CARTESIAN_POINT ( 'NONE',  ( -0.6086353278133066500, 1.988967232218777500, 9.649999999999996800 ) ) ;
#3429 = CARTESIAN_POINT ( 'NONE',  ( -3.188101183952076800, -1.320554748610675500, 8.865624999999999600 ) ) ;
#3430 = ADVANCED_FACE ( 'NONE', ( #2467 ), #664, .T. ) ;
#3431 = VECTOR ( 'NONE', #3203, 999.9999999999998900 ) ;
#3432 = CARTESIAN_POINT ( 'NONE',  ( -3.188101183952076800, 1.320554748610670100, -4.884375000000003000 ) ) ;
#3433 = CARTESIAN_POINT ( 'NONE',  ( 2.071054388789915500, 4.563436278237513300, 9.800000000000000700 ) ) ;
#3434 = CARTESIAN_POINT ( 'NONE',  ( 0.0000000000000000000, 3.188101183952074100, -0.2749999999999991900 ) ) ;
#3435 = DIRECTION ( 'NONE',  ( -0.0000000000000000000, -1.319585349029264000E-016, -1.000000000000000000 ) ) ;
#3436 = DIRECTION ( 'NONE',  ( 0.0000000000000000000, 1.224646799147355200E-016, -1.000000000000000000 ) ) ;
#3437 = CARTESIAN_POINT ( 'NONE',  ( 2.339661190600517600, 1.988109559420317800, 9.799999999999998900 ) ) ;
#3438 = CARTESIAN_POINT ( 'NONE',  ( 1.656854249492395700, -3.999999999999980000, -1.446874999999996800 ) ) ;
#3439 = CARTESIAN_POINT ( 'NONE',  ( 1.804781740392149100, -2.636235910890010600, 4.349999999999976600 ) ) ;
#3440 = CARTESIAN_POINT ( 'NONE',  ( -5.064302077640169400E-016, -4.135316469341312900, 6.053124999999999600 ) ) ;
#3441 =( GEOMETRIC_REPRESENTATION_CONTEXT ( 3 ) GLOBAL_UNCERTAINTY_ASSIGNED_CONTEXT ( ( #2395 ) ) GLOBAL_UNIT_ASSIGNED_CONTEXT ( ( #4050, #4972, #3498 ) ) REPRESENTATION_CONTEXT ( 'NONE', 'WORKASPACE' ) );
#3442 = PLANE ( 'NONE',  #3733 ) ;
#3443 = CARTESIAN_POINT ( 'NONE',  ( 0.0000000000000000000, 3.188101183952074100, -0.2749999999999991900 ) ) ;
#3444 = CARTESIAN_POINT ( 'NONE',  ( -3.188101183952076800, -1.320554748610673000, -8.478125000000002100 ) ) ;
#3445 = CARTESIAN_POINT ( 'NONE',  ( 6.500000000000001800, -3.752776749732569300, 4.548750000000001000 ) ) ;
#3446 = CARTESIAN_POINT ( 'NONE',  ( 1.921432023933850900, 3.740713726086984700, 9.649999999999998600 ) ) ;
#3447 = CARTESIAN_POINT ( 'NONE',  ( -0.5785679760661498500, 4.621442892753650600, 9.649999999999996800 ) ) ;
#3448 = CARTESIAN_POINT ( 'NONE',  ( 3.188101183952076800, -1.320554748610676600, 3.240624999999997000 ) ) ;
#3449 = CARTESIAN_POINT ( 'NONE',  ( 0.0000000000000000000, 3.188101183952073600, 2.225000000000001400 ) ) ;
#3450 = CARTESIAN_POINT ( 'NONE',  ( 2.899052852403137100, 2.909271343902334100, 9.649999999999998600 ) ) ;
#3451 = CARTESIAN_POINT ( 'NONE',  ( -3.999999999999996400, 1.656854249492376400, 3.084375000000002800 ) ) ;
#3452 = CARTESIAN_POINT ( 'NONE',  ( -2.254327966281374400, -2.254327966281377500, 8.943749999999999600 ) ) ;
#3453 = EDGE_CURVE ( 'NONE', #1573, #6363, #4371, .T. ) ;
#3454 = CARTESIAN_POINT ( 'NONE',  ( -3.188101183952076800, 1.320554748610670300, -6.134375000000003900 ) ) ;
#3455 = CARTESIAN_POINT ( 'NONE',  ( 2.564524390643207600, 4.602731217314437900, 9.649999999999993200 ) ) ;
#3456 = CARTESIAN_POINT ( 'NONE',  ( 0.0000000000000000000, 3.999999999999994200, -4.493750000000003000 ) ) ;
#3457 = ORIENTED_EDGE ( 'NONE', *, *, #2853, .F. ) ;
#3458 = CARTESIAN_POINT ( 'NONE',  ( 3.188101183952076800, 1.320554748610670100, 0.7406250000000002000 ) ) ;
#3459 = CARTESIAN_POINT ( 'NONE',  ( 3.188101183952076800, 1.320554748610670600, -5.509374999999999500 ) ) ;
#3460 = CARTESIAN_POINT ( 'NONE',  ( -0.4258390893588388000, 4.294434003464634700, 9.799999999999998900 ) ) ;
#3461 = CARTESIAN_POINT ( 'NONE',  ( 1.029334509326836500, -3.805631670609382700, -8.778638402627365200 ) ) ;
#3462 = CARTESIAN_POINT ( 'NONE',  ( 2.564524390643207600, 4.602731217314437900, 9.799999999999995400 ) ) ;
#3463 = CARTESIAN_POINT ( 'NONE',  ( -2.862463596771456700, 3.827813350280306400, 9.650000000000000400 ) ) ;
#3464 = CARTESIAN_POINT ( 'NONE',  ( 2.924110317823652000, -2.924110317823656000, 2.459374999999997900 ) ) ;
#3465 = VECTOR ( 'NONE', #624, 1000.000000000000000 ) ;
#3466 = CARTESIAN_POINT ( 'NONE',  ( 1.320554748610673900, 3.188101183952073600, -2.853124999999999000 ) ) ;
#3467 = CARTESIAN_POINT ( 'NONE',  ( 0.0000000000000000000, 3.999999999999994700, -8.400000000000000400 ) ) ;
#3468 = CARTESIAN_POINT ( 'NONE',  ( 3.090249857806600000, 2.449770962600129800, 9.650000000000000400 ) ) ;
#3469 = CARTESIAN_POINT ( 'NONE',  ( -0.1859007616296353700, 2.540626378429558400, 9.649999999999995000 ) ) ;
#3470 = CARTESIAN_POINT ( 'NONE',  ( -1.656854249492379000, 3.999999999999994700, -4.571874999999998600 ) ) ;
#3471 = CARTESIAN_POINT ( 'NONE',  ( -3.904297910284797800E-016, -3.188101183952079900, 4.100000000000001400 ) ) ;
#3472 = PERSON_AND_ORGANIZATION_ROLE ( 'design_owner' ) ;
#3473 = CARTESIAN_POINT ( 'NONE',  ( 2.671236028357896400, 3.014143596557453500, 9.799999999999997200 ) ) ;
#3474 = AXIS2_PLACEMENT_3D ( 'NONE', #4468, #4919, #1514 ) ;
#3475 = CARTESIAN_POINT ( 'NONE',  ( -3.904297910284797800E-016, -3.188101183952079400, 1.756249999999997400 ) ) ;
#3476 = CARTESIAN_POINT ( 'NONE',  ( 2.445699681534574000, 4.620214729671714900, 9.649999999999998600 ) ) ;
#3477 = B_SPLINE_CURVE_WITH_KNOTS ( 'NONE', 3,
 ( #1938, #4480, #2525, #1987, #24, #5934, #3414, #421, #523, #2016, #1545, #2942, #1521, #4927, #3460, #3015, #978, #5011, #2445 ),
 .UNSPECIFIED., .F., .F.,
 ( 4, 1, 1, 1, 1, 1, 1, 1, 1, 1, 1, 1, 1, 1, 1, 1, 4 ),
 ( 0.0000000000000000000, 0.1156291309254414800, 0.2215410391198767700, 0.3170478562190418000, 0.4031508756396167700, 0.4801812167162797200, 0.5476493661481899300, 0.6070358428421808200, 0.6586524080635073300, 0.7057228903536452200, 0.7498040879796467100, 0.7925868153452740900, 0.8338739610102605700, 0.8747683933034328100, 0.9152226988916381000, 0.9568807037304798400, 1.000000000000000000 ),
 .UNSPECIFIED. ) ;
#3478 = VERTEX_POINT ( 'NONE', #136 ) ;
#3479 = CARTESIAN_POINT ( 'NONE',  ( 1.643568846121135500, 4.108841705095675100, 9.799999999999998900 ) ) ;
#3480 = CARTESIAN_POINT ( 'NONE',  ( -1.320554748610671700, 3.188101183952073600, 4.803124999999999600 ) ) ;
#3481 = ORIENTED_EDGE ( 'NONE', *, *, #4859, .T. ) ;
#3482 = CARTESIAN_POINT ( 'NONE',  ( -3.188101183952076800, -1.320554748610673200, -7.384374999999999500 ) ) ;
#3483 = CARTESIAN_POINT ( 'NONE',  ( 1.955156367480430600, 3.531808212560708000, 9.799999999999997200 ) ) ;
#3484 = PLANE ( 'NONE',  #5732 ) ;
#3485 = VERTEX_POINT ( 'NONE', #645 ) ;
#3486 = CARTESIAN_POINT ( 'NONE',  ( 0.0000000000000000000, -2.546799723626479500E-015, -9.649999999999998600 ) ) ;
#3487 = CARTESIAN_POINT ( 'NONE',  ( -3.709263088355507300, 0.3309752816988226800, -9.020558347413548000 ) ) ;
#3488 = CARTESIAN_POINT ( 'NONE',  ( -1.712904166305994500, 4.135316469341308500, 5.506249999999997000 ) ) ;
#3489 = CARTESIAN_POINT ( 'NONE',  ( -1.065195357322134700, -6.890562673175660200, 9.319949929344925700 ) ) ;
#3490 = VERTEX_POINT ( 'NONE', #5616 ) ;
#3491 = CARTESIAN_POINT ( 'NONE',  ( -2.254327966281374000, 2.254327966281371800, -1.368749999999998400 ) ) ;
#3492 = CARTESIAN_POINT ( 'NONE',  ( -3.999999999999996400, 1.656854249492376400, -0.5093750000000034600 ) ) ;
#3493 = CARTESIAN_POINT ( 'NONE',  ( 1.590205558038969600, 3.851915267005087800, 9.800000000000000700 ) ) ;
#3494 = CARTESIAN_POINT ( 'NONE',  ( 3.017182993552835100, 2.329225510009890400, 9.649999999999998600 ) ) ;
#3495 = EDGE_LOOP ( 'NONE', ( #3399, #2185, #6046, #2459 ) ) ;
#3496 = CARTESIAN_POINT ( 'NONE',  ( -0.3820893350944331000, 2.007637496568499500, 9.799999999999997200 ) ) ;
#3497 = CALENDAR_DATE ( 2023, 23, 2 ) ;
#3498 =( NAMED_UNIT ( * ) SI_UNIT ( $, .STERADIAN. ) SOLID_ANGLE_UNIT ( ) );
#3499 = ORIENTED_EDGE ( 'NONE', *, *, #5139, .T. ) ;
#3500 = CARTESIAN_POINT ( 'NONE',  ( 2.356848690600517500, 2.288109559420317600, 9.799999999999998900 ) ) ;
#3501 = DIRECTION ( 'NONE',  ( 0.0000000000000000000, 1.000000000000000000, 1.334402673828312800E-016 ) ) ;
#3502 = CARTESIAN_POINT ( 'NONE',  ( 3.188101183952076800, -3.447258366000185100E-015, 3.318749999999997000 ) ) ;
#3503 = CARTESIAN_POINT ( 'NONE',  ( 2.977848297248793400, 4.368763125388875700, 9.799999999999998900 ) ) ;
#3504 = LINE ( 'NONE', #5958, #546 ) ;
#3505 = CARTESIAN_POINT ( 'NONE',  ( 2.254327966281374000, -2.254327966281377500, 0.5062500000000015300 ) ) ;
#3506 = CARTESIAN_POINT ( 'NONE',  ( 3.188101183952076800, 1.320554748610671000, -8.009374999999998600 ) ) ;
#3507 = CARTESIAN_POINT ( 'NONE',  ( 1.801057391760360700, 3.150945632135560000, 9.650000000000005700 ) ) ;
#3508 = VECTOR ( 'NONE', #4926, 1000.000000000000000 ) ;
#3509 = CARTESIAN_POINT ( 'NONE',  ( -2.828427124746187600, -2.828427124746189400, -1.525000000000004400 ) ) ;
#3510 = CARTESIAN_POINT ( 'NONE',  ( -1.319597655472716900, 4.047020498384757300, 9.800000000000000700 ) ) ;
#3511 = DIRECTION ( 'NONE',  ( 0.0000000000000000000, -1.000000000000000000, 0.0000000000000000000 ) ) ;
#3512 = CARTESIAN_POINT ( 'NONE',  ( -3.999999999999996400, 1.656854249492376400, 1.834375000000001900 ) ) ;
#3513 = CARTESIAN_POINT ( 'NONE',  ( -1.320554748610672300, -3.188101183952079400, 1.521875000000000800 ) ) ;
#3514 = CARTESIAN_POINT ( 'NONE',  ( 2.254327966281374000, -2.254327966281376200, -9.337500000000002100 ) ) ;
#3515 = CARTESIAN_POINT ( 'NONE',  ( 1.650199545104484200, -3.087958006882615300, -9.219311987804871900 ) ) ;
#3516 = CARTESIAN_POINT ( 'NONE',  ( 1.922364262724120000, 3.685121198140674200, 9.799999999999998900 ) ) ;
#3517 = CARTESIAN_POINT ( 'NONE',  ( 1.588574541610985500, 3.727831858516297700, 9.799999999999998900 ) ) ;
#3518 = LINE ( 'NONE', #3751, #2213 ) ;
#3519 = CARTESIAN_POINT ( 'NONE',  ( -0.2655342971649657900, 2.043595039885243400, 9.800000000000000700 ) ) ;
#3520 = EDGE_CURVE ( 'NONE', #5424, #4885, #1788, .T. ) ;
#3521 = DIRECTION ( 'NONE',  ( 0.8660254037844388200, -0.4999999999999997800, -6.123233995736773400E-017 ) ) ;
#3522 = CARTESIAN_POINT ( 'NONE',  ( 0.0000000000000000000, 3.999999999999994200, -5.743750000000003000 ) ) ;
#3523 = EDGE_CURVE ( 'NONE', #4342, #539, #4099, .T. ) ;
#3524 = CARTESIAN_POINT ( 'NONE',  ( -2.254327966281374000, 2.254327966281371800, -1.212500000000001700 ) ) ;
#3525 = CARTESIAN_POINT ( 'NONE',  ( 2.785639048100273700, 4.518180286621154500, 9.799999999999995400 ) ) ;
#3526 = B_SPLINE_CURVE_WITH_KNOTS ( 'NONE', 3,
 ( #1041, #50, #3115, #5042, #5016, #6014 ),
 .UNSPECIFIED., .F., .F.,
 ( 4, 2, 4 ),
 ( 0.02003353399148169100, 0.02193389387524950100, 0.02383425375901731000 ),
 .UNSPECIFIED. ) ;
#3527 = ADVANCED_FACE ( 'NONE', ( #465 ), #5195, .T. ) ;
#3528 = B_SPLINE_CURVE_WITH_KNOTS ( 'NONE', 3,
 ( #1019, #1865, #4338, #3754, #4281, #859, #1374, #3278, #1822, #2355 ),
 .UNSPECIFIED., .F., .F.,
 ( 4, 2, 2, 2, 4 ),
 ( 1.521750265687476900E-017, 0.0005037391576871515400, 0.001007478315374287900, 0.001511217473061423800, 0.002014956630748559800 ),
 .UNSPECIFIED. ) ;
#3529 = CARTESIAN_POINT ( 'NONE',  ( -2.254327966281374000, 2.254327966281371800, 1.131250000000000300 ) ) ;
#3530 = CARTESIAN_POINT ( 'NONE',  ( -3.904297910284797800E-016, -3.188101183952078500, -5.899999999999998600 ) ) ;
#3531 = CARTESIAN_POINT ( 'NONE',  ( -3.027055823736852300, 3.732933382719060100, 9.649999999999996800 ) ) ;
#3532 = ADVANCED_FACE ( 'NONE', ( #2896 ), #173, .T. ) ;
#3533 = CARTESIAN_POINT ( 'NONE',  ( 2.326119523933850800, 2.921442892753651800, 9.799999999999998900 ) ) ;
#3534 = CARTESIAN_POINT ( 'NONE',  ( -1.656854249492369900, -4.000000000000007100, -1.446875000000003700 ) ) ;
#3535 = DIRECTION ( 'NONE',  ( -0.0000000000000000000, -0.0000000000000000000, -1.000000000000000000 ) ) ;
#3536 = CARTESIAN_POINT ( 'NONE',  ( -5.064302077640169400E-016, -4.135316469341313800, 7.303124999999997000 ) ) ;
#3537 = CARTESIAN_POINT ( 'NONE',  ( 2.174799172488439700, 3.276742304492672900, 9.650000000000002100 ) ) ;
#3538 = CARTESIAN_POINT ( 'NONE',  ( 3.999999999999995600, -3.366780484105747400E-015, 1.443749999999996500 ) ) ;
#3539 = CARTESIAN_POINT ( 'NONE',  ( 1.957778889494056900, 2.671030871363926800, 9.650000000000002100 ) ) ;
#3540 = CARTESIAN_POINT ( 'NONE',  ( 2.436015357267184100, 4.321442892753650800, 9.649999999999998600 ) ) ;
#3541 = CARTESIAN_POINT ( 'NONE',  ( -1.320554748610672300, -3.188101183952078500, -7.071875000000003000 ) ) ;
#3542 = CARTESIAN_POINT ( 'NONE',  ( -4.067658234670652500, 1.684879207899185000, -6.876562499999999500 ) ) ;
#3543 = CARTESIAN_POINT ( 'NONE',  ( 3.188101183952076800, -1.320554748610676100, 0.7406249999999982000 ) ) ;
#3544 = VERTEX_POINT ( 'NONE', #3632 ) ;
#3545 = CARTESIAN_POINT ( 'NONE',  ( -1.141394998250334900, 2.218505062311363100, 9.799999999999998900 ) ) ;
#3546 = CARTESIAN_POINT ( 'NONE',  ( 1.656854249492377900, -4.000000000000000000, 2.459374999999995600 ) ) ;
#3547 = EDGE_CURVE ( 'NONE', #3776, #1769, #1319, .T. ) ;
#3548 = EDGE_CURVE ( 'NONE', #3485, #2573, #633, .T. ) ;
#3549 = CARTESIAN_POINT ( 'NONE',  ( 1.320554748610671000, -3.188101183952080300, -0.6656250000000030200 ) ) ;
#3550 = EDGE_LOOP ( 'NONE', ( #3796, #3565, #6420, #2116 ) ) ;
#3551 = CARTESIAN_POINT ( 'NONE',  ( 2.405299255244669700, 4.621031814931264100, 9.649999999999998600 ) ) ;
#3552 =( BOUNDED_CURVE ( )  B_SPLINE_CURVE ( 2, ( #4073, #3546, #5162, #5662, #4179, #1238, #4653, #4021, #722 ),
 .UNSPECIFIED., .F., .T. ) 
 B_SPLINE_CURVE_WITH_KNOTS ( ( 3, 2, 2, 2, 3 ),
 ( 0.6562500000000000000, 0.6640625000000000000, 0.6718750000000000000, 0.6796874999999998900, 0.6874999999999998900 ),
 .UNSPECIFIED. ) 
 CURVE ( )  GEOMETRIC_REPRESENTATION_ITEM ( )  RATIONAL_B_SPLINE_CURVE ( ( 1.000000000000000000, 0.9238795325112867400, 1.000000000000000000, 0.9238795325112867400, 1.000000000000000000, 0.9238795325112867400, 1.000000000000000000, 0.9238795325112878500, 0.9999999999999988900 ) ) 
 REPRESENTATION_ITEM ( '' )  );
#3553 = CARTESIAN_POINT ( 'NONE',  ( -1.320554748610672300, -3.188101183952079400, 1.521875000000000500 ) ) ;
#3554 = CARTESIAN_POINT ( 'NONE',  ( 1.320554748610671000, -3.188101183952079400, -8.321874999999998600 ) ) ;
#3555 = CARTESIAN_POINT ( 'NONE',  ( -0.7741543517424751600, 2.335615223040362800, 9.650000000000002100 ) ) ;
#3556 = CARTESIAN_POINT ( 'NONE',  ( -3.702280270745876400, -0.4007695370847653100, -8.996580276351219000 ) ) ;
#3557 = CARTESIAN_POINT ( 'NONE',  ( -2.245234642732816700, 4.621442892753650600, 9.649999999999998600 ) ) ;
#3558 = CARTESIAN_POINT ( 'NONE',  ( 6.500000000000000900, -0.6350190757010847300, 9.577831216351295800 ) ) ;
#3559 = CARTESIAN_POINT ( 'NONE',  ( 2.045519235100962800, 2.437559583530480200, 9.650000000000003900 ) ) ;
#3560 = CARTESIAN_POINT ( 'NONE',  ( 3.188101183952076800, -1.320554748610676100, 0.5843750000000015300 ) ) ;
#3561 = CARTESIAN_POINT ( 'NONE',  ( -3.188101183952076800, -1.365211559849160800E-015, -7.306250000000003000 ) ) ;
#3562 = CARTESIAN_POINT ( 'NONE',  ( 2.254327966281374000, -2.254327966281377100, -4.493749999999999500 ) ) ;
#3563 = LINE ( 'NONE', #1422, #3715 ) ;
#3564 = CARTESIAN_POINT ( 'NONE',  ( 2.254327966281374900, 2.254327966281370900, 0.9749999999999967600 ) ) ;
#3565 = ORIENTED_EDGE ( 'NONE', *, *, #3523, .F. ) ;
#3566 = ADVANCED_FACE ( 'NONE', ( #5631 ), #1107, .T. ) ;
#3567 = CARTESIAN_POINT ( 'NONE',  ( -0.6672583881127942500, 1.990639458113634000, 9.799999999999998900 ) ) ;
#3568 = EDGE_LOOP ( 'NONE', ( #4556, #2396, #5145, #3942 ) ) ;
#3569 = ADVANCED_FACE ( 'NONE', ( #3595 ), #3616, .T. ) ;
#3570 = ORIENTED_EDGE ( 'NONE', *, *, #5602, .T. ) ;
#3571 = CARTESIAN_POINT ( 'NONE',  ( -1.320554748610672300, -3.188101183952079900, 2.928124999999997000 ) ) ;
#3572 = ORIENTED_EDGE ( 'NONE', *, *, #437, .F. ) ;
#3573 = CARTESIAN_POINT ( 'NONE',  ( 3.254765357267184200, 3.374047059420318000, 9.799999999999998900 ) ) ;
#3574 = VERTEX_POINT ( 'NONE', #3580 ) ;
#3575 = CARTESIAN_POINT ( 'NONE',  ( -3.904297910284797800E-016, -3.188101183952079900, 5.350000000000000500 ) ) ;
#3576 = CARTESIAN_POINT ( 'NONE',  ( 2.876268721284919400, -2.876268721284923400, 6.170312500000000500 ) ) ;
#3577 = CARTESIAN_POINT ( 'NONE',  ( -0.4284878195517635200, 3.866770037532629700, 4.350000000000003200 ) ) ;
#3578 = ORIENTED_EDGE ( 'NONE', *, *, #6295, .T. ) ;
#3579 = CARTESIAN_POINT ( 'NONE',  ( -1.656854249492361000, -4.000000000000016000, -2.696875000000003500 ) ) ;
#3580 = CARTESIAN_POINT ( 'NONE',  ( 0.0000000000000000000, 3.999999999999993300, 1.756249999999996800 ) ) ;
#3581 = CARTESIAN_POINT ( 'NONE',  ( 0.0000000000000000000, 3.999999999999993300, 3.006249999999996100 ) ) ;
#3582 = CARTESIAN_POINT ( 'NONE',  ( -1.078567976066150200, 3.304776226086985100, 9.800000000000000700 ) ) ;
#3583 = CARTESIAN_POINT ( 'NONE',  ( 0.0000000000000000000, 3.188101183952074100, 0.9750000000000002000 ) ) ;
#3584 = CARTESIAN_POINT ( 'NONE',  ( -3.904297910284797800E-016, -3.188101183952078500, -6.993750000000002100 ) ) ;
#3585 = CARTESIAN_POINT ( 'NONE',  ( -3.993104247387535200E-016, -3.260617061317346200, -9.451882938682642200 ) ) ;
#3586 = ORIENTED_EDGE ( 'NONE', *, *, #3588, .T. ) ;
#3587 = CARTESIAN_POINT ( 'NONE',  ( -3.188101183952076800, -2.283696659209677200E-015, 0.1937499999999977600 ) ) ;
#3588 = EDGE_CURVE ( 'NONE', #3168, #2804, #2464, .T. ) ;
#3589 = CARTESIAN_POINT ( 'NONE',  ( -6.500000000000003600, 3.145760533981324600, 9.172505120533760000 ) ) ;
#3590 = CARTESIAN_POINT ( 'NONE',  ( 2.924110317823652900, 2.924110317823650300, -9.728125000000000400 ) ) ;
#3591 = FACE_OUTER_BOUND ( 'NONE', #4943, .T. ) ;
#3592 = CARTESIAN_POINT ( 'NONE',  ( -3.188101183952076800, -3.202181758570193500E-015, 7.693749999999999600 ) ) ;
#3593 = CARTESIAN_POINT ( 'NONE',  ( -1.320554748610671700, 3.188101183952075900, -8.946875000000000400 ) ) ;
#3594 = ADVANCED_FACE ( 'NONE', ( #4360 ), #2689, .T. ) ;
#3595 = FACE_OUTER_BOUND ( 'NONE', #1243, .T. ) ;
#3596 = CARTESIAN_POINT ( 'NONE',  ( -2.254327966281374400, -2.254327966281377100, 5.193750000000000500 ) ) ;
#3597 = CARTESIAN_POINT ( 'NONE',  ( -2.876268721284919400, 2.876268721284916300, 6.795312500000001400 ) ) ;
#3598 = CARTESIAN_POINT ( 'NONE',  ( -3.178567976066149800, 3.664151226086984600, 9.799999999999998900 ) ) ;
#3599 = CARTESIAN_POINT ( 'NONE',  ( 1.898134522565445800, 2.121265293969508000, 9.800000000000000700 ) ) ;
#3600 = DIRECTION ( 'NONE',  ( 0.0000000000000000000, 1.000000000000000000, 0.0000000000000000000 ) ) ;
#3601 = CARTESIAN_POINT ( 'NONE',  ( -1.389071983464443200, 3.716938681468900300, 9.800000000000002500 ) ) ;
#3602 = CARTESIAN_POINT ( 'NONE',  ( -3.999999999999995600, -2.616684319627994700E-015, 3.318749999999996500 ) ) ;
#3603 = CARTESIAN_POINT ( 'NONE',  ( -3.999999999999996400, 1.656854249492377300, -5.509375000000004800 ) ) ;
#3604 = DIRECTION ( 'NONE',  ( -0.9950371902099891500, -0.09950371902099883200, 0.0000000000000000000 ) ) ;
#3605 = CARTESIAN_POINT ( 'NONE',  ( 1.320554748610673900, 3.188101183952072800, 3.396875000000000100 ) ) ;
#3606 = CARTESIAN_POINT ( 'NONE',  ( 2.001358635409471900, 4.529699384057440000, 9.650000000000003900 ) ) ;
#3607 = CARTESIAN_POINT ( 'NONE',  ( -2.876268721284919800, -2.876268721284920700, -9.142187499999998600 ) ) ;
#3608 = CARTESIAN_POINT ( 'NONE',  ( -2.254327966281374000, 2.254327966281371800, 0.03749999999999760500 ) ) ;
#3609 = CARTESIAN_POINT ( 'NONE',  ( 2.143633519861622500, 4.230619031743782600, 9.799999999999998900 ) ) ;
#3610 = CARTESIAN_POINT ( 'NONE',  ( 3.188101183952076800, 1.320554748610671000, -7.853125000000002100 ) ) ;
#3611 = CARTESIAN_POINT ( 'NONE',  ( -2.924110317823652500, -2.924110317823653400, -10.35312500000000000 ) ) ;
#3612 = CARTESIAN_POINT ( 'NONE',  ( 1.320554748610673900, 3.188101183952072300, 7.303124999999997000 ) ) ;
#3613 = CARTESIAN_POINT ( 'NONE',  ( -3.999999999999996400, 1.656854249492377300, -6.759375000000003900 ) ) ;
#3614 = CARTESIAN_POINT ( 'NONE',  ( -2.254327966281374000, 2.254327966281370900, 7.381250000000002300 ) ) ;
#3615 = CARTESIAN_POINT ( 'NONE',  ( -4.067658234670652500, -1.684879207899189200, 4.529687500000000500 ) ) ;
#3616 =( BOUNDED_SURFACE ( )  B_SPLINE_SURFACE ( 1, 2, ( 
 ( #4076, #3658, #4163, #2132, #2084, #5584, #2151, #6091, #4148, #5630, #5566, #3150, #2615, #106, #2593, #4096, #6070, #3593, #2652, #1174, #4633, #5645, #4262, #3700, #5742, #1239, #238, #6194, #1264, #4242, #3684, #2774, #3740, #744, #2216, #216, #724, #2759, #762, #3258, #5688, #1732, #5246, #3237, #4717, #6174, #1300, #272, #3205, #5722, #3719, #5164, #256, #6233, #5229, #4681, #3755, #3222, #2698, #192, #2277, #2715, #4227, #1283, #1750, #2194, #6217, #783, #4207, #2255, #4760, #4738, #1765, #4700, #5664, #2738, #5207, #6155, #2235, #3186, #4181, #5708, #705, #1219, #1711, #5183, #1320, #5306, #4317, #5343, #801, #6329, #6309, #878, #2793, #3336, #293, #1789, #5286, #331, #3816, #5818, #2294, #5324, #837, #2847, #6249, #5779, #352, #818, #4835, #3832, #6292, #1342, #3313, #1866, #5764, #1359, #4299, #4817, #2370, #5837, #2871, #4792, #1823, #3772, #2330, #860, #3279, #3356, #375, #5797, #3853, #4282, #2832, #1841, #4339, #2356, #4357, #1375, #4772, #2814, #1395, #313, #6269, #2306, #5265, #1808, #3291, #3791, #3968, #3402, #5454, #922, #6393, #5900, #944, #3941, #3375, #2485, #3449, #433, #1905, #6374, #410, #2458, #461, #2978, #5385, #1437, #4939, #2957, #4419, #5877, #991, #6445, #2911, #5426, #3426, #4853, #6415, #5945, #4917, #4376, #3471, #2928, #2390, #6352, #1974, #2418, #3920, #965, #1457, #1887, #5925, #482, #3900, #1953, #4465, #4443, #1487, #4395, #5363, #2436, #4901, #5857, #1927, #2895, #3880, #5402, #391, #899, #1418, #4879, #1126, #5117, #4144, #5160, #608, #6151, #6129, #700, #2514, #3164, #104, #1512, #5095, #150, #3629, #5642, #2001, #5140, #656, #2671, #6065, #5605, #170, #635, #4650, #3652, #6107, #1147, #3148, #1689, #5477, #1168, #4115, #4629, #2188 ),
 ( #1648, #678, #5628, #3180, #4093, #3103, #3611, #187, #3679, #1624, #1671, #3126, #4160, #4968, #3590, #4588, #1195, #4178, #5661, #2166, #2129, #2693, #1216, #2626, #6089, #2149, #124, #2648, #4610, #5223, #3273, #2231, #6245, #4676, #4255, #1762, #4696, #1236, #3233, #2769, #2270, #5178, #3750, #2732, #5759, #209, #778, #1749, #5735, #4224, #6228, #2289, #720, #2248, #3251, #5200, #3697, #5703, #3714, #6170, #4201, #4754, #4238, #2753, #3201, #267, #2788, #6211, #6190, #1782, #286, #1295, #1728, #3219, #253, #1257, #5260, #4713, #233, #740, #5718, #3767, #796, #4276, #1704, #2211, #5683, #757, #3736, #4732, #1279, #2711, #5241, #1881, #325, #1387, #5336, #2841, #1369, #2322, #2862, #6303, #368, #2381, #3808, #1355, #829, #344, #4312, #4828, #3287, #5792, #6324, #6284, #4351, #5850, #3330, #4808, #1834, #307, #5300, #386, #4846, #3349, #2887, #813, #2364, #2827, #5318, #3846, #2349, #6343, #3785, #5775, #3304, #3368, #3872, #1337, #4330, #5809, #871, #4769, #1803, #2807, #5830, #890, #5355, #3826, #4295, #853, #1858, #5279, #6262, #1312, #2302, #4785, #1819, #4909, #2993, #1919, #5957, #4368, #3959, #1476, #4388, #914, #2948, #2478, #1966, #4869, #3464, #2430, #5470, #6367, #476, #1449, #5444, #3913, #5939, #1991, #403, #1944, #2972, #4892, #3392, #5396, #3419, #5869, #3894, #4457, #3934, #2449, #2903, #6436, #2505, #5916, #5892, #1504, #8, #983, #1431, #2922, #6406, #937, #4958, #4411, #6384, #427, #5418, #3488, #496, #3987, #1411, #1898, #5377, #452, #3440, #4434, #957, #2409, #4930, #1611, #47, #1115, #5066, #2579, #1089, #2048, #2601, #6032, #95, #2115, #3536, #1063, #555, #74, #4039, #4552, #3021, #5524, #6053, #6012, #4083, #5592, #3073, #4532, #1575, #28, #5014 ) ),
 .UNSPECIFIED., .F., .F., .T. ) 
 B_SPLINE_SURFACE_WITH_KNOTS ( ( 2, 2 ),
 ( 3, 2, 2, 2, 2, 2, 2, 2, 2, 2, 2, 2, 2, 2, 2, 2, 2, 2, 2, 2, 2, 2, 2, 2, 2, 2, 2, 2, 2, 2, 2, 2, 2, 2, 2, 2, 2, 2, 2, 2, 2, 2, 2, 2, 2, 2, 2, 2, 2, 2, 2, 2, 2, 2, 2, 2, 2, 2, 2, 2, 2, 2, 2, 2, 2, 2, 2, 2, 2, 2, 2, 2, 2, 2, 2, 2, 2, 2, 2, 2, 2, 2, 2, 2, 2, 2, 2, 2, 2, 2, 2, 2, 2, 2, 2, 2, 2, 2, 2, 2, 2, 2, 2, 2, 2, 2, 2, 2, 2, 2, 2, 2, 2, 2, 2, 2, 2, 2, 2, 2, 2, 2, 2, 2, 3 ),
 ( 0.0000000000000000000, 1.000000000000000000 ),
 ( 0.0000000000000000000, 0.007812500000000000000, 0.01562500000000000000, 0.02343750000000000000, 0.03125000000000000000, 0.03906250000000000000, 0.04687500000000000000, 0.05468750000000000000, 0.06250000000000000000, 0.07031250000000000000, 0.07812500000000000000, 0.08593750000000000000, 0.09375000000000000000, 0.1015625000000000000, 0.1093750000000000000, 0.1171875000000000000, 0.1250000000000000000, 0.1328125000000000000, 0.1406250000000000000, 0.1484375000000000000, 0.1562500000000000000, 0.1640625000000000000, 0.1718750000000000000, 0.1796875000000000000, 0.1875000000000000000, 0.1953125000000000000, 0.2031250000000000000, 0.2109375000000000000, 0.2187500000000000000, 0.2265625000000000000, 0.2343750000000000000, 0.2421875000000000000, 0.2500000000000000000, 0.2578125000000000000, 0.2656250000000000000, 0.2734375000000000000, 0.2812500000000000000, 0.2890625000000000000, 0.2968750000000000000, 0.3046875000000000000, 0.3125000000000000000, 0.3203125000000000000, 0.3281250000000000000, 0.3359375000000000000, 0.3437500000000000000, 0.3515625000000000000, 0.3593750000000000000, 0.3671875000000000000, 0.3750000000000000000, 0.3828125000000000000, 0.3906250000000000000, 0.3984375000000000000, 0.4062500000000000000, 0.4140625000000000000, 0.4218750000000000000, 0.4296875000000000000, 0.4375000000000000000, 0.4453125000000000000, 0.4531250000000000000, 0.4609375000000000000, 0.4687500000000000000, 0.4765625000000000000, 0.4843750000000000000, 0.4921875000000000000, 0.5000000000000000000, 0.5078125000000000000, 0.5156250000000000000, 0.5234375000000000000, 0.5312500000000000000, 0.5390625000000000000, 0.5468750000000000000, 0.5546875000000000000, 0.5625000000000000000, 0.5703125000000000000, 0.5781250000000000000, 0.5859375000000000000, 0.5937500000000000000, 0.6015625000000000000, 0.6093750000000000000, 0.6171875000000000000, 0.6250000000000000000, 0.6328125000000000000, 0.6406250000000000000, 0.6484375000000000000, 0.6562500000000000000, 0.6640625000000000000, 0.6718750000000000000, 0.6796875000000000000, 0.6875000000000000000, 0.6953125000000000000, 0.7031250000000000000, 0.7109375000000000000, 0.7187500000000000000, 0.7265625000000000000, 0.7343750000000000000, 0.7421875000000000000, 0.7500000000000000000, 0.7578125000000000000, 0.7656250000000000000, 0.7734375000000000000, 0.7812500000000000000, 0.7890625000000000000, 0.7968750000000000000, 0.8046875000000000000, 0.8125000000000000000, 0.8203125000000000000, 0.8281250000000000000, 0.8359375000000000000, 0.8437500000000000000, 0.8515625000000000000, 0.8593750000000000000, 0.8671875000000000000, 0.8750000000000000000, 0.8828125000000000000, 0.8906250000000000000, 0.8984375000000000000, 0.9062500000000000000, 0.9140625000000000000, 0.9218750000000000000, 0.9296875000000000000, 0.9375000000000000000, 0.9453125000000000000, 0.9531250000000000000, 0.9609375000000000000, 0.9649979779749882100 ),
 .UNSPECIFIED. ) 
 GEOMETRIC_REPRESENTATION_ITEM ( )  RATIONAL_B_SPLINE_SURFACE ( (
 ( 1.000000000000000000, 0.9238795325112867400, 1.000000000000000000, 0.9238795325112867400, 1.000000000000000000, 0.9238795325112867400, 1.000000000000000000, 0.9238795325112867400, 1.000000000000000000, 0.9238795325112867400, 1.000000000000000000, 0.9238795325112867400, 1.000000000000000000, 0.9238795325112867400, 1.000000000000000000, 0.9238795325112867400, 1.000000000000000000, 0.9238795325112867400, 1.000000000000000000, 0.9238795325112867400, 1.000000000000000000, 0.9238795325112867400, 1.000000000000000000, 0.9238795325112867400, 1.000000000000000000, 0.9238795325112867400, 1.000000000000000000, 0.9238795325112867400, 1.000000000000000000, 0.9238795325112867400, 1.000000000000000000, 0.9238795325112867400, 1.000000000000000000, 0.9238795325112867400, 1.000000000000000000, 0.9238795325112867400, 1.000000000000000000, 0.9238795325112867400, 1.000000000000000000, 0.9238795325112867400, 1.000000000000000000, 0.9238795325112867400, 1.000000000000000000, 0.9238795325112867400, 1.000000000000000000, 0.9238795325112867400, 1.000000000000000000, 0.9238795325112867400, 1.000000000000000000, 0.9238795325112867400, 1.000000000000000000, 0.9238795325112867400, 1.000000000000000000, 0.9238795325112867400, 1.000000000000000000, 0.9238795325112867400, 1.000000000000000000, 0.9238795325112867400, 1.000000000000000000, 0.9238795325112867400, 1.000000000000000000, 0.9238795325112867400, 1.000000000000000000, 0.9238795325112867400, 1.000000000000000000, 0.9238795325112867400, 1.000000000000000000, 0.9238795325112867400, 1.000000000000000000, 0.9238795325112867400, 1.000000000000000000, 0.9238795325112867400, 1.000000000000000000, 0.9238795325112867400, 1.000000000000000000, 0.9238795325112867400, 1.000000000000000000, 0.9238795325112867400, 1.000000000000000000, 0.9238795325112867400, 1.000000000000000000, 0.9238795325112867400, 1.000000000000000000, 0.9238795325112867400, 1.000000000000000000, 0.9238795325112867400, 1.000000000000000000, 0.9238795325112867400, 1.000000000000000000, 0.9238795325112867400, 1.000000000000000000, 0.9238795325112867400, 1.000000000000000000, 0.9238795325112867400, 1.000000000000000000, 0.9238795325112867400, 1.000000000000000000, 0.9238795325112867400, 1.000000000000000000, 0.9238795325112867400, 1.000000000000000000, 0.9238795325112867400, 1.000000000000000000, 0.9238795325112867400, 1.000000000000000000, 0.9238795325112867400, 1.000000000000000000, 0.9238795325112867400, 1.000000000000000000, 0.9238795325112867400, 1.000000000000000000, 0.9238795325112867400, 1.000000000000000000, 0.9238795325112867400, 1.000000000000000000, 0.9238795325112867400, 1.000000000000000000, 0.9238795325112867400, 1.000000000000000000, 0.9238795325112867400, 1.000000000000000000, 0.9238795325112867400, 1.000000000000000000, 0.9238795325112867400, 1.000000000000000000, 0.9238795325112867400, 1.000000000000000000, 0.9238795325112867400, 1.000000000000000000, 0.9238795325112867400, 1.000000000000000000, 0.9238795325112867400, 1.000000000000000000, 0.9238795325112867400, 1.000000000000000000, 0.9238795325112867400, 1.000000000000000000, 0.9238795325112867400, 1.000000000000000000, 0.9238795325112867400, 1.000000000000000000, 0.9238795325112867400, 1.000000000000000000, 0.9238795325112867400, 1.000000000000000000, 0.9238795325112867400, 1.000000000000000000, 0.9238795325112867400, 1.000000000000000000, 0.9238795325112867400, 1.000000000000000000, 0.9238795325112867400, 1.000000000000000000, 0.9238795325112867400, 1.000000000000000000, 0.9238795325112867400, 1.000000000000000000, 0.9238795325112867400, 1.000000000000000000, 0.9238795325112867400, 1.000000000000000000, 0.9238795325112867400, 1.000000000000000000, 0.9238795325112867400, 1.000000000000000000, 0.9238795325112867400, 1.000000000000000000, 0.9238795325112867400, 1.000000000000000000, 0.9238795325112867400, 1.000000000000000000, 0.9238795325112867400, 1.000000000000000000, 0.9238795325112867400, 1.000000000000000000, 0.9238795325112867400, 1.000000000000000000, 0.9238795325112867400, 1.000000000000000000, 0.9238795325112867400, 1.000000000000000000, 0.9238795325112867400, 1.000000000000000000, 0.9238795325112867400, 1.000000000000000000, 0.9238795325112867400, 1.000000000000000000, 0.9238795325112867400, 1.000000000000000000, 0.9238795325112867400, 1.000000000000000000, 0.9238795325112867400, 1.000000000000000000, 0.9238795325112867400, 1.000000000000000000, 0.9238795325112867400, 1.000000000000000000, 0.9238795325112867400, 1.000000000000000000, 0.9238795325112867400, 1.000000000000000000, 0.9238795325112867400, 1.000000000000000000, 0.9238795325112867400, 1.000000000000000000, 0.9238795325112867400, 1.000000000000000000, 0.9238795325112867400, 1.000000000000000000, 0.9238795325112867400, 1.000000000000000000, 0.9238795325112867400, 1.000000000000000000, 0.9238795325112867400, 1.000000000000000000, 0.9238795325112867400, 1.000000000000000000, 0.9238795325112867400, 1.000000000000000000, 0.9238795325112867400, 1.000000000000000000, 0.9238795325112867400, 1.000000000000000000, 0.9238795325112867400, 1.000000000000000000, 0.9238795325112867400, 1.000000000000000000, 0.9238795325112867400, 1.000000000000000000, 0.9238795325112867400, 1.000000000000000000, 0.9238795325112867400, 1.000000000000000000, 0.9238795325112867400, 1.000000000000000000, 0.9238795325112867400, 1.000000000000000000, 0.9238795325112867400, 1.000000000000000000, 0.9238795325112867400, 1.000000000000000000, 0.9238795325112867400, 1.000000000000000000, 0.9238795325112867400, 1.000000000000000000, 0.9238795325112867400, 1.000000000000000000, 0.9604370583444830100, 0.9619990967127665100),
 ( 1.000000000000000000, 0.9238795325112867400, 1.000000000000000000, 0.9238795325112867400, 1.000000000000000000, 0.9238795325112867400, 1.000000000000000000, 0.9238795325112867400, 1.000000000000000000, 0.9238795325112867400, 1.000000000000000000, 0.9238795325112867400, 1.000000000000000000, 0.9238795325112867400, 1.000000000000000000, 0.9238795325112867400, 1.000000000000000000, 0.9238795325112867400, 1.000000000000000000, 0.9238795325112867400, 1.000000000000000000, 0.9238795325112867400, 1.000000000000000000, 0.9238795325112867400, 1.000000000000000000, 0.9238795325112867400, 1.000000000000000000, 0.9238795325112867400, 1.000000000000000000, 0.9238795325112867400, 1.000000000000000000, 0.9238795325112867400, 1.000000000000000000, 0.9238795325112867400, 1.000000000000000000, 0.9238795325112867400, 1.000000000000000000, 0.9238795325112867400, 1.000000000000000000, 0.9238795325112867400, 1.000000000000000000, 0.9238795325112867400, 1.000000000000000000, 0.9238795325112867400, 1.000000000000000000, 0.9238795325112867400, 1.000000000000000000, 0.9238795325112867400, 1.000000000000000000, 0.9238795325112867400, 1.000000000000000000, 0.9238795325112867400, 1.000000000000000000, 0.9238795325112867400, 1.000000000000000000, 0.9238795325112867400, 1.000000000000000000, 0.9238795325112867400, 1.000000000000000000, 0.9238795325112867400, 1.000000000000000000, 0.9238795325112867400, 1.000000000000000000, 0.9238795325112867400, 1.000000000000000000, 0.9238795325112867400, 1.000000000000000000, 0.9238795325112867400, 1.000000000000000000, 0.9238795325112867400, 1.000000000000000000, 0.9238795325112867400, 1.000000000000000000, 0.9238795325112867400, 1.000000000000000000, 0.9238795325112867400, 1.000000000000000000, 0.9238795325112867400, 1.000000000000000000, 0.9238795325112867400, 1.000000000000000000, 0.9238795325112867400, 1.000000000000000000, 0.9238795325112867400, 1.000000000000000000, 0.9238795325112867400, 1.000000000000000000, 0.9238795325112867400, 1.000000000000000000, 0.9238795325112867400, 1.000000000000000000, 0.9238795325112867400, 1.000000000000000000, 0.9238795325112867400, 1.000000000000000000, 0.9238795325112867400, 1.000000000000000000, 0.9238795325112867400, 1.000000000000000000, 0.9238795325112867400, 1.000000000000000000, 0.9238795325112867400, 1.000000000000000000, 0.9238795325112867400, 1.000000000000000000, 0.9238795325112867400, 1.000000000000000000, 0.9238795325112867400, 1.000000000000000000, 0.9238795325112867400, 1.000000000000000000, 0.9238795325112867400, 1.000000000000000000, 0.9238795325112867400, 1.000000000000000000, 0.9238795325112867400, 1.000000000000000000, 0.9238795325112867400, 1.000000000000000000, 0.9238795325112867400, 1.000000000000000000, 0.9238795325112867400, 1.000000000000000000, 0.9238795325112867400, 1.000000000000000000, 0.9238795325112867400, 1.000000000000000000, 0.9238795325112867400, 1.000000000000000000, 0.9238795325112867400, 1.000000000000000000, 0.9238795325112867400, 1.000000000000000000, 0.9238795325112867400, 1.000000000000000000, 0.9238795325112867400, 1.000000000000000000, 0.9238795325112867400, 1.000000000000000000, 0.9238795325112867400, 1.000000000000000000, 0.9238795325112867400, 1.000000000000000000, 0.9238795325112867400, 1.000000000000000000, 0.9238795325112867400, 1.000000000000000000, 0.9238795325112867400, 1.000000000000000000, 0.9238795325112867400, 1.000000000000000000, 0.9238795325112867400, 1.000000000000000000, 0.9238795325112867400, 1.000000000000000000, 0.9238795325112867400, 1.000000000000000000, 0.9238795325112867400, 1.000000000000000000, 0.9238795325112867400, 1.000000000000000000, 0.9238795325112867400, 1.000000000000000000, 0.9238795325112867400, 1.000000000000000000, 0.9238795325112867400, 1.000000000000000000, 0.9238795325112867400, 1.000000000000000000, 0.9238795325112867400, 1.000000000000000000, 0.9238795325112867400, 1.000000000000000000, 0.9238795325112867400, 1.000000000000000000, 0.9238795325112867400, 1.000000000000000000, 0.9238795325112867400, 1.000000000000000000, 0.9238795325112867400, 1.000000000000000000, 0.9238795325112867400, 1.000000000000000000, 0.9238795325112867400, 1.000000000000000000, 0.9238795325112867400, 1.000000000000000000, 0.9238795325112867400, 1.000000000000000000, 0.9238795325112867400, 1.000000000000000000, 0.9238795325112867400, 1.000000000000000000, 0.9238795325112867400, 1.000000000000000000, 0.9238795325112867400, 1.000000000000000000, 0.9238795325112867400, 1.000000000000000000, 0.9238795325112867400, 1.000000000000000000, 0.9238795325112867400, 1.000000000000000000, 0.9238795325112867400, 1.000000000000000000, 0.9238795325112867400, 1.000000000000000000, 0.9238795325112867400, 1.000000000000000000, 0.9238795325112867400, 1.000000000000000000, 0.9238795325112867400, 1.000000000000000000, 0.9238795325112867400, 1.000000000000000000, 0.9238795325112867400, 1.000000000000000000, 0.9238795325112867400, 1.000000000000000000, 0.9238795325112867400, 1.000000000000000000, 0.9238795325112867400, 1.000000000000000000, 0.9238795325112867400, 1.000000000000000000, 0.9238795325112867400, 1.000000000000000000, 0.9238795325112867400, 1.000000000000000000, 0.9238795325112867400, 1.000000000000000000, 0.9238795325112867400, 1.000000000000000000, 0.9238795325112867400, 1.000000000000000000, 0.9238795325112867400, 1.000000000000000000, 0.9238795325112867400, 1.000000000000000000, 0.9238795325112867400, 1.000000000000000000, 0.9238795325112867400, 1.000000000000000000, 0.9238795325112867400, 1.000000000000000000, 0.9238795325112867400, 1.000000000000000000, 0.9604370583444830100, 0.9619990967127665100) ) ) 
 REPRESENTATION_ITEM ( '' )  SURFACE ( )  );
#3617 = CARTESIAN_POINT ( 'NONE',  ( -0.8175928220254142800, 2.363725484758435700, 9.799999999999998900 ) ) ;
#3618 = CARTESIAN_POINT ( 'NONE',  ( 2.145408237096889900, 6.266901476255607200, 9.521913124993219000 ) ) ;
#3619 = CARTESIAN_POINT ( 'NONE',  ( -0.3393800281771314200, 2.363649890062729000, 9.799999999999998900 ) ) ;
#3620 = CARTESIAN_POINT ( 'NONE',  ( 3.196045344954554900, 2.747671166332913600, 9.799999999999998900 ) ) ;
#3621 = EDGE_LOOP ( 'NONE', ( #5289, #155, #5274, #3128 ) ) ;
#3622 = CARTESIAN_POINT ( 'NONE',  ( -1.316484593987070900, 2.549206372011267000, 9.799999999999997200 ) ) ;
#3623 = CARTESIAN_POINT ( 'NONE',  ( 0.2547653572671834700, 3.303734559420318000, 9.649999999999993200 ) ) ;
#3624 = CARTESIAN_POINT ( 'NONE',  ( 1.684879207899189200, 4.067658234670649800, -3.439062499999999500 ) ) ;
#3625 = CARTESIAN_POINT ( 'NONE',  ( -3.188101183952076800, -2.589858358996516200E-015, 2.693749999999998300 ) ) ;
#3626 = CARTESIAN_POINT ( 'NONE',  ( 2.417768035531345100, 4.320889949271676600, 9.799999999999998900 ) ) ;
#3627 = CARTESIAN_POINT ( 'NONE',  ( 1.320554748610671000, -3.188101183952079400, -5.665625000000002100 ) ) ;
#3628 = VECTOR ( 'NONE', #2065, 1000.000000000000000 ) ;
#3629 = CARTESIAN_POINT ( 'NONE',  ( -3.188101183952076800, -3.183046652333516600E-015, 7.537500000000002300 ) ) ;
#3630 = DIRECTION ( 'NONE',  ( -0.0000000000000000000, -0.0000000000000000000, -1.000000000000000000 ) ) ;
#3631 = CARTESIAN_POINT ( 'NONE',  ( 3.188101183952076800, -1.320554748610677000, 8.240624999999997900 ) ) ;
#3632 = CARTESIAN_POINT ( 'NONE',  ( -3.178567976066149800, 3.664151226086984600, 9.649999999999998600 ) ) ;
#3633 = VECTOR ( 'NONE', #4008, 1000.000000000000000 ) ;
#3634 = ORIENTED_EDGE ( 'NONE', *, *, #673, .F. ) ;
#3635 = CARTESIAN_POINT ( 'NONE',  ( -1.684879207899186100, 4.067658234670649800, 4.217187500000000500 ) ) ;
#3636 = CARTESIAN_POINT ( 'NONE',  ( 3.293410136389404400, 0.7429875962646895800, 4.350000000000008500 ) ) ;
#3637 = ORIENTED_EDGE ( 'NONE', *, *, #208, .F. ) ;
#3638 = CARTESIAN_POINT ( 'NONE',  ( 6.500000000000000900, 4.611760796915489600E-015, 9.577831216351295800 ) ) ;
#3639 = CARTESIAN_POINT ( 'NONE',  ( 0.0000000000000000000, 3.999999999999994200, -6.993750000000003000 ) ) ;
#3640 = CARTESIAN_POINT ( 'NONE',  ( 0.0000000000000000000, 3.999999999999994200, -4.493750000000003000 ) ) ;
#3641 = CARTESIAN_POINT ( 'NONE',  ( -3.321472300411929700E-016, -7.505553499465134900, 4.548750000000001000 ) ) ;
#3642 = CARTESIAN_POINT ( 'NONE',  ( 3.248646811094512800, 3.141648341597830500, 9.800000000000004300 ) ) ;
#3643 = VERTEX_POINT ( 'NONE', #3838 ) ;
#3644 = CARTESIAN_POINT ( 'NONE',  ( -1.272123784977943700, 2.434156293486486000, 9.800000000000004300 ) ) ;
#3645 = EDGE_CURVE ( 'NONE', #812, #6148, #817, .T. ) ;
#3646 = CARTESIAN_POINT ( 'NONE',  ( 2.144422359360416600, 4.589508658479884300, 9.799999999999998900 ) ) ;
#3647 = CARTESIAN_POINT ( 'NONE',  ( -4.067658234670652500, -1.684879207899188100, -2.970312499999999900 ) ) ;
#3648 = CARTESIAN_POINT ( 'NONE',  ( 1.320554748610673900, 3.188101183952072800, 4.803124999999999600 ) ) ;
#3649 = ORIENTED_EDGE ( 'NONE', *, *, #3588, .F. ) ;
#3650 = EDGE_CURVE ( 'NONE', #2336, #356, #148, .T. ) ;
#3651 = CARTESIAN_POINT ( 'NONE',  ( -3.904297910284797800E-016, -3.188101183952078100, -9.493750000000002100 ) ) ;
#3652 = CARTESIAN_POINT ( 'NONE',  ( 1.320554748610673900, 3.188101183952072300, 8.396875000000001400 ) ) ;
#3653 = ORIENTED_EDGE ( 'NONE', *, *, #1975, .F. ) ;
#3654 = ORIENTED_EDGE ( 'NONE', *, *, #5862, .T. ) ;
#3655 = CARTESIAN_POINT ( 'NONE',  ( 2.889209656164635700, 3.994741871271932700, 9.799999999999998900 ) ) ;
#3656 = ORIENTED_EDGE ( 'NONE', *, *, #1209, .F. ) ;
#3657 = CARTESIAN_POINT ( 'NONE',  ( 1.320554748610673900, 3.188101183952072300, 6.053124999999996100 ) ) ;
#3658 = CARTESIAN_POINT ( 'NONE',  ( -1.320554748610671700, 3.188101183952075900, -10.19687499999999900 ) ) ;
#3659 = ORIENTED_EDGE ( 'NONE', *, *, #2209, .T. ) ;
#3660 = CARTESIAN_POINT ( 'NONE',  ( 4.067658234670651600, 1.684879207899183700, 7.654687499999999600 ) ) ;
#3661 = CARTESIAN_POINT ( 'NONE',  ( 2.927513862207171700, 1.922739323175325600, 4.349999999999951700 ) ) ;
#3662 = LINE ( 'NONE', #2191, #3802 ) ;
#3663 = CARTESIAN_POINT ( 'NONE',  ( 2.339661190600517600, 1.988109559420317800, 9.799999999999998900 ) ) ;
#3664 = CARTESIAN_POINT ( 'NONE',  ( -4.898587196589407900E-016, -3.999999999999997300, -5.274999999999997700 ) ) ;
#3665 =( BOUNDED_CURVE ( )  B_SPLINE_CURVE ( 2, ( #6200, #730, #2221, #1739, #4640, #1224, #1680, #3668, #2723 ),
 .UNSPECIFIED., .F., .T. ) 
 B_SPLINE_CURVE_WITH_KNOTS ( ( 3, 2, 2, 2, 3 ),
 ( 0.5937500000000001100, 0.6015625000000001100, 0.6093750000000000000, 0.6171875000000000000, 0.6250000000000000000 ),
 .UNSPECIFIED. ) 
 CURVE ( )  GEOMETRIC_REPRESENTATION_ITEM ( )  RATIONAL_B_SPLINE_CURVE ( ( 0.9999999999999988900, 0.9238795325112878500, 1.000000000000000000, 0.9238795325112867400, 1.000000000000000000, 0.9238795325112867400, 1.000000000000000000, 0.9238795325112867400, 1.000000000000000000 ) ) 
 REPRESENTATION_ITEM ( '' )  );
#3666 = DIRECTION ( 'NONE',  ( 0.4999999999999997200, 0.8660254037844388200, -0.0000000000000000000 ) ) ;
#3667 = CARTESIAN_POINT ( 'NONE',  ( 1.589507555827615900, 3.667852806869520400, 9.649999999999998600 ) ) ;
#3668 = CARTESIAN_POINT ( 'NONE',  ( 1.656854249492381500, 3.999999999999992500, 2.771875000000002800 ) ) ;
#3669 = CARTESIAN_POINT ( 'NONE',  ( 2.002331533392190700, 4.073404009978878200, 9.649999999999996800 ) ) ;
#3670 = CARTESIAN_POINT ( 'NONE',  ( 0.0000000000000000000, -2.546799723626479500E-015, -9.649999999999998600 ) ) ;
#3671 = CARTESIAN_POINT ( 'NONE',  ( 1.684879207899189200, 4.067658234670649800, -2.189062499999999000 ) ) ;
#3672 = CARTESIAN_POINT ( 'NONE',  ( -3.188101183952076800, 1.320554748610668800, 6.365624999999996100 ) ) ;
#3673 = EDGE_CURVE ( 'NONE', #2733, #6212, #5768, .T. ) ;
#3674 = LINE ( 'NONE', #5228, #85 ) ;
#3675 = CARTESIAN_POINT ( 'NONE',  ( -4.898587196589407900E-016, -3.999999999999997300, -2.774999999999999000 ) ) ;
#3676 = CARTESIAN_POINT ( 'NONE',  ( -3.188101183952076800, -1.212130709955741300E-015, -8.556250000000003900 ) ) ;
#3677 = CARTESIAN_POINT ( 'NONE',  ( 6.375000000000000900, 4.611760796948012000E-015, 9.649999999999998600 ) ) ;
#3678 = EDGE_CURVE ( 'NONE', #2497, #1984, #6086, .T. ) ;
#3679 = CARTESIAN_POINT ( 'NONE',  ( -5.064302077640169400E-016, -4.135316469341311100, -10.19687500000000000 ) ) ;
#3680 = CARTESIAN_POINT ( 'NONE',  ( 2.787771479976350900, 4.171931065678875500, 9.649999999999998600 ) ) ;
#3681 = CYLINDRICAL_SURFACE ( 'NONE', #1492, 3.999999999999997300 ) ;
#3682 = CARTESIAN_POINT ( 'NONE',  ( 3.254071600633902800, 3.255762487955023800, 9.649999999999996800 ) ) ;
#3683 = CARTESIAN_POINT ( 'NONE',  ( -1.320554748610671700, 3.188101183952073200, 6.209374999999996100 ) ) ;
#3684 = CARTESIAN_POINT ( 'NONE',  ( 2.254327966281374900, 2.254327966281371800, -7.931249999999999500 ) ) ;
#3685 = CARTESIAN_POINT ( 'NONE',  ( -3.904297910284797800E-016, -3.188101183952078500, -8.243750000000002100 ) ) ;
#3686 = CARTESIAN_POINT ( 'NONE',  ( 0.0000000000000000000, 3.999999999999994700, -9.649999999999998600 ) ) ;
#3687 = CARTESIAN_POINT ( 'NONE',  ( 3.999999999999995600, -2.295214534851811300E-015, -7.306250000000004800 ) ) ;
#3688 = CARTESIAN_POINT ( 'NONE',  ( 2.379300597501523600, 2.288918072942968300, 9.649999999999998600 ) ) ;
#3689 = CARTESIAN_POINT ( 'NONE',  ( -3.999999999999996400, -1.656854249492380800, -0.5093749999999990200 ) ) ;
#3690 = CARTESIAN_POINT ( 'NONE',  ( 2.032187773967161000, 4.118299489004034100, 9.649999999999998600 ) ) ;
#3691 = CARTESIAN_POINT ( 'NONE',  ( 0.2188800260764589800, 2.803174340570711500, 9.649999999999991500 ) ) ;
#3692 = CARTESIAN_POINT ( 'NONE',  ( 2.876268721284919400, -2.876268721284922500, -3.829687499999999900 ) ) ;
#3693 = CARTESIAN_POINT ( 'NONE',  ( -2.254327966281374400, -2.254327966281377100, 5.349999999999997000 ) ) ;
#3694 = DIRECTION ( 'NONE',  ( -0.0000000000000000000, -1.319585349029264000E-016, -1.000000000000000000 ) ) ;
#3695 = CARTESIAN_POINT ( 'NONE',  ( -4.898587196589407900E-016, -3.999999999999997300, -4.024999999999999500 ) ) ;
#3696 = CARTESIAN_POINT ( 'NONE',  ( 0.0000000000000000000, 3.999999999999994200, 0.3500000000000019200 ) ) ;
#3697 = CARTESIAN_POINT ( 'NONE',  ( -5.064302077640169400E-016, -4.135316469341312000, -6.446875000000001200 ) ) ;
#3698 = CARTESIAN_POINT ( 'NONE',  ( -6.500000000000002700, 3.752776749732565700, 8.997274632750535500 ) ) ;
#3699 = ORIENTED_EDGE ( 'NONE', *, *, #1401, .T. ) ;
#3700 = CARTESIAN_POINT ( 'NONE',  ( -1.320554748610672300, -3.188101183952078500, -8.478124999999998600 ) ) ;
#3701 = CARTESIAN_POINT ( 'NONE',  ( 4.067658234670652500, -4.283342869867563000E-015, 8.826562499999999600 ) ) ;
#3702 = ORIENTED_EDGE ( 'NONE', *, *, #5840, .F. ) ;
#3703 = CARTESIAN_POINT ( 'NONE',  ( -1.656854249492379000, -3.999999999999996400, -7.696875000000004800 ) ) ;
#3704 = CARTESIAN_POINT ( 'NONE',  ( 0.2231688864475426800, 3.789379571369831700, 9.800000000000002500 ) ) ;
#3705 = CARTESIAN_POINT ( 'NONE',  ( -1.044571530897580500, 2.128334886408231400, 9.649999999999998600 ) ) ;
#3706 = CARTESIAN_POINT ( 'NONE',  ( -1.159297142732816900, 2.238630392753651900, 9.800000000000000700 ) ) ;
#3707 = CARTESIAN_POINT ( 'NONE',  ( 1.921772960161527400, 3.761740223401365900, 9.649999999999998600 ) ) ;
#3708 = CARTESIAN_POINT ( 'NONE',  ( -0.5556353347449397600, 1.988458939000123000, 9.799999999999998900 ) ) ;
#3709 = CARTESIAN_POINT ( 'NONE',  ( -1.684879207899186500, -4.067658234670654200, -6.564062500000000400 ) ) ;
#3710 = LINE ( 'NONE', #3052, #3633 ) ;
#3711 = CARTESIAN_POINT ( 'NONE',  ( 0.0000000000000000000, 3.188101183952073200, 6.131249999999997900 ) ) ;
#3712 = CARTESIAN_POINT ( 'NONE',  ( 0.2231688864475426800, 3.789379571369831700, 9.800000000000002500 ) ) ;
#3713 = CARTESIAN_POINT ( 'NONE',  ( -3.904297910284797800E-016, -3.188101183952079400, -0.7437500000000031300 ) ) ;
#3714 = CARTESIAN_POINT ( 'NONE',  ( 2.924110317823652000, -2.924110317823654700, -6.290625000000002100 ) ) ;
#3715 = VECTOR ( 'NONE', #2588, 1000.000000000000000 ) ;
#3716 = VERTEX_POINT ( 'NONE', #1983 ) ;
#3717 = CARTESIAN_POINT ( 'NONE',  ( -1.656854249492379000, -3.999999999999999100, 2.303124999999995600 ) ) ;
#3718 = ORIENTED_EDGE ( 'NONE', *, *, #2007, .F. ) ;
#3719 = CARTESIAN_POINT ( 'NONE',  ( -2.254327966281374000, 2.254327966281372700, -6.368749999999999500 ) ) ;
#3720 = ORIENTED_EDGE ( 'NONE', *, *, #971, .T. ) ;
#3721 = CARTESIAN_POINT ( 'NONE',  ( 2.254327966281374000, -2.254327966281376700, -6.837500000000003000 ) ) ;
#3722 = VERTEX_POINT ( 'NONE', #2834 ) ;
#3723 = CARTESIAN_POINT ( 'NONE',  ( -0.9406455973197799200, -3.332552040440636400, 4.350000000000002300 ) ) ;
#3724 = CARTESIAN_POINT ( 'NONE',  ( -0.1311899896147447600, 4.493494510354686600, 9.799999999999997200 ) ) ;
#3725 = VERTEX_POINT ( 'NONE', #1911 ) ;
#3726 = CARTESIAN_POINT ( 'NONE',  ( -1.399704787346716600, 3.621266290953129000, 9.649999999999995000 ) ) ;
#3727 = EDGE_CURVE ( 'NONE', #536, #3793, #3371, .T. ) ;
#3728 = CARTESIAN_POINT ( 'NONE',  ( 0.08161290488245434600, 2.367720676379091200, 9.799999999999995400 ) ) ;
#3729 = CARTESIAN_POINT ( 'NONE',  ( -1.684879207899186100, 4.067658234670649800, 2.967187500000001000 ) ) ;
#3730 = ORIENTED_EDGE ( 'NONE', *, *, #3081, .F. ) ;
#3731 = CARTESIAN_POINT ( 'NONE',  ( 0.0000000000000000000, 3.188101183952075400, -10.27499999999999900 ) ) ;
#3732 = CARTESIAN_POINT ( 'NONE',  ( 1.957090313976457500, 3.973941014922306400, 9.799999999999998900 ) ) ;
#3733 = AXIS2_PLACEMENT_3D ( 'NONE', #5041, #30, #4041 ) ;
#3734 = CARTESIAN_POINT ( 'NONE',  ( 0.0000000000000000000, 3.188101183952074500, -1.368750000000001900 ) ) ;
#3735 = CARTESIAN_POINT ( 'NONE',  ( 2.921809941414166300, 3.248700570446148500, 9.649999999999996800 ) ) ;
#3736 = CARTESIAN_POINT ( 'NONE',  ( -5.064302077640169400E-016, -4.135316469341312000, -3.946875000000001700 ) ) ;
#3737 = VERTEX_POINT ( 'NONE', #469 ) ;
#3738 = CARTESIAN_POINT ( 'NONE',  ( 2.101083523291113100, 2.374414304606218700, 9.799999999999995400 ) ) ;
#3739 = CARTESIAN_POINT ( 'NONE',  ( -1.787479974062971400, -2.721175958499780600, 9.139059269105020500 ) ) ;
#3740 = CARTESIAN_POINT ( 'NONE',  ( 0.0000000000000000000, 3.188101183952075000, -7.774999999999998600 ) ) ;
#3741 = CYLINDRICAL_SURFACE ( 'NONE', #17, 3.999999999999997300 ) ;
#3742 = CARTESIAN_POINT ( 'NONE',  ( 3.188101183952076800, -1.320554748610675200, -8.009375000000002100 ) ) ;
#3743 = CARTESIAN_POINT ( 'NONE',  ( -0.02650692201040591100, 2.212326851413037000, 9.649999999999993200 ) ) ;
#3744 = CARTESIAN_POINT ( 'NONE',  ( -4.067658234670652500, 1.684879207899184100, 0.6234375000000007500 ) ) ;
#3745 = CARTESIAN_POINT ( 'NONE',  ( 3.188101183952076800, 1.320554748610671000, -9.259375000000002100 ) ) ;
#3746 = CARTESIAN_POINT ( 'NONE',  ( 3.999999999999995600, -1.656854249492383700, 3.865624999999997000 ) ) ;
#3747 = CARTESIAN_POINT ( 'NONE',  ( 1.922439812444268800, 3.802866881684902700, 9.800000000000000700 ) ) ;
#3748 = CARTESIAN_POINT ( 'NONE',  ( -3.188101183952076800, -1.320554748610673500, -4.728125000000003000 ) ) ;
#3749 = DIRECTION ( 'NONE',  ( -0.0000000000000000000, -0.0000000000000000000, -1.000000000000000000 ) ) ;
#3750 = CARTESIAN_POINT ( 'NONE',  ( 2.924110317823652000, -2.924110317823654700, -7.540625000000002100 ) ) ;
#3751 = CARTESIAN_POINT ( 'NONE',  ( 2.326119523933850800, 2.921442892753651800, 9.799999999999998900 ) ) ;
#3752 = CARTESIAN_POINT ( 'NONE',  ( -0.9438968169158026300, 4.541392957482208300, 9.799999999999998900 ) ) ;
#3753 = CARTESIAN_POINT ( 'NONE',  ( -2.578567976066149700, 2.021442892753651400, 9.799999999999998900 ) ) ;
#3754 = CARTESIAN_POINT ( 'NONE',  ( 1.293901111958929900, -2.918493501544945800, -9.524398816047916900 ) ) ;
#3755 = CARTESIAN_POINT ( 'NONE',  ( -3.904297910284797800E-016, -3.188101183952078500, -5.899999999999998600 ) ) ;
#3756 = CARTESIAN_POINT ( 'NONE',  ( -0.8171432290494419200, 4.252167130625183600, 9.649999999999998600 ) ) ;
#3757 = EDGE_CURVE ( 'NONE', #5791, #2234, #3145, .T. ) ;
#3758 = CARTESIAN_POINT ( 'NONE',  ( -4.067658234670652500, 1.684879207899184300, -0.6265624999999986900 ) ) ;
#3759 = CARTESIAN_POINT ( 'NONE',  ( -1.320554748610671700, 3.188101183952075400, -5.196874999999999500 ) ) ;
#3760 = CARTESIAN_POINT ( 'NONE',  ( -4.898587196589407900E-016, -3.999999999999998200, 3.631249999999997000 ) ) ;
#3761 = CARTESIAN_POINT ( 'NONE',  ( 2.427682023933850800, 3.221442892753651600, 9.649999999999998600 ) ) ;
#3762 = CARTESIAN_POINT ( 'NONE',  ( -0.001522784427191202000, 4.372044355548224500, 9.649999999999996800 ) ) ;
#3763 = CARTESIAN_POINT ( 'NONE',  ( 2.254327966281374000, -2.254327966281377100, -4.337500000000003000 ) ) ;
#3764 = CARTESIAN_POINT ( 'NONE',  ( 2.899052852403137100, 2.909271343902334100, 9.649999999999998600 ) ) ;
#3765 = CARTESIAN_POINT ( 'NONE',  ( -3.999999999999996400, -1.656854249492381200, 0.7406250000000022000 ) ) ;
#3766 = VERTEX_POINT ( 'NONE', #3980 ) ;
#3767 = CARTESIAN_POINT ( 'NONE',  ( -1.712904166305994500, 4.135316469341309400, -4.493750000000001200 ) ) ;
#3768 = CARTESIAN_POINT ( 'NONE',  ( 3.030159142556900300, -0.9910220632738052600, 4.349999999999998800 ) ) ;
#3769 = CARTESIAN_POINT ( 'NONE',  ( -0.1669799192477053100, -3.188101183952078100, -9.524398816047911600 ) ) ;
#3770 = DIRECTION ( 'NONE',  ( 0.0000000000000000000, 1.000000000000000000, 1.224646799147355200E-016 ) ) ;
#3771 = DIRECTION ( 'NONE',  ( 0.0000000000000000000, 1.000000000000000000, 0.0000000000000000000 ) ) ;
#3772 = CARTESIAN_POINT ( 'NONE',  ( 3.188101183952076800, 1.320554748610670100, -0.5093749999999994700 ) ) ;
#3773 = CYLINDRICAL_SURFACE ( 'NONE', #4527, 3.999999999999997300 ) ;
#3774 = CARTESIAN_POINT ( 'NONE',  ( -0.5785679760661498500, 2.288109559420317600, 9.799999999999998900 ) ) ;
#3775 = VECTOR ( 'NONE', #1523, 1000.000000000000000 ) ;
#3776 = VERTEX_POINT ( 'NONE', #1004 ) ;
#3777 = CARTESIAN_POINT ( 'NONE',  ( -2.667149517382294600, -2.473887511749642600, 4.350000000000019200 ) ) ;
#3778 = EDGE_CURVE ( 'NONE', #4876, #4342, #6126, .T. ) ;
#3779 = CARTESIAN_POINT ( 'NONE',  ( 4.067658234670651600, -1.684879207899191000, -0.001562499999999827900 ) ) ;
#3780 = CARTESIAN_POINT ( 'NONE',  ( 2.254327966281374000, -2.254327966281376200, -9.493749999999998600 ) ) ;
#3781 = ORIENTED_EDGE ( 'NONE', *, *, #4518, .F. ) ;
#3782 = CARTESIAN_POINT ( 'NONE',  ( 1.588098690600517200, 3.758422059420317900, 9.650000000000003900 ) ) ;
#3783 = CARTESIAN_POINT ( 'NONE',  ( -1.320554748610672300, -3.188101183952079000, -2.071875000000002600 ) ) ;
#3784 = CARTESIAN_POINT ( 'NONE',  ( -0.9280471427328166300, 4.143317892753651100, 9.799999999999998900 ) ) ;
#3785 = CARTESIAN_POINT ( 'NONE',  ( -4.135316469341310300, -2.139588472776860200E-015, -0.5093750000000011300 ) ) ;
#3786 = ORIENTED_EDGE ( 'NONE', *, *, #4903, .T. ) ;
#3787 = CARTESIAN_POINT ( 'NONE',  ( 2.920327412421619400, 3.827146540056639800, 9.800000000000000700 ) ) ;
#3788 = ORIENTED_EDGE ( 'NONE', *, *, #788, .T. ) ;
#3789 = CARTESIAN_POINT ( 'NONE',  ( 2.828427124746187200, -2.828427124746190300, 1.131250000000002500 ) ) ;
#3790 = CARTESIAN_POINT ( 'NONE',  ( 0.0000000000000000000, -2.546799723626479500E-015, -9.649999999999998600 ) ) ;
#3791 = CARTESIAN_POINT ( 'NONE',  ( -3.188101183952076800, -1.320554748610674300, 1.365625000000000500 ) ) ;
#3792 = VERTEX_POINT ( 'NONE', #3774 ) ;
#3793 = VERTEX_POINT ( 'NONE', #1398 ) ;
#3794 = CARTESIAN_POINT ( 'NONE',  ( 1.848847872052341400, 2.162219518107972400, 9.649999999999998600 ) ) ;
#3795 = ORIENTED_EDGE ( 'NONE', *, *, #395, .F. ) ;
#3796 = ORIENTED_EDGE ( 'NONE', *, *, #4837, .F. ) ;
#3797 = AXIS2_PLACEMENT_3D ( 'NONE', #2333, #3314, #3338 ) ;
#3798 =( BOUNDED_CURVE ( )  B_SPLINE_CURVE ( 2, ( #16, #3033, #2712, #702, #6153 ),
 .UNSPECIFIED., .F., .F. ) 
 B_SPLINE_CURVE_WITH_KNOTS ( ( 3, 2, 3 ),
 ( 0.04687500000000100600, 0.05468750000000048600, 0.06249999999999996500 ),
 .UNSPECIFIED. ) 
 CURVE ( )  GEOMETRIC_REPRESENTATION_ITEM ( )  RATIONAL_B_SPLINE_CURVE ( ( 0.9999999999999902300, 0.9238795325112965100, 1.000000000000000000, 0.9238795325112870700, 0.9999999999999996700 ) ) 
 REPRESENTATION_ITEM ( '' )  );
#3799 = CARTESIAN_POINT ( 'NONE',  ( -4.981444637114788700E-016, -4.067658234670655100, 2.264062500000000500 ) ) ;
#3800 = CARTESIAN_POINT ( 'NONE',  ( -2.254327966281374000, 2.254327966281373100, -8.868750000000000400 ) ) ;
#3801 = CARTESIAN_POINT ( 'NONE',  ( 0.2468249217244017100, 3.567860004842439400, 9.650000000000000400 ) ) ;
#3802 = VECTOR ( 'NONE', #5180, 1000.000000000000000 ) ;
#3803 = CARTESIAN_POINT ( 'NONE',  ( 3.999999999999995600, -3.653807077655909100E-015, 3.787500000000001400 ) ) ;
#3804 = AXIS2_PLACEMENT_3D ( 'NONE', #2527, #6030, #2089 ) ;
#3805 = CARTESIAN_POINT ( 'NONE',  ( 1.320554748610673900, 3.188101183952073600, -1.603124999999998600 ) ) ;
#3806 = CARTESIAN_POINT ( 'NONE',  ( 0.6857297635383355900, 2.188109559420317900, 9.137179487179485800 ) ) ;
#3807 = DIRECTION ( 'NONE',  ( 0.0000000000000000000, -1.000000000000000000, 1.319585349029264000E-016 ) ) ;
#3808 = CARTESIAN_POINT ( 'NONE',  ( -5.064302077640169400E-016, -4.135316469341312000, -2.696875000000001200 ) ) ;
#3809 = AXIS2_PLACEMENT_3D ( 'NONE', #1075, #2003, #5478 ) ;
#3810 = CARTESIAN_POINT ( 'NONE',  ( 0.0000000000000000000, 3.188101183952074100, -0.1187500000000025300 ) ) ;
#3811 = CARTESIAN_POINT ( 'NONE',  ( 2.889209656164635700, 3.994741871271932700, 9.799999999999998900 ) ) ;
#3812 = FACE_BOUND ( 'NONE', #58, .T. ) ;
#3813 = CARTESIAN_POINT ( 'NONE',  ( -0.3341805101372730100, -3.175068105778117800, -9.524398816047918700 ) ) ;
#3814 = CARTESIAN_POINT ( 'NONE',  ( 0.0000000000000000000, 3.999999999999993300, 1.600000000000001400 ) ) ;
#3815 = CARTESIAN_POINT ( 'NONE',  ( -0.2204746136428095100, 2.483786784911688400, 9.649999999999996800 ) ) ;
#3816 = CARTESIAN_POINT ( 'NONE',  ( -3.188101183952076800, -1.958399853186161100E-015, -2.462499999999999500 ) ) ;
#3817 = CARTESIAN_POINT ( 'NONE',  ( 1.618159806336106000, 4.028068851524906800, 9.649999999999998600 ) ) ;
#3818 =( BOUNDED_CURVE ( )  B_SPLINE_CURVE ( 2, ( #952, #4383, #4346, #445, #1380, #885, #931, #5371, #2941 ),
 .UNSPECIFIED., .F., .F. ) 
 B_SPLINE_CURVE_WITH_KNOTS ( ( 3, 2, 2, 2, 3 ),
 ( 0.4687500000000000600, 0.4765625000000000600, 0.4843750000000000000, 0.4921875000000000000, 0.5000000000000000000 ),
 .UNSPECIFIED. ) 
 CURVE ( )  GEOMETRIC_REPRESENTATION_ITEM ( )  RATIONAL_B_SPLINE_CURVE ( ( 0.9999999999999994400, 0.9238795325112872900, 1.000000000000000000, 0.9238795325112867400, 1.000000000000000000, 0.9238795325112867400, 1.000000000000000000, 0.9238795325112867400, 1.000000000000000000 ) ) 
 REPRESENTATION_ITEM ( '' )  );
#3819 = CARTESIAN_POINT ( 'NONE',  ( -1.087049443518654800, 4.440660079823056900, 9.650000000000003900 ) ) ;
#3820 = CARTESIAN_POINT ( 'NONE',  ( -1.320554748610672300, -3.188101183952078500, -8.478124999999998600 ) ) ;
#3821 = CARTESIAN_POINT ( 'NONE',  ( 0.0000000000000000000, 3.999999999999993300, 4.256249999999996100 ) ) ;
#3822 = CARTESIAN_POINT ( 'NONE',  ( -1.203871493167704400, 4.299266095098021300, 9.650000000000000400 ) ) ;
#3823 = CARTESIAN_POINT ( 'NONE',  ( 1.955156367480430600, 3.531808212560708000, 9.649999999999996800 ) ) ;
#3824 = CARTESIAN_POINT ( 'NONE',  ( -1.320554748610672300, -3.188101183952079000, -2.228124999999999000 ) ) ;
#3825 = CARTESIAN_POINT ( 'NONE',  ( -2.643203687115046400, 4.359804176162265700, 9.799999999999998900 ) ) ;
#3826 = CARTESIAN_POINT ( 'NONE',  ( -4.135316469341311100, 1.712904166305992100, 0.6624999999999982000 ) ) ;
#3827 = CARTESIAN_POINT ( 'NONE',  ( -3.188101183952076800, -1.320554748610673700, -3.478125000000003500 ) ) ;
#3828 = B_SPLINE_CURVE_WITH_KNOTS ( 'NONE', 3,
 ( #5853, #6347, #389, #372, #2351, #4353, #2843, #6305, #1391, #3334, #348 ),
 .UNSPECIFIED., .F., .F.,
 ( 4, 1, 1, 1, 1, 1, 1, 1, 4 ),
 ( 0.0000000000000000000, 0.09742066817721463400, 0.2008855880393202500, 0.3111719701726500300, 0.4297979458253726200, 0.5577399263645873600, 0.6947152693641582800, 0.8421299102060549900, 1.000000000000000000 ),
 .UNSPECIFIED. ) ;
#3829 = DIRECTION ( 'NONE',  ( -0.0000000000000000000, -0.0000000000000000000, -1.000000000000000000 ) ) ;
#3830 = CARTESIAN_POINT ( 'NONE',  ( 2.578507469235698400, 3.240894669502537400, 9.649999999999998600 ) ) ;
#3831 = CARTESIAN_POINT ( 'NONE',  ( 2.453755454623159700, 4.321161175619425700, 9.649999999999998600 ) ) ;
#3832 = CARTESIAN_POINT ( 'NONE',  ( 1.320554748610673900, 3.188101183952073600, -1.603124999999998600 ) ) ;
#3833 = CARTESIAN_POINT ( 'NONE',  ( 1.669982626832031500, 2.437472285824601800, 9.649999999999998600 ) ) ;
#3834 = ORIENTED_EDGE ( 'NONE', *, *, #5327, .F. ) ;
#3835 = EDGE_CURVE ( 'NONE', #4876, #2573, #1738, .T. ) ;
#3836 = CARTESIAN_POINT ( 'NONE',  ( -4.067658234670652500, -1.684879207899189400, 9.529687499999999600 ) ) ;
#3837 = AXIS2_PLACEMENT_3D ( 'NONE', #1618, #4013, #579 ) ;
#3838 = CARTESIAN_POINT ( 'NONE',  ( -0.5785679760661498500, 1.988109559420317800, 9.799999999999998900 ) ) ;
#3839 = CIRCLE ( 'NONE', #2758, 0.2357022603955155600 ) ;
#3840 = CARTESIAN_POINT ( 'NONE',  ( 3.188101183952076800, 1.320554748610670600, -3.009374999999999000 ) ) ;
#3841 = CARTESIAN_POINT ( 'NONE',  ( -0.3340868307836024600, 4.243446314698341700, 9.649999999999993200 ) ) ;
#3842 = CARTESIAN_POINT ( 'NONE',  ( 3.254765357267184200, 3.374047059420318000, 9.649999999999998600 ) ) ;
#3843 = CARTESIAN_POINT ( 'NONE',  ( 2.219775922397812200, 3.256455304666663800, 9.649999999999998600 ) ) ;
#3844 = DIRECTION ( 'NONE',  ( 0.0000000000000000000, 1.000000000000000000, 0.0000000000000000000 ) ) ;
#3845 = CARTESIAN_POINT ( 'NONE',  ( -0.8944147621358519200, 4.184999422453138600, 9.649999999999998600 ) ) ;
#3846 = CARTESIAN_POINT ( 'NONE',  ( -1.712904166305994500, 4.135316469341309400, -0.7437500000000014700 ) ) ;
#3847 = VECTOR ( 'NONE', #195, 1000.000000000000000 ) ;
#3848 = CARTESIAN_POINT ( 'NONE',  ( 3.188101183952076800, -2.528773266639668800E-015, -4.181250000000003000 ) ) ;
#3849 = CARTESIAN_POINT ( 'NONE',  ( 2.753248877727783900, 4.207084146891351600, 9.799999999999998900 ) ) ;
#3850 = CARTESIAN_POINT ( 'NONE',  ( 2.747307009880714600, 3.331356441547827200, 9.799999999999998900 ) ) ;
#3851 = CARTESIAN_POINT ( 'NONE',  ( 3.999999999999995600, -3.347645377869070900E-015, 1.287500000000002800 ) ) ;
#3852 = CARTESIAN_POINT ( 'NONE',  ( -3.188101183952076800, -2.742939208889935100E-015, 3.943749999999997400 ) ) ;
#3853 = CARTESIAN_POINT ( 'NONE',  ( -3.188101183952076800, -2.264561552973000200E-015, 0.03750000000000107400 ) ) ;
#3854 = VECTOR ( 'NONE', #5315, 1000.000000000000000 ) ;
#3855 = CARTESIAN_POINT ( 'NONE',  ( -0.5957891626181164300, 2.288752798779801100, 9.650000000000000400 ) ) ;
#3856 = CARTESIAN_POINT ( 'NONE',  ( 2.339661190600517600, 1.988109559420317800, 9.649999999999998600 ) ) ;
#3857 = ORIENTED_EDGE ( 'NONE', *, *, #2465, .T. ) ;
#3858 = ORIENTED_EDGE ( 'NONE', *, *, #5077, .F. ) ;
#3859 = CARTESIAN_POINT ( 'NONE',  ( -3.188101183952076800, -1.977534959422838100E-015, -2.306250000000002600 ) ) ;
#3860 = EDGE_CURVE ( 'NONE', #4503, #4186, #4873, .T. ) ;
#3861 = ORIENTED_EDGE ( 'NONE', *, *, #841, .T. ) ;
#3862 = EDGE_CURVE ( 'NONE', #3938, #66, #5380, .T. ) ;
#3863 = CARTESIAN_POINT ( 'NONE',  ( 1.656854249492381500, 3.999999999999993300, -0.8218750000000036900 ) ) ;
#3864 = CARTESIAN_POINT ( 'NONE',  ( -3.188101183952076800, -2.264561552973000200E-015, 0.03750000000000107400 ) ) ;
#3865 = ORIENTED_EDGE ( 'NONE', *, *, #3727, .T. ) ;
#3866 = CARTESIAN_POINT ( 'NONE',  ( -0.4756748565354869100, 4.310102985771689700, 9.799999999999998900 ) ) ;
#3867 = CARTESIAN_POINT ( 'NONE',  ( 2.732534774918395900, 4.546048044599263700, 9.649999999999996800 ) ) ;
#3868 = CARTESIAN_POINT ( 'NONE',  ( 6.500000000000000900, 3.752776749732571000, -15.50782801147530800 ) ) ;
#3869 = ORIENTED_EDGE ( 'NONE', *, *, #86, .F. ) ;
#3870 = CARTESIAN_POINT ( 'NONE',  ( 3.121296421836373000, 4.160263603887415200, 9.799999999999997200 ) ) ;
#3871 = CARTESIAN_POINT ( 'NONE',  ( -0.9404361345048731800, 4.122604748782730900, 9.649999999999998600 ) ) ;
#3872 = CARTESIAN_POINT ( 'NONE',  ( -5.064302077640169400E-016, -4.135316469341312900, -0.1968750000000008500 ) ) ;
#3873 = CARTESIAN_POINT ( 'NONE',  ( 1.977188796133888800, 4.025217550544098800, 9.799999999999998900 ) ) ;
#3874 = VERTEX_POINT ( 'NONE', #2873 ) ;
#3875 = CARTESIAN_POINT ( 'NONE',  ( -3.904297910284797800E-016, -3.188101183952079000, -1.993750000000002600 ) ) ;
#3876 = B_SPLINE_CURVE_WITH_KNOTS ( 'NONE', 3,
 ( #5855, #1839, #5342, #4851, #311, #4877, #3311, #5778, #4315, #4834, #5322, #2354, #5816, #2869, #6307, #3335, #350, #3831, #1864 ),
 .UNSPECIFIED., .F., .F.,
 ( 4, 1, 1, 1, 1, 1, 1, 1, 1, 1, 1, 1, 1, 1, 1, 1, 4 ),
 ( 0.0000000000000000000, 0.07522587376283035300, 0.1464223385466803000, 0.2146225472668685500, 0.2796856535253560700, 0.3429780235703902600, 0.4046208484442567800, 0.4657938303000883100, 0.5259704850531952100, 0.5857807242363325400, 0.6432206292324356100, 0.7007424839622752300, 0.7579049412403121600, 0.8159836911392502900, 0.8746408217369250300, 0.9360443799883164700, 1.000000000000000000 ),
 .UNSPECIFIED. ) ;
#3877 = CARTESIAN_POINT ( 'NONE',  ( 2.903647642020152900, 3.942114783930764000, 9.800000000000000700 ) ) ;
#3878 = DIRECTION ( 'NONE',  ( 0.0000000000000000000, 0.0000000000000000000, 1.000000000000000000 ) ) ;
#3879 = CARTESIAN_POINT ( 'NONE',  ( 1.975599284665767300, 3.010623519905364400, 9.799999999999997200 ) ) ;
#3880 = CARTESIAN_POINT ( 'NONE',  ( 0.0000000000000000000, 3.188101183952073200, 5.975000000000001400 ) ) ;
#3881 = COORDINATED_UNIVERSAL_TIME_OFFSET ( 6, 0, .BEHIND. ) ;
#3882 = CARTESIAN_POINT ( 'NONE',  ( 2.445238064303790100, 3.221795875015969200, 9.800000000000000700 ) ) ;
#3883 = ORIENTED_EDGE ( 'NONE', *, *, #3317, .F. ) ;
#3884 = CARTESIAN_POINT ( 'NONE',  ( -4.898587196589407900E-016, -3.999999999999998200, 3.475000000000001400 ) ) ;
#3885 = CARTESIAN_POINT ( 'NONE',  ( 1.320554748610673900, 3.188101183952073600, -2.696875000000003000 ) ) ;
#3886 = FACE_OUTER_BOUND ( 'NONE', #5810, .T. ) ;
#3887 = CARTESIAN_POINT ( 'NONE',  ( -3.999999999999996400, -1.656854249492380100, -6.759374999999998600 ) ) ;
#3888 = CARTESIAN_POINT ( 'NONE',  ( 3.188101183952076800, 1.320554748610670800, -4.259374999999999500 ) ) ;
#3889 = CARTESIAN_POINT ( 'NONE',  ( -3.904297910284798300E-016, -3.188101183952078100, -9.524398816047913400 ) ) ;
#3890 = CARTESIAN_POINT ( 'NONE',  ( -1.411565475993274800, 3.340890945996565400, 9.649999999999996800 ) ) ;
#3891 = DIRECTION ( 'NONE',  ( 0.0000000000000000000, 1.000000000000000000, 0.0000000000000000000 ) ) ;
#3892 = DIRECTION ( 'NONE',  ( 0.0000000000000000000, 1.224646799147355200E-016, -1.000000000000000000 ) ) ;
#3893 = CARTESIAN_POINT ( 'NONE',  ( -2.705084670698132000, 3.936059657082439300, 9.649999999999998600 ) ) ;
#3894 = CARTESIAN_POINT ( 'NONE',  ( 4.135316469341310300, -3.688231862931861500E-015, 3.865624999999999200 ) ) ;
#3895 = CARTESIAN_POINT ( 'NONE',  ( -3.188101183952076800, -2.130615809316257800E-015, -1.056250000000003500 ) ) ;
#3896 = CARTESIAN_POINT ( 'NONE',  ( 2.362766089130650600, 1.988689247012843900, 9.799999999999998900 ) ) ;
#3897 = CARTESIAN_POINT ( 'NONE',  ( -0.5280192699389861800, 4.319729518393137000, 9.649999999999998600 ) ) ;
#3898 = CARTESIAN_POINT ( 'NONE',  ( -0.001522784427191202000, 4.372044355548224500, 9.650000000000000400 ) ) ;
#3899 = CARTESIAN_POINT ( 'NONE',  ( -3.188101183952076800, 1.320554748610669700, 1.365624999999997000 ) ) ;
#3900 = CARTESIAN_POINT ( 'NONE',  ( -3.188101183952076800, -2.876884952546677900E-015, 5.037500000000000500 ) ) ;
#3901 = CARTESIAN_POINT ( 'NONE',  ( 0.6857297635383355900, 2.188109559420317900, 9.799999999999998900 ) ) ;
#3902 = CARTESIAN_POINT ( 'NONE',  ( -0.8332269672499913500, 2.021998407607668500, 9.799999999999997200 ) ) ;
#3903 = CARTESIAN_POINT ( 'NONE',  ( -3.188101183952076800, 1.320554748610668300, 8.709375000000001400 ) ) ;
#3904 = EDGE_CURVE ( 'NONE', #1333, #1573, #4333, .T. ) ;
#3905 = CARTESIAN_POINT ( 'NONE',  ( 3.188101183952076800, -1.320554748610675900, -1.759375000000002600 ) ) ;
#3906 = CARTESIAN_POINT ( 'NONE',  ( -1.129281217819685800, 4.398297583691457300, 9.650000000000005700 ) ) ;
#3907 = CARTESIAN_POINT ( 'NONE',  ( 2.254327966281374000, -2.254327966281377100, -1.993749999999999000 ) ) ;
#3908 = CARTESIAN_POINT ( 'NONE',  ( -0.5822138093994832000, 4.321442892753650800, 9.799999999999998900 ) ) ;
#3909 = CARTESIAN_POINT ( 'NONE',  ( 2.133009716160562800, 3.301947984407025400, 9.799999999999998900 ) ) ;
#3910 = CARTESIAN_POINT ( 'NONE',  ( 1.696982592082457700, 2.373791603833998600, 9.799999999999997200 ) ) ;
#3911 = CARTESIAN_POINT ( 'NONE',  ( 2.828427124746187200, -2.828427124746189800, -1.368749999999997900 ) ) ;
#3912 = CARTESIAN_POINT ( 'NONE',  ( 0.0000000000000000000, -2.546799723626479500E-015, -9.649999999999998600 ) ) ;
#3913 = CARTESIAN_POINT ( 'NONE',  ( -1.712904166305994500, 4.135316469341308500, 3.006249999999998300 ) ) ;
#3914 = CARTESIAN_POINT ( 'NONE',  ( 0.0000000000000000000, 3.999999999999994200, -3.399999999999998600 ) ) ;
#3915 = CARTESIAN_POINT ( 'NONE',  ( 2.746409064070910200, 3.064352772269154800, 9.650000000000002100 ) ) ;
#3916 = CARTESIAN_POINT ( 'NONE',  ( 3.254530102571255400, 3.333936450659047900, 9.799999999999998900 ) ) ;
#3917 = DIRECTION ( 'NONE',  ( -0.0000000000000000000, -1.319585349029264000E-016, -1.000000000000000000 ) ) ;
#3918 = CARTESIAN_POINT ( 'NONE',  ( 1.067090363406038700, -6.889468590903002000, 9.320531158726469200 ) ) ;
#3919 = CARTESIAN_POINT ( 'NONE',  ( -3.904297910284797800E-016, -3.188101183952079400, 1.756249999999997400 ) ) ;
#3920 = CARTESIAN_POINT ( 'NONE',  ( 2.254327966281374900, 2.254327966281370400, 4.568750000000001400 ) ) ;
#3921 = ORIENTED_EDGE ( 'NONE', *, *, #2309, .T. ) ;
#3922 = CARTESIAN_POINT ( 'NONE',  ( -0.9996588325373559900, 2.609905902458793800, 9.649999999999995000 ) ) ;
#3923 = CARTESIAN_POINT ( 'NONE',  ( 1.320554748610673900, 3.188101183952073600, -3.946875000000002600 ) ) ;
#3924 = CONICAL_SURFACE ( 'NONE', #1299, 3.062499999999989800, 0.7853981633974463900 ) ;
#3925 = AXIS2_PLACEMENT_3D ( 'NONE', #3486, #5064, #4506 ) ;
#3926 = CARTESIAN_POINT ( 'NONE',  ( -2.254327966281374000, 2.254327966281372200, -3.868749999999999000 ) ) ;
#3927 = CARTESIAN_POINT ( 'NONE',  ( 2.913419032851023400, 3.645743856229949100, 9.650000000000000400 ) ) ;
#3928 = CARTESIAN_POINT ( 'NONE',  ( -1.070984318813469600, 3.022283281531671600, 9.800000000000004300 ) ) ;
#3929 = CONICAL_SURFACE ( 'NONE', #3837, 3.062499999999989800, 0.7853981633974463900 ) ;
#3930 = ORIENTED_EDGE ( 'NONE', *, *, #2006, .T. ) ;
#3931 = CARTESIAN_POINT ( 'NONE',  ( 1.649050311063711400, 2.505988223119643500, 9.799999999999997200 ) ) ;
#3932 = CARTESIAN_POINT ( 'NONE',  ( 3.254077797992441600, 3.486952415654749300, 9.799999999999998900 ) ) ;
#3933 = CARTESIAN_POINT ( 'NONE',  ( -1.043025625670299400, 3.816879725362446200, 9.649999999999996800 ) ) ;
#3934 = CARTESIAN_POINT ( 'NONE',  ( 2.924110317823652900, 2.924110317823648500, 4.021874999999999600 ) ) ;
#3935 = CARTESIAN_POINT ( 'NONE',  ( -1.320554748610672300, -3.188101183952079000, -3.478124999999999500 ) ) ;
#3936 = CARTESIAN_POINT ( 'NONE',  ( -2.254327966281374400, -2.254327966281375300, -8.400000000000002100 ) ) ;
#3937 = CARTESIAN_POINT ( 'NONE',  ( 2.475801574295241300, 1.996534050378102600, 9.799999999999998900 ) ) ;
#3938 = VERTEX_POINT ( 'NONE', #3292 ) ;
#3939 = CARTESIAN_POINT ( 'NONE',  ( 3.276785215778023700E-016, -7.505553499465134900, 8.997274632750532000 ) ) ;
#3940 = CARTESIAN_POINT ( 'NONE',  ( -2.254327966281374400, -2.254327966281377100, 4.099999999999997900 ) ) ;
#3941 = CARTESIAN_POINT ( 'NONE',  ( 3.188101183952076800, 1.320554748610669700, 1.990625000000001000 ) ) ;
#3942 = ORIENTED_EDGE ( 'NONE', *, *, #4585, .T. ) ;
#3943 = CARTESIAN_POINT ( 'NONE',  ( -1.070984318813469600, 3.022283281531671600, 9.650000000000003900 ) ) ;
#3944 = PLANE ( 'NONE',  #1859 ) ;
#3945 = ADVANCED_FACE ( 'NONE', ( #4756 ), #5487, .T. ) ;
#3946 = ORIENTED_EDGE ( 'NONE', *, *, #4776, .T. ) ;
#3947 = CARTESIAN_POINT ( 'NONE',  ( -1.320554748610671700, 3.188101183952074500, -3.790625000000002100 ) ) ;
#3948 = ORIENTED_EDGE ( 'NONE', *, *, #5974, .F. ) ;
#3949 = CARTESIAN_POINT ( 'NONE',  ( 3.229301389113649300, 3.790876170569850600, 9.800000000000000700 ) ) ;
#3950 = ORIENTED_EDGE ( 'NONE', *, *, #5782, .T. ) ;
#3951 = CARTESIAN_POINT ( 'NONE',  ( 1.588098690600517200, 3.758422059420317900, 9.799999999999998900 ) ) ;
#3952 = CARTESIAN_POINT ( 'NONE',  ( 0.0000000000000000000, 3.188101183952073600, 2.225000000000001400 ) ) ;
#3953 = CARTESIAN_POINT ( 'NONE',  ( 2.254327966281374000, -2.254327966281376200, -9.493749999999998600 ) ) ;
#3954 = CARTESIAN_POINT ( 'NONE',  ( 2.174799172488439700, 3.276742304492672900, 9.800000000000002500 ) ) ;
#3955 = CALENDAR_DATE ( 2023, 23, 2 ) ;
#3956 = ORIENTED_EDGE ( 'NONE', *, *, #2339, .T. ) ;
#3957 = DIRECTION ( 'NONE',  ( 0.0000000000000000000, -1.319585349029264000E-016, -1.000000000000000000 ) ) ;
#3958 = CARTESIAN_POINT ( 'NONE',  ( -2.459817976066150300, 4.621442892753652400, 9.800000000000000700 ) ) ;
#3959 = CARTESIAN_POINT ( 'NONE',  ( -2.924110317823652000, 2.924110317823649400, 1.834374999999999200 ) ) ;
#3960 = CARTESIAN_POINT ( 'NONE',  ( 0.0000000000000000000, 4.115877699335573000E-015, 4.350000000000000500 ) ) ;
#3961 = CARTESIAN_POINT ( 'NONE',  ( 0.1385158724947706300, 2.494013944877604400, 9.649999999999996800 ) ) ;
#3962 = CARTESIAN_POINT ( 'NONE',  ( -3.904297910284797800E-016, -3.188101183952079400, -0.8999999999999998000 ) ) ;
#3963 = CARTESIAN_POINT ( 'NONE',  ( 3.188101183952076800, -1.916449867065991000E-015, -9.181250000000002100 ) ) ;
#3964 = CARTESIAN_POINT ( 'NONE',  ( 3.055387428860153200, 2.387302936101515000, 9.649999999999998600 ) ) ;
#3965 = VECTOR ( 'NONE', #584, 1000.000000000000000 ) ;
#3966 = CARTESIAN_POINT ( 'NONE',  ( -0.1126327541963780700, 2.789949820352770600, 9.649999999999995000 ) ) ;
#3967 = CARTESIAN_POINT ( 'NONE',  ( -2.828427124746187600, -2.828427124746189400, -4.181249999999998600 ) ) ;
#3968 = CARTESIAN_POINT ( 'NONE',  ( -2.254327966281374400, -2.254327966281376700, 1.443750000000000500 ) ) ;
#3969 = EDGE_CURVE ( 'NONE', #3326, #5107, #2133, .T. ) ;
#3970 = APPROVAL_ROLE ( '' ) ;
#3971 = DIRECTION ( 'NONE',  ( 0.0000000000000000000, -1.000000000000000000, 1.319585349029264000E-016 ) ) ;
#3972 = CARTESIAN_POINT ( 'NONE',  ( 2.814089335506492400, 3.122407697324078000, 9.649999999999995000 ) ) ;
#3973 = LINE ( 'NONE', #4944, #2519 ) ;
#3974 = EDGE_CURVE ( 'NONE', #2493, #5141, #861, .T. ) ;
#3975 = CARTESIAN_POINT ( 'NONE',  ( 3.188101183952076800, -3.294177516106765800E-015, 2.068749999999997900 ) ) ;
#3976 = CARTESIAN_POINT ( 'NONE',  ( 2.887648280496391000, 4.451537681116390900, 9.799999999999998900 ) ) ;
#3977 =( BOUNDED_CURVE ( )  B_SPLINE_CURVE ( 2, ( #3914, #5498, #6055, #4085, #4579, #3114, #1013, #2554, #1577 ),
 .UNSPECIFIED., .F., .F. ) 
 B_SPLINE_CURVE_WITH_KNOTS ( ( 3, 2, 2, 2, 3 ),
 ( 0.3125000000000000000, 0.3203125000000000000, 0.3281250000000000000, 0.3359375000000000600, 0.3437500000000000600 ),
 .UNSPECIFIED. ) 
 CURVE ( )  GEOMETRIC_REPRESENTATION_ITEM ( )  RATIONAL_B_SPLINE_CURVE ( ( 1.000000000000000000, 0.9238795325112867400, 1.000000000000000000, 0.9238795325112867400, 1.000000000000000000, 0.9238795325112867400, 1.000000000000000000, 0.9238795325112861800, 1.000000000000000400 ) ) 
 REPRESENTATION_ITEM ( '' )  );
#3978 = B_SPLINE_CURVE_WITH_KNOTS ( 'NONE', 3,
 ( #5767, #4229, #5270, #6176, #5232, #3723, #6235, #766, #2796, #1302, #747, #3777, #2218, #3263, #258, #1270, #4245, #1285, #276, #4684, #6199, #1770, #4722, #1752, #4187, #2260 ),
 .UNSPECIFIED., .F., .F.,
 ( 4, 2, 2, 2, 2, 2, 2, 2, 2, 2, 2, 2, 4 ),
 ( 0.0000000000000000000, 0.001059089523158827100, 0.002118179046317654100, 0.003177268569476481200, 0.003706813331055895100, 0.004236358092635308200, 0.004765902854214721300, 0.005295447615794135300, 0.005824992377373549300, 0.006354537138952962400, 0.007413626662111788600, 0.007943171423691200800, 0.008472716185270613000 ),
 .UNSPECIFIED. ) ;
#3979 = B_SPLINE_CURVE_WITH_KNOTS ( 'NONE', 3,
 ( #5920, #2532, #1480, #4438, #3915, #5448, #4934, #3991, #1969, #1996, #455 ),
 .UNSPECIFIED., .F., .F.,
 ( 4, 1, 1, 1, 1, 1, 1, 1, 4 ),
 ( 0.0000000000000000000, 0.1223550709664600900, 0.2445129853632978800, 0.3683784308937870200, 0.4953526096676662000, 0.6226247451450165300, 0.7476205305936950400, 0.8723766307107134700, 1.000000000000000000 ),
 .UNSPECIFIED. ) ;
#3980 = CARTESIAN_POINT ( 'NONE',  ( -2.245234642732816700, 2.021442892753651400, 9.649999999999998600 ) ) ;
#3981 = CARTESIAN_POINT ( 'NONE',  ( 2.254327966281374000, -2.254327966281378000, 4.256250000000001400 ) ) ;
#3982 = CARTESIAN_POINT ( 'NONE',  ( -1.320554748610671700, 3.188101183952075400, -6.446874999999999500 ) ) ;
#3983 = CARTESIAN_POINT ( 'NONE',  ( 2.267670245289185700, 3.240831330956742000, 9.799999999999995400 ) ) ;
#3984 = CARTESIAN_POINT ( 'NONE',  ( -2.245234642732816700, 2.021442892753651400, 9.799999999999998900 ) ) ;
#3985 = CARTESIAN_POINT ( 'NONE',  ( -0.8591387347504448900, 2.397439078464301200, 9.800000000000002500 ) ) ;
#3986 = CARTESIAN_POINT ( 'NONE',  ( 2.828427124746188100, 2.828427124746185400, -4.806249999999998600 ) ) ;
#3987 = CARTESIAN_POINT ( 'NONE',  ( -4.135316469341311100, 1.712904166305991600, 5.662499999999997900 ) ) ;
#3988 = CARTESIAN_POINT ( 'NONE',  ( -4.619578183501043400, -4.838438791678284700, 9.472254919001160900 ) ) ;
#3989 = CARTESIAN_POINT ( 'NONE',  ( 6.500000000000000900, -1.265110273886066000, 9.523189522663399100 ) ) ;
#3990 = CARTESIAN_POINT ( 'NONE',  ( 2.254327966281374900, 2.254327966281370900, -0.4312499999999993600 ) ) ;
#3991 = CARTESIAN_POINT ( 'NONE',  ( 2.505386096220294500, 2.942996212208443200, 9.649999999999998600 ) ) ;
#3992 = CARTESIAN_POINT ( 'NONE',  ( 1.590205558038969600, 3.851915267005087800, 9.650000000000002100 ) ) ;
#3993 = CARTESIAN_POINT ( 'NONE',  ( -0.3393800281771314200, 2.363649890062729000, 9.649999999999998600 ) ) ;
#3994 = CARTESIAN_POINT ( 'NONE',  ( -0.6086353278133066500, 1.988967232218777500, 9.799999999999998900 ) ) ;
#3995 = APPROVAL_ROLE ( '' ) ;
#3996 = CARTESIAN_POINT ( 'NONE',  ( 2.356590581235504400, 2.922472169658386000, 9.649999999999998600 ) ) ;
#3997 = EDGE_CURVE ( 'NONE', #4311, #3478, #89, .T. ) ;
#3998 = EDGE_CURVE ( 'NONE', #1573, #1615, #639, .T. ) ;
#3999 = CARTESIAN_POINT ( 'NONE',  ( 1.320554748610673900, 3.188101183952072800, 3.553124999999997400 ) ) ;
#4000 = CARTESIAN_POINT ( 'NONE',  ( -2.828427124746187600, -2.828427124746189000, -4.025000000000003000 ) ) ;
#4001 = VERTEX_POINT ( 'NONE', #354 ) ;
#4002 = CARTESIAN_POINT ( 'NONE',  ( -2.254327966281374400, -2.254327966281376700, 0.1937500000000012000 ) ) ;
#4003 = CARTESIAN_POINT ( 'NONE',  ( -1.320554748610671700, 3.188101183952075900, -8.946875000000000400 ) ) ;
#4004 = DIRECTION ( 'NONE',  ( -0.0000000000000000000, -1.319585349029264000E-016, -1.000000000000000000 ) ) ;
#4005 = DIRECTION ( 'NONE',  ( 0.0000000000000000000, -1.000000000000000000, 0.0000000000000000000 ) ) ;
#4006 = CARTESIAN_POINT ( 'NONE',  ( -1.411565475993274800, 3.340890945996565400, 9.650000000000002100 ) ) ;
#4007 = CARTESIAN_POINT ( 'NONE',  ( 2.267670245289185700, 3.240831330956742000, 9.649999999999995000 ) ) ;
#4008 = DIRECTION ( 'NONE',  ( -0.0000000000000000000, -0.0000000000000000000, -1.000000000000000000 ) ) ;
#4009 = CARTESIAN_POINT ( 'NONE',  ( 1.990083817361948200, 2.547094054794749200, 9.650000000000000400 ) ) ;
#4010 = FACE_OUTER_BOUND ( 'NONE', #1093, .T. ) ;
#4011 = CARTESIAN_POINT ( 'NONE',  ( 1.320554748610673900, 3.188101183952073200, 0.8968750000000002000 ) ) ;
#4012 = CARTESIAN_POINT ( 'NONE',  ( 3.188101183952076800, 1.320554748610671000, -7.853125000000002100 ) ) ;
#4013 = DIRECTION ( 'NONE',  ( 0.0000000000000000000, 1.319585349029263700E-016, 1.000000000000000000 ) ) ;
#4014 = CARTESIAN_POINT ( 'NONE',  ( 4.067658234670651600, 1.684879207899185900, -7.345312500000000400 ) ) ;
#4015 = CARTESIAN_POINT ( 'NONE',  ( 1.973990189357979400, 3.485774050305380500, 9.799999999999997200 ) ) ;
#4016 = ADVANCED_FACE ( 'NONE', ( #4070 ), #3681, .T. ) ;
#4017 = CARTESIAN_POINT ( 'NONE',  ( 2.143633519861622500, 4.230619031743782600, 9.799999999999998900 ) ) ;
#4018 = VECTOR ( 'NONE', #3224, 1000.000000000000100 ) ;
#4019 = CARTESIAN_POINT ( 'NONE',  ( 2.844212931730092400, 3.444703014983363500, 9.799999999999998900 ) ) ;
#4020 =( BOUNDED_CURVE ( )  B_SPLINE_CURVE ( 2, ( #4999, #5535, #2055, #5944, #2000, #1973, #5453, #3001, #2537 ),
 .UNSPECIFIED., .F., .F. ) 
 B_SPLINE_CURVE_WITH_KNOTS ( ( 3, 2, 2, 2, 3 ),
 ( 0.06249999999999996500, 0.07031249999999998600, 0.07812500000000001400, 0.08593750000000002800, 0.09375000000000005600 ),
 .UNSPECIFIED. ) 
 CURVE ( )  GEOMETRIC_REPRESENTATION_ITEM ( )  RATIONAL_B_SPLINE_CURVE ( ( 1.000000000000000400, 0.9238795325112864100, 1.000000000000000000, 0.9238795325112867400, 1.000000000000000000, 0.9238795325112867400, 1.000000000000000000, 0.9238795325112861800, 1.000000000000000400 ) ) 
 REPRESENTATION_ITEM ( '' )  );
#4021 = CARTESIAN_POINT ( 'NONE',  ( 1.656854249492399200, 3.999999999999975100, 2.928124999999994300 ) ) ;
#4022 = ADVANCED_FACE ( 'NONE', ( #2611, #1421, #6229, #5705, #6004 ), #4397, .T. ) ;
#4023 = B_SPLINE_CURVE_WITH_KNOTS ( 'NONE', 3,
 ( #4064, #3558, #3989, #5595, #4991, #598 ),
 .UNSPECIFIED., .F., .F.,
 ( 4, 2, 4 ),
 ( 0.02383425375901731000, 0.02573313586983919400, 0.02763201798066107800 ),
 .UNSPECIFIED. ) ;
#4024 = CARTESIAN_POINT ( 'NONE',  ( -1.320554748610672300, -3.188101183952079400, -0.8218750000000031300 ) ) ;
#4025 = CARTESIAN_POINT ( 'NONE',  ( 2.405299255244669700, 4.621031814931264100, 9.800000000000000700 ) ) ;
#4026 = LINE ( 'NONE', #2186, #2719 ) ;
#4027 = B_SPLINE_CURVE_WITH_KNOTS ( 'NONE', 3,
 ( #3302, #2347, #2861, #4826, #6301, #284, #2362, #3328, #342, #4783, #5298 ),
 .UNSPECIFIED., .F., .F.,
 ( 4, 1, 1, 1, 1, 1, 1, 1, 4 ),
 ( 0.0000000000000000000, 0.1276647678962240200, 0.2517385630080498100, 0.3727533493873905200, 0.4921467589723860800, 0.6140696213092453600, 0.7371973244121096100, 0.8656069906011182300, 1.000000000000000000 ),
 .UNSPECIFIED. ) ;
#4028 = ORIENTED_EDGE ( 'NONE', *, *, #2662, .T. ) ;
#4029 =( BOUNDED_CURVE ( )  B_SPLINE_CURVE ( 2, ( #1913, #5392, #3953, #1057, #1499, #570, #1571, #5010, #1986, #4003, #3014, #5465, #5033, #1085, #3, #5982, #4501, #3554, #23, #4032, #5569, #3506, #4529, #2966, #2524, #522, #1032, #1544, #2063, #3482, #5953, #5549, #2015, #2574, #491, #69, #2547, #2042, #4951, #6028, #4057, #3982, #5518, #5061, #4548, #6006, #3045, #43, #3530, #1520, #1593, #2086, #2988, #3459, #5490, #1006, #2597, #6430, #471, #977, #4452, #4478, #4984, #1350, #279, #603, #3562, #5447, #5316, #6409, #4933, #5806, #6440, #4437, #1479, #1507, #959, #4825, #4329, #3935, #850, #4964, #2480, #2951, #1366, #2974, #4806, #3466, #985, #2838, #1968, #5919, #3301, #1995, #1946, #3824, #322, #5420, #479, #2319, #2508, #2452, #2996, #3805, #2824, #341, #3491, #499, #1831, #5941, #6300, #4460, #3962, #1352, #826, #5473, #11, #5960, #3990, #4308, #3443, #3327, #1014, #454, #4487, #4782, #5788, #1817, #2346, #5297, #6281, #3560, #532, #2583, #1579, #4011, #3583, #6082, #5017, #4535, #3076, #3117, #3024, #3513, #600, #5043, #5575, #1528, #1067, #2070, #5556, #6036, #3098, #2051, #1042, #6058, #557, #98, #5529, #1616, #1094, #76, #4992, #2605, #116, #2557, #577, #3605, #4086, #4066, #4557, #1599, #5069, #51, #1119, #625, #4511, #2025, #4044, #1552, #2094 ),
 .UNSPECIFIED., .F., .F. ) 
 B_SPLINE_CURVE_WITH_KNOTS ( ( 3, 2, 2, 2, 2, 2, 2, 2, 2, 2, 2, 2, 2, 2, 2, 2, 2, 2, 2, 2, 2, 2, 2, 2, 2, 2, 2, 2, 2, 2, 2, 2, 2, 2, 2, 2, 2, 2, 2, 2, 2, 2, 2, 2, 2, 2, 2, 2, 2, 2, 2, 2, 2, 2, 2, 2, 2, 2, 2, 2, 2, 2, 2, 2, 2, 2, 2, 2, 2, 2, 2, 2, 2, 2, 2, 2, 2, 2, 2, 2, 2, 2, 2, 2, 2, 2, 2, 2, 2, 2, 3 ),
 ( 0.03747144904847760100, 0.03906250000000000000, 0.04687500000000000000, 0.05468750000000000000, 0.06250000000000000000, 0.07031250000000000000, 0.07812500000000000000, 0.08593750000000000000, 0.09375000000000000000, 0.1015625000000000000, 0.1093750000000000000, 0.1171875000000000000, 0.1250000000000000000, 0.1328125000000000000, 0.1406250000000000000, 0.1484375000000000000, 0.1562500000000000000, 0.1640625000000000000, 0.1718750000000000000, 0.1796875000000000000, 0.1875000000000000000, 0.1953125000000000000, 0.2031250000000000000, 0.2109375000000000000, 0.2187500000000000000, 0.2265625000000000000, 0.2343750000000000000, 0.2421875000000000000, 0.2499999999999999700, 0.2578125000000000000, 0.2656250000000000000, 0.2734375000000000000, 0.2812500000000000000, 0.2890625000000000000, 0.2968750000000000000, 0.3046875000000000000, 0.3125000000000000000, 0.3203125000000000000, 0.3281250000000000000, 0.3359375000000000000, 0.3437500000000000000, 0.3515625000000000000, 0.3593750000000000000, 0.3671875000000000000, 0.3750000000000000000, 0.3828125000000000000, 0.3906250000000000000, 0.3984375000000000000, 0.4062500000000000000, 0.4140625000000000000, 0.4218750000000000000, 0.4296875000000000600, 0.4374999999999999400, 0.4453124999999999400, 0.4531250000000000000, 0.4609375000000000000, 0.4687500000000000000, 0.4765625000000000000, 0.4843750000000000000, 0.4921875000000000000, 0.5000000000000000000, 0.5078125000000000000, 0.5156250000000000000, 0.5234375000000000000, 0.5312500000000000000, 0.5390625000000000000, 0.5468750000000000000, 0.5546875000000000000, 0.5625000000000000000, 0.5703125000000000000, 0.5781250000000000000, 0.5859375000000000000, 0.5937500000000000000, 0.6015625000000000000, 0.6093750000000000000, 0.6171875000000000000, 0.6250000000000000000, 0.6328125000000000000, 0.6406250000000000000, 0.6484375000000000000, 0.6562500000000000000, 0.6640625000000000000, 0.6718750000000000000, 0.6796875000000000000, 0.6875000000000000000, 0.6953125000000000000, 0.7031250000000000000, 0.7109375000000000000, 0.7187500000000000000, 0.7265625000000000000, 0.7312213692466136300 ),
 .UNSPECIFIED. ) 
 CURVE ( )  GEOMETRIC_REPRESENTATION_ITEM ( )  RATIONAL_B_SPLINE_CURVE ( ( 0.9753096629729498500, 0.9844977225947844100, 1.000000000000000000, 0.9238795325112867400, 1.000000000000000000, 0.9238795325112867400, 1.000000000000000000, 0.9238795325112867400, 1.000000000000000000, 0.9238795325112867400, 1.000000000000000000, 0.9238795325112867400, 1.000000000000000000, 0.9238795325112867400, 1.000000000000000000, 0.9238795325112867400, 1.000000000000000000, 0.9238795325112867400, 1.000000000000000000, 0.9238795325112867400, 1.000000000000000000, 0.9238795325112867400, 1.000000000000000000, 0.9238795325112867400, 1.000000000000000000, 0.9238795325112867400, 1.000000000000000000, 0.9238795325112867400, 1.000000000000000000, 0.9238795325112867400, 1.000000000000000000, 0.9238795325112867400, 1.000000000000000000, 0.9238795325112867400, 1.000000000000000000, 0.9238795325112867400, 1.000000000000000000, 0.9238795325112867400, 1.000000000000000000, 0.9238795325112867400, 1.000000000000000000, 0.9238795325112867400, 1.000000000000000000, 0.9238795325112867400, 1.000000000000000000, 0.9238795325112867400, 1.000000000000000000, 0.9238795325112867400, 1.000000000000000000, 0.9238795325112867400, 1.000000000000000000, 0.9238795325112867400, 1.000000000000000000, 0.9238795325112867400, 1.000000000000000000, 0.9238795325112867400, 1.000000000000000000, 0.9238795325112867400, 1.000000000000000000, 0.9238795325112867400, 1.000000000000000000, 0.9238795325112867400, 1.000000000000000000, 0.9238795325112867400, 1.000000000000000000, 0.9238795325112867400, 1.000000000000000000, 0.9238795325112867400, 1.000000000000000000, 0.9238795325112867400, 1.000000000000000000, 0.9238795325112867400, 1.000000000000000000, 0.9238795325112867400, 1.000000000000000000, 0.9238795325112867400, 1.000000000000000000, 0.9238795325112867400, 1.000000000000000000, 0.9238795325112867400, 1.000000000000000000, 0.9238795325112867400, 1.000000000000000000, 0.9238795325112867400, 1.000000000000000000, 0.9238795325112867400, 1.000000000000000000, 0.9238795325112867400, 1.000000000000000000, 0.9238795325112867400, 1.000000000000000000, 0.9238795325112867400, 1.000000000000000000, 0.9238795325112867400, 1.000000000000000000, 0.9238795325112867400, 1.000000000000000000, 0.9238795325112867400, 1.000000000000000000, 0.9238795325112867400, 1.000000000000000000, 0.9238795325112867400, 1.000000000000000000, 0.9238795325112867400, 1.000000000000000000, 0.9238795325112867400, 1.000000000000000000, 0.9238795325112867400, 1.000000000000000000, 0.9238795325112867400, 1.000000000000000000, 0.9238795325112867400, 1.000000000000000000, 0.9238795325112867400, 1.000000000000000000, 0.9238795325112867400, 1.000000000000000000, 0.9238795325112867400, 1.000000000000000000, 0.9238795325112867400, 1.000000000000000000, 0.9238795325112867400, 1.000000000000000000, 0.9238795325112867400, 1.000000000000000000, 0.9238795325112867400, 1.000000000000000000, 0.9238795325112867400, 1.000000000000000000, 0.9238795325112867400, 1.000000000000000000, 0.9238795325112867400, 1.000000000000000000, 0.9238795325112867400, 1.000000000000000000, 0.9238795325112867400, 1.000000000000000000, 0.9238795325112867400, 1.000000000000000000, 0.9238795325112867400, 1.000000000000000000, 0.9238795325112867400, 1.000000000000000000, 0.9238795325112867400, 1.000000000000000000, 0.9238795325112867400, 1.000000000000000000, 0.9238795325112867400, 1.000000000000000000, 0.9238795325112867400, 1.000000000000000000, 0.9238795325112867400, 1.000000000000000000, 0.9238795325112867400, 1.000000000000000000, 0.9238795325112867400, 1.000000000000000000, 0.9238795325112867400, 1.000000000000000000, 0.9238795325112867400, 1.000000000000000000, 0.9238795325112867400, 1.000000000000000000, 0.9238795325112867400, 1.000000000000000000, 0.9238795325112867400, 1.000000000000000000, 0.9238795325112867400, 1.000000000000000000, 0.9238795325112867400, 1.000000000000000000, 0.9238795325112867400, 1.000000000000000000, 0.9238795325112867400, 1.000000000000000000, 0.9238795325112867400, 1.000000000000000000, 0.9238795325112867400, 1.000000000000000000, 0.9546066809573085000, 0.9633526356655857100 ) ) 
 REPRESENTATION_ITEM ( '' )  );
#4030 = CARTESIAN_POINT ( 'NONE',  ( -2.254327966281374000, 2.254327966281371300, 2.381250000000001400 ) ) ;
#4031 = VERTEX_POINT ( 'NONE', #4445 ) ;
#4032 = CARTESIAN_POINT ( 'NONE',  ( 3.188101183952076800, -1.320554748610675200, -8.165624999999998600 ) ) ;
#4033 = CC_DESIGN_APPROVAL ( #1265, ( #5034 ) ) ;
#4034 = CARTESIAN_POINT ( 'NONE',  ( -3.178567976066149800, 3.664151226086984600, 9.649999999999998600 ) ) ;
#4035 = PLANE ( 'NONE',  #2400 ) ;
#4036 = ORIENTED_EDGE ( 'NONE', *, *, #6377, .T. ) ;
#4037 = CARTESIAN_POINT ( 'NONE',  ( -4.898587196589407900E-016, -3.999999999999997300, -1.368750000000004100 ) ) ;
#4038 = CARTESIAN_POINT ( 'NONE',  ( 3.999999999999995600, -1.656854249492383000, -5.040625000000000400 ) ) ;
#4039 = CARTESIAN_POINT ( 'NONE',  ( 4.135316469341310300, -4.147474412612119900E-015, 7.615624999999997000 ) ) ;
#4040 = CARTESIAN_POINT ( 'NONE',  ( -2.691171769200305900, -5.951804754081816600, 9.577422542648271500 ) ) ;
#4041 = DIRECTION ( 'NONE',  ( 0.0000000000000000000, 0.0000000000000000000, 1.000000000000000000 ) ) ;
#4042 = CARTESIAN_POINT ( 'NONE',  ( 1.976750424885704200, 2.590964924046655700, 9.799999999999997200 ) ) ;
#4043 = ORIENTED_EDGE ( 'NONE', *, *, #5249, .T. ) ;
#4044 = CARTESIAN_POINT ( 'NONE',  ( 2.254327966281374000, -2.254327966281378000, 4.256250000000001400 ) ) ;
#4045 = CARTESIAN_POINT ( 'NONE',  ( 0.0000000000000000000, 3.188101183952075000, -5.118750000000003000 ) ) ;
#4046 = CARTESIAN_POINT ( 'NONE',  ( 1.684879207899189200, 4.067658234670650700, -8.439062500000000400 ) ) ;
#4047 = CARTESIAN_POINT ( 'NONE',  ( 3.188101183952076800, 1.320554748610670100, 0.8968749999999965400 ) ) ;
#4048 = ORIENTED_EDGE ( 'NONE', *, *, #4223, .F. ) ;
#4049 = CARTESIAN_POINT ( 'NONE',  ( 0.1115168807064783500, 2.428673850998278400, 9.800000000000000700 ) ) ;
#4050 =( LENGTH_UNIT ( ) NAMED_UNIT ( * ) SI_UNIT ( .MILLI., .METRE. ) );
#4051 = VERTEX_POINT ( 'NONE', #2931 ) ;
#4052 = CARTESIAN_POINT ( 'NONE',  ( -2.930723082349209500E-015, 7.505553499465135800, 4.548750000000001000 ) ) ;
#4053 = CARTESIAN_POINT ( 'NONE',  ( 2.254327966281374900, 2.254327966281370900, 0.9749999999999967600 ) ) ;
#4054 = CARTESIAN_POINT ( 'NONE',  ( 2.622183865832571100, 4.588536443930546000, 9.800000000000000700 ) ) ;
#4055 = ORIENTED_EDGE ( 'NONE', *, *, #2465, .F. ) ;
#4056 = CARTESIAN_POINT ( 'NONE',  ( -1.320554748610672300, -3.188101183952079900, 2.771874999999999600 ) ) ;
#4057 = CARTESIAN_POINT ( 'NONE',  ( 0.0000000000000000000, 3.188101183952075000, -6.524999999999999500 ) ) ;
#4058 = CARTESIAN_POINT ( 'NONE',  ( -0.6299384328134257600, 2.290028329627861800, 9.650000000000000400 ) ) ;
#4059 = ADVANCED_FACE ( 'NONE', ( #2755 ), #493, .T. ) ;
#4060 = VECTOR ( 'NONE', #1373, 1000.000000000000000 ) ;
#4061 = CARTESIAN_POINT ( 'NONE',  ( -0.5822138093994832000, 4.321442892753650800, 9.649999999999998600 ) ) ;
#4062 = CARTESIAN_POINT ( 'NONE',  ( -6.500000000000001800, -2.516940434646254500, 9.321294194528102000 ) ) ;
#4063 = CARTESIAN_POINT ( 'NONE',  ( 1.621432023933850900, 2.654776226086984300, 9.799999999999998900 ) ) ;
#4064 = CARTESIAN_POINT ( 'NONE',  ( 6.500000000000000900, 4.611760796915489600E-015, 9.577831216351295800 ) ) ;
#4065 = CARTESIAN_POINT ( 'NONE',  ( 0.9214320239338511500, 2.188109559420317900, 9.137179487179485800 ) ) ;
#4066 = CARTESIAN_POINT ( 'NONE',  ( -1.320554748610671700, 3.188101183952073600, 3.553125000000000100 ) ) ;
#4067 = CARTESIAN_POINT ( 'NONE',  ( -2.254327966281374000, 2.254327966281372700, -6.212500000000003000 ) ) ;
#4068 = CARTESIAN_POINT ( 'NONE',  ( 0.2362658299914745800, -3.292953057024858000, -9.419546942975129500 ) ) ;
#4069 = CARTESIAN_POINT ( 'NONE',  ( 3.188101183952076800, -3.600339215893604900E-015, 4.568749999999997900 ) ) ;
#4070 = FACE_OUTER_BOUND ( 'NONE', #1396, .T. ) ;
#4071 = CARTESIAN_POINT ( 'NONE',  ( -0.8332269672499913500, 2.021998407607668500, 9.799999999999997200 ) ) ;
#4072 = EDGE_CURVE ( 'NONE', #1400, #152, #5917, .T. ) ;
#4073 = CARTESIAN_POINT ( 'NONE',  ( -4.898587196589407900E-016, -3.999999999999998200, 2.381249999999995200 ) ) ;
#4074 = AXIS2_PLACEMENT_3D ( 'NONE', #4550, #5522, #6010 ) ;
#4075 = CARTESIAN_POINT ( 'NONE',  ( 0.0000000000000000000, 3.188101183952074100, -0.1187500000000025300 ) ) ;
#4076 = CARTESIAN_POINT ( 'NONE',  ( 0.0000000000000000000, 3.188101183952075400, -10.27499999999999900 ) ) ;
#4077 = EDGE_LOOP ( 'NONE', ( #2265, #2331, #5350, #220, #2403 ) ) ;
#4078 = CARTESIAN_POINT ( 'NONE',  ( 2.254327966281374000, -2.254327966281378400, 6.756250000000001400 ) ) ;
#4079 = CARTESIAN_POINT ( 'NONE',  ( -4.981444637114788700E-016, -4.067658234670655100, 4.764062500000000500 ) ) ;
#4080 = CARTESIAN_POINT ( 'NONE',  ( -2.946167132749070400, 3.777859337358345600, 9.650000000000000400 ) ) ;
#4081 = CARTESIAN_POINT ( 'NONE',  ( -1.070984318813469600, 3.022283281531671600, 9.800000000000004300 ) ) ;
#4082 = CARTESIAN_POINT ( 'NONE',  ( -1.203871493167704400, 4.299266095098021300, 9.800000000000000700 ) ) ;
#4083 = CARTESIAN_POINT ( 'NONE',  ( -2.924110317823652000, 2.924110317823648900, 8.084374999999997900 ) ) ;
#4084 = CARTESIAN_POINT ( 'NONE',  ( 1.616769473675583300, 3.497076414059913300, 9.650000000000002100 ) ) ;
#4085 = CARTESIAN_POINT ( 'NONE',  ( -3.999999999999996400, 1.656854249492376800, -3.165624999999996800 ) ) ;
#4086 = CARTESIAN_POINT ( 'NONE',  ( 0.0000000000000000000, 3.188101183952073600, 3.475000000000000500 ) ) ;
#4087 = CARTESIAN_POINT ( 'NONE',  ( -3.188101183952076800, -1.320554748610673200, -7.228125000000003000 ) ) ;
#4088 = CARTESIAN_POINT ( 'NONE',  ( -4.898587196589407900E-016, -3.999999999999997300, -2.618750000000003500 ) ) ;
#4089 = CARTESIAN_POINT ( 'NONE',  ( -4.067658234670652500, -1.684879207899187200, -9.220312500000000400 ) ) ;
#4090 = CARTESIAN_POINT ( 'NONE',  ( 2.254327966281374000, -2.254327966281377500, 0.6624999999999982000 ) ) ;
#4091 = ADVANCED_FACE ( 'NONE', ( #934 ), #511, .T. ) ;
#4092 = CARTESIAN_POINT ( 'NONE',  ( -1.159297142732816900, 2.238630392753651900, 9.650000000000000400 ) ) ;
#4093 = CARTESIAN_POINT ( 'NONE',  ( -4.135316469341310300, -9.149416736295049800E-016, -10.50937500000000200 ) ) ;
#4094 = CARTESIAN_POINT ( 'NONE',  ( 0.0000000000000000000, 3.188101183952073200, 6.131249999999997900 ) ) ;
#4095 = ORIENTED_EDGE ( 'NONE', *, *, #1464, .T. ) ;
#4096 = CARTESIAN_POINT ( 'NONE',  ( 1.320554748610673900, 3.188101183952074500, -9.103125000000000400 ) ) ;
#4097 = CARTESIAN_POINT ( 'NONE',  ( 3.188101183952076800, -3.887365809443766900E-015, 6.912500000000002300 ) ) ;
#4098 = CARTESIAN_POINT ( 'NONE',  ( -2.876268721284919400, 2.876268721284916700, 4.295312500000000500 ) ) ;
#4099 =( BOUNDED_CURVE ( )  B_SPLINE_CURVE ( 2, ( #3640, #1678, #514, #5513, #6452, #545, #4000, #4524, #64 ),
 .UNSPECIFIED., .F., .F. ) 
 B_SPLINE_CURVE_WITH_KNOTS ( ( 3, 2, 2, 2, 3 ),
 ( 0.3125000000000000000, 0.3203125000000000000, 0.3281250000000000000, 0.3359375000000000000, 0.3437500000000000000 ),
 .UNSPECIFIED. ) 
 CURVE ( )  GEOMETRIC_REPRESENTATION_ITEM ( )  RATIONAL_B_SPLINE_CURVE ( ( 1.000000000000000000, 0.9238795325112867400, 1.000000000000000000, 0.9238795325112867400, 1.000000000000000000, 0.9238795325112867400, 1.000000000000000000, 0.9238795325112867400, 1.000000000000000000 ) ) 
 REPRESENTATION_ITEM ( '' )  );
#4100 = CARTESIAN_POINT ( 'NONE',  ( -0.7281493447761826500, 2.314331979727013900, 9.649999999999998600 ) ) ;
#4101 = VECTOR ( 'NONE', #73, 1000.000000000000100 ) ;
#4102 = DIRECTION ( 'NONE',  ( 0.0000000000000000000, 1.000000000000000000, 0.0000000000000000000 ) ) ;
#4103 = CARTESIAN_POINT ( 'NONE',  ( 2.905362552662857500, 3.236623566632597100, 9.799999999999998900 ) ) ;
#4104 = CARTESIAN_POINT ( 'NONE',  ( 3.999999999999995600, -2.754457084532069700E-015, -3.556250000000003900 ) ) ;
#4105 = CARTESIAN_POINT ( 'NONE',  ( -6.500000000000000900, -3.752776749732568400, -15.50782801147530800 ) ) ;
#4106 = DIRECTION ( 'NONE',  ( -0.0000000000000000000, -0.0000000000000000000, -1.000000000000000000 ) ) ;
#4107 = CARTESIAN_POINT ( 'NONE',  ( 2.331189653450538700, 2.288992054962867100, 9.650000000000000400 ) ) ;
#4108 = CARTESIAN_POINT ( 'NONE',  ( -1.684879207899186500, -4.067658234670654200, -7.814062500000000400 ) ) ;
#4109 = VECTOR ( 'NONE', #4394, 1000.000000000000000 ) ;
#4110 = CARTESIAN_POINT ( 'NONE',  ( 1.320554748610673900, 3.188101183952073200, 1.053124999999996800 ) ) ;
#4111 = EDGE_LOOP ( 'NONE', ( #3331, #1564, #3930, #4729 ) ) ;
#4112 = CARTESIAN_POINT ( 'NONE',  ( 2.103167283196992100, 4.197892787430247600, 9.649999999999996800 ) ) ;
#4113 = EDGE_CURVE ( 'NONE', #6353, #290, #3798, .T. ) ;
#4114 = CARTESIAN_POINT ( 'NONE',  ( 2.058320449671896300, 3.365176010619439900, 9.649999999999998600 ) ) ;
#4115 = CARTESIAN_POINT ( 'NONE',  ( -2.254327966281374400, -2.254327966281377500, 8.943749999999999600 ) ) ;
#4116 = VERTEX_POINT ( 'NONE', #6131 ) ;
#4117 = CARTESIAN_POINT ( 'NONE',  ( 1.320554748610671000, -3.188101183952081200, 5.584374999999998800 ) ) ;
#4118 = ORIENTED_EDGE ( 'NONE', *, *, #768, .F. ) ;
#4119 = CARTESIAN_POINT ( 'NONE',  ( -1.656854249492361500, -4.000000000000016000, -5.353124999999997700 ) ) ;
#4120 = ORIENTED_EDGE ( 'NONE', *, *, #5783, .F. ) ;
#4121 = CARTESIAN_POINT ( 'NONE',  ( 2.254327966281374900, 2.254327966281370000, 5.818750000000001400 ) ) ;
#4122 = CARTESIAN_POINT ( 'NONE',  ( -4.067658234670652500, -1.684879207899189200, 8.279687499999999600 ) ) ;
#4123 = CC_DESIGN_DATE_AND_TIME_ASSIGNMENT ( #5290, #5024, ( #4893 ) ) ;
#4124 = CARTESIAN_POINT ( 'NONE',  ( -0.9715054488827870000, 2.539800548249315800, 9.799999999999998900 ) ) ;
#4125 = ORIENTED_EDGE ( 'NONE', *, *, #2463, .F. ) ;
#4126 = CARTESIAN_POINT ( 'NONE',  ( 1.625026748121281900, 2.629010522260208000, 9.800000000000000700 ) ) ;
#4127 = CARTESIAN_POINT ( 'NONE',  ( 3.999999999999995600, -1.656854249492382400, -7.384375000000005700 ) ) ;
#4128 = CARTESIAN_POINT ( 'NONE',  ( -4.898587196589407900E-016, -3.999999999999997300, -4.024999999999999500 ) ) ;
#4129 = ORIENTED_EDGE ( 'NONE', *, *, #5677, .T. ) ;
#4130 = B_SPLINE_CURVE_WITH_KNOTS ( 'NONE', 3,
 ( #2637, #2117, #4131, #2178, #1116, #4665, #2200, #1157, #1696, #5594, #4619, #3138, #5651, #666, #4084, #1660, #3667, #689, #5087 ),
 .UNSPECIFIED., .F., .F.,
 ( 4, 1, 1, 1, 1, 1, 1, 1, 1, 1, 1, 1, 1, 1, 1, 1, 4 ),
 ( 0.0000000000000000000, 0.06096813974711338300, 0.1200169551506970500, 0.1776809284509906800, 0.2348494676726185500, 0.2923033656493647700, 0.3508476644321846800, 0.4101918543385125700, 0.4721324656751185200, 0.5346170087542822000, 0.5970890208124807200, 0.6594104640888818200, 0.7230044828650136200, 0.7883259609802801800, 0.8559764045578118800, 0.9265458422810407500, 1.000000000000000000 ),
 .UNSPECIFIED. ) ;
#4131 = CARTESIAN_POINT ( 'NONE',  ( 2.250740955257044500, 2.923395868681153000, 9.650000000000000400 ) ) ;
#4132 = CARTESIAN_POINT ( 'NONE',  ( -0.1126327541963780700, 2.789949820352770600, 9.799999999999995400 ) ) ;
#4133 = CARTESIAN_POINT ( 'NONE',  ( 3.121378566529854100, 2.516749388817749900, 9.799999999999998900 ) ) ;
#4134 = CARTESIAN_POINT ( 'NONE',  ( 0.6970443523549252300, 3.413845496817159200, -9.232672132857670600 ) ) ;
#4135 = CARTESIAN_POINT ( 'NONE',  ( 2.211212811212222500, 2.310061762136490500, 9.649999999999995000 ) ) ;
#4136 = CARTESIAN_POINT ( 'NONE',  ( 4.067658234670652500, -2.752534370933369000E-015, -3.673437499999999500 ) ) ;
#4137 = APPROVAL_PERSON_ORGANIZATION ( #2501, #1265, #3995 ) ;
#4138 = VERTEX_POINT ( 'NONE', #2167 ) ;
#4139 = CARTESIAN_POINT ( 'NONE',  ( -1.320554748610672300, -3.188101183952079400, 1.678124999999997400 ) ) ;
#4140 = EDGE_CURVE ( 'NONE', #3716, #824, #6161, .T. ) ;
#4141 = CARTESIAN_POINT ( 'NONE',  ( -6.500000000000002700, 3.752776749732566600, 4.548750000000001000 ) ) ;
#4142 = CARTESIAN_POINT ( 'NONE',  ( -2.254327966281374000, 2.254327966281373100, -8.712500000000003900 ) ) ;
#4143 = EDGE_CURVE ( 'NONE', #1333, #909, #4686, .T. ) ;
#4144 = CARTESIAN_POINT ( 'NONE',  ( -3.904297910284797800E-016, -3.188101183952080300, 6.600000000000001400 ) ) ;
#4145 = VECTOR ( 'NONE', #1556, 1000.000000000000000 ) ;
#4146 = CARTESIAN_POINT ( 'NONE',  ( 2.744718572539969400, 2.472193748033512300, 9.799999999999998900 ) ) ;
#4147 = CARTESIAN_POINT ( 'NONE',  ( 1.320554748610673900, 3.188101183952072300, 8.553124999999997900 ) ) ;
#4148 = CARTESIAN_POINT ( 'NONE',  ( -3.904297910284797800E-016, -3.188101183952078100, -9.649999999999998600 ) ) ;
#4149 = CIRCLE ( 'NONE', #2934, 6.375000000000000900 ) ;
#4150 = CARTESIAN_POINT ( 'NONE',  ( 1.684879207899185400, -4.067658234670656000, 6.092187500000002300 ) ) ;
#4151 = CARTESIAN_POINT ( 'NONE',  ( 3.030159142556900300, -0.9910220632738052600, 4.349999999999998800 ) ) ;
#4152 = CARTESIAN_POINT ( 'NONE',  ( 0.0000000000000000000, 3.999999999999994700, -8.243750000000003900 ) ) ;
#4153 = CARTESIAN_POINT ( 'NONE',  ( -1.351299695736182900, 2.677054486482882900, 9.650000000000002100 ) ) ;
#4154 =( BOUNDED_CURVE ( )  B_SPLINE_CURVE ( 2, ( #1037, #26, #4531, #1574, #572, #4956, #3509, #3534, #4037 ),
 .UNSPECIFIED., .F., .F. ) 
 B_SPLINE_CURVE_WITH_KNOTS ( ( 3, 2, 2, 2, 3 ),
 ( 0.4375000000000000600, 0.4453125000000000600, 0.4531250000000000600, 0.4609375000000000600, 0.4687500000000000600 ),
 .UNSPECIFIED. ) 
 CURVE ( )  GEOMETRIC_REPRESENTATION_ITEM ( )  RATIONAL_B_SPLINE_CURVE ( ( 0.9999999999999994400, 0.9238795325112872900, 1.000000000000000000, 0.9238795325112867400, 1.000000000000000000, 0.9238795325112867400, 1.000000000000000000, 0.9238795325112861800, 1.000000000000000400 ) ) 
 REPRESENTATION_ITEM ( '' )  );
#4155 = DIRECTION ( 'NONE',  ( 1.000000000000000000, 0.0000000000000000000, 0.0000000000000000000 ) ) ;
#4156 = CARTESIAN_POINT ( 'NONE',  ( 2.381820764895425000, 4.319800649193525500, 9.649999999999998600 ) ) ;
#4157 = CARTESIAN_POINT ( 'NONE',  ( 1.684879207899189200, 4.067658234670649800, -4.689062500000001200 ) ) ;
#4158 = CARTESIAN_POINT ( 'NONE',  ( 3.188101183952076800, 1.320554748610669500, 7.146874999999997900 ) ) ;
#4159 = CARTESIAN_POINT ( 'NONE',  ( 1.320554748610671000, -3.188101183952079000, -9.415625000000002100 ) ) ;
#4160 = CARTESIAN_POINT ( 'NONE',  ( 4.135316469341310300, -2.004342514104248500E-015, -9.884375000000000400 ) ) ;
#4161 = CARTESIAN_POINT ( 'NONE',  ( 2.488527754953386400, 4.320608982888861000, 9.650000000000000400 ) ) ;
#4162 = CARTESIAN_POINT ( 'NONE',  ( -1.320554748610671700, 3.188101183952073600, 3.709374999999997400 ) ) ;
#4163 = CARTESIAN_POINT ( 'NONE',  ( -2.254327966281374000, 2.254327966281373100, -10.11874999999999900 ) ) ;
#4164 = CARTESIAN_POINT ( 'NONE',  ( 1.684879207899189200, 4.067658234670648900, 4.060937500000000500 ) ) ;
#4165 = CARTESIAN_POINT ( 'NONE',  ( 3.189820452524311900, 1.262892100356253000, 4.350000000000005000 ) ) ;
#4166 = CARTESIAN_POINT ( 'NONE',  ( 2.130525184775832000, 2.011332460705462600, 9.799999999999997200 ) ) ;
#4167 = CARTESIAN_POINT ( 'NONE',  ( 0.0000000000000000000, -2.546799723626479500E-015, -9.649999999999998600 ) ) ;
#4168 = CARTESIAN_POINT ( 'NONE',  ( 0.0000000000000000000, 3.999999999999994200, -3.399999999999998600 ) ) ;
#4169 = CARTESIAN_POINT ( 'NONE',  ( -4.898587196589407900E-016, -3.999999999999998200, 3.631249999999997000 ) ) ;
#4170 = CARTESIAN_POINT ( 'NONE',  ( 4.898587196589409900E-016, -4.000000000000000000, -9.649999999999998600 ) ) ;
#4171 = VERTEX_POINT ( 'NONE', #540 ) ;
#4172 = CARTESIAN_POINT ( 'NONE',  ( 0.2537548263386596400, 3.194501363526597100, 9.649999999999989700 ) ) ;
#4173 = CARTESIAN_POINT ( 'NONE',  ( -4.981444637114788700E-016, -4.067658234670653300, -6.485937499999999500 ) ) ;
#4174 = CARTESIAN_POINT ( 'NONE',  ( -3.188101183952076800, 1.320554748610670800, -10.04062499999999900 ) ) ;
#4175 = CARTESIAN_POINT ( 'NONE',  ( 2.329132889970492400, 4.312785508681346700, 9.649999999999998600 ) ) ;
#4176 = CARTESIAN_POINT ( 'NONE',  ( -3.904297910284797800E-016, -3.188101183952078500, -8.243750000000002100 ) ) ;
#4177 = CARTESIAN_POINT ( 'NONE',  ( 0.0000000000000000000, 3.999999999999994700, -8.243750000000003900 ) ) ;
#4178 = CARTESIAN_POINT ( 'NONE',  ( -1.712904166305994500, 4.135316469341310300, -9.493750000000002100 ) ) ;
#4179 = CARTESIAN_POINT ( 'NONE',  ( 3.999999999999995600, -3.519861333999167200E-015, 2.693749999999996100 ) ) ;
#4180 = CARTESIAN_POINT ( 'NONE',  ( 1.320554748610671000, -3.188101183952081600, 6.834374999999997000 ) ) ;
#4181 = CARTESIAN_POINT ( 'NONE',  ( 0.0000000000000000000, 3.188101183952074500, -4.024999999999999500 ) ) ;
#4182 = VECTOR ( 'NONE', #4775, 1000.000000000000000 ) ;
#4183 = CARTESIAN_POINT ( 'NONE',  ( 2.876268721284920300, 2.876268721284915400, 8.982812499999999600 ) ) ;
#4184 =( BOUNDED_CURVE ( )  B_SPLINE_CURVE ( 2, ( #5634, #2680, #1634, #110, #686, #1657, #2658, #4599, #6114 ),
 .UNSPECIFIED., .F., .F. ) 
 B_SPLINE_CURVE_WITH_KNOTS ( ( 3, 2, 2, 2, 3 ),
 ( 0.5625000000000000000, 0.5703125000000000000, 0.5781250000000000000, 0.5859375000000001100, 0.5937500000000001100 ),
 .UNSPECIFIED. ) 
 CURVE ( )  GEOMETRIC_REPRESENTATION_ITEM ( )  RATIONAL_B_SPLINE_CURVE ( ( 1.000000000000000000, 0.9238795325112867400, 1.000000000000000000, 0.9238795325112867400, 1.000000000000000000, 0.9238795325112867400, 1.000000000000000000, 0.9238795325112856300, 1.000000000000001100 ) ) 
 REPRESENTATION_ITEM ( '' )  );
#4185 = VECTOR ( 'NONE', #5638, 1000.000000000000000 ) ;
#4186 = VERTEX_POINT ( 'NONE', #171 ) ;
#4187 = CARTESIAN_POINT ( 'NONE',  ( -3.841902962220002500, 1.070859215123677100, 4.350000000000002300 ) ) ;
#4188 = CARTESIAN_POINT ( 'NONE',  ( -1.179902922808638800, 2.268354532812624200, 9.650000000000000400 ) ) ;
#4189 = CARTESIAN_POINT ( 'NONE',  ( -1.141394998250334900, 2.218505062311363100, 9.649999999999998600 ) ) ;
#4190 = CARTESIAN_POINT ( 'NONE',  ( 2.408378609103575000, 1.989833636885739000, 9.800000000000000700 ) ) ;
#4191 = ORIENTED_EDGE ( 'NONE', *, *, #6128, .T. ) ;
#4192 = EDGE_CURVE ( 'NONE', #3032, #1333, #1884, .T. ) ;
#4193 = CARTESIAN_POINT ( 'NONE',  ( 2.356848690600517500, 2.288109559420317600, 9.649999999999998600 ) ) ;
#4194 = CARTESIAN_POINT ( 'NONE',  ( -1.684879207899186500, -4.067658234670654200, -2.814062499999999900 ) ) ;
#4195 = CARTESIAN_POINT ( 'NONE',  ( 3.188101183952076800, 1.320554748610669700, 5.896874999999995200 ) ) ;
#4196 = EDGE_LOOP ( 'NONE', ( #2257, #6133, #3857, #365 ) ) ;
#4197 = CARTESIAN_POINT ( 'NONE',  ( 1.929382328940333100, 3.862976378802545100, 9.799999999999995400 ) ) ;
#4198 = EDGE_CURVE ( 'NONE', #1645, #61, #2281, .T. ) ;
#4199 = CARTESIAN_POINT ( 'NONE',  ( -2.254327966281374000, 2.254327966281373100, -9.962500000000002100 ) ) ;
#4200 = CARTESIAN_POINT ( 'NONE',  ( 2.922459265267431500, 3.227523084270997400, 9.649999999999998600 ) ) ;
#4201 = CARTESIAN_POINT ( 'NONE',  ( 4.135316469341310300, -2.463585063784506900E-015, -6.134375000000002100 ) ) ;
#4202 = ORIENTED_EDGE ( 'NONE', *, *, #316, .T. ) ;
#4203 = CARTESIAN_POINT ( 'NONE',  ( 1.921432023933850900, 3.740713726086984700, 9.799999999999998900 ) ) ;
#4204 = CARTESIAN_POINT ( 'NONE',  ( 3.214077767863107400, 2.836701875427015000, 9.649999999999998600 ) ) ;
#4205 = VERTEX_POINT ( 'NONE', #4258 ) ;
#4206 = CARTESIAN_POINT ( 'NONE',  ( -2.578567976066149700, 2.021442892753651400, 9.649999999999998600 ) ) ;
#4207 = CARTESIAN_POINT ( 'NONE',  ( -3.188101183952076800, -1.652238153399322500E-015, -4.962499999999999500 ) ) ;
#4208 = EDGE_LOOP ( 'NONE', ( #2312, #6250, #423, #1490 ) ) ;
#4209 = CARTESIAN_POINT ( 'NONE',  ( -3.188101183952076800, -1.212130709955741300E-015, -8.556250000000003900 ) ) ;
#4210 = LINE ( 'NONE', #1090, #1949 ) ;
#4211 = CARTESIAN_POINT ( 'NONE',  ( -6.375000000000000900, 3.831048462491573900E-015, 9.649999999999998600 ) ) ;
#4212 = CARTESIAN_POINT ( 'NONE',  ( 0.2330472551351658300, 3.720396224466324200, 9.799999999999997200 ) ) ;
#4213 = CARTESIAN_POINT ( 'NONE',  ( -0.9089978939831647700, 2.048817478644298500, 9.649999999999998600 ) ) ;
#4214 = CARTESIAN_POINT ( 'NONE',  ( 0.9214320239338511500, 2.188109559420317900, 9.799999999999998900 ) ) ;
#4215 = CARTESIAN_POINT ( 'NONE',  ( 3.035094012687534100, 1.459758692169056600, -9.349164918233725500 ) ) ;
#4216 = CARTESIAN_POINT ( 'NONE',  ( 0.1115168807064783500, 2.428673850998278400, 9.800000000000000700 ) ) ;
#4217 = CARTESIAN_POINT ( 'NONE',  ( 0.0000000000000000000, 4.067658234670650700, -5.860937499999999500 ) ) ;
#4218 = CARTESIAN_POINT ( 'NONE',  ( -3.188101183952076800, -1.320554748610675200, 7.771874999999997900 ) ) ;
#4219 = EDGE_CURVE ( 'NONE', #1769, #5760, #4762, .T. ) ;
#4220 = FACE_OUTER_BOUND ( 'NONE', #6206, .T. ) ;
#4221 = CARTESIAN_POINT ( 'NONE',  ( 1.320554748610671000, -3.188101183952079900, -4.415625000000003000 ) ) ;
#4222 = CARTESIAN_POINT ( 'NONE',  ( 2.828427124746485600, -2.828427124745894500, -8.712499999999987900 ) ) ;
#4223 = EDGE_CURVE ( 'NONE', #840, #6353, #4607, .T. ) ;
#4224 = CARTESIAN_POINT ( 'NONE',  ( -1.712904166305994500, 4.135316469341309400, -6.993750000000003000 ) ) ;
#4225 = CARTESIAN_POINT ( 'NONE',  ( 2.922994523933851100, 3.197484559420318300, 9.799999999999998900 ) ) ;
#4226 = CARTESIAN_POINT ( 'NONE',  ( -1.042361651721607900, 4.478760440919576700, 9.800000000000000700 ) ) ;
#4227 = CARTESIAN_POINT ( 'NONE',  ( 2.254327966281374900, 2.254327966281371800, -5.431249999999999500 ) ) ;
#4228 = CARTESIAN_POINT ( 'NONE',  ( -2.876268721284919800, -2.876268721284922900, 9.607812499999999600 ) ) ;
#4229 = CARTESIAN_POINT ( 'NONE',  ( 1.142233452708198300, -3.039492978352453800, 4.350000000000004100 ) ) ;
#4230 = CARTESIAN_POINT ( 'NONE',  ( 0.04906951407697112500, 4.296512960325340900, 9.799999999999997200 ) ) ;
#4231 = CARTESIAN_POINT ( 'NONE',  ( 3.254077797992441600, 3.486952415654749300, 9.649999999999998600 ) ) ;
#4232 = CARTESIAN_POINT ( 'NONE',  ( -0.2116504854246321300, 2.067867589368456800, 9.649999999999989700 ) ) ;
#4233 = CARTESIAN_POINT ( 'NONE',  ( -4.067658234670652500, -2.138947568243960300E-015, -0.5484375000000003600 ) ) ;
#4234 = CARTESIAN_POINT ( 'NONE',  ( -2.254327966281374000, 2.254327966281370900, 6.287499999999997900 ) ) ;
#4235 = CARTESIAN_POINT ( 'NONE',  ( 2.032187773967161000, 4.118299489004034100, 9.649999999999998600 ) ) ;
#4236 = CARTESIAN_POINT ( 'NONE',  ( 3.188101183952076800, 1.320554748610670800, -5.353125000000003000 ) ) ;
#4237 = CARTESIAN_POINT ( 'NONE',  ( -0.9665990766473657700, 4.078862949831616900, 9.799999999999997200 ) ) ;
#4238 = CARTESIAN_POINT ( 'NONE',  ( 2.924110317823652900, 2.924110317823649800, -5.978125000000001200 ) ) ;
#4239 = CARTESIAN_POINT ( 'NONE',  ( 2.147237350953193200, 2.338861179413781200, 9.800000000000002500 ) ) ;
#4240 = CARTESIAN_POINT ( 'NONE',  ( -2.637652640129423800, 3.990504670239319700, 9.799999999999998900 ) ) ;
#4241 = CARTESIAN_POINT ( 'NONE',  ( -4.336808689942017700E-016, 7.439813942204520500E-016, 4.548750000000001000 ) ) ;
#4242 = CARTESIAN_POINT ( 'NONE',  ( 3.188101183952076800, 1.320554748610671000, -8.009374999999998600 ) ) ;
#4243 = CARTESIAN_POINT ( 'NONE',  ( -4.067658234670652500, -3.363594367391315400E-015, 9.451562499999999600 ) ) ;
#4244 = ORIENTED_EDGE ( 'NONE', *, *, #2397, .T. ) ;
#4245 = CARTESIAN_POINT ( 'NONE',  ( -3.438715409301749600, -1.504990698441610400, 4.350000000000001400 ) ) ;
#4246 = EDGE_CURVE ( 'NONE', #906, #3122, #6326, .T. ) ;
#4247 = CARTESIAN_POINT ( 'NONE',  ( -0.2655342971649657900, 2.043595039885243400, 9.800000000000000700 ) ) ;
#4248 = CARTESIAN_POINT ( 'NONE',  ( -4.067658234670652500, 1.684879207899184100, 1.873437500000000300 ) ) ;
#4249 = VECTOR ( 'NONE', #2321, 1000.000000000000000 ) ;
#4250 = CARTESIAN_POINT ( 'NONE',  ( 0.0000000000000000000, 3.188101183952075000, -7.774999999999998600 ) ) ;
#4251 = CARTESIAN_POINT ( 'NONE',  ( 2.828427124746187200, -2.828427124746190700, 3.787499999999996500 ) ) ;
#4252 = CARTESIAN_POINT ( 'NONE',  ( -0.6299384328134257600, 2.290028329627861800, 9.799999999999998900 ) ) ;
#4253 = CARTESIAN_POINT ( 'NONE',  ( -3.188101183952076800, -1.977534959422838100E-015, -2.306250000000002600 ) ) ;
#4254 = CARTESIAN_POINT ( 'NONE',  ( 3.999999999999995600, 1.656854249492378600, -8.478125000000003900 ) ) ;
#4255 = CARTESIAN_POINT ( 'NONE',  ( -2.924110317823652000, 2.924110317823650700, -8.165625000000000400 ) ) ;
#4256 = VECTOR ( 'NONE', #3535, 1000.000000000000000 ) ;
#4257 = ORIENTED_EDGE ( 'NONE', *, *, #768, .T. ) ;
#4258 = CARTESIAN_POINT ( 'NONE',  ( 2.339661190600517600, 1.988109559420317800, 9.799999999999998900 ) ) ;
#4259 = CARTESIAN_POINT ( 'NONE',  ( 2.541008833431244600, 2.008364590843163100, 9.649999999999996800 ) ) ;
#4260 = CARTESIAN_POINT ( 'NONE',  ( -1.320554748610671700, 3.188101183952073200, 8.709374999999997900 ) ) ;
#4261 = CARTESIAN_POINT ( 'NONE',  ( -0.3831342222854398600, 2.336180345763926500, 9.799999999999998900 ) ) ;
#4262 = CARTESIAN_POINT ( 'NONE',  ( -2.254327966281374400, -2.254327966281375300, -8.556250000000000400 ) ) ;
#4263 = ORIENTED_EDGE ( 'NONE', *, *, #543, .T. ) ;
#4264 = ORIENTED_EDGE ( 'NONE', *, *, #1077, .F. ) ;
#4265 = CARTESIAN_POINT ( 'NONE',  ( -0.9280471427328166300, 4.143317892753651100, 9.649999999999998600 ) ) ;
#4266 = VERTEX_POINT ( 'NONE', #3768 ) ;
#4267 = CARTESIAN_POINT ( 'NONE',  ( 2.876268721284920300, 2.876268721284916300, 0.2328125000000003700 ) ) ;
#4268 = ORIENTED_EDGE ( 'NONE', *, *, #2077, .T. ) ;
#4269 = CARTESIAN_POINT ( 'NONE',  ( 2.254327966281374000, -2.254327966281376700, -5.743749999999999500 ) ) ;
#4270 = CARTESIAN_POINT ( 'NONE',  ( -0.07856797606614988900, 3.304776226086985100, 9.649999999999996800 ) ) ;
#4271 = CARTESIAN_POINT ( 'NONE',  ( -0.5785679760661498500, 2.288109559420317600, 9.799999999999998900 ) ) ;
#4272 = CARTESIAN_POINT ( 'NONE',  ( -0.3838064865751794100, 4.602803996860481900, 9.800000000000000700 ) ) ;
#4273 = ORIENTED_EDGE ( 'NONE', *, *, #5998, .T. ) ;
#4274 = CARTESIAN_POINT ( 'NONE',  ( -1.320554748610672300, -3.188101183952079000, -3.321875000000003500 ) ) ;
#4275 = CARTESIAN_POINT ( 'NONE',  ( 2.921613847535453600, 3.100274047152535000, 9.649999999999996800 ) ) ;
#4276 = CARTESIAN_POINT ( 'NONE',  ( -4.135316469341311100, 1.712904166305992500, -4.337500000000001200 ) ) ;
#4277 = VERTEX_POINT ( 'NONE', #2272 ) ;
#4278 = CARTESIAN_POINT ( 'NONE',  ( -0.9404361345048731800, 4.122604748782730900, 9.649999999999998600 ) ) ;
#4279 = CARTESIAN_POINT ( 'NONE',  ( -1.406827871622978700, 3.520145677726528500, 9.800000000000002500 ) ) ;
#4280 = CARTESIAN_POINT ( 'NONE',  ( -1.173620557641935200, -2.964220630418203100, 9.181331502170321500 ) ) ;
#4281 = CARTESIAN_POINT ( 'NONE',  ( 1.140613239452864100, -2.981697175104758300, -9.524398816047913400 ) ) ;
#4282 = CARTESIAN_POINT ( 'NONE',  ( -3.188101183952076800, -1.320554748610674100, 0.1156250000000011400 ) ) ;
#4283 = VECTOR ( 'NONE', #5618, 1000.000000000000000 ) ;
#4284 = CARTESIAN_POINT ( 'NONE',  ( 1.696982592082457700, 2.373791603833998600, 9.649999999999996800 ) ) ;
#4285 = CARTESIAN_POINT ( 'NONE',  ( 2.921432023933851200, 3.261026226086984900, 9.649999999999998600 ) ) ;
#4286 = FACE_OUTER_BOUND ( 'NONE', #992, .T. ) ;
#4287 =( BOUNDED_CURVE ( )  B_SPLINE_CURVE ( 2, ( #4222, #5681, #265, #4254, #1294, #6244, #4177 ),
 .UNSPECIFIED., .F., .T. ) 
 B_SPLINE_CURVE_WITH_KNOTS ( ( 3, 2, 2, 3 ),
 ( 0.1015625000000018900, 0.1093750000000012400, 0.1171875000000005800, 0.1249999999999999300 ),
 .UNSPECIFIED. ) 
 CURVE ( )  GEOMETRIC_REPRESENTATION_ITEM ( )  RATIONAL_B_SPLINE_CURVE ( ( 0.9999999999999815700, 0.9238795325113051700, 1.000000000000000000, 0.9238795325112867400, 1.000000000000000000, 0.9238795325112874000, 0.9999999999999993300 ) ) 
 REPRESENTATION_ITEM ( '' )  );
#4288 = CARTESIAN_POINT ( 'NONE',  ( -4.067658234670652500, -1.684879207899188300, -0.4703125000000002400 ) ) ;
#4289 = CARTESIAN_POINT ( 'NONE',  ( -2.254327966281374400, -2.254327966281375300, -9.806249999999998600 ) ) ;
#4290 = CARTESIAN_POINT ( 'NONE',  ( -0.2163808535106935300, 4.119118266286723600, 9.799999999999998900 ) ) ;
#4291 = CARTESIAN_POINT ( 'NONE',  ( 1.921432023933850900, 3.740713726086984700, 9.649999999999998600 ) ) ;
#4292 = CARTESIAN_POINT ( 'NONE',  ( -2.254327966281374000, 2.254327966281372200, -3.712500000000002100 ) ) ;
#4293 = CARTESIAN_POINT ( 'NONE',  ( -2.938835810518957800, 4.108196136593686100, 9.650000000000000400 ) ) ;
#4294 = CARTESIAN_POINT ( 'NONE',  ( 1.656854249492377000, 3.999999999999998200, -7.228124999999996800 ) ) ;
#4295 = CARTESIAN_POINT ( 'NONE',  ( -4.135316469341310300, -2.292669322670279500E-015, 0.7406249999999982000 ) ) ;
#4296 = CARTESIAN_POINT ( 'NONE',  ( -3.993104247387535200E-016, -3.260617061317346200, -9.451882938682642200 ) ) ;
#4297 = CARTESIAN_POINT ( 'NONE',  ( -3.904297910284798300E-016, -3.188101183952078100, -9.524398816047913400 ) ) ;
#4298 = CARTESIAN_POINT ( 'NONE',  ( -0.5272103830699740300, 2.290070255030793900, 9.649999999999996800 ) ) ;
#4299 = CARTESIAN_POINT ( 'NONE',  ( -2.254327966281374400, -2.254327966281376700, -1.056249999999999900 ) ) ;
#4300 = CARTESIAN_POINT ( 'NONE',  ( 1.621432023933850900, 2.654776226086984300, 9.649999999999998600 ) ) ;
#4301 = EDGE_CURVE ( 'NONE', #6363, #4116, #3518, .T. ) ;
#4302 = DIRECTION ( 'NONE',  ( 0.0000000000000000000, 1.224646799147355200E-016, -1.000000000000000000 ) ) ;
#4303 = EDGE_CURVE ( 'NONE', #1940, #3032, #5873, .T. ) ;
#4304 = CARTESIAN_POINT ( 'NONE',  ( -2.876268721284919800, -2.876268721284922100, 0.8578125000000009800 ) ) ;
#4305 = CARTESIAN_POINT ( 'NONE',  ( -2.254327966281374000, 2.254327966281372700, -7.618749999999998600 ) ) ;
#4306 = DIRECTION ( 'NONE',  ( 0.0000000000000000000, 1.000000000000000000, 0.0000000000000000000 ) ) ;
#4307 = DIRECTION ( 'NONE',  ( -1.000000000000000000, 0.0000000000000000000, 0.0000000000000000000 ) ) ;
#4308 = CARTESIAN_POINT ( 'NONE',  ( 1.320554748610673900, 3.188101183952073200, -0.3531249999999992500 ) ) ;
#4309 = CARTESIAN_POINT ( 'NONE',  ( -2.459817976066150300, 4.621442892753652400, 9.650000000000000400 ) ) ;
#4310 = CARTESIAN_POINT ( 'NONE',  ( -0.6831055519756253900, 4.311593166540866700, 9.800000000000000700 ) ) ;
#4311 = VERTEX_POINT ( 'NONE', #4203 ) ;
#4312 = CARTESIAN_POINT ( 'NONE',  ( 4.135316469341310300, -2.922827613464765300E-015, -2.384375000000001200 ) ) ;
#4313 = CARTESIAN_POINT ( 'NONE',  ( 1.320554748610673900, 3.188101183952073600, -2.696875000000003000 ) ) ;
#4314 = CARTESIAN_POINT ( 'NONE',  ( -0.1829188428202917200, 4.060861333203833500, 9.650000000000000400 ) ) ;
#4315 = CARTESIAN_POINT ( 'NONE',  ( 2.819112350954274100, 4.132630911094576500, 9.650000000000002100 ) ) ;
#4316 = CARTESIAN_POINT ( 'NONE',  ( -0.07951717882208275700, 3.159216186900910600, 9.799999999999998900 ) ) ;
#4317 = CARTESIAN_POINT ( 'NONE',  ( -3.904297910284797800E-016, -3.188101183952079000, -3.399999999999999500 ) ) ;
#4318 = FACE_OUTER_BOUND ( 'NONE', #1582, .T. ) ;
#4319 = CARTESIAN_POINT ( 'NONE',  ( 2.144422359360416600, 4.589508658479884300, 9.649999999999998600 ) ) ;
#4320 = FACE_OUTER_BOUND ( 'NONE', #2014, .T. ) ;
#4321 = EDGE_CURVE ( 'NONE', #672, #6344, #6369, .T. ) ;
#4322 = EDGE_CURVE ( 'NONE', #3255, #1847, #5913, .T. ) ;
#4323 = CARTESIAN_POINT ( 'NONE',  ( 1.656854249492386800, -3.999999999999989800, -1.290625000000003500 ) ) ;
#4324 = CARTESIAN_POINT ( 'NONE',  ( -1.320554748610672300, -3.188101183952078500, -7.228125000000001200 ) ) ;
#4325 = CARTESIAN_POINT ( 'NONE',  ( -0.9945598031082748500, 4.512381789214118500, 9.649999999999996800 ) ) ;
#4326 = LINE ( 'NONE', #2369, #4109 ) ;
#4327 = ORIENTED_EDGE ( 'NONE', *, *, #1347, .T. ) ;
#4328 = CARTESIAN_POINT ( 'NONE',  ( 3.999999999999995600, 1.656854249492376600, 3.865625000000001900 ) ) ;
#4329 = CARTESIAN_POINT ( 'NONE',  ( -2.254327966281374400, -2.254327966281376200, -3.556249999999999500 ) ) ;
#4330 = CARTESIAN_POINT ( 'NONE',  ( 2.924110317823652000, -2.924110317823655600, -0.04062500000000073000 ) ) ;
#4331 = ORIENTED_EDGE ( 'NONE', *, *, #3296, .F. ) ;
#4332 = CARTESIAN_POINT ( 'NONE',  ( 3.188101183952076800, -1.320554748610675500, -3.009375000000003000 ) ) ;
#4333 = B_SPLINE_CURVE_WITH_KNOTS ( 'NONE', 3,
 ( #2849, #314, #2371, #6354, #6310 ),
 .UNSPECIFIED., .F., .F.,
 ( 4, 1, 4 ),
 ( 0.0000000000000000000, 0.4179830628199463500, 1.000000000000000000 ),
 .UNSPECIFIED. ) ;
#4334 = CARTESIAN_POINT ( 'NONE',  ( 2.819112350954274100, 4.132630911094576500, 9.800000000000002500 ) ) ;
#4335 = CARTESIAN_POINT ( 'NONE',  ( 2.624298914034698600, 3.256561662931544800, 9.800000000000000700 ) ) ;
#4336 = VERTEX_POINT ( 'NONE', #814 ) ;
#4337 = CARTESIAN_POINT ( 'NONE',  ( -4.898587196589407900E-016, -3.999999999999996400, -7.774999999999998600 ) ) ;
#4338 = CARTESIAN_POINT ( 'NONE',  ( 1.591251464718652400, -2.767616877770362500, -9.524398816047909800 ) ) ;
#4339 = CARTESIAN_POINT ( 'NONE',  ( -3.904297910284797800E-016, -3.188101183952079400, 0.3500000000000013700 ) ) ;
#4340 = ORIENTED_EDGE ( 'NONE', *, *, #3144, .F. ) ;
#4341 = CARTESIAN_POINT ( 'NONE',  ( 1.727464574501605100, 2.314092258503500900, 9.650000000000002100 ) ) ;
#4342 = VERTEX_POINT ( 'NONE', #1820 ) ;
#4343 = CARTESIAN_POINT ( 'NONE',  ( 3.188101183952076800, 1.320554748610671000, -9.103125000000003900 ) ) ;
#4344 = ORIENTED_EDGE ( 'NONE', *, *, #3904, .F. ) ;
#4345 = CARTESIAN_POINT ( 'NONE',  ( 3.188101183952076800, -1.320554748610675900, -0.6656249999999995800 ) ) ;
#4346 = CARTESIAN_POINT ( 'NONE',  ( 2.828427124746187200, -2.828427124746190300, -0.1187499999999985700 ) ) ;
#4347 = LINE ( 'NONE', #4898, #4598 ) ;
#4348 = CARTESIAN_POINT ( 'NONE',  ( 2.130525184775832000, 2.011332460705462600, 9.799999999999997200 ) ) ;
#4349 = CARTESIAN_POINT ( 'NONE',  ( -2.731762703917112000, 4.272634082983291400, 9.650000000000000400 ) ) ;
#4350 = CARTESIAN_POINT ( 'NONE',  ( 0.0000000000000000000, -2.546799723626479500E-015, -9.649999999999998600 ) ) ;
#4351 = CARTESIAN_POINT ( 'NONE',  ( -2.924110317823652000, 2.924110317823649800, -1.915625000000000600 ) ) ;
#4352 = CARTESIAN_POINT ( 'NONE',  ( -3.188101183952076800, 1.320554748610669700, -3.634375000000002100 ) ) ;
#4353 = CARTESIAN_POINT ( 'NONE',  ( -1.351299695736182900, 2.677054486482882900, 9.650000000000000400 ) ) ;
#4354 = FACE_OUTER_BOUND ( 'NONE', #2483, .T. ) ;
#4355 = CARTESIAN_POINT ( 'NONE',  ( 2.624298914034698600, 3.256561662931544800, 9.649999999999998600 ) ) ;
#4356 = DIRECTION ( 'NONE',  ( 0.0000000000000000000, 1.000000000000000000, 1.334402673828312800E-016 ) ) ;
#4357 = CARTESIAN_POINT ( 'NONE',  ( 2.254327966281374000, -2.254327966281377500, 0.5062500000000015300 ) ) ;
#4358 = CARTESIAN_POINT ( 'NONE',  ( 2.922994523933851100, 3.197484559420318300, 9.799999999999998900 ) ) ;
#4359 = CARTESIAN_POINT ( 'NONE',  ( 1.643568846121135500, 4.108841705095675100, 9.649999999999998600 ) ) ;
#4360 = FACE_OUTER_BOUND ( 'NONE', #5815, .T. ) ;
#4361 = CARTESIAN_POINT ( 'NONE',  ( 0.0000000000000000000, 3.188101183952074500, -3.868750000000002600 ) ) ;
#4362 = DIRECTION ( 'NONE',  ( -0.0000000000000000000, -0.0000000000000000000, -1.000000000000000000 ) ) ;
#4363 = CARTESIAN_POINT ( 'NONE',  ( -3.188101183952076800, -1.320554748610674100, 0.1156250000000011400 ) ) ;
#4364 = CARTESIAN_POINT ( 'NONE',  ( 2.479792279454824800, 3.222490623078721600, 9.649999999999998600 ) ) ;
#4365 = CARTESIAN_POINT ( 'NONE',  ( 3.121296421836373000, 4.160263603887415200, 9.649999999999996800 ) ) ;
#4366 = CARTESIAN_POINT ( 'NONE',  ( 1.588098690600517200, 3.758422059420317900, 9.799999999999998900 ) ) ;
#4367 = CARTESIAN_POINT ( 'NONE',  ( 1.629629694515503300, -2.748200694120560800, 4.349999999999997000 ) ) ;
#4368 = CARTESIAN_POINT ( 'NONE',  ( -1.712904166305994500, 4.135316469341308500, 1.756249999999999600 ) ) ;
#4369 = CARTESIAN_POINT ( 'NONE',  ( -0.1133981086984053700, 2.131382760193778900, 9.649999999999998600 ) ) ;
#4370 = CARTESIAN_POINT ( 'NONE',  ( -3.904297910284797800E-016, -3.188101183952079400, -0.7437500000000031300 ) ) ;
#4371 = B_SPLINE_CURVE_WITH_KNOTS ( 'NONE', 3,
 ( #2177, #4103, #5104, #2137, #5650, #688, #177, #1182, #6096, #160, #4639 ),
 .UNSPECIFIED., .F., .F.,
 ( 4, 1, 1, 1, 1, 1, 1, 1, 4 ),
 ( 0.0000000000000000000, 0.1223550709664600900, 0.2445129853632978800, 0.3683784308937870200, 0.4953526096676662000, 0.6226247451450165300, 0.7476205305936950400, 0.8723766307107134700, 1.000000000000000000 ),
 .UNSPECIFIED. ) ;
#4372 = CARTESIAN_POINT ( 'NONE',  ( -2.938835810518957800, 4.108196136593686100, 9.650000000000000400 ) ) ;
#4373 = DIRECTION ( 'NONE',  ( 0.0000000000000000000, 0.0000000000000000000, 1.000000000000000000 ) ) ;
#4374 = CARTESIAN_POINT ( 'NONE',  ( -3.178567976066149800, 3.971442892753650700, 9.799999999999998900 ) ) ;
#4375 = CARTESIAN_POINT ( 'NONE',  ( 1.914161720836846900, 3.050295816437674600, 9.799999999999998900 ) ) ;
#4376 = CARTESIAN_POINT ( 'NONE',  ( -1.320554748610672300, -3.188101183952079900, 4.021875000000001400 ) ) ;
#4377 = CARTESIAN_POINT ( 'NONE',  ( 2.704805783920760200, 2.426465812763594100, 9.799999999999998900 ) ) ;
#4378 = EDGE_CURVE ( 'NONE', #4398, #4031, #787, .T. ) ;
#4379 = CARTESIAN_POINT ( 'NONE',  ( 1.320554748610671000, -3.188101183952079900, -4.415625000000003000 ) ) ;
#4380 = AXIS2_PLACEMENT_3D ( 'NONE', #4961, #1920, #1506 ) ;
#4381 = EDGE_LOOP ( 'NONE', ( #128, #5528, #3403, #4494 ) ) ;
#4382 = CARTESIAN_POINT ( 'NONE',  ( -3.188101183952076800, 1.320554748610669700, -2.540624999999999500 ) ) ;
#4383 = CARTESIAN_POINT ( 'NONE',  ( 1.656854249492386800, -3.999999999999988900, -0.1968749999999980200 ) ) ;
#4384 = DIRECTION ( 'NONE',  ( 0.0000000000000000000, 1.000000000000000000, 1.334402673828312800E-016 ) ) ;
#4385 = CARTESIAN_POINT ( 'NONE',  ( 2.197208155067389400, 1.998079491838925300, 9.650000000000002100 ) ) ;
#4386 = DIRECTION ( 'NONE',  ( 0.0000000000000000000, 1.000000000000000000, 1.334402673828312800E-016 ) ) ;
#4387 = DIRECTION ( 'NONE',  ( 0.0000000000000000000, 1.000000000000000000, 0.0000000000000000000 ) ) ;
#4388 = CARTESIAN_POINT ( 'NONE',  ( -4.135316469341310300, -2.445750172563699300E-015, 1.990624999999999400 ) ) ;
#4389 = CARTESIAN_POINT ( 'NONE',  ( 0.04791388975983749300, 2.311748927713117600, 9.650000000000002100 ) ) ;
#4390 = CARTESIAN_POINT ( 'NONE',  ( -1.320554748610672300, -3.188101183952079400, -0.8218750000000031300 ) ) ;
#4391 = CARTESIAN_POINT ( 'NONE',  ( 3.214077767863107400, 2.836701875427015000, 9.799999999999998900 ) ) ;
#4392 = CARTESIAN_POINT ( 'NONE',  ( -0.08632371404548083700, 3.581688149147300500, 9.649999999999998600 ) ) ;
#4393 = CARTESIAN_POINT ( 'NONE',  ( 0.5313245703777639300, -7.198793115730471600, 9.174382822876744100 ) ) ;
#4394 = DIRECTION ( 'NONE',  ( -0.0000000000000000000, -0.0000000000000000000, -1.000000000000000000 ) ) ;
#4395 = CARTESIAN_POINT ( 'NONE',  ( 1.320554748610671000, -3.188101183952081200, 5.428125000000002300 ) ) ;
#4396 = CARTESIAN_POINT ( 'NONE',  ( 2.479792279454824800, 3.222490623078721600, 9.799999999999998900 ) ) ;
#4397 = PLANE ( 'NONE',  #5481 ) ;
#4398 = VERTEX_POINT ( 'NONE', #4296 ) ;
#4399 = CARTESIAN_POINT ( 'NONE',  ( 2.416848113354161900, 2.924507599067089000, 9.799999999999998900 ) ) ;
#4400 = CARTESIAN_POINT ( 'NONE',  ( 1.320554748610673900, 3.188101183952073600, -1.446875000000002400 ) ) ;
#4401 = ORIENTED_EDGE ( 'NONE', *, *, #3548, .T. ) ;
#4402 = CARTESIAN_POINT ( 'NONE',  ( -0.8905676305330009200, 4.567007727243947100, 9.799999999999998900 ) ) ;
#4403 = CARTESIAN_POINT ( 'NONE',  ( 1.320554748610671000, -3.188101183952079900, -4.571875000000000400 ) ) ;
#4404 = EDGE_LOOP ( 'NONE', ( #5653, #2180, #1330, #1633, #1649 ) ) ;
#4405 = CARTESIAN_POINT ( 'NONE',  ( -0.4258390893588388000, 4.294434003464634700, 9.799999999999998900 ) ) ;
#4406 = CARTESIAN_POINT ( 'NONE',  ( -0.5785679760661498500, 4.621442892753650600, 9.649999999999996800 ) ) ;
#4407 = CARTESIAN_POINT ( 'NONE',  ( 2.315154400969748700, 1.988533283887820700, 9.799999999999998900 ) ) ;
#4408 = ORIENTED_EDGE ( 'NONE', *, *, #2338, .F. ) ;
#4409 = CARTESIAN_POINT ( 'NONE',  ( 2.887648280496391000, 4.451537681116390900, 9.799999999999998900 ) ) ;
#4410 = CARTESIAN_POINT ( 'NONE',  ( -1.058428551983686000, 3.705779808570265100, 9.650000000000000400 ) ) ;
#4411 = CARTESIAN_POINT ( 'NONE',  ( 4.135316469341310300, 1.712904166305992300, 5.193749999999997000 ) ) ;
#4412 = CARTESIAN_POINT ( 'NONE',  ( -1.365211233084270900, 2.750408270184548300, 9.799999999999998900 ) ) ;
#4413 = ORIENTED_EDGE ( 'NONE', *, *, #542, .F. ) ;
#4414 = CARTESIAN_POINT ( 'NONE',  ( 3.174779176261427700, 2.664819354788560400, 9.649999999999998600 ) ) ;
#4415 = CARTESIAN_POINT ( 'NONE',  ( 1.929716318730257700, 3.631392845740038000, 9.649999999999996800 ) ) ;
#4416 = CARTESIAN_POINT ( 'NONE',  ( 3.808828230799612900, -5.306525495115932000, 9.577422542648276900 ) ) ;
#4417 = CARTESIAN_POINT ( 'NONE',  ( 2.254327966281374000, -2.254327966281378000, 3.162499999999997000 ) ) ;
#4418 = ORIENTED_EDGE ( 'NONE', *, *, #2202, .F. ) ;
#4419 = CARTESIAN_POINT ( 'NONE',  ( 3.188101183952076800, -3.428123259763508200E-015, 3.162500000000000500 ) ) ;
#4420 = CARTESIAN_POINT ( 'NONE',  ( 2.487918213008120500, 2.302845082464211500, 9.800000000000000700 ) ) ;
#4421 = VERTEX_POINT ( 'NONE', #2325 ) ;
#4422 = CARTESIAN_POINT ( 'NONE',  ( -0.9089978939831647700, 2.048817478644298500, 9.799999999999998900 ) ) ;
#4423 = CARTESIAN_POINT ( 'NONE',  ( 2.873249503627420600, 3.187857568894492600, 9.799999999999998900 ) ) ;
#4424 = EDGE_CURVE ( 'NONE', #5969, #1087, #874, .T. ) ;
#4425 = CARTESIAN_POINT ( 'NONE',  ( -1.320554748610671700, 3.188101183952075400, -6.290625000000003000 ) ) ;
#4426 = LINE ( 'NONE', #4578, #3135 ) ;
#4427 = CARTESIAN_POINT ( 'NONE',  ( 2.828427124746187200, -2.828427124746189800, -4.962500000000003900 ) ) ;
#4428 = CARTESIAN_POINT ( 'NONE',  ( -2.254327966281374400, -2.254327966281376200, -2.306249999999999500 ) ) ;
#4429 = CARTESIAN_POINT ( 'NONE',  ( -0.3790018146169436600, 4.271666780952276800, 9.800000000000000700 ) ) ;
#4430 = CARTESIAN_POINT ( 'NONE',  ( 1.973990189357979400, 3.485774050305380500, 9.799999999999997200 ) ) ;
#4431 = CARTESIAN_POINT ( 'NONE',  ( -4.898587196589407900E-016, -3.999999999999998200, 2.225000000000002300 ) ) ;
#4432 = CARTESIAN_POINT ( 'NONE',  ( 3.999999999999995600, 1.656854249492377300, -1.134374999999997700 ) ) ;
#4433 = CARTESIAN_POINT ( 'NONE',  ( -1.021734098392484500, 3.915955741257297200, 9.650000000000000400 ) ) ;
#4434 = CARTESIAN_POINT ( 'NONE',  ( 1.712904166305993600, -4.135316469341313800, 6.131249999999997900 ) ) ;
#4435 = CC_DESIGN_APPROVAL ( #4809, ( #1033 ) ) ;
#4436 = CARTESIAN_POINT ( 'NONE',  ( -0.5107063394994441100, 1.989143433789017000, 9.650000000000000400 ) ) ;
#4437 = CARTESIAN_POINT ( 'NONE',  ( -1.320554748610671700, 3.188101183952074500, -3.946874999999999000 ) ) ;
#4438 = CARTESIAN_POINT ( 'NONE',  ( 2.814089335506492400, 3.122407697324078000, 9.649999999999995000 ) ) ;
#4439 = CARTESIAN_POINT ( 'NONE',  ( 3.240429032057939600, 3.033776408382729400, 9.649999999999996800 ) ) ;
#4440 = CARTESIAN_POINT ( 'NONE',  ( 1.921746904447271300, 3.721936344235073700, 9.799999999999998900 ) ) ;
#4441 = CARTESIAN_POINT ( 'NONE',  ( 2.921809941414166300, 3.248700570446148500, 9.799999999999997200 ) ) ;
#4442 = CARTESIAN_POINT ( 'NONE',  ( -3.904297910284797800E-016, -3.188101183952079900, 3.006249999999997000 ) ) ;
#4443 = CARTESIAN_POINT ( 'NONE',  ( -1.320554748610672300, -3.188101183952079900, 5.271875000000000500 ) ) ;
#4444 = CARTESIAN_POINT ( 'NONE',  ( 2.913020251253424700, 3.004086874846649800, 9.799999999999997200 ) ) ;
#4445 = CARTESIAN_POINT ( 'NONE',  ( 2.244428206340494100E-011, -3.900941469341995900, -8.811558530657993800 ) ) ;
#4446 = CARTESIAN_POINT ( 'NONE',  ( 2.828427124746187200, -2.828427124746189400, -6.368749999999999500 ) ) ;
#4447 = EDGE_CURVE ( 'NONE', #1001, #4398, #2385, .T. ) ;
#4448 = EDGE_CURVE ( 'NONE', #830, #3722, #3828, .T. ) ;
#4449 = CARTESIAN_POINT ( 'NONE',  ( 1.320554748610671000, -3.188101183952079900, -3.165625000000003500 ) ) ;
#4450 = CARTESIAN_POINT ( 'NONE',  ( 2.564524390643207600, 4.602731217314437900, 9.799999999999995400 ) ) ;
#4451 = CARTESIAN_POINT ( 'NONE',  ( -1.320554748610671700, 3.188101183952073600, 3.553125000000000100 ) ) ;
#4452 = CARTESIAN_POINT ( 'NONE',  ( -3.188101183952076800, -1.652238153399322500E-015, -4.962499999999999500 ) ) ;
#4453 = CARTESIAN_POINT ( 'NONE',  ( -1.078567976066150200, 3.304776226086985100, 9.800000000000000700 ) ) ;
#4454 = CARTESIAN_POINT ( 'NONE',  ( 2.300726874270520000, 2.922100788418142700, 9.650000000000007500 ) ) ;
#4455 = CARTESIAN_POINT ( 'NONE',  ( -1.024634381165062900, 2.692669694434830500, 9.800000000000002500 ) ) ;
#4456 = CARTESIAN_POINT ( 'NONE',  ( 0.0000000000000000000, 3.999999999999994700, -9.649999999999998600 ) ) ;
#4457 = CARTESIAN_POINT ( 'NONE',  ( 4.135316469341310300, 1.712904166305992500, 3.943749999999999200 ) ) ;
#4458 = CARTESIAN_POINT ( 'NONE',  ( -3.520099933871559700, -5.473222855070004800, 9.578032128422158600 ) ) ;
#4459 = CARTESIAN_POINT ( 'NONE',  ( -4.336808689942017700E-016, 7.439813942204520500E-016, 4.548750000000001000 ) ) ;
#4460 = CARTESIAN_POINT ( 'NONE',  ( -1.320554748610672300, -3.188101183952079400, -0.9781249999999998000 ) ) ;
#4461 = CARTESIAN_POINT ( 'NONE',  ( -1.320554748610672300, -3.188101183952078500, -8.321875000000002100 ) ) ;
#4462 = CARTESIAN_POINT ( 'NONE',  ( 3.254765357267184200, 3.374047059420318000, 9.799999999999998900 ) ) ;
#4463 = ADVANCED_FACE ( 'NONE', ( #1957 ), #1862, .T. ) ;
#4464 = CARTESIAN_POINT ( 'NONE',  ( -3.999999999999996400, 1.656854249492377300, -4.415624999999998600 ) ) ;
#4465 = CARTESIAN_POINT ( 'NONE',  ( -2.254327966281374400, -2.254327966281377100, 5.193750000000000500 ) ) ;
#4466 = ORIENTED_EDGE ( 'NONE', *, *, #654, .T. ) ;
#4467 = CARTESIAN_POINT ( 'NONE',  ( -0.9089978939831647700, 2.048817478644298500, 9.799999999999998900 ) ) ;
#4468 = CARTESIAN_POINT ( 'NONE',  ( 0.0000000000000000000, 4.091537844202519000E-015, 4.548750000000001000 ) ) ;
#4469 = DIRECTION ( 'NONE',  ( -0.0000000000000000000, 1.224646799147355200E-016, -1.000000000000000000 ) ) ;
#4470 = CARTESIAN_POINT ( 'NONE',  ( 3.188101183952076800, -1.320554748610676600, 3.240624999999997000 ) ) ;
#4471 = LINE ( 'NONE', #932, #1826 ) ;
#4472 = CARTESIAN_POINT ( 'NONE',  ( 3.248695264971073200, 3.595170273284357300, 9.650000000000000400 ) ) ;
#4473 = B_SPLINE_CURVE_WITH_KNOTS ( 'NONE', 3,
 ( #5393, #5803, #5983, #4, #6402, #3483, #4430, #6007, #492, #5492, #1446, #3909, #3954, #4952, #3983, #1471, #4985, #1034, #1007 ),
 .UNSPECIFIED., .F., .F.,
 ( 4, 1, 1, 1, 1, 1, 1, 1, 1, 1, 1, 1, 1, 1, 1, 1, 4 ),
 ( 0.0000000000000000000, 0.06888775075671278700, 0.1350620990840966100, 0.1988160971671652200, 0.2603024555712333300, 0.3211511505910358300, 0.3810814870658223400, 0.4406650684421983800, 0.5012293205660759400, 0.5616525301592040200, 0.6208049606778793800, 0.6802725077058161500, 0.7404632870876719500, 0.8015385826321354000, 0.8649379009159033900, 0.9311122492432872800, 1.000000000000000000 ),
 .UNSPECIFIED. ) ;
#4474 = B_SPLINE_CURVE_WITH_KNOTS ( 'NONE', 3,
 ( #5898, #460, #5362, #4852, #5856, #2894, #3879, #4375, #4878, #504, #5021, #2030, #4493, #2513, #2484, #5505, #5994, #3517, #1558 ),
 .UNSPECIFIED., .F., .F.,
 ( 4, 1, 1, 1, 1, 1, 1, 1, 1, 1, 1, 1, 1, 1, 1, 1, 4 ),
 ( 0.0000000000000000000, 0.06096813974711338300, 0.1200169551506970500, 0.1776809284509906800, 0.2348494676726185500, 0.2923033656493647700, 0.3508476644321846800, 0.4101918543385125700, 0.4721324656751185200, 0.5346170087542822000, 0.5970890208124807200, 0.6594104640888818200, 0.7230044828650136200, 0.7883259609802801800, 0.8559764045578118800, 0.9265458422810407500, 1.000000000000000000 ),
 .UNSPECIFIED. ) ;
#4475 = AXIS2_PLACEMENT_3D ( 'NONE', #4412, #6387, #5959 ) ;
#4476 = CARTESIAN_POINT ( 'NONE',  ( 1.674991333403553300, 4.185209728639621000, 9.800000000000000700 ) ) ;
#4477 = CARTESIAN_POINT ( 'NONE',  ( 0.0000000000000000000, 3.188101183952074100, 0.9750000000000002000 ) ) ;
#4478 = CARTESIAN_POINT ( 'NONE',  ( -3.188101183952076800, -1.320554748610673500, -4.884374999999998600 ) ) ;
#4479 = CC_DESIGN_PERSON_AND_ORGANIZATION_ASSIGNMENT ( #2883, #508, ( #4893 ) ) ;
#4480 = CARTESIAN_POINT ( 'NONE',  ( -0.07888363690325324300, 3.353743410433222700, 9.799999999999998900 ) ) ;
#4481 = CYLINDRICAL_SURFACE ( 'NONE', #6067, 3.999999999999997300 ) ;
#4482 = CARTESIAN_POINT ( 'NONE',  ( -0.5613511018966591500, 2.288766853651625700, 9.799999999999998900 ) ) ;
#4483 = CARTESIAN_POINT ( 'NONE',  ( -0.7741543517424751600, 2.335615223040362800, 9.800000000000000700 ) ) ;
#4484 = CARTESIAN_POINT ( 'NONE',  ( -2.249303803346303100, -3.098632658127460400, -8.891292917927446000 ) ) ;
#4485 = CARTESIAN_POINT ( 'NONE',  ( -1.376480751600119600, 3.807378800659991100, 9.650000000000002100 ) ) ;
#4486 = CARTESIAN_POINT ( 'NONE',  ( -3.999999999999996400, -1.656854249492380100, -5.353125000000003000 ) ) ;
#4487 = CARTESIAN_POINT ( 'NONE',  ( -3.188101183952076800, -2.264561552973000200E-015, 0.03750000000000107400 ) ) ;
#4488 = CARTESIAN_POINT ( 'NONE',  ( -3.999999999999996400, -1.656854249492380800, -0.3531250000000033500 ) ) ;
#4489 = CARTESIAN_POINT ( 'NONE',  ( 3.999999999999995600, 1.656854249492377500, -2.228125000000003000 ) ) ;
#4490 = CARTESIAN_POINT ( 'NONE',  ( 2.339661190600517600, 1.988109559420317800, 9.649999999999998600 ) ) ;
#4491 = CARTESIAN_POINT ( 'NONE',  ( 1.921432023933850900, 3.740713726086984700, 9.799999999999998900 ) ) ;
#4492 = EDGE_LOOP ( 'NONE', ( #3310, #3481 ) ) ;
#4493 = CARTESIAN_POINT ( 'NONE',  ( 1.670627023894268400, 3.344851504275294200, 9.800000000000000700 ) ) ;
#4494 = ORIENTED_EDGE ( 'NONE', *, *, #5543, .T. ) ;
#4495 = CARTESIAN_POINT ( 'NONE',  ( 2.549188983786274700, 2.322606663556192200, 9.799999999999997200 ) ) ;
#4496 = ORIENTED_EDGE ( 'NONE', *, *, #3998, .F. ) ;
#4497 = CARTESIAN_POINT ( 'NONE',  ( 0.0000000000000000000, 3.188101183952073600, 3.631249999999997400 ) ) ;
#4498 = ORIENTED_EDGE ( 'NONE', *, *, #5538, .F. ) ;
#4499 = ORIENTED_EDGE ( 'NONE', *, *, #4675, .F. ) ;
#4500 = CARTESIAN_POINT ( 'NONE',  ( -3.188101183952076800, 1.320554748610669000, 3.709375000000000500 ) ) ;
#4501 = CARTESIAN_POINT ( 'NONE',  ( -3.904297910284797800E-016, -3.188101183952078500, -8.400000000000000400 ) ) ;
#4502 = CARTESIAN_POINT ( 'NONE',  ( -1.078237002572867400, 3.254768769302756500, 9.800000000000000700 ) ) ;
#4503 = VERTEX_POINT ( 'NONE', #4490 ) ;
#4504 = ADVANCED_FACE ( 'NONE', ( #6376 ), #2056, .T. ) ;
#4505 = CARTESIAN_POINT ( 'NONE',  ( 2.250740955257044500, 2.923395868681153000, 9.800000000000000700 ) ) ;
#4506 = DIRECTION ( 'NONE',  ( 0.0000000000000000000, 1.000000000000000000, 0.0000000000000000000 ) ) ;
#4507 = CARTESIAN_POINT ( 'NONE',  ( -6.500000000000001800, -1.265110273899335600, 9.523189522661933600 ) ) ;
#4508 = CARTESIAN_POINT ( 'NONE',  ( -1.295319989994649300, 4.117063237196243900, 9.650000000000005700 ) ) ;
#4509 = CARTESIAN_POINT ( 'NONE',  ( 1.656854249492381500, 3.999999999999992500, 1.678124999999997000 ) ) ;
#4510 = CARTESIAN_POINT ( 'NONE',  ( 2.068554584715608200, 2.408484785729651600, 9.800000000000000700 ) ) ;
#4511 = CARTESIAN_POINT ( 'NONE',  ( -3.904297910284797800E-016, -3.188101183952079900, 4.100000000000001400 ) ) ;
#4512 = CARTESIAN_POINT ( 'NONE',  ( 2.254327966281374900, 2.254327966281371800, -7.775000000000002100 ) ) ;
#4513 = CARTESIAN_POINT ( 'NONE',  ( 3.780589016438072700, -0.9366587656586314900, -8.824894967018959600 ) ) ;
#4514 = LINE ( 'NONE', #3183, #3337 ) ;
#4515 = CARTESIAN_POINT ( 'NONE',  ( -0.2204746136428095100, 2.483786784911688400, 9.649999999999998600 ) ) ;
#4516 = CARTESIAN_POINT ( 'NONE',  ( -2.828427124746187200, 2.828427124746186300, -4.493749999999998600 ) ) ;
#4517 = CARTESIAN_POINT ( 'NONE',  ( -0.4448624368428830700, 1.995997755970403200, 9.799999999999998900 ) ) ;
#4518 = EDGE_CURVE ( 'NONE', #2234, #5894, #3275, .T. ) ;
#4519 = CARTESIAN_POINT ( 'NONE',  ( 2.921432023933851200, 3.765713726086984600, 9.799999999999998900 ) ) ;
#4520 = CARTESIAN_POINT ( 'NONE',  ( 2.832573902130056400, 2.140614940919598500, 9.649999999999996800 ) ) ;
#4521 = CIRCLE ( 'NONE', #1737, 3.999999999999996400 ) ;
#4522 = EDGE_CURVE ( 'NONE', #2124, #830, #5839, .T. ) ;
#4523 = CARTESIAN_POINT ( 'NONE',  ( -2.254327966281374400, -2.254327966281376700, 1.599999999999997200 ) ) ;
#4524 = CARTESIAN_POINT ( 'NONE',  ( -1.656854249492379000, -3.999999999999997300, -3.946875000000004400 ) ) ;
#4525 = B_SPLINE_CURVE_WITH_KNOTS ( 'NONE', 3,
 ( #1221, #221, #2761, #2776, #4702, #3207, #3756, #6222, #785, #2238, #4265 ),
 .UNSPECIFIED., .F., .F.,
 ( 4, 1, 1, 1, 1, 1, 1, 1, 4 ),
 ( 0.0000000000000000000, 0.1276647678962240200, 0.2517385630080498100, 0.3727533493873905200, 0.4921467589723860800, 0.6140696213092453600, 0.7371973244121096100, 0.8656069906011182300, 1.000000000000000000 ),
 .UNSPECIFIED. ) ;
#4526 = VECTOR ( 'NONE', #502, 1000.000000000000000 ) ;
#4527 = AXIS2_PLACEMENT_3D ( 'NONE', #1857, #324, #6283 ) ;
#4528 = CARTESIAN_POINT ( 'NONE',  ( -2.254327966281374400, -2.254327966281376700, 1.443750000000000500 ) ) ;
#4529 = CARTESIAN_POINT ( 'NONE',  ( 2.254327966281374900, 2.254327966281371800, -7.931249999999999500 ) ) ;
#4530 = CARTESIAN_POINT ( 'NONE',  ( -0.9996588325373559900, 2.609905902458793800, 9.649999999999996800 ) ) ;
#4531 = CARTESIAN_POINT ( 'NONE',  ( -2.828427124746187200, 2.828427124746185000, -1.837500000000003000 ) ) ;
#4532 = CARTESIAN_POINT ( 'NONE',  ( -4.135316469341311100, -1.712904166305997400, 8.318749999999999600 ) ) ;
#4533 = CARTESIAN_POINT ( 'NONE',  ( 2.427682023933850800, 3.221442892753651600, 9.649999999999998600 ) ) ;
#4534 = CARTESIAN_POINT ( 'NONE',  ( 1.954765357267184400, 2.688109559420318400, 9.650000000000003900 ) ) ;
#4535 = CARTESIAN_POINT ( 'NONE',  ( -3.188101183952076800, 1.320554748610669700, 1.209375000000000300 ) ) ;
#4536 = CARTESIAN_POINT ( 'NONE',  ( -2.254327966281374400, -2.254327966281376200, -4.650000000000002100 ) ) ;
#4537 = CARTESIAN_POINT ( 'NONE',  ( 7.960204194457797400E-016, -6.499999999999997300, 4.548750000000000100 ) ) ;
#4538 = CARTESIAN_POINT ( 'NONE',  ( 0.0000000000000000000, 3.188101183952073600, 2.381249999999997900 ) ) ;
#4539 = ADVANCED_FACE ( 'NONE', ( #2427 ), #4914, .T. ) ;
#4540 = CARTESIAN_POINT ( 'NONE',  ( 0.2544232331483318700, 3.266752701824849200, 9.799999999999998900 ) ) ;
#4541 = CARTESIAN_POINT ( 'NONE',  ( 0.0000000000000000000, 0.0000000000000000000, 0.0000000000000000000 ) ) ;
#4542 = CARTESIAN_POINT ( 'NONE',  ( 2.722952867630072500, 2.073109400140037200, 9.649999999999995000 ) ) ;
#4543 = EDGE_CURVE ( 'NONE', #997, #4651, #1872, .T. ) ;
#4544 = EDGE_CURVE ( 'NONE', #4398, #6353, #2890, .T. ) ;
#4545 = CARTESIAN_POINT ( 'NONE',  ( -1.320554748610671700, 3.188101183952074500, -1.290625000000002100 ) ) ;
#4546 = CARTESIAN_POINT ( 'NONE',  ( 2.384973690600517700, 4.621442892753652400, 9.649999999999998600 ) ) ;
#4547 = CARTESIAN_POINT ( 'NONE',  ( -1.320554748610672300, -3.188101183952079900, 4.021875000000001400 ) ) ;
#4548 = CARTESIAN_POINT ( 'NONE',  ( -3.188101183952076800, -1.499157303505903100E-015, -6.212499999999999500 ) ) ;
#4549 = CARTESIAN_POINT ( 'NONE',  ( -0.9996588325373559900, 2.609905902458793800, 9.799999999999995400 ) ) ;
#4550 = CARTESIAN_POINT ( 'NONE',  ( 0.0000000000000000000, 4.091537844202519000E-015, 4.548750000000001000 ) ) ;
#4551 = CARTESIAN_POINT ( 'NONE',  ( -2.459817976066150300, 4.621442892753652400, 9.800000000000000700 ) ) ;
#4552 = CARTESIAN_POINT ( 'NONE',  ( 4.135316469341310300, 1.712904166305992100, 7.693749999999998800 ) ) ;
#4553 = DIRECTION ( 'NONE',  ( 0.9950371902099890400, 0.09950371902099881800, 0.0000000000000000000 ) ) ;
#4554 = CARTESIAN_POINT ( 'NONE',  ( -0.5957891626181164300, 2.288752798779801100, 9.800000000000000700 ) ) ;
#4555 = CARTESIAN_POINT ( 'NONE',  ( 2.356848690600517500, 2.288109559420317600, 9.650000000000002100 ) ) ;
#4556 = ORIENTED_EDGE ( 'NONE', *, *, #5655, .F. ) ;
#4557 = CARTESIAN_POINT ( 'NONE',  ( -2.254327966281374000, 2.254327966281371300, 3.631250000000001000 ) ) ;
#4558 = CARTESIAN_POINT ( 'NONE',  ( -3.188101183952076800, -1.518292409742580100E-015, -6.056250000000003000 ) ) ;
#4559 = DIRECTION ( 'NONE',  ( 0.0000000000000000000, 0.0000000000000000000, 1.000000000000000000 ) ) ;
#4560 = CARTESIAN_POINT ( 'NONE',  ( 2.254327966281374000, -2.254327966281378000, 4.412499999999997900 ) ) ;
#4561 = CARTESIAN_POINT ( 'NONE',  ( -1.159297142732816900, 2.238630392753651900, 9.800000000000000700 ) ) ;
#4562 = CARTESIAN_POINT ( 'NONE',  ( 2.815890179097976000, 3.403026844916640300, 9.799999999999998900 ) ) ;
#4563 = CARTESIAN_POINT ( 'NONE',  ( -3.904297910284797800E-016, -3.188101183952079400, -0.7437500000000031300 ) ) ;
#4564 = CARTESIAN_POINT ( 'NONE',  ( 3.254765357267184200, 3.374047059420318000, 9.649999999999996800 ) ) ;
#4565 = VECTOR ( 'NONE', #2298, 1000.000000000000000 ) ;
#4566 = VERTEX_POINT ( 'NONE', #2559 ) ;
#4567 = ADVANCED_FACE ( 'NONE', ( #1201 ), #6386, .T. ) ;
#4568 = CARTESIAN_POINT ( 'NONE',  ( 3.188101183952076800, -4.040446659337185900E-015, 8.162499999999999600 ) ) ;
#4569 = EDGE_LOOP ( 'NONE', ( #1560, #3653, #3367, #140 ) ) ;
#4570 = CARTESIAN_POINT ( 'NONE',  ( 4.067658234670651600, -1.684879207899192100, 6.248437500000004100 ) ) ;
#4571 = CARTESIAN_POINT ( 'NONE',  ( 0.4512598875732720700, 3.775324113252803000, 4.350000000000002300 ) ) ;
#4572 = ADVANCED_FACE ( 'NONE', ( #4220 ), #3277, .T. ) ;
#4573 = EDGE_LOOP ( 'NONE', ( #4962, #6123, #3699, #3316 ) ) ;
#4574 = CARTESIAN_POINT ( 'NONE',  ( 1.621432023933850900, 2.654776226086984300, 9.799999999999998900 ) ) ;
#4575 = CARTESIAN_POINT ( 'NONE',  ( -6.500000000000000900, -3.752776749732947200, 8.997274632750784200 ) ) ;
#4576 = CARTESIAN_POINT ( 'NONE',  ( 0.0000000000000000000, 3.999999999999993300, 4.100000000000002300 ) ) ;
#4577 = B_SPLINE_CURVE_WITH_KNOTS ( 'NONE', 3,
 ( #729, #412, #462, #3943, #4855, #968, #2437, #3922, #3427, #2930, #4941, #377, #5947, #5386, #1976, #5879, #435, #3855, #879 ),
 .UNSPECIFIED., .F., .F.,
 ( 4, 1, 1, 1, 1, 1, 1, 1, 1, 1, 1, 1, 1, 1, 1, 1, 4 ),
 ( 0.0000000000000000000, 0.1184055081537694500, 0.2266543328167017200, 0.3240923419286017600, 0.4117048030053216400, 0.4890259050064156300, 0.5569093973430758700, 0.6162333444927070600, 0.6673492812770747100, 0.7135123932013472900, 0.7576965045209780300, 0.7994925114422909400, 0.8399760647439391500, 0.8798857418167759200, 0.9191486593857416400, 0.9592273564930828800, 1.000000000000000000 ),
 .UNSPECIFIED. ) ;
#4578 = CARTESIAN_POINT ( 'NONE',  ( 4.898587196589409900E-016, -4.000000000000000000, -9.649999999999998600 ) ) ;
#4579 = CARTESIAN_POINT ( 'NONE',  ( -3.999999999999995600, -1.832144963924221000E-015, -3.087499999999998600 ) ) ;
#4580 = CARTESIAN_POINT ( 'NONE',  ( 1.871556275951014500, -2.580942902325622500, -9.524398816047913400 ) ) ;
#4581 = ORIENTED_EDGE ( 'NONE', *, *, #3147, .F. ) ;
#4582 = CARTESIAN_POINT ( 'NONE',  ( 1.320554748610671000, -3.188101183952079400, -6.915625000000002100 ) ) ;
#4583 = CARTESIAN_POINT ( 'NONE',  ( 3.973163278692846600, -0.2405494279839358000, -8.739336721307168400 ) ) ;
#4584 = CARTESIAN_POINT ( 'NONE',  ( -2.254327966281374400, -2.254327966281376700, 0.3499999999999978700 ) ) ;
#4585 = EDGE_CURVE ( 'NONE', #4205, #4503, #4682, .T. ) ;
#4586 = EDGE_LOOP ( 'NONE', ( #4264, #1084, #4418, #3637 ) ) ;
#4587 = CARTESIAN_POINT ( 'NONE',  ( 2.185848242293249900, 4.259497308217848200, 9.799999999999997200 ) ) ;
#4588 = CARTESIAN_POINT ( 'NONE',  ( 1.712904166305997200, 4.135316469341309400, -9.650000000000003900 ) ) ;
#4589 = ORIENTED_EDGE ( 'NONE', *, *, #5970, .T. ) ;
#4590 = ORIENTED_EDGE ( 'NONE', *, *, #3997, .F. ) ;
#4591 = CARTESIAN_POINT ( 'NONE',  ( -3.188101183952076800, -1.320554748610675200, 7.771874999999997900 ) ) ;
#4592 = CARTESIAN_POINT ( 'NONE',  ( -2.828427124746187600, -2.828427124746189000, -5.431249999999997700 ) ) ;
#4593 = LOCAL_TIME ( 11, 43, 0.0000000000000000000, #1488 ) ;
#4594 = ORIENTED_EDGE ( 'NONE', *, *, #4321, .F. ) ;
#4595 = CARTESIAN_POINT ( 'NONE',  ( -1.320554748610671700, 3.188101183952073200, 7.303125000000002300 ) ) ;
#4596 = CARTESIAN_POINT ( 'NONE',  ( 2.876268721284920300, 2.876268721284915400, 7.732812500000001400 ) ) ;
#4597 = CARTESIAN_POINT ( 'NONE',  ( -0.8591387347504448900, 2.397439078464301200, 9.650000000000003900 ) ) ;
#4598 = VECTOR ( 'NONE', #4373, 1000.000000000000000 ) ;
#4599 = CARTESIAN_POINT ( 'NONE',  ( -1.656854249492361000, -4.000000000000016900, 1.053124999999997600 ) ) ;
#4600 = DIRECTION ( 'NONE',  ( -0.0000000000000000000, -1.319585349029264000E-016, -1.000000000000000000 ) ) ;
#4601 = CARTESIAN_POINT ( 'NONE',  ( -1.267776203976254100, 4.182381762955390800, 9.800000000000000700 ) ) ;
#4602 = CARTESIAN_POINT ( 'NONE',  ( 0.0000000000000000000, 3.999999999999994200, -3.243750000000003900 ) ) ;
#4603 = CARTESIAN_POINT ( 'NONE',  ( -4.898587196589407900E-016, -3.999999999999997300, -1.368750000000004100 ) ) ;
#4604 = CARTESIAN_POINT ( 'NONE',  ( 3.101775357864107200, 1.294446365638798300, -9.356023100777315800 ) ) ;
#4605 = CARTESIAN_POINT ( 'NONE',  ( 2.339661190600517600, 1.988109559420317800, 9.649999999999998600 ) ) ;
#4606 = CARTESIAN_POINT ( 'NONE',  ( 1.320554748610671000, -3.188101183952080300, 1.834374999999997400 ) ) ;
#4607 = CIRCLE ( 'NONE', #1399, 3.999999999999997300 ) ;
#4608 = CARTESIAN_POINT ( 'NONE',  ( 1.957090313976457500, 3.973941014922306400, 9.799999999999998900 ) ) ;
#4609 = CARTESIAN_POINT ( 'NONE',  ( 1.320554748610671000, -3.188101183952079400, -6.915625000000002100 ) ) ;
#4610 = CARTESIAN_POINT ( 'NONE',  ( 4.135316469341310300, -2.157423363997668300E-015, -8.634375000000002100 ) ) ;
#4611 = AXIS2_PLACEMENT_3D ( 'NONE', #2411, #915, #5397 ) ;
#4612 = CARTESIAN_POINT ( 'NONE',  ( -2.254327966281374000, 2.254327966281370900, 7.537499999999998800 ) ) ;
#4613 = CARTESIAN_POINT ( 'NONE',  ( 2.254327966281374000, -2.254327966281378000, 5.506250000000000500 ) ) ;
#4614 = CARTESIAN_POINT ( 'NONE',  ( -4.981444637114788700E-016, -4.067658234670655100, 6.014062500000000500 ) ) ;
#4615 = CARTESIAN_POINT ( 'NONE',  ( -0.8591387347504448900, 2.397439078464301200, 9.800000000000002500 ) ) ;
#4616 = CARTESIAN_POINT ( 'NONE',  ( 5.968675429622237500, 4.059537133467235200, 9.174382822876738800 ) ) ;
#4617 = CARTESIAN_POINT ( 'NONE',  ( -6.500000000000002700, 3.752776749732563900, 4.548750000000001000 ) ) ;
#4618 = CARTESIAN_POINT ( 'NONE',  ( 2.828427124746187200, -2.828427124746189800, -3.868749999999998600 ) ) ;
#4619 = CARTESIAN_POINT ( 'NONE',  ( 1.751164365160045700, 3.210779942616029300, 9.649999999999996800 ) ) ;
#4620 = CARTESIAN_POINT ( 'NONE',  ( -0.1859007616296353700, 2.540626378429558400, 9.799999999999995400 ) ) ;
#4621 = CARTESIAN_POINT ( 'NONE',  ( 2.722952867630072500, 2.073109400140037200, 9.799999999999995400 ) ) ;
#4622 = CARTESIAN_POINT ( 'NONE',  ( 3.206908963438273000, 0.9600993166736816500, -9.369538557131559000 ) ) ;
#4623 = CARTESIAN_POINT ( 'NONE',  ( 2.147237350953193200, 2.338861179413781200, 9.650000000000002100 ) ) ;
#4624 = CARTESIAN_POINT ( 'NONE',  ( -4.067658234670652500, 1.684879207899184800, -4.376562500000001200 ) ) ;
#4625 = CARTESIAN_POINT ( 'NONE',  ( -1.320554748610671700, 3.188101183952074100, -0.04062500000000246500 ) ) ;
#4626 = CARTESIAN_POINT ( 'NONE',  ( 4.898587196589409900E-016, -4.000000000000000000, -9.649999999999998600 ) ) ;
#4627 = VERTEX_POINT ( 'NONE', #4737 ) ;
#4628 = CARTESIAN_POINT ( 'NONE',  ( -2.254327966281374400, -2.254327966281375300, -8.400000000000002100 ) ) ;
#4629 = CARTESIAN_POINT ( 'NONE',  ( -1.787480528935651200, -2.721175403627100800, 8.982809222681089200 ) ) ;
#4630 = CARTESIAN_POINT ( 'NONE',  ( 2.423489430912899600, 2.290509352896193700, 9.800000000000000700 ) ) ;
#4631 = CARTESIAN_POINT ( 'NONE',  ( -2.254327966281374000, 2.254327966281371300, 5.037499999999997000 ) ) ;
#4632 = ORIENTED_EDGE ( 'NONE', *, *, #1741, .T. ) ;
#4633 = CARTESIAN_POINT ( 'NONE',  ( -3.188101183952076800, -1.192995603719064300E-015, -8.712500000000000400 ) ) ;
#4634 = CARTESIAN_POINT ( 'NONE',  ( 2.876268721284920300, 2.876268721284915800, 3.982812500000000100 ) ) ;
#4635 = CARTESIAN_POINT ( 'NONE',  ( 3.267884442462439100, -0.3203388131234176100, 4.350000000000011200 ) ) ;
#4636 = CYLINDRICAL_SURFACE ( 'NONE', #743, 3.999999999999997300 ) ;
#4637 = CARTESIAN_POINT ( 'NONE',  ( 2.197208155067389400, 1.998079491838925300, 9.800000000000002500 ) ) ;
#4638 = CARTESIAN_POINT ( 'NONE',  ( -1.411051772472556600, 3.245210491410321000, 9.650000000000000400 ) ) ;
#4639 = CARTESIAN_POINT ( 'NONE',  ( 2.326119523933850800, 2.921442892753651800, 9.799999999999998900 ) ) ;
#4640 = CARTESIAN_POINT ( 'NONE',  ( 3.999999999999995600, -3.500726227762490200E-015, 2.537500000000001900 ) ) ;
#4641 = CARTESIAN_POINT ( 'NONE',  ( -1.411901309399483700, 3.303734559420318000, 9.799999999999998900 ) ) ;
#4642 = EDGE_CURVE ( 'NONE', #824, #2876, #2892, .T. ) ;
#4643 = CARTESIAN_POINT ( 'NONE',  ( 1.957778889494056900, 2.671030871363926800, 9.649999999999998600 ) ) ;
#4644 = CARTESIAN_POINT ( 'NONE',  ( 2.876268721284919400, -2.876268721284922100, -5.079687500000000400 ) ) ;
#4645 = LINE ( 'NONE', #6365, #1313 ) ;
#4646 = CARTESIAN_POINT ( 'NONE',  ( -1.320554748610671700, 3.188101183952075900, -10.19687499999999900 ) ) ;
#4647 = CARTESIAN_POINT ( 'NONE',  ( -2.578567976066149700, 4.047484559420317900, 9.799999999999998900 ) ) ;
#4648 = EDGE_CURVE ( 'NONE', #4342, #1408, #6371, .T. ) ;
#4649 = CARTESIAN_POINT ( 'NONE',  ( -3.188101183952076800, -1.518292409742580100E-015, -6.056250000000003000 ) ) ;
#4650 = CARTESIAN_POINT ( 'NONE',  ( 2.254327966281374900, 2.254327966281370000, 8.318749999999999600 ) ) ;
#4651 = VERTEX_POINT ( 'NONE', #3698 ) ;
#4652 = CARTESIAN_POINT ( 'NONE',  ( -6.500000000000000000, -3.752776749732568800, 4.548750000000001000 ) ) ;
#4653 = CARTESIAN_POINT ( 'NONE',  ( 2.828427124746188100, 2.828427124746183600, 2.849999999999996100 ) ) ;
#4654 = CARTESIAN_POINT ( 'NONE',  ( -1.320554748610671700, 3.188101183952073600, 4.959374999999997000 ) ) ;
#4655 = ORIENTED_EDGE ( 'NONE', *, *, #967, .T. ) ;
#4656 = CARTESIAN_POINT ( 'NONE',  ( -3.999999999999996400, 1.656854249492377300, -5.665624999999999500 ) ) ;
#4657 = ORIENTED_EDGE ( 'NONE', *, *, #1345, .F. ) ;
#4658 = CARTESIAN_POINT ( 'NONE',  ( 2.876268721284919400, -2.876268721284923400, 4.920312500000001400 ) ) ;
#4659 = CARTESIAN_POINT ( 'NONE',  ( 1.445134161113313300, 3.410105829719126500, 4.350000000000004100 ) ) ;
#4660 = ORIENTED_EDGE ( 'NONE', *, *, #4976, .F. ) ;
#4661 =( BOUNDED_CURVE ( )  B_SPLINE_CURVE ( 2, ( #2431, #5893, #3420, #3603, #2118, #4486, #3095, #2049, #5088 ),
 .UNSPECIFIED., .F., .F. ) 
 B_SPLINE_CURVE_WITH_KNOTS ( ( 3, 2, 2, 2, 3 ),
 ( 0.2500000000000000000, 0.2578125000000000000, 0.2656250000000000000, 0.2734375000000000000, 0.2812500000000000000 ),
 .UNSPECIFIED. ) 
 CURVE ( )  GEOMETRIC_REPRESENTATION_ITEM ( )  RATIONAL_B_SPLINE_CURVE ( ( 1.000000000000000000, 0.9238795325112867400, 1.000000000000000000, 0.9238795325112867400, 1.000000000000000000, 0.9238795325112867400, 1.000000000000000000, 0.9238795325112867400, 1.000000000000000000 ) ) 
 REPRESENTATION_ITEM ( '' )  );
#4662 = CARTESIAN_POINT ( 'NONE',  ( 1.065195357322167100, 6.890562673175646000, 9.319949929344934600 ) ) ;
#4663 = CARTESIAN_POINT ( 'NONE',  ( -1.398263555515966600, 2.968366224973296900, 9.800000000000000700 ) ) ;
#4664 = ORIENTED_EDGE ( 'NONE', *, *, #5970, .F. ) ;
#4665 = CARTESIAN_POINT ( 'NONE',  ( 2.040136770273293500, 2.978301911189617200, 9.649999999999998600 ) ) ;
#4666 = CARTESIAN_POINT ( 'NONE',  ( -4.898587196589407900E-016, -3.999999999999997300, -0.2749999999999986900 ) ) ;
#4667 = CARTESIAN_POINT ( 'NONE',  ( 1.957090313976457500, 3.973941014922306400, 9.649999999999998600 ) ) ;
#4668 = CARTESIAN_POINT ( 'NONE',  ( 0.2497842996442470900, 3.088874144462509200, 9.649999999999993200 ) ) ;
#4669 = CARTESIAN_POINT ( 'NONE',  ( 2.876268721284919400, -2.876268721284922500, -2.579687499999999500 ) ) ;
#4670 = VERTEX_POINT ( 'NONE', #3753 ) ;
#4671 = CARTESIAN_POINT ( 'NONE',  ( -3.188101183952076800, -1.039914753825645000E-015, -9.962499999999998600 ) ) ;
#4672 = EDGE_CURVE ( 'NONE', #3793, #66, #1587, .T. ) ;
#4673 = CARTESIAN_POINT ( 'NONE',  ( 2.066072570729963900, 4.159925985802330800, 9.799999999999997200 ) ) ;
#4674 = CARTESIAN_POINT ( 'NONE',  ( 1.320554748610673900, 3.188101183952074100, -6.446875000000004800 ) ) ;
#4675 = EDGE_CURVE ( 'NONE', #6447, #997, #1025, .T. ) ;
#4676 = CARTESIAN_POINT ( 'NONE',  ( -1.712904166305994500, 4.135316469341310300, -8.243750000000002100 ) ) ;
#4677 = VECTOR ( 'NONE', #5321, 1000.000000000000000 ) ;
#4678 = CARTESIAN_POINT ( 'NONE',  ( 2.846888822734460900, 4.090071567491552400, 9.799999999999997200 ) ) ;
#4679 = DIRECTION ( 'NONE',  ( 1.000000000000000000, 0.0000000000000000000, 0.0000000000000000000 ) ) ;
#4680 = CARTESIAN_POINT ( 'NONE',  ( -3.904297910284797800E-016, -3.188101183952079900, 5.506249999999997000 ) ) ;
#4681 = CARTESIAN_POINT ( 'NONE',  ( -1.320554748610672300, -3.188101183952078500, -5.978124999999998600 ) ) ;
#4682 = LINE ( 'NONE', #2253, #1276 ) ;
#4683 = CARTESIAN_POINT ( 'NONE',  ( 3.188101183952076800, -2.069530716959410800E-015, -7.931250000000002100 ) ) ;
#4684 = CARTESIAN_POINT ( 'NONE',  ( -3.827742084168343600, -0.5212405617352987600, 4.350000000000020100 ) ) ;
#4685 = CARTESIAN_POINT ( 'NONE',  ( -1.159297142732816700, 2.238630392753651500, 9.799999999999998900 ) ) ;
#4686 = LINE ( 'NONE', #509, #1029 ) ;
#4687 = CARTESIAN_POINT ( 'NONE',  ( 2.356848690600517500, 2.288109559420317600, 9.649999999999998600 ) ) ;
#4688 = CARTESIAN_POINT ( 'NONE',  ( 2.976127120351760100, 2.275437172327329000, 9.800000000000000700 ) ) ;
#4689 = CARTESIAN_POINT ( 'NONE',  ( 2.094647476494280600, 2.710658620508835400, -9.291276869634444300 ) ) ;
#4690 = CARTESIAN_POINT ( 'NONE',  ( 2.384973690600517700, 4.621442892753650600, 9.799999999999998900 ) ) ;
#4691 = CARTESIAN_POINT ( 'NONE',  ( 1.684879207899189200, 4.067658234670649800, -5.939062500000000400 ) ) ;
#4692 = CARTESIAN_POINT ( 'NONE',  ( -3.188101183952076800, -2.896020058783354900E-015, 5.193749999999997000 ) ) ;
#4693 = CARTESIAN_POINT ( 'NONE',  ( -0.001522784427191202000, 4.372044355548224500, 9.800000000000000700 ) ) ;
#4694 = CARTESIAN_POINT ( 'NONE',  ( -3.904297910284797800E-016, -3.188101183952078500, -6.993750000000002100 ) ) ;
#4695 = CARTESIAN_POINT ( 'NONE',  ( -1.077998439507409400, 3.353740012581352100, 9.800000000000002500 ) ) ;
#4696 = CARTESIAN_POINT ( 'NONE',  ( -4.135316469341310300, -1.221103373416343600E-015, -8.009375000000002100 ) ) ;
#4697 = CARTESIAN_POINT ( 'NONE',  ( 2.831915380236854000, 2.653492493992838200, 9.799999999999997200 ) ) ;
#4698 = DIRECTION ( 'NONE',  ( 0.0000000000000000000, 0.0000000000000000000, 1.000000000000000000 ) ) ;
#4699 = DIRECTION ( 'NONE',  ( -0.0000000000000000000, -0.0000000000000000000, -1.000000000000000000 ) ) ;
#4700 = CARTESIAN_POINT ( 'NONE',  ( 1.320554748610671000, -3.188101183952079900, -4.571875000000000400 ) ) ;
#4701 = CARTESIAN_POINT ( 'NONE',  ( -2.254327966281374400, -2.254327966281375800, -7.150000000000003000 ) ) ;
#4702 = CARTESIAN_POINT ( 'NONE',  ( -0.7302206289775887700, 4.297368302797865500, 9.650000000000000400 ) ) ;
#4703 = CARTESIAN_POINT ( 'NONE',  ( 0.2406154205605202400, 3.646528752642999000, 9.800000000000002500 ) ) ;
#4704 = CARTESIAN_POINT ( 'NONE',  ( 3.254071600633902800, 3.255762487955023800, 9.799999999999997200 ) ) ;
#4705 = ORIENTED_EDGE ( 'NONE', *, *, #3296, .T. ) ;
#4706 = DIRECTION ( 'NONE',  ( 0.0000000000000000000, 1.000000000000000000, -1.319585349029264000E-016 ) ) ;
#4707 = CARTESIAN_POINT ( 'NONE',  ( -0.3221557449637167900, 2.022843215973036700, 9.649999999999991500 ) ) ;
#4708 = CARTESIAN_POINT ( 'NONE',  ( 4.067658234670651600, -1.684879207899190500, -5.001562500000001200 ) ) ;
#4709 = CARTESIAN_POINT ( 'NONE',  ( 1.320554748610671000, -3.188101183952081200, 5.584374999999998800 ) ) ;
#4710 = CARTESIAN_POINT ( 'NONE',  ( 0.2516202348941568600, 3.484341000397290300, 9.799999999999998900 ) ) ;
#4711 = CARTESIAN_POINT ( 'NONE',  ( 3.188101183952076800, -1.320554748610675500, -3.009375000000003000 ) ) ;
#4712 = ORIENTED_EDGE ( 'NONE', *, *, #3007, .T. ) ;
#4713 = CARTESIAN_POINT ( 'NONE',  ( 4.135316469341310300, 1.712904166305993800, -4.806250000000001200 ) ) ;
#4714 = CARTESIAN_POINT ( 'NONE',  ( 1.990083817361948200, 2.547094054794749200, 9.799999999999997200 ) ) ;
#4715 = CARTESIAN_POINT ( 'NONE',  ( -1.167300886856041300, 4.350582961660330200, 9.799999999999997200 ) ) ;
#4716 = CARTESIAN_POINT ( 'NONE',  ( -4.898587196589407900E-016, -3.999999999999997300, -0.2749999999999986900 ) ) ;
#4717 = CARTESIAN_POINT ( 'NONE',  ( 3.188101183952076800, -2.203476460616153100E-015, -6.837499999999999500 ) ) ;
#4718 = CONICAL_SURFACE ( 'NONE', #340, 6.375000000000000900, 1.047197551196600100 ) ;
#4719 = CARTESIAN_POINT ( 'NONE',  ( -3.188101183952076800, -1.320554748610673000, -8.478125000000002100 ) ) ;
#4720 = LINE ( 'NONE', #1815, #3854 ) ;
#4721 = ORIENTED_EDGE ( 'NONE', *, *, #6100, .F. ) ;
#4722 = CARTESIAN_POINT ( 'NONE',  ( -3.904533779081540400, 0.5403912011762119800, 4.350000000000004100 ) ) ;
#4723 = EDGE_LOOP ( 'NONE', ( #4191, #4889, #3718, #5737, #5440, #2099, #4036 ) ) ;
#4724 = CARTESIAN_POINT ( 'NONE',  ( 2.828427124746188100, 2.828427124746184500, -2.306249999999998100 ) ) ;
#4725 = EDGE_CURVE ( 'NONE', #1087, #2940, #3065, .T. ) ;
#4726 = CARTESIAN_POINT ( 'NONE',  ( 0.04791388975983749300, 2.311748927713117600, 9.649999999999996800 ) ) ;
#4727 = CARTESIAN_POINT ( 'NONE',  ( 4.067658234670652500, -3.058696070720207600E-015, -1.173437499999999000 ) ) ;
#4728 = CARTESIAN_POINT ( 'NONE',  ( -2.254327966281374400, -2.254327966281377500, 7.849999999999999600 ) ) ;
#4729 = ORIENTED_EDGE ( 'NONE', *, *, #5328, .T. ) ;
#4730 = CARTESIAN_POINT ( 'NONE',  ( -0.2088585770044960000, 4.539599771775082900, 9.800000000000000700 ) ) ;
#4731 = CARTESIAN_POINT ( 'NONE',  ( 3.188101183952076800, 1.320554748610670800, -4.103125000000003000 ) ) ;
#4732 = CARTESIAN_POINT ( 'NONE',  ( 1.712904166305993600, -4.135316469341312900, -3.868750000000001700 ) ) ;
#4733 = ORIENTED_EDGE ( 'NONE', *, *, #5460, .T. ) ;
#4734 = CARTESIAN_POINT ( 'NONE',  ( 2.879150328656783700, 2.817670815048286300, 9.799999999999998900 ) ) ;
#4735 = CARTESIAN_POINT ( 'NONE',  ( -1.411565475993274800, 3.340890945996565400, 9.799999999999997200 ) ) ;
#4736 = VERTEX_POINT ( 'NONE', #799 ) ;
#4737 = CARTESIAN_POINT ( 'NONE',  ( 1.157134284329366600, 2.188109559420317900, 9.649999999999998600 ) ) ;
#4738 = CARTESIAN_POINT ( 'NONE',  ( -1.320554748610672300, -3.188101183952079000, -4.728124999999999500 ) ) ;
#4739 = ORIENTED_EDGE ( 'NONE', *, *, #4642, .F. ) ;
#4740 = CARTESIAN_POINT ( 'NONE',  ( -1.320554748610671700, 3.188101183952075400, -7.540625000000002100 ) ) ;
#4741 = ORIENTED_EDGE ( 'NONE', *, *, #2440, .T. ) ;
#4742 = CALENDAR_DATE ( 2023, 23, 2 ) ;
#4743 = ORIENTED_EDGE ( 'NONE', *, *, #5222, .F. ) ;
#4744 = CARTESIAN_POINT ( 'NONE',  ( -2.828427124746187600, -2.828427124746188500, -7.775000000000003900 ) ) ;
#4745 = B_SPLINE_SURFACE_WITH_KNOTS ( 'NONE', 3, 1, ( 
 ( #6256, #4270 ),
 ( #1289, #773 ),
 ( #1775, #3323 ),
 ( #846, #4823 ),
 ( #2781, #1852 ),
 ( #262, #5752 ),
 ( #1799, #5273 ),
 ( #2802, #2297 ),
 ( #5771, #806 ),
 ( #4290, #4780 ),
 ( #2316, #1814 ),
 ( #5786, #5294 ),
 ( #2822, #3841 ),
 ( #4429, #6360 ),
 ( #4405, #398 ),
 ( #3866, #1470 ),
 ( #6317, #1445 ),
 ( #2881, #4887 ),
 ( #3908, #6401 ) ),
 .UNSPECIFIED., .F., .F., .F.,
 ( 4, 1, 1, 1, 1, 1, 1, 1, 1, 1, 1, 1, 1, 1, 1, 1, 4 ),
 ( 2, 2 ),
 ( 0.0000000000000000000, 0.1156291309254414800, 0.2215410391198767700, 0.3170478562190418000, 0.4031508756396167700, 0.4801812167162797200, 0.5476493661481899300, 0.6070358428421808200, 0.6586524080635073300, 0.7057228903536452200, 0.7498040879796467100, 0.7925868153452740900, 0.8338739610102605700, 0.8747683933034328100, 0.9152226988916381000, 0.9568807037304798400, 1.000000000000000000 ),
 ( 0.0000000000000000000, 1.000000000000000000 ),
 .UNSPECIFIED. ) ;
#4746 = CARTESIAN_POINT ( 'NONE',  ( -0.3820893350944331000, 2.007637496568499500, 9.649999999999991500 ) ) ;
#4747 = CARTESIAN_POINT ( 'NONE',  ( 2.876268721284920300, 2.876268721284916700, -1.017187499999999000 ) ) ;
#4748 = CARTESIAN_POINT ( 'NONE',  ( -1.320554748610671700, 3.188101183952075400, -6.446874999999999500 ) ) ;
#4749 = CARTESIAN_POINT ( 'NONE',  ( 3.999999999999995600, 1.656854249492376800, 4.021874999999997000 ) ) ;
#4750 = CARTESIAN_POINT ( 'NONE',  ( 1.600469841145840900, 3.580287793954897600, 9.650000000000002100 ) ) ;
#4751 = CARTESIAN_POINT ( 'NONE',  ( -0.4795794380686526100, 4.618532699793729700, 9.649999999999996800 ) ) ;
#4752 = CARTESIAN_POINT ( 'NONE',  ( 3.188101183952076800, -2.834934966426507400E-015, -1.681250000000002100 ) ) ;
#4753 = CARTESIAN_POINT ( 'NONE',  ( 2.704805783920760200, 2.426465812763594100, 9.649999999999998600 ) ) ;
#4754 = CARTESIAN_POINT ( 'NONE',  ( 4.135316469341310300, 1.712904166305993800, -6.056250000000002100 ) ) ;
#4755 = CARTESIAN_POINT ( 'NONE',  ( 0.0000000000000000000, 3.999999999999994200, -5.743750000000003000 ) ) ;
#4756 = FACE_OUTER_BOUND ( 'NONE', #2884, .T. ) ;
#4757 = CARTESIAN_POINT ( 'NONE',  ( -0.6460831626372066600, 4.620390658054074800, 9.799999999999997200 ) ) ;
#4758 = CARTESIAN_POINT ( 'NONE',  ( -1.880421816498818200, 6.419891457519497600, 9.472254919001146700 ) ) ;
#4759 = CARTESIAN_POINT ( 'NONE',  ( -0.3393800281771314200, 2.363649890062729000, 9.649999999999996800 ) ) ;
#4760 = CARTESIAN_POINT ( 'NONE',  ( -2.254327966281374400, -2.254327966281376200, -4.806249999999998600 ) ) ;
#4761 = EDGE_CURVE ( 'NONE', #4651, #4566, #371, .T. ) ;
#4762 =( BOUNDED_CURVE ( )  B_SPLINE_CURVE ( 2, ( #1730, #2810, #2232, #2303, #288, #5261, #1315, #2734, #4755 ),
 .UNSPECIFIED., .F., .F. ) 
 B_SPLINE_CURVE_WITH_KNOTS ( ( 3, 2, 2, 2, 3 ),
 ( 0.2187500000000000300, 0.2265625000000000300, 0.2343750000000000000, 0.2421875000000000000, 0.2500000000000000000 ),
 .UNSPECIFIED. ) 
 CURVE ( )  GEOMETRIC_REPRESENTATION_ITEM ( )  RATIONAL_B_SPLINE_CURVE ( ( 0.9999999999999997800, 0.9238795325112869600, 1.000000000000000000, 0.9238795325112867400, 1.000000000000000000, 0.9238795325112867400, 1.000000000000000000, 0.9238795325112867400, 1.000000000000000000 ) ) 
 REPRESENTATION_ITEM ( '' )  );
#4763 = CARTESIAN_POINT ( 'NONE',  ( 1.684879207899185400, -4.067658234670656000, 2.342187500000000100 ) ) ;
#4764 = CARTESIAN_POINT ( 'NONE',  ( 0.0000000000000000000, 3.188101183952075400, -9.025000000000000400 ) ) ;
#4765 = CARTESIAN_POINT ( 'NONE',  ( 0.2330472551351658300, 3.720396224466324200, 9.649999999999996800 ) ) ;
#4766 = CARTESIAN_POINT ( 'NONE',  ( 3.188101183952076800, -1.320554748610675900, -1.759375000000002600 ) ) ;
#4767 = CARTESIAN_POINT ( 'NONE',  ( 2.922994523933851100, 3.197484559420318300, 9.650000000000002100 ) ) ;
#4768 = CARTESIAN_POINT ( 'NONE',  ( 3.999999999999995600, 1.656854249492378100, -7.384374999999999500 ) ) ;
#4769 = CARTESIAN_POINT ( 'NONE',  ( 4.135316469341310300, 1.712904166305993000, 0.1937499999999977300 ) ) ;
#4770 = CARTESIAN_POINT ( 'NONE',  ( -1.236785708287798400, 4.242906822650787100, 9.800000000000002500 ) ) ;
#4771 = DIRECTION ( 'NONE',  ( -0.8660254037844383700, -0.5000000000000003300, -6.123233995736779600E-017 ) ) ;
#4772 = CARTESIAN_POINT ( 'NONE',  ( 3.188101183952076800, -3.121961559976669900E-015, 0.6625000000000016400 ) ) ;
#4773 = CARTESIAN_POINT ( 'NONE',  ( 1.625026748121281900, 2.629010522260208000, 9.650000000000000400 ) ) ;
#4774 = EDGE_LOOP ( 'NONE', ( #701, #5724, #2332, #3572, #2945 ) ) ;
#4775 = DIRECTION ( 'NONE',  ( 0.0000000000000000000, 0.0000000000000000000, 1.000000000000000000 ) ) ;
#4776 = EDGE_CURVE ( 'NONE', #2795, #4870, #240, .T. ) ;
#4777 = CARTESIAN_POINT ( 'NONE',  ( 0.0000000000000000000, 4.067658234670650700, 0.3890625000000005300 ) ) ;
#4778 = LINE ( 'NONE', #446, #2165 ) ;
#4779 = CARTESIAN_POINT ( 'NONE',  ( -3.188101183952076800, 1.320554748610670300, -6.290625000000000400 ) ) ;
#4780 = CARTESIAN_POINT ( 'NONE',  ( -0.2163808535106935300, 4.119118266286723600, 9.649999999999995000 ) ) ;
#4781 = CARTESIAN_POINT ( 'NONE',  ( -0.07856797606614959700, -0.9360571072463473900, 9.799999999999998900 ) ) ;
#4782 = CARTESIAN_POINT ( 'NONE',  ( -3.188101183952076800, -1.320554748610674100, 0.1156250000000011400 ) ) ;
#4783 = CARTESIAN_POINT ( 'NONE',  ( -0.9166674701620405300, 4.157421032400925800, 9.800000000000000700 ) ) ;
#4784 = CARTESIAN_POINT ( 'NONE',  ( 3.999999999999995600, -1.656854249492382400, -7.540624999999999500 ) ) ;
#4785 = CARTESIAN_POINT ( 'NONE',  ( 4.135316469341310300, -1.712904166305999200, 1.287499999999999000 ) ) ;
#4786 = FACE_OUTER_BOUND ( 'NONE', #2421, .T. ) ;
#4787 = VERTEX_POINT ( 'NONE', #1806 ) ;
#4788 = CARTESIAN_POINT ( 'NONE',  ( -2.830552789624150000, 4.187355428746085900, 9.649999999999996800 ) ) ;
#4789 = CARTESIAN_POINT ( 'NONE',  ( 2.603699130578326100, 2.025922484328581200, 9.649999999999996800 ) ) ;
#4790 = DIRECTION ( 'NONE',  ( 0.0000000000000000000, -1.000000000000000000, 1.319585349029264000E-016 ) ) ;
#4791 = CARTESIAN_POINT ( 'NONE',  ( -0.1572192550671250900, 2.610674624756805300, 9.649999999999998600 ) ) ;
#4792 = CARTESIAN_POINT ( 'NONE',  ( 3.188101183952076800, -1.320554748610675900, -0.6656249999999995800 ) ) ;
#4793 = DIRECTION ( 'NONE',  ( -0.0000000000000000000, -1.319585349029264000E-016, -1.000000000000000000 ) ) ;
#4794 = VERTEX_POINT ( 'NONE', #4206 ) ;
#4795 = EDGE_LOOP ( 'NONE', ( #2666, #5210 ) ) ;
#4796 = CARTESIAN_POINT ( 'NONE',  ( 2.356848690600517500, 2.288109559420317600, 9.649999999999998600 ) ) ;
#4797 = VERTEX_POINT ( 'NONE', #4716 ) ;
#4798 = CARTESIAN_POINT ( 'NONE',  ( 4.067658234670651600, -1.684879207899191700, 2.498437500000000100 ) ) ;
#4799 = CARTESIAN_POINT ( 'NONE',  ( -2.254327966281374400, -2.254327966281375300, -8.556250000000000400 ) ) ;
#4800 = ORIENTED_EDGE ( 'NONE', *, *, #512, .F. ) ;
#4801 = CARTESIAN_POINT ( 'NONE',  ( 1.656854249492395700, -3.999999999999981800, 3.709374999999998300 ) ) ;
#4802 = CARTESIAN_POINT ( 'NONE',  ( 2.977848297248793400, 4.368763125388875700, 9.649999999999998600 ) ) ;
#4803 = CARTESIAN_POINT ( 'NONE',  ( 1.921746904447271300, 3.721936344235073700, 9.649999999999998600 ) ) ;
#4804 =( BOUNDED_CURVE ( )  B_SPLINE_CURVE ( 2, ( #888, #401, #2550, #2503, #5551, #1061, #3049, #3579, #4987 ),
 .UNSPECIFIED., .F., .F. ) 
 B_SPLINE_CURVE_WITH_KNOTS ( ( 3, 2, 2, 2, 3 ),
 ( 0.3750000000000000000, 0.3828125000000000000, 0.3906250000000000600, 0.3984375000000001100, 0.4062500000000001100 ),
 .UNSPECIFIED. ) 
 CURVE ( )  GEOMETRIC_REPRESENTATION_ITEM ( )  RATIONAL_B_SPLINE_CURVE ( ( 1.000000000000000000, 0.9238795325112867400, 1.000000000000000000, 0.9238795325112867400, 1.000000000000000000, 0.9238795325112867400, 1.000000000000000000, 0.9238795325112856300, 1.000000000000001100 ) ) 
 REPRESENTATION_ITEM ( '' )  );
#4805 = ORIENTED_EDGE ( 'NONE', *, *, #2202, .T. ) ;
#4806 = CARTESIAN_POINT ( 'NONE',  ( 2.254327966281374900, 2.254327966281371300, -2.931249999999999000 ) ) ;
#4807 = CARTESIAN_POINT ( 'NONE',  ( -2.568573717622821400, 4.447762224175356500, 9.800000000000002500 ) ) ;
#4808 = CARTESIAN_POINT ( 'NONE',  ( -4.135316469341311100, -1.712904166305996100, -1.681250000000002600 ) ) ;
#4809 = APPROVAL ( #2980, 'UNSPECIFIED' ) ;
#4810 = LOCAL_TIME ( 11, 43, 0.0000000000000000000, #3881 ) ;
#4811 = ORIENTED_EDGE ( 'NONE', *, *, #296, .T. ) ;
#4812 = CARTESIAN_POINT ( 'NONE',  ( -2.254327966281374400, -2.254327966281376200, -2.150000000000002600 ) ) ;
#4813 = CARTESIAN_POINT ( 'NONE',  ( -1.159297142732816900, 2.238630392753651900, 9.800000000000000700 ) ) ;
#4814 = CARTESIAN_POINT ( 'NONE',  ( -0.3340868307836024600, 4.243446314698341700, 9.649999999999996800 ) ) ;
#4815 = DIRECTION ( 'NONE',  ( 0.0000000000000000000, 1.000000000000000000, 0.0000000000000000000 ) ) ;
#4816 = CARTESIAN_POINT ( 'NONE',  ( -0.3393800281771314200, 2.363649890062729000, 9.799999999999998900 ) ) ;
#4817 = CARTESIAN_POINT ( 'NONE',  ( -1.320554748610672300, -3.188101183952079400, -0.9781249999999998000 ) ) ;
#4818 = FACE_OUTER_BOUND ( 'NONE', #989, .T. ) ;
#4819 = CARTESIAN_POINT ( 'NONE',  ( 2.384973690600517700, 4.621442892753650600, 9.649999999999998600 ) ) ;
#4820 = VECTOR ( 'NONE', #1731, 1000.000000000000000 ) ;
#4821 = CARTESIAN_POINT ( 'NONE',  ( -0.7115770757828530100, 4.613573583781345600, 9.800000000000004300 ) ) ;
#4822 = CARTESIAN_POINT ( 'NONE',  ( -1.320554748610672300, -3.188101183952078500, -5.978124999999998600 ) ) ;
#4823 = CARTESIAN_POINT ( 'NONE',  ( -0.08632371404548083700, 3.581688149147300500, 9.649999999999995000 ) ) ;
#4824 = CARTESIAN_POINT ( 'NONE',  ( 3.149726221910802000, 4.098781547630287600, 9.650000000000000400 ) ) ;
#4825 = CARTESIAN_POINT ( 'NONE',  ( -3.188101183952076800, -1.320554748610673700, -3.634374999999999500 ) ) ;
#4826 = CARTESIAN_POINT ( 'NONE',  ( -0.6831055519756253900, 4.311593166540866700, 9.800000000000000700 ) ) ;
#4827 = CARTESIAN_POINT ( 'NONE',  ( -4.898587196589407900E-016, -3.999999999999998200, 0.9750000000000025300 ) ) ;
#4828 = CARTESIAN_POINT ( 'NONE',  ( 4.135316469341310300, 1.712904166305993200, -2.306250000000000800 ) ) ;
#4829 = CARTESIAN_POINT ( 'NONE',  ( 2.254327966281374000, -2.254327966281377100, -4.337500000000003000 ) ) ;
#4830 = B_SPLINE_CURVE_WITH_KNOTS ( 'NONE', 3,
 ( #2830, #2456, #920, #459, #4416, #3424, #2909, #2954, #4937, #3918, #4393, #3939 ),
 .UNSPECIFIED., .F., .F.,
 ( 4, 2, 2, 2, 2, 4 ),
 ( 2.380733003138637400E-007, 0.001895287173645642600, 0.003790336273990971500, 0.004737860824163635800, 0.005685385374336300900, 0.007580434474681627800 ),
 .UNSPECIFIED. ) ;
#4831 = CARTESIAN_POINT ( 'NONE',  ( 2.632403835263818600, 4.284667442254421300, 9.799999999999998900 ) ) ;
#4832 = CARTESIAN_POINT ( 'NONE',  ( 2.708450875117728100, 3.302247632677892700, 9.649999999999996800 ) ) ;
#4833 = B_SPLINE_SURFACE_WITH_KNOTS ( 'NONE', 3, 1, ( 
 ( #5835, #5284 ),
 ( #4915, #6372 ),
 ( #5923, #1925 ),
 ( #4441, #431 ),
 ( #963, #5875 ) ),
 .UNSPECIFIED., .F., .F., .F.,
 ( 4, 1, 4 ),
 ( 2, 2 ),
 ( 0.0000000000000000000, 0.4179830628199463500, 1.000000000000000000 ),
 ( 0.0000000000000000000, 1.000000000000000000 ),
 .UNSPECIFIED. ) ;
#4834 = CARTESIAN_POINT ( 'NONE',  ( 2.787771479976350900, 4.171931065678875500, 9.649999999999998600 ) ) ;
#4835 = CARTESIAN_POINT ( 'NONE',  ( 2.254327966281374900, 2.254327966281371300, -1.681249999999998800 ) ) ;
#4836 = CARTESIAN_POINT ( 'NONE',  ( 2.197208155067389400, 1.998079491838925300, 9.650000000000002100 ) ) ;
#4837 = EDGE_CURVE ( 'NONE', #539, #5424, #3674, .T. ) ;
#4838 = CARTESIAN_POINT ( 'NONE',  ( -3.188101183952076800, -1.320554748610673200, -7.228125000000003000 ) ) ;
#4839 = CARTESIAN_POINT ( 'NONE',  ( -3.999999999999996400, 1.656854249492377300, -6.915624999999999500 ) ) ;
#4840 = CARTESIAN_POINT ( 'NONE',  ( -3.904297910284797800E-016, -3.188101183952079000, -4.649999999999999500 ) ) ;
#4841 = CARTESIAN_POINT ( 'NONE',  ( 2.747307009880714600, 3.331356441547827200, 9.649999999999998600 ) ) ;
#4842 = CARTESIAN_POINT ( 'NONE',  ( -1.376480751600119600, 3.807378800659991100, 9.649999999999996800 ) ) ;
#4843 = CARTESIAN_POINT ( 'NONE',  ( 1.669982626832031500, 2.437472285824601800, 9.649999999999998600 ) ) ;
#4844 = CARTESIAN_POINT ( 'NONE',  ( 2.828427124746187200, -2.828427124746189400, -7.618749999999998600 ) ) ;
#4845 = ORIENTED_EDGE ( 'NONE', *, *, #5843, .F. ) ;
#4846 = CARTESIAN_POINT ( 'NONE',  ( 2.924110317823652000, -2.924110317823655600, -1.290625000000001900 ) ) ;
#4847 = CARTESIAN_POINT ( 'NONE',  ( 2.002331533392190700, 4.073404009978878200, 9.799999999999997200 ) ) ;
#4848 = CARTESIAN_POINT ( 'NONE',  ( 2.254327966281374900, 2.254327966281371300, -4.025000000000002100 ) ) ;
#4849 = CARTESIAN_POINT ( 'NONE',  ( -2.474797962907879800, 4.592926064553434000, 9.649999999999996800 ) ) ;
#4850 = CARTESIAN_POINT ( 'NONE',  ( 2.747307009880714600, 3.331356441547827200, 9.649999999999996800 ) ) ;
#4851 = CARTESIAN_POINT ( 'NONE',  ( 2.913934230419234600, 3.886356545809434200, 9.649999999999998600 ) ) ;
#4852 = CARTESIAN_POINT ( 'NONE',  ( 2.177520378956265400, 2.934906131864487100, 9.799999999999998900 ) ) ;
#4853 = CARTESIAN_POINT ( 'NONE',  ( -3.188101183952076800, 1.320554748610669000, 3.709375000000000500 ) ) ;
#4854 = ORIENTED_EDGE ( 'NONE', *, *, #4378, .T. ) ;
#4855 = CARTESIAN_POINT ( 'NONE',  ( -1.059589763639009000, 2.898906954496962600, 9.649999999999993200 ) ) ;
#4856 = CARTESIAN_POINT ( 'NONE',  ( 2.267206767388623100, 1.989362302531767300, 9.649999999999998600 ) ) ;
#4857 = CARTESIAN_POINT ( 'NONE',  ( -3.188101183952076800, -1.320554748610673700, -2.228125000000002600 ) ) ;
#4858 = FACE_OUTER_BOUND ( 'NONE', #3495, .T. ) ;
#4859 = EDGE_CURVE ( 'NONE', #6212, #2733, #4149, .T. ) ;
#4860 = EDGE_CURVE ( 'NONE', #3376, #275, #2276, .T. ) ;
#4861 = CARTESIAN_POINT ( 'NONE',  ( -0.8335558486424815600, 4.586290519228866100, 9.800000000000000700 ) ) ;
#4862 = CARTESIAN_POINT ( 'NONE',  ( 3.188101183952076800, -2.968880710083250200E-015, -0.5874999999999994700 ) ) ;
#4863 = CARTESIAN_POINT ( 'NONE',  ( 3.240473352461730600, 3.696452512238707700, 9.650000000000000400 ) ) ;
#4864 = FACE_OUTER_BOUND ( 'NONE', #6271, .T. ) ;
#4865 = ORIENTED_EDGE ( 'NONE', *, *, #2565, .F. ) ;
#4866 = DIRECTION ( 'NONE',  ( -0.0000000000000000000, -0.0000000000000000000, -1.000000000000000000 ) ) ;
#4867 = CARTESIAN_POINT ( 'NONE',  ( 0.0000000000000000000, 2.021442892753651400, 9.649999999999998600 ) ) ;
#4868 = DIRECTION ( 'NONE',  ( -0.0000000000000000000, -1.319585349029264000E-016, -1.000000000000000000 ) ) ;
#4869 = CARTESIAN_POINT ( 'NONE',  ( 1.712904166305993600, -4.135316469341313800, 2.381249999999997900 ) ) ;
#4870 = VERTEX_POINT ( 'NONE', #4337 ) ;
#4871 = CARTESIAN_POINT ( 'NONE',  ( -0.3820893350944331000, 2.007637496568499500, 9.649999999999996800 ) ) ;
#4872 = CARTESIAN_POINT ( 'NONE',  ( 2.254327966281374900, 2.254327966281371300, -2.775000000000002100 ) ) ;
#4873 = B_SPLINE_CURVE_WITH_KNOTS ( 'NONE', 3,
 ( #3856, #5780, #4856, #4836, #5859, #1321, #1869, #5288, #802, #3794, #5325, #2357, #4341, #4284, #3833, #5820, #1376, #4773, #4300 ),
 .UNSPECIFIED., .F., .F.,
 ( 4, 1, 1, 1, 1, 1, 1, 1, 1, 1, 1, 1, 1, 1, 1, 1, 4 ),
 ( 0.0000000000000000000, 0.06762478564783756800, 0.1323081681483762600, 0.1944427185326004500, 0.2550897527380088200, 0.3146358290432425500, 0.3729716633013144300, 0.4313311216832996800, 0.4905522299691220100, 0.5495284371550747100, 0.6091882191549942100, 0.6691476079191585000, 0.7306727991879126100, 0.7940519943637939200, 0.8598446477113709200, 0.9282110535493478500, 1.000000000000000000 ),
 .UNSPECIFIED. ) ;
#4874 = DIRECTION ( 'NONE',  ( 0.0000000000000000000, -0.7071067811865462400, 0.7071067811865489100 ) ) ;
#4875 = CARTESIAN_POINT ( 'NONE',  ( -0.1116868506408957200, 3.811591032228789800, 9.649999999999996800 ) ) ;
#4876 = VERTEX_POINT ( 'NONE', #2845 ) ;
#4877 = CARTESIAN_POINT ( 'NONE',  ( 2.889209656164635700, 3.994741871271932700, 9.649999999999998600 ) ) ;
#4878 = CARTESIAN_POINT ( 'NONE',  ( 1.855729410253411200, 3.097264801917261100, 9.799999999999995400 ) ) ;
#4879 = CARTESIAN_POINT ( 'NONE',  ( -3.188101183952076800, -1.320554748610674800, 6.365625000000001400 ) ) ;
#4880 = ORIENTED_EDGE ( 'NONE', *, *, #676, .F. ) ;
#4881 = CARTESIAN_POINT ( 'NONE',  ( 2.921613847535453600, 3.100274047152535000, 9.799999999999997200 ) ) ;
#4882 = CARTESIAN_POINT ( 'NONE',  ( -0.7528730450656931900, 2.002001203055646000, 9.649999999999995000 ) ) ;
#4883 = ORIENTED_EDGE ( 'NONE', *, *, #5862, .F. ) ;
#4884 = CARTESIAN_POINT ( 'NONE',  ( -2.254327966281374000, 2.254327966281372200, -2.462500000000003000 ) ) ;
#4885 = VERTEX_POINT ( 'NONE', #5245 ) ;
#4886 = CARTESIAN_POINT ( 'NONE',  ( -3.904297910284797800E-016, -3.188101183952079000, -2.149999999999999000 ) ) ;
#4887 = CARTESIAN_POINT ( 'NONE',  ( -0.5639425617580546800, 4.320865242541008100, 9.649999999999995000 ) ) ;
#4888 = CARTESIAN_POINT ( 'NONE',  ( 2.362766089130650600, 1.988689247012843900, 9.799999999999998900 ) ) ;
#4889 = ORIENTED_EDGE ( 'NONE', *, *, #1871, .F. ) ;
#4890 = CARTESIAN_POINT ( 'NONE',  ( -4.898587196589407900E-016, -3.999999999999997300, -3.868750000000003900 ) ) ;
#4891 = CARTESIAN_POINT ( 'NONE',  ( -2.506128108153727700, 4.533284064937333800, 9.799999999999998900 ) ) ;
#4892 = CARTESIAN_POINT ( 'NONE',  ( -1.712904166305994700, -4.135316469341312900, 3.474999999999999200 ) ) ;
#4893 = PRODUCT_DEFINITION ( 'UNKNOWN', '', #5034, #4911 ) ;
#4894 = CARTESIAN_POINT ( 'NONE',  ( -0.06830761029495921500, 2.169368840710452800, 9.649999999999998600 ) ) ;
#4895 = CARTESIAN_POINT ( 'NONE',  ( -3.188101183952076800, 1.320554748610669700, -2.384375000000003000 ) ) ;
#4896 = CARTESIAN_POINT ( 'NONE',  ( 3.248646811094512800, 3.141648341597830500, 9.650000000000003900 ) ) ;
#4897 = CYLINDRICAL_SURFACE ( 'NONE', #3161, 3.999999999999997300 ) ;
#4898 = CARTESIAN_POINT ( 'NONE',  ( 6.500000000000001800, -3.752776749732566600, -15.50782801147530800 ) ) ;
#4899 = CARTESIAN_POINT ( 'NONE',  ( 0.1325787255564358200, 4.120938396479945500, 9.649999999999996800 ) ) ;
#4900 = CARTESIAN_POINT ( 'NONE',  ( -1.320554748610671700, 3.188101183952073600, 3.709374999999997400 ) ) ;
#4901 = CARTESIAN_POINT ( 'NONE',  ( 3.188101183952076800, -3.734284959550346400E-015, 5.662500000000000500 ) ) ;
#4902 = CARTESIAN_POINT ( 'NONE',  ( 2.578507469235698400, 3.240894669502537400, 9.800000000000000700 ) ) ;
#4903 = EDGE_CURVE ( 'NONE', #4171, #672, #2424, .T. ) ;
#4904 = CARTESIAN_POINT ( 'NONE',  ( -2.254327966281374000, 2.254327966281372700, -4.962500000000002100 ) ) ;
#4905 = CARTESIAN_POINT ( 'NONE',  ( 0.0000000000000000000, 3.999999999999994700, -7.149999999999998600 ) ) ;
#4906 = CARTESIAN_POINT ( 'NONE',  ( -2.254327966281374000, 2.254327966281372200, -2.618749999999999500 ) ) ;
#4907 = CARTESIAN_POINT ( 'NONE',  ( 3.090121021925392500, 4.217784973195960200, 9.799999999999997200 ) ) ;
#4908 = CARTESIAN_POINT ( 'NONE',  ( -1.078567976066150000, 3.304776226086984200, 9.649999999999998600 ) ) ;
#4909 = CARTESIAN_POINT ( 'NONE',  ( 4.135316469341310300, 1.712904166305992700, 1.443749999999999000 ) ) ;
#4910 = CARTESIAN_POINT ( 'NONE',  ( 0.2547653572671834700, 3.303734559420318000, 9.649999999999998600 ) ) ;
#4911 = DESIGN_CONTEXT ( 'detailed design', #5971, 'design' ) ;
#4912 = CARTESIAN_POINT ( 'NONE',  ( 2.603699130578326100, 2.025922484328581200, 9.649999999999996800 ) ) ;
#4913 = CARTESIAN_POINT ( 'NONE',  ( -0.4290706358519461600, 2.314972274659303300, 9.649999999999998600 ) ) ;
#4914 = B_SPLINE_SURFACE_WITH_KNOTS ( 'NONE', 3, 1, ( 
 ( #4462, #3421 ),
 ( #3916, #1948 ),
 ( #2433, #2999 ),
 ( #961, #4896 ),
 ( #1016, #4439 ),
 ( #14, #1530 ),
 ( #4391, #5399 ),
 ( #2454, #1997 ),
 ( #2953, #4414 ),
 ( #1481, #2481 ),
 ( #918, #5895 ),
 ( #6389, #3468 ),
 ( #5503, #3964 ),
 ( #5921, #3494 ),
 ( #4935, #987 ),
 ( #1509, #5449 ),
 ( #4995, #6411 ),
 ( #456, #5942 ),
 ( #5475, #1922 ),
 ( #2510, #1453 ),
 ( #2028, #5962 ),
 ( #429, #4912 ),
 ( #2534, #2907 ),
 ( #3937, #6370 ),
 ( #3397, #406 ),
 ( #3896, #5019 ),
 ( #1581, #4605 ) ),
 .UNSPECIFIED., .F., .F., .F.,
 ( 4, 1, 1, 1, 1, 1, 1, 1, 1, 1, 1, 1, 1, 1, 1, 1, 1, 1, 1, 1, 1, 1, 1, 1, 4 ),
 ( 2, 2 ),
 ( 0.0000000000000000000, 0.06409817111754466400, 0.1249247566438692600, 0.1825298469098239600, 0.2369773737034824000, 0.2883857560776284000, 0.3368146729082942000, 0.3821049417933470900, 0.4250105505954586700, 0.4656105151231312900, 0.5048332838611574400, 0.5429663318585573600, 0.5798275252604454500, 0.6158436506278178700, 0.6510064406972582200, 0.6859485106054447100, 0.7207005925081737500, 0.7550986541583899500, 0.7891356214941142000, 0.8231669340031084700, 0.8573032729631053800, 0.8918342388677303900, 0.9270986857225229600, 0.9630720365791174400, 1.000000000000000000 ),
 ( 0.0000000000000000000, 1.000000000000000000 ),
 .UNSPECIFIED. ) ;
#4915 = CARTESIAN_POINT ( 'NONE',  ( 2.922836744153078000, 3.206339104265663500, 9.799999999999998900 ) ) ;
#4916 = CARTESIAN_POINT ( 'NONE',  ( 3.188101183952076800, 1.320554748610669700, 3.396874999999997000 ) ) ;
#4917 = CARTESIAN_POINT ( 'NONE',  ( -2.254327966281374400, -2.254327966281377100, 3.943750000000001000 ) ) ;
#4918 = CARTESIAN_POINT ( 'NONE',  ( 2.831915380236854000, 2.653492493992838200, 9.799999999999997200 ) ) ;
#4919 = DIRECTION ( 'NONE',  ( 0.0000000000000000000, 1.224646799147355200E-016, -1.000000000000000000 ) ) ;
#4920 = DIRECTION ( 'NONE',  ( -1.000000000000000000, -2.311253228826398700E-016, 0.0000000000000000000 ) ) ;
#4921 = ADVANCED_FACE ( 'NONE', ( #1112 ), #1417, .T. ) ;
#4922 = CARTESIAN_POINT ( 'NONE',  ( -1.320554748610671700, 3.188101183952075400, -5.040625000000003000 ) ) ;
#4923 = CARTESIAN_POINT ( 'NONE',  ( 2.144422359360416600, 4.589508658479884300, 9.799999999999998900 ) ) ;
#4924 = VERTEX_POINT ( 'NONE', #3374 ) ;
#4925 = CARTESIAN_POINT ( 'NONE',  ( -1.320554748610671700, 3.188101183952074500, -3.946874999999998600 ) ) ;
#4926 = DIRECTION ( 'NONE',  ( -0.0000000000000000000, -0.0000000000000000000, -1.000000000000000000 ) ) ;
#4927 = CARTESIAN_POINT ( 'NONE',  ( -0.3790018146169436600, 4.271666780952276800, 9.800000000000000700 ) ) ;
#4928 = CARTESIAN_POINT ( 'NONE',  ( 1.625026748121281900, 2.629010522260208000, 9.800000000000000700 ) ) ;
#4929 = CARTESIAN_POINT ( 'NONE',  ( 3.055398381803763100, 4.271423559299131000, 9.799999999999998900 ) ) ;
#4930 = CARTESIAN_POINT ( 'NONE',  ( 4.135316469341310300, -3.994393562718701000E-015, 6.365624999999999600 ) ) ;
#4931 = CARTESIAN_POINT ( 'NONE',  ( 0.2545239108972438000, 3.334985785026055400, 9.649999999999996800 ) ) ;
#4932 = LINE ( 'NONE', #3582, #3465 ) ;
#4933 = CARTESIAN_POINT ( 'NONE',  ( 2.254327966281374900, 2.254327966281371300, -4.181249999999999500 ) ) ;
#4934 = CARTESIAN_POINT ( 'NONE',  ( 2.590426427396886200, 2.972937923234159700, 9.649999999999998600 ) ) ;
#4935 = CARTESIAN_POINT ( 'NONE',  ( 2.976127120351760100, 2.275437172327329000, 9.800000000000000700 ) ) ;
#4936 = CARTESIAN_POINT ( 'NONE',  ( 2.844212931730092400, 3.444703014983363500, 9.649999999999996800 ) ) ;
#4937 = CARTESIAN_POINT ( 'NONE',  ( 1.880421816498817600, -6.419891457519497600, 9.472254919001143100 ) ) ;
#4938 = CARTESIAN_POINT ( 'NONE',  ( -2.254327966281374000, 2.254327966281371300, 3.787499999999997400 ) ) ;
#4939 = CARTESIAN_POINT ( 'NONE',  ( 2.254327966281374000, -2.254327966281378000, 3.006250000000000100 ) ) ;
#4940 = VECTOR ( 'NONE', #2603, 1000.000000000000000 ) ;
#4941 = CARTESIAN_POINT ( 'NONE',  ( -0.8985210078579601900, 2.437103198361859800, 9.649999999999998600 ) ) ;
#4942 = CARTESIAN_POINT ( 'NONE',  ( -0.5785679760661498500, 1.988109559420317800, 9.799999999999998900 ) ) ;
#4943 = EDGE_LOOP ( 'NONE', ( #2261, #6057, #430, #3950, #742, #4854, #5208 ) ) ;
#4944 = CARTESIAN_POINT ( 'NONE',  ( 0.0000000000000000000, 3.999999999999994700, -9.649999999999998600 ) ) ;
#4945 = CARTESIAN_POINT ( 'NONE',  ( -3.904297910284797800E-016, -3.188101183952079000, -4.493750000000003000 ) ) ;
#4946 = CARTESIAN_POINT ( 'NONE',  ( -1.236785708287798400, 4.242906822650787100, 9.800000000000002500 ) ) ;
#4947 = VERTEX_POINT ( 'NONE', #3289 ) ;
#4948 = CARTESIAN_POINT ( 'NONE',  ( 1.588811391491955500, 3.790048487914566600, 9.799999999999998900 ) ) ;
#4949 = CARTESIAN_POINT ( 'NONE',  ( 2.254327966281374900, 2.254327966281370400, 4.568750000000001400 ) ) ;
#4950 = ORIENTED_EDGE ( 'NONE', *, *, #2081, .F. ) ;
#4951 = CARTESIAN_POINT ( 'NONE',  ( 2.254327966281374900, 2.254327966281371800, -6.681249999999999500 ) ) ;
#4952 = CARTESIAN_POINT ( 'NONE',  ( 2.219775922397812200, 3.256455304666663800, 9.799999999999998900 ) ) ;
#4953 = ADVANCED_FACE ( 'NONE', ( #2750 ), #3340, .T. ) ;
#4954 = CARTESIAN_POINT ( 'NONE',  ( 1.914161720836846900, 3.050295816437674600, 9.650000000000003900 ) ) ;
#4955 = ORIENTED_EDGE ( 'NONE', *, *, #1562, .T. ) ;
#4956 = CARTESIAN_POINT ( 'NONE',  ( -3.999999999999996400, -1.656854249492380600, -1.603125000000004600 ) ) ;
#4957 = CARTESIAN_POINT ( 'NONE',  ( -0.9665990766473657700, 4.078862949831616900, 9.649999999999996800 ) ) ;
#4958 = CARTESIAN_POINT ( 'NONE',  ( 4.135316469341310300, -3.841312712825281300E-015, 5.115624999999998800 ) ) ;
#4959 =( BOUNDED_CURVE ( )  B_SPLINE_CURVE ( 2, ( #1336, #2886, #4844, #4784, #852, #4768, #5849, #4294, #5299 ),
 .UNSPECIFIED., .F., .T. ) 
 B_SPLINE_CURVE_WITH_KNOTS ( ( 3, 2, 2, 2, 3 ),
 ( 0.09375000000000005600, 0.1015625000000000600, 0.1093750000000000400, 0.1171875000000000300, 0.1250000000000000300 ),
 .UNSPECIFIED. ) 
 CURVE ( )  GEOMETRIC_REPRESENTATION_ITEM ( )  RATIONAL_B_SPLINE_CURVE ( ( 0.9999999999999994400, 0.9238795325112872900, 1.000000000000000000, 0.9238795325112867400, 1.000000000000000000, 0.9238795325112867400, 1.000000000000000000, 0.9238795325112865200, 1.000000000000000200 ) ) 
 REPRESENTATION_ITEM ( '' )  );
#4960 = DIRECTION ( 'NONE',  ( -0.0000000000000000000, -0.0000000000000000000, -1.000000000000000000 ) ) ;
#4961 = CARTESIAN_POINT ( 'NONE',  ( 0.9214320239338511500, 2.188109559420317500, 9.649999999999998600 ) ) ;
#4962 = ORIENTED_EDGE ( 'NONE', *, *, #5564, .F. ) ;
#4963 = ORIENTED_EDGE ( 'NONE', *, *, #3997, .T. ) ;
#4964 = CARTESIAN_POINT ( 'NONE',  ( 1.320554748610671000, -3.188101183952079900, -3.321874999999999500 ) ) ;
#4965 = CARTESIAN_POINT ( 'NONE',  ( 1.157134284329366600, 2.188109559420317900, 9.137179487179485800 ) ) ;
#4966 = CARTESIAN_POINT ( 'NONE',  ( 2.902683653666203100, 3.590296354057289600, 9.800000000000000700 ) ) ;
#4967 = VERTEX_POINT ( 'NONE', #5304 ) ;
#4968 = CARTESIAN_POINT ( 'NONE',  ( 4.135316469341310300, 1.712904166305994500, -9.806250000000002100 ) ) ;
#4969 = CARTESIAN_POINT ( 'NONE',  ( 0.2422319996068687300, 2.988516437031432500, 9.799999999999997200 ) ) ;
#4970 = EDGE_CURVE ( 'NONE', #5107, #824, #1346, .T. ) ;
#4971 = DATE_AND_TIME ( #3955, #4810 ) ;
#4972 =( NAMED_UNIT ( * ) PLANE_ANGLE_UNIT ( ) SI_UNIT ( $, .RADIAN. ) );
#4973 = ORIENTED_EDGE ( 'NONE', *, *, #786, .F. ) ;
#4974 = DIRECTION ( 'NONE',  ( -0.0000000000000000000, -1.319585349029264000E-016, -1.000000000000000000 ) ) ;
#4975 = CARTESIAN_POINT ( 'NONE',  ( 2.746409064070910200, 3.064352772269154800, 9.650000000000002100 ) ) ;
#4976 = EDGE_CURVE ( 'NONE', #1928, #2940, #3876, .T. ) ;
#4977 = CARTESIAN_POINT ( 'NONE',  ( -1.320554748610671700, 3.188101183952074100, 1.209374999999997000 ) ) ;
#4978 = CARTESIAN_POINT ( 'NONE',  ( 3.254077797992441600, 3.486952415654749300, 9.649999999999996800 ) ) ;
#4979 = ORGANIZATION ( 'UNSPECIFIED', 'UNSPECIFIED', '' ) ;
#4980 = B_SPLINE_CURVE_WITH_KNOTS ( 'NONE', 3,
 ( #5774, #6260, #810, #851, #5867, #2476, #3365, #450, #4891, #5416, #3958 ),
 .UNSPECIFIED., .F., .F.,
 ( 4, 1, 1, 1, 1, 1, 1, 1, 4 ),
 ( 0.0000000000000000000, 0.1426572507006137200, 0.2811689939054437500, 0.4169771923679735400, 0.5508524927475576500, 0.6783641702618122800, 0.7950324430070948600, 0.9019981783473515200, 1.000000000000000000 ),
 .UNSPECIFIED. ) ;
#4981 = B_SPLINE_CURVE_WITH_KNOTS ( 'NONE', 3,
 ( #4271, #4482, #292, #6248, #500, #3139, #3619, #6097, #138, #1661, #4620, #646, #1138, #4132, #1158, #1638, #5129, #2638, #623 ),
 .UNSPECIFIED., .F., .F.,
 ( 4, 1, 1, 1, 1, 1, 1, 1, 1, 1, 1, 1, 1, 1, 1, 1, 4 ),
 ( 0.0000000000000000000, 0.04078184587225976800, 0.08086958872158675500, 0.1202681657882672000, 0.1601868504553521100, 0.2004597376386390600, 0.2422651778979080000, 0.2864592615494684400, 0.3329520837492631100, 0.3844305340495299800, 0.4433891253601057200, 0.5116814722136832100, 0.5890200255490081200, 0.6762451906507718200, 0.7737051914728235700, 0.8815677677819828700, 0.9999999999999998900 ),
 .UNSPECIFIED. ) ;
#4982 = CARTESIAN_POINT ( 'NONE',  ( 4.898587196589409900E-016, -4.000000000000000000, -9.649999999999998600 ) ) ;
#4983 = CARTESIAN_POINT ( 'NONE',  ( -3.188101183952076800, -2.417642402866419500E-015, 1.287500000000000500 ) ) ;
#4984 = CARTESIAN_POINT ( 'NONE',  ( -2.254327966281374400, -2.254327966281376200, -4.806249999999998600 ) ) ;
#4985 = CARTESIAN_POINT ( 'NONE',  ( 2.372111295237232700, 3.222477822193115800, 9.799999999999998900 ) ) ;
#4986 = FACE_OUTER_BOUND ( 'NONE', #759, .T. ) ;
#4987 = CARTESIAN_POINT ( 'NONE',  ( -4.898587196589407900E-016, -3.999999999999997300, -2.618750000000003500 ) ) ;
#4988 = CARTESIAN_POINT ( 'NONE',  ( -1.189152453942224000, -3.682095556430168500, -8.850666559972920000 ) ) ;
#4989 = CARTESIAN_POINT ( 'NONE',  ( -1.360112070741744700, 3.892457581149272500, 9.799999999999998900 ) ) ;
#4990 = PLANE ( 'NONE',  #891 ) ;
#4991 = CARTESIAN_POINT ( 'NONE',  ( 6.500000000000002700, -3.141603061985040100, 9.173705279321872300 ) ) ;
#4992 = CARTESIAN_POINT ( 'NONE',  ( 2.254327966281374000, -2.254327966281378000, 3.006250000000000100 ) ) ;
#4993 = CARTESIAN_POINT ( 'NONE',  ( -2.254327966281374000, 2.254327966281373100, -8.712500000000003900 ) ) ;
#4994 = CARTESIAN_POINT ( 'NONE',  ( 1.618159806336106000, 4.028068851524906800, 9.799999999999998900 ) ) ;
#4995 = CARTESIAN_POINT ( 'NONE',  ( 2.883523533153040200, 2.181309228143145000, 9.800000000000002500 ) ) ;
#4996 = CARTESIAN_POINT ( 'NONE',  ( 1.921746904447271300, 3.721936344235073700, 9.649999999999998600 ) ) ;
#4997 = B_SPLINE_SURFACE_WITH_KNOTS ( 'NONE', 3, 1, ( 
 ( #6168, #5114 ),
 ( #3626, #3178 ),
 ( #698, #6087 ),
 ( #653, #4175 ),
 ( #3123, #1213 ),
 ( #1166, #717 ),
 ( #4587, #121 ),
 ( #3609, #632 ),
 ( #5137, #4112 ),
 ( #1144, #250 ),
 ( #2729, #4235 ),
 ( #4847, #263 ),
 ( #3873, #6345 ),
 ( #3732, #6241 ),
 ( #2888, #1308 ),
 ( #4197, #2227 ),
 ( #3747, #753 ),
 ( #774, #282 ),
 ( #6207, #3248 ) ),
 .UNSPECIFIED., .F., .F., .F.,
 ( 4, 1, 1, 1, 1, 1, 1, 1, 1, 1, 1, 1, 1, 1, 1, 1, 4 ),
 ( 2, 2 ),
 ( 0.0000000000000000000, 0.06294783337046601400, 0.1240073932421856400, 0.1828325785834111200, 0.2410049308077483500, 0.2991186928244090600, 0.3574142003728438300, 0.4169904790409262300, 0.4783897168137063400, 0.5401151457933960300, 0.6018986419815819400, 0.6640380584985061700, 0.7271991544788911600, 0.7916110866596690600, 0.8581991996602680300, 0.9275026400889442300, 1.000000000000000000 ),
 ( 0.0000000000000000000, 1.000000000000000000 ),
 .UNSPECIFIED. ) ;
#4998 = ADVANCED_FACE ( 'NONE', ( #2046 ), #4833, .T. ) ;
#4999 = CARTESIAN_POINT ( 'NONE',  ( 0.0000000000000000000, 3.999999999999994700, -8.400000000000000400 ) ) ;
#5000 = VECTOR ( 'NONE', #5951, 1000.000000000000000 ) ;
#5001 = CARTESIAN_POINT ( 'NONE',  ( 2.231579551414150800, 4.281536651754866100, 9.800000000000000700 ) ) ;
#5002 = CARTESIAN_POINT ( 'NONE',  ( 2.819112350954274100, 4.132630911094576500, 9.800000000000002500 ) ) ;
#5003 = CARTESIAN_POINT ( 'NONE',  ( 3.999999999999995600, -1.656854249492382600, -6.290625000000000400 ) ) ;
#5004 = EDGE_CURVE ( 'NONE', #3410, #5182, #4830, .T. ) ;
#5005 = ADVANCED_FACE ( 'NONE', ( #309, #2600 ), #6413, .T. ) ;
#5006 = EDGE_CURVE ( 'NONE', #1486, #434, #5339, .T. ) ;
#5007 = CARTESIAN_POINT ( 'NONE',  ( 1.320554748610673900, 3.188101183952072800, 2.303124999999998300 ) ) ;
#5008 = CARTESIAN_POINT ( 'NONE',  ( 3.214235013987213600, 3.878300917165180600, 9.799999999999997200 ) ) ;
#5009 = CARTESIAN_POINT ( 'NONE',  ( -3.188101183952076800, -1.320554748610674800, 5.115625000000000500 ) ) ;
#5010 = CARTESIAN_POINT ( 'NONE',  ( 1.320554748610673900, 3.188101183952074500, -9.103125000000000400 ) ) ;
#5011 = CARTESIAN_POINT ( 'NONE',  ( -0.5639425617580546800, 4.320865242541008100, 9.799999999999998900 ) ) ;
#5012 = CARTESIAN_POINT ( 'NONE',  ( 1.670627023894268400, 3.344851504275294200, 9.800000000000000700 ) ) ;
#5013 = CARTESIAN_POINT ( 'NONE',  ( 2.244428206340494100E-011, -3.900941469341995900, -8.811558530657993800 ) ) ;
#5014 = CARTESIAN_POINT ( 'NONE',  ( -1.522316239942397300, -3.844918148311241300, 8.478206405817118700 ) ) ;
#5015 = CARTESIAN_POINT ( 'NONE',  ( 3.276785215778023700E-016, -7.505553499465134900, 8.997274632750532000 ) ) ;
#5016 = CARTESIAN_POINT ( 'NONE',  ( 6.500000000000000900, 0.6355132685764043300, 9.577831216351295800 ) ) ;
#5017 = CARTESIAN_POINT ( 'NONE',  ( -2.254327966281374000, 2.254327966281371800, 1.131250000000000300 ) ) ;
#5018 = CARTESIAN_POINT ( 'NONE',  ( 0.0000000000000000000, 3.188101183952075400, -8.868750000000003900 ) ) ;
#5019 = CARTESIAN_POINT ( 'NONE',  ( 2.362766089130650600, 1.988689247012843900, 9.649999999999998600 ) ) ;
#5020 = CARTESIAN_POINT ( 'NONE',  ( -0.09750626532895287400, 2.899597861270652600, 9.650000000000000400 ) ) ;
#5021 = CARTESIAN_POINT ( 'NONE',  ( 1.751164365160045700, 3.210779942616029300, 9.799999999999997200 ) ) ;
#5022 = VERTEX_POINT ( 'NONE', #5897 ) ;
#5023 = CARTESIAN_POINT ( 'NONE',  ( 0.2329387564302243500, 2.893198350924668800, 9.800000000000000700 ) ) ;
#5024 = DATE_TIME_ROLE ( 'creation_date' ) ;
#5025 = CARTESIAN_POINT ( 'NONE',  ( 2.869602442765986100, 4.043679941344096000, 9.650000000000000400 ) ) ;
#5026 = DIRECTION ( 'NONE',  ( 0.0000000000000000000, -1.000000000000000000, 0.0000000000000000000 ) ) ;
#5027 = CARTESIAN_POINT ( 'NONE',  ( 2.254327966281374000, -2.254327966281377500, -0.5875000000000029100 ) ) ;
#5028 = VERTEX_POINT ( 'NONE', #6391 ) ;
#5029 = CARTESIAN_POINT ( 'NONE',  ( 3.121296421836373000, 4.160263603887415200, 9.649999999999995000 ) ) ;
#5030 = B_SPLINE_CURVE_WITH_KNOTS ( 'NONE', 3,
 ( #1381, #3890, #6380, #245, #3726, #2836, #4842, #1351, #847, #6298, #1829, #2378, #5847, #3822, #5314, #6337, #338, #2360, #4325, #1853, #5333, #5826, #2857, #6318, #3344, #2967, #4406 ),
 .UNSPECIFIED., .F., .F.,
 ( 4, 1, 1, 1, 1, 1, 1, 1, 1, 1, 1, 1, 1, 1, 1, 1, 1, 1, 1, 1, 1, 1, 1, 1, 4 ),
 ( 0.0000000000000000000, 0.06311445839479346000, 0.1236146457694899300, 0.1809737111859574000, 0.2352614550083222100, 0.2871007018338722100, 0.3360307363034438800, 0.3823823485850664800, 0.4263340836597072600, 0.4682106947981603500, 0.5082496012618050700, 0.5466283366065849400, 0.5836495392304461600, 0.6189943150301617800, 0.6535830186205958700, 0.6871561361903313300, 0.7204221919788077500, 0.7532302188118170600, 0.7862601560779002300, 0.8195039834988840900, 0.8535452747120185800, 0.8883082803397299700, 0.9239958607406950600, 0.9613503047546450000, 1.000000000000000000 ),
 .UNSPECIFIED. ) ;
#5031 = ADVANCED_FACE ( 'NONE', ( #4286 ), #167, .T. ) ;
#5032 = CARTESIAN_POINT ( 'NONE',  ( 2.254327966281374000, -2.254327966281377500, 1.756250000000001000 ) ) ;
#5033 = CARTESIAN_POINT ( 'NONE',  ( -3.188101183952076800, -1.192995603719064300E-015, -8.712500000000000400 ) ) ;
#5034 = PRODUCT_DEFINITION_FORMATION_WITH_SPECIFIED_SOURCE ( 'ANY', '', #3137, .NOT_KNOWN. ) ;
#5035 = CARTESIAN_POINT ( 'NONE',  ( -0.6299384328134257600, 2.290028329627861800, 9.799999999999998900 ) ) ;
#5036 = LINE ( 'NONE', #2580, #4940 ) ;
#5037 = ADVANCED_FACE ( 'NONE', ( #1415 ), #3741, .T. ) ;
#5038 = CARTESIAN_POINT ( 'NONE',  ( -1.236785708287798400, 4.242906822650787100, 9.650000000000007500 ) ) ;
#5039 = CARTESIAN_POINT ( 'NONE',  ( -2.828427124746187200, 2.828427124746184500, 4.256250000000002300 ) ) ;
#5040 = CARTESIAN_POINT ( 'NONE',  ( 2.133009716160562800, 3.301947984407025400, 9.799999999999998900 ) ) ;
#5041 = CARTESIAN_POINT ( 'NONE',  ( -2.459817976066150300, 4.621442892753650600, 9.799999999999998900 ) ) ;
#5042 = CARTESIAN_POINT ( 'NONE',  ( 6.500000000000001800, 1.278924705282738800, 9.521642168961822300 ) ) ;
#5043 = CARTESIAN_POINT ( 'NONE',  ( 1.320554748610671000, -3.188101183952080300, 1.678125000000000800 ) ) ;
#5044 = CARTESIAN_POINT ( 'NONE',  ( 3.188101183952076800, -2.375692416746249400E-015, -5.431250000000003000 ) ) ;
#5045 = CARTESIAN_POINT ( 'NONE',  ( 1.588098690600517200, 3.758422059420317900, 9.799999999999998900 ) ) ;
#5046 = CARTESIAN_POINT ( 'NONE',  ( 2.860518210896977100, -2.323114322897062300, -9.035239040746374100 ) ) ;
#5047 = CYLINDRICAL_SURFACE ( 'NONE', #1979, 3.999999999999997300 ) ;
#5048 = CARTESIAN_POINT ( 'NONE',  ( -1.320554748610671700, 3.188101183952073600, 3.709374999999997400 ) ) ;
#5049 = B_SPLINE_SURFACE_WITH_KNOTS ( 'NONE', 3, 1, ( 
 ( #6098, #4534 ),
 ( #599, #3539 ),
 ( #1598, #5527 ),
 ( #4042, #5574 ),
 ( #1065, #4009 ),
 ( #2639, #2604 ),
 ( #1139, #3140 ),
 ( #3053, #3559 ),
 ( #4510, #1578 ),
 ( #2069, #2581 ),
 ( #139, #530 ),
 ( #6034, #3075 ),
 ( #3096, #1551 ),
 ( #75, #5089 ),
 ( #1092, #4555 ) ),
 .UNSPECIFIED., .F., .F., .F.,
 ( 4, 1, 1, 1, 1, 1, 1, 1, 1, 1, 1, 1, 4 ),
 ( 2, 2 ),
 ( 0.0000000000000000000, 0.08287637556907100100, 0.1602070628437203300, 0.2334593866928965900, 0.3019209094411988100, 0.3668957383844861400, 0.4284103477595094200, 0.4875367863716136300, 0.5439060758922864600, 0.6534979848025898000, 0.7634383984641282000, 0.8776167558156635600, 1.000000000000000000 ),
 ( 0.0000000000000000000, 1.000000000000000000 ),
 .UNSPECIFIED. ) ;
#5050 = EDGE_LOOP ( 'NONE', ( #4498, #3187, #3659, #5057 ) ) ;
#5051 = CARTESIAN_POINT ( 'NONE',  ( -0.1608643282376561500, 2.097165185455770700, 9.800000000000000700 ) ) ;
#5052 = ORIENTED_EDGE ( 'NONE', *, *, #6124, .T. ) ;
#5053 = CARTESIAN_POINT ( 'NONE',  ( 2.921099543770212300, 3.745032886422542200, 9.799999999999997200 ) ) ;
#5054 = DIRECTION ( 'NONE',  ( -1.000000000000000000, 0.0000000000000000000, 0.0000000000000000000 ) ) ;
#5055 = VERTEX_POINT ( 'NONE', #1828 ) ;
#5056 = CARTESIAN_POINT ( 'NONE',  ( 2.254327966281374900, 2.254327966281370900, 2.224999999999997900 ) ) ;
#5057 = ORIENTED_EDGE ( 'NONE', *, *, #5428, .F. ) ;
#5058 = CARTESIAN_POINT ( 'NONE',  ( 3.018802304560140200, 4.322349774308224600, 9.799999999999998900 ) ) ;
#5059 = ORIENTED_EDGE ( 'NONE', *, *, #4672, .T. ) ;
#5060 = CARTESIAN_POINT ( 'NONE',  ( 1.320554748610671000, -3.188101183952081200, 4.178125000000001400 ) ) ;
#5061 = CARTESIAN_POINT ( 'NONE',  ( -3.188101183952076800, 1.320554748610670300, -6.290625000000000400 ) ) ;
#5062 = CARTESIAN_POINT ( 'NONE',  ( -1.645241720121461500, 3.633228325335349200, 4.350000000000004100 ) ) ;
#5063 = ORIENTED_EDGE ( 'NONE', *, *, #1796, .T. ) ;
#5064 = DIRECTION ( 'NONE',  ( -0.0000000000000000000, -1.319585349029264000E-016, -1.000000000000000000 ) ) ;
#5065 = CARTESIAN_POINT ( 'NONE',  ( -1.846554831200057000, -3.372730699862054300, -8.875077853201519300 ) ) ;
#5066 = CARTESIAN_POINT ( 'NONE',  ( 0.0000000000000000000, 4.135316469341307600, 6.678124999999999600 ) ) ;
#5067 = DIRECTION ( 'NONE',  ( -0.0000000000000000000, -1.319585349029264000E-016, -1.000000000000000000 ) ) ;
#5068 = CARTESIAN_POINT ( 'NONE',  ( 0.0000000000000000000, 4.611760796948012000E-015, 9.649999999999998600 ) ) ;
#5069 = CARTESIAN_POINT ( 'NONE',  ( -3.188101183952076800, -2.723804102653258200E-015, 3.787500000000001000 ) ) ;
#5070 = CARTESIAN_POINT ( 'NONE',  ( -2.254327966281374000, 2.254327966281372700, -7.462500000000002100 ) ) ;
#5071 = CARTESIAN_POINT ( 'NONE',  ( 1.600736807536581300, 3.942372181543231300, 9.650000000000000400 ) ) ;
#5072 = CARTESIAN_POINT ( 'NONE',  ( 1.874286495170146600, -2.995793844554861500, -9.186596344615255200 ) ) ;
#5073 = ORIENTED_EDGE ( 'NONE', *, *, #2145, .T. ) ;
#5074 = CARTESIAN_POINT ( 'NONE',  ( 0.0000000000000000000, 3.188101183952074100, 1.131249999999996800 ) ) ;
#5075 = ADVANCED_FACE ( 'NONE', ( #716 ), #320, .T. ) ;
#5076 = CARTESIAN_POINT ( 'NONE',  ( 2.436015357267184100, 4.321442892753650800, 9.799999999999998900 ) ) ;
#5077 = EDGE_CURVE ( 'NONE', #438, #4138, #1125, .T. ) ;
#5078 = ADVANCED_FACE ( 'NONE', ( #3886 ), #4745, .T. ) ;
#5079 = CARTESIAN_POINT ( 'NONE',  ( 1.320554748610673900, 3.188101183952073200, 1.053124999999996800 ) ) ;
#5080 = VECTOR ( 'NONE', #3829, 1000.000000000000000 ) ;
#5081 = CARTESIAN_POINT ( 'NONE',  ( -1.320554748610672300, -3.188101183952080300, 7.771875000000000500 ) ) ;
#5082 = CARTESIAN_POINT ( 'NONE',  ( -1.684879207899186500, -4.067658234670655100, 4.685937500000000500 ) ) ;
#5083 = CARTESIAN_POINT ( 'NONE',  ( -0.7281493447761826500, 2.314331979727013900, 9.799999999999997200 ) ) ;
#5084 = CARTESIAN_POINT ( 'NONE',  ( 2.315154400969748700, 1.988533283887820700, 9.799999999999998900 ) ) ;
#5085 = CARTESIAN_POINT ( 'NONE',  ( -1.656854249492397000, 3.999999999999975100, 4.178125000000003200 ) ) ;
#5086 = B_SPLINE_CURVE_WITH_KNOTS ( 'NONE', 3,
 ( #39, #2713, #3682, #565, #2695, #3204, #4204, #5204, #2079, #2233, #2564, #6023, #5706, #1198, #6191, #1051, #84, #4520, #1076, #4542, #1586, #4789, #4259, #1260, #1297, #798, #2326 ),
 .UNSPECIFIED., .F., .F.,
 ( 4, 1, 1, 1, 1, 1, 1, 1, 1, 1, 1, 1, 1, 1, 1, 1, 1, 1, 1, 1, 1, 1, 1, 1, 4 ),
 ( 0.0000000000000000000, 0.06409817111754466400, 0.1249247566438692600, 0.1825298469098239600, 0.2369773737034824000, 0.2883857560776284000, 0.3368146729082942000, 0.3821049417933470900, 0.4250105505954586700, 0.4656105151231312900, 0.5048332838611574400, 0.5429663318585573600, 0.5798275252604454500, 0.6158436506278178700, 0.6510064406972582200, 0.6859485106054447100, 0.7207005925081737500, 0.7550986541583899500, 0.7891356214941142000, 0.8231669340031084700, 0.8573032729631053800, 0.8918342388677303900, 0.9270986857225229600, 0.9630720365791174400, 1.000000000000000000 ),
 .UNSPECIFIED. ) ;
#5087 = CARTESIAN_POINT ( 'NONE',  ( 1.588098690600517200, 3.758422059420317900, 9.649999999999998600 ) ) ;
#5088 = CARTESIAN_POINT ( 'NONE',  ( -4.898587196589407900E-016, -3.999999999999997300, -5.118750000000004800 ) ) ;
#5089 = CARTESIAN_POINT ( 'NONE',  ( 2.331189653450538700, 2.288992054962867100, 9.650000000000003900 ) ) ;
#5090 = CARTESIAN_POINT ( 'NONE',  ( 1.320554748610673900, 3.188101183952074100, -6.446875000000003900 ) ) ;
#5091 = CARTESIAN_POINT ( 'NONE',  ( -1.684879207899186100, 4.067658234670651600, -9.532812499999998600 ) ) ;
#5092 = CARTESIAN_POINT ( 'NONE',  ( 2.254327966281374000, -2.254327966281378000, 3.162499999999997000 ) ) ;
#5093 = CARTESIAN_POINT ( 'NONE',  ( 1.921772960161527400, 3.761740223401365900, 9.799999999999998900 ) ) ;
#5094 = CARTESIAN_POINT ( 'NONE',  ( 2.254327966281374900, 2.254327966281371800, -6.525000000000003000 ) ) ;
#5095 = CARTESIAN_POINT ( 'NONE',  ( -2.254327966281374000, 2.254327966281370900, 7.381250000000002300 ) ) ;
#5096 = CARTESIAN_POINT ( 'NONE',  ( -3.904297910284797800E-016, -3.188101183952080300, 8.006249999999996100 ) ) ;
#5097 = CARTESIAN_POINT ( 'NONE',  ( -2.828427124746187200, 2.828427124746185400, -6.837500000000003000 ) ) ;
#5098 = B_SPLINE_SURFACE_WITH_KNOTS ( 'NONE', 3, 1, ( 
 ( #3533, #1036 ),
 ( #5520, #4454 ),
 ( #4505, #1522 ),
 ( #5985, #2526 ),
 ( #6009, #2017 ),
 ( #981, #524 ),
 ( #5494, #3018 ),
 ( #1501, #4954 ),
 ( #5, #3048 ),
 ( #1547, #3507 ),
 ( #1988, #25 ),
 ( #46, #2990 ),
 ( #5012, #2045 ),
 ( #550, #1060 ),
 ( #825, #2318 ),
 ( #1365, #4750 ),
 ( #1830, #2361 ),
 ( #5787, #6319 ),
 ( #321, #3782 ) ),
 .UNSPECIFIED., .F., .F., .F.,
 ( 4, 1, 1, 1, 1, 1, 1, 1, 1, 1, 1, 1, 1, 1, 1, 1, 4 ),
 ( 2, 2 ),
 ( 0.0000000000000000000, 0.06096813974711338300, 0.1200169551506970500, 0.1776809284509906800, 0.2348494676726185500, 0.2923033656493647700, 0.3508476644321846800, 0.4101918543385125700, 0.4721324656751185200, 0.5346170087542822000, 0.5970890208124807200, 0.6594104640888818200, 0.7230044828650136200, 0.7883259609802801800, 0.8559764045578118800, 0.9265458422810407500, 1.000000000000000000 ),
 ( 0.0000000000000000000, 1.000000000000000000 ),
 .UNSPECIFIED. ) ;
#5099 = ADVANCED_FACE ( 'NONE', ( #856 ), #4897, .T. ) ;
#5100 = CARTESIAN_POINT ( 'NONE',  ( 1.320554748610671000, -3.188101183952081600, 6.678125000000001400 ) ) ;
#5101 = CARTESIAN_POINT ( 'NONE',  ( 0.0000000000000000000, 4.067658234670649800, 7.889062500000002300 ) ) ;
#5102 = CARTESIAN_POINT ( 'NONE',  ( -2.597761338891066500, 4.028974922374683100, 9.649999999999996800 ) ) ;
#5103 = CARTESIAN_POINT ( 'NONE',  ( -2.578567976066149700, 4.047484559420317900, 9.649999999999998600 ) ) ;
#5104 = CARTESIAN_POINT ( 'NONE',  ( 2.873249503627420600, 3.187857568894492600, 9.799999999999998900 ) ) ;
#5105 = CARTESIAN_POINT ( 'NONE',  ( 2.326119523933850800, 2.921442892753651800, 9.799999999999998900 ) ) ;
#5106 = CARTESIAN_POINT ( 'NONE',  ( 3.254765357267184200, 3.374047059420318000, 9.649999999999998600 ) ) ;
#5107 = VERTEX_POINT ( 'NONE', #1960 ) ;
#5108 = CARTESIAN_POINT ( 'NONE',  ( 1.922439812444268800, 3.802866881684902700, 9.650000000000000400 ) ) ;
#5109 = EDGE_CURVE ( 'NONE', #536, #3938, #2352, .T. ) ;
#5110 = CARTESIAN_POINT ( 'NONE',  ( 2.101083523291113100, 2.374414304606218700, 9.649999999999995000 ) ) ;
#5111 = CARTESIAN_POINT ( 'NONE',  ( 1.684879207899185400, -4.067658234670654200, -7.657812500000000400 ) ) ;
#5112 = CARTESIAN_POINT ( 'NONE',  ( -2.254327966281374400, -2.254327966281376700, 1.599999999999997200 ) ) ;
#5113 = B_SPLINE_SURFACE_WITH_KNOTS ( 'NONE', 3, 1, ( 
 ( #1291, #3369 ),
 ( #1277, #1231 ),
 ( #5238, #4751 ),
 ( #4272, #1778 ),
 ( #1882, #5255 ),
 ( #4730, #1757 ),
 ( #2267, #5731 ),
 ( #2751, #387 ),
 ( #4693, #3762 ),
 ( #1254, #2285 ),
 ( #1725, #2382 ),
 ( #5754, #2784 ),
 ( #5196, #5851 ),
 ( #3269, #5700 ),
 ( #1745, #3230 ),
 ( #3712, #6186 ),
 ( #2766, #792 ),
 ( #5357, #3215 ),
 ( #230, #736 ),
 ( #4710, #5219 ),
 ( #2245, #5715 ),
 ( #1899, #4931 ),
 ( #478, #2507 ) ),
 .UNSPECIFIED., .F., .F., .F.,
 ( 4, 1, 1, 1, 1, 1, 1, 1, 1, 1, 1, 1, 1, 1, 1, 1, 1, 1, 1, 1, 4 ),
 ( 2, 2 ),
 ( 0.0000000000000000000, 0.05672433721815054600, 0.1114372357370107500, 0.1643678222229013100, 0.2164353724620899400, 0.2676414903219248600, 0.3173597799690279800, 0.3674730633322806400, 0.4182103970528081000, 0.4714042826470200000, 0.5279657201290495200, 0.5880611158232138500, 0.6521342629937146900, 0.6863448363353055200, 0.7232636803169650900, 0.7626102507715415400, 0.8047389366452178900, 0.8494303387909497600, 0.8967112583864922400, 0.9468896380534765900, 1.000000000000000000 ),
 ( 0.0000000000000000000, 1.000000000000000000 ),
 .UNSPECIFIED. ) ;
#5114 = CARTESIAN_POINT ( 'NONE',  ( 2.436015357267184100, 4.321442892753650800, 9.649999999999998600 ) ) ;
#5115 = CARTESIAN_POINT ( 'NONE',  ( -2.254327966281374000, 2.254327966281372700, -6.212500000000003000 ) ) ;
#5116 = VECTOR ( 'NONE', #1897, 1000.000000000000100 ) ;
#5117 = CARTESIAN_POINT ( 'NONE',  ( -1.320554748610672300, -3.188101183952080300, 6.521874999999999600 ) ) ;
#5118 = CARTESIAN_POINT ( 'NONE',  ( 1.320554748610671000, -3.188101183952081200, 4.334374999999997900 ) ) ;
#5119 = CARTESIAN_POINT ( 'NONE',  ( 0.0000000000000000000, 3.999999999999994200, -5.899999999999998600 ) ) ;
#5120 = LINE ( 'NONE', #1856, #1074 ) ;
#5121 = ORIENTED_EDGE ( 'NONE', *, *, #2878, .T. ) ;
#5122 = CARTESIAN_POINT ( 'NONE',  ( 3.188101183952076800, -1.320554748610677000, 6.834375000000000500 ) ) ;
#5123 = CARTESIAN_POINT ( 'NONE',  ( -1.684879207899186500, -4.067658234670656000, 8.435937500000001400 ) ) ;
#5124 = CARTESIAN_POINT ( 'NONE',  ( -0.9715054488827870000, 2.539800548249315800, 9.650000000000000400 ) ) ;
#5125 = ORIENTED_EDGE ( 'NONE', *, *, #4860, .T. ) ;
#5126 = DIRECTION ( 'NONE',  ( 0.0000000000000000000, -0.0000000000000000000, 1.000000000000000000 ) ) ;
#5127 = CARTESIAN_POINT ( 'NONE',  ( -0.5451771180275006800, 4.620461225159043100, 9.799999999999998900 ) ) ;
#5128 = CARTESIAN_POINT ( 'NONE',  ( 3.999999999999995600, -1.656854249492383000, -3.790624999999998600 ) ) ;
#5129 = CARTESIAN_POINT ( 'NONE',  ( -0.07951717882208275700, 3.159216186900910600, 9.799999999999998900 ) ) ;
#5130 = ORIENTED_EDGE ( 'NONE', *, *, #843, .F. ) ;
#5131 = CARTESIAN_POINT ( 'NONE',  ( 2.850742443708970300, -1.584300432814419000, -9.470260779493891300 ) ) ;
#5132 = CARTESIAN_POINT ( 'NONE',  ( 1.872677519280786100, 4.440008787870028500, 9.650000000000003900 ) ) ;
#5133 = CARTESIAN_POINT ( 'NONE',  ( -4.981444637114788700E-016, -4.067658234670654200, -5.235937499999999500 ) ) ;
#5134 = CARTESIAN_POINT ( 'NONE',  ( -2.254327966281374000, 2.254327966281371300, 3.787499999999997400 ) ) ;
#5135 = EDGE_CURVE ( 'NONE', #4797, #5055, #3818, .T. ) ;
#5136 = EDGE_LOOP ( 'NONE', ( #2868, #2372, #3781 ) ) ;
#5137 = CARTESIAN_POINT ( 'NONE',  ( 2.103167283196992100, 4.197892787430247600, 9.799999999999997200 ) ) ;
#5138 = CARTESIAN_POINT ( 'NONE',  ( -1.320554748610672300, -3.188101183952078500, -7.071875000000003000 ) ) ;
#5139 = EDGE_CURVE ( 'NONE', #36, #1928, #1390, .T. ) ;
#5140 = CARTESIAN_POINT ( 'NONE',  ( -1.320554748610672300, -3.188101183952080300, 7.771875000000000500 ) ) ;
#5141 = VERTEX_POINT ( 'NONE', #3889 ) ;
#5142 = ORIENTED_EDGE ( 'NONE', *, *, #2798, .T. ) ;
#5143 = ORIENTED_EDGE ( 'NONE', *, *, #1796, .F. ) ;
#5144 = CARTESIAN_POINT ( 'NONE',  ( 2.436015357267184100, 4.321442892753650800, 9.799999999999998900 ) ) ;
#5145 = ORIENTED_EDGE ( 'NONE', *, *, #2230, .T. ) ;
#5146 = CARTESIAN_POINT ( 'NONE',  ( 2.254327966281374900, 2.254327966281370000, 7.224999999999998800 ) ) ;
#5147 = CARTESIAN_POINT ( 'NONE',  ( -3.999999999999995600, -1.392037520480639600E-015, -6.681250000000003000 ) ) ;
#5148 = DATE_AND_TIME ( #3497, #2419 ) ;
#5149 = EDGE_LOOP ( 'NONE', ( #2486, #3131, #923, #2105 ) ) ;
#5150 = CARTESIAN_POINT ( 'NONE',  ( -2.876268721284919800, -2.876268721284922900, 7.107812500000001400 ) ) ;
#5151 = CARTESIAN_POINT ( 'NONE',  ( -1.198844634641749000, 3.347950790876976800, -9.164575118018765600 ) ) ;
#5152 = CYLINDRICAL_SURFACE ( 'NONE', #1622, 6.500000000000001800 ) ;
#5153 = CARTESIAN_POINT ( 'NONE',  ( -2.828427124746187200, 2.828427124746184500, 3.162499999999996100 ) ) ;
#5154 = CARTESIAN_POINT ( 'NONE',  ( 1.675660346156131500, 3.025106327937325800, -9.271961685853760600 ) ) ;
#5155 = CARTESIAN_POINT ( 'NONE',  ( 1.976750424885704200, 2.590964924046655700, 9.649999999999996800 ) ) ;
#5156 = CARTESIAN_POINT ( 'NONE',  ( 1.684879207899185400, -4.067658234670655100, -2.657812499999999500 ) ) ;
#5157 = CARTESIAN_POINT ( 'NONE',  ( -3.904297910284797800E-016, -3.188101183952079900, 5.506249999999997000 ) ) ;
#5158 = CARTESIAN_POINT ( 'NONE',  ( 1.922439812444268800, 3.802866881684902700, 9.800000000000000700 ) ) ;
#5159 = CARTESIAN_POINT ( 'NONE',  ( 3.188101183952076800, 1.320554748610670800, -6.603125000000003000 ) ) ;
#5160 = CARTESIAN_POINT ( 'NONE',  ( 1.320554748610671000, -3.188101183952081600, 6.678125000000001400 ) ) ;
#5161 = CARTESIAN_POINT ( 'NONE',  ( 2.869602442765986100, 4.043679941344096000, 9.800000000000000700 ) ) ;
#5162 = CARTESIAN_POINT ( 'NONE',  ( 2.828427124746187200, -2.828427124746190700, 2.537499999999995600 ) ) ;
#5163 = CARTESIAN_POINT ( 'NONE',  ( 3.188101183952076800, 1.320554748610669700, 5.896874999999995200 ) ) ;
#5164 = CARTESIAN_POINT ( 'NONE',  ( -3.188101183952076800, 1.320554748610670300, -6.290625000000000400 ) ) ;
#5165 = B_SPLINE_SURFACE_WITH_KNOTS ( 'NONE', 3, 1, ( 
 ( #6272, #1344 ),
 ( #5781, #3295 ),
 ( #5309, #5828 ),
 ( #5789, #4293 ),
 ( #1353, #3347 ),
 ( #1335, #4349 ),
 ( #3825, #827 ),
 ( #4807, #1832 ),
 ( #5257, #305 ),
 ( #2825, #3285 ),
 ( #6282, #4309 ) ),
 .UNSPECIFIED., .F., .F., .F.,
 ( 4, 1, 1, 1, 1, 1, 1, 1, 4 ),
 ( 2, 2 ),
 ( 0.0000000000000000000, 0.1426572507006137200, 0.2811689939054437500, 0.4169771923679735400, 0.5508524927475576500, 0.6783641702618122800, 0.7950324430070948600, 0.9019981783473515200, 1.000000000000000000 ),
 ( 0.0000000000000000000, 1.000000000000000000 ),
 .UNSPECIFIED. ) ;
#5166 = CARTESIAN_POINT ( 'NONE',  ( 4.067658234670652500, -3.671019470293885700E-015, 3.826562500000000100 ) ) ;
#5167 = CARTESIAN_POINT ( 'NONE',  ( 1.951141637630228200, 2.085757595817844000, 9.800000000000000700 ) ) ;
#5168 = DIRECTION ( 'NONE',  ( 0.0000000000000000000, 1.000000000000000000, 0.0000000000000000000 ) ) ;
#5169 = CARTESIAN_POINT ( 'NONE',  ( -2.459817976066150300, 4.621442892753652400, 9.650000000000000400 ) ) ;
#5170 = CARTESIAN_POINT ( 'NONE',  ( 2.541008833431244600, 2.008364590843163100, 9.799999999999997200 ) ) ;
#5171 = DIRECTION ( 'NONE',  ( -0.0000000000000000000, -0.0000000000000000000, -1.000000000000000000 ) ) ;
#5172 = CARTESIAN_POINT ( 'NONE',  ( 0.2329387564302243500, 2.893198350924668800, 9.800000000000000700 ) ) ;
#5173 = CARTESIAN_POINT ( 'NONE',  ( -1.684879207899186500, -4.067658234670654200, -4.064062499999999500 ) ) ;
#5174 = CARTESIAN_POINT ( 'NONE',  ( -3.188101183952076800, -1.320554748610672600, -9.884375000000000400 ) ) ;
#5175 = CARTESIAN_POINT ( 'NONE',  ( 2.032187773967161000, 4.118299489004034100, 9.799999999999998900 ) ) ;
#5176 = CARTESIAN_POINT ( 'NONE',  ( -3.188101183952076800, 1.320554748610670300, -6.134375000000003900 ) ) ;
#5177 = CARTESIAN_POINT ( 'NONE',  ( 2.828427124746187200, -2.828427124746190300, 0.03749999999999706300 ) ) ;
#5178 = CARTESIAN_POINT ( 'NONE',  ( 1.712904166305993600, -4.135316469341312000, -7.618750000000003000 ) ) ;
#5179 = CARTESIAN_POINT ( 'NONE',  ( 2.675691966976341700, 4.264008782100809500, 9.799999999999997200 ) ) ;
#5180 = DIRECTION ( 'NONE',  ( -0.0000000000000000000, 1.224646799147355200E-016, -1.000000000000000000 ) ) ;
#5181 = CARTESIAN_POINT ( 'NONE',  ( 0.0000000000000000000, 3.188101183952073200, 7.381249999999998800 ) ) ;
#5182 = VERTEX_POINT ( 'NONE', #5351 ) ;
#5183 = CARTESIAN_POINT ( 'NONE',  ( -3.188101183952076800, -1.320554748610673700, -3.634374999999999500 ) ) ;
#5184 =( BOUNDED_CURVE ( )  B_SPLINE_CURVE ( 2, ( #2975, #32, #480, #6388, #3514, #1043, #3963, #986, #5474, #12, #5018, #2952, #4993, #6410, #2026, #3444, #3936, #4461, #1508, #5501, #960, #5990, #3025, #4012, #4512, #2432, #6037, #3077, #5070, #5576, #3561, #4087, #77, #3541, #3584, #4582, #578, #2071, #1617, #601, #2584, #5090, #2606, #6059, #4067, #1120, #4558, #1600, #5597, #2121, #6015, #5557, #2052, #5530, #5044, #2095, #2558, #3099, #4045, #1095, #3055, #52, #558, #1068, #4536, #99, #1580, #5852, #4829, #3396, #3848, #3351, #4848, #1413, #5831, #1921, #2324, #4352, #5812, #3827, #854, #2384, #1883, #5793, #405, #4332, #3332, #2828, #4872, #4313, #1900, #2865, #6346, #4895, #3370, #917, #4812, #6325, #3875, #2842, #1356, #326, #388, #5359, #370, #5319, #5872, #6286, #1836, #894, #3895, #6304, #873, #4390, #4370, #2889, #1861, #3307, #5379, #2413, #2906, #347, #3810, #2350, #6368, #1370, #5338, #1433, #831, #2366, #1389, #6146, #182, #5511, #2653, #943, #3355, #5836, #5876, #409, #5401, #3899, #2927, #2870, #390, #2389, #3919, #432, #6328, #3425, #5384, #2417, #2435, #6392, #6373, #5924, #1904, #1394, #1952, #6414, #2910, #374, #4442, #2457, #4417, #3448, #1456, #4916, #3401, #2955, #1436, #4900, #4938, #964, #3852, #898, #3940, #1485, #6351, #1926, #5425 ),
 .UNSPECIFIED., .F., .F. ) 
 B_SPLINE_CURVE_WITH_KNOTS ( ( 3, 2, 2, 2, 2, 2, 2, 2, 2, 2, 2, 2, 2, 2, 2, 2, 2, 2, 2, 2, 2, 2, 2, 2, 2, 2, 2, 2, 2, 2, 2, 2, 2, 2, 2, 2, 2, 2, 2, 2, 2, 2, 2, 2, 2, 2, 2, 2, 2, 2, 2, 2, 2, 2, 2, 2, 2, 2, 2, 2, 2, 2, 2, 2, 2, 2, 2, 2, 2, 2, 2, 2, 2, 2, 2, 2, 2, 2, 2, 2, 2, 2, 2, 2, 2, 2, 2, 2, 2, 2, 3 ),
 ( 0.02965894904847760100, 0.03125000000000000000, 0.03906250000000000000, 0.04687500000000000000, 0.05468750000000000000, 0.06250000000000000000, 0.07031250000000000000, 0.07812500000000000000, 0.08593750000000000000, 0.09375000000000000000, 0.1015625000000000000, 0.1093750000000000000, 0.1171875000000000000, 0.1250000000000000000, 0.1328125000000000000, 0.1406250000000000000, 0.1484375000000000000, 0.1562500000000000000, 0.1640625000000000000, 0.1718750000000000000, 0.1796875000000000000, 0.1875000000000000000, 0.1953125000000000000, 0.2031250000000000000, 0.2109375000000000000, 0.2187500000000000300, 0.2265624999999999700, 0.2343750000000000000, 0.2421875000000000000, 0.2500000000000000000, 0.2578125000000000000, 0.2656250000000000000, 0.2734375000000000000, 0.2812500000000000000, 0.2890625000000000000, 0.2968750000000000000, 0.3046875000000000000, 0.3125000000000000000, 0.3203125000000000000, 0.3281250000000000000, 0.3359375000000000000, 0.3437500000000000000, 0.3515625000000000000, 0.3593750000000000000, 0.3671875000000000000, 0.3750000000000000000, 0.3828125000000000000, 0.3906249999999999400, 0.3984375000000000000, 0.4062500000000000000, 0.4140625000000000000, 0.4218750000000000000, 0.4296875000000000000, 0.4375000000000000000, 0.4453125000000000000, 0.4531250000000000000, 0.4609375000000000000, 0.4687500000000000000, 0.4765625000000000000, 0.4843750000000000000, 0.4921875000000000600, 0.5000000000000000000, 0.5078125000000000000, 0.5156250000000000000, 0.5234375000000000000, 0.5312500000000000000, 0.5390625000000000000, 0.5468750000000000000, 0.5546875000000000000, 0.5625000000000000000, 0.5703125000000000000, 0.5781250000000000000, 0.5859375000000000000, 0.5937500000000000000, 0.6015625000000000000, 0.6093750000000000000, 0.6171875000000000000, 0.6250000000000000000, 0.6328125000000000000, 0.6406250000000000000, 0.6484375000000000000, 0.6562500000000000000, 0.6640625000000000000, 0.6718750000000000000, 0.6796875000000000000, 0.6875000000000000000, 0.6953125000000000000, 0.7031250000000000000, 0.7109375000000000000, 0.7187500000000000000, 0.7234088692466138500 ),
 .UNSPECIFIED. ) 
 CURVE ( )  GEOMETRIC_REPRESENTATION_ITEM ( )  RATIONAL_B_SPLINE_CURVE ( ( 0.9753096629729498500, 0.9844977225947844100, 1.000000000000000000, 0.9238795325112867400, 1.000000000000000000, 0.9238795325112867400, 1.000000000000000000, 0.9238795325112867400, 1.000000000000000000, 0.9238795325112867400, 1.000000000000000000, 0.9238795325112867400, 1.000000000000000000, 0.9238795325112867400, 1.000000000000000000, 0.9238795325112867400, 1.000000000000000000, 0.9238795325112867400, 1.000000000000000000, 0.9238795325112867400, 1.000000000000000000, 0.9238795325112867400, 1.000000000000000000, 0.9238795325112867400, 1.000000000000000000, 0.9238795325112867400, 1.000000000000000000, 0.9238795325112867400, 1.000000000000000000, 0.9238795325112867400, 1.000000000000000000, 0.9238795325112867400, 1.000000000000000000, 0.9238795325112867400, 1.000000000000000000, 0.9238795325112867400, 1.000000000000000000, 0.9238795325112867400, 1.000000000000000000, 0.9238795325112867400, 1.000000000000000000, 0.9238795325112867400, 1.000000000000000000, 0.9238795325112867400, 1.000000000000000000, 0.9238795325112867400, 1.000000000000000000, 0.9238795325112867400, 1.000000000000000000, 0.9238795325112867400, 1.000000000000000000, 0.9238795325112867400, 1.000000000000000000, 0.9238795325112867400, 1.000000000000000000, 0.9238795325112867400, 1.000000000000000000, 0.9238795325112867400, 1.000000000000000000, 0.9238795325112867400, 1.000000000000000000, 0.9238795325112867400, 1.000000000000000000, 0.9238795325112867400, 1.000000000000000000, 0.9238795325112867400, 1.000000000000000000, 0.9238795325112867400, 1.000000000000000000, 0.9238795325112867400, 1.000000000000000000, 0.9238795325112867400, 1.000000000000000000, 0.9238795325112867400, 1.000000000000000000, 0.9238795325112867400, 1.000000000000000000, 0.9238795325112867400, 1.000000000000000000, 0.9238795325112867400, 1.000000000000000000, 0.9238795325112867400, 1.000000000000000000, 0.9238795325112867400, 1.000000000000000000, 0.9238795325112867400, 1.000000000000000000, 0.9238795325112867400, 1.000000000000000000, 0.9238795325112867400, 1.000000000000000000, 0.9238795325112867400, 1.000000000000000000, 0.9238795325112867400, 1.000000000000000000, 0.9238795325112867400, 1.000000000000000000, 0.9238795325112867400, 1.000000000000000000, 0.9238795325112867400, 1.000000000000000000, 0.9238795325112867400, 1.000000000000000000, 0.9238795325112867400, 1.000000000000000000, 0.9238795325112867400, 1.000000000000000000, 0.9238795325112867400, 1.000000000000000000, 0.9238795325112867400, 1.000000000000000000, 0.9238795325112867400, 1.000000000000000000, 0.9238795325112867400, 1.000000000000000000, 0.9238795325112867400, 1.000000000000000000, 0.9238795325112867400, 1.000000000000000000, 0.9238795325112867400, 1.000000000000000000, 0.9238795325112867400, 1.000000000000000000, 0.9238795325112867400, 1.000000000000000000, 0.9238795325112867400, 1.000000000000000000, 0.9238795325112867400, 1.000000000000000000, 0.9238795325112867400, 1.000000000000000000, 0.9238795325112867400, 1.000000000000000000, 0.9238795325112867400, 1.000000000000000000, 0.9238795325112867400, 1.000000000000000000, 0.9238795325112867400, 1.000000000000000000, 0.9238795325112867400, 1.000000000000000000, 0.9238795325112867400, 1.000000000000000000, 0.9238795325112867400, 1.000000000000000000, 0.9238795325112867400, 1.000000000000000000, 0.9238795325112867400, 1.000000000000000000, 0.9238795325112867400, 1.000000000000000000, 0.9238795325112867400, 1.000000000000000000, 0.9238795325112867400, 1.000000000000000000, 0.9238795325112867400, 1.000000000000000000, 0.9238795325112867400, 1.000000000000000000, 0.9238795325112867400, 1.000000000000000000, 0.9238795325112867400, 1.000000000000000000, 0.9238795325112867400, 1.000000000000000000, 0.9238795325112867400, 1.000000000000000000, 0.9238795325112867400, 1.000000000000000000, 0.9238795325112867400, 1.000000000000000000, 0.9238795325112867400, 1.000000000000000000, 0.9238795325112867400, 1.000000000000000000, 0.9238795325112867400, 1.000000000000000000, 0.9238795325112867400, 1.000000000000000000, 0.9546066809573073900, 0.9633526356655859300 ) ) 
 REPRESENTATION_ITEM ( '' )  );
#5185 = CARTESIAN_POINT ( 'NONE',  ( 3.188101183952076800, -1.916449867065991000E-015, -9.181250000000002100 ) ) ;
#5186 = LINE ( 'NONE', #1818, #4249 ) ;
#5187 = CARTESIAN_POINT ( 'NONE',  ( -0.7528730450656931900, 2.002001203055646000, 9.649999999999996800 ) ) ;
#5188 = CARTESIAN_POINT ( 'NONE',  ( 0.6857297635383357000, 2.188109559420317900, 9.649999999999998600 ) ) ;
#5189 =( BOUNDED_SURFACE ( )  B_SPLINE_SURFACE ( 1, 2, ( 
 ( #3200, #3179, #4199, #718, #2691, #1687, #2670, #2147, #3651, #4159, #6150, #6169, #3163, #2625, #2210, #3125, #2647, #186, #4142, #1702, #3676, #169, #4628, #5627, #4176, #206, #2128, #3146, #1194, #3610, #5680, #1167, #1670, #1145, #2164, #699, #6088, #2709, #1232, #5138, #4694, #4609, #6127, #5641, #1215, #5159, #5094, #4674, #1647, #6106, #5115, #5176, #4649, #5604, #2187, #5659, #149, #3627, #655, #251, #2299, #4236, #1779, #793, #2730, #6242, #231, #5773, #283, #3748, #738, #2767, #1758, #4221, #3763, #6259, #5220, #4731, #3249, #2805, #5239, #2785, #4292, #3284, #2752, #2286, #6187, #4274, #1255, #1278, #5256, #4711, #304, #6227, #3216, #264, #5756, #809, #776, #1309, #4253, #1726, #3270, #3783, #2246, #1293, #1334, #4766, #4752, #2268, #1801, #5733, #3734, #5276, #5198, #1747, #2228, #754, #5716, #5701, #3713, #6208, #3231, #5234, #1426, #2471, #2500, #6062, #5599, #4625, #3608, #2623, #3587, #3079, #4584, #1620, #630, #652, #4090, #3543, #3143, #4047, #3564, #4110, #5074, #2644, #1143, #1122, #5579, #81, #5112, #4139, #3059, #4606, #5625, #55, #1070, #144, #2098, #2609, #4538, #3100, #1644, #560, #3625, #1164, #101, #1667, #1583, #605, #5092, #2144, #6085, #2162, #6103, #2587, #581, #5048, #5134, #2125, #5640, #3120, #119, #6019, #2073, #5560, #4560, #6040, #4069, #1098, #1603, #3648, #735, #1191, #249, #1252, #4692, #1684, #3693, #2707, #5157, #4709, #752, #6149, #5676, #4195, #3229, #6167, #3711, #5237, #4234, #3672, #3214, #671, #1744, #2184, #2205, #2727, #5658, #1275, #715, #4158, #1229, #229, #1756, #1723, #5218, #5194, #2667, #4218, #4728, #3177, #2225, #2266, #2244, #5699, #3199, #6185, #203, #1212, #5714, #6122, #2687, #3160, #1700, #184, #2749, #166, #6205 ),
 ( #3731, #4646, #695, #4174, #4671, #5174, #4289, #1329, #3299, #336, #3780, #3245, #2835, #3745, #3265, #319, #4764, #2341, #3800, #805, #5272, #6239, #4799, #3820, #2765, #822, #5312, #6225, #772, #6297, #1798, #2296, #4250, #2801, #4305, #261, #3321, #845, #5770, #4324, #1288, #300, #6255, #1349, #2315, #1850, #1827, #2284, #278, #4748, #5801, #4779, #1362, #5785, #2821, #4822, #1774, #5331, #4269, #5730, #3282, #6276, #5253, #5751, #2780, #3759, #790, #1305, #1813, #5293, #3384, #2402, #4840, #4403, #444, #5845, #5370, #3888, #2939, #5864, #3412, #4925, #3926, #3361, #2917, #360, #1444, #1379, #1892, #2425, #1875, #951, #397, #3840, #908, #6379, #1468, #1425, #4906, #4382, #2359, #419, #4428, #2880, #4886, #1959, #3907, #1912, #2899, #5391, #6359, #884, #930, #5824, #5349, #2855, #1405, #2376, #5886, #6316, #1937, #5410, #3342, #4345, #4862, #5909, #2443, #6400, #3434, #865, #6335, #381, #3864, #4363, #4002, #1031, #3044, #68, #3505, #2965, #2572, #3458, #2987, #42, #4477, #2062, #3529, #520, #4983, #5952, #4528, #3553, #2470, #547, #5032, #5933, #470, #6027, #1519, #2013, #3952, #2523, #4030, #6428, #3068, #569, #5489, #4056, #976, #22, #5981, #1056, #2041, #1592, #1570, #1985, #2, #4451, #5548, #4500, #1083, #5516, #2546, #4547, #1498, #5060, #3981, #5438, #3013, #6005, #4949, #5464, #2499, #3480, #490, #1005, #1543, #5009, #3596, #6073, #3575, #3132, #4613, #1109, #3108, #614, #4121, #107, #5610, #5632, #1653, #1607, #2134, #6047, #130, #590, #2616, #5100, #4078, #5122, #4097, #3088, #1129, #2629, #2152, #4595, #3614, #1630, #2085, #6092, #5568, #5081, #640, #2596, #1150, #90, #4568, #2109, #5585, #1956, #995, #1536, #6396, #3903, #2462, #3429, #3452, #414, #970 ) ),
 .UNSPECIFIED., .F., .F., .F. ) 
 B_SPLINE_SURFACE_WITH_KNOTS ( ( 2, 2 ),
 ( 3, 2, 2, 2, 2, 2, 2, 2, 2, 2, 2, 2, 2, 2, 2, 2, 2, 2, 2, 2, 2, 2, 2, 2, 2, 2, 2, 2, 2, 2, 2, 2, 2, 2, 2, 2, 2, 2, 2, 2, 2, 2, 2, 2, 2, 2, 2, 2, 2, 2, 2, 2, 2, 2, 2, 2, 2, 2, 2, 2, 2, 2, 2, 2, 2, 2, 2, 2, 2, 2, 2, 2, 2, 2, 2, 2, 2, 2, 2, 2, 2, 2, 2, 2, 2, 2, 2, 2, 2, 2, 2, 2, 2, 2, 2, 2, 2, 2, 2, 2, 2, 2, 2, 2, 2, 2, 2, 2, 2, 2, 2, 2, 2, 2, 2, 2, 2, 2, 2, 2, 2, 2, 2, 2, 3 ),
 ( 0.0000000000000000000, 1.000000000000000000 ),
 ( 0.0000000000000000000, 0.007812500000000000000, 0.01562500000000000000, 0.02343750000000000000, 0.03125000000000000000, 0.03906250000000000000, 0.04687500000000000000, 0.05468750000000000000, 0.06250000000000000000, 0.07031250000000000000, 0.07812500000000000000, 0.08593750000000000000, 0.09375000000000000000, 0.1015625000000000000, 0.1093750000000000000, 0.1171875000000000000, 0.1250000000000000000, 0.1328125000000000000, 0.1406250000000000000, 0.1484375000000000000, 0.1562500000000000000, 0.1640625000000000000, 0.1718750000000000000, 0.1796875000000000000, 0.1875000000000000000, 0.1953125000000000000, 0.2031250000000000000, 0.2109375000000000000, 0.2187500000000000000, 0.2265625000000000000, 0.2343750000000000000, 0.2421875000000000000, 0.2500000000000000000, 0.2578125000000000000, 0.2656250000000000000, 0.2734375000000000000, 0.2812500000000000000, 0.2890625000000000000, 0.2968750000000000000, 0.3046875000000000000, 0.3125000000000000000, 0.3203125000000000000, 0.3281250000000000000, 0.3359375000000000000, 0.3437500000000000000, 0.3515625000000000000, 0.3593750000000000000, 0.3671875000000000000, 0.3750000000000000000, 0.3828125000000000000, 0.3906250000000000000, 0.3984375000000000000, 0.4062500000000000000, 0.4140625000000000000, 0.4218750000000000000, 0.4296875000000000000, 0.4375000000000000000, 0.4453125000000000000, 0.4531250000000000000, 0.4609375000000000000, 0.4687500000000000000, 0.4765625000000000000, 0.4843750000000000000, 0.4921875000000000000, 0.5000000000000000000, 0.5078125000000000000, 0.5156250000000000000, 0.5234375000000000000, 0.5312500000000000000, 0.5390625000000000000, 0.5468750000000000000, 0.5546875000000000000, 0.5625000000000000000, 0.5703125000000000000, 0.5781250000000000000, 0.5859375000000000000, 0.5937500000000000000, 0.6015625000000000000, 0.6093750000000000000, 0.6171875000000000000, 0.6250000000000000000, 0.6328125000000000000, 0.6406250000000000000, 0.6484375000000000000, 0.6562500000000000000, 0.6640625000000000000, 0.6718750000000000000, 0.6796875000000000000, 0.6875000000000000000, 0.6953125000000000000, 0.7031250000000000000, 0.7109375000000000000, 0.7187500000000000000, 0.7265625000000000000, 0.7343750000000000000, 0.7421875000000000000, 0.7500000000000000000, 0.7578125000000000000, 0.7656250000000000000, 0.7734375000000000000, 0.7812500000000000000, 0.7890625000000000000, 0.7968750000000000000, 0.8046875000000000000, 0.8125000000000000000, 0.8203125000000000000, 0.8281250000000000000, 0.8359375000000000000, 0.8437500000000000000, 0.8515625000000000000, 0.8593750000000000000, 0.8671875000000000000, 0.8750000000000000000, 0.8828125000000000000, 0.8906250000000000000, 0.8984375000000000000, 0.9062500000000000000, 0.9140625000000000000, 0.9218750000000000000, 0.9296875000000000000, 0.9375000000000000000, 0.9453125000000000000, 0.9531250000000000000, 0.9609375000000000000, 0.9649979900153504700 ),
 .UNSPECIFIED. ) 
 GEOMETRIC_REPRESENTATION_ITEM ( )  RATIONAL_B_SPLINE_SURFACE ( (
 ( 1.000000000000000000, 0.9238795325112867400, 1.000000000000000000, 0.9238795325112867400, 1.000000000000000000, 0.9238795325112867400, 1.000000000000000000, 0.9238795325112867400, 1.000000000000000000, 0.9238795325112867400, 1.000000000000000000, 0.9238795325112867400, 1.000000000000000000, 0.9238795325112867400, 1.000000000000000000, 0.9238795325112867400, 1.000000000000000000, 0.9238795325112867400, 1.000000000000000000, 0.9238795325112867400, 1.000000000000000000, 0.9238795325112867400, 1.000000000000000000, 0.9238795325112867400, 1.000000000000000000, 0.9238795325112867400, 1.000000000000000000, 0.9238795325112867400, 1.000000000000000000, 0.9238795325112867400, 1.000000000000000000, 0.9238795325112867400, 1.000000000000000000, 0.9238795325112867400, 1.000000000000000000, 0.9238795325112867400, 1.000000000000000000, 0.9238795325112867400, 1.000000000000000000, 0.9238795325112867400, 1.000000000000000000, 0.9238795325112867400, 1.000000000000000000, 0.9238795325112867400, 1.000000000000000000, 0.9238795325112867400, 1.000000000000000000, 0.9238795325112867400, 1.000000000000000000, 0.9238795325112867400, 1.000000000000000000, 0.9238795325112867400, 1.000000000000000000, 0.9238795325112867400, 1.000000000000000000, 0.9238795325112867400, 1.000000000000000000, 0.9238795325112867400, 1.000000000000000000, 0.9238795325112867400, 1.000000000000000000, 0.9238795325112867400, 1.000000000000000000, 0.9238795325112867400, 1.000000000000000000, 0.9238795325112867400, 1.000000000000000000, 0.9238795325112867400, 1.000000000000000000, 0.9238795325112867400, 1.000000000000000000, 0.9238795325112867400, 1.000000000000000000, 0.9238795325112867400, 1.000000000000000000, 0.9238795325112867400, 1.000000000000000000, 0.9238795325112867400, 1.000000000000000000, 0.9238795325112867400, 1.000000000000000000, 0.9238795325112867400, 1.000000000000000000, 0.9238795325112867400, 1.000000000000000000, 0.9238795325112867400, 1.000000000000000000, 0.9238795325112867400, 1.000000000000000000, 0.9238795325112867400, 1.000000000000000000, 0.9238795325112867400, 1.000000000000000000, 0.9238795325112867400, 1.000000000000000000, 0.9238795325112867400, 1.000000000000000000, 0.9238795325112867400, 1.000000000000000000, 0.9238795325112867400, 1.000000000000000000, 0.9238795325112867400, 1.000000000000000000, 0.9238795325112867400, 1.000000000000000000, 0.9238795325112867400, 1.000000000000000000, 0.9238795325112867400, 1.000000000000000000, 0.9238795325112867400, 1.000000000000000000, 0.9238795325112867400, 1.000000000000000000, 0.9238795325112867400, 1.000000000000000000, 0.9238795325112867400, 1.000000000000000000, 0.9238795325112867400, 1.000000000000000000, 0.9238795325112867400, 1.000000000000000000, 0.9238795325112867400, 1.000000000000000000, 0.9238795325112867400, 1.000000000000000000, 0.9238795325112867400, 1.000000000000000000, 0.9238795325112867400, 1.000000000000000000, 0.9238795325112867400, 1.000000000000000000, 0.9238795325112867400, 1.000000000000000000, 0.9238795325112867400, 1.000000000000000000, 0.9238795325112867400, 1.000000000000000000, 0.9238795325112867400, 1.000000000000000000, 0.9238795325112867400, 1.000000000000000000, 0.9238795325112867400, 1.000000000000000000, 0.9238795325112867400, 1.000000000000000000, 0.9238795325112867400, 1.000000000000000000, 0.9238795325112867400, 1.000000000000000000, 0.9238795325112867400, 1.000000000000000000, 0.9238795325112867400, 1.000000000000000000, 0.9238795325112867400, 1.000000000000000000, 0.9238795325112867400, 1.000000000000000000, 0.9238795325112867400, 1.000000000000000000, 0.9238795325112867400, 1.000000000000000000, 0.9238795325112867400, 1.000000000000000000, 0.9238795325112867400, 1.000000000000000000, 0.9238795325112867400, 1.000000000000000000, 0.9238795325112867400, 1.000000000000000000, 0.9238795325112867400, 1.000000000000000000, 0.9238795325112867400, 1.000000000000000000, 0.9238795325112867400, 1.000000000000000000, 0.9238795325112867400, 1.000000000000000000, 0.9238795325112867400, 1.000000000000000000, 0.9238795325112867400, 1.000000000000000000, 0.9238795325112867400, 1.000000000000000000, 0.9238795325112867400, 1.000000000000000000, 0.9238795325112867400, 1.000000000000000000, 0.9238795325112867400, 1.000000000000000000, 0.9238795325112867400, 1.000000000000000000, 0.9238795325112867400, 1.000000000000000000, 0.9238795325112867400, 1.000000000000000000, 0.9238795325112867400, 1.000000000000000000, 0.9238795325112867400, 1.000000000000000000, 0.9238795325112867400, 1.000000000000000000, 0.9238795325112867400, 1.000000000000000000, 0.9238795325112867400, 1.000000000000000000, 0.9238795325112867400, 1.000000000000000000, 0.9238795325112867400, 1.000000000000000000, 0.9238795325112867400, 1.000000000000000000, 0.9238795325112867400, 1.000000000000000000, 0.9238795325112867400, 1.000000000000000000, 0.9238795325112867400, 1.000000000000000000, 0.9238795325112867400, 1.000000000000000000, 0.9238795325112867400, 1.000000000000000000, 0.9238795325112867400, 1.000000000000000000, 0.9238795325112867400, 1.000000000000000000, 0.9238795325112867400, 1.000000000000000000, 0.9238795325112867400, 1.000000000000000000, 0.9238795325112867400, 1.000000000000000000, 0.9238795325112867400, 1.000000000000000000, 0.9238795325112867400, 1.000000000000000000, 0.9238795325112867400, 1.000000000000000000, 0.9238795325112867400, 1.000000000000000000, 0.9238795325112867400, 1.000000000000000000, 0.9238795325112867400, 1.000000000000000000, 0.9238795325112867400, 1.000000000000000000, 0.9238795325112867400, 1.000000000000000000, 0.9604369410301785100, 0.9619991059768195900),
 ( 1.000000000000000000, 0.9238795325112867400, 1.000000000000000000, 0.9238795325112867400, 1.000000000000000000, 0.9238795325112867400, 1.000000000000000000, 0.9238795325112867400, 1.000000000000000000, 0.9238795325112867400, 1.000000000000000000, 0.9238795325112867400, 1.000000000000000000, 0.9238795325112867400, 1.000000000000000000, 0.9238795325112867400, 1.000000000000000000, 0.9238795325112867400, 1.000000000000000000, 0.9238795325112867400, 1.000000000000000000, 0.9238795325112867400, 1.000000000000000000, 0.9238795325112867400, 1.000000000000000000, 0.9238795325112867400, 1.000000000000000000, 0.9238795325112867400, 1.000000000000000000, 0.9238795325112867400, 1.000000000000000000, 0.9238795325112867400, 1.000000000000000000, 0.9238795325112867400, 1.000000000000000000, 0.9238795325112867400, 1.000000000000000000, 0.9238795325112867400, 1.000000000000000000, 0.9238795325112867400, 1.000000000000000000, 0.9238795325112867400, 1.000000000000000000, 0.9238795325112867400, 1.000000000000000000, 0.9238795325112867400, 1.000000000000000000, 0.9238795325112867400, 1.000000000000000000, 0.9238795325112867400, 1.000000000000000000, 0.9238795325112867400, 1.000000000000000000, 0.9238795325112867400, 1.000000000000000000, 0.9238795325112867400, 1.000000000000000000, 0.9238795325112867400, 1.000000000000000000, 0.9238795325112867400, 1.000000000000000000, 0.9238795325112867400, 1.000000000000000000, 0.9238795325112867400, 1.000000000000000000, 0.9238795325112867400, 1.000000000000000000, 0.9238795325112867400, 1.000000000000000000, 0.9238795325112867400, 1.000000000000000000, 0.9238795325112867400, 1.000000000000000000, 0.9238795325112867400, 1.000000000000000000, 0.9238795325112867400, 1.000000000000000000, 0.9238795325112867400, 1.000000000000000000, 0.9238795325112867400, 1.000000000000000000, 0.9238795325112867400, 1.000000000000000000, 0.9238795325112867400, 1.000000000000000000, 0.9238795325112867400, 1.000000000000000000, 0.9238795325112867400, 1.000000000000000000, 0.9238795325112867400, 1.000000000000000000, 0.9238795325112867400, 1.000000000000000000, 0.9238795325112867400, 1.000000000000000000, 0.9238795325112867400, 1.000000000000000000, 0.9238795325112867400, 1.000000000000000000, 0.9238795325112867400, 1.000000000000000000, 0.9238795325112867400, 1.000000000000000000, 0.9238795325112867400, 1.000000000000000000, 0.9238795325112867400, 1.000000000000000000, 0.9238795325112867400, 1.000000000000000000, 0.9238795325112867400, 1.000000000000000000, 0.9238795325112867400, 1.000000000000000000, 0.9238795325112867400, 1.000000000000000000, 0.9238795325112867400, 1.000000000000000000, 0.9238795325112867400, 1.000000000000000000, 0.9238795325112867400, 1.000000000000000000, 0.9238795325112867400, 1.000000000000000000, 0.9238795325112867400, 1.000000000000000000, 0.9238795325112867400, 1.000000000000000000, 0.9238795325112867400, 1.000000000000000000, 0.9238795325112867400, 1.000000000000000000, 0.9238795325112867400, 1.000000000000000000, 0.9238795325112867400, 1.000000000000000000, 0.9238795325112867400, 1.000000000000000000, 0.9238795325112867400, 1.000000000000000000, 0.9238795325112867400, 1.000000000000000000, 0.9238795325112867400, 1.000000000000000000, 0.9238795325112867400, 1.000000000000000000, 0.9238795325112867400, 1.000000000000000000, 0.9238795325112867400, 1.000000000000000000, 0.9238795325112867400, 1.000000000000000000, 0.9238795325112867400, 1.000000000000000000, 0.9238795325112867400, 1.000000000000000000, 0.9238795325112867400, 1.000000000000000000, 0.9238795325112867400, 1.000000000000000000, 0.9238795325112867400, 1.000000000000000000, 0.9238795325112867400, 1.000000000000000000, 0.9238795325112867400, 1.000000000000000000, 0.9238795325112867400, 1.000000000000000000, 0.9238795325112867400, 1.000000000000000000, 0.9238795325112867400, 1.000000000000000000, 0.9238795325112867400, 1.000000000000000000, 0.9238795325112867400, 1.000000000000000000, 0.9238795325112867400, 1.000000000000000000, 0.9238795325112867400, 1.000000000000000000, 0.9238795325112867400, 1.000000000000000000, 0.9238795325112867400, 1.000000000000000000, 0.9238795325112867400, 1.000000000000000000, 0.9238795325112867400, 1.000000000000000000, 0.9238795325112867400, 1.000000000000000000, 0.9238795325112867400, 1.000000000000000000, 0.9238795325112867400, 1.000000000000000000, 0.9238795325112867400, 1.000000000000000000, 0.9238795325112867400, 1.000000000000000000, 0.9238795325112867400, 1.000000000000000000, 0.9238795325112867400, 1.000000000000000000, 0.9238795325112867400, 1.000000000000000000, 0.9238795325112867400, 1.000000000000000000, 0.9238795325112867400, 1.000000000000000000, 0.9238795325112867400, 1.000000000000000000, 0.9238795325112867400, 1.000000000000000000, 0.9238795325112867400, 1.000000000000000000, 0.9238795325112867400, 1.000000000000000000, 0.9238795325112867400, 1.000000000000000000, 0.9238795325112867400, 1.000000000000000000, 0.9238795325112867400, 1.000000000000000000, 0.9238795325112867400, 1.000000000000000000, 0.9238795325112867400, 1.000000000000000000, 0.9238795325112867400, 1.000000000000000000, 0.9238795325112867400, 1.000000000000000000, 0.9238795325112867400, 1.000000000000000000, 0.9238795325112867400, 1.000000000000000000, 0.9238795325112867400, 1.000000000000000000, 0.9238795325112867400, 1.000000000000000000, 0.9238795325112867400, 1.000000000000000000, 0.9238795325112867400, 1.000000000000000000, 0.9238795325112867400, 1.000000000000000000, 0.9238795325112867400, 1.000000000000000000, 0.9238795325112867400, 1.000000000000000000, 0.9604369410301785100, 0.9619991059768195900) ) ) 
 REPRESENTATION_ITEM ( '' )  SURFACE ( )  );
#5190 = EDGE_CURVE ( 'NONE', #2804, #1712, #4521, .T. ) ;
#5191 = CARTESIAN_POINT ( 'NONE',  ( 2.007295430767506200, 2.507381049090940700, 9.650000000000000400 ) ) ;
#5192 = CARTESIAN_POINT ( 'NONE',  ( 0.0000000000000000000, 4.067658234670650700, -4.610937499999999500 ) ) ;
#5193 = CYLINDRICAL_SURFACE ( 'NONE', #3804, 3.999999999999997300 ) ;
#5194 = CARTESIAN_POINT ( 'NONE',  ( -3.188101183952076800, 1.320554748610668600, 7.615624999999997000 ) ) ;
#5195 = B_SPLINE_SURFACE_WITH_KNOTS ( 'NONE', 3, 1, ( 
 ( #3011, #4546 ),
 ( #4025, #3551 ),
 ( #3039, #3476 ),
 ( #1053, #19 ),
 ( #4450, #3455 ),
 ( #4054, #1079 ),
 ( #2038, #487 ),
 ( #2468, #5930 ),
 ( #3525, #568 ),
 ( #1540, #974 ),
 ( #3976, #6025 ),
 ( #5435, #5977 ),
 ( #3503, #1589 ),
 ( #5058, #2962 ),
 ( #6002, #5462 ),
 ( #1027, #1568 ),
 ( #6425, #5029 ),
 ( #467, #1494 ),
 ( #2521, #41 ),
 ( #2061, #3067 ),
 ( #5008, #5545 ),
 ( #3949, #1982 ),
 ( #2494, #5950 ),
 ( #1002, #4472 ),
 ( #1517, #4978 ),
 ( #2009, #5483 ),
 ( #3573, #4564 ) ),
 .UNSPECIFIED., .F., .F., .F.,
 ( 4, 1, 1, 1, 1, 1, 1, 1, 1, 1, 1, 1, 1, 1, 1, 1, 1, 1, 1, 1, 1, 1, 1, 1, 4 ),
 ( 2, 2 ),
 ( 0.0000000000000000000, 0.03544538949616664300, 0.07045358250693638200, 0.1052529733592782600, 0.1396202873796458500, 0.1738994628159915000, 0.2080902724615232300, 0.2428936145722301600, 0.2783596885194946600, 0.3139792261873727800, 0.3494142689302005600, 0.3849565127543644900, 0.4207877487729609900, 0.4571837906976040100, 0.4942227344797053300, 0.5321603524835137900, 0.5711760767242247700, 0.6122833097223355800, 0.6564521756913080900, 0.7042686074447028800, 0.7558871094232351200, 0.8110927434095507300, 0.8700305538182689900, 0.9330805262405607000, 0.9999999999999998900 ),
 ( 0.0000000000000000000, 1.000000000000000000 ),
 .UNSPECIFIED. ) ;
#5196 = CARTESIAN_POINT ( 'NONE',  ( 0.1680925738198202300, 4.020623197417361200, 9.800000000000002500 ) ) ;
#5197 = EDGE_CURVE ( 'NONE', #2083, #4266, #4029, .T. ) ;
#5198 = CARTESIAN_POINT ( 'NONE',  ( -2.254327966281374000, 2.254327966281371800, -1.212500000000001700 ) ) ;
#5199 = CARTESIAN_POINT ( 'NONE',  ( -1.078567976066150200, 3.304776226086985100, 9.800000000000000700 ) ) ;
#5200 = CARTESIAN_POINT ( 'NONE',  ( -1.712904166305994700, -4.135316469341312000, -6.525000000000001200 ) ) ;
#5201 = LINE ( 'NONE', #2551, #5507 ) ;
#5202 = ORIENTED_EDGE ( 'NONE', *, *, #6314, .T. ) ;
#5203 = CARTESIAN_POINT ( 'NONE',  ( -0.9665990766473657700, 4.078862949831616900, 9.649999999999996800 ) ) ;
#5204 = CARTESIAN_POINT ( 'NONE',  ( 3.196045344954554900, 2.747671166332913600, 9.649999999999998600 ) ) ;
#5205 = CARTESIAN_POINT ( 'NONE',  ( 4.898587196589409900E-016, -4.000000000000000000, -9.649999999999998600 ) ) ;
#5206 = VERTEX_POINT ( 'NONE', #3054 ) ;
#5207 = CARTESIAN_POINT ( 'NONE',  ( 3.188101183952076800, -2.509638160402991800E-015, -4.337499999999999500 ) ) ;
#5208 = ORIENTED_EDGE ( 'NONE', *, *, #3380, .T. ) ;
#5209 = CARTESIAN_POINT ( 'NONE',  ( -3.188101183952076800, 1.320554748610670800, -9.884375000000005700 ) ) ;
#5210 = ORIENTED_EDGE ( 'NONE', *, *, #1077, .T. ) ;
#5211 = DIRECTION ( 'NONE',  ( 0.0000000000000000000, 1.000000000000000000, 1.224646799147355200E-016 ) ) ;
#5212 = CARTESIAN_POINT ( 'NONE',  ( -0.2935466525015346700, 4.575897626340412700, 9.799999999999997200 ) ) ;
#5213 = ORIENTED_EDGE ( 'NONE', *, *, #4585, .F. ) ;
#5214 = CARTESIAN_POINT ( 'NONE',  ( -1.656854249492370400, -4.000000000000007100, -0.3531249999999981900 ) ) ;
#5215 = CARTESIAN_POINT ( 'NONE',  ( -0.02650692201040591100, 2.212326851413037000, 9.799999999999998900 ) ) ;
#5216 = CARTESIAN_POINT ( 'NONE',  ( 4.067658234670652500, -2.599453521039950000E-015, -4.923437499999999500 ) ) ;
#5217 = VERTEX_POINT ( 'NONE', #2120 ) ;
#5218 = CARTESIAN_POINT ( 'NONE',  ( -2.254327966281374000, 2.254327966281370900, 7.537499999999998800 ) ) ;
#5219 = CARTESIAN_POINT ( 'NONE',  ( 0.2516202348941568600, 3.484341000397290300, 9.649999999999995000 ) ) ;
#5220 = CARTESIAN_POINT ( 'NONE',  ( 3.188101183952076800, -2.528773266639668800E-015, -4.181250000000003000 ) ) ;
#5221 = CARTESIAN_POINT ( 'NONE',  ( 1.656854249492381500, 3.999999999999992500, 0.4281249999999956500 ) ) ;
#5222 = EDGE_CURVE ( 'NONE', #5206, #434, #5230, .T. ) ;
#5223 = CARTESIAN_POINT ( 'NONE',  ( 4.135316469341310300, 1.712904166305994500, -8.556250000000002100 ) ) ;
#5224 = PERSON_AND_ORGANIZATION ( #665, #4979 ) ;
#5225 = EDGE_LOOP ( 'NONE', ( #4664, #1845, #1165, #2649 ) ) ;
#5226 = CARTESIAN_POINT ( 'NONE',  ( 2.921613847535453600, 3.100274047152535000, 9.799999999999997200 ) ) ;
#5227 = CARTESIAN_POINT ( 'NONE',  ( -1.389071983464443200, 3.716938681468900300, 9.800000000000002500 ) ) ;
#5228 = CARTESIAN_POINT ( 'NONE',  ( 4.898587196589409900E-016, -4.000000000000000000, -9.649999999999998600 ) ) ;
#5229 = CARTESIAN_POINT ( 'NONE',  ( -2.254327966281374400, -2.254327966281375800, -6.056249999999999500 ) ) ;
#5230 = LINE ( 'NONE', #2621, #5459 ) ;
#5231 = CARTESIAN_POINT ( 'NONE',  ( 2.254327966281374000, -2.254327966281376200, -9.337500000000002100 ) ) ;
#5232 = CARTESIAN_POINT ( 'NONE',  ( -0.2278753291608550100, -3.383514360183631300, 4.350000000000003200 ) ) ;
#5233 = VECTOR ( 'NONE', #4874, 1000.000000000000000 ) ;
#5234 = CARTESIAN_POINT ( 'NONE',  ( 3.188101183952076800, -1.320554748610675900, -0.5093750000000028000 ) ) ;
#5235 = CARTESIAN_POINT ( 'NONE',  ( -0.1133981086984053700, 2.131382760193778900, 9.649999999999993200 ) ) ;
#5236 = CARTESIAN_POINT ( 'NONE',  ( 0.0000000000000000000, 4.067658234670650700, -0.8609374999999988000 ) ) ;
#5237 = CARTESIAN_POINT ( 'NONE',  ( -1.320554748610671700, 3.188101183952073200, 6.209374999999996100 ) ) ;
#5238 = CARTESIAN_POINT ( 'NONE',  ( -0.4795794380686526100, 4.618532699793729700, 9.800000000000000700 ) ) ;
#5239 = CARTESIAN_POINT ( 'NONE',  ( 0.0000000000000000000, 3.188101183952074500, -3.868750000000002600 ) ) ;
#5240 = CARTESIAN_POINT ( 'NONE',  ( 1.656854249492395700, -3.999999999999981800, -0.04062500000000180600 ) ) ;
#5241 = CARTESIAN_POINT ( 'NONE',  ( 4.135316469341310300, -2.769746763571345600E-015, -3.634375000000001200 ) ) ;
#5242 = ORIENTED_EDGE ( 'NONE', *, *, #5460, .F. ) ;
#5243 = CARTESIAN_POINT ( 'NONE',  ( 2.281591826864696900, 2.290697881281537300, 9.800000000000000700 ) ) ;
#5244 = CARTESIAN_POINT ( 'NONE',  ( -2.862463596771456700, 3.827813350280306400, 9.800000000000000700 ) ) ;
#5245 = CARTESIAN_POINT ( 'NONE',  ( 0.0000000000000000000, 3.999999999999994200, -3.399999999999998600 ) ) ;
#5246 = CARTESIAN_POINT ( 'NONE',  ( 2.254327966281374000, -2.254327966281376700, -6.993750000000000400 ) ) ;
#5247 = B_SPLINE_SURFACE_WITH_KNOTS ( 'NONE', 3, 1, ( 
 ( #4685, #619 ),
 ( #1155, #4188 ),
 ( #2199, #159 ),
 ( #5693, #1205 ),
 ( #1658, #3172 ),
 ( #1716, #4153 ),
 ( #687, #6140 ),
 ( #4663, #1695 ),
 ( #5669, #2701 ),
 ( #135, #4638 ),
 ( #6160, #2681 ) ),
 .UNSPECIFIED., .F., .F., .F.,
 ( 4, 1, 1, 1, 1, 1, 1, 1, 4 ),
 ( 2, 2 ),
 ( 0.0000000000000000000, 0.09742066817721463400, 0.2008855880393202500, 0.3111719701726500300, 0.4297979458253726200, 0.5577399263645873600, 0.6947152693641582800, 0.8421299102060549900, 1.000000000000000000 ),
 ( 0.0000000000000000000, 1.000000000000000000 ),
 .UNSPECIFIED. ) ;
#5248 = CARTESIAN_POINT ( 'NONE',  ( -1.320554748610672300, -3.188101183952078500, -7.071875000000003000 ) ) ;
#5249 = EDGE_CURVE ( 'NONE', #2940, #3478, #5832, .T. ) ;
#5250 =( BOUNDED_CURVE ( )  B_SPLINE_CURVE ( 2, ( #1759, #5240, #5177, #2768, #2269, #5258, #719, #5221, #5758 ),
 .UNSPECIFIED., .F., .T. ) 
 B_SPLINE_CURVE_WITH_KNOTS ( ( 3, 2, 2, 2, 3 ),
 ( 0.5312500000000001100, 0.5390625000000001100, 0.5468750000000000000, 0.5546875000000000000, 0.5625000000000000000 ),
 .UNSPECIFIED. ) 
 CURVE ( )  GEOMETRIC_REPRESENTATION_ITEM ( )  RATIONAL_B_SPLINE_CURVE ( ( 0.9999999999999988900, 0.9238795325112878500, 1.000000000000000000, 0.9238795325112867400, 1.000000000000000000, 0.9238795325112867400, 1.000000000000000000, 0.9238795325112867400, 1.000000000000000000 ) ) 
 REPRESENTATION_ITEM ( '' )  );
#5251 = CARTESIAN_POINT ( 'NONE',  ( 0.1849953573874702800, 2.638247567869771900, 9.649999999999991500 ) ) ;
#5252 = CARTESIAN_POINT ( 'NONE',  ( -2.876268721284919800, -2.876268721284921600, -1.642187499999999500 ) ) ;
#5253 = CARTESIAN_POINT ( 'NONE',  ( 2.254327966281374900, 2.254327966281371800, -5.431249999999999500 ) ) ;
#5254 = CARTESIAN_POINT ( 'NONE',  ( 0.2540543473167255500, 3.395762997765569700, 9.650000000000000400 ) ) ;
#5255 = CARTESIAN_POINT ( 'NONE',  ( -0.2935466525015346700, 4.575897626340412700, 9.649999999999993200 ) ) ;
#5256 = CARTESIAN_POINT ( 'NONE',  ( 2.254327966281374000, -2.254327966281377100, -3.087500000000002600 ) ) ;
#5257 = CARTESIAN_POINT ( 'NONE',  ( -2.506128108153727700, 4.533284064937333800, 9.799999999999998900 ) ) ;
#5258 = CARTESIAN_POINT ( 'NONE',  ( 3.999999999999995600, 1.656854249492377300, 0.2718749999999955400 ) ) ;
#5259 = ORIENTED_EDGE ( 'NONE', *, *, #5388, .F. ) ;
#5260 = CARTESIAN_POINT ( 'NONE',  ( 4.135316469341310300, -2.616665913677926200E-015, -4.884375000000001200 ) ) ;
#5261 = CARTESIAN_POINT ( 'NONE',  ( 3.999999999999995600, 1.656854249492378100, -5.978125000000003900 ) ) ;
#5262 = CARTESIAN_POINT ( 'NONE',  ( -0.7740450248791671500, 4.602010082465031200, 9.799999999999997200 ) ) ;
#5263 = CARTESIAN_POINT ( 'NONE',  ( 2.436015357267184100, 4.321442892753650800, 9.799999999999998900 ) ) ;
#5264 = CARTESIAN_POINT ( 'NONE',  ( -0.1326329364430388100, 2.693583360802367800, 9.649999999999998600 ) ) ;
#5265 = CARTESIAN_POINT ( 'NONE',  ( -2.254327966281374000, 2.254327966281371800, 1.131250000000000300 ) ) ;
#5266 = CYLINDRICAL_SURFACE ( 'NONE', #2676, 3.999999999999997300 ) ;
#5267 = B_SPLINE_SURFACE_WITH_KNOTS ( 'NONE', 3, 1, ( 
 ( #1132, #1632 ),
 ( #5612, #5102 ),
 ( #571, #1609 ),
 ( #132, #6075 ),
 ( #1058, #2656 ),
 ( #6112, #44 ),
 ( #1086, #4080 ),
 ( #3110, #3531 ),
 ( #70, #592 ),
 ( #109, #1594 ),
 ( #3598, #4034 ) ),
 .UNSPECIFIED., .F., .F., .F.,
 ( 4, 1, 1, 1, 1, 1, 1, 1, 4 ),
 ( 2, 2 ),
 ( 0.0000000000000000000, 0.1116703001015875600, 0.2320944808560188300, 0.3627434591045533000, 0.5025575097108857500, 0.6415251033312815400, 0.7710984952996686700, 0.8901617573732529800, 1.000000000000000000 ),
 ( 0.0000000000000000000, 1.000000000000000000 ),
 .UNSPECIFIED. ) ;
#5268 = LINE ( 'NONE', #5741, #2249 ) ;
#5269 = ORIENTED_EDGE ( 'NONE', *, *, #439, .T. ) ;
#5270 = CARTESIAN_POINT ( 'NONE',  ( 0.8188576115511579900, -3.181121491867318500, 4.350000000000002300 ) ) ;
#5271 = CARTESIAN_POINT ( 'NONE',  ( -2.876268721284919400, 2.876268721284917200, -0.7046874999999986900 ) ) ;
#5272 = CARTESIAN_POINT ( 'NONE',  ( -3.188101183952076800, -1.192995603719064300E-015, -8.712500000000000400 ) ) ;
#5273 = CARTESIAN_POINT ( 'NONE',  ( -0.1311588694561819400, 3.907362383833896200, 9.649999999999995000 ) ) ;
#5274 = ORIENTED_EDGE ( 'NONE', *, *, #2339, .F. ) ;
#5275 = CARTESIAN_POINT ( 'NONE',  ( 3.999999999999995600, -1.656854249492384100, 3.709375000000001900 ) ) ;
#5276 = CARTESIAN_POINT ( 'NONE',  ( -1.320554748610671700, 3.188101183952074500, -1.290625000000002100 ) ) ;
#5277 = CARTESIAN_POINT ( 'NONE',  ( 2.549188983786274700, 2.322606663556192200, 9.649999999999996800 ) ) ;
#5278 = DIRECTION ( 'NONE',  ( 0.0000000000000000000, 1.319585349029264000E-016, 1.000000000000000000 ) ) ;
#5279 = CARTESIAN_POINT ( 'NONE',  ( -1.712904166305994700, -4.135316469341312900, 0.9749999999999984200 ) ) ;
#5280 = ORIENTED_EDGE ( 'NONE', *, *, #2979, .F. ) ;
#5281 = CARTESIAN_POINT ( 'NONE',  ( -1.078567976066150200, 3.304776226086985100, 9.649999999999998600 ) ) ;
#5282 = CARTESIAN_POINT ( 'NONE',  ( -0.8335558486424815600, 4.586290519228866100, 9.800000000000000700 ) ) ;
#5283 = VERTEX_POINT ( 'NONE', #31 ) ;
#5284 = CARTESIAN_POINT ( 'NONE',  ( 2.922994523933851100, 3.197484559420318300, 9.650000000000002100 ) ) ;
#5285 = CARTESIAN_POINT ( 'NONE',  ( -0.07856797606614988900, 3.304776226086984200, 9.649999999999996800 ) ) ;
#5286 = CARTESIAN_POINT ( 'NONE',  ( -2.254327966281374000, 2.254327966281372200, -2.618749999999999500 ) ) ;
#5287 = EDGE_LOOP ( 'NONE', ( #4805, #6130 ) ) ;
#5288 = CARTESIAN_POINT ( 'NONE',  ( 1.951141637630228200, 2.085757595817844000, 9.650000000000000400 ) ) ;
#5289 = ORIENTED_EDGE ( 'NONE', *, *, #4424, .F. ) ;
#5290 = DATE_AND_TIME ( #6362, #2594 ) ;
#5291 = ORIENTED_EDGE ( 'NONE', *, *, #2746, .T. ) ;
#5292 = CARTESIAN_POINT ( 'NONE',  ( 1.684879207899185400, -4.067658234670656000, 1.092187500000001000 ) ) ;
#5293 = CARTESIAN_POINT ( 'NONE',  ( -3.188101183952076800, -1.320554748610673500, -4.884374999999999500 ) ) ;
#5294 = CARTESIAN_POINT ( 'NONE',  ( -0.2925418322620803000, 4.208268120588431100, 9.649999999999995000 ) ) ;
#5295 = VECTOR ( 'NONE', #162, 1000.000000000000100 ) ;
#5296 = CARTESIAN_POINT ( 'NONE',  ( 2.828427124746188100, 2.828427124746183600, 3.943750000000001900 ) ) ;
#5297 = CARTESIAN_POINT ( 'NONE',  ( 1.320554748610671000, -3.188101183952080300, 0.4281250000000013700 ) ) ;
#5298 = CARTESIAN_POINT ( 'NONE',  ( -0.9280471427328166300, 4.143317892753651100, 9.799999999999998900 ) ) ;
#5299 = CARTESIAN_POINT ( 'NONE',  ( 0.0000000000000000000, 3.999999999999994700, -7.149999999999998600 ) ) ;
#5300 = CARTESIAN_POINT ( 'NONE',  ( -5.064302077640169400E-016, -4.135316469341312000, -1.446875000000001900 ) ) ;
#5301 = CARTESIAN_POINT ( 'NONE',  ( -2.643203687115046400, 4.359804176162265700, 9.649999999999998600 ) ) ;
#5302 = FACE_OUTER_BOUND ( 'NONE', #4774, .T. ) ;
#5303 = CARTESIAN_POINT ( 'NONE',  ( -1.129281217819685800, 4.398297583691457300, 9.800000000000000700 ) ) ;
#5304 = CARTESIAN_POINT ( 'NONE',  ( -0.07856797606614988900, 3.304776226086984200, 9.799999999999998900 ) ) ;
#5305 = CARTESIAN_POINT ( 'NONE',  ( -0.1572192550671250900, 2.610674624756805300, 9.800000000000000700 ) ) ;
#5306 = CARTESIAN_POINT ( 'NONE',  ( -1.320554748610672300, -3.188101183952079000, -3.478124999999999000 ) ) ;
#5307 = CARTESIAN_POINT ( 'NONE',  ( 1.600736807536581300, 3.942372181543231300, 9.649999999999998600 ) ) ;
#5308 = EDGE_CURVE ( 'NONE', #2124, #5884, #6116, .T. ) ;
#5309 = CARTESIAN_POINT ( 'NONE',  ( -3.054819253910172200, 4.035173732414403200, 9.799999999999995400 ) ) ;
#5310 = EDGE_CURVE ( 'NONE', #61, #2083, #112, .T. ) ;
#5311 = CARTESIAN_POINT ( 'NONE',  ( -1.684879207899186100, 4.067658234670649800, 1.717187500000000100 ) ) ;
#5312 = CARTESIAN_POINT ( 'NONE',  ( 2.254327966281374000, -2.254327966281376700, -8.243749999999998600 ) ) ;
#5313 = CARTESIAN_POINT ( 'NONE',  ( 2.828427124746188100, 2.828427124746183600, 4.099999999999997900 ) ) ;
#5314 = CARTESIAN_POINT ( 'NONE',  ( -1.167300886856041300, 4.350582961660330200, 9.649999999999996800 ) ) ;
#5315 = DIRECTION ( 'NONE',  ( -0.0000000000000000000, -0.0000000000000000000, -1.000000000000000000 ) ) ;
#5316 = CARTESIAN_POINT ( 'NONE',  ( 3.188101183952076800, -2.509638160402991800E-015, -4.337499999999999500 ) ) ;
#5317 = CARTESIAN_POINT ( 'NONE',  ( -0.7302206289775887700, 4.297368302797865500, 9.800000000000000700 ) ) ;
#5318 = CARTESIAN_POINT ( 'NONE',  ( 0.0000000000000000000, 4.135316469341308500, -0.8218750000000014700 ) ) ;
#5319 = CARTESIAN_POINT ( 'NONE',  ( 1.320554748610673900, 3.188101183952073600, -1.446875000000002100 ) ) ;
#5320 = CARTESIAN_POINT ( 'NONE',  ( -3.993104247387535200E-016, -3.260617061317346200, -9.451882938682642200 ) ) ;
#5321 = DIRECTION ( 'NONE',  ( -0.0000000000000000000, -0.0000000000000000000, -1.000000000000000000 ) ) ;
#5322 = CARTESIAN_POINT ( 'NONE',  ( 2.753248877727783900, 4.207084146891351600, 9.649999999999998600 ) ) ;
#5323 = CARTESIAN_POINT ( 'NONE',  ( -0.07951717882208275700, 3.159216186900910600, 9.649999999999996800 ) ) ;
#5324 = CARTESIAN_POINT ( 'NONE',  ( -1.320554748610672300, -3.188101183952079000, -2.228124999999999000 ) ) ;
#5325 = CARTESIAN_POINT ( 'NONE',  ( 1.803858764756699300, 2.208469873775223700, 9.650000000000000400 ) ) ;
#5326 = CLOSED_SHELL ( 'NONE', ( #5601, #3064, #5571, #4016, #1999, #2610, #1104, #1931, #3121, #3091, #5534, #561, #448, #948, #5965, #4953, #5099, #5031, #1962, #6454, #5037, #2571, #102, #2576, #4504, #1590, #4022, #2074, #3945, #3532, #3566, #3430, #6072, #5493, #4463, #1483, #4572, #1563, #1099, #2943, #5458, #5415, #3012, #35, #566, #5452, #4567, #3569, #631, #2044, #2107, #2080, #6422, #4998, #5485, #594, #65, #3527, #4539, #518, #5005, #6003, #1018, #4091, #5935, #3017, #3594, #1023, #129, #4059, #2613, #1059, #3060, #5078, #484, #2496, #3086, #4921, #589, #6008, #1128, #1621, #5075, #2536, #5567, #1054 ) ) ;
#5327 = EDGE_CURVE ( 'NONE', #5884, #3722, #2819, .T. ) ;
#5328 = EDGE_CURVE ( 'NONE', #3792, #3725, #551, .T. ) ;
#5329 = CARTESIAN_POINT ( 'NONE',  ( -0.6013272792911856800, 4.621088185467664600, 9.799999999999998900 ) ) ;
#5330 = FACE_OUTER_BOUND ( 'NONE', #2577, .T. ) ;
#5331 = CARTESIAN_POINT ( 'NONE',  ( 1.320554748610671000, -3.188101183952079400, -5.821874999999999500 ) ) ;
#5332 = CARTESIAN_POINT ( 'NONE',  ( 0.1932939736607302000, 3.930827090123078600, 9.649999999999996800 ) ) ;
#5333 = CARTESIAN_POINT ( 'NONE',  ( -0.8905676305330009200, 4.567007727243947100, 9.649999999999998600 ) ) ;
#5334 = CARTESIAN_POINT ( 'NONE',  ( 2.026028461522685100, 3.402415489139715800, 9.650000000000000400 ) ) ;
#5335 = CARTESIAN_POINT ( 'NONE',  ( -0.7302206289775887700, 4.297368302797865500, 9.650000000000000400 ) ) ;
#5336 = CARTESIAN_POINT ( 'NONE',  ( 0.0000000000000000000, 4.135316469341308500, -3.321875000000002100 ) ) ;
#5337 = CIRCLE ( 'NONE', #468, 0.2357022603955155600 ) ;
#5338 = CARTESIAN_POINT ( 'NONE',  ( -3.188101183952076800, -2.283696659209677200E-015, 0.1937499999999977600 ) ) ;
#5339 = B_SPLINE_CURVE_WITH_KNOTS ( 'NONE', 3,
 ( #3447, #1484, #408, #1903, #5400, #942, #2416, #1951, #3898, #2926, #2434, #4899, #1455, #5332, #3266, #6278, #4765, #5802, #3801, #6240, #5254, #823, #3300 ),
 .UNSPECIFIED., .F., .F.,
 ( 4, 1, 1, 1, 1, 1, 1, 1, 1, 1, 1, 1, 1, 1, 1, 1, 1, 1, 1, 1, 4 ),
 ( 0.0000000000000000000, 0.05672433721815054600, 0.1114372357370107500, 0.1643678222229013100, 0.2164353724620899400, 0.2676414903219248600, 0.3173597799690279800, 0.3674730633322806400, 0.4182103970528081000, 0.4714042826470200000, 0.5279657201290495200, 0.5880611158232138500, 0.6521342629937146900, 0.6863448363353055200, 0.7232636803169650900, 0.7626102507715415400, 0.8047389366452178900, 0.8494303387909497600, 0.8967112583864922400, 0.9468896380534765900, 1.000000000000000000 ),
 .UNSPECIFIED. ) ;
#5340 = CARTESIAN_POINT ( 'NONE',  ( -4.336808689942017700E-016, 7.439813942204520500E-016, 4.548750000000001000 ) ) ;
#5341 = CARTESIAN_POINT ( 'NONE',  ( -0.2925418322620803000, 4.208268120588431100, 9.649999999999998600 ) ) ;
#5342 = CARTESIAN_POINT ( 'NONE',  ( 2.920327412421619400, 3.827146540056639800, 9.650000000000000400 ) ) ;
#5343 = CARTESIAN_POINT ( 'NONE',  ( 1.320554748610671000, -3.188101183952079900, -3.321874999999999000 ) ) ;
#5344 = CARTESIAN_POINT ( 'NONE',  ( 1.872677519280786100, 4.440008787870028500, 9.650000000000002100 ) ) ;
#5345 = ORIENTED_EDGE ( 'NONE', *, *, #863, .T. ) ;
#5346 = VERTEX_POINT ( 'NONE', #180 ) ;
#5347 = CARTESIAN_POINT ( 'NONE',  ( 3.188101183952076800, -2.222611566852830100E-015, -6.681250000000003000 ) ) ;
#5348 = ORIENTED_EDGE ( 'NONE', *, *, #4246, .T. ) ;
#5349 = CARTESIAN_POINT ( 'NONE',  ( -2.254327966281374000, 2.254327966281371800, -1.368749999999998400 ) ) ;
#5350 = ORIENTED_EDGE ( 'NONE', *, *, #5310, .T. ) ;
#5351 = CARTESIAN_POINT ( 'NONE',  ( 3.276785215778023700E-016, -7.505553499465134900, 8.997274632750532000 ) ) ;
#5352 = CARTESIAN_POINT ( 'NONE',  ( 3.229301389113649300, 3.790876170569850600, 9.650000000000000400 ) ) ;
#5353 = CARTESIAN_POINT ( 'NONE',  ( 1.727464574501605100, 2.314092258503500900, 9.650000000000002100 ) ) ;
#5354 = ORIENTED_EDGE ( 'NONE', *, *, #4192, .T. ) ;
#5355 = CARTESIAN_POINT ( 'NONE',  ( -2.924110317823652000, 2.924110317823649800, 0.5843749999999980900 ) ) ;
#5356 = AXIS2_PLACEMENT_3D ( 'NONE', #213, #5054, #4698 ) ;
#5357 = CARTESIAN_POINT ( 'NONE',  ( 0.2406154205605202400, 3.646528752642999000, 9.800000000000002500 ) ) ;
#5358 = ORIENTED_EDGE ( 'NONE', *, *, #2979, .T. ) ;
#5359 = CARTESIAN_POINT ( 'NONE',  ( 3.188101183952076800, 1.320554748610670300, -1.603125000000002600 ) ) ;
#5360 = CARTESIAN_POINT ( 'NONE',  ( 2.846888822734460900, 4.090071567491552400, 9.799999999999997200 ) ) ;
#5361 = CARTESIAN_POINT ( 'NONE',  ( 2.667710688685978500, 3.276841648268658900, 9.649999999999995000 ) ) ;
#5362 = CARTESIAN_POINT ( 'NONE',  ( 2.250740955257044500, 2.923395868681153000, 9.800000000000000700 ) ) ;
#5363 = CARTESIAN_POINT ( 'NONE',  ( 2.254327966281374000, -2.254327966281378000, 5.506250000000000500 ) ) ;
#5364 = COORDINATED_UNIVERSAL_TIME_OFFSET ( 6, 0, .BEHIND. ) ;
#5365 = CARTESIAN_POINT ( 'NONE',  ( 2.487918213008120500, 2.302845082464211500, 9.650000000000000400 ) ) ;
#5366 = EDGE_LOOP ( 'NONE', ( #151, #63, #1393, #4340 ) ) ;
#5367 = CARTESIAN_POINT ( 'NONE',  ( 2.071054388789915500, 4.563436278237513300, 9.650000000000000400 ) ) ;
#5368 = CARTESIAN_POINT ( 'NONE',  ( -3.904297910284797800E-016, -3.188101183952079000, -1.993750000000002600 ) ) ;
#5369 = VECTOR ( 'NONE', #1262, 1000.000000000000000 ) ;
#5370 = CARTESIAN_POINT ( 'NONE',  ( 3.188101183952076800, -2.509638160402991800E-015, -4.337499999999999500 ) ) ;
#5371 = CARTESIAN_POINT ( 'NONE',  ( 1.656854249492381500, 3.999999999999993300, 0.2718750000000018100 ) ) ;
#5372 = CARTESIAN_POINT ( 'NONE',  ( 3.248695264971073200, 3.595170273284357300, 9.650000000000002100 ) ) ;
#5373 = CARTESIAN_POINT ( 'NONE',  ( 0.0000000000000000000, -2.546799723626479500E-015, -9.649999999999998600 ) ) ;
#5374 = VECTOR ( 'NONE', #902, 1000.000000000000000 ) ;
#5375 = CARTESIAN_POINT ( 'NONE',  ( 0.0000000000000000000, 4.091537844202519000E-015, 4.548750000000001000 ) ) ;
#5376 = CARTESIAN_POINT ( 'NONE',  ( -2.946167132749070400, 3.777859337358345600, 9.650000000000000400 ) ) ;
#5377 = CARTESIAN_POINT ( 'NONE',  ( -2.924110317823652500, -2.924110317823655600, 5.896874999999999600 ) ) ;
#5378 = CARTESIAN_POINT ( 'NONE',  ( -0.5785679760661498500, 1.988109559420317800, 9.649999999999998600 ) ) ;
#5379 = CARTESIAN_POINT ( 'NONE',  ( 3.188101183952076800, -2.988015816319927100E-015, -0.4312500000000028000 ) ) ;
#5380 = B_SPLINE_CURVE_WITH_KNOTS ( 'NONE', 3,
 ( #1843, #332, #819, #5307, #3817, #4359, #2833, #5798, #2308, #839, #5344, #1809, #1889, #5367, #4319, #2392, #2816, #1360, #4819 ),
 .UNSPECIFIED., .F., .F.,
 ( 4, 1, 1, 1, 1, 1, 1, 1, 1, 1, 1, 1, 1, 1, 1, 1, 4 ),
 ( 0.0000000000000000000, 0.07197949808305312300, 0.1408043816190198700, 0.2069952920559588200, 0.2707438089998512300, 0.3332765670960939300, 0.3946547594567693100, 0.4562666098683771400, 0.5179076052598550200, 0.5794090866868772900, 0.6390959947991797800, 0.6979966394326226900, 0.7563270753121579300, 0.8150777118623459000, 0.8748887840387807900, 0.9363127620445506100, 1.000000000000000000 ),
 .UNSPECIFIED. ) ;
#5381 = CARTESIAN_POINT ( 'NONE',  ( 2.356848690600517500, 2.288109559420317600, 9.799999999999998900 ) ) ;
#5382 = CARTESIAN_POINT ( 'NONE',  ( -0.07948843112164462300, 3.447562682583899200, 9.649999999999998600 ) ) ;
#5383 = DIRECTION ( 'NONE',  ( -7.990911375427748800E-015, -4.621672786326856200E-013, 1.000000000000000000 ) ) ;
#5384 = CARTESIAN_POINT ( 'NONE',  ( 3.188101183952076800, -3.294177516106765800E-015, 2.068749999999997900 ) ) ;
#5385 = CARTESIAN_POINT ( 'NONE',  ( -3.904297910284797800E-016, -3.188101183952079900, 2.850000000000000100 ) ) ;
#5386 = CARTESIAN_POINT ( 'NONE',  ( -0.7741543517424751600, 2.335615223040362800, 9.650000000000000400 ) ) ;
#5387 = CARTESIAN_POINT ( 'NONE',  ( 2.921057126409028800, 3.786563599227958000, 9.650000000000000400 ) ) ;
#5388 = EDGE_CURVE ( 'NONE', #1003, #4336, #343, .T. ) ;
#5389 = CARTESIAN_POINT ( 'NONE',  ( 1.320554748610671000, -3.188101183952079400, -5.665625000000002100 ) ) ;
#5390 = CARTESIAN_POINT ( 'NONE',  ( 3.999999999999995600, 1.656854249492377300, -0.9781250000000039100 ) ) ;
#5391 = CARTESIAN_POINT ( 'NONE',  ( 3.188101183952076800, 1.320554748610670300, -1.759374999999998800 ) ) ;
#5392 = CARTESIAN_POINT ( 'NONE',  ( 2.075869933699410200, -2.432785998863340000, -9.508680856370288500 ) ) ;
#5393 = CARTESIAN_POINT ( 'NONE',  ( 1.921432023933850900, 3.740713726086984700, 9.799999999999998900 ) ) ;
#5394 = CARTESIAN_POINT ( 'NONE',  ( 1.277693346798741200, -3.738380669297143300, -8.770224719255990600 ) ) ;
#5395 = CARTESIAN_POINT ( 'NONE',  ( 0.0000000000000000000, 3.999999999999993300, 4.256249999999996100 ) ) ;
#5396 = CARTESIAN_POINT ( 'NONE',  ( 1.712904166305993600, -4.135316469341313800, 3.631249999999999200 ) ) ;
#5397 = DIRECTION ( 'NONE',  ( 0.0000000000000000000, 1.000000000000000000, 0.0000000000000000000 ) ) ;
#5398 = DIRECTION ( 'NONE',  ( 0.0000000000000000000, -0.0000000000000000000, 1.000000000000000000 ) ) ;
#5399 = CARTESIAN_POINT ( 'NONE',  ( 3.214077767863107400, 2.836701875427015000, 9.649999999999998600 ) ) ;
#5400 = CARTESIAN_POINT ( 'NONE',  ( -0.2935466525015346700, 4.575897626340412700, 9.649999999999996800 ) ) ;
#5401 = CARTESIAN_POINT ( 'NONE',  ( -2.254327966281374000, 2.254327966281371800, 1.287499999999997000 ) ) ;
#5402 = CARTESIAN_POINT ( 'NONE',  ( -1.320554748610671700, 3.188101183952073200, 6.053125000000000500 ) ) ;
#5403 = ORIENTED_EDGE ( 'NONE', *, *, #4303, .F. ) ;
#5404 = CARTESIAN_POINT ( 'NONE',  ( 2.667710688685978500, 3.276841648268658900, 9.799999999999997200 ) ) ;
#5405 = CARTESIAN_POINT ( 'NONE',  ( -1.141394998250334900, 2.218505062311363100, 9.799999999999998900 ) ) ;
#5406 = CARTESIAN_POINT ( 'NONE',  ( 2.746409064070910200, 3.064352772269154800, 9.800000000000002500 ) ) ;
#5407 = CARTESIAN_POINT ( 'NONE',  ( 2.254327966281374900, 2.254327966281371300, -2.775000000000002100 ) ) ;
#5408 = FACE_OUTER_BOUND ( 'NONE', #5613, .T. ) ;
#5409 = CARTESIAN_POINT ( 'NONE',  ( 3.999999999999995600, -1.656854249492382600, -4.884375000000003900 ) ) ;
#5410 = CARTESIAN_POINT ( 'NONE',  ( 1.320554748610671000, -3.188101183952080300, -0.8218749999999996900 ) ) ;
#5411 = CARTESIAN_POINT ( 'NONE',  ( 1.588098690600517200, 3.758422059420317900, 9.799999999999998900 ) ) ;
#5412 = CARTESIAN_POINT ( 'NONE',  ( -1.078567976066150200, 3.304776226086985100, 9.650000000000002100 ) ) ;
#5413 = LINE ( 'NONE', #4105, #1914 ) ;
#5414 = ORIENTED_EDGE ( 'NONE', *, *, #4072, .T. ) ;
#5415 = ADVANCED_FACE ( 'NONE', ( #3812, #4986 ), #1272, .T. ) ;
#5416 = CARTESIAN_POINT ( 'NONE',  ( -2.474797962907879800, 4.592926064553434000, 9.799999999999997200 ) ) ;
#5417 = CARTESIAN_POINT ( 'NONE',  ( 3.249999999999999600, 5.629165124598857900, 4.548750000000001800 ) ) ;
#5418 = CARTESIAN_POINT ( 'NONE',  ( 0.0000000000000000000, 4.135316469341307600, 5.428124999999998800 ) ) ;
#5419 = CARTESIAN_POINT ( 'NONE',  ( 0.08161290488245434600, 2.367720676379091200, 9.649999999999995000 ) ) ;
#5420 = CARTESIAN_POINT ( 'NONE',  ( 1.320554748610671000, -3.188101183952079900, -2.071874999999999000 ) ) ;
#5421 = CARTESIAN_POINT ( 'NONE',  ( -1.656854249492379000, 3.999999999999994200, -0.6656250000000035700 ) ) ;
#5422 = CARTESIAN_POINT ( 'NONE',  ( -1.684879207899186500, -4.067658234670655100, 3.435937499999999600 ) ) ;
#5423 = CARTESIAN_POINT ( 'NONE',  ( -0.1572192550671250900, 2.610674624756805300, 9.650000000000000400 ) ) ;
#5424 = VERTEX_POINT ( 'NONE', #3695 ) ;
#5425 = CARTESIAN_POINT ( 'NONE',  ( 1.441887656530106200, -2.843404499022742700, 4.350000000000003200 ) ) ;
#5426 = CARTESIAN_POINT ( 'NONE',  ( -1.320554748610671700, 3.188101183952073600, 3.553125000000000100 ) ) ;
#5427 = EDGE_LOOP ( 'NONE', ( #1478, #2310, #5667, #5073 ) ) ;
#5428 = EDGE_CURVE ( 'NONE', #4051, #1400, #1733, .T. ) ;
#5429 = CARTESIAN_POINT ( 'NONE',  ( 2.624298914034698600, 3.256561662931544800, 9.800000000000000700 ) ) ;
#5430 = CARTESIAN_POINT ( 'NONE',  ( -2.828427124746187600, -2.828427124746189800, 3.318750000000002800 ) ) ;
#5431 = CARTESIAN_POINT ( 'NONE',  ( 2.828427124746188100, 2.828427124746185400, -6.056249999999999500 ) ) ;
#5432 = ORIENTED_EDGE ( 'NONE', *, *, #5006, .F. ) ;
#5433 = CARTESIAN_POINT ( 'NONE',  ( 3.188101183952076800, 1.320554748610670800, -4.103125000000003000 ) ) ;
#5434 = ORIENTED_EDGE ( 'NONE', *, *, #4761, .T. ) ;
#5435 = CARTESIAN_POINT ( 'NONE',  ( 2.933831729066450800, 4.411379923770641500, 9.799999999999998900 ) ) ;
#5436 = ORIENTED_EDGE ( 'NONE', *, *, #181, .T. ) ;
#5437 = CARTESIAN_POINT ( 'NONE',  ( 2.302011599801915500, 4.619411081190119000, 9.800000000000000700 ) ) ;
#5438 = CARTESIAN_POINT ( 'NONE',  ( 3.188101183952076800, -1.320554748610676600, 4.334375000000002300 ) ) ;
#5439 = COORDINATED_UNIVERSAL_TIME_OFFSET ( 6, 0, .BEHIND. ) ;
#5440 = ORIENTED_EDGE ( 'NONE', *, *, #6000, .T. ) ;
#5441 = CARTESIAN_POINT ( 'NONE',  ( 0.5181406990178868400, -3.891312877917704400, -8.795397649961923700 ) ) ;
#5442 = CARTESIAN_POINT ( 'NONE',  ( 3.149726221910802000, 4.098781547630287600, 9.800000000000000700 ) ) ;
#5443 = CARTESIAN_POINT ( 'NONE',  ( -1.077998439507409400, 3.353740012581352100, 9.800000000000002500 ) ) ;
#5444 = CARTESIAN_POINT ( 'NONE',  ( 0.0000000000000000000, 4.135316469341307600, 2.928124999999998300 ) ) ;
#5445 =( BOUNDED_CURVE ( )  B_SPLINE_CURVE ( 2, ( #2634, #1635, #6095, #4127, #3687, #2659, #6115, #3136, #3639 ),
 .UNSPECIFIED., .F., .T. ) 
 B_SPLINE_CURVE_WITH_KNOTS ( ( 3, 2, 2, 2, 3 ),
 ( 0.1562500000000000000, 0.1640625000000000000, 0.1718750000000000000, 0.1796875000000000000, 0.1875000000000000000 ),
 .UNSPECIFIED. ) 
 CURVE ( )  GEOMETRIC_REPRESENTATION_ITEM ( )  RATIONAL_B_SPLINE_CURVE ( ( 1.000000000000000000, 0.9238795325112867400, 1.000000000000000000, 0.9238795325112867400, 1.000000000000000000, 0.9238795325112867400, 1.000000000000000000, 0.9238795325112867400, 1.000000000000000000 ) ) 
 REPRESENTATION_ITEM ( '' )  );
#5446 = CARTESIAN_POINT ( 'NONE',  ( 0.2497842996442470900, 3.088874144462509200, 9.649999999999998600 ) ) ;
#5447 = CARTESIAN_POINT ( 'NONE',  ( 3.188101183952076800, -1.320554748610675500, -4.415624999999999500 ) ) ;
#5448 = CARTESIAN_POINT ( 'NONE',  ( 2.671236028357896400, 3.014143596557453500, 9.649999999999996800 ) ) ;
#5449 = CARTESIAN_POINT ( 'NONE',  ( 2.931578789169381400, 2.226082014119179500, 9.649999999999995000 ) ) ;
#5450 = FACE_OUTER_BOUND ( 'NONE', #1473, .T. ) ;
#5451 = CARTESIAN_POINT ( 'NONE',  ( 2.913419032851023400, 3.645743856229949100, 9.800000000000000700 ) ) ;
#5452 = ADVANCED_FACE ( 'NONE', ( #5302 ), #5189, .T. ) ;
#5453 = CARTESIAN_POINT ( 'NONE',  ( -2.828427124746187600, -2.828427124746188500, -7.931249999999999500 ) ) ;
#5454 = CARTESIAN_POINT ( 'NONE',  ( -3.904297910284797800E-016, -3.188101183952079400, 1.600000000000000800 ) ) ;
#5455 = CARTESIAN_POINT ( 'NONE',  ( 2.831915380236854000, 2.653492493992838200, 9.649999999999996800 ) ) ;
#5456 = CARTESIAN_POINT ( 'NONE',  ( -1.044571530897580500, 2.128334886408231400, 9.649999999999996800 ) ) ;
#5457 = EDGE_CURVE ( 'NONE', #356, #3485, #83, .T. ) ;
#5458 = ADVANCED_FACE ( 'NONE', ( #4354 ), #5152, .T. ) ;
#5459 = VECTOR ( 'NONE', #4106, 1000.000000000000000 ) ;
#5460 = EDGE_CURVE ( 'NONE', #3776, #2336, #3973, .T. ) ;
#5461 = CARTESIAN_POINT ( 'NONE',  ( 0.0000000000000000000, 3.188101183952074500, -2.618750000000003000 ) ) ;
#5462 = CARTESIAN_POINT ( 'NONE',  ( 3.055398381803763100, 4.271423559299131000, 9.649999999999996800 ) ) ;
#5463 = CARTESIAN_POINT ( 'NONE',  ( 6.500000000000001800, -3.752776749732569300, 4.548750000000001000 ) ) ;
#5464 = CARTESIAN_POINT ( 'NONE',  ( 1.320554748610673900, 3.188101183952072800, 4.646875000000002300 ) ) ;
#5465 = CARTESIAN_POINT ( 'NONE',  ( -3.188101183952076800, 1.320554748610670300, -8.790625000000000400 ) ) ;
#5466 = CARTESIAN_POINT ( 'NONE',  ( -1.078237002572867400, 3.254768769302756500, 9.650000000000002100 ) ) ;
#5467 = CARTESIAN_POINT ( 'NONE',  ( 0.0000000000000000000, 3.999999999999995600, -9.649999999999998600 ) ) ;
#5468 = CARTESIAN_POINT ( 'NONE',  ( -0.9715054488827870000, 2.539800548249315800, 9.799999999999998900 ) ) ;
#5469 = CARTESIAN_POINT ( 'NONE',  ( -1.078567976066150200, 3.304776226086985100, 9.649999999999998600 ) ) ;
#5470 = CARTESIAN_POINT ( 'NONE',  ( 4.135316469341310300, -3.535151013038442600E-015, 2.615624999999998300 ) ) ;
#5471 = CARTESIAN_POINT ( 'NONE',  ( 0.0000000000000000000, 3.999999999999994200, -0.7437500000000036900 ) ) ;
#5472 = CARTESIAN_POINT ( 'NONE',  ( -0.2116504854246321300, 2.067867589368456800, 9.649999999999995000 ) ) ;
#5473 = CARTESIAN_POINT ( 'NONE',  ( 3.188101183952076800, -1.320554748610675900, -0.6656249999999995800 ) ) ;
#5474 = CARTESIAN_POINT ( 'NONE',  ( 2.254327966281374900, 2.254327966281372200, -9.025000000000002100 ) ) ;
#5475 = CARTESIAN_POINT ( 'NONE',  ( 2.778806359535021600, 2.104753054639364700, 9.800000000000002500 ) ) ;
#5476 = CARTESIAN_POINT ( 'NONE',  ( -0.4769520990027117900, 2.298752005315744200, 9.650000000000000400 ) ) ;
#5477 = CARTESIAN_POINT ( 'NONE',  ( -3.188101183952076800, -3.336127502226935900E-015, 8.787499999999999600 ) ) ;
#5478 = DIRECTION ( 'NONE',  ( 0.0000000000000000000, 1.000000000000000000, 0.0000000000000000000 ) ) ;
#5479 = CARTESIAN_POINT ( 'NONE',  ( -0.9793341393311565400, 2.084689530545109600, 9.799999999999997200 ) ) ;
#5480 = CARTESIAN_POINT ( 'NONE',  ( 1.656854249492386800, -3.999999999999988000, -6.446874999999996800 ) ) ;
#5481 = AXIS2_PLACEMENT_3D ( 'NONE', #5972, #463, #3971 ) ;
#5482 = CARTESIAN_POINT ( 'NONE',  ( -1.320554748610671700, 3.188101183952074100, -0.04062500000000246500 ) ) ;
#5483 = CARTESIAN_POINT ( 'NONE',  ( 3.254531666590949200, 3.412421829448452700, 9.649999999999996800 ) ) ;
#5484 = B_SPLINE_CURVE_WITH_KNOTS ( 'NONE', 3,
 ( #2575, #5062, #2087, #2599, #6050, #3577, #1111, #4571, #5588, #6136, #1177, #4659, #3170, #175, #157, #3153, #5647, #3661, #684, #1676, #4165, #2679, #3636, #1203, #661, #4635, #2173, #4151 ),
 .UNSPECIFIED., .F., .F.,
 ( 4, 2, 2, 2, 2, 2, 2, 2, 2, 2, 2, 2, 2, 4 ),
 ( 0.001617767516369549500, 0.002148485638293120900, 0.002679203760216692300, 0.003740640004063834700, 0.004271358125987405700, 0.004802076247910977100, 0.005332794369834548500, 0.005863512491758119900, 0.006924948735605263500, 0.007455666857528834900, 0.007986384979452407200, 0.008517103101375978600, 0.009047821223299550000, 0.01010925746714669300 ),
 .UNSPECIFIED. ) ;
#5485 = ADVANCED_FACE ( 'NONE', ( #784 ), #585, .T. ) ;
#5486 = AXIS2_PLACEMENT_3D ( 'NONE', #2163, #1193, #5679 ) ;
#5487 = PLANE ( 'NONE',  #3797 ) ;
#5488 = ORIENTED_EDGE ( 'NONE', *, *, #6236, .F. ) ;
#5489 = CARTESIAN_POINT ( 'NONE',  ( -2.254327966281374400, -2.254327966281377100, 2.693750000000001900 ) ) ;
#5490 = CARTESIAN_POINT ( 'NONE',  ( 2.254327966281374900, 2.254327966281371800, -5.431249999999999500 ) ) ;
#5491 = APPROVAL ( #5562, 'UNSPECIFIED' ) ;
#5492 = CARTESIAN_POINT ( 'NONE',  ( 2.058320449671896300, 3.365176010619439900, 9.799999999999998900 ) ) ;
#5493 = ADVANCED_FACE ( 'NONE', ( #2963 ), #3944, .T. ) ;
#5494 = CARTESIAN_POINT ( 'NONE',  ( 1.975599284665767300, 3.010623519905364400, 9.799999999999997200 ) ) ;
#5495 = CARTESIAN_POINT ( 'NONE',  ( 1.656854249492395700, -3.999999999999980000, -5.196874999999996800 ) ) ;
#5496 = CARTESIAN_POINT ( 'NONE',  ( -1.341694925161053500, 3.972365910887182100, 9.799999999999998900 ) ) ;
#5497 = DIRECTION ( 'NONE',  ( -0.0000000000000000000, -0.0000000000000000000, -1.000000000000000000 ) ) ;
#5498 = CARTESIAN_POINT ( 'NONE',  ( -1.656854249492379000, 3.999999999999994200, -3.321874999999998600 ) ) ;
#5499 = VECTOR ( 'NONE', #2731, 1000.000000000000100 ) ;
#5500 = CARTESIAN_POINT ( 'NONE',  ( -1.159297142732816900, 2.238630392753651900, 9.800000000000000700 ) ) ;
#5501 = CARTESIAN_POINT ( 'NONE',  ( 1.320554748610671000, -3.188101183952079400, -8.165625000000002100 ) ) ;
#5502 = CARTESIAN_POINT ( 'NONE',  ( 1.618159806336106000, 4.028068851524906800, 9.650000000000000400 ) ) ;
#5503 = CARTESIAN_POINT ( 'NONE',  ( 3.055387428860153200, 2.387302936101515000, 9.799999999999998900 ) ) ;
#5504 = CARTESIAN_POINT ( 'NONE',  ( 1.939522870464301700, 3.580114041923105000, 9.800000000000000700 ) ) ;
#5505 = CARTESIAN_POINT ( 'NONE',  ( 1.600469841145840900, 3.580287793954897600, 9.799999999999997200 ) ) ;
#5506 = CARTESIAN_POINT ( 'NONE',  ( 0.1849953573874702800, 2.638247567869771900, 9.799999999999997200 ) ) ;
#5507 = VECTOR ( 'NONE', #3092, 1000.000000000000000 ) ;
#5508 = APPLICATION_PROTOCOL_DEFINITION ( 'international standard', 'config_control_design', 1994, #5971 ) ;
#5509 = CARTESIAN_POINT ( 'NONE',  ( 2.675691966976341700, 4.264008782100809500, 9.649999999999996800 ) ) ;
#5510 = CARTESIAN_POINT ( 'NONE',  ( 0.0000000000000000000, 3.999999999999994200, -5.899999999999998600 ) ) ;
#5511 = CARTESIAN_POINT ( 'NONE',  ( 3.188101183952076800, -1.320554748610676100, 0.7406249999999982000 ) ) ;
#5512 = CARTESIAN_POINT ( 'NONE',  ( -3.188101183952076800, 1.320554748610669500, 2.615624999999998800 ) ) ;
#5513 = CARTESIAN_POINT ( 'NONE',  ( -3.999999999999996400, 1.656854249492376800, -4.259375000000003900 ) ) ;
#5514 = VECTOR ( 'NONE', #5772, 1000.000000000000000 ) ;
#5515 = ORIENTED_EDGE ( 'NONE', *, *, #3778, .F. ) ;
#5516 = CARTESIAN_POINT ( 'NONE',  ( -3.188101183952076800, -1.320554748610674600, 3.865625000000001000 ) ) ;
#5517 = ORIENTED_EDGE ( 'NONE', *, *, #1230, .T. ) ;
#5518 = CARTESIAN_POINT ( 'NONE',  ( -2.254327966281374000, 2.254327966281372700, -6.368749999999999500 ) ) ;
#5519 = CARTESIAN_POINT ( 'NONE',  ( 0.0000000000000000000, -3.062499999999992900, -9.649999999999998600 ) ) ;
#5520 = CARTESIAN_POINT ( 'NONE',  ( 2.300726874270520000, 2.922100788418142700, 9.800000000000002500 ) ) ;
#5521 = ORIENTED_EDGE ( 'NONE', *, *, #4675, .T. ) ;
#5522 = DIRECTION ( 'NONE',  ( 0.0000000000000000000, 1.224646799147355200E-016, -1.000000000000000000 ) ) ;
#5523 = CARTESIAN_POINT ( 'NONE',  ( -0.9587817800245966900, -3.757205554321969600, -8.842609271083834000 ) ) ;
#5524 = CARTESIAN_POINT ( 'NONE',  ( 1.712904166305997200, 4.135316469341305800, 7.849999999999999600 ) ) ;
#5525 = CARTESIAN_POINT ( 'NONE',  ( -5.432909636593800300, -4.368861658294795400, 9.320531158726510100 ) ) ;
#5526 = CARTESIAN_POINT ( 'NONE',  ( -3.999999999999996400, -1.656854249492381200, 1.990625000000001900 ) ) ;
#5527 = CARTESIAN_POINT ( 'NONE',  ( 1.963604302870751700, 2.638016318881980700, 9.650000000000002100 ) ) ;
#5528 = ORIENTED_EDGE ( 'NONE', *, *, #996, .F. ) ;
#5529 = CARTESIAN_POINT ( 'NONE',  ( -2.254327966281374400, -2.254327966281377100, 2.693750000000001900 ) ) ;
#5530 = CARTESIAN_POINT ( 'NONE',  ( 3.188101183952076800, -1.320554748610675500, -5.509375000000004800 ) ) ;
#5531 = CARTESIAN_POINT ( 'NONE',  ( 0.0000000000000000000, 3.999999999999994200, -1.993750000000002800 ) ) ;
#5532 = CARTESIAN_POINT ( 'NONE',  ( -1.684879207899186100, 4.067658234670651600, -7.032812499999999500 ) ) ;
#5533 = DIRECTION ( 'NONE',  ( 0.0000000000000000000, 1.000000000000000000, 0.0000000000000000000 ) ) ;
#5534 = ADVANCED_FACE ( 'NONE', ( #6152 ), #636, .T. ) ;
#5535 = CARTESIAN_POINT ( 'NONE',  ( -1.656854249492373300, 4.000000000000000900, -8.321875000000000400 ) ) ;
#5536 = EDGE_LOOP ( 'NONE', ( #5348, #2916, #1934, #2490, #2570 ) ) ;
#5537 = CARTESIAN_POINT ( 'NONE',  ( 0.1385158724947706300, 2.494013944877604400, 9.799999999999997200 ) ) ;
#5538 = EDGE_CURVE ( 'NONE', #2158, #4051, #3552, .T. ) ;
#5539 = DATE_TIME_ROLE ( 'classification_date' ) ;
#5540 = ORIENTED_EDGE ( 'NONE', *, *, #4725, .F. ) ;
#5541 = CARTESIAN_POINT ( 'NONE',  ( 2.658849210360633800, 2.385466092316900400, 9.799999999999998900 ) ) ;
#5542 = DIRECTION ( 'NONE',  ( -0.0000000000000000000, -1.319585349029264000E-016, -1.000000000000000000 ) ) ;
#5543 = EDGE_CURVE ( 'NONE', #3032, #1776, #1868, .T. ) ;
#5544 = CARTESIAN_POINT ( 'NONE',  ( -3.188101183952076800, -1.320554748610674100, 0.2718749999999978100 ) ) ;
#5545 = CARTESIAN_POINT ( 'NONE',  ( 3.214235013987213600, 3.878300917165180600, 9.649999999999995000 ) ) ;
#5546 = B_SPLINE_CURVE_WITH_KNOTS ( 'NONE', 3,
 ( #690, #6163, #4704, #3642, #5711, #5695, #3226, #3620, #647, #2683, #4133, #6144, #5671, #2702, #4688, #1207, #1159, #198, #3210, #4621, #3174, #179, #5170, #711, #4190, #4888, #363 ),
 .UNSPECIFIED., .F., .F.,
 ( 4, 1, 1, 1, 1, 1, 1, 1, 1, 1, 1, 1, 1, 1, 1, 1, 1, 1, 1, 1, 1, 1, 1, 1, 4 ),
 ( 0.0000000000000000000, 0.06409817111754466400, 0.1249247566438692600, 0.1825298469098239600, 0.2369773737034824000, 0.2883857560776284000, 0.3368146729082942000, 0.3821049417933470900, 0.4250105505954586700, 0.4656105151231312900, 0.5048332838611574400, 0.5429663318585573600, 0.5798275252604454500, 0.6158436506278178700, 0.6510064406972582200, 0.6859485106054447100, 0.7207005925081737500, 0.7550986541583899500, 0.7891356214941142000, 0.8231669340031084700, 0.8573032729631053800, 0.8918342388677303900, 0.9270986857225229600, 0.9630720365791174400, 1.000000000000000000 ),
 .UNSPECIFIED. ) ;
#5547 = AXIS2_PLACEMENT_3D ( 'NONE', #1500, #3436, #1961 ) ;
#5548 = CARTESIAN_POINT ( 'NONE',  ( -2.254327966281374000, 2.254327966281371300, 3.631250000000001000 ) ) ;
#5549 = CARTESIAN_POINT ( 'NONE',  ( -1.320554748610672300, -3.188101183952078500, -7.228125000000001200 ) ) ;
#5550 = CARTESIAN_POINT ( 'NONE',  ( -0.9645779913750336400, 3.413833931905722300, -9.173427986290020500 ) ) ;
#5551 = CARTESIAN_POINT ( 'NONE',  ( -3.999999999999995600, -1.851280070160897600E-015, -2.931250000000003900 ) ) ;
#5552 = CARTESIAN_POINT ( 'NONE',  ( -2.933577521648441900, -2.412036353259147800, -8.922368076339658700 ) ) ;
#5553 = CARTESIAN_POINT ( 'NONE',  ( -2.245234642732816700, 4.621442892753650600, 9.799999999999998900 ) ) ;
#5554 = CARTESIAN_POINT ( 'NONE',  ( 3.999999999999995600, -1.656854249492383700, 1.365624999999996500 ) ) ;
#5555 = DIRECTION ( 'NONE',  ( 0.0000000000000000000, 0.0000000000000000000, -1.000000000000000000 ) ) ;
#5556 = CARTESIAN_POINT ( 'NONE',  ( 2.254327966281374900, 2.254327966281370900, 2.068750000000001000 ) ) ;
#5557 = CARTESIAN_POINT ( 'NONE',  ( 1.320554748610671000, -3.188101183952079400, -5.665625000000002100 ) ) ;
#5558 = CARTESIAN_POINT ( 'NONE',  ( 1.588098690600517200, 3.758422059420317900, 9.650000000000000400 ) ) ;
#5559 = CARTESIAN_POINT ( 'NONE',  ( 0.4783626998692077600, -3.300529362729336800, -9.385925384244393000 ) ) ;
#5560 = CARTESIAN_POINT ( 'NONE',  ( 1.320554748610671000, -3.188101183952081200, 4.334374999999997900 ) ) ;
#5561 = CARTESIAN_POINT ( 'NONE',  ( -6.500000000000002700, 1.278924705301396600, 9.521642168959219900 ) ) ;
#5562 = APPROVAL_STATUS ( 'not_yet_approved' ) ;
#5563 = DIRECTION ( 'NONE',  ( -0.0000000000000000000, -1.319585349029264000E-016, -1.000000000000000000 ) ) ;
#5564 = EDGE_CURVE ( 'NONE', #2158, #517, #4514, .T. ) ;
#5565 = CARTESIAN_POINT ( 'NONE',  ( 0.0000000000000000000, 3.188101183952073600, 2.381249999999997900 ) ) ;
#5566 = CARTESIAN_POINT ( 'NONE',  ( 2.254327966281374000, -2.254327966281376200, -9.493749999999998600 ) ) ;
#5567 = ADVANCED_FACE ( 'NONE', ( #5907 ), #1707, .T. ) ;
#5568 = CARTESIAN_POINT ( 'NONE',  ( -2.254327966281374400, -2.254327966281377500, 7.693750000000002300 ) ) ;
#5569 = CARTESIAN_POINT ( 'NONE',  ( 3.188101183952076800, -2.050395610722733800E-015, -8.087499999999998600 ) ) ;
#5570 = CARTESIAN_POINT ( 'NONE',  ( -0.5957891626181164300, 2.288752798779801100, 9.800000000000000700 ) ) ;
#5571 = ADVANCED_FACE ( 'NONE', ( #3591 ), #3202, .T. ) ;
#5572 = CARTESIAN_POINT ( 'NONE',  ( -3.676415779008300500, -0.6410482087319718800, -8.988440405658686000 ) ) ;
#5573 = CARTESIAN_POINT ( 'NONE',  ( 2.427682023933850800, 3.221442892753651600, 9.799999999999998900 ) ) ;
#5574 = CARTESIAN_POINT ( 'NONE',  ( 1.976750424885704200, 2.590964924046655700, 9.650000000000000400 ) ) ;
#5575 = CARTESIAN_POINT ( 'NONE',  ( 2.254327966281374000, -2.254327966281377500, 1.756250000000001000 ) ) ;
#5576 = CARTESIAN_POINT ( 'NONE',  ( -3.188101183952076800, 1.320554748610670300, -7.384375000000002100 ) ) ;
#5577 = CARTESIAN_POINT ( 'NONE',  ( 3.999999999999995600, -1.656854249492383000, -2.384375000000003500 ) ) ;
#5578 = CARTESIAN_POINT ( 'NONE',  ( 4.067658234670652500, -2.140210971359691600E-015, -8.673437499999998600 ) ) ;
#5579 = CARTESIAN_POINT ( 'NONE',  ( -3.188101183952076800, -2.436777509103096500E-015, 1.443749999999997200 ) ) ;
#5580 = CARTESIAN_POINT ( 'NONE',  ( -0.5785679760661498500, 1.988109559420317800, 9.799999999999998900 ) ) ;
#5581 = APPLICATION_PROTOCOL_DEFINITION ( 'international standard', 'config_control_design', 1994, #2078 ) ;
#5582 = CARTESIAN_POINT ( 'NONE',  ( -1.320554748610671700, 3.188101183952073200, 7.459374999999997900 ) ) ;
#5583 = ORIENTED_EDGE ( 'NONE', *, *, #2313, .T. ) ;
#5584 = CARTESIAN_POINT ( 'NONE',  ( -3.188101183952076800, -1.320554748610672600, -9.884375000000000400 ) ) ;
#5585 = CARTESIAN_POINT ( 'NONE',  ( 2.254327966281374900, 2.254327966281370000, 8.318749999999999600 ) ) ;
#5586 = CARTESIAN_POINT ( 'NONE',  ( 0.0000000000000000000, 4.067658234670649800, 4.139062500000000500 ) ) ;
#5587 = CC_DESIGN_PERSON_AND_ORGANIZATION_ASSIGNMENT ( #2123, #538, ( #5034 ) ) ;
#5588 = CARTESIAN_POINT ( 'NONE',  ( 0.6257780028581495500, 3.733930487192598200, 4.349999999999997000 ) ) ;
#5589 = VECTOR ( 'NONE', #5596, 1000.000000000000200 ) ;
#5590 = CARTESIAN_POINT ( 'NONE',  ( 1.669982626832031500, 2.437472285824601800, 9.799999999999998900 ) ) ;
#5591 = CARTESIAN_POINT ( 'NONE',  ( -1.203871493167704400, 4.299266095098021300, 9.650000000000005700 ) ) ;
#5592 = CARTESIAN_POINT ( 'NONE',  ( -4.135316469341311100, 1.712904166305991400, 8.162499999999999600 ) ) ;
#5593 = B_SPLINE_CURVE_WITH_KNOTS ( 'NONE', 3,
 ( #15, #1046, #3028, #5476, #4913, #3000, #3993, #1454, #1950, #4515, #3469, #5423, #1017, #3966, #5020, #458, #2054, #2455, #5922 ),
 .UNSPECIFIED., .F., .F.,
 ( 4, 1, 1, 1, 1, 1, 1, 1, 1, 1, 1, 1, 1, 1, 1, 1, 4 ),
 ( 0.0000000000000000000, 0.04078184587225976800, 0.08086958872158675500, 0.1202681657882672000, 0.1601868504553521100, 0.2004597376386390600, 0.2422651778979080000, 0.2864592615494684400, 0.3329520837492631100, 0.3844305340495299800, 0.4433891253601057200, 0.5116814722136832100, 0.5890200255490081200, 0.6762451906507718200, 0.7737051914728235700, 0.8815677677819828700, 0.9999999999999998900 ),
 .UNSPECIFIED. ) ;
#5594 = CARTESIAN_POINT ( 'NONE',  ( 1.801057391760360700, 3.150945632135560000, 9.650000000000000400 ) ) ;
#5595 = CARTESIAN_POINT ( 'NONE',  ( 6.500000000000001800, -2.516940434631998800, 9.321294194531077400 ) ) ;
#5596 = DIRECTION ( 'NONE',  ( 0.9950371902099890400, 0.09950371902099881800, 0.0000000000000000000 ) ) ;
#5597 = CARTESIAN_POINT ( 'NONE',  ( -2.254327966281374400, -2.254327966281375800, -5.900000000000002100 ) ) ;
#5598 = CARTESIAN_POINT ( 'NONE',  ( 1.684879207899185400, -4.067658234670654200, -8.907812499999998600 ) ) ;
#5599 = CARTESIAN_POINT ( 'NONE',  ( 0.0000000000000000000, 3.188101183952074100, -0.1187500000000025300 ) ) ;
#5600 = ORIENTED_EDGE ( 'NONE', *, *, #2077, .F. ) ;
#5601 = ADVANCED_FACE ( 'NONE', ( #2130 ), #158, .T. ) ;
#5602 = EDGE_CURVE ( 'NONE', #5022, #4947, #3662, .T. ) ;
#5603 = DIRECTION ( 'NONE',  ( -0.0000000000000000000, -0.0000000000000000000, -1.000000000000000000 ) ) ;
#5604 = CARTESIAN_POINT ( 'NONE',  ( -3.188101183952076800, -1.320554748610673200, -5.978125000000003000 ) ) ;
#5605 = CARTESIAN_POINT ( 'NONE',  ( 3.188101183952076800, -1.320554748610677000, 8.084375000000001400 ) ) ;
#5606 = ORIENTED_EDGE ( 'NONE', *, *, #4140, .F. ) ;
#5607 = CARTESIAN_POINT ( 'NONE',  ( 1.320554748610671000, -3.188101183952081600, 8.084374999999997900 ) ) ;
#5608 = ORIENTED_EDGE ( 'NONE', *, *, #1537, .T. ) ;
#5609 = ORIENTED_EDGE ( 'NONE', *, *, #654, .F. ) ;
#5610 = CARTESIAN_POINT ( 'NONE',  ( 0.0000000000000000000, 3.188101183952073200, 5.975000000000001400 ) ) ;
#5611 = CARTESIAN_POINT ( 'NONE',  ( -4.067658234670652500, 1.684879207899183400, 8.123437500000001400 ) ) ;
#5612 = CARTESIAN_POINT ( 'NONE',  ( -2.597761338891066500, 4.028974922374683100, 9.799999999999997200 ) ) ;
#5613 = EDGE_LOOP ( 'NONE', ( #223, #4655, #5976, #1461 ) ) ;
#5614 = CARTESIAN_POINT ( 'NONE',  ( 1.649050311063711400, 2.505988223119643500, 9.799999999999997200 ) ) ;
#5615 = DIRECTION ( 'NONE',  ( 0.0000000000000000000, 1.000000000000000000, 0.0000000000000000000 ) ) ;
#5616 = CARTESIAN_POINT ( 'NONE',  ( 0.0000000000000000000, 3.999999999999994200, -0.8999999999999975800 ) ) ;
#5617 = ORIENTED_EDGE ( 'NONE', *, *, #1424, .F. ) ;
#5618 = DIRECTION ( 'NONE',  ( 1.000000000000000000, 0.0000000000000000000, 0.0000000000000000000 ) ) ;
#5619 = CARTESIAN_POINT ( 'NONE',  ( -0.5785679760661498500, 2.288109559420317600, 9.799999999999998900 ) ) ;
#5620 = CARTESIAN_POINT ( 'NONE',  ( 3.307038703770509800, -0.08502570926263919300, -9.409028391909501500 ) ) ;
#5621 = CARTESIAN_POINT ( 'NONE',  ( 2.281591826864696900, 2.290697881281537300, 9.650000000000000400 ) ) ;
#5622 = CARTESIAN_POINT ( 'NONE',  ( 2.876268721284919400, -2.876268721284922100, -7.579687499999999500 ) ) ;
#5623 = COORDINATED_UNIVERSAL_TIME_OFFSET ( 6, 0, .BEHIND. ) ;
#5624 = ORIENTED_EDGE ( 'NONE', *, *, #3218, .T. ) ;
#5625 = CARTESIAN_POINT ( 'NONE',  ( 2.254327966281374000, -2.254327966281377500, 1.912499999999997400 ) ) ;
#5626 = CARTESIAN_POINT ( 'NONE',  ( -3.999999999999996400, -1.656854249492380600, -1.759374999999998400 ) ) ;
#5627 = CARTESIAN_POINT ( 'NONE',  ( -1.320554748610672300, -3.188101183952078500, -8.321875000000003900 ) ) ;
#5628 = CARTESIAN_POINT ( 'NONE',  ( -2.924110317823652000, 2.924110317823651200, -10.66562500000000200 ) ) ;
#5629 = CARTESIAN_POINT ( 'NONE',  ( -3.188101183952076800, -1.320554748610674600, 4.021874999999997900 ) ) ;
#5630 = CARTESIAN_POINT ( 'NONE',  ( 1.320554748610671000, -3.188101183952079000, -9.571874999999998600 ) ) ;
#5631 = FACE_OUTER_BOUND ( 'NONE', #6109, .T. ) ;
#5632 = CARTESIAN_POINT ( 'NONE',  ( -1.320554748610671700, 3.188101183952073200, 6.053125000000000500 ) ) ;
#5633 = CARTESIAN_POINT ( 'NONE',  ( -4.981444637114788700E-016, -4.067658234670656000, 8.514062499999999600 ) ) ;
#5634 = CARTESIAN_POINT ( 'NONE',  ( 0.0000000000000000000, 3.999999999999993300, 0.5062499999999957600 ) ) ;
#5635 = DIRECTION ( 'NONE',  ( -0.8660254037844388200, 0.4999999999999997200, 0.0000000000000000000 ) ) ;
#5636 = B_SPLINE_CURVE_WITH_KNOTS ( 'NONE', 3,
 ( #3235, #760, #4240, #1282, #1764, #5244, #2273, #2771, #5739, #6230, #780 ),
 .UNSPECIFIED., .F., .F.,
 ( 4, 1, 1, 1, 1, 1, 1, 1, 4 ),
 ( 0.0000000000000000000, 0.1116703001015875600, 0.2320944808560188300, 0.3627434591045533000, 0.5025575097108857500, 0.6415251033312815400, 0.7710984952996686700, 0.8901617573732529800, 1.000000000000000000 ),
 .UNSPECIFIED. ) ;
#5637 = CARTESIAN_POINT ( 'NONE',  ( 2.103167283196992100, 4.197892787430247600, 9.649999999999996800 ) ) ;
#5638 = DIRECTION ( 'NONE',  ( -0.0000000000000000000, 1.224646799147355200E-016, -1.000000000000000000 ) ) ;
#5639 = CARTESIAN_POINT ( 'NONE',  ( -2.876268721284919400, 2.876268721284918100, -4.454687499999999500 ) ) ;
#5640 = CARTESIAN_POINT ( 'NONE',  ( -3.188101183952076800, -2.742939208889935100E-015, 3.943749999999997400 ) ) ;
#5641 = CARTESIAN_POINT ( 'NONE',  ( 3.188101183952076800, -1.320554748610675500, -6.759375000000004800 ) ) ;
#5642 = CARTESIAN_POINT ( 'NONE',  ( -3.188101183952076800, -1.320554748610675200, 7.615625000000002300 ) ) ;
#5643 = CARTESIAN_POINT ( 'NONE',  ( 2.903647642020152900, 3.942114783930764000, 9.650000000000000400 ) ) ;
#5644 = CARTESIAN_POINT ( 'NONE',  ( -3.188101183952076800, -2.896020058783354900E-015, 5.193749999999997000 ) ) ;
#5645 = CARTESIAN_POINT ( 'NONE',  ( -3.188101183952076800, -1.320554748610673000, -8.634375000000002100 ) ) ;
#5646 = CARTESIAN_POINT ( 'NONE',  ( -4.067658234670652500, -1.684879207899189200, 7.029687499999998800 ) ) ;
#5647 = CARTESIAN_POINT ( 'NONE',  ( 2.658574416247982500, 2.377790195655527400, 4.349999999999950800 ) ) ;
#5648 = CARTESIAN_POINT ( 'NONE',  ( 2.267206767388623100, 1.989362302531767300, 9.799999999999998900 ) ) ;
#5649 = CARTESIAN_POINT ( 'NONE',  ( 0.0000000000000000000, -2.546799723626479500E-015, -9.649999999999998600 ) ) ;
#5650 = CARTESIAN_POINT ( 'NONE',  ( 2.746409064070910200, 3.064352772269154800, 9.800000000000002500 ) ) ;
#5651 = CARTESIAN_POINT ( 'NONE',  ( 1.670627023894268400, 3.344851504275294200, 9.650000000000000400 ) ) ;
#5652 = CARTESIAN_POINT ( 'NONE',  ( 6.500000000000002700, 4.854865071137625000E-015, 4.548750000000001000 ) ) ;
#5653 = ORIENTED_EDGE ( 'NONE', *, *, #2006, .F. ) ;
#5654 = CARTESIAN_POINT ( 'NONE',  ( 1.871556275951014500, -2.580942902325622500, -9.524398816047913400 ) ) ;
#5655 = EDGE_CURVE ( 'NONE', #765, #4503, #5086, .T. ) ;
#5656 = CARTESIAN_POINT ( 'NONE',  ( 1.714613870479970000, 4.256622324088568600, 9.650000000000002100 ) ) ;
#5657 = CARTESIAN_POINT ( 'NONE',  ( 2.876268721284920300, 2.876268721284916700, -2.267187499999999000 ) ) ;
#5658 = CARTESIAN_POINT ( 'NONE',  ( 2.254327966281374000, -2.254327966281378400, 6.912499999999998800 ) ) ;
#5659 = CARTESIAN_POINT ( 'NONE',  ( -1.320554748610672300, -3.188101183952078500, -5.821875000000003900 ) ) ;
#5660 = LINE ( 'NONE', #1118, #5589 ) ;
#5661 = CARTESIAN_POINT ( 'NONE',  ( -2.924110317823652000, 2.924110317823651200, -9.415625000000002100 ) ) ;
#5662 = CARTESIAN_POINT ( 'NONE',  ( 3.999999999999995600, -1.656854249492383700, 2.615624999999996100 ) ) ;
#5663 = CARTESIAN_POINT ( 'NONE',  ( -3.904297910284797800E-016, -3.188101183952080300, 6.756249999999998800 ) ) ;
#5664 = CARTESIAN_POINT ( 'NONE',  ( 2.254327966281374000, -2.254327966281377100, -4.493749999999999500 ) ) ;
#5665 = CARTESIAN_POINT ( 'NONE',  ( 4.067658234670652500, -3.977181170080724400E-015, 6.326562500000000500 ) ) ;
#5666 = VECTOR ( 'NONE', #3694, 1000.000000000000000 ) ;
#5667 = ORIENTED_EDGE ( 'NONE', *, *, #2850, .T. ) ;
#5668 = CARTESIAN_POINT ( 'NONE',  ( 0.0000000000000000000, 3.999999999999993300, 2.850000000000002800 ) ) ;
#5669 = CARTESIAN_POINT ( 'NONE',  ( -1.409408961904445200, 3.132038297985552800, 9.799999999999997200 ) ) ;
#5670 = CARTESIAN_POINT ( 'NONE',  ( -2.459817976066150300, 4.621442892753650600, 9.649999999999998600 ) ) ;
#5671 = CARTESIAN_POINT ( 'NONE',  ( 3.055387428860153200, 2.387302936101515000, 9.799999999999998900 ) ) ;
#5672 = EDGE_LOOP ( 'NONE', ( #2024, #2103, #1258, #4125 ) ) ;
#5673 = CARTESIAN_POINT ( 'NONE',  ( 2.185848242293249900, 4.259497308217848200, 9.649999999999996800 ) ) ;
#5674 = CARTESIAN_POINT ( 'NONE',  ( 0.2544232331483318700, 3.266752701824849200, 9.649999999999993200 ) ) ;
#5675 = CARTESIAN_POINT ( 'NONE',  ( 2.876268721284920300, 2.876268721284917200, -4.767187499999999500 ) ) ;
#5676 = CARTESIAN_POINT ( 'NONE',  ( 3.188101183952076800, -3.753420065787024600E-015, 5.818749999999997900 ) ) ;
#5677 = EDGE_CURVE ( 'NONE', #1323, #6447, #1495, .T. ) ;
#5678 = ORIENTED_EDGE ( 'NONE', *, *, #1975, .T. ) ;
#5679 = DIRECTION ( 'NONE',  ( 0.0000000000000000000, 1.000000000000000000, 0.0000000000000000000 ) ) ;
#5680 = CARTESIAN_POINT ( 'NONE',  ( 2.254327966281374900, 2.254327966281371800, -7.775000000000002100 ) ) ;
#5681 = CARTESIAN_POINT ( 'NONE',  ( 3.999999999999994700, -1.656854249491949100, -8.634374999999982600 ) ) ;
#5682 = EDGE_CURVE ( 'NONE', #5884, #5217, #2138, .T. ) ;
#5683 = CARTESIAN_POINT ( 'NONE',  ( -2.924110317823652500, -2.924110317823654300, -4.103125000000002100 ) ) ;
#5684 = ORIENTED_EDGE ( 'NONE', *, *, #3319, .F. ) ;
#5685 = CARTESIAN_POINT ( 'NONE',  ( 2.787771479976350900, 4.171931065678875500, 9.799999999999998900 ) ) ;
#5686 = EDGE_LOOP ( 'NONE', ( #3720, #3038, #3702, #5269 ) ) ;
#5687 = CARTESIAN_POINT ( 'NONE',  ( -6.500000000000002700, 3.752776749732565700, 8.997274632750535500 ) ) ;
#5688 = CARTESIAN_POINT ( 'NONE',  ( -3.904297910284797800E-016, -3.188101183952078500, -7.149999999999999500 ) ) ;
#5689 = ORIENTED_EDGE ( 'NONE', *, *, #3757, .F. ) ;
#5690 = CARTESIAN_POINT ( 'NONE',  ( -1.320554748610671700, 3.188101183952075900, -10.04062500000000400 ) ) ;
#5691 = LINE ( 'NONE', #3373, #4677 ) ;
#5692 = CARTESIAN_POINT ( 'NONE',  ( -2.828427124746187200, 2.828427124746185400, -8.087500000000002100 ) ) ;
#5693 = CARTESIAN_POINT ( 'NONE',  ( -1.272123784977943700, 2.434156293486486000, 9.800000000000004300 ) ) ;
#5694 = CARTESIAN_POINT ( 'NONE',  ( -1.159297142732816900, 2.238630392753651900, 9.650000000000000400 ) ) ;
#5695 = CARTESIAN_POINT ( 'NONE',  ( 3.229249173901418400, 2.932075846940526400, 9.799999999999997200 ) ) ;
#5696 = CARTESIAN_POINT ( 'NONE',  ( 3.246092328412846700, 0.7899747719818699400, -9.376244542260183200 ) ) ;
#5697 = CARTESIAN_POINT ( 'NONE',  ( 2.025220071415393600, 2.470747192236839600, 9.649999999999995000 ) ) ;
#5698 = CARTESIAN_POINT ( 'NONE',  ( -2.876268721284919800, -2.876268721284921200, -6.642187499999999500 ) ) ;
#5699 = CARTESIAN_POINT ( 'NONE',  ( 3.188101183952076800, -1.320554748610677000, 8.240624999999997900 ) ) ;
#5700 = CARTESIAN_POINT ( 'NONE',  ( 0.1932939736607302000, 3.930827090123078600, 9.649999999999993200 ) ) ;
#5701 = CARTESIAN_POINT ( 'NONE',  ( -1.320554748610672300, -3.188101183952079400, -0.8218750000000031300 ) ) ;
#5702 = CARTESIAN_POINT ( 'NONE',  ( -1.076905241757988700, 3.447723621495014400, 9.799999999999998900 ) ) ;
#5703 = CARTESIAN_POINT ( 'NONE',  ( 1.712904166305993600, -4.135316469341312900, -6.368750000000003000 ) ) ;
#5704 = CARTESIAN_POINT ( 'NONE',  ( 2.856924073145326500, 2.731360858338189000, 9.800000000000000700 ) ) ;
#5705 = FACE_BOUND ( 'NONE', #4723, .T. ) ;
#5706 = CARTESIAN_POINT ( 'NONE',  ( 3.055387428860153200, 2.387302936101515000, 9.649999999999998600 ) ) ;
#5707 = CARTESIAN_POINT ( 'NONE',  ( -2.254327966281374400, -2.254327966281377500, 9.099999999999997900 ) ) ;
#5708 = CARTESIAN_POINT ( 'NONE',  ( -1.320554748610671700, 3.188101183952074500, -3.946874999999998600 ) ) ;
#5709 = CARTESIAN_POINT ( 'NONE',  ( -3.188101183952076800, 1.320554748610670300, -7.384375000000002100 ) ) ;
#5710 = CARTESIAN_POINT ( 'NONE',  ( 0.2540543473167255500, 3.395762997765569700, 9.800000000000000700 ) ) ;
#5711 = CARTESIAN_POINT ( 'NONE',  ( 3.240429032057939600, 3.033776408382729400, 9.799999999999997200 ) ) ;
#5712 = CARTESIAN_POINT ( 'NONE',  ( -4.898587196589407900E-016, -3.999999999999998200, 3.475000000000001400 ) ) ;
#5713 = CARTESIAN_POINT ( 'NONE',  ( -4.067658234670652500, -1.684879207899188100, -1.720312499999999500 ) ) ;
#5714 = CARTESIAN_POINT ( 'NONE',  ( 0.0000000000000000000, 3.188101183952073200, 8.631249999999996100 ) ) ;
#5715 = CARTESIAN_POINT ( 'NONE',  ( 0.2540543473167255500, 3.395762997765569700, 9.649999999999996800 ) ) ;
#5716 = CARTESIAN_POINT ( 'NONE',  ( -2.254327966281374400, -2.254327966281376700, -0.9000000000000032400 ) ) ;
#5717 = CARTESIAN_POINT ( 'NONE',  ( -4.898587196589407900E-016, -3.999999999999996400, -7.618750000000003900 ) ) ;
#5718 = CARTESIAN_POINT ( 'NONE',  ( 0.0000000000000000000, 4.135316469341308500, -4.571875000000001200 ) ) ;
#5719 = CARTESIAN_POINT ( 'NONE',  ( 0.0000000000000000000, -2.423088597154984500E-015, -8.712499999999987900 ) ) ;
#5720 = CARTESIAN_POINT ( 'NONE',  ( -0.7115770757828530100, 4.613573583781345600, 9.800000000000004300 ) ) ;
#5721 = CARTESIAN_POINT ( 'NONE',  ( 0.0000000000000000000, 3.999999999999994700, -9.649999999999998600 ) ) ;
#5722 = CARTESIAN_POINT ( 'NONE',  ( -1.320554748610671700, 3.188101183952075400, -6.446874999999999500 ) ) ;
#5723 = CARTESIAN_POINT ( 'NONE',  ( -3.188101183952076800, -1.320554748610672600, -9.728125000000002100 ) ) ;
#5724 = ORIENTED_EDGE ( 'NONE', *, *, #298, .F. ) ;
#5725 = CARTESIAN_POINT ( 'NONE',  ( 0.0000000000000000000, 3.999999999999994200, -2.149999999999998600 ) ) ;
#5726 = EDGE_CURVE ( 'NONE', #3574, #2158, #1263, .T. ) ;
#5727 = CARTESIAN_POINT ( 'NONE',  ( -0.1608643282376561500, 2.097165185455770700, 9.649999999999995000 ) ) ;
#5728 = CARTESIAN_POINT ( 'NONE',  ( -2.876268721284919400, 2.876268721284916700, 3.045312500000001000 ) ) ;
#5729 = LINE ( 'NONE', #1781, #1766 ) ;
#5730 = CARTESIAN_POINT ( 'NONE',  ( 3.188101183952076800, -1.320554748610675500, -5.665624999999999500 ) ) ;
#5731 = CARTESIAN_POINT ( 'NONE',  ( -0.1311899896147447600, 4.493494510354686600, 9.649999999999993200 ) ) ;
#5732 = AXIS2_PLACEMENT_3D ( 'NONE', #3984, #4005, #5955 ) ;
#5733 = CARTESIAN_POINT ( 'NONE',  ( 1.320554748610673900, 3.188101183952073600, -1.446875000000002400 ) ) ;
#5734 = CARTESIAN_POINT ( 'NONE',  ( -0.9404361345048731800, 4.122604748782730900, 9.799999999999998900 ) ) ;
#5735 = CARTESIAN_POINT ( 'NONE',  ( 0.0000000000000000000, 4.135316469341308500, -7.071875000000002100 ) ) ;
#5736 = LINE ( 'NONE', #1531, #515 ) ;
#5737 = ORIENTED_EDGE ( 'NONE', *, *, #3124, .T. ) ;
#5738 = CARTESIAN_POINT ( 'NONE',  ( 2.068554584715608200, 2.408484785729651600, 9.800000000000000700 ) ) ;
#5739 = CARTESIAN_POINT ( 'NONE',  ( -3.103779198587663000, 3.694915124783235200, 9.799999999999998900 ) ) ;
#5740 = CARTESIAN_POINT ( 'NONE',  ( -2.930723082349209500E-015, 7.505553499465135800, 4.548750000000001000 ) ) ;
#5741 = CARTESIAN_POINT ( 'NONE',  ( -2.578567976066149700, 2.021442892753651400, 9.799999999999998900 ) ) ;
#5742 = CARTESIAN_POINT ( 'NONE',  ( -3.904297910284797800E-016, -3.188101183952078500, -8.400000000000000400 ) ) ;
#5743 = ORIENTED_EDGE ( 'NONE', *, *, #6128, .F. ) ;
#5744 = CARTESIAN_POINT ( 'NONE',  ( 0.0000000000000000000, 3.188101183952075000, -7.618750000000002100 ) ) ;
#5745 = ORIENTED_EDGE ( 'NONE', *, *, #5004, .F. ) ;
#5746 = DIRECTION ( 'NONE',  ( 0.0000000000000000000, 1.224646799147355200E-016, -1.000000000000000000 ) ) ;
#5747 = ORIENTED_EDGE ( 'NONE', *, *, #1209, .T. ) ;
#5748 = CARTESIAN_POINT ( 'NONE',  ( -0.4448624368428830700, 1.995997755970403200, 9.799999999999998900 ) ) ;
#5749 = CARTESIAN_POINT ( 'NONE',  ( 1.684879207899189200, 4.067658234670649800, 0.3109375000000005300 ) ) ;
#5750 = ORIENTED_EDGE ( 'NONE', *, *, #1073, .F. ) ;
#5751 = CARTESIAN_POINT ( 'NONE',  ( 1.320554748610673900, 3.188101183952074100, -5.353124999999999500 ) ) ;
#5752 = CARTESIAN_POINT ( 'NONE',  ( -0.1116868506408957200, 3.811591032228789800, 9.649999999999993200 ) ) ;
#5753 = CARTESIAN_POINT ( 'NONE',  ( 2.267670245289185700, 3.240831330956742000, 9.649999999999995000 ) ) ;
#5754 = CARTESIAN_POINT ( 'NONE',  ( 0.1325787255564358200, 4.120938396479945500, 9.799999999999997200 ) ) ;
#5755 = ORIENTED_EDGE ( 'NONE', *, *, #732, .T. ) ;
#5756 = CARTESIAN_POINT ( 'NONE',  ( 0.0000000000000000000, 3.188101183952074500, -2.618750000000003000 ) ) ;
#5757 = CARTESIAN_POINT ( 'NONE',  ( 2.805478667010117300, 2.585058906136271900, 9.649999999999996800 ) ) ;
#5758 = CARTESIAN_POINT ( 'NONE',  ( 0.0000000000000000000, 3.999999999999993300, 0.5062499999999957600 ) ) ;
#5759 = CARTESIAN_POINT ( 'NONE',  ( 4.135316469341310300, -2.310504213891087200E-015, -7.384375000000002100 ) ) ;
#5760 = VERTEX_POINT ( 'NONE', #3522 ) ;
#5761 = DIRECTION ( 'NONE',  ( 0.0000000000000000000, 1.000000000000000000, 0.0000000000000000000 ) ) ;
#5762 = CARTESIAN_POINT ( 'NONE',  ( -1.319597655472716900, 4.047020498384757300, 9.800000000000000700 ) ) ;
#5763 = CARTESIAN_POINT ( 'NONE',  ( -0.07889407813510744500, 3.254768543703602500, 9.799999999999997200 ) ) ;
#5764 = CARTESIAN_POINT ( 'NONE',  ( -3.188101183952076800, -2.111480703079580900E-015, -1.212500000000000100 ) ) ;
#5765 = SHAPE_DEFINITION_REPRESENTATION ( #2674, #2697 ) ;
#5766 = EDGE_CURVE ( 'NONE', #880, #767, #5636, .T. ) ;
#5767 = CARTESIAN_POINT ( 'NONE',  ( 1.441887656530106200, -2.843404499022742700, 4.350000000000003200 ) ) ;
#5768 = CIRCLE ( 'NONE', #2168, 6.375000000000000900 ) ;
#5769 = CARTESIAN_POINT ( 'NONE',  ( 4.067658234670651600, 1.684879207899184800, 1.404687499999999900 ) ) ;
#5770 = CARTESIAN_POINT ( 'NONE',  ( -2.254327966281374400, -2.254327966281375800, -7.306249999999999500 ) ) ;
#5771 = CARTESIAN_POINT ( 'NONE',  ( -0.1829188428202917200, 4.060861333203833500, 9.800000000000000700 ) ) ;
#5772 = DIRECTION ( 'NONE',  ( -0.0000000000000000000, -0.0000000000000000000, -1.000000000000000000 ) ) ;
#5773 = CARTESIAN_POINT ( 'NONE',  ( -3.188101183952076800, 1.320554748610670100, -4.884375000000003000 ) ) ;
#5774 = CARTESIAN_POINT ( 'NONE',  ( -3.178567976066149800, 3.971442892753650700, 9.799999999999998900 ) ) ;
#5775 = CARTESIAN_POINT ( 'NONE',  ( -4.135316469341311100, -1.712904166305996300, -0.4312500000000011300 ) ) ;
#5776 = CARTESIAN_POINT ( 'NONE',  ( -1.043025625670299400, 3.816879725362446200, 9.649999999999996800 ) ) ;
#5777 = CARTESIAN_POINT ( 'NONE',  ( -1.410907719773831300, 3.413664660316769100, 9.799999999999995400 ) ) ;
#5778 = CARTESIAN_POINT ( 'NONE',  ( 2.846888822734460900, 4.090071567491552400, 9.649999999999996800 ) ) ;
#5779 = CARTESIAN_POINT ( 'NONE',  ( 3.188101183952076800, -1.320554748610675900, -1.915624999999998800 ) ) ;
#5780 = CARTESIAN_POINT ( 'NONE',  ( 2.315154400969748700, 1.988533283887820700, 9.649999999999998600 ) ) ;
#5781 = CARTESIAN_POINT ( 'NONE',  ( -3.136914933799042100, 3.992894292912448200, 9.799999999999998900 ) ) ;
#5782 = EDGE_CURVE ( 'NONE', #5141, #1001, #2636, .T. ) ;
#5783 = EDGE_CURVE ( 'NONE', #361, #1984, #1136, .T. ) ;
#5784 = CARTESIAN_POINT ( 'NONE',  ( -1.684879207899186100, 4.067658234670650700, -0.7828124999999988000 ) ) ;
#5785 = CARTESIAN_POINT ( 'NONE',  ( -3.188101183952076800, -1.320554748610673200, -6.134374999999999500 ) ) ;
#5786 = CARTESIAN_POINT ( 'NONE',  ( -0.2925418322620803000, 4.208268120588431100, 9.799999999999998900 ) ) ;
#5787 = CARTESIAN_POINT ( 'NONE',  ( 1.588574541610985500, 3.727831858516297700, 9.799999999999998900 ) ) ;
#5788 = CARTESIAN_POINT ( 'NONE',  ( -2.254327966281374400, -2.254327966281376700, 0.1937500000000012000 ) ) ;
#5789 = CARTESIAN_POINT ( 'NONE',  ( -2.938835810518957800, 4.108196136593686100, 9.800000000000000700 ) ) ;
#5790 = CARTESIAN_POINT ( 'NONE',  ( 0.0000000000000000000, 5.659242853461223200E-032, 9.649999999999998600 ) ) ;
#5791 = VERTEX_POINT ( 'NONE', #2415 ) ;
#5792 = CARTESIAN_POINT ( 'NONE',  ( 1.712904166305997200, 4.135316469341308500, -2.150000000000000800 ) ) ;
#5793 = CARTESIAN_POINT ( 'NONE',  ( 1.320554748610671000, -3.188101183952079900, -3.165625000000002600 ) ) ;
#5794 = CARTESIAN_POINT ( 'NONE',  ( 2.913934230419234600, 3.886356545809434200, 9.799999999999998900 ) ) ;
#5795 = CARTESIAN_POINT ( 'NONE',  ( -0.8905676305330009200, 4.567007727243947100, 9.799999999999998900 ) ) ;
#5796 = CARTESIAN_POINT ( 'NONE',  ( -0.08618060291762905100, 3.022631998244999600, 9.800000000000000700 ) ) ;
#5797 = CARTESIAN_POINT ( 'NONE',  ( -3.188101183952076800, 1.320554748610669700, -0.04062499999999899500 ) ) ;
#5798 = CARTESIAN_POINT ( 'NONE',  ( 1.714613870479970000, 4.256622324088568600, 9.650000000000000400 ) ) ;
#5799 = FACE_OUTER_BOUND ( 'NONE', #1932, .T. ) ;
#5800 = CARTESIAN_POINT ( 'NONE',  ( -0.5822138093994832000, 4.321442892753650800, 9.799999999999998900 ) ) ;
#5801 = CARTESIAN_POINT ( 'NONE',  ( -2.254327966281374000, 2.254327966281372700, -6.368749999999999500 ) ) ;
#5802 = CARTESIAN_POINT ( 'NONE',  ( 0.2406154205605202400, 3.646528752642999000, 9.650000000000002100 ) ) ;
#5803 = CARTESIAN_POINT ( 'NONE',  ( 1.921746904447271300, 3.721936344235073700, 9.799999999999998900 ) ) ;
#5804 = VECTOR ( 'NONE', #1015, 1000.000000000000000 ) ;
#5805 = ORIENTED_EDGE ( 'NONE', *, *, #5190, .T. ) ;
#5806 = CARTESIAN_POINT ( 'NONE',  ( 1.320554748610673900, 3.188101183952073600, -4.103124999999999500 ) ) ;
#5807 = DIRECTION ( 'NONE',  ( -0.0000000000000000000, -1.319585349029264000E-016, -1.000000000000000000 ) ) ;
#5808 = CARTESIAN_POINT ( 'NONE',  ( -0.8171432290494419200, 4.252167130625183600, 9.799999999999998900 ) ) ;
#5809 = CARTESIAN_POINT ( 'NONE',  ( 4.135316469341310300, -1.712904166305999000, 0.03749999999999933900 ) ) ;
#5810 = EDGE_LOOP ( 'NONE', ( #4120, #2645, #4244, #1175 ) ) ;
#5811 = AXIS2_PLACEMENT_3D ( 'NONE', #3960, #984, #96 ) ;
#5812 = CARTESIAN_POINT ( 'NONE',  ( -3.188101183952076800, -1.824454109529418800E-015, -3.556250000000003000 ) ) ;
#5813 = CARTESIAN_POINT ( 'NONE',  ( 2.453755454623159700, 4.321161175619425700, 9.799999999999998900 ) ) ;
#5814 = CARTESIAN_POINT ( 'NONE',  ( 2.479792279454824800, 3.222490623078721600, 9.649999999999996800 ) ) ;
#5815 = EDGE_LOOP ( 'NONE', ( #4408, #3834, #1791, #2956 ) ) ;
#5816 = CARTESIAN_POINT ( 'NONE',  ( 2.675691966976341700, 4.264008782100809500, 9.649999999999996800 ) ) ;
#5817 = DIRECTION ( 'NONE',  ( 0.0000000000000000000, 1.000000000000000000, 0.0000000000000000000 ) ) ;
#5818 = CARTESIAN_POINT ( 'NONE',  ( -3.188101183952076800, -1.320554748610673700, -2.384374999999999500 ) ) ;
#5819 = ORIENTED_EDGE ( 'NONE', *, *, #4223, .T. ) ;
#5820 = CARTESIAN_POINT ( 'NONE',  ( 1.649050311063711400, 2.505988223119643500, 9.649999999999996800 ) ) ;
#5821 = ORIENTED_EDGE ( 'NONE', *, *, #1771, .T. ) ;
#5822 = VERTEX_POINT ( 'NONE', #2387 ) ;
#5823 = CARTESIAN_POINT ( 'NONE',  ( -0.9438968169158026300, 4.541392957482208300, 9.650000000000003900 ) ) ;
#5824 = CARTESIAN_POINT ( 'NONE',  ( -1.320554748610671700, 3.188101183952074500, -1.446874999999998600 ) ) ;
#5825 = CARTESIAN_POINT ( 'NONE',  ( 1.656854249492381500, 3.999999999999992500, 4.178124999999997900 ) ) ;
#5826 = CARTESIAN_POINT ( 'NONE',  ( -0.8335558486424815600, 4.586290519228866100, 9.650000000000000400 ) ) ;
#5827 = CARTESIAN_POINT ( 'NONE',  ( 2.133009716160562800, 3.301947984407025400, 9.649999999999998600 ) ) ;
#5828 = CARTESIAN_POINT ( 'NONE',  ( -3.054819253910172200, 4.035173732414403200, 9.649999999999995000 ) ) ;
#5829 = CARTESIAN_POINT ( 'NONE',  ( -0.7752747722204494900, 4.278099343657215700, 9.799999999999998900 ) ) ;
#5830 = CARTESIAN_POINT ( 'NONE',  ( 0.0000000000000000000, 4.135316469341307600, 0.4281249999999979800 ) ) ;
#5831 = CARTESIAN_POINT ( 'NONE',  ( 0.0000000000000000000, 3.188101183952074500, -3.868750000000002600 ) ) ;
#5832 = B_SPLINE_CURVE_WITH_KNOTS ( 'NONE', 3,
 ( #3540, #1140, #4156, #199, #1208, #731, #5673, #1160, #5637, #6099, #3690, #3669, #2201, #4667, #1697, #712, #5108, #3707, #3157 ),
 .UNSPECIFIED., .F., .F.,
 ( 4, 1, 1, 1, 1, 1, 1, 1, 1, 1, 1, 1, 1, 1, 1, 1, 4 ),
 ( 0.0000000000000000000, 0.06294783337046601400, 0.1240073932421856400, 0.1828325785834111200, 0.2410049308077483500, 0.2991186928244090600, 0.3574142003728438300, 0.4169904790409262300, 0.4783897168137063400, 0.5401151457933960300, 0.6018986419815819400, 0.6640380584985061700, 0.7271991544788911600, 0.7916110866596690600, 0.8581991996602680300, 0.9275026400889442300, 1.000000000000000000 ),
 .UNSPECIFIED. ) ;
#5833 = CARTESIAN_POINT ( 'NONE',  ( 2.488527754953386400, 4.320608982888861000, 9.800000000000000700 ) ) ;
#5834 = CARTESIAN_POINT ( 'NONE',  ( -0.07856797606614988900, 3.304776226086985100, 9.650000000000000400 ) ) ;
#5835 = CARTESIAN_POINT ( 'NONE',  ( 2.922994523933851100, 3.197484559420318300, 9.799999999999998900 ) ) ;
#5836 = CARTESIAN_POINT ( 'NONE',  ( 1.320554748610673900, 3.188101183952073200, 1.053124999999996800 ) ) ;
#5837 = CARTESIAN_POINT ( 'NONE',  ( 1.320554748610671000, -3.188101183952080300, -0.8218749999999996900 ) ) ;
#5838 = CARTESIAN_POINT ( 'NONE',  ( 0.0000000000000000000, -3.062499999999992500, -9.649999999999998600 ) ) ;
#5839 = LINE ( 'NONE', #4813, #5080 ) ;
#5840 = EDGE_CURVE ( 'NONE', #4670, #4794, #5691, .T. ) ;
#5841 = CARTESIAN_POINT ( 'NONE',  ( -1.320554748610671700, 3.188101183952074500, -2.540625000000002600 ) ) ;
#5842 =( BOUNDED_CURVE ( )  B_SPLINE_CURVE ( 2, ( #2624, #2126, #1669, #2668, #1686, #5626, #2690, #168, #674 ),
 .UNSPECIFIED., .F., .F. ) 
 B_SPLINE_CURVE_WITH_KNOTS ( ( 3, 2, 2, 2, 3 ),
 ( 0.3750000000000000000, 0.3828125000000000000, 0.3906250000000000600, 0.3984375000000001100, 0.4062500000000001100 ),
 .UNSPECIFIED. ) 
 CURVE ( )  GEOMETRIC_REPRESENTATION_ITEM ( )  RATIONAL_B_SPLINE_CURVE ( ( 1.000000000000000000, 0.9238795325112867400, 1.000000000000000000, 0.9238795325112867400, 1.000000000000000000, 0.9238795325112867400, 1.000000000000000000, 0.9238795325112856300, 1.000000000000001100 ) ) 
 REPRESENTATION_ITEM ( '' )  );
#5843 = EDGE_CURVE ( 'NONE', #5791, #3410, #4347, .T. ) ;
#5844 = CARTESIAN_POINT ( 'NONE',  ( -0.6013272792911856800, 4.621088185467664600, 9.650000000000003900 ) ) ;
#5845 = CARTESIAN_POINT ( 'NONE',  ( 3.188101183952076800, -1.320554748610675500, -4.415624999999999500 ) ) ;
#5846 = CARTESIAN_POINT ( 'NONE',  ( 2.427682023933850800, 3.221442892753651600, 9.649999999999998600 ) ) ;
#5847 = CARTESIAN_POINT ( 'NONE',  ( -1.236785708287798400, 4.242906822650787100, 9.650000000000002100 ) ) ;
#5848 = CARTESIAN_POINT ( 'NONE',  ( 2.405299255244669700, 4.621031814931264100, 9.800000000000000700 ) ) ;
#5849 = CARTESIAN_POINT ( 'NONE',  ( 2.828427124746188100, 2.828427124746185400, -7.306249999999998600 ) ) ;
#5850 = CARTESIAN_POINT ( 'NONE',  ( -4.135316469341311100, 1.712904166305992300, -1.837500000000000600 ) ) ;
#5851 = CARTESIAN_POINT ( 'NONE',  ( 0.1680925738198202300, 4.020623197417361200, 9.649999999999998600 ) ) ;
#5852 = CARTESIAN_POINT ( 'NONE',  ( 1.320554748610671000, -3.188101183952079900, -4.415625000000003000 ) ) ;
#5853 = CARTESIAN_POINT ( 'NONE',  ( -1.159297142732816900, 2.238630392753651900, 9.650000000000000400 ) ) ;
#5854 = CARTESIAN_POINT ( 'NONE',  ( 2.815890179097976000, 3.403026844916640300, 9.799999999999998900 ) ) ;
#5855 = CARTESIAN_POINT ( 'NONE',  ( 2.921432023933851200, 3.765713726086984600, 9.649999999999996800 ) ) ;
#5856 = CARTESIAN_POINT ( 'NONE',  ( 2.107096535589623200, 2.952167445948971300, 9.799999999999998900 ) ) ;
#5857 = CARTESIAN_POINT ( 'NONE',  ( 3.188101183952076800, 1.320554748610669700, 5.740625000000000500 ) ) ;
#5858 = CARTESIAN_POINT ( 'NONE',  ( 2.913020251253424700, 3.004086874846649800, 9.649999999999996800 ) ) ;
#5859 = CARTESIAN_POINT ( 'NONE',  ( 2.130525184775832000, 2.011332460705462600, 9.649999999999996800 ) ) ;
#5860 = FACE_OUTER_BOUND ( 'NONE', #2742, .T. ) ;
#5861 = CARTESIAN_POINT ( 'NONE',  ( 1.320554748610671000, -3.188101183952079900, -1.915625000000002800 ) ) ;
#5862 = EDGE_CURVE ( 'NONE', #2876, #6447, #2511, .T. ) ;
#5863 = ORIENTED_EDGE ( 'NONE', *, *, #1324, .T. ) ;
#5864 = CARTESIAN_POINT ( 'NONE',  ( 1.320554748610673900, 3.188101183952073600, -4.103124999999999500 ) ) ;
#5865 = CARTESIAN_POINT ( 'NONE',  ( 3.254531666590949200, 3.412421829448452700, 9.649999999999998600 ) ) ;
#5866 = CARTESIAN_POINT ( 'NONE',  ( 2.067351926251890200, 2.030896981351955500, 9.649999999999995000 ) ) ;
#5867 = CARTESIAN_POINT ( 'NONE',  ( -2.830552789624150000, 4.187355428746085900, 9.799999999999997200 ) ) ;
#5868 = CARTESIAN_POINT ( 'NONE',  ( 3.254765357267184200, 3.374047059420318000, 9.799999999999998900 ) ) ;
#5869 = CARTESIAN_POINT ( 'NONE',  ( 4.135316469341310300, -1.712904166305999800, 3.787499999999999200 ) ) ;
#5870 = PLANE ( 'NONE',  #1030 ) ;
#5871 = FACE_OUTER_BOUND ( 'NONE', #5672, .T. ) ;
#5872 = CARTESIAN_POINT ( 'NONE',  ( 0.0000000000000000000, 3.188101183952074500, -1.368750000000001900 ) ) ;
#5873 = B_SPLINE_CURVE_WITH_KNOTS ( 'NONE', 3,
 ( #2790, #268, #1237, #1259, #4714, #2251, #6213, #254, #5738, #3738, #4239, #1280, #5243, #2770, #5381 ),
 .UNSPECIFIED., .F., .F.,
 ( 4, 1, 1, 1, 1, 1, 1, 1, 1, 1, 1, 1, 4 ),
 ( 0.0000000000000000000, 0.08287637556907100100, 0.1602070628437203300, 0.2334593866928965900, 0.3019209094411988100, 0.3668957383844861400, 0.4284103477595094200, 0.4875367863716136300, 0.5439060758922864600, 0.6534979848025898000, 0.7634383984641282000, 0.8776167558156635600, 1.000000000000000000 ),
 .UNSPECIFIED. ) ;
#5874 = CARTESIAN_POINT ( 'NONE',  ( -2.731762703917112000, 4.272634082983291400, 9.650000000000000400 ) ) ;
#5875 = CARTESIAN_POINT ( 'NONE',  ( 2.921432023933851200, 3.261026226086984900, 9.650000000000002100 ) ) ;
#5876 = CARTESIAN_POINT ( 'NONE',  ( 0.0000000000000000000, 3.188101183952074100, 1.131249999999996800 ) ) ;
#5877 = CARTESIAN_POINT ( 'NONE',  ( 3.188101183952076800, 1.320554748610669700, 3.240625000000000100 ) ) ;
#5878 = FACE_OUTER_BOUND ( 'NONE', #2334, .T. ) ;
#5879 = CARTESIAN_POINT ( 'NONE',  ( -0.6800808582305283300, 2.298905837580477000, 9.649999999999998600 ) ) ;
#5880 = CARTESIAN_POINT ( 'NONE',  ( -1.159297142732816900, 2.238630392753651900, 9.649999999999998600 ) ) ;
#5881 = VERTEX_POINT ( 'NONE', #1923 ) ;
#5882 = ORIENTED_EDGE ( 'NONE', *, *, #1741, .F. ) ;
#5883 = CARTESIAN_POINT ( 'NONE',  ( -3.188101183952076800, -1.320554748610673200, -5.978125000000003000 ) ) ;
#5884 = VERTEX_POINT ( 'NONE', #857 ) ;
#5885 = CARTESIAN_POINT ( 'NONE',  ( -0.5785679760661498500, 4.621442892753650600, 9.799999999999998900 ) ) ;
#5886 = CARTESIAN_POINT ( 'NONE',  ( -2.254327966281374400, -2.254327966281376700, -1.056249999999999900 ) ) ;
#5887 = ORIENTED_EDGE ( 'NONE', *, *, #4976, .T. ) ;
#5888 = DIRECTION ( 'NONE',  ( 0.0000000000000000000, 1.000000000000000000, 0.0000000000000000000 ) ) ;
#5889 = CARTESIAN_POINT ( 'NONE',  ( 2.267206767388623100, 1.989362302531767300, 9.799999999999998900 ) ) ;
#5890 = ORIENTED_EDGE ( 'NONE', *, *, #204, .T. ) ;
#5891 = CARTESIAN_POINT ( 'NONE',  ( 0.0000000000000000000, 3.999999999999993300, 4.100000000000002300 ) ) ;
#5892 = CARTESIAN_POINT ( 'NONE',  ( -4.135316469341310300, -2.751911872350537500E-015, 4.490624999999997900 ) ) ;
#5893 = CARTESIAN_POINT ( 'NONE',  ( -1.656854249492379000, 3.999999999999994200, -5.665625000000003900 ) ) ;
#5894 = VERTEX_POINT ( 'NONE', #328 ) ;
#5895 = CARTESIAN_POINT ( 'NONE',  ( 3.121378566529854100, 2.516749388817749900, 9.649999999999998600 ) ) ;
#5896 = CARTESIAN_POINT ( 'NONE',  ( 2.427682023933851200, 3.221442892753651600, 9.800000000000000700 ) ) ;
#5897 = CARTESIAN_POINT ( 'NONE',  ( 0.0000000000000000000, 6.500000000000005300, 4.548750000000001800 ) ) ;
#5898 = CARTESIAN_POINT ( 'NONE',  ( 2.326119523933850800, 2.921442892753651800, 9.799999999999998900 ) ) ;
#5899 = ORIENTED_EDGE ( 'NONE', *, *, #5328, .F. ) ;
#5900 = CARTESIAN_POINT ( 'NONE',  ( 3.188101183952076800, -1.320554748610676300, 1.834375000000000800 ) ) ;
#5901 = PERSON_AND_ORGANIZATION ( #665, #4979 ) ;
#5902 = CARTESIAN_POINT ( 'NONE',  ( 2.708450875117728100, 3.302247632677892700, 9.799999999999998900 ) ) ;
#5903 = ORIENTED_EDGE ( 'NONE', *, *, #2692, .T. ) ;
#5904 = CARTESIAN_POINT ( 'NONE',  ( 2.921432023933851200, 3.765713726086984600, 9.799999999999998900 ) ) ;
#5905 = CARTESIAN_POINT ( 'NONE',  ( 2.921432023933851200, 3.261026226086984900, 9.649999999999998600 ) ) ;
#5906 = CARTESIAN_POINT ( 'NONE',  ( -3.188101183952076800, -1.671373259635999400E-015, -4.806250000000002100 ) ) ;
#5907 = FACE_OUTER_BOUND ( 'NONE', #5686, .T. ) ;
#5908 = CARTESIAN_POINT ( 'NONE',  ( 3.999999999999995600, 1.656854249492378100, -4.728125000000003000 ) ) ;
#5909 = CARTESIAN_POINT ( 'NONE',  ( 3.188101183952076800, 1.320554748610670100, -0.5093749999999994700 ) ) ;
#5910 = CARTESIAN_POINT ( 'NONE',  ( 2.578507469235698400, 3.240894669502537400, 9.650000000000000400 ) ) ;
#5911 = CARTESIAN_POINT ( 'NONE',  ( -1.077603446098429000, 3.159043435827814800, 9.650000000000000400 ) ) ;
#5912 = CARTESIAN_POINT ( 'NONE',  ( 2.433763329813705100, -3.164994832262181000, -8.728315116940246200 ) ) ;
#5913 = LINE ( 'NONE', #832, #3346 ) ;
#5914 = CARTESIAN_POINT ( 'NONE',  ( 3.240473352461730600, 3.696452512238707700, 9.800000000000000700 ) ) ;
#5915 = CARTESIAN_POINT ( 'NONE',  ( -3.178567976066149800, 3.664151226086984600, 9.649999999999998600 ) ) ;
#5916 = CARTESIAN_POINT ( 'NONE',  ( -4.135316469341311100, 1.712904166305991600, 4.412499999999997900 ) ) ;
#5917 =( BOUNDED_CURVE ( )  B_SPLINE_CURVE ( 2, ( #994, #1977, #1955, #3451, #1439, #2981, #5430, #6448, #3884 ),
 .UNSPECIFIED., .F., .F. ) 
 B_SPLINE_CURVE_WITH_KNOTS ( ( 3, 2, 2, 2, 3 ),
 ( 0.6250000000000000000, 0.6328125000000000000, 0.6406250000000000000, 0.6484375000000001100, 0.6562500000000001100 ),
 .UNSPECIFIED. ) 
 CURVE ( )  GEOMETRIC_REPRESENTATION_ITEM ( )  RATIONAL_B_SPLINE_CURVE ( ( 1.000000000000000000, 0.9238795325112867400, 1.000000000000000000, 0.9238795325112867400, 1.000000000000000000, 0.9238795325112867400, 1.000000000000000000, 0.9238795325112856300, 1.000000000000001100 ) ) 
 REPRESENTATION_ITEM ( '' )  );
#5918 = CARTESIAN_POINT ( 'NONE',  ( 0.01196171794026807000, 2.260015673746188700, 9.649999999999995000 ) ) ;
#5919 = CARTESIAN_POINT ( 'NONE',  ( -3.188101183952076800, 1.320554748610669700, -2.540624999999999500 ) ) ;
#5920 = CARTESIAN_POINT ( 'NONE',  ( 2.921432023933851200, 3.261026226086984900, 9.649999999999998600 ) ) ;
#5921 = CARTESIAN_POINT ( 'NONE',  ( 3.017182993552835100, 2.329225510009890400, 9.799999999999998900 ) ) ;
#5922 = CARTESIAN_POINT ( 'NONE',  ( -0.07856797606614988900, 3.304776226086985100, 9.650000000000000400 ) ) ;
#5923 = CARTESIAN_POINT ( 'NONE',  ( 2.922459265267431500, 3.227523084270997400, 9.799999999999998900 ) ) ;
#5924 = CARTESIAN_POINT ( 'NONE',  ( -1.320554748610671700, 3.188101183952073600, 2.459374999999998300 ) ) ;
#5925 = CARTESIAN_POINT ( 'NONE',  ( -2.254327966281374000, 2.254327966281371300, 4.881250000000000500 ) ) ;
#5926 = CARTESIAN_POINT ( 'NONE',  ( 2.922533167083869900, 3.165001396981330700, 9.799999999999997200 ) ) ;
#5927 = CARTESIAN_POINT ( 'NONE',  ( -1.106020967035622000, 2.178738090931562300, 9.649999999999995000 ) ) ;
#5928 = CARTESIAN_POINT ( 'NONE',  ( 2.905362552662857500, 3.236623566632597100, 9.799999999999998900 ) ) ;
#5929 = CARTESIAN_POINT ( 'NONE',  ( -3.904297910284797800E-016, -3.188101183952079000, -3.243750000000002600 ) ) ;
#5930 = CARTESIAN_POINT ( 'NONE',  ( 2.732534774918395900, 4.546048044599263700, 9.649999999999995000 ) ) ;
#5931 = AXIS2_PLACEMENT_3D ( 'NONE', #5373, #6364, #3891 ) ;
#5932 = CARTESIAN_POINT ( 'NONE',  ( 1.814158609918517600, 4.384854030500344300, 9.800000000000000700 ) ) ;
#5933 = CARTESIAN_POINT ( 'NONE',  ( 3.188101183952076800, -1.320554748610676300, 1.834375000000000800 ) ) ;
#5934 = CARTESIAN_POINT ( 'NONE',  ( -0.1116868506408957200, 3.811591032228789800, 9.799999999999997200 ) ) ;
#5935 = ADVANCED_FACE ( 'NONE', ( #2278 ), #552, .T. ) ;
#5936 = CARTESIAN_POINT ( 'NONE',  ( 2.007215271734947800, 2.054980380889278800, 9.650000000000000400 ) ) ;
#5937 = CARTESIAN_POINT ( 'NONE',  ( 3.018802304560140200, 4.322349774308224600, 9.799999999999998900 ) ) ;
#5938 = CARTESIAN_POINT ( 'NONE',  ( -1.077998439507409400, 3.353740012581352100, 9.650000000000002100 ) ) ;
#5939 = CARTESIAN_POINT ( 'NONE',  ( -2.924110317823652000, 2.924110317823649400, 3.084374999999998800 ) ) ;
#5940 = CARTESIAN_POINT ( 'NONE',  ( -4.898587196589407900E-016, -3.999999999999997300, -2.618750000000003500 ) ) ;
#5941 = CARTESIAN_POINT ( 'NONE',  ( -3.188101183952076800, -1.320554748610673900, -1.134374999999999900 ) ) ;
#5942 = CARTESIAN_POINT ( 'NONE',  ( 2.832573902130056400, 2.140614940919598500, 9.649999999999996800 ) ) ;
#5943 = DIRECTION ( 'NONE',  ( 2.311253228826398700E-016, -1.000000000000000000, -1.224646799147355200E-016 ) ) ;
#5944 = CARTESIAN_POINT ( 'NONE',  ( -3.999999999999996400, 1.656854249492377500, -8.165624999999998600 ) ) ;
#5945 = CARTESIAN_POINT ( 'NONE',  ( -3.188101183952076800, -1.320554748610674600, 3.865625000000001000 ) ) ;
#5946 = EDGE_LOOP ( 'NONE', ( #4028, #3116 ) ) ;
#5947 = CARTESIAN_POINT ( 'NONE',  ( -0.8175928220254142800, 2.363725484758435700, 9.649999999999998600 ) ) ;
#5948 = CARTESIAN_POINT ( 'NONE',  ( 2.254327966281374000, -2.254327966281378000, 3.162499999999997000 ) ) ;
#5949 = CONICAL_SURFACE ( 'NONE', #2938, 6.375000000000000900, 1.047197551196600100 ) ;
#5950 = CARTESIAN_POINT ( 'NONE',  ( 3.240473352461730600, 3.696452512238707700, 9.649999999999998600 ) ) ;
#5951 = DIRECTION ( 'NONE',  ( -1.155626614413199100E-016, 1.000000000000000000, 1.224646799147355200E-016 ) ) ;
#5952 = CARTESIAN_POINT ( 'NONE',  ( -3.188101183952076800, -1.320554748610674300, 1.365625000000000500 ) ) ;
#5953 = CARTESIAN_POINT ( 'NONE',  ( -2.254327966281374400, -2.254327966281375800, -7.306249999999999500 ) ) ;
#5954 = VECTOR ( 'NONE', #2921, 1000.000000000000000 ) ;
#5955 = DIRECTION ( 'NONE',  ( 0.0000000000000000000, 0.0000000000000000000, -1.000000000000000000 ) ) ;
#5956 = CARTESIAN_POINT ( 'NONE',  ( -1.021734098392484500, 3.915955741257297200, 9.800000000000000700 ) ) ;
#5957 = CARTESIAN_POINT ( 'NONE',  ( 0.0000000000000000000, 4.135316469341307600, 1.678124999999999000 ) ) ;
#5958 = CARTESIAN_POINT ( 'NONE',  ( 0.0000000000000000000, 3.999999999999994700, -9.649999999999998600 ) ) ;
#5959 = DIRECTION ( 'NONE',  ( 1.000000000000000000, 0.0000000000000000000, 2.290716094502213600E-013 ) ) ;
#5960 = CARTESIAN_POINT ( 'NONE',  ( 3.188101183952076800, 1.320554748610670100, -0.5093749999999994700 ) ) ;
#5961 = CARTESIAN_POINT ( 'NONE',  ( 0.0000000000000000000, 3.999999999999994200, -0.7437500000000036900 ) ) ;
#5962 = CARTESIAN_POINT ( 'NONE',  ( 2.664383086402681000, 2.047187708906266700, 9.650000000000002100 ) ) ;
#5963 = CARTESIAN_POINT ( 'NONE',  ( 2.921099543770212300, 3.745032886422542200, 9.649999999999995000 ) ) ;
#5964 = ORIENTED_EDGE ( 'NONE', *, *, #2226, .F. ) ;
#5965 = ADVANCED_FACE ( 'NONE', ( #6076 ), #2197, .T. ) ;
#5966 = CARTESIAN_POINT ( 'NONE',  ( 0.0000000000000000000, 3.999999999999994200, -4.649999999999998600 ) ) ;
#5967 =( BOUNDED_CURVE ( )  B_SPLINE_CURVE ( 2, ( #6404, #3438, #3911, #474, #1896, #4432, #1964, #2970, #1385 ),
 .UNSPECIFIED., .F., .F. ) 
 B_SPLINE_CURVE_WITH_KNOTS ( ( 3, 2, 2, 2, 3 ),
 ( 0.4062500000000001100, 0.4140625000000001100, 0.4218750000000001100, 0.4296875000000000600, 0.4375000000000000600 ),
 .UNSPECIFIED. ) 
 CURVE ( )  GEOMETRIC_REPRESENTATION_ITEM ( )  RATIONAL_B_SPLINE_CURVE ( ( 0.9999999999999988900, 0.9238795325112878500, 1.000000000000000000, 0.9238795325112867400, 1.000000000000000000, 0.9238795325112867400, 1.000000000000000000, 0.9238795325112861800, 1.000000000000000400 ) ) 
 REPRESENTATION_ITEM ( '' )  );
#5968 = CARTESIAN_POINT ( 'NONE',  ( -0.06830761029495921500, 2.169368840710452800, 9.799999999999998900 ) ) ;
#5969 = VERTEX_POINT ( 'NONE', #962 ) ;
#5970 = EDGE_CURVE ( 'NONE', #3111, #1323, #3422, .T. ) ;
#5971 = APPLICATION_CONTEXT ( 'configuration controlled 3d designs of mechanical parts and assemblies' ) ;
#5972 = CARTESIAN_POINT ( 'NONE',  ( 0.0000000000000000000, 5.659242853461223200E-032, 9.649999999999998600 ) ) ;
#5973 = ORIENTED_EDGE ( 'NONE', *, *, #1234, .T. ) ;
#5974 = EDGE_CURVE ( 'NONE', #3725, #361, #5593, .T. ) ;
#5975 = CARTESIAN_POINT ( 'NONE',  ( -2.254327966281374400, -2.254327966281376700, -0.9000000000000032400 ) ) ;
#5976 = ORIENTED_EDGE ( 'NONE', *, *, #5388, .T. ) ;
#5977 = CARTESIAN_POINT ( 'NONE',  ( 2.933831729066450800, 4.411379923770641500, 9.649999999999996800 ) ) ;
#5978 = B_SPLINE_CURVE_WITH_KNOTS ( 'NONE', 3,
 ( #2229, #1233, #4200, #3735, #252 ),
 .UNSPECIFIED., .F., .F.,
 ( 4, 1, 4 ),
 ( 0.0000000000000000000, 0.4179830628199463500, 1.000000000000000000 ),
 .UNSPECIFIED. ) ;
#5979 = B_SPLINE_CURVE_WITH_KNOTS ( 'NONE', 3,
 ( #1682, #4643, #1227, #5155, #626, #5191, #5697, #6083, #1642, #5110, #4623, #4135, #5621, #4107, #4193 ),
 .UNSPECIFIED., .F., .F.,
 ( 4, 1, 1, 1, 1, 1, 1, 1, 1, 1, 1, 1, 4 ),
 ( 0.0000000000000000000, 0.08287637556907100100, 0.1602070628437203300, 0.2334593866928965900, 0.3019209094411988100, 0.3668957383844861400, 0.4284103477595094200, 0.4875367863716136300, 0.5439060758922864600, 0.6534979848025898000, 0.7634383984641282000, 0.8776167558156635600, 1.000000000000000000 ),
 .UNSPECIFIED. ) ;
#5980 = EDGE_LOOP ( 'NONE', ( #6429, #5488, #3883, #3035 ) ) ;
#5981 = CARTESIAN_POINT ( 'NONE',  ( 2.254327966281374000, -2.254327966281378000, 3.006250000000000100 ) ) ;
#5982 = CARTESIAN_POINT ( 'NONE',  ( -1.320554748610672300, -3.188101183952078500, -8.478125000000000400 ) ) ;
#5983 = CARTESIAN_POINT ( 'NONE',  ( 1.922364262724120000, 3.685121198140674200, 9.799999999999998900 ) ) ;
#5984 = EDGE_LOOP ( 'NONE', ( #441, #5540, #5345, #4963 ) ) ;
#5985 = CARTESIAN_POINT ( 'NONE',  ( 2.177520378956265400, 2.934906131864487100, 9.799999999999998900 ) ) ;
#5986 = CARTESIAN_POINT ( 'NONE',  ( 4.898587196589409900E-016, -4.000000000000000000, -9.649999999999998600 ) ) ;
#5987 = CARTESIAN_POINT ( 'NONE',  ( -4.898587196589407900E-016, -3.999999999999998200, 0.9750000000000025300 ) ) ;
#5988 = CARTESIAN_POINT ( 'NONE',  ( -3.801835597702858400, 1.243401016582867300, 4.350000000000002300 ) ) ;
#5989 = CARTESIAN_POINT ( 'NONE',  ( 2.372111295237232700, 3.222477822193115800, 9.649999999999998600 ) ) ;
#5990 = CARTESIAN_POINT ( 'NONE',  ( 3.188101183952076800, -1.320554748610675200, -8.009375000000002100 ) ) ;
#5991 = CARTESIAN_POINT ( 'NONE',  ( -2.876268721284919400, 2.876268721284918500, -8.204687500000000400 ) ) ;
#5992 = VECTOR ( 'NONE', #3511, 1000.000000000000000 ) ;
#5993 = CARTESIAN_POINT ( 'NONE',  ( 1.955156367480430600, 3.531808212560708000, 9.799999999999997200 ) ) ;
#5994 = CARTESIAN_POINT ( 'NONE',  ( 1.589507555827615900, 3.667852806869520400, 9.799999999999998900 ) ) ;
#5995 = CARTESIAN_POINT ( 'NONE',  ( 0.04791388975983749300, 2.311748927713117600, 9.800000000000002500 ) ) ;
#5996 = CARTESIAN_POINT ( 'NONE',  ( 2.753248877727783900, 4.207084146891351600, 9.649999999999998600 ) ) ;
#5997 = CARTESIAN_POINT ( 'NONE',  ( 2.921432023933851200, 3.261026226086984900, 9.799999999999998900 ) ) ;
#5998 = EDGE_CURVE ( 'NONE', #997, #2876, #2039, .T. ) ;
#5999 = VECTOR ( 'NONE', #246, 1000.000000000000000 ) ;
#6000 = EDGE_CURVE ( 'NONE', #3544, #672, #457, .T. ) ;
#6001 = CARTESIAN_POINT ( 'NONE',  ( 1.320554748610671000, -3.188101183952080300, 0.5843749999999980900 ) ) ;
#6002 = CARTESIAN_POINT ( 'NONE',  ( 3.055398381803763100, 4.271423559299131000, 9.799999999999998900 ) ) ;
#6003 = ADVANCED_FACE ( 'NONE', ( #302 ), #617, .T. ) ;
#6004 = FACE_OUTER_BOUND ( 'NONE', #4492, .T. ) ;
#6005 = CARTESIAN_POINT ( 'NONE',  ( 3.188101183952076800, 1.320554748610669700, 4.490625000000001400 ) ) ;
#6006 = CARTESIAN_POINT ( 'NONE',  ( -3.188101183952076800, -1.320554748610673200, -6.134374999999999500 ) ) ;
#6007 = CARTESIAN_POINT ( 'NONE',  ( 1.998468365904986700, 3.443068799530058400, 9.800000000000002500 ) ) ;
#6008 = ADVANCED_FACE ( 'NONE', ( #4818 ), #4990, .T. ) ;
#6009 = CARTESIAN_POINT ( 'NONE',  ( 2.107096535589623200, 2.952167445948971300, 9.799999999999998900 ) ) ;
#6010 = DIRECTION ( 'NONE',  ( 0.0000000000000000000, 1.000000000000000000, 1.334402673828312800E-016 ) ) ;
#6011 = CARTESIAN_POINT ( 'NONE',  ( -0.4811635480008789000, -3.863711147184395200, -8.826630681119340200 ) ) ;
#6012 = CARTESIAN_POINT ( 'NONE',  ( -1.712904166305994500, 4.135316469341307600, 8.006249999999999600 ) ) ;
#6013 = DIRECTION ( 'NONE',  ( 0.0000000000000000000, 0.0000000000000000000, -1.000000000000000000 ) ) ;
#6014 = CARTESIAN_POINT ( 'NONE',  ( 6.500000000000000900, 4.611760796915489600E-015, 9.577831216351295800 ) ) ;
#6015 = CARTESIAN_POINT ( 'NONE',  ( -3.904297910284797800E-016, -3.188101183952078500, -5.743750000000002100 ) ) ;
#6016 = CARTESIAN_POINT ( 'NONE',  ( 8.872199613052867100E-012, 3.504707346706274600, -9.207792653293708400 ) ) ;
#6017 =( BOUNDED_CURVE ( )  B_SPLINE_CURVE ( 2, ( #556, #1117, #1527, #3512, #97, #5526, #2023, #3023, #1091 ),
 .UNSPECIFIED., .F., .F. ) 
 B_SPLINE_CURVE_WITH_KNOTS ( ( 3, 2, 2, 2, 3 ),
 ( 0.5625000000000000000, 0.5703125000000000000, 0.5781250000000000000, 0.5859375000000001100, 0.5937500000000001100 ),
 .UNSPECIFIED. ) 
 CURVE ( )  GEOMETRIC_REPRESENTATION_ITEM ( )  RATIONAL_B_SPLINE_CURVE ( ( 1.000000000000000000, 0.9238795325112867400, 1.000000000000000000, 0.9238795325112867400, 1.000000000000000000, 0.9238795325112867400, 1.000000000000000000, 0.9238795325112856300, 1.000000000000001100 ) ) 
 REPRESENTATION_ITEM ( '' )  );
#6018 = CARTESIAN_POINT ( 'NONE',  ( 4.067658234670651600, 1.684879207899185900, -8.595312500000000400 ) ) ;
#6019 = CARTESIAN_POINT ( 'NONE',  ( -1.320554748610672300, -3.188101183952079900, 4.178124999999997900 ) ) ;
#6020 = CARTESIAN_POINT ( 'NONE',  ( 0.2188800260764589800, 2.803174340570711500, 9.799999999999997200 ) ) ;
#6021 = MECHANICAL_CONTEXT ( 'NONE', #2078, 'mechanical' ) ;
#6022 = CARTESIAN_POINT ( 'NONE',  ( 2.903647642020152900, 3.942114783930764000, 9.800000000000000700 ) ) ;
#6023 = CARTESIAN_POINT ( 'NONE',  ( 3.090249857806600000, 2.449770962600129800, 9.650000000000000400 ) ) ;
#6024 = CARTESIAN_POINT ( 'NONE',  ( 1.320554748610671000, -3.188101183952080300, 1.834374999999997400 ) ) ;
#6025 = CARTESIAN_POINT ( 'NONE',  ( 2.887648280496391000, 4.451537681116390900, 9.649999999999996800 ) ) ;
#6026 = ORIENTED_EDGE ( 'NONE', *, *, #676, .T. ) ;
#6027 = CARTESIAN_POINT ( 'NONE',  ( 3.188101183952076800, 1.320554748610669700, 1.990625000000001000 ) ) ;
#6028 = CARTESIAN_POINT ( 'NONE',  ( 1.320554748610673900, 3.188101183952074100, -6.603125000000000400 ) ) ;
#6029 = CARTESIAN_POINT ( 'NONE',  ( -1.024634381165062900, 2.692669694434830500, 9.650000000000003900 ) ) ;
#6030 = DIRECTION ( 'NONE',  ( -0.0000000000000000000, -1.319585349029264000E-016, -1.000000000000000000 ) ) ;
#6031 = CARTESIAN_POINT ( 'NONE',  ( 1.656854249492381500, 3.999999999999993300, -4.728124999999998600 ) ) ;
#6032 = CARTESIAN_POINT ( 'NONE',  ( -4.135316469341311100, -1.712904166305997200, 7.068749999999998800 ) ) ;
#6033 = CARTESIAN_POINT ( 'NONE',  ( 2.408912005172819400, 3.221792458891268800, 9.799999999999997200 ) ) ;
#6034 = CARTESIAN_POINT ( 'NONE',  ( 2.211212811212222500, 2.310061762136490500, 9.799999999999995400 ) ) ;
#6035 = ORIENTED_EDGE ( 'NONE', *, *, #3547, .F. ) ;
#6036 = CARTESIAN_POINT ( 'NONE',  ( 1.320554748610673900, 3.188101183952072800, 2.146875000000001400 ) ) ;
#6037 = CARTESIAN_POINT ( 'NONE',  ( 0.0000000000000000000, 3.188101183952075000, -7.618750000000002100 ) ) ;
#6038 = CARTESIAN_POINT ( 'NONE',  ( 1.600736807536581300, 3.942372181543231300, 9.799999999999998900 ) ) ;
#6039 = CARTESIAN_POINT ( 'NONE',  ( 3.027752323531695700, -2.152411255257831600, -9.005227148882532600 ) ) ;
#6040 = CARTESIAN_POINT ( 'NONE',  ( 3.188101183952076800, -1.320554748610676600, 4.490624999999999600 ) ) ;
#6041 = CARTESIAN_POINT ( 'NONE',  ( 0.1631352816540275500, 2.563696310307577200, 9.800000000000002500 ) ) ;
#6042 = CIRCLE ( 'NONE', #4380, 0.2357022603955154500 ) ;
#6043 = CARTESIAN_POINT ( 'NONE',  ( 3.188101183952076800, -1.320554748610676100, 0.7406249999999982000 ) ) ;
#6044 = CARTESIAN_POINT ( 'NONE',  ( -3.999999999999996400, -1.656854249492379700, -6.603125000000004800 ) ) ;
#6045 = LINE ( 'NONE', #1529, #5804 ) ;
#6046 = ORIENTED_EDGE ( 'NONE', *, *, #1795, .T. ) ;
#6047 = CARTESIAN_POINT ( 'NONE',  ( -3.188101183952076800, -1.320554748610674800, 6.365625000000001400 ) ) ;
#6048 = ORIENTED_EDGE ( 'NONE', *, *, #1565, .F. ) ;
#6049 = CARTESIAN_POINT ( 'NONE',  ( -1.684879207899186100, 4.067658234670649800, 6.717187499999998800 ) ) ;
#6050 = CARTESIAN_POINT ( 'NONE',  ( -0.9586888323676956400, 3.806645804853687800, 4.350000000000003200 ) ) ;
#6051 = ORIENTED_EDGE ( 'NONE', *, *, #208, .T. ) ;
#6052 = CARTESIAN_POINT ( 'NONE',  ( 2.828427124746187200, -2.828427124746189400, -5.118749999999999500 ) ) ;
#6053 = CARTESIAN_POINT ( 'NONE',  ( 0.0000000000000000000, 4.135316469341306700, 7.928124999999997900 ) ) ;
#6054 = DIRECTION ( 'NONE',  ( 1.000000000000000000, -0.0000000000000000000, 0.0000000000000000000 ) ) ;
#6055 = CARTESIAN_POINT ( 'NONE',  ( -2.828427124746187200, 2.828427124746185900, -3.243749999999998600 ) ) ;
#6056 = CARTESIAN_POINT ( 'NONE',  ( 0.0000000000000000000, 3.999999999999994200, -0.8999999999999975800 ) ) ;
#6057 = ORIENTED_EDGE ( 'NONE', *, *, #2662, .F. ) ;
#6058 = CARTESIAN_POINT ( 'NONE',  ( -3.188101183952076800, 1.320554748610669500, 2.459375000000001400 ) ) ;
#6059 = CARTESIAN_POINT ( 'NONE',  ( -1.320554748610671700, 3.188101183952075400, -6.290625000000003000 ) ) ;
#6060 = CARTESIAN_POINT ( 'NONE',  ( 1.643568846121135500, 4.108841705095675100, 9.650000000000000400 ) ) ;
#6061 = CARTESIAN_POINT ( 'NONE',  ( 2.876268721284920300, 2.876268721284917600, -8.517187499999998600 ) ) ;
#6062 = CARTESIAN_POINT ( 'NONE',  ( 1.320554748610673900, 3.188101183952073200, -0.1968750000000025800 ) ) ;
#6063 = EDGE_LOOP ( 'NONE', ( #294, #3946, #4712, #5242 ) ) ;
#6064 = EDGE_CURVE ( 'NONE', #5969, #1928, #376, .T. ) ;
#6065 = CARTESIAN_POINT ( 'NONE',  ( 2.254327966281374000, -2.254327966281378400, 8.006249999999999600 ) ) ;
#6066 = EDGE_LOOP ( 'NONE', ( #2259, #2591, #1008, #4401 ) ) ;
#6067 = AXIS2_PLACEMENT_3D ( 'NONE', #2991, #1548, #3071 ) ;
#6068 = ORIENTED_EDGE ( 'NONE', *, *, #185, .T. ) ;
#6069 = CARTESIAN_POINT ( 'NONE',  ( -1.320554748610672300, -3.188101183952079900, 5.428124999999997900 ) ) ;
#6070 = CARTESIAN_POINT ( 'NONE',  ( 0.0000000000000000000, 3.188101183952075400, -9.025000000000000400 ) ) ;
#6071 = ORIENTED_EDGE ( 'NONE', *, *, #5457, .F. ) ;
#6072 = ADVANCED_FACE ( 'NONE', ( #708 ), #2602, .T. ) ;
#6073 = CARTESIAN_POINT ( 'NONE',  ( -1.320554748610672300, -3.188101183952079900, 5.271875000000000500 ) ) ;
#6074 = CARTESIAN_POINT ( 'NONE',  ( 4.067658234670652500, -3.824100320187304700E-015, 5.076562500000001400 ) ) ;
#6075 = CARTESIAN_POINT ( 'NONE',  ( -2.705084670698132000, 3.936059657082439300, 9.649999999999998600 ) ) ;
#6076 = FACE_OUTER_BOUND ( 'NONE', #1443, .T. ) ;
#6077 = CARTESIAN_POINT ( 'NONE',  ( 3.520099933871669000, 5.473222855069947100, 9.578032128422158600 ) ) ;
#6078 = CARTESIAN_POINT ( 'NONE',  ( -2.776746491675337000, -2.602382918237921200, -8.914557310263360200 ) ) ;
#6079 = CARTESIAN_POINT ( 'NONE',  ( -1.406827871622978700, 3.520145677726528500, 9.650000000000007500 ) ) ;
#6080 = CARTESIAN_POINT ( 'NONE',  ( 3.999999999999998200, 1.608907862333856500E-013, -8.712499999999987900 ) ) ;
#6081 = CARTESIAN_POINT ( 'NONE',  ( 1.621432023933850900, 2.654776226086984300, 9.799999999999998900 ) ) ;
#6082 = CARTESIAN_POINT ( 'NONE',  ( -1.320554748610671700, 3.188101183952074100, 1.053125000000000300 ) ) ;
#6083 = CARTESIAN_POINT ( 'NONE',  ( 2.045519235100962800, 2.437559583530480200, 9.650000000000000400 ) ) ;
#6084 = CARTESIAN_POINT ( 'NONE',  ( 2.876268721284919400, -2.876268721284921600, -8.829687499999998600 ) ) ;
#6085 = CARTESIAN_POINT ( 'NONE',  ( 3.188101183952076800, -3.447258366000185100E-015, 3.318749999999997000 ) ) ;
#6086 = LINE ( 'NONE', #5800, #562 ) ;
#6087 = CARTESIAN_POINT ( 'NONE',  ( 2.381820764895425000, 4.319800649193525500, 9.649999999999998600 ) ) ;
#6088 = CARTESIAN_POINT ( 'NONE',  ( -3.188101183952076800, -1.365211559849160800E-015, -7.306250000000003000 ) ) ;
#6089 = CARTESIAN_POINT ( 'NONE',  ( -5.064302077640169400E-016, -4.135316469341311100, -8.946875000000002100 ) ) ;
#6090 = CARTESIAN_POINT ( 'NONE',  ( 2.254327966281374000, -2.254327966281378400, 6.912499999999998800 ) ) ;
#6091 = CARTESIAN_POINT ( 'NONE',  ( -1.320554748610672300, -3.188101183952078100, -9.728124999999998600 ) ) ;
#6092 = CARTESIAN_POINT ( 'NONE',  ( -3.188101183952076800, -1.320554748610675200, 7.615625000000002300 ) ) ;
#6093 = CARTESIAN_POINT ( 'NONE',  ( -4.067658234670652500, 1.684879207899183400, 4.373437500000000500 ) ) ;
#6094 = CARTESIAN_POINT ( 'NONE',  ( -0.9366661701000098500, 2.483222533717888100, 9.650000000000003900 ) ) ;
#6095 = CARTESIAN_POINT ( 'NONE',  ( 2.828427124746187200, -2.828427124746189400, -7.462500000000004800 ) ) ;
#6096 = CARTESIAN_POINT ( 'NONE',  ( 2.416848113354161900, 2.924507599067089000, 9.799999999999998900 ) ) ;
#6097 = CARTESIAN_POINT ( 'NONE',  ( -0.2980381597996004700, 2.397490827627878100, 9.799999999999997200 ) ) ;
#6098 = CARTESIAN_POINT ( 'NONE',  ( 1.954765357267184400, 2.688109559420318400, 9.800000000000000700 ) ) ;
#6099 = CARTESIAN_POINT ( 'NONE',  ( 2.066072570729963900, 4.159925985802330800, 9.649999999999996800 ) ) ;
#6100 = EDGE_CURVE ( 'NONE', #5822, #4885, #3504, .T. ) ;
#6101 = CARTESIAN_POINT ( 'NONE',  ( 0.2547653572671834700, 3.303734559420318000, 9.799999999999998900 ) ) ;
#6102 = CARTESIAN_POINT ( 'NONE',  ( 4.067658234670651600, 1.684879207899185400, -3.595312499999999500 ) ) ;
#6103 = CARTESIAN_POINT ( 'NONE',  ( 2.254327966281374900, 2.254327966281370400, 3.474999999999997000 ) ) ;
#6104 = ORIENTED_EDGE ( 'NONE', *, *, #3862, .F. ) ;
#6105 = EDGE_CURVE ( 'NONE', #4924, #4947, #6453, .T. ) ;
#6106 = CARTESIAN_POINT ( 'NONE',  ( -1.320554748610671700, 3.188101183952075400, -6.290625000000003000 ) ) ;
#6107 = CARTESIAN_POINT ( 'NONE',  ( 0.0000000000000000000, 3.188101183952073200, 8.474999999999999600 ) ) ;
#6108 = CARTESIAN_POINT ( 'NONE',  ( 3.188101183952076800, -4.059581765573862500E-015, 8.318749999999996100 ) ) ;
#6109 = EDGE_LOOP ( 'NONE', ( #115, #4268, #2937, #4845, #2589, #2327 ) ) ;
#6110 = CARTESIAN_POINT ( 'NONE',  ( 0.0000000000000000000, 3.999999999999994200, -6.993750000000003000 ) ) ;
#6111 = CARTESIAN_POINT ( 'NONE',  ( 1.684879207899185400, -4.067658234670656900, 8.592187500000001400 ) ) ;
#6112 = CARTESIAN_POINT ( 'NONE',  ( -2.862463596771456700, 3.827813350280306400, 9.800000000000000700 ) ) ;
#6113 = LINE ( 'NONE', #4170, #2307 ) ;
#6114 = CARTESIAN_POINT ( 'NONE',  ( -4.898587196589407900E-016, -3.999999999999998200, 1.131249999999996300 ) ) ;
#6115 = CARTESIAN_POINT ( 'NONE',  ( 2.828427124746188100, 2.828427124746185000, -7.150000000000003900 ) ) ;
#6116 = B_SPLINE_CURVE_WITH_KNOTS ( 'NONE', 3,
 ( #5500, #2531, #668, #3644, #3622, #1681, #3194, #2141, #2222, #3211, #4641 ),
 .UNSPECIFIED., .F., .F.,
 ( 4, 1, 1, 1, 1, 1, 1, 1, 4 ),
 ( 0.0000000000000000000, 0.09742066817721463400, 0.2008855880393202500, 0.3111719701726500300, 0.4297979458253726200, 0.5577399263645873600, 0.6947152693641582800, 0.8421299102060549900, 1.000000000000000000 ),
 .UNSPECIFIED. ) ;
#6117 = CARTESIAN_POINT ( 'NONE',  ( 1.656854249492381500, 3.999999999999993300, -3.321875000000003000 ) ) ;
#6118 = CARTESIAN_POINT ( 'NONE',  ( 3.297812682256811900, 0.4438500771610776100, -9.389550058667763800 ) ) ;
#6119 = CARTESIAN_POINT ( 'NONE',  ( 2.221337150656475900, 4.608353510736909800, 9.799999999999997200 ) ) ;
#6120 = CARTESIAN_POINT ( 'NONE',  ( -4.981444637114788700E-016, -4.067658234670654200, -3.985937499999999900 ) ) ;
#6121 = FACE_OUTER_BOUND ( 'NONE', #5136, .T. ) ;
#6122 = CARTESIAN_POINT ( 'NONE',  ( -1.320554748610671700, 3.188101183952073200, 8.709374999999997900 ) ) ;
#6123 = ORIENTED_EDGE ( 'NONE', *, *, #5726, .F. ) ;
#6124 = EDGE_CURVE ( 'NONE', #5182, #2031, #1637, .T. ) ;
#6125 = CARTESIAN_POINT ( 'NONE',  ( 1.940665208543290100, 3.920021333287409000, 9.800000000000000700 ) ) ;
#6126 =( BOUNDED_CURVE ( )  B_SPLINE_CURVE ( 2, ( #2522, #950, #4427, #5409, #2442, #5908, #443, #6398, #3456 ),
 .UNSPECIFIED., .F., .T. ) 
 B_SPLINE_CURVE_WITH_KNOTS ( ( 3, 2, 2, 2, 3 ),
 ( 0.2812500000000000000, 0.2890625000000000000, 0.2968750000000000000, 0.3046875000000000000, 0.3125000000000000000 ),
 .UNSPECIFIED. ) 
 CURVE ( )  GEOMETRIC_REPRESENTATION_ITEM ( )  RATIONAL_B_SPLINE_CURVE ( ( 1.000000000000000000, 0.9238795325112867400, 1.000000000000000000, 0.9238795325112867400, 1.000000000000000000, 0.9238795325112867400, 1.000000000000000000, 0.9238795325112867400, 1.000000000000000000 ) ) 
 REPRESENTATION_ITEM ( '' )  );
#6127 = CARTESIAN_POINT ( 'NONE',  ( 2.254327966281374000, -2.254327966281376700, -6.837500000000003000 ) ) ;
#6128 = EDGE_CURVE ( 'NONE', #4421, #3766, #3058, .T. ) ;
#6129 = CARTESIAN_POINT ( 'NONE',  ( 3.188101183952076800, -3.887365809443766900E-015, 6.912500000000002300 ) ) ;
#6130 = ORIENTED_EDGE ( 'NONE', *, *, #1345, .T. ) ;
#6131 = CARTESIAN_POINT ( 'NONE',  ( 2.326119523933850800, 2.921442892753651800, 9.649999999999996800 ) ) ;
#6132 = CARTESIAN_POINT ( 'NONE',  ( 3.188101183952076800, -3.753420065787024600E-015, 5.818749999999997900 ) ) ;
#6133 = ORIENTED_EDGE ( 'NONE', *, *, #1464, .F. ) ;
#6134 = ORIENTED_EDGE ( 'NONE', *, *, #5766, .T. ) ;
#6135 = CARTESIAN_POINT ( 'NONE',  ( -4.067658234670652500, -1.684879207899189200, 5.779687499999999600 ) ) ;
#6136 = CARTESIAN_POINT ( 'NONE',  ( 0.9627479184423264300, 3.627978906732948400, 4.349999999999997000 ) ) ;
#6137 = ORIENTED_EDGE ( 'NONE', *, *, #5135, .F. ) ;
#6138 = EDGE_LOOP ( 'NONE', ( #6104, #2595, #3865, #5059 ) ) ;
#6139 = CARTESIAN_POINT ( 'NONE',  ( 4.619578183501182900, 4.838438791678206600, 9.472254919001141400 ) ) ;
#6140 = CARTESIAN_POINT ( 'NONE',  ( -1.378568599089655900, 2.816683110435935300, 9.650000000000000400 ) ) ;
#6141 = CARTESIAN_POINT ( 'NONE',  ( 3.999999999999995600, 1.656854249492377900, -3.634374999999998600 ) ) ;
#6142 = EDGE_LOOP ( 'NONE', ( #4055, #2192, #5819, #6273 ) ) ;
#6143 = CARTESIAN_POINT ( 'NONE',  ( -2.828427124746187600, -2.828427124746189800, 3.474999999999996500 ) ) ;
#6144 = CARTESIAN_POINT ( 'NONE',  ( 3.090249857806600000, 2.449770962600129800, 9.800000000000000700 ) ) ;
#6145 = CARTESIAN_POINT ( 'NONE',  ( -4.898587196589407900E-016, -3.999999999999997300, -2.774999999999999000 ) ) ;
#6146 = CARTESIAN_POINT ( 'NONE',  ( 1.320554748610671000, -3.188101183952080300, 0.5843749999999980900 ) ) ;
#6147 = CARTESIAN_POINT ( 'NONE',  ( 2.876268721284920300, 2.876268721284916700, -3.517187499999999500 ) ) ;
#6148 = VERTEX_POINT ( 'NONE', #5471 ) ;
#6149 = CARTESIAN_POINT ( 'NONE',  ( 3.188101183952076800, -1.320554748610676800, 5.740625000000000500 ) ) ;
#6150 = CARTESIAN_POINT ( 'NONE',  ( 2.254327966281374000, -2.254327966281376200, -9.337500000000002100 ) ) ;
#6151 = CARTESIAN_POINT ( 'NONE',  ( 3.188101183952076800, -1.320554748610677000, 6.834375000000000500 ) ) ;
#6152 = FACE_OUTER_BOUND ( 'NONE', #1567, .T. ) ;
#6153 = CARTESIAN_POINT ( 'NONE',  ( 0.0000000000000000000, 3.999999999999994700, -8.400000000000000400 ) ) ;
#6154 = CARTESIAN_POINT ( 'NONE',  ( 2.254327966281374000, -2.254327966281378000, 5.662499999999997000 ) ) ;
#6155 = CARTESIAN_POINT ( 'NONE',  ( 3.188101183952076800, 1.320554748610670800, -4.259374999999999500 ) ) ;
#6156 = PRODUCT_RELATED_PRODUCT_CATEGORY ( 'detail', '', ( #3137 ) ) ;
#6157 = VECTOR ( 'NONE', #6247, 1000.000000000000000 ) ;
#6158 = CARTESIAN_POINT ( 'NONE',  ( 0.0000000000000000000, 3.188101183952075000, -6.368750000000003000 ) ) ;
#6159 = CARTESIAN_POINT ( 'NONE',  ( 1.848847872052341400, 2.162219518107972400, 9.799999999999998900 ) ) ;
#6160 = CARTESIAN_POINT ( 'NONE',  ( -1.411901309399483700, 3.303734559420318000, 9.799999999999998900 ) ) ;
#6161 = LINE ( 'NONE', #4652, #1281 ) ;
#6162 = DIRECTION ( 'NONE',  ( -0.0000000000000000000, -1.319585349029264000E-016, -1.000000000000000000 ) ) ;
#6163 = CARTESIAN_POINT ( 'NONE',  ( 3.254530102571255400, 3.333936450659047900, 9.799999999999998900 ) ) ;
#6164 = CARTESIAN_POINT ( 'NONE',  ( 0.8658286276497239000, 3.368285056395447600, -9.239086280316270100 ) ) ;
#6165 = CARTESIAN_POINT ( 'NONE',  ( 2.144422359360416600, 4.589508658479884300, 9.650000000000000400 ) ) ;
#6166 = CARTESIAN_POINT ( 'NONE',  ( -4.067658234670652500, -1.679705018563702000E-015, -4.298437499999999500 ) ) ;
#6167 = CARTESIAN_POINT ( 'NONE',  ( 1.320554748610673900, 3.188101183952072300, 6.053124999999996100 ) ) ;
#6168 = CARTESIAN_POINT ( 'NONE',  ( 2.436015357267184100, 4.321442892753650800, 9.799999999999998900 ) ) ;
#6169 = CARTESIAN_POINT ( 'NONE',  ( 3.188101183952076800, -1.320554748610674800, -9.259375000000005700 ) ) ;
#6170 = CARTESIAN_POINT ( 'NONE',  ( 4.135316469341310300, -1.712904166305998300, -6.212500000000002100 ) ) ;
#6171 = CARTESIAN_POINT ( 'NONE',  ( 2.819112350954274100, 4.132630911094576500, 9.650000000000002100 ) ) ;
#6172 = CARTESIAN_POINT ( 'NONE',  ( 2.026028461522685100, 3.402415489139715800, 9.800000000000000700 ) ) ;
#6173 = CARTESIAN_POINT ( 'NONE',  ( -3.808828230799613700, 5.306525495115930200, 9.577422542648282200 ) ) ;
#6174 = CARTESIAN_POINT ( 'NONE',  ( 3.188101183952076800, 1.320554748610670800, -6.759375000000000400 ) ) ;
#6175 = CARTESIAN_POINT ( 'NONE',  ( -1.320554748610671700, 3.188101183952075900, -8.790625000000003900 ) ) ;
#6176 = CARTESIAN_POINT ( 'NONE',  ( 0.1248713387317116900, -3.355937682884913900, 4.350000000000003200 ) ) ;
#6177 = CARTESIAN_POINT ( 'NONE',  ( 0.1932939736607302000, 3.930827090123078600, 9.799999999999997200 ) ) ;
#6178 = AXIS2_PLACEMENT_3D ( 'NONE', #2856, #3246, #1306 ) ;
#6179 = DIRECTION ( 'NONE',  ( -0.0000000000000000000, -1.319585349029264000E-016, -1.000000000000000000 ) ) ;
#6180 = ORIENTED_EDGE ( 'NONE', *, *, #1771, .F. ) ;
#6181 = CARTESIAN_POINT ( 'NONE',  ( 0.3507591251127563100, 3.479323594130753900, -9.219977313434251100 ) ) ;
#6182 = EDGE_CURVE ( 'NONE', #5217, #1486, #4210, .T. ) ;
#6183 = CARTESIAN_POINT ( 'NONE',  ( -0.1133981086984053700, 2.131382760193778900, 9.799999999999998900 ) ) ;
#6184 = CARTESIAN_POINT ( 'NONE',  ( 2.876268721284920300, 2.876268721284917200, -6.017187500000000400 ) ) ;
#6185 = CARTESIAN_POINT ( 'NONE',  ( 3.188101183952076800, 1.320554748610669500, 8.396874999999997900 ) ) ;
#6186 = CARTESIAN_POINT ( 'NONE',  ( 0.2231688864475426800, 3.789379571369831700, 9.649999999999998600 ) ) ;
#6187 = CARTESIAN_POINT ( 'NONE',  ( -2.254327966281374400, -2.254327966281376200, -3.400000000000003000 ) ) ;
#6188 = CARTESIAN_POINT ( 'NONE',  ( -6.500000000000001800, 2.601393173031886000E-015, 4.548750000000001000 ) ) ;
#6189 = VERTEX_POINT ( 'NONE', #3094 ) ;
#6190 = CARTESIAN_POINT ( 'NONE',  ( -4.135316469341310300, -1.527265073203182500E-015, -5.509375000000001200 ) ) ;
#6191 = CARTESIAN_POINT ( 'NONE',  ( 2.976127120351760100, 2.275437172327329000, 9.650000000000000400 ) ) ;
#6192 = DIRECTION ( 'NONE',  ( 0.0000000000000000000, 1.000000000000000000, 1.334402673828312800E-016 ) ) ;
#6193 = AXIS2_PLACEMENT_3D ( 'NONE', #2882, #2343, #4384 ) ;
#6194 = CARTESIAN_POINT ( 'NONE',  ( 3.188101183952076800, -1.320554748610675200, -8.165625000000000400 ) ) ;
#6195 = FACE_OUTER_BOUND ( 'NONE', #5980, .T. ) ;
#6196 = CARTESIAN_POINT ( 'NONE',  ( 1.320554748610671000, -3.188101183952079000, -9.415625000000002100 ) ) ;
#6197 = VECTOR ( 'NONE', #4866, 1000.000000000000000 ) ;
#6198 = VERTEX_POINT ( 'NONE', #2994 ) ;
#6199 = CARTESIAN_POINT ( 'NONE',  ( -3.890038817673184800, -0.1651490673591322100, 4.349999999999997900 ) ) ;
#6200 = CARTESIAN_POINT ( 'NONE',  ( -4.898587196589407900E-016, -3.999999999999998200, 2.225000000000002300 ) ) ;
#6201 = ORIENTED_EDGE ( 'NONE', *, *, #6313, .T. ) ;
#6202 = CARTESIAN_POINT ( 'NONE',  ( 3.999999999999995600, -1.656854249492383000, -2.540624999999998600 ) ) ;
#6203 = CARTESIAN_POINT ( 'NONE',  ( -0.5785679760661498500, 1.988109559420317800, 9.799999999999998900 ) ) ;
#6204 = CARTESIAN_POINT ( 'NONE',  ( 2.876268721284920300, 2.876268721284916300, 2.732812500000001000 ) ) ;
#6205 = CARTESIAN_POINT ( 'NONE',  ( -1.173618322255175900, -2.964221515471406700, 9.181331656105859600 ) ) ;
#6206 = EDGE_LOOP ( 'NONE', ( #3293, #5689, #4581 ) ) ;
#6207 = CARTESIAN_POINT ( 'NONE',  ( 1.921432023933850900, 3.740713726086984700, 9.799999999999998900 ) ) ;
#6208 = CARTESIAN_POINT ( 'NONE',  ( 1.320554748610671000, -3.188101183952080300, -0.6656250000000030200 ) ) ;
#6209 = CARTESIAN_POINT ( 'NONE',  ( -2.828427124746187200, 2.828427124746185400, 0.5062500000000020900 ) ) ;
#6210 = EDGE_CURVE ( 'NONE', #266, #1940, #1656, .T. ) ;
#6211 = CARTESIAN_POINT ( 'NONE',  ( -4.135316469341311100, 1.712904166305992700, -5.587500000000001200 ) ) ;
#6212 = VERTEX_POINT ( 'NONE', #1012 ) ;
#6213 = CARTESIAN_POINT ( 'NONE',  ( 2.025220071415393600, 2.470747192236839600, 9.799999999999995400 ) ) ;
#6214 = CARTESIAN_POINT ( 'NONE',  ( -1.399704787346716600, 3.621266290953129000, 9.799999999999995400 ) ) ;
#6215 = ORIENTED_EDGE ( 'NONE', *, *, #649, .T. ) ;
#6216 = DIRECTION ( 'NONE',  ( -0.0000000000000000000, -1.319585349029264000E-016, -1.000000000000000000 ) ) ;
#6217 = CARTESIAN_POINT ( 'NONE',  ( -2.254327966281374000, 2.254327966281372700, -5.118749999999999500 ) ) ;
#6218 = ORIENTED_EDGE ( 'NONE', *, *, #3645, .T. ) ;
#6219 = CARTESIAN_POINT ( 'NONE',  ( 1.320554748610671000, -3.188101183952079400, -8.165625000000002100 ) ) ;
#6220 = APPROVAL_DATE_TIME ( #2665, #4809 ) ;
#6221 = EDGE_LOOP ( 'NONE', ( #2959, #3191, #2720, #5063 ) ) ;
#6222 = CARTESIAN_POINT ( 'NONE',  ( -0.8574863983409196600, 4.221889426047081200, 9.650000000000000400 ) ) ;
#6223 = CARTESIAN_POINT ( 'NONE',  ( 0.08161290488245434600, 2.367720676379091200, 9.649999999999989700 ) ) ;
#6224 = CARTESIAN_POINT ( 'NONE',  ( 4.067658234670651600, -1.684879207899191000, -1.251562499999999200 ) ) ;
#6225 = CARTESIAN_POINT ( 'NONE',  ( 3.188101183952076800, -1.320554748610675200, -8.165625000000000400 ) ) ;
#6226 = CARTESIAN_POINT ( 'NONE',  ( -0.6800808582305283300, 2.298905837580477000, 9.799999999999998900 ) ) ;
#6227 = CARTESIAN_POINT ( 'NONE',  ( 3.188101183952076800, 1.320554748610670600, -2.853125000000003000 ) ) ;
#6228 = CARTESIAN_POINT ( 'NONE',  ( -2.924110317823652000, 2.924110317823650700, -6.915625000000001200 ) ) ;
#6229 = FACE_BOUND ( 'NONE', #3388, .T. ) ;
#6230 = CARTESIAN_POINT ( 'NONE',  ( -3.154317299990312400, 3.674126590938044500, 9.799999999999998900 ) ) ;
#6231 = CARTESIAN_POINT ( 'NONE',  ( -3.188101183952076800, -3.355262608463612900E-015, 8.943749999999996100 ) ) ;
#6232 = CARTESIAN_POINT ( 'NONE',  ( -0.4290706358519461600, 2.314972274659303300, 9.799999999999998900 ) ) ;
#6233 = CARTESIAN_POINT ( 'NONE',  ( -3.188101183952076800, -1.320554748610673200, -6.134374999999999500 ) ) ;
#6234 = AXIS2_PLACEMENT_3D ( 'NONE', #4541, #3004, #583 ) ;
#6235 = CARTESIAN_POINT ( 'NONE',  ( -1.285653321955972500, -3.253543833233978300, 4.350000000000002300 ) ) ;
#6236 = EDGE_CURVE ( 'NONE', #916, #3326, #848, .T. ) ;
#6237 = CARTESIAN_POINT ( 'NONE',  ( 0.1115168807064783500, 2.428673850998278400, 9.649999999999995000 ) ) ;
#6238 = CARTESIAN_POINT ( 'NONE',  ( -1.684879207899186500, -4.067658234670655100, 2.185937500000000100 ) ) ;
#6239 = CARTESIAN_POINT ( 'NONE',  ( -3.188101183952076800, -1.320554748610673000, -8.634375000000002100 ) ) ;
#6240 = CARTESIAN_POINT ( 'NONE',  ( 0.2516202348941568600, 3.484341000397290300, 9.649999999999998600 ) ) ;
#6241 = CARTESIAN_POINT ( 'NONE',  ( 1.957090313976457500, 3.973941014922306400, 9.649999999999998600 ) ) ;
#6242 = CARTESIAN_POINT ( 'NONE',  ( -1.320554748610671700, 3.188101183952075400, -5.040625000000003000 ) ) ;
#6243 = CARTESIAN_POINT ( 'NONE',  ( 2.856924073145326500, 2.731360858338189000, 9.650000000000000400 ) ) ;
#6244 = CARTESIAN_POINT ( 'NONE',  ( 1.656854249492392600, 3.999999999999982700, -8.321875000000002100 ) ) ;
#6245 = CARTESIAN_POINT ( 'NONE',  ( 0.0000000000000000000, 4.135316469341309400, -8.321875000000000400 ) ) ;
#6246 = CARTESIAN_POINT ( 'NONE',  ( -1.070588566720653800, 3.582785012431221300, 9.649999999999998600 ) ) ;
#6247 = DIRECTION ( 'NONE',  ( -0.0000000000000000000, -1.319585349029264000E-016, -1.000000000000000000 ) ) ;
#6248 = CARTESIAN_POINT ( 'NONE',  ( -0.4769520990027117900, 2.298752005315744200, 9.800000000000000700 ) ) ;
#6249 = CARTESIAN_POINT ( 'NONE',  ( 2.254327966281374000, -2.254327966281377100, -1.993749999999999000 ) ) ;
#6250 = ORIENTED_EDGE ( 'NONE', *, *, #1230, .F. ) ;
#6251 = CARTESIAN_POINT ( 'NONE',  ( -4.898587196589407900E-016, -3.999999999999996400, -7.618750000000003900 ) ) ;
#6252 = AXIS2_PLACEMENT_3D ( 'NONE', #815, #2388, #4815 ) ;
#6253 = CARTESIAN_POINT ( 'NONE',  ( -2.876268721284919800, -2.876268721284922100, 2.107812500000000500 ) ) ;
#6254 = LINE ( 'NONE', #5868, #4256 ) ;
#6255 = CARTESIAN_POINT ( 'NONE',  ( 2.254327966281374000, -2.254327966281376700, -6.993750000000000400 ) ) ;
#6256 = CARTESIAN_POINT ( 'NONE',  ( -0.07856797606614988900, 3.304776226086985100, 9.800000000000000700 ) ) ;
#6257 = CARTESIAN_POINT ( 'NONE',  ( -4.898587196589407900E-016, -3.999999999999998200, 3.475000000000001400 ) ) ;
#6258 = AXIS2_PLACEMENT_3D ( 'NONE', #3268, #3325, #1332 ) ;
#6259 = CARTESIAN_POINT ( 'NONE',  ( 3.188101183952076800, -1.320554748610675500, -4.259375000000002100 ) ) ;
#6260 = CARTESIAN_POINT ( 'NONE',  ( -3.136914933799042100, 3.992894292912448200, 9.799999999999998900 ) ) ;
#6261 = CARTESIAN_POINT ( 'NONE',  ( -0.6333897547322947500, 4.320099726194662500, 9.649999999999998600 ) ) ;
#6262 = CARTESIAN_POINT ( 'NONE',  ( -5.064302077640169400E-016, -4.135316469341312900, 1.053124999999998500 ) ) ;
#6263 = FACE_BOUND ( 'NONE', #4404, .T. ) ;
#6264 = VERTEX_POINT ( 'NONE', #597 ) ;
#6265 = CARTESIAN_POINT ( 'NONE',  ( 2.787771479976350900, 4.171931065678875500, 9.799999999999998900 ) ) ;
#6266 = CARTESIAN_POINT ( 'NONE',  ( -4.898587196589407900E-016, -3.999999999999998200, 2.381249999999995200 ) ) ;
#6267 = CARTESIAN_POINT ( 'NONE',  ( -4.898587196589407900E-016, -3.999999999999998200, 0.9750000000000025300 ) ) ;
#6268 = CARTESIAN_POINT ( 'NONE',  ( -0.5613511018966591500, 2.288766853651625700, 9.649999999999996800 ) ) ;
#6269 = CARTESIAN_POINT ( 'NONE',  ( 0.0000000000000000000, 3.188101183952074100, 0.9750000000000002000 ) ) ;
#6270 = ORIENTED_EDGE ( 'NONE', *, *, #2539, .T. ) ;
#6271 = EDGE_LOOP ( 'NONE', ( #1173, #1924, #611, #3046 ) ) ;
#6272 = CARTESIAN_POINT ( 'NONE',  ( -3.178567976066149800, 3.971442892753650700, 9.799999999999998900 ) ) ;
#6273 = ORIENTED_EDGE ( 'NONE', *, *, #4113, .T. ) ;
#6274 = CARTESIAN_POINT ( 'NONE',  ( -1.684879207899186500, -4.067658234670654200, 0.9359375000000010900 ) ) ;
#6275 = ORIENTED_EDGE ( 'NONE', *, *, #737, .F. ) ;
#6276 = CARTESIAN_POINT ( 'NONE',  ( 3.188101183952076800, 1.320554748610670800, -5.509374999999999500 ) ) ;
#6277 = ORIENTED_EDGE ( 'NONE', *, *, #2440, .F. ) ;
#6278 = CARTESIAN_POINT ( 'NONE',  ( 0.2231688864475426800, 3.789379571369831700, 9.650000000000002100 ) ) ;
#6279 = CARTESIAN_POINT ( 'NONE',  ( 0.0000000000000000000, 3.999999999999993300, 4.100000000000002300 ) ) ;
#6280 = EDGE_LOOP ( 'NONE', ( #3788, #5624, #2112, #2789, #4273, #1652 ) ) ;
#6281 = CARTESIAN_POINT ( 'NONE',  ( 2.254327966281374000, -2.254327966281377500, 0.5062500000000015300 ) ) ;
#6282 = CARTESIAN_POINT ( 'NONE',  ( -2.459817976066150300, 4.621442892753652400, 9.800000000000000700 ) ) ;
#6283 = DIRECTION ( 'NONE',  ( 0.0000000000000000000, 1.000000000000000000, 0.0000000000000000000 ) ) ;
#6284 = CARTESIAN_POINT ( 'NONE',  ( -1.712904166305994500, 4.135316469341309400, -1.993750000000000600 ) ) ;
#6285 = ORIENTED_EDGE ( 'NONE', *, *, #2566, .T. ) ;
#6286 = CARTESIAN_POINT ( 'NONE',  ( -1.320554748610671700, 3.188101183952074500, -1.290625000000002100 ) ) ;
#6287 = CARTESIAN_POINT ( 'NONE',  ( 0.0000000000000000000, -3.062499999999992500, -9.649999999999998600 ) ) ;
#6288 = DIRECTION ( 'NONE',  ( 0.0000000000000000000, 1.000000000000000000, 1.334402673828312800E-016 ) ) ;
#6289 = EDGE_LOOP ( 'NONE', ( #5617, #6444, #6180, #2323, #1906, #2775, #4344, #3232, #5403, #146 ) ) ;
#6290 = CARTESIAN_POINT ( 'NONE',  ( 0.0000000000000000000, 4.091537844202519000E-015, 4.548750000000001000 ) ) ;
#6291 = CARTESIAN_POINT ( 'NONE',  ( -0.2980381597996004700, 2.397490827627878100, 9.649999999999995000 ) ) ;
#6292 = CARTESIAN_POINT ( 'NONE',  ( 0.0000000000000000000, 3.188101183952074500, -1.524999999999998600 ) ) ;
#6293 = EDGE_CURVE ( 'NONE', #4116, #3938, #4130, .T. ) ;
#6294 = VECTOR ( 'NONE', #4771, 1000.000000000000100 ) ;
#6295 = EDGE_CURVE ( 'NONE', #4051, #438, #1049, .T. ) ;
#6296 = CARTESIAN_POINT ( 'NONE',  ( -1.087049443518654800, 4.440660079823056900, 9.799999999999998900 ) ) ;
#6297 = CARTESIAN_POINT ( 'NONE',  ( 3.188101183952076800, 1.320554748610671000, -8.009374999999998600 ) ) ;
#6298 = CARTESIAN_POINT ( 'NONE',  ( -1.319597655472716900, 4.047020498384757300, 9.650000000000000400 ) ) ;
#6299 = CARTESIAN_POINT ( 'NONE',  ( 1.929716318730257700, 3.631392845740038000, 9.649999999999996800 ) ) ;
#6300 = CARTESIAN_POINT ( 'NONE',  ( -2.254327966281374400, -2.254327966281376700, -1.056249999999999900 ) ) ;
#6301 = CARTESIAN_POINT ( 'NONE',  ( -0.7302206289775887700, 4.297368302797865500, 9.800000000000000700 ) ) ;
#6302 = CARTESIAN_POINT ( 'NONE',  ( -0.8171432290494419200, 4.252167130625183600, 9.649999999999998600 ) ) ;
#6303 = CARTESIAN_POINT ( 'NONE',  ( -4.135316469341311100, -1.712904166305995800, -2.931250000000001200 ) ) ;
#6304 = CARTESIAN_POINT ( 'NONE',  ( -3.188101183952076800, -1.320554748610673900, -0.9781250000000032400 ) ) ;
#6305 = CARTESIAN_POINT ( 'NONE',  ( -1.398263555515966600, 2.968366224973296900, 9.650000000000000400 ) ) ;
#6306 = CARTESIAN_POINT ( 'NONE',  ( 2.578507469235698400, 3.240894669502537400, 9.800000000000000700 ) ) ;
#6307 = CARTESIAN_POINT ( 'NONE',  ( 2.587212708970809700, 4.301690103831244700, 9.650000000000003900 ) ) ;
#6308 = CARTESIAN_POINT ( 'NONE',  ( -0.07856797606614988900, 3.304776226086984200, 9.799999999999998900 ) ) ;
#6309 = CARTESIAN_POINT ( 'NONE',  ( 3.188101183952076800, -2.662719010296411500E-015, -3.087499999999999000 ) ) ;
#6310 = CARTESIAN_POINT ( 'NONE',  ( 2.921432023933851200, 3.261026226086984900, 9.799999999999998900 ) ) ;
#6311 = CARTESIAN_POINT ( 'NONE',  ( -1.497407720213293600, -3.782011849998572700, 9.689144002170326800 ) ) ;
#6312 =( BOUNDED_CURVE ( )  B_SPLINE_CURVE ( 2, ( #5961, #5421, #1947, #3492, #2924, #4488, #1452, #1553, #2453 ),
 .UNSPECIFIED., .F., .F. ) 
 B_SPLINE_CURVE_WITH_KNOTS ( ( 3, 2, 2, 2, 3 ),
 ( 0.5000000000000000000, 0.5078125000000000000, 0.5156250000000000000, 0.5234375000000001100, 0.5312500000000001100 ),
 .UNSPECIFIED. ) 
 CURVE ( )  GEOMETRIC_REPRESENTATION_ITEM ( )  RATIONAL_B_SPLINE_CURVE ( ( 1.000000000000000000, 0.9238795325112867400, 1.000000000000000000, 0.9238795325112867400, 1.000000000000000000, 0.9238795325112867400, 1.000000000000000000, 0.9238795325112856300, 1.000000000000001100 ) ) 
 REPRESENTATION_ITEM ( '' )  );
#6313 = EDGE_CURVE ( 'NONE', #3874, #3376, #4426, .T. ) ;
#6314 = EDGE_CURVE ( 'NONE', #539, #5822, #6323, .T. ) ;
#6315 = CARTESIAN_POINT ( 'NONE',  ( -0.7115770757828530100, 4.613573583781345600, 9.650000000000009200 ) ) ;
#6316 = CARTESIAN_POINT ( 'NONE',  ( -1.320554748610672300, -3.188101183952079400, -0.9781249999999998000 ) ) ;
#6317 = CARTESIAN_POINT ( 'NONE',  ( -0.5280192699389861800, 4.319729518393137000, 9.799999999999998900 ) ) ;
#6318 = CARTESIAN_POINT ( 'NONE',  ( -0.7115770757828530100, 4.613573583781345600, 9.650000000000003900 ) ) ;
#6319 = CARTESIAN_POINT ( 'NONE',  ( 1.588574541610985500, 3.727831858516297700, 9.650000000000003900 ) ) ;
#6320 = CARTESIAN_POINT ( 'NONE',  ( 2.658849210360633800, 2.385466092316900400, 9.649999999999998600 ) ) ;
#6321 = CARTESIAN_POINT ( 'NONE',  ( -0.8574863983409196600, 4.221889426047081200, 9.650000000000000400 ) ) ;
#6322 = ORIENTED_EDGE ( 'NONE', *, *, #5998, .F. ) ;
#6323 =( BOUNDED_CURVE ( )  B_SPLINE_CURVE ( 2, ( #3192, #137, #1679, #3113, #4104, #3173, #1137, #6117, #4602 ),
 .UNSPECIFIED., .F., .T. ) 
 B_SPLINE_CURVE_WITH_KNOTS ( ( 3, 2, 2, 2, 3 ),
 ( 0.3437500000000000000, 0.3515625000000000000, 0.3593750000000000000, 0.3671875000000000000, 0.3750000000000000000 ),
 .UNSPECIFIED. ) 
 CURVE ( )  GEOMETRIC_REPRESENTATION_ITEM ( )  RATIONAL_B_SPLINE_CURVE ( ( 1.000000000000000000, 0.9238795325112867400, 1.000000000000000000, 0.9238795325112867400, 1.000000000000000000, 0.9238795325112867400, 1.000000000000000000, 0.9238795325112867400, 1.000000000000000000 ) ) 
 REPRESENTATION_ITEM ( '' )  );
#6324 = CARTESIAN_POINT ( 'NONE',  ( 0.0000000000000000000, 4.135316469341308500, -2.071875000000000800 ) ) ;
#6325 = CARTESIAN_POINT ( 'NONE',  ( -1.320554748610672300, -3.188101183952079000, -2.071875000000002600 ) ) ;
#6326 = B_SPLINE_CURVE_WITH_KNOTS ( 'NONE', 3,
 ( #1763, #4278, #5203, #212, #3220, #5776, #797, #6246, #1804, #236, #5281 ),
 .UNSPECIFIED., .F., .F.,
 ( 4, 1, 1, 1, 1, 1, 1, 1, 4 ),
 ( 0.0000000000000000000, 0.08388811327954541500, 0.1771540327539698800, 0.2825136355617227600, 0.3993998606601627000, 0.5294908061912199100, 0.6728021776758326100, 0.8295357616196698000, 0.9999999999999998900 ),
 .UNSPECIFIED. ) ;
#6327 = CARTESIAN_POINT ( 'NONE',  ( -0.5822138093994832000, 4.321442892753650800, 9.649999999999998600 ) ) ;
#6328 = CARTESIAN_POINT ( 'NONE',  ( 2.254327966281374000, -2.254327966281377500, 1.912499999999997400 ) ) ;
#6329 = CARTESIAN_POINT ( 'NONE',  ( 3.188101183952076800, -1.320554748610675500, -3.165624999999999000 ) ) ;
#6330 = ORIENTED_EDGE ( 'NONE', *, *, #2688, .F. ) ;
#6331 = CARTESIAN_POINT ( 'NONE',  ( 2.744718572539969400, 2.472193748033512300, 9.799999999999998900 ) ) ;
#6332 = CARTESIAN_POINT ( 'NONE',  ( -1.320554748610672300, -3.188101183952079000, -4.571875000000003000 ) ) ;
#6333 = FACE_OUTER_BOUND ( 'NONE', #3043, .T. ) ;
#6334 = CARTESIAN_POINT ( 'NONE',  ( -0.8335558486424815600, 4.586290519228866100, 9.650000000000005700 ) ) ;
#6335 = CARTESIAN_POINT ( 'NONE',  ( -2.254327966281374000, 2.254327966281371800, -0.1187499999999990600 ) ) ;
#6336 = CARTESIAN_POINT ( 'NONE',  ( 2.868399043284878900, 3.489640322346617500, 9.650000000000000400 ) ) ;
#6337 = CARTESIAN_POINT ( 'NONE',  ( -1.129281217819685800, 4.398297583691457300, 9.650000000000000400 ) ) ;
#6338 = CYLINDRICAL_SURFACE ( 'NONE', #5931, 3.999999999999997300 ) ;
#6339 = ORIENTED_EDGE ( 'NONE', *, *, #4140, .T. ) ;
#6340 = CARTESIAN_POINT ( 'NONE',  ( 1.951141637630228200, 2.085757595817844000, 9.800000000000000700 ) ) ;
#6341 = CARTESIAN_POINT ( 'NONE',  ( -2.245234642732816700, 4.621442892753650600, 9.799999999999998900 ) ) ;
#6342 = CARTESIAN_POINT ( 'NONE',  ( -0.5994339143659093100, 4.320990932970930000, 9.650000000000000400 ) ) ;
#6343 = CARTESIAN_POINT ( 'NONE',  ( -4.135316469341311100, 1.712904166305992100, -0.5875000000000011300 ) ) ;
#6344 = VERTEX_POINT ( 'NONE', #5169 ) ;
#6345 = CARTESIAN_POINT ( 'NONE',  ( 1.977188796133888800, 4.025217550544098800, 9.649999999999998600 ) ) ;
#6346 = CARTESIAN_POINT ( 'NONE',  ( -2.254327966281374000, 2.254327966281372200, -2.462500000000003000 ) ) ;
#6347 = CARTESIAN_POINT ( 'NONE',  ( -1.179902922808638800, 2.268354532812624200, 9.649999999999998600 ) ) ;
#6348 = CARTESIAN_POINT ( 'NONE',  ( 2.844212931730092400, 3.444703014983363500, 9.799999999999998900 ) ) ;
#6349 = ORIENTED_EDGE ( 'NONE', *, *, #298, .T. ) ;
#6350 = CARTESIAN_POINT ( 'NONE',  ( 3.999999999999995600, -1.656854249492383700, 1.209375000000002500 ) ) ;
#6351 = CARTESIAN_POINT ( 'NONE',  ( -3.904297910284797800E-016, -3.188101183952079900, 4.256249999999997900 ) ) ;
#6352 = CARTESIAN_POINT ( 'NONE',  ( 3.188101183952076800, -1.320554748610676600, 4.334375000000002300 ) ) ;
#6353 = VERTEX_POINT ( 'NONE', #6080 ) ;
#6354 = CARTESIAN_POINT ( 'NONE',  ( 2.921809941414166300, 3.248700570446148500, 9.799999999999997200 ) ) ;
#6355 = EDGE_LOOP ( 'NONE', ( #3247, #4496, #3107, #966 ) ) ;
#6356 = CARTESIAN_POINT ( 'NONE',  ( 2.254327966281374000, -2.254327966281377100, -3.087500000000002600 ) ) ;
#6357 = ORIENTED_EDGE ( 'NONE', *, *, #378, .T. ) ;
#6358 = CARTESIAN_POINT ( 'NONE',  ( -0.8905676305330009200, 4.567007727243947100, 9.650000000000003900 ) ) ;
#6359 = CARTESIAN_POINT ( 'NONE',  ( 2.254327966281374900, 2.254327966281371300, -1.681249999999998800 ) ) ;
#6360 = CARTESIAN_POINT ( 'NONE',  ( -0.3790018146169436600, 4.271666780952276800, 9.649999999999996800 ) ) ;
#6361 = CARTESIAN_POINT ( 'NONE',  ( 2.505823902798198300, 4.613976552601954500, 9.650000000000002100 ) ) ;
#6362 = CALENDAR_DATE ( 2023, 23, 2 ) ;
#6363 = VERTEX_POINT ( 'NONE', #5105 ) ;
#6364 = DIRECTION ( 'NONE',  ( -0.0000000000000000000, -1.319585349029264000E-016, -1.000000000000000000 ) ) ;
#6365 = CARTESIAN_POINT ( 'NONE',  ( -2.245234642732816700, 2.021442892753651400, 9.799999999999998900 ) ) ;
#6366 = CARTESIAN_POINT ( 'NONE',  ( 0.0000000000000000000, -2.546799723626479500E-015, -9.649999999999998600 ) ) ;
#6367 = CARTESIAN_POINT ( 'NONE',  ( 4.135316469341310300, 1.712904166305992500, 2.693749999999997900 ) ) ;
#6368 = CARTESIAN_POINT ( 'NONE',  ( -2.254327966281374000, 2.254327966281371800, 0.03749999999999760500 ) ) ;
#6369 = B_SPLINE_CURVE_WITH_KNOTS ( 'NONE', 3,
 ( #2891, #895, #1371, #4372, #4788, #5874, #5301, #2414, #3372, #4849, #1414 ),
 .UNSPECIFIED., .F., .F.,
 ( 4, 1, 1, 1, 1, 1, 1, 1, 4 ),
 ( 0.0000000000000000000, 0.1426572507006137200, 0.2811689939054437500, 0.4169771923679735400, 0.5508524927475576500, 0.6783641702618122800, 0.7950324430070948600, 0.9019981783473515200, 1.000000000000000000 ),
 .UNSPECIFIED. ) ;
#6370 = CARTESIAN_POINT ( 'NONE',  ( 2.475801574295241300, 1.996534050378102600, 9.649999999999998600 ) ) ;
#6371 = LINE ( 'NONE', #5721, #380 ) ;
#6372 = CARTESIAN_POINT ( 'NONE',  ( 2.922836744153078000, 3.206339104265663500, 9.650000000000002100 ) ) ;
#6373 = CARTESIAN_POINT ( 'NONE',  ( 0.0000000000000000000, 3.188101183952073600, 2.381249999999997900 ) ) ;
#6374 = CARTESIAN_POINT ( 'NONE',  ( -3.188101183952076800, 1.320554748610669500, 2.459375000000001400 ) ) ;
#6375 = CARTESIAN_POINT ( 'NONE',  ( 2.805478667010117300, 2.585058906136271900, 9.799999999999997200 ) ) ;
#6376 = FACE_OUTER_BOUND ( 'NONE', #606, .T. ) ;
#6377 = EDGE_CURVE ( 'NONE', #6344, #4421, #1343, .T. ) ;
#6378 = CARTESIAN_POINT ( 'NONE',  ( 3.188101183952076800, -2.834934966426507400E-015, -1.681250000000002100 ) ) ;
#6379 = CARTESIAN_POINT ( 'NONE',  ( 1.320554748610673900, 3.188101183952073600, -2.853124999999998600 ) ) ;
#6380 = CARTESIAN_POINT ( 'NONE',  ( -1.410907719773831300, 3.413664660316769100, 9.649999999999995000 ) ) ;
#6381 = CARTESIAN_POINT ( 'NONE',  ( 1.898134522565445800, 2.121265293969508000, 9.800000000000000700 ) ) ;
#6382 = CARTESIAN_POINT ( 'NONE',  ( 2.837452025197684200, 4.486491153694250200, 9.799999999999998900 ) ) ;
#6383 = CARTESIAN_POINT ( 'NONE',  ( 2.879233323322122100, -1.384657147658568500, 4.350000000000002300 ) ) ;
#6384 = CARTESIAN_POINT ( 'NONE',  ( 2.924110317823652900, 2.924110317823648100, 5.271874999999998800 ) ) ;
#6385 = AXIS2_PLACEMENT_3D ( 'NONE', #2721, #1222, #3600 ) ;
#6386 =( BOUNDED_SURFACE ( )  B_SPLINE_SURFACE ( 1, 2, ( 
 ( #580, #5091, #1601, #2096, #559, #4089, #3607, #1643, #118, #5598, #6084, #627, #5578, #6018, #6061, #4046, #2143, #100, #5991, #1069, #2608, #1121, #1619, #4108, #1142, #5111, #5622, #3026, #33, #4014, #1045, #1554, #2053, #5532, #53, #3542, #1228, #1188, #5698, #3709, #4173, #734, #1162, #2242, #1666, #1743, #6184, #4691, #4217, #2161, #201, #670, #2686, #1721, #183, #1251, #5133, #651, #4644, #4708, #5216, #2664, #5675, #4157, #5192, #3197, #5639, #4624, #6166, #2642, #2726, #5173, #6120, #1211, #3692, #143, #4136, #6102, #6147, #3624, #714, #3176, #3142, #165, #3159, #3647, #2224, #4194, #1683, #5156, #4669, #3213, #227, #2183, #5657, #3671, #694, #1699, #2204, #2706, #3281, #5713, #5252, #2283, #3264, #277, #804, #6224, #4727, #260, #4747, #751, #5236, #5784, #5271, #3758, #4233, #4288, #318, #789, #3244, #2820, #821, #3779, #1274, #1755, #4267, #5749, #4777, #1287, #2778, #3744, #1327, #3297, #4304, #6274, #1812, #5292, #2314, #1797, #2264, #5769, #770, #1825, #2799, #5311, #2748, #4248, #1773, #1303, #6253, #6238, #3799, #4763, #1348, #4798, #2295, #299, #6204, #3228, #248, #3729, #5728, #2764, #2012, #2438, #946, #5422, #574, #1596, #1110, #3151, #5166, #3169, #4634, #4164, #5586, #3635, #4098, #6093, #1675, #3615, #1202, #5082, #4079, #1631, #4658, #1693, #6074, #2655, #1130, #2172, #156, #2617, #1608, #660, #2196, #6135, #2153, #2110, #4614, #4150, #3576, #4570, #5665, #3133, #591, #1176, #131, #6049, #3597, #3089, #91, #5646, #5150, #3109, #108, #1654, #2678, #174, #615, #3660, #4596, #683, #5101, #2135, #641, #5611, #2630, #4122, #1151, #5123, #5633, #6111, #3206, #1713, #3701, #1734, #4183, #2217, #2851, #2258, #745, #1220, #4243, #3836, #4228, #219, #6311 ),
 ( #862, #5690, #3188, #5209, #1267, #5723, #1377, #707, #2718, #6196, #5231, #3339, #5185, #4343, #764, #1870, #193, #6175, #725, #357, #4209, #4719, #1751, #257, #3685, #6219, #2760, #3742, #4683, #1241, #1284, #2236, #5744, #4740, #3239, #5709, #1767, #4838, #4701, #5248, #2740, #2279, #3721, #3223, #5347, #241, #2373, #2699, #6158, #4425, #3359, #3454, #972, #5883, #466, #1402, #416, #5389, #1465, #2441, #1981, #440, #2398, #394, #881, #4922, #4904, #3432, #5906, #2936, #1958, #6332, #4945, #4379, #6424, #1909, #6397, #5433, #379, #3923, #4361, #3947, #2466, #1442, #2897, #905, #1423, #949, #5929, #4449, #6356, #2423, #2961, #1493, #5407, #3885, #5461, #5841, #4884, #2875, #3859, #4857, #1890, #2914, #5368, #5861, #3381, #3905, #6378, #3408, #926, #4400, #1933, #4545, #3524, #2491, #62, #586, #5975, #4024, #4563, #3549, #5027, #2037, #2060, #40, #1026, #567, #4075, #5482, #2983, #1538, #544, #5544, #1106, #486, #2008, #6001, #2567, #6043, #1516, #1606, #4053, #5079, #6451, #4977, #2520, #3084, #3009, #1052, #4523, #1078, #3475, #6024, #1566, #1588, #3975, #18, #5056, #5007, #5565, #2082, #3066, #5512, #2592, #87, #999, #3571, #513, #2104, #5948, #4470, #3502, #2543, #3037, #3999, #4497, #4162, #3104, #3184, #704, #5629, #190, #1127, #153, #5118, #1199, #2169, #1709, #172, #2131, #125, #610, #4654, #4631, #3167, #5644, #2675, #1691, #6069, #4680, #4117, #6154, #1651, #6132, #5163, #105, #3657, #4094, #3683, #2193, #1172, #2627, #637, #1148, #681, #5663, #4180, #6090, #2150, #2696, #1218, #5146, #3612, #5181, #5582, #4612, #2614, #3592, #4591, #1626, #2650, #5096, #5607, #3129, #3631, #6108, #3149, #658, #4147, #1673, #4260, #3236, #2215, #6231, #291, #5707, #3739, #4280 ) ),
 .UNSPECIFIED., .F., .F., .F. ) 
 B_SPLINE_SURFACE_WITH_KNOTS ( ( 2, 2 ),
 ( 3, 2, 2, 2, 2, 2, 2, 2, 2, 2, 2, 2, 2, 2, 2, 2, 2, 2, 2, 2, 2, 2, 2, 2, 2, 2, 2, 2, 2, 2, 2, 2, 2, 2, 2, 2, 2, 2, 2, 2, 2, 2, 2, 2, 2, 2, 2, 2, 2, 2, 2, 2, 2, 2, 2, 2, 2, 2, 2, 2, 2, 2, 2, 2, 2, 2, 2, 2, 2, 2, 2, 2, 2, 2, 2, 2, 2, 2, 2, 2, 2, 2, 2, 2, 2, 2, 2, 2, 2, 2, 2, 2, 2, 2, 2, 2, 2, 2, 2, 2, 2, 2, 2, 2, 2, 2, 2, 2, 2, 2, 2, 2, 2, 2, 2, 2, 2, 2, 2, 2, 2, 2, 2, 2, 3 ),
 ( 0.0000000000000000000, 1.000000000000000000 ),
 ( 0.0000000000000000000, 0.007812500000000000000, 0.01562500000000000000, 0.02343750000000000000, 0.03125000000000000000, 0.03906250000000000000, 0.04687500000000000000, 0.05468750000000000000, 0.06250000000000000000, 0.07031250000000000000, 0.07812500000000000000, 0.08593750000000000000, 0.09375000000000000000, 0.1015625000000000000, 0.1093750000000000000, 0.1171875000000000000, 0.1250000000000000000, 0.1328125000000000000, 0.1406250000000000000, 0.1484375000000000000, 0.1562500000000000000, 0.1640625000000000000, 0.1718750000000000000, 0.1796875000000000000, 0.1875000000000000000, 0.1953125000000000000, 0.2031250000000000000, 0.2109375000000000000, 0.2187500000000000000, 0.2265625000000000000, 0.2343750000000000000, 0.2421875000000000000, 0.2500000000000000000, 0.2578125000000000000, 0.2656250000000000000, 0.2734375000000000000, 0.2812500000000000000, 0.2890625000000000000, 0.2968750000000000000, 0.3046875000000000000, 0.3125000000000000000, 0.3203125000000000000, 0.3281250000000000000, 0.3359375000000000000, 0.3437500000000000000, 0.3515625000000000000, 0.3593750000000000000, 0.3671875000000000000, 0.3750000000000000000, 0.3828125000000000000, 0.3906250000000000000, 0.3984375000000000000, 0.4062500000000000000, 0.4140625000000000000, 0.4218750000000000000, 0.4296875000000000000, 0.4375000000000000000, 0.4453125000000000000, 0.4531250000000000000, 0.4609375000000000000, 0.4687500000000000000, 0.4765625000000000000, 0.4843750000000000000, 0.4921875000000000000, 0.5000000000000000000, 0.5078125000000000000, 0.5156250000000000000, 0.5234375000000000000, 0.5312500000000000000, 0.5390625000000000000, 0.5468750000000000000, 0.5546875000000000000, 0.5625000000000000000, 0.5703125000000000000, 0.5781250000000000000, 0.5859375000000000000, 0.5937500000000000000, 0.6015625000000000000, 0.6093750000000000000, 0.6171875000000000000, 0.6250000000000000000, 0.6328125000000000000, 0.6406250000000000000, 0.6484375000000000000, 0.6562500000000000000, 0.6640625000000000000, 0.6718750000000000000, 0.6796875000000000000, 0.6875000000000000000, 0.6953125000000000000, 0.7031250000000000000, 0.7109375000000000000, 0.7187500000000000000, 0.7265625000000000000, 0.7343750000000000000, 0.7421875000000000000, 0.7500000000000000000, 0.7578125000000000000, 0.7656250000000000000, 0.7734375000000000000, 0.7812500000000000000, 0.7890625000000000000, 0.7968750000000000000, 0.8046875000000000000, 0.8125000000000000000, 0.8203125000000000000, 0.8281250000000000000, 0.8359375000000000000, 0.8437500000000000000, 0.8515625000000000000, 0.8593750000000000000, 0.8671875000000000000, 0.8750000000000000000, 0.8828125000000000000, 0.8906250000000000000, 0.8984375000000000000, 0.9062500000000000000, 0.9140625000000000000, 0.9218750000000000000, 0.9296875000000000000, 0.9375000000000000000, 0.9453125000000000000, 0.9531250000000000000, 0.9609375000000000000, 0.9649979826101448000 ),
 .UNSPECIFIED. ) 
 GEOMETRIC_REPRESENTATION_ITEM ( )  RATIONAL_B_SPLINE_SURFACE ( (
 ( 1.000000000000000000, 0.9238795325112867400, 1.000000000000000000, 0.9238795325112867400, 1.000000000000000000, 0.9238795325112867400, 1.000000000000000000, 0.9238795325112867400, 1.000000000000000000, 0.9238795325112867400, 1.000000000000000000, 0.9238795325112867400, 1.000000000000000000, 0.9238795325112867400, 1.000000000000000000, 0.9238795325112867400, 1.000000000000000000, 0.9238795325112867400, 1.000000000000000000, 0.9238795325112867400, 1.000000000000000000, 0.9238795325112867400, 1.000000000000000000, 0.9238795325112867400, 1.000000000000000000, 0.9238795325112867400, 1.000000000000000000, 0.9238795325112867400, 1.000000000000000000, 0.9238795325112867400, 1.000000000000000000, 0.9238795325112867400, 1.000000000000000000, 0.9238795325112867400, 1.000000000000000000, 0.9238795325112867400, 1.000000000000000000, 0.9238795325112867400, 1.000000000000000000, 0.9238795325112867400, 1.000000000000000000, 0.9238795325112867400, 1.000000000000000000, 0.9238795325112867400, 1.000000000000000000, 0.9238795325112867400, 1.000000000000000000, 0.9238795325112867400, 1.000000000000000000, 0.9238795325112867400, 1.000000000000000000, 0.9238795325112867400, 1.000000000000000000, 0.9238795325112867400, 1.000000000000000000, 0.9238795325112867400, 1.000000000000000000, 0.9238795325112867400, 1.000000000000000000, 0.9238795325112867400, 1.000000000000000000, 0.9238795325112867400, 1.000000000000000000, 0.9238795325112867400, 1.000000000000000000, 0.9238795325112867400, 1.000000000000000000, 0.9238795325112867400, 1.000000000000000000, 0.9238795325112867400, 1.000000000000000000, 0.9238795325112867400, 1.000000000000000000, 0.9238795325112867400, 1.000000000000000000, 0.9238795325112867400, 1.000000000000000000, 0.9238795325112867400, 1.000000000000000000, 0.9238795325112867400, 1.000000000000000000, 0.9238795325112867400, 1.000000000000000000, 0.9238795325112867400, 1.000000000000000000, 0.9238795325112867400, 1.000000000000000000, 0.9238795325112867400, 1.000000000000000000, 0.9238795325112867400, 1.000000000000000000, 0.9238795325112867400, 1.000000000000000000, 0.9238795325112867400, 1.000000000000000000, 0.9238795325112867400, 1.000000000000000000, 0.9238795325112867400, 1.000000000000000000, 0.9238795325112867400, 1.000000000000000000, 0.9238795325112867400, 1.000000000000000000, 0.9238795325112867400, 1.000000000000000000, 0.9238795325112867400, 1.000000000000000000, 0.9238795325112867400, 1.000000000000000000, 0.9238795325112867400, 1.000000000000000000, 0.9238795325112867400, 1.000000000000000000, 0.9238795325112867400, 1.000000000000000000, 0.9238795325112867400, 1.000000000000000000, 0.9238795325112867400, 1.000000000000000000, 0.9238795325112867400, 1.000000000000000000, 0.9238795325112867400, 1.000000000000000000, 0.9238795325112867400, 1.000000000000000000, 0.9238795325112867400, 1.000000000000000000, 0.9238795325112867400, 1.000000000000000000, 0.9238795325112867400, 1.000000000000000000, 0.9238795325112867400, 1.000000000000000000, 0.9238795325112867400, 1.000000000000000000, 0.9238795325112867400, 1.000000000000000000, 0.9238795325112867400, 1.000000000000000000, 0.9238795325112867400, 1.000000000000000000, 0.9238795325112867400, 1.000000000000000000, 0.9238795325112867400, 1.000000000000000000, 0.9238795325112867400, 1.000000000000000000, 0.9238795325112867400, 1.000000000000000000, 0.9238795325112867400, 1.000000000000000000, 0.9238795325112867400, 1.000000000000000000, 0.9238795325112867400, 1.000000000000000000, 0.9238795325112867400, 1.000000000000000000, 0.9238795325112867400, 1.000000000000000000, 0.9238795325112867400, 1.000000000000000000, 0.9238795325112867400, 1.000000000000000000, 0.9238795325112867400, 1.000000000000000000, 0.9238795325112867400, 1.000000000000000000, 0.9238795325112867400, 1.000000000000000000, 0.9238795325112867400, 1.000000000000000000, 0.9238795325112867400, 1.000000000000000000, 0.9238795325112867400, 1.000000000000000000, 0.9238795325112867400, 1.000000000000000000, 0.9238795325112867400, 1.000000000000000000, 0.9238795325112867400, 1.000000000000000000, 0.9238795325112867400, 1.000000000000000000, 0.9238795325112867400, 1.000000000000000000, 0.9238795325112867400, 1.000000000000000000, 0.9238795325112867400, 1.000000000000000000, 0.9238795325112867400, 1.000000000000000000, 0.9238795325112867400, 1.000000000000000000, 0.9238795325112867400, 1.000000000000000000, 0.9238795325112867400, 1.000000000000000000, 0.9238795325112867400, 1.000000000000000000, 0.9238795325112867400, 1.000000000000000000, 0.9238795325112867400, 1.000000000000000000, 0.9238795325112867400, 1.000000000000000000, 0.9238795325112867400, 1.000000000000000000, 0.9238795325112867400, 1.000000000000000000, 0.9238795325112867400, 1.000000000000000000, 0.9238795325112867400, 1.000000000000000000, 0.9238795325112867400, 1.000000000000000000, 0.9238795325112867400, 1.000000000000000000, 0.9238795325112867400, 1.000000000000000000, 0.9238795325112867400, 1.000000000000000000, 0.9238795325112867400, 1.000000000000000000, 0.9238795325112867400, 1.000000000000000000, 0.9238795325112867400, 1.000000000000000000, 0.9238795325112867400, 1.000000000000000000, 0.9238795325112867400, 1.000000000000000000, 0.9238795325112867400, 1.000000000000000000, 0.9238795325112867400, 1.000000000000000000, 0.9238795325112867400, 1.000000000000000000, 0.9238795325112867400, 1.000000000000000000, 0.9238795325112867400, 1.000000000000000000, 0.9238795325112867400, 1.000000000000000000, 0.9238795325112867400, 1.000000000000000000, 0.9238795325112867400, 1.000000000000000000, 0.9604370131822064200, 0.9619991002790466700),
 ( 1.000000000000000000, 0.9238795325112867400, 1.000000000000000000, 0.9238795325112867400, 1.000000000000000000, 0.9238795325112867400, 1.000000000000000000, 0.9238795325112867400, 1.000000000000000000, 0.9238795325112867400, 1.000000000000000000, 0.9238795325112867400, 1.000000000000000000, 0.9238795325112867400, 1.000000000000000000, 0.9238795325112867400, 1.000000000000000000, 0.9238795325112867400, 1.000000000000000000, 0.9238795325112867400, 1.000000000000000000, 0.9238795325112867400, 1.000000000000000000, 0.9238795325112867400, 1.000000000000000000, 0.9238795325112867400, 1.000000000000000000, 0.9238795325112867400, 1.000000000000000000, 0.9238795325112867400, 1.000000000000000000, 0.9238795325112867400, 1.000000000000000000, 0.9238795325112867400, 1.000000000000000000, 0.9238795325112867400, 1.000000000000000000, 0.9238795325112867400, 1.000000000000000000, 0.9238795325112867400, 1.000000000000000000, 0.9238795325112867400, 1.000000000000000000, 0.9238795325112867400, 1.000000000000000000, 0.9238795325112867400, 1.000000000000000000, 0.9238795325112867400, 1.000000000000000000, 0.9238795325112867400, 1.000000000000000000, 0.9238795325112867400, 1.000000000000000000, 0.9238795325112867400, 1.000000000000000000, 0.9238795325112867400, 1.000000000000000000, 0.9238795325112867400, 1.000000000000000000, 0.9238795325112867400, 1.000000000000000000, 0.9238795325112867400, 1.000000000000000000, 0.9238795325112867400, 1.000000000000000000, 0.9238795325112867400, 1.000000000000000000, 0.9238795325112867400, 1.000000000000000000, 0.9238795325112867400, 1.000000000000000000, 0.9238795325112867400, 1.000000000000000000, 0.9238795325112867400, 1.000000000000000000, 0.9238795325112867400, 1.000000000000000000, 0.9238795325112867400, 1.000000000000000000, 0.9238795325112867400, 1.000000000000000000, 0.9238795325112867400, 1.000000000000000000, 0.9238795325112867400, 1.000000000000000000, 0.9238795325112867400, 1.000000000000000000, 0.9238795325112867400, 1.000000000000000000, 0.9238795325112867400, 1.000000000000000000, 0.9238795325112867400, 1.000000000000000000, 0.9238795325112867400, 1.000000000000000000, 0.9238795325112867400, 1.000000000000000000, 0.9238795325112867400, 1.000000000000000000, 0.9238795325112867400, 1.000000000000000000, 0.9238795325112867400, 1.000000000000000000, 0.9238795325112867400, 1.000000000000000000, 0.9238795325112867400, 1.000000000000000000, 0.9238795325112867400, 1.000000000000000000, 0.9238795325112867400, 1.000000000000000000, 0.9238795325112867400, 1.000000000000000000, 0.9238795325112867400, 1.000000000000000000, 0.9238795325112867400, 1.000000000000000000, 0.9238795325112867400, 1.000000000000000000, 0.9238795325112867400, 1.000000000000000000, 0.9238795325112867400, 1.000000000000000000, 0.9238795325112867400, 1.000000000000000000, 0.9238795325112867400, 1.000000000000000000, 0.9238795325112867400, 1.000000000000000000, 0.9238795325112867400, 1.000000000000000000, 0.9238795325112867400, 1.000000000000000000, 0.9238795325112867400, 1.000000000000000000, 0.9238795325112867400, 1.000000000000000000, 0.9238795325112867400, 1.000000000000000000, 0.9238795325112867400, 1.000000000000000000, 0.9238795325112867400, 1.000000000000000000, 0.9238795325112867400, 1.000000000000000000, 0.9238795325112867400, 1.000000000000000000, 0.9238795325112867400, 1.000000000000000000, 0.9238795325112867400, 1.000000000000000000, 0.9238795325112867400, 1.000000000000000000, 0.9238795325112867400, 1.000000000000000000, 0.9238795325112867400, 1.000000000000000000, 0.9238795325112867400, 1.000000000000000000, 0.9238795325112867400, 1.000000000000000000, 0.9238795325112867400, 1.000000000000000000, 0.9238795325112867400, 1.000000000000000000, 0.9238795325112867400, 1.000000000000000000, 0.9238795325112867400, 1.000000000000000000, 0.9238795325112867400, 1.000000000000000000, 0.9238795325112867400, 1.000000000000000000, 0.9238795325112867400, 1.000000000000000000, 0.9238795325112867400, 1.000000000000000000, 0.9238795325112867400, 1.000000000000000000, 0.9238795325112867400, 1.000000000000000000, 0.9238795325112867400, 1.000000000000000000, 0.9238795325112867400, 1.000000000000000000, 0.9238795325112867400, 1.000000000000000000, 0.9238795325112867400, 1.000000000000000000, 0.9238795325112867400, 1.000000000000000000, 0.9238795325112867400, 1.000000000000000000, 0.9238795325112867400, 1.000000000000000000, 0.9238795325112867400, 1.000000000000000000, 0.9238795325112867400, 1.000000000000000000, 0.9238795325112867400, 1.000000000000000000, 0.9238795325112867400, 1.000000000000000000, 0.9238795325112867400, 1.000000000000000000, 0.9238795325112867400, 1.000000000000000000, 0.9238795325112867400, 1.000000000000000000, 0.9238795325112867400, 1.000000000000000000, 0.9238795325112867400, 1.000000000000000000, 0.9238795325112867400, 1.000000000000000000, 0.9238795325112867400, 1.000000000000000000, 0.9238795325112867400, 1.000000000000000000, 0.9238795325112867400, 1.000000000000000000, 0.9238795325112867400, 1.000000000000000000, 0.9238795325112867400, 1.000000000000000000, 0.9238795325112867400, 1.000000000000000000, 0.9238795325112867400, 1.000000000000000000, 0.9238795325112867400, 1.000000000000000000, 0.9238795325112867400, 1.000000000000000000, 0.9238795325112867400, 1.000000000000000000, 0.9238795325112867400, 1.000000000000000000, 0.9238795325112867400, 1.000000000000000000, 0.9238795325112867400, 1.000000000000000000, 0.9238795325112867400, 1.000000000000000000, 0.9238795325112867400, 1.000000000000000000, 0.9238795325112867400, 1.000000000000000000, 0.9604370131822064200, 0.9619991002790466700) ) ) 
 REPRESENTATION_ITEM ( '' )  SURFACE ( )  );
#6387 = DIRECTION ( 'NONE',  ( -2.290716094502213600E-013, -1.588001939360038300E-013, 1.000000000000000000 ) ) ;
#6388 = CARTESIAN_POINT ( 'NONE',  ( 1.320554748610671000, -3.188101183952079000, -9.415625000000002100 ) ) ;
#6389 = CARTESIAN_POINT ( 'NONE',  ( 3.090249857806600000, 2.449770962600129800, 9.800000000000000700 ) ) ;
#6390 = CARTESIAN_POINT ( 'NONE',  ( 2.887435974433437900, 3.538371424143786000, 9.649999999999995000 ) ) ;
#6391 = CARTESIAN_POINT ( 'NONE',  ( -4.898587196589407900E-016, -3.999999999999997300, -1.524999999999998100 ) ) ;
#6392 = CARTESIAN_POINT ( 'NONE',  ( 1.320554748610673900, 3.188101183952072800, 2.303124999999998300 ) ) ;
#6393 = CARTESIAN_POINT ( 'NONE',  ( 2.254327966281374000, -2.254327966281377500, 1.756250000000001000 ) ) ;
#6394 = CARTESIAN_POINT ( 'NONE',  ( 2.777499370423298400, 2.524881103250953300, 9.650000000000000400 ) ) ;
#6395 = DIRECTION ( 'NONE',  ( -0.0000000000000000000, -0.0000000000000000000, -1.000000000000000000 ) ) ;
#6396 = CARTESIAN_POINT ( 'NONE',  ( -2.254327966281374000, 2.254327966281370900, 8.631249999999999600 ) ) ;
#6397 = CARTESIAN_POINT ( 'NONE',  ( 3.188101183952076800, -2.528773266639668800E-015, -4.181250000000003000 ) ) ;
#6398 = CARTESIAN_POINT ( 'NONE',  ( 1.656854249492381500, 3.999999999999993300, -4.571875000000003900 ) ) ;
#6399 = ORIENTED_EDGE ( 'NONE', *, *, #3650, .T. ) ;
#6400 = CARTESIAN_POINT ( 'NONE',  ( 1.320554748610673900, 3.188101183952073200, -0.3531249999999993000 ) ) ;
#6401 = CARTESIAN_POINT ( 'NONE',  ( -0.5822138093994832000, 4.321442892753650800, 9.649999999999995000 ) ) ;
#6402 = CARTESIAN_POINT ( 'NONE',  ( 1.939522870464301700, 3.580114041923105000, 9.800000000000000700 ) ) ;
#6403 = CARTESIAN_POINT ( 'NONE',  ( 2.197208155067389400, 1.998079491838925300, 9.800000000000002500 ) ) ;
#6404 = CARTESIAN_POINT ( 'NONE',  ( -4.898587196589407900E-016, -3.999999999999997300, -1.524999999999998100 ) ) ;
#6405 = CARTESIAN_POINT ( 'NONE',  ( -1.070588566720653800, 3.582785012431221300, 9.649999999999998600 ) ) ;
#6406 = CARTESIAN_POINT ( 'NONE',  ( 2.924110317823652000, -2.924110317823656000, 4.959374999999998800 ) ) ;
#6407 = CARTESIAN_POINT ( 'NONE',  ( -0.2655342971649657900, 2.043595039885243400, 9.650000000000000400 ) ) ;
#6408 = LINE ( 'NONE', #2448, #5116 ) ;
#6409 = CARTESIAN_POINT ( 'NONE',  ( 3.188101183952076800, 1.320554748610670600, -4.259374999999999500 ) ) ;
#6410 = CARTESIAN_POINT ( 'NONE',  ( -3.188101183952076800, 1.320554748610670300, -8.634375000000002100 ) ) ;
#6411 = CARTESIAN_POINT ( 'NONE',  ( 2.883523533153040200, 2.181309228143145000, 9.650000000000002100 ) ) ;
#6412 = CARTESIAN_POINT ( 'NONE',  ( 2.921432023933851200, 3.765713726086984600, 9.799999999999998900 ) ) ;
#6413 = PLANE ( 'NONE',  #145 ) ;
#6414 = CARTESIAN_POINT ( 'NONE',  ( -3.188101183952076800, -1.320554748610674300, 2.771874999999998800 ) ) ;
#6415 = CARTESIAN_POINT ( 'NONE',  ( -3.188101183952076800, -2.723804102653258200E-015, 3.787500000000001000 ) ) ;
#6416 = EDGE_CURVE ( 'NONE', #5283, #830, #622, .T. ) ;
#6417 = LINE ( 'NONE', #4867, #3775 ) ;
#6418 = CARTESIAN_POINT ( 'NONE',  ( 2.606235189318822700, 2.350960393818981100, 9.649999999999996800 ) ) ;
#6419 = CARTESIAN_POINT ( 'NONE',  ( 2.921057126409028800, 3.786563599227958000, 9.800000000000000700 ) ) ;
#6420 = ORIENTED_EDGE ( 'NONE', *, *, #4648, .T. ) ;
#6421 = CARTESIAN_POINT ( 'NONE',  ( 2.505386096220294500, 2.942996212208443200, 9.799999999999998900 ) ) ;
#6422 = ADVANCED_FACE ( 'NONE', ( #5450 ), #2782, .T. ) ;
#6423 = EDGE_CURVE ( 'NONE', #3122, #3725, #4577, .T. ) ;
#6424 = CARTESIAN_POINT ( 'NONE',  ( 2.254327966281374000, -2.254327966281377100, -4.337500000000003000 ) ) ;
#6425 = CARTESIAN_POINT ( 'NONE',  ( 3.121296421836373000, 4.160263603887415200, 9.799999999999997200 ) ) ;
#6426 = ORIENTED_EDGE ( 'NONE', *, *, #4648, .F. ) ;
#6427 = CARTESIAN_POINT ( 'NONE',  ( 1.934807659449866900, 4.489235368990920300, 9.799999999999995400 ) ) ;
#6428 = CARTESIAN_POINT ( 'NONE',  ( -3.188101183952076800, 1.320554748610669500, 2.459375000000001400 ) ) ;
#6429 = ORIENTED_EDGE ( 'NONE', *, *, #3969, .F. ) ;
#6430 = CARTESIAN_POINT ( 'NONE',  ( -1.320554748610671700, 3.188101183952075400, -5.196874999999999500 ) ) ;
#6431 = CARTESIAN_POINT ( 'NONE',  ( -1.059589763639009000, 2.898906954496962600, 9.799999999999993600 ) ) ;
#6432 = CARTESIAN_POINT ( 'NONE',  ( 1.803858764756699300, 2.208469873775223700, 9.650000000000000400 ) ) ;
#6433 = ORIENTED_EDGE ( 'NONE', *, *, #4143, .T. ) ;
#6434 = CARTESIAN_POINT ( 'NONE',  ( 2.505823902798198300, 4.613976552601954500, 9.800000000000002500 ) ) ;
#6435 = DIRECTION ( 'NONE',  ( -0.0000000000000000000, -1.319585349029264000E-016, -1.000000000000000000 ) ) ;
#6436 = CARTESIAN_POINT ( 'NONE',  ( -1.712904166305994500, 4.135316469341308500, 4.256249999999997900 ) ) ;
#6437 = CARTESIAN_POINT ( 'NONE',  ( -0.4448624368428830700, 1.995997755970403200, 9.649999999999998600 ) ) ;
#6438 = ORIENTED_EDGE ( 'NONE', *, *, #1746, .F. ) ;
#6439 = VERTEX_POINT ( 'NONE', #3901 ) ;
#6440 = CARTESIAN_POINT ( 'NONE',  ( 0.0000000000000000000, 3.188101183952074500, -4.024999999999999500 ) ) ;
#6441 = CARTESIAN_POINT ( 'NONE',  ( -3.178567976066149800, 3.664151226086984600, 9.799999999999998900 ) ) ;
#6442 = CARTESIAN_POINT ( 'NONE',  ( 2.920449444117103200, 3.704595566659540500, 9.800000000000000700 ) ) ;
#6443 = CARTESIAN_POINT ( 'NONE',  ( -3.999999999999995600, -1.679064114030801900E-015, -4.337499999999998600 ) ) ;
#6444 = ORIENTED_EDGE ( 'NONE', *, *, #2230, .F. ) ;
#6445 = CARTESIAN_POINT ( 'NONE',  ( 1.320554748610673900, 3.188101183952072800, 3.396875000000000100 ) ) ;
#6446 = APPROVAL_ROLE ( '' ) ;
#6447 = VERTEX_POINT ( 'NONE', #1246 ) ;
#6448 = CARTESIAN_POINT ( 'NONE',  ( -1.656854249492361500, -4.000000000000016900, 3.396875000000003200 ) ) ;
#6449 = CARTESIAN_POINT ( 'NONE',  ( 2.873249503627420600, 3.187857568894492600, 9.649999999999998600 ) ) ;
#6450 = EDGE_CURVE ( 'NONE', #6264, #5969, #161, .T. ) ;
#6451 = CARTESIAN_POINT ( 'NONE',  ( 0.0000000000000000000, 3.188101183952074100, 1.131249999999996800 ) ) ;
#6452 = CARTESIAN_POINT ( 'NONE',  ( -3.999999999999995600, -1.698199220267478500E-015, -4.181250000000004800 ) ) ;
#6453 = CIRCLE ( 'NONE', #5811, 6.500000000000001800 ) ;
#6454 = ADVANCED_FACE ( 'NONE', ( #2815 ), #2344, .T. ) ;
ENDSEC;
END-ISO-10303-21;
