ISO-10303-21;
HEADER;
FILE_DESCRIPTION (( 'STEP AP203' ),
    '1' );
FILE_NAME ('9622K55_Chrome-Silicon Steel Compression Spring.STEP',
    '2025-03-20T14:41:06',
    ( 'Administrator' ),
    ( 'Managed by Terraform' ),
    'SwSTEP 2.0',
    'SolidWorks 2017',
    '' );
FILE_SCHEMA (( 'CONFIG_CONTROL_DESIGN' ));
ENDSEC;

DATA;
#1 = CARTESIAN_POINT ( 'NONE',  ( 1.229305358504903000, -0.7370926136966501300, 0.04664921557703634300 ) ) ;
#2 = CARTESIAN_POINT ( 'NONE',  ( 0.2047168987064875700, -2.845345256988318200, -0.7640508289360339300 ) ) ;
#3 = CARTESIAN_POINT ( 'NONE',  ( 0.7646862638726631400, 0.7585185476483163900, -0.1965736866116143100 ) ) ;
#4 = CARTESIAN_POINT ( 'NONE',  ( -0.3793001824591625800, -0.6362825502687911000, 0.6924783140243768700 ) ) ;
#5 = CARTESIAN_POINT ( 'NONE',  ( 0.4648331118333574000, 0.8443845886962935100, -1.138938959782984400 ) ) ;
#6 = CARTESIAN_POINT ( 'NONE',  ( 0.3191250568542408100, -2.151666708244711800, 1.190991643212850000 ) ) ;
#7 = CARTESIAN_POINT ( 'NONE',  ( 0.9861685091821029700, -2.104304536116233100, 0.7228861873227974100 ) ) ;
#8 = CARTESIAN_POINT ( 'NONE',  ( 0.7075321290329715800, 2.017440784403369900, 0.3478771822990738800 ) ) ;
#9 = CARTESIAN_POINT ( 'NONE',  ( -1.190990920325257100, 2.261666665980228700, -0.3191250493027064600 ) ) ;
#10 = CARTESIAN_POINT ( 'NONE',  ( -0.4705899132166611600, 1.287499545969662100, 1.136093022855848100 ) ) ;
#11 = CARTESIAN_POINT ( 'NONE',  ( -0.08042515265258612400, 0.7295834126060792800, 1.227061010147352000 ) ) ;
#12 = CARTESIAN_POINT ( 'NONE',  ( -0.6925274438503531400, -0.3937736084002376700, 0.3793292552032271300 ) ) ;
#13 = CARTESIAN_POINT ( 'NONE',  ( 0.4174808181200918600, 2.570550668479815800, -0.6723973405545918800 ) ) ;
#14 = CARTESIAN_POINT ( 'NONE',  ( 1.227081334746351600, 1.917300446165516300, -0.08683616903947329000 ) ) ;
#15 = CARTESIAN_POINT ( 'NONE',  ( -0.6164984260508347100, -1.769666665957429200, 1.067804801883401900 ) ) ;
#16 =( BOUNDED_SURFACE ( )  B_SPLINE_SURFACE ( 3, 3, ( 
 ( #1810, #1856, #4004, #3990, #4378, #2223, #2239, #397, #2554, #33, #1842, #60, #1153, #2913, #3269, #2956, #1124, #3635, #1510, #2897, #3239, #1482, #1109, #1138, #1093, #785, #442, #738, #4364, #772, #2601, #2210, #48 ),
 ( #4020, #3619, #3284, #3652, #3254, #1452, #2570, #3603, #2178, #1466, #1825, #2584, #4349, #3300, #3971, #2927, #1495, #2194, #2941, #4333, #15, #2539, #3667, #76, #4037, #381, #1870, #4392, #3330, #2300, #1186, #2316, #3346 ),
 ( #2615, #2254, #3000, #2985, #4053, #3361, #833, #1525, #1170, #1918, #140, #1215, #1572, #506, #2269, #157, #868, #3697, #3746, #3729, #1540, #4067, #2971, #123, #4083, #2680, #849, #3682, #1902, #1588, #474, #490, #2646 ),
 ( #2662, #3019, #4100, #3380, #1233, #800, #1935, #4456, #1200, #4116, #1951, #4472, #524, #2630, #4439, #3316, #3714, #1886, #4406, #93, #817, #458, #4421, #107, #1556, #2284, #4147, #2697, #3432, #1282, #573, #3415, #903 ),
 ( #3795, #4522, #3051, #540, #1266, #2714, #173, #1967, #3779, #4506, #1619, #1984, #1635, #2348, #4163, #189, #885, #557, #3067, #919, #206, #3083, #2001, #2365, #2729, #4490, #934, #3036, #3397, #1603, #1250, #3762, #4132 ),
 ( #2332, #3381, #1329, #1052, #1099, #4276, #4309, #1443, #2119, #4324, #1816, #3916, #4633, #1753, #1399, #372, #4649, #1429, #2875, #4339, #3579, #2184, #4665, #1802, #670, #685, #2531, #2152, #355, #2485, #2468, #3609, #324 ),
 ( #715, #3229, #2166, #3933, #307, #2889, #2842, #730, #1084, #3199, #3564, #1415, #1787, #1068, #2826, #2516, #3182, #1769, #3245, #2136, #3595, #3963, #3947, #6, #1458, #3979, #1035, #3548, #4293, #2499, #340, #700, #2860 ) ),
 .UNSPECIFIED., .T., .F., .F. ) 
 B_SPLINE_SURFACE_WITH_KNOTS ( ( 4, 3, 4 ),
 ( 4, 1, 1, 1, 1, 1, 1, 1, 1, 1, 1, 1, 1, 1, 1, 1, 1, 1, 1, 1, 1, 1, 1, 1, 1, 1, 1, 1, 1, 1, 4 ),
 ( 0.0000000000000000000, 0.5000000000000000000, 1.000000000000000000 ),
 ( 0.0000000000000000000, 0.03125000000000000700, 0.04166666666666663000, 0.06250000000000000000, 0.08333333333333337000, 0.09375000000000001400, 0.1249999999999986800, 0.1666666666666666600, 0.2083333333333333100, 0.2500000000000000000, 0.2916666666666666900, 0.3333333333333333700, 0.3750000000000000000, 0.4166666666666666900, 0.4583333333333333700, 0.5000000000000000000, 0.5416666666666666300, 0.5833333333333332600, 0.6250000000000000000, 0.6666666666666666300, 0.7083333333333332600, 0.7500000000000000000, 0.7916666666666666300, 0.8333333333333332600, 0.8750000000000013300, 0.9062500000000000000, 0.9166666666666666300, 0.9375000000000000000, 0.9583333333333332600, 0.9687500000000000000, 1.000000000000000000 ),
 .UNSPECIFIED. ) 
 GEOMETRIC_REPRESENTATION_ITEM ( )  RATIONAL_B_SPLINE_SURFACE ( (
 ( 1.000000000000000000, 1.000000000000000000, 1.000000000000000000, 1.000000000000000000, 1.000000000000000000, 1.000000000000000000, 0.9999999999999998900, 0.9999999999999997800, 0.9999999999999997800, 1.000000000000000400, 0.9999999999999996700, 1.000000000000000400, 0.9999999999999997800, 1.000000000000000000, 1.000000000000000000, 1.000000000000000000, 0.9999999999999997800, 1.000000000000000200, 1.000000000000000000, 1.000000000000000000, 1.000000000000000000, 1.000000000000000000, 1.000000000000000000, 0.9999999999999997800, 1.000000000000000000, 1.000000000000000000, 1.000000000000000000, 0.9999999999999997800, 0.9999999999999997800, 1.000000000000000000, 1.000000000000000000, 1.000000000000000000, 1.000000000000000000),
 ( 0.3333333333333333700, 0.3333333333333333700, 0.3333333333333333700, 0.3333333333333333700, 0.3333333333333333100, 0.3333333333333333700, 0.3333333333333333700, 0.3333333333333333700, 0.3333333333333333100, 0.3333333333333334800, 0.3333333333333332600, 0.3333333333333335400, 0.3333333333333332600, 0.3333333333333333700, 0.3333333333333333700, 0.3333333333333333700, 0.3333333333333333100, 0.3333333333333334300, 0.3333333333333333700, 0.3333333333333334300, 0.3333333333333333100, 0.3333333333333333700, 0.3333333333333333700, 0.3333333333333333700, 0.3333333333333333100, 0.3333333333333334300, 0.3333333333333333700, 0.3333333333333332600, 0.3333333333333332600, 0.3333333333333333700, 0.3333333333333334300, 0.3333333333333333100, 0.3333333333333333700),
 ( 0.3333333333333333700, 0.3333333333333333700, 0.3333333333333333700, 0.3333333333333333700, 0.3333333333333333100, 0.3333333333333333700, 0.3333333333333333700, 0.3333333333333333700, 0.3333333333333333100, 0.3333333333333334800, 0.3333333333333332600, 0.3333333333333335400, 0.3333333333333332600, 0.3333333333333333700, 0.3333333333333333700, 0.3333333333333333700, 0.3333333333333333100, 0.3333333333333334300, 0.3333333333333333700, 0.3333333333333334300, 0.3333333333333333100, 0.3333333333333333700, 0.3333333333333333700, 0.3333333333333333700, 0.3333333333333333100, 0.3333333333333334300, 0.3333333333333333700, 0.3333333333333332600, 0.3333333333333332600, 0.3333333333333333700, 0.3333333333333334300, 0.3333333333333333100, 0.3333333333333333700),
 ( 1.000000000000000000, 1.000000000000000000, 1.000000000000000000, 1.000000000000000000, 1.000000000000000000, 1.000000000000000000, 0.9999999999999998900, 0.9999999999999997800, 0.9999999999999997800, 1.000000000000000400, 0.9999999999999996700, 1.000000000000000400, 0.9999999999999997800, 1.000000000000000000, 1.000000000000000000, 1.000000000000000000, 0.9999999999999997800, 1.000000000000000200, 1.000000000000000000, 1.000000000000000000, 1.000000000000000000, 1.000000000000000000, 1.000000000000000000, 0.9999999999999997800, 1.000000000000000000, 1.000000000000000000, 1.000000000000000000, 0.9999999999999997800, 0.9999999999999997800, 1.000000000000000000, 1.000000000000000000, 1.000000000000000000, 1.000000000000000000),
 ( 0.3333333333333333700, 0.3333333333333333700, 0.3333333333333333700, 0.3333333333333333700, 0.3333333333333333100, 0.3333333333333333700, 0.3333333333333333700, 0.3333333333333333700, 0.3333333333333333100, 0.3333333333333334800, 0.3333333333333332600, 0.3333333333333335400, 0.3333333333333332600, 0.3333333333333333700, 0.3333333333333333700, 0.3333333333333333700, 0.3333333333333333100, 0.3333333333333334300, 0.3333333333333333700, 0.3333333333333334300, 0.3333333333333333100, 0.3333333333333333700, 0.3333333333333333700, 0.3333333333333333700, 0.3333333333333333100, 0.3333333333333334300, 0.3333333333333333700, 0.3333333333333332600, 0.3333333333333332600, 0.3333333333333333700, 0.3333333333333334300, 0.3333333333333333100, 0.3333333333333333700),
 ( 0.3333333333333333700, 0.3333333333333333700, 0.3333333333333333700, 0.3333333333333333700, 0.3333333333333333100, 0.3333333333333333700, 0.3333333333333333700, 0.3333333333333333700, 0.3333333333333333100, 0.3333333333333334800, 0.3333333333333332600, 0.3333333333333335400, 0.3333333333333332600, 0.3333333333333333700, 0.3333333333333333700, 0.3333333333333333700, 0.3333333333333333100, 0.3333333333333334300, 0.3333333333333333700, 0.3333333333333334300, 0.3333333333333333100, 0.3333333333333333700, 0.3333333333333333700, 0.3333333333333333700, 0.3333333333333333100, 0.3333333333333334300, 0.3333333333333333700, 0.3333333333333332600, 0.3333333333333332600, 0.3333333333333333700, 0.3333333333333334300, 0.3333333333333333100, 0.3333333333333333700),
 ( 1.000000000000000000, 1.000000000000000000, 1.000000000000000000, 1.000000000000000000, 1.000000000000000000, 1.000000000000000000, 0.9999999999999998900, 0.9999999999999997800, 0.9999999999999997800, 1.000000000000000400, 0.9999999999999996700, 1.000000000000000400, 0.9999999999999997800, 1.000000000000000000, 1.000000000000000000, 1.000000000000000000, 0.9999999999999997800, 1.000000000000000200, 1.000000000000000000, 1.000000000000000000, 1.000000000000000000, 1.000000000000000000, 1.000000000000000000, 0.9999999999999997800, 1.000000000000000000, 1.000000000000000000, 1.000000000000000000, 0.9999999999999997800, 0.9999999999999997800, 1.000000000000000000, 1.000000000000000000, 1.000000000000000000, 1.000000000000000000) ) ) 
 REPRESENTATION_ITEM ( '' )  SURFACE ( )  );
#17 = CARTESIAN_POINT ( 'NONE',  ( -0.7754667592306084800, -0.5225091988718402200, -0.9550002478999044500 ) ) ;
#18 = CARTESIAN_POINT ( 'NONE',  ( 0.7820173907498231300, -2.497017323243210900, -0.02934126753312649900 ) ) ;
#19 = CARTESIAN_POINT ( 'NONE',  ( -0.7888458882821523000, 0.4366478558198981200, -0.03385053581248576700 ) ) ;
#20 = CARTESIAN_POINT ( 'NONE',  ( 0.4743061705153135400, -0.5289654999994950500, 0.6312206288563742000 ) ) ;
#21 = CARTESIAN_POINT ( 'NONE',  ( -0.7217164919080053500, 0.3508428459361350200, -0.9961625100187588800 ) ) ;
#22 = CARTESIAN_POINT ( 'NONE',  ( -0.5438787747213866800, -1.072916165954077600, 1.102888513652329200 ) ) ;
#23 = VERTEX_POINT ( 'NONE', #1278 ) ;
#24 = CARTESIAN_POINT ( 'NONE',  ( -0.3952700781401099500, -0.4720829427876436200, 1.164439485758826700 ) ) ;
#25 = CARTESIAN_POINT ( 'NONE',  ( 0.6097350673649387700, 1.995471926635052700, 0.5007807501980339200 ) ) ;
#26 = CARTESIAN_POINT ( 'NONE',  ( -0.1539315335441815400, 0.1287135394720703200, 0.7736902768968518800 ) ) ;
#27 = CARTESIAN_POINT ( 'NONE',  ( 1.020018404682211800, 2.458718596174465500, 0.6821189772798804700 ) ) ;
#28 = CARTESIAN_POINT ( 'NONE',  ( 0.8975113652244658400, 0.3647921461735484900, -0.8406176375675651300 ) ) ;
#29 = CARTESIAN_POINT ( 'NONE',  ( 1.229040584142544500, 0.8797912423168878800, 0.04023867200962116100 ) ) ;
#30 = CARTESIAN_POINT ( 'NONE',  ( 0.7873687501156021500, -1.316508759018459700, -0.05959083917386321500 ) ) ;
#31 = CARTESIAN_POINT ( 'NONE',  ( 0.6684853431394266500, 2.538567753088957000, -0.4172152272120460700 ) ) ;
#32 = CARTESIAN_POINT ( 'NONE',  ( 0.1669100803616370700, 1.187717952422427300, 1.218750559550569000 ) ) ;
#33 = CARTESIAN_POINT ( 'NONE',  ( 0.3191250568542223200, -2.408333291755288700, -1.190991643212853800 ) ) ;
#34 = CARTESIAN_POINT ( 'NONE',  ( -1.153577346618776200, -0.9945930569761216600, 0.4273309969843768800 ) ) ;
#35 = CARTESIAN_POINT ( 'NONE',  ( -0.6850204108291374500, -2.753675302215537800, -0.3954953669161134800 ) ) ;
#36 = CARTESIAN_POINT ( 'NONE',  ( -0.7578379916903414900, -0.1212563638144013400, 0.2215621301631304800 ) ) ;
#37 = CARTESIAN_POINT ( 'NONE',  ( 0.6153914604489647600, -0.3787628168286372200, -0.4946926690271334900 ) ) ;
#38 = CARTESIAN_POINT ( 'NONE',  ( 0.9206241863023353300, 0.8014681274224554300, -0.8158848642988978400 ) ) ;
#39 = PERSON_AND_ORGANIZATION ( #3954, #766 ) ;
#40 = CARTESIAN_POINT ( 'NONE',  ( -1.120083624666812700, -1.137291706414540000, 0.5075029183502151000 ) ) ;
#41 = CARTESIAN_POINT ( 'NONE',  ( -1.164439485753312500, -0.5579170572107777800, 0.3952700781599075000 ) ) ;
#42 = CARTESIAN_POINT ( 'NONE',  ( -0.4383163541437514700, 1.673734042445765200, -0.6558904719995993800 ) ) ;
#43 = CARTESIAN_POINT ( 'NONE',  ( -0.1205265572557187400, 0.4506244747475819900, -1.223782262022816900 ) ) ;
#44 = CARTESIAN_POINT ( 'NONE',  ( 0.7162810793158157500, 0.7939589402861043600, 0.9995576334111760900 ) ) ;
#45 = CARTESIAN_POINT ( 'NONE',  ( -0.1207380445590768800, -0.3079624767494683600, 0.7803277595461967100 ) ) ;
#46 = CARTESIAN_POINT ( 'NONE',  ( 0.7820000017367367800, 2.059961125093542600, -2.610054480617161200E-006 ) ) ;
#47 = CARTESIAN_POINT ( 'NONE',  ( -1.218750559860899600, 2.217717952524701300, 0.1669100767755651300 ) ) ;
#48 = CARTESIAN_POINT ( 'NONE',  ( 1.219000000000000700, -2.060000000000000500, -4.251167974598269000E-015 ) ) ;
#49 = CARTESIAN_POINT ( 'NONE',  ( -0.6887761431329275700, 0.8293650996553352300, 1.019291472996495000 ) ) ;
#50 = CARTESIAN_POINT ( 'NONE',  ( 0.2047169780773870400, -2.588672066420076400, 0.7640276328040235300 ) ) ;
#51 = CARTESIAN_POINT ( 'NONE',  ( 0.2121368750471210600, 1.445178326757444300, -0.7605298587753057700 ) ) ;
#52 = CARTESIAN_POINT ( 'NONE',  ( -0.7438191782332047600, -1.702717018037031500, -0.9798700587182371800 ) ) ;
#53 = CARTESIAN_POINT ( 'NONE',  ( -0.1142010897282005300, 1.166259438908802600, 1.224816661789830200 ) ) ;
#54 = CARTESIAN_POINT ( 'NONE',  ( -1.022467019795810100, -0.6437493361117481200, -0.6831815811801385000 ) ) ;
#55 = CARTESIAN_POINT ( 'NONE',  ( 0.7871626541057585900, 0.3003915473744845400, -0.05160846142018359800 ) ) ;
#56 = CARTESIAN_POINT ( 'NONE',  ( -1.219185301706502200, 0.6008340934558440400, 0.1605179022284311800 ) ) ;
#57 = CARTESIAN_POINT ( 'NONE',  ( -0.6747307256046076700, -1.080466152292281400, -0.4101863206932432900 ) ) ;
#58 = CARTESIAN_POINT ( 'NONE',  ( -0.6385303221568391400, 1.769424165742722100, -1.055150605711034900 ) ) ;
#59 = CARTESIAN_POINT ( 'NONE',  ( -0.4331610122147706600, -1.652291346047198900, 1.150892356788517200 ) ) ;
#60 = CARTESIAN_POINT ( 'NONE',  ( -0.3191250568542318100, -2.371666663681502500, -1.190990977631101400 ) ) ;
#61 = CARTESIAN_POINT ( 'NONE',  ( -0.3122013529441070600, 0.6147816523781618500, -1.189917604720588400 ) ) ;
#62 = CARTESIAN_POINT ( 'NONE',  ( 0.7836048998103651900, -2.932423079852628100, -0.05103245692351915400 ) ) ;
#63 = CARTESIAN_POINT ( 'NONE',  ( -0.05958531337139728200, 2.346451127455991600, 0.7873086370944071300 ) ) ;
#64 = CARTESIAN_POINT ( 'NONE',  ( -0.08832255116109701000, -2.499999999999997800, -1.183319362752533600 ) ) ;
#65 = CARTESIAN_POINT ( 'NONE',  ( -0.9995576373504191400, 1.823958938887748000, 0.7162810875395239100 ) ) ;
#66 = CARTESIAN_POINT ( 'NONE',  ( 0.5855173073677999400, 1.810009654279349600, 1.081841581513048400 ) ) ;
#67 = CARTESIAN_POINT ( 'NONE',  ( -0.1605179022805946800, -1.630834093459834700, 1.219185301701684500 ) ) ;
#68 = CARTESIAN_POINT ( 'NONE',  ( -1.219185301701685800, -0.6008340934597967700, -0.1605179022804488500 ) ) ;
#69 = CARTESIAN_POINT ( 'NONE',  ( -0.7185353860044152400, 1.137262100672103800, -0.3255688699891833300 ) ) ;
#70 = PERSON_AND_ORGANIZATION_ROLE ( 'design_supplier' ) ;
#71 = CARTESIAN_POINT ( 'NONE',  ( -1.229040584140772600, 1.180208757684328100, 0.04023867202526913700 ) ) ;
#72 = ADVANCED_BREP_SHAPE_REPRESENTATION ( '9622K55_Chrome-Silicon Steel Compression Spring', ( #4005, #4047 ), #3953 ) ;
#73 = CARTESIAN_POINT ( 'NONE',  ( 0.7502615391169621400, 1.001001063879782600, 0.2462190920826203600 ) ) ;
#74 = CARTESIAN_POINT ( 'NONE',  ( -1.055151287584166400, 1.879424180714819500, 0.6385300415773608200 ) ) ;
#75 = CARTESIAN_POINT ( 'NONE',  ( 0.7162810793370290000, -0.7939589402879452300, -0.9995576333987668000 ) ) ;
#76 = CARTESIAN_POINT ( 'NONE',  ( 0.3191232355638719500, -1.714666708267897000, 1.191002921547798000 ) ) ;
#77 = CARTESIAN_POINT ( 'NONE',  ( -1.212705061678296800, 0.7220742179663527400, -0.2067061643846129200 ) ) ;
#78 = CARTESIAN_POINT ( 'NONE',  ( 1.219000000000002300, -2.064570298591450900, 0.07955646403930087500 ) ) ;
#79 = CARTESIAN_POINT ( 'NONE',  ( 0.5144854500651752100, 1.831425833660349700, 0.5989138052758361500 ) ) ;
#80 = CARTESIAN_POINT ( 'NONE',  ( 0.8643231288972108600, -2.500000000000002200, -0.8504366710065957000 ) ) ;
#81 = CARTESIAN_POINT ( 'NONE',  ( 0.1542169454719372900, -2.046051496670340700, 1.220483189299329300 ) ) ;
#82 = ORIENTED_EDGE ( 'NONE', *, *, #995, .T. ) ;
#83 = CARTESIAN_POINT ( 'NONE',  ( -0.4014688637116068900, 2.088967281247569500, -1.162792479130174300 ) ) ;
#84 = CARTESIAN_POINT ( 'NONE',  ( -0.7801092823698939600, -1.094374647302522000, 0.9505710322136246000 ) ) ;
#85 = CARTESIAN_POINT ( 'NONE',  ( 0.6493608992459210000, -1.566458528656507100, 1.044260491308644000 ) ) ;
#86 = CC_DESIGN_PERSON_AND_ORGANIZATION_ASSIGNMENT ( #2121, #70, ( #1306 ) ) ;
#87 = CARTESIAN_POINT ( 'NONE',  ( -0.6957384218811807400, 1.223088703547102500, 0.3718442750267496600 ) ) ;
#88 = CARTESIAN_POINT ( 'NONE',  ( 1.133493067586246500, 2.472601537442110400, 0.4677338647063621900 ) ) ;
#89 = CARTESIAN_POINT ( 'NONE',  ( 0.3191357957047653000, 2.408335028919486500, 1.190966101269475900 ) ) ;
#90 = CARTESIAN_POINT ( 'NONE',  ( 0.3878645467842915500, 1.129747112616606500, -0.6877849334443805200 ) ) ;
#91 = CARTESIAN_POINT ( 'NONE',  ( 0.7820000036282628300, 2.497407606768448300, 0.04414464488965172400 ) ) ;
#92 = CARTESIAN_POINT ( 'NONE',  ( -0.6831815811807694400, -1.673749336112126300, 1.022467019795990900 ) ) ;
#93 = CARTESIAN_POINT ( 'NONE',  ( -0.5593099113155869400, -2.225008584391424900, 0.5593105530318602800 ) ) ;
#94 = CARTESIAN_POINT ( 'NONE',  ( 0.6441843075800046700, 0.9366576382635138900, 1.048052748381756100 ) ) ;
#95 = CARTESIAN_POINT ( 'NONE',  ( -0.8718658692940585200, -2.334999999785754000, -0.8718658729889893200 ) ) ;
#96 = CARTESIAN_POINT ( 'NONE',  ( 0.5707468231297381200, 1.252058534082988000, 0.5455873343891117800 ) ) ;
#97 = CARTESIAN_POINT ( 'NONE',  ( 0.3005436086412943100, -2.499999999999999600, -1.160751939774748600 ) ) ;
#98 = CARTESIAN_POINT ( 'NONE',  ( -1.136093021626293900, 1.802500454471248800, 0.4705899113667929600 ) ) ;
#99 = CARTESIAN_POINT ( 'NONE',  ( -1.224816661529394100, 2.196259438886178000, -0.1142010887492129600 ) ) ;
#100 = CARTESIAN_POINT ( 'NONE',  ( -0.1205265572557187300, 0.4506244747475820500, -1.223782262022816900 ) ) ;
#101 = CARTESIAN_POINT ( 'NONE',  ( -0.5075029183095493000, 0.1072917064179521700, 1.120083624685096300 ) ) ;
#102 = CARTESIAN_POINT ( 'NONE',  ( 0.4743389123536265200, 0.5289093447130003300, -0.6312673978617906500 ) ) ;
#103 = CARTESIAN_POINT ( 'NONE',  ( 0.6384585776111353400, 2.570591646753037200, -1.055337412405730200 ) ) ;
#104 = CARTESIAN_POINT ( 'NONE',  ( 0.6609949321139853000, -0.2006495528521067000, 0.4319462736436812700 ) ) ;
#105 = CARTESIAN_POINT ( 'NONE',  ( -0.02541010026493670900, 1.732711815148700200, -0.7910259335124830700 ) ) ;
#106 = CARTESIAN_POINT ( 'NONE',  ( -0.8107975410596232100, -1.845417225565945800, -0.9245476067365198100 ) ) ;
#107 = CARTESIAN_POINT ( 'NONE',  ( 0.2047151567870182100, -2.151672066443263400, 0.7640389111389726000 ) ) ;
#108 = CARTESIAN_POINT ( 'NONE',  ( -0.5742475678268450500, 0.6362401887059074800, -1.087933426248119300 ) ) ;
#109 = CARTESIAN_POINT ( 'NONE',  ( -1.067813251959267400, -2.316666666723799400, -0.6165022674776060600 ) ) ;
#110 = CARTESIAN_POINT ( 'NONE',  ( 0.4533698484445172200, 2.410829989344157400, 0.6465422139555745400 ) ) ;
#111 = CARTESIAN_POINT ( 'NONE',  ( -0.1856418280433002600, -2.500000000000001300, -1.168211050314257500 ) ) ;
#112 = CARTESIAN_POINT ( 'NONE',  ( 1.227137984394833100, -1.917300444337852100, 0.08684174022872615000 ) ) ;
#113 = CARTESIAN_POINT ( 'NONE',  ( 1.138938959783007700, 1.874384588696296900, 0.4648331118332989500 ) ) ;
#114 = CARTESIAN_POINT ( 'NONE',  ( -1.150892356788485900, -0.6222913460473157300, -0.4331610122151832700 ) ) ;
#115 = EDGE_CURVE ( 'NONE', #255, #1826, #2772, .T. ) ;
#116 = CARTESIAN_POINT ( 'NONE',  ( 0.8107975517130260300, -0.2145827788885101800, -0.9245476424500731500 ) ) ;
#117 = CARTESIAN_POINT ( 'NONE',  ( -0.6877849334443303400, 0.09974711261664305500, -0.3878645467843100400 ) ) ;
#118 = CARTESIAN_POINT ( 'NONE',  ( 0.7873119990932105900, 1.316452603928748300, 0.05958461792509618000 ) ) ;
#119 = CARTESIAN_POINT ( 'NONE',  ( -1.064947164961000700, 1.716666353734791900, -0.6148508074549500200 ) ) ;
#120 = CARTESIAN_POINT ( 'NONE',  ( -0.7578932965890894400, 0.1212002086374147200, -0.2215762985905575200 ) ) ;
#121 = CARTESIAN_POINT ( 'NONE',  ( -0.6977592540670851700, 1.806043317201879300, -0.3735100905254223300 ) ) ;
#122 = CARTESIAN_POINT ( 'NONE',  ( -1.176743586248023100, -1.738124881649391700, 0.3569623215674981900 ) ) ;
#123 = CARTESIAN_POINT ( 'NONE',  ( 0.2047133354966494400, -1.714672066466450500, 0.7640501894739202300 ) ) ;
#124 = CARTESIAN_POINT ( 'NONE',  ( 0.8975113652244659500, 0.3647921461735484400, -0.8406176375675652500 ) ) ;
#125 = CARTESIAN_POINT ( 'NONE',  ( 0.6370999716271944500, -1.852941912215538800, -0.4664743867521313200 ) ) ;
#126 = CARTESIAN_POINT ( 'NONE',  ( 1.208528937583166000, -2.507686605939879700, 0.1856207209764524600 ) ) ;
#127 = CARTESIAN_POINT ( 'NONE',  ( 0.7437860155410341800, -0.3572829802312119700, -0.9798237938010899700 ) ) ;
#128 = CARTESIAN_POINT ( 'NONE',  ( -0.1211106990582286700, -2.500000000000000400, -1.179181012875611300 ) ) ;
#129 = CARTESIAN_POINT ( 'NONE',  ( -0.1142048109834882100, -1.166259439297768100, -1.224873463274045200 ) ) ;
#130 = CARTESIAN_POINT ( 'NONE',  ( -0.9549550897752414600, 1.552509199642960100, -0.7754321038064097000 ) ) ;
#131 = CARTESIAN_POINT ( 'NONE',  ( -1.044260491308652600, -0.5364585286565067800, 0.6493608992458846900 ) ) ;
#132 = CARTESIAN_POINT ( 'NONE',  ( -1.206067579028955000, 1.158750234187890400, -0.2398996533697149700 ) ) ;
#133 = CARTESIAN_POINT ( 'NONE',  ( 0.1462176183908755800, 0.5718264306905803700, -0.7759745845356373900 ) ) ;
#134 = CARTESIAN_POINT ( 'NONE',  ( 0.4664391494088506200, 0.8228857537402605200, -0.6370550573947270100 ) ) ;
#135 = CARTESIAN_POINT ( 'NONE',  ( 0.7185335892839462800, 0.9226817424999405000, -0.3255728351181056400 ) ) ;
#136 = CARTESIAN_POINT ( 'NONE',  ( 0.5075043379267171200, 1.952705678027409700, 1.120118422273418800 ) ) ;
#137 = CARTESIAN_POINT ( 'NONE',  ( -0.7884158836308189400, 0.1426573179255793100, -0.04369365452706391200 ) ) ;
#138 = CARTESIAN_POINT ( 'NONE',  ( 0.6164677714198181200, 2.426660661098265900, 1.067905162091495900 ) ) ;
#139 = CARTESIAN_POINT ( 'NONE',  ( -0.8695246996650987100, -0.5149999999982865000, 0.8695246996967516100 ) ) ;
#140 = CARTESIAN_POINT ( 'NONE',  ( 3.103669293517152500E-006, -1.953007220863954000, -0.7909747607088050100 ) ) ;
#141 = CARTESIAN_POINT ( 'NONE',  ( -1.164439485758842300, 0.5579170572123639500, -0.3952700781400474400 ) ) ;
#142 = CARTESIAN_POINT ( 'NONE',  ( -0.4743389123536602700, -1.531090655286994500, 0.6312673978617612300 ) ) ;
#143 = EDGE_LOOP ( 'NONE', ( #198, #1881, #2674 ) ) ;
#144 = CARTESIAN_POINT ( 'NONE',  ( 1.129424068061955400, -2.909497047224058400, -0.4678721794456339700 ) ) ;
#145 = CARTESIAN_POINT ( 'NONE',  ( 0.5383335410506026000, -1.516039544191190000, -1.105996369107864300 ) ) ;
#146 = CARTESIAN_POINT ( 'NONE',  ( -0.1766223854615166000, -2.500000000000001300, -0.8028234384351573500 ) ) ;
#147 = CARTESIAN_POINT ( 'NONE',  ( 0.6095588420865966100, -0.2435502385537890200, 1.068573251774120000 ) ) ;
#148 = CARTESIAN_POINT ( 'NONE',  ( -1.022467019795810100, -0.6437493361117480100, -0.6831815811801385000 ) ) ;
#149 = CARTESIAN_POINT ( 'NONE',  ( 0.8975113652285372500, -0.3647921461732052700, 0.8406176375655506300 ) ) ;
#150 = CARTESIAN_POINT ( 'NONE',  ( -0.6831815811543285900, 1.673749336109605000, -1.022467019816359700 ) ) ;
#151 = CARTESIAN_POINT ( 'NONE',  ( -0.4533612877473003300, -0.3508649775838305100, 0.6464824170945058200 ) ) ;
#152 = CARTESIAN_POINT ( 'NONE',  ( 0.4946926690271511400, 0.6512371831713695800, 0.6153914604489421100 ) ) ;
#153 = CARTESIAN_POINT ( 'NONE',  ( 0.6164677731863776900, 2.133339337733255000, -1.067905141736215800 ) ) ;
#154 = CARTESIAN_POINT ( 'NONE',  ( -0.4664743867587370900, 1.237058087778834400, -0.6370999716362437700 ) ) ;
#155 = CARTESIAN_POINT ( 'NONE',  ( 0.3191357952347539900, 2.151664971393430800, -1.190966106723250400 ) ) ;
#156 = CARTESIAN_POINT ( 'NONE',  ( -1.150892356788485900, -0.6222913460473157300, -0.4331610122151832700 ) ) ;
#157 = CARTESIAN_POINT ( 'NONE',  ( -0.7640234130130588700, -1.861342003041676700, -0.2047196180398100600 ) ) ;
#158 = CARTESIAN_POINT ( 'NONE',  ( 0.7656903753837159800, 2.500000000000001800, 0.1651710980107469200 ) ) ;
#159 = CARTESIAN_POINT ( 'NONE',  ( 0.5881842314241014800, -2.432129807937848400, -0.5279270257164951900 ) ) ;
#160 = CARTESIAN_POINT ( 'NONE',  ( 0.5944286935363992700, 2.863894282413368900, 1.080714513614917900 ) ) ;
#161 = CARTESIAN_POINT ( 'NONE',  ( -0.6887429803983553500, -0.8293651013907832300, -1.019245208104198700 ) ) ;
#162 = CARTESIAN_POINT ( 'NONE',  ( 0.5262628192769576200, -2.499999999999999100, -0.5902676348475300900 ) ) ;
#163 = CARTESIAN_POINT ( 'NONE',  ( 0.7113396137627670000, -0.8229266185578673100, 1.003676519445267000 ) ) ;
#164 = CARTESIAN_POINT ( 'NONE',  ( -1.223782262022829400, -0.5793755252524264200, 0.1205265572556559200 ) ) ;
#165 = CARTESIAN_POINT ( 'NONE',  ( 1.136093022855828800, 0.2574995459696571300, 0.4705899132167176700 ) ) ;
#166 = CARTESIAN_POINT ( 'NONE',  ( 3.465562724221880300E-011, 1.029999999997371500, -1.229708064287328200 ) ) ;
#167 = CARTESIAN_POINT ( 'NONE',  ( 0.08538811970729631700, 0.8937155206795119900, 0.7849751072349741000 ) ) ;
#168 = CARTESIAN_POINT ( 'NONE',  ( -0.5639089003005534100, 1.101869973847769700, 0.5526495977270901000 ) ) ;
#169 = CARTESIAN_POINT ( 'NONE',  ( 0.3255685407559141300, 1.952669621476010600, 0.7185542056327490800 ) ) ;
#170 = CARTESIAN_POINT ( 'NONE',  ( -0.4594547491197795700, -1.266082564029106200, -0.6412585577140573800 ) ) ;
#171 = CARTESIAN_POINT ( 'NONE',  ( 1.133493006139250500, 2.087398502536543800, -0.4677345605969472400 ) ) ;
#172 = CARTESIAN_POINT ( 'NONE',  ( -0.1205265572642740700, -0.4506244747482301400, 1.223782262019944800 ) ) ;
#173 = CARTESIAN_POINT ( 'NONE',  ( 0.6326423032306888200, -2.892703906030720700, -0.4636743006428419300 ) ) ;
#174 = CARTESIAN_POINT ( 'NONE',  ( 0.7884158836308186000, -1.917342682074418600, 0.04369365452709549800 ) ) ;
#175 = CARTESIAN_POINT ( 'NONE',  ( 1.218999999999970600, 2.500000000000003600, -2.046260484904555200E-014 ) ) ;
#176 = CARTESIAN_POINT ( 'NONE',  ( 0.9721274378397609700, -1.559047136641775500, -0.7526634812812527100 ) ) ;
#177 = CARTESIAN_POINT ( 'NONE',  ( -0.8286615436622606400, -2.500000000000000000, -0.3444796295681340500 ) ) ;
#178 = CARTESIAN_POINT ( 'NONE',  ( -0.3893643071843974100, -1.144800906313525400, -1.166947447045518100 ) ) ;
#179 = CARTESIAN_POINT ( 'NONE',  ( -0.7801092823698939600, -1.094374647302522000, 0.9505710322136246000 ) ) ;
#180 = CARTESIAN_POINT ( 'NONE',  ( 0.3569623215935351900, 1.351875118337693600, 1.176743586231511700 ) ) ;
#181 = CARTESIAN_POINT ( 'NONE',  ( -0.1605179022286718800, 1.630834093455880900, -1.219185301706475100 ) ) ;
#182 = CARTESIAN_POINT ( 'NONE',  ( -0.1364971375274242600, 1.194119358716451100, -0.7777441848109366600 ) ) ;
#183 = CARTESIAN_POINT ( 'NONE',  ( 0.2368093564022516800, 0.2649945390350746900, -0.7532209876637552300 ) ) ;
#184 = CARTESIAN_POINT ( 'NONE',  ( 2.206591208439739300E-006, -2.390007220806906300, -0.7909821488142918500 ) ) ;
#185 = CARTESIAN_POINT ( 'NONE',  ( 0.4802181885864057500, 1.974167993566093800, 0.6257736121988147800 ) ) ;
#186 = CARTESIAN_POINT ( 'NONE',  ( 0.1539325391473106400, -1.931290979787786900, -0.7736850964356117900 ) ) ;
#187 = CARTESIAN_POINT ( 'NONE',  ( -3.270766437965237000E-006, 2.389999522950336800, 1.233011129243778200 ) ) ;
#188 = CARTESIAN_POINT ( 'NONE',  ( 0.9995576333987873400, 0.2360410597120616800, 0.7162810793369905900 ) ) ;
#189 = CARTESIAN_POINT ( 'NONE',  ( -0.7640406916786555100, -2.735342002868683700, -0.2047228794223376600 ) ) ;
#190 = CARTESIAN_POINT ( 'NONE',  ( 0.4534010509008222800, -2.410920100614564600, -0.6461481260259179800 ) ) ;
#191 = CARTESIAN_POINT ( 'NONE',  ( -0.5944747642644937500, 2.643909241502954400, -1.080476793915359400 ) ) ;
#192 = CARTESIAN_POINT ( 'NONE',  ( 0.7539291991592906900, -0.5289493479104975200, 0.9720299335951719800 ) ) ;
#193 = CARTESIAN_POINT ( 'NONE',  ( -0.9737970053866150700, -2.500000000000000000, -0.04195723626555007700 ) ) ;
#194 = CARTESIAN_POINT ( 'NONE',  ( -1.205306893229590900, -0.4581335499901342800, -0.2462691775289223000 ) ) ;
#195 = CARTESIAN_POINT ( 'NONE',  ( 1.229040584140789000, -0.8797912423156846200, -0.04023867202516740600 ) ) ;
#196 = CARTESIAN_POINT ( 'NONE',  ( -1.176743586260778500, 1.738124881652660200, -0.3569623215266555200 ) ) ;
#197 = CARTESIAN_POINT ( 'NONE',  ( -1.136093021626293900, 1.802500454471248800, 0.4705899113667929600 ) ) ;
#198 = ORIENTED_EDGE ( 'NONE', *, *, #995, .F. ) ;
#199 = CARTESIAN_POINT ( 'NONE',  ( -0.02575674307610875700, -1.909831019137107500, -0.7884402562466482600 ) ) ;
#200 = CARTESIAN_POINT ( 'NONE',  ( -0.7895091263266844600, 1.616843226360270600, -0.008077536948441984400 ) ) ;
#201 = CARTESIAN_POINT ( 'NONE',  ( -0.5593106231269249200, -2.335008739195000100, -0.5593098412247525800 ) ) ;
#202 = CARTESIAN_POINT ( 'NONE',  ( -0.5593082756174083700, 2.334952535659351500, 0.5593120867910481600 ) ) ;
#203 = CARTESIAN_POINT ( 'NONE',  ( -0.7871626542376881600, -1.759608452792804000, 0.05160846165090500500 ) ) ;
#204 = CARTESIAN_POINT ( 'NONE',  ( -0.6165025432195319100, 2.353333296371164200, 1.067813699918197100 ) ) ;
#205 = CARTESIAN_POINT ( 'NONE',  ( -0.6148508074738106000, -0.6866663537285815400, -1.064947164947468700 ) ) ;
#206 = CARTESIAN_POINT ( 'NONE',  ( -0.3954951339112837700, -2.643675545958657400, 0.6850208693121366800 ) ) ;
#207 = CARTESIAN_POINT ( 'NONE',  ( -0.6520235804406261400, -0.9731553095583566100, 0.4453549600243301200 ) ) ;
#208 = CARTESIAN_POINT ( 'NONE',  ( -1.067813272474487500, 2.243333336071073900, -0.6165022988476960300 ) ) ;
#209 = COORDINATED_UNIVERSAL_TIME_OFFSET ( 6, 0, .BEHIND. ) ;
#210 = CARTESIAN_POINT ( 'NONE',  ( -0.7217164919080053500, 0.3508428459361350200, -0.9961625100187588800 ) ) ;
#211 = CARTESIAN_POINT ( 'NONE',  ( -0.6058695815269411500, -2.499999999999996400, -0.6066125607743193500 ) ) ;
#212 = CARTESIAN_POINT ( 'NONE',  ( -0.8062893656207523700, 0.6576986425194073500, -0.9291121308016825300 ) ) ;
#213 = CARTESIAN_POINT ( 'NONE',  ( 0.4705899132167597500, -0.7725004540303498400, -1.136093022855818100 ) ) ;
#214 = CARTESIAN_POINT ( 'NONE',  ( -0.4705899132166611000, 1.287499545969662100, 1.136093022855848100 ) ) ;
#215 = CARTESIAN_POINT ( 'NONE',  ( 1.219006499208684600, -2.058429701402622000, -0.07955760782930758300 ) ) ;
#216 = CARTESIAN_POINT ( 'NONE',  ( 0.2947158450852504500, 2.389349402095599200, 0.7324468054136165100 ) ) ;
#217 = CARTESIAN_POINT ( 'NONE',  ( 0.7516774649438987500, -2.480139078572893000, -0.2193053655136884500 ) ) ;
#218 = CARTESIAN_POINT ( 'NONE',  ( 0.5457337574437229900, 2.443473655026184000, 0.5696327968680513500 ) ) ;
#219 = CARTESIAN_POINT ( 'NONE',  ( 0.4165965737544016800, -1.566479289028729300, 0.6698789364989724500 ) ) ;
#220 = CARTESIAN_POINT ( 'NONE',  ( 0.001458361689573452800, 2.500000000000000400, 1.191457350337136000 ) ) ;
#221 = CARTESIAN_POINT ( 'NONE',  ( -0.7383081421114382500, -0.6223230013766368800, -0.2778911917009303000 ) ) ;
#222 = CARTESIAN_POINT ( 'NONE',  ( -0.008080017677885622700, -0.5868993849222812200, -0.7895661599215485500 ) ) ;
#223 = CARTESIAN_POINT ( 'NONE',  ( -3.270641415683585700E-006, 2.170000476965883200, -1.233011127782315900 ) ) ;
#224 = CARTESIAN_POINT ( 'NONE',  ( -1.041257520187251200, 1.080425290776313900, 0.6550235485444327900 ) ) ;
#225 = CARTESIAN_POINT ( 'NONE',  ( 1.102877190384368600, -2.017238101827105700, -0.5418681919314942700 ) ) ;
#226 = CARTESIAN_POINT ( 'NONE',  ( 1.220483189299258900, 1.043948503329652100, -0.1542169454720788700 ) ) ;
#227 = CARTESIAN_POINT ( 'NONE',  ( 0.7162810793158157500, 0.7939589402861043600, 0.9995576334111760900 ) ) ;
#228 = CARTESIAN_POINT ( 'NONE',  ( -1.219185301706502400, 0.6008340934558440400, 0.1605179022284312100 ) ) ;
#229 = CARTESIAN_POINT ( 'NONE',  ( 1.208511762125870100, -2.052313393104247700, -0.1860237835917286400 ) ) ;
#230 = CARTESIAN_POINT ( 'NONE',  ( 0.7883588060757418200, 1.917286527077983100, -0.04369241558928287100 ) ) ;
#231 = CARTESIAN_POINT ( 'NONE',  ( 0.6165022684629272200, -2.426666821838042500, -1.067810575837826200 ) ) ;
#232 = CARTESIAN_POINT ( 'NONE',  ( -0.6097644899282127500, -0.06441465204192951800, -0.5004828892784205500 ) ) ;
#233 = CARTESIAN_POINT ( 'NONE',  ( 2.176718529904870100E-006, -1.030028078412346800, 0.7888743494250447500 ) ) ;
#234 = CARTESIAN_POINT ( 'NONE',  ( -0.7502615391169571400, -1.058998936120237700, -0.2462190920827018500 ) ) ;
#235 = CARTESIAN_POINT ( 'NONE',  ( -0.4174689750998466500, 2.790527961106402400, 0.6722683803174244200 ) ) ;
#236 = B_SPLINE_CURVE_WITH_KNOTS ( 'NONE', 3,
 ( #4473, #3398, #821, #1142, #1158, #3718, #446, #462, #2619, #2258, #4426, #2989, #478, #837, #3350, #4071, #80, #1924, #1204, #1560, #2651, #1906, #4088, #2605, #4410, #97, #2959, #1190, #4445, #2227, #789, #64, #128, #111, #1860, #2634, #1529, #1515, #2289, #495, #776, #4382, #2588, #3288, #3656, #1499, #4396, #2243, #804, #2975, #3671, #2945, #4041, #3334, #1874, #3319, #3304, #1174, #3686, #4057, #1890, #3701, #1544, #2369, #4136, #529, #3403, #907, #1639, #1221, #3366, #1607, #4511, #1972, #4494, #2733, #2353, #3005, #2321, #1255, #193, #854, #2336, #3040, #2667, #3420, #1577, #4105, #1940, #891, #4526, #177, #3734, #2718, #561, #873, #3072, #3385, #211, #3767, #2701, #923, #4461, #1238, #3436, #544, #1271, #2305, #146, #4167, #511, #3024, #1989, #1287, #3751, #3055, #3783, #3799, #1592, #1623, #2006, #4121, #1956, #4477, #4151, #162, #2685, #617, #939, #954, #3506, #238, #252, #2412, #2047, #4220, #2785, #267, #630, #3139, #3858, #1708, #4564, #3112 ),
 .UNSPECIFIED., .F., .F.,
 ( 4, 2, 2, 2, 2, 2, 2, 2, 2, 2, 2, 2, 2, 2, 2, 2, 2, 2, 2, 2, 2, 2, 2, 2, 2, 2, 2, 2, 2, 2, 2, 2, 2, 2, 2, 2, 2, 2, 2, 2, 2, 2, 2, 2, 2, 2, 2, 2, 2, 2, 2, 2, 2, 2, 2, 2, 2, 2, 2, 2, 2, 2, 2, 2, 2, 2, 2, 2, 2, 2, 2, 4 ),
 ( 0.0000000000000000000, 0.004945111958758183400, 0.009890223917516366800, 0.01236277989689545800, 0.01483533587627454900, 0.01978044783503273400, 0.02101672582472228000, 0.02225300381441183300, 0.02472555979379094400, 0.02967067175254916500, 0.03214322773192827100, 0.03461578371130738500, 0.03956089567006560600, 0.04203345164944471300, 0.04450600762882382700, 0.04945111958758204000, 0.05192367556696114700, 0.05439623154634026100, 0.05934134350509848200, 0.06181389948447758900, 0.06428645546385669500, 0.06923156742261492300, 0.07170412340199401600, 0.07417667938137313700, 0.07912179134013135100, 0.08035806932982089700, 0.08159434731951044400, 0.08406690329888955000, 0.08653945927826865700, 0.08777573726795823200, 0.08901201525764779200, 0.09024829324733735200, 0.09148457123702692700, 0.09210271023187169300, 0.09241177972929408300, 0.09272084922671647300, 0.09287538397542766100, 0.09302991872413886300, 0.09333898822156123900, 0.09364805771898362900, 0.09395712721640600600, 0.09457526621125077200, 0.09519340520609555200, 0.09642968319578509900, 0.09890223917516417800, 0.1013747951545432600, 0.1038473511339223100, 0.1087924630926804700, 0.1100287410823700100, 0.1112650190720595700, 0.1137375750514386200, 0.1186826870101968000, 0.1199189649998863600, 0.1211552429895759000, 0.1236277989689549800, 0.1261003549483340800, 0.1273366329380236100, 0.1285729109277131700, 0.1335180228864713300, 0.1347543008761608900, 0.1359905788658504200, 0.1384631348452295100, 0.1409356908246085800, 0.1434082468039876400, 0.1458808027833667100, 0.1471170807730562700, 0.1483533587627458000, 0.1508259147421248900, 0.1532984707215039600, 0.1545347487111934900, 0.1557710267008830500, 0.1582435826802621500 ),
 .UNSPECIFIED. ) ;
#237 = CARTESIAN_POINT ( 'NONE',  ( -0.4766584975168163300, 0.3293843211234114800, -1.134028922924864800 ) ) ;
#238 = CARTESIAN_POINT ( 'NONE',  ( 0.6699460568984710900, -2.500000000000001800, -0.4102929383398449300 ) ) ;
#239 = CARTESIAN_POINT ( 'NONE',  ( -0.5855457743918294200, 0.2499903443108660900, 1.081890875259184500 ) ) ;
#240 = CARTESIAN_POINT ( 'NONE',  ( -0.9505710322136278200, -0.06437464730251563100, -0.7801092823698795300 ) ) ;
#241 = CARTESIAN_POINT ( 'NONE',  ( 3.465562724221880300E-011, 1.029999999997371500, -1.229708064287328200 ) ) ;
#242 = CARTESIAN_POINT ( 'NONE',  ( -0.3191250568542318100, -2.371666663681502500, -1.190990977631101400 ) ) ;
#243 = AXIS2_PLACEMENT_3D ( 'NONE', #3764, #3278, #2564 ) ;
#244 = CARTESIAN_POINT ( 'NONE',  ( -0.7838048823496296400, 2.217680045633313700, 0.09505789155630801900 ) ) ;
#245 = CARTESIAN_POINT ( 'NONE',  ( 0.6698812358309674800, -1.523576867798734000, 0.4165928773177925400 ) ) ;
#246 = CARTESIAN_POINT ( 'NONE',  ( -0.8107975410596230900, -1.845417225565945800, -0.9245476067365198100 ) ) ;
#247 = CARTESIAN_POINT ( 'NONE',  ( 0.02575230012362640700, -0.1502233904967718900, -0.7884390795073792400 ) ) ;
#248 = CARTESIAN_POINT ( 'NONE',  ( 0.9610162386335695500, 2.499999999999999100, 0.7423483936320697300 ) ) ;
#249 = CARTESIAN_POINT ( 'NONE',  ( -0.7850597333522155700, -0.5793894443399233400, 0.07738280380550421900 ) ) ;
#250 = ORIENTED_EDGE ( 'NONE', *, *, #2442, .F. ) ;
#251 = CARTESIAN_POINT ( 'NONE',  ( 0.5457337574437229900, 2.443473655026184000, 0.5696327968680513500 ) ) ;
#252 = CARTESIAN_POINT ( 'NONE',  ( 0.6783088062605119300, -2.499999999999999600, -0.3958380252440665800 ) ) ;
#253 = CARTESIAN_POINT ( 'NONE',  ( -0.4648531605907563200, 1.215615410836466300, -1.138992234496135800 ) ) ;
#254 = CARTESIAN_POINT ( 'NONE',  ( 1.213270992242302200, 0.2789580599291793800, 0.2003143261153175800 ) ) ;
#255 = VERTEX_POINT ( 'NONE', #4213 ) ;
#256 = CARTESIAN_POINT ( 'NONE',  ( 1.197590262216154900, 2.037952585903549900, 0.2869052059757588000 ) ) ;
#257 = CARTESIAN_POINT ( 'NONE',  ( 0.8505744720584503800, -2.006471704600915300, -0.8881903882191507500 ) ) ;
#258 = CARTESIAN_POINT ( 'NONE',  ( -0.7646862637181741600, -1.301481452382674800, 0.1965736865824896400 ) ) ;
#259 = CARTESIAN_POINT ( 'NONE',  ( 0.7221691983518912000, -1.580543991161057500, -0.3211165855632174300 ) ) ;
#260 = CARTESIAN_POINT ( 'NONE',  ( 1.117516147286042600, -1.580048663332756400, -0.5181811787065010400 ) ) ;
#261 = CARTESIAN_POINT ( 'NONE',  ( 0.7246077943405732100, -2.087496979313887600, 0.3001101965992278900 ) ) ;
#262 = CARTESIAN_POINT ( 'NONE',  ( -0.4331610122147707100, -1.652291346047199100, 1.150892356788517200 ) ) ;
#263 = CARTESIAN_POINT ( 'NONE',  ( 0.7871629390798053900, -0.3004477042024251700, 0.05160411754454719700 ) ) ;
#264 = CARTESIAN_POINT ( 'NONE',  ( 1.191276306194300400, 2.499999999999999100, 0.2591559481225564900 ) ) ;
#265 = CARTESIAN_POINT ( 'NONE',  ( -0.5392182233338053100, -0.6652501475885592700, -0.5758009841980349400 ) ) ;
#266 = CARTESIAN_POINT ( 'NONE',  ( 0.7661825144302300000, 1.636754710976684000, -0.1699086336360738400 ) ) ;
#267 = CARTESIAN_POINT ( 'NONE',  ( 0.7613676597624980900, -2.500000000000001300, -0.1810287509492328500 ) ) ;
#268 = CARTESIAN_POINT ( 'NONE',  ( 1.106138326408688100, 0.4860322660475252500, -0.5383473391836756100 ) ) ;
#269 = EDGE_CURVE ( 'NONE', #598, #3117, #365, .T. ) ;
#270 = CARTESIAN_POINT ( 'NONE',  ( -0.4910318410486369500, 2.500000000000001300, 0.6874582992755591300 ) ) ;
#271 = CARTESIAN_POINT ( 'NONE',  ( 0.3182765988111871900, 0.1716672273678709600, 1.187801319993466300 ) ) ;
#272 = CARTESIAN_POINT ( 'NONE',  ( 0.1542169454719372900, -2.046051496670340700, 1.220483189299329300 ) ) ;
#273 = CARTESIAN_POINT ( 'NONE',  ( 0.3191250568542408100, -2.151666708244711800, 1.190991643212850000 ) ) ;
#274 = CARTESIAN_POINT ( 'NONE',  ( 0.7116661977728884200, -0.4002353568406948900, -0.3419728846935862800 ) ) ;
#275 = CARTESIAN_POINT ( 'NONE',  ( -0.5758039591925310200, 1.695193990777687400, -0.5392150451791114500 ) ) ;
#276 = CARTESIAN_POINT ( 'NONE',  ( 0.6441558405059699700, -0.9366576368492022200, -1.048003454666774700 ) ) ;
#277 = CARTESIAN_POINT ( 'NONE',  ( -0.5593099113155869400, -2.225008584391424900, 0.5593105530318602800 ) ) ;
#278 = CARTESIAN_POINT ( 'NONE',  ( -0.7548901246460098000, -1.738157477025291700, 0.2289756721455014600 ) ) ;
#279 = CARTESIAN_POINT ( 'NONE',  ( 0.7783253155229472600, -0.2789959655343116100, -0.1284621388706597100 ) ) ;
#280 = CARTESIAN_POINT ( 'NONE',  ( 1.219000000000000100, 2.500000000000000000, -2.103522955121482700E-014 ) ) ;
#281 = CARTESIAN_POINT ( 'NONE',  ( 0.1029254385722153200, 0.4291485409639419500, -0.7821282459282201700 ) ) ;
#282 = CARTESIAN_POINT ( 'NONE',  ( 0.5457297793330769800, 2.116431233235843500, -0.5696366582035535800 ) ) ;
#283 = CARTESIAN_POINT ( 'NONE',  ( -0.7162810793157798900, -1.266041059713907300, -0.9995576334112178400 ) ) ;
#284 = CARTESIAN_POINT ( 'NONE',  ( -0.1618663846568184400, -1.745671977883381600, -0.7728457482084346600 ) ) ;
#285 = CARTESIAN_POINT ( 'NONE',  ( 0.06558158437021838200, 2.500000000000001300, 0.8057203288770226100 ) ) ;
#286 = CARTESIAN_POINT ( 'NONE',  ( 1.213270992236068300, -0.2789580599266448500, -0.2003143261477257600 ) ) ;
#287 = CARTESIAN_POINT ( 'NONE',  ( 0.4273309969844253900, -2.024593056976128100, 1.153577346618756400 ) ) ;
#288 = CARTESIAN_POINT ( 'NONE',  ( 0.6868422850148486700, -1.658139419388036100, 0.3773358421112500400 ) ) ;
#289 = CARTESIAN_POINT ( 'NONE',  ( 0.2613569654754885900, -0.9152226545904590400, -0.7450407774095295600 ) ) ;
#290 = CARTESIAN_POINT ( 'NONE',  ( -0.4383163541437514700, 1.673734042445765200, -0.6558904719995993800 ) ) ;
#291 = CARTESIAN_POINT ( 'NONE',  ( -0.8062532592946641800, -0.6576986440574442700, 0.9290681242800759000 ) ) ;
#292 = CARTESIAN_POINT ( 'NONE',  ( 0.7516777438846334900, -2.079878245014152000, 0.2193044273327345600 ) ) ;
#293 = CARTESIAN_POINT ( 'NONE',  ( 0.1871389681431016900, 1.494559811656649400, 0.7670871884797024800 ) ) ;
#294 = CARTESIAN_POINT ( 'NONE',  ( -0.7736894268979860300, -1.158769696299351000, 0.1539358029858271200 ) ) ;
#295 = CARTESIAN_POINT ( 'NONE',  ( -1.033088107191378200, 2.500000000000000000, 0.3796129461881588300 ) ) ;
#296 = CARTESIAN_POINT ( 'NONE',  ( -0.7074825312570545100, 0.04290236884780095100, 0.3489604620968182500 ) ) ;
#297 = CARTESIAN_POINT ( 'NONE',  ( -0.2292487348141211400, 2.808862479476709000, 0.7574086213657044200 ) ) ;
#298 = CARTESIAN_POINT ( 'NONE',  ( 1.176743586244281400, -0.3218751183344194500, 0.3569623215527536500 ) ) ;
#299 = CARTESIAN_POINT ( 'NONE',  ( -0.7895661599215373400, -1.616899384922266100, 0.008080017677880723900 ) ) ;
#300 = CARTESIAN_POINT ( 'NONE',  ( -0.8345890010348069300, 2.499999999999999100, 0.3341366514035029600 ) ) ;
#301 = CARTESIAN_POINT ( 'NONE',  ( 0.8159237824486526000, -1.831468129257661100, -0.9206657266975606400 ) ) ;
#302 = CARTESIAN_POINT ( 'NONE',  ( 3.103669293517152500E-006, -1.953007220863954000, -0.7909747607088050100 ) ) ;
#303 = CARTESIAN_POINT ( 'NONE',  ( 0.1871235988914623800, -1.494613532047313300, -0.7670639355679583800 ) ) ;
#304 = CARTESIAN_POINT ( 'NONE',  ( -0.7736902768968546600, 1.158713539472075800, -0.1539315335441447700 ) ) ;
#305 = CARTESIAN_POINT ( 'NONE',  ( 0.5135099816139517800, -0.5504078567980278400, 1.117843601061559100 ) ) ;
#306 = CARTESIAN_POINT ( 'NONE',  ( 0.4802147379254089200, -1.974224150448257600, -0.6257762607410370900 ) ) ;
#307 = CARTESIAN_POINT ( 'NONE',  ( 1.129402089053771300, -2.472497047666052200, -0.4678645792929072600 ) ) ;
#308 = CARTESIAN_POINT ( 'NONE',  ( 0.2778911917008943800, 0.4076769986233726400, -0.7383081421114452400 ) ) ;
#309 = CARTESIAN_POINT ( 'NONE',  ( 0.5930919767610318700, 0.8153825974660347000, 0.5201571295916092000 ) ) ;
#310 = CARTESIAN_POINT ( 'NONE',  ( -0.5578013360594145100, -0.5150280784139972300, 0.5578044142444379400 ) ) ;
#311 = CARTESIAN_POINT ( 'NONE',  ( 1.219056427258389300, 2.062757476821453800, -0.02511837236530995600 ) ) ;
#312 = CARTESIAN_POINT ( 'NONE',  ( 0.9245476424938676700, -0.8154172211164237800, -0.8107975516649822400 ) ) ;
#313 = CARTESIAN_POINT ( 'NONE',  ( -1.123173583685137500, 1.365824468310110000, 0.5018787642611934900 ) ) ;
#314 = CARTESIAN_POINT ( 'NONE',  ( -0.08324481548316708900, 2.500000000000000400, 0.8139900523410315000 ) ) ;
#315 = CARTESIAN_POINT ( 'NONE',  ( 1.218750559550585000, 0.1577179524224220600, -0.1669100803615758400 ) ) ;
#316 = CARTESIAN_POINT ( 'NONE',  ( 1.102877193055012800, 2.017238104663307700, 0.5418681550412981500 ) ) ;
#317 = APPROVAL_PERSON_ORGANIZATION ( #2461, #1865, #1505 ) ;
#318 = CARTESIAN_POINT ( 'NONE',  ( -0.6550551668171495900, -2.110425289128737600, 1.041304853899784000 ) ) ;
#319 = CARTESIAN_POINT ( 'NONE',  ( -0.6850047324765651300, -1.806342021371943900, 0.3954874546611063000 ) ) ;
#320 = CARTESIAN_POINT ( 'NONE',  ( 0.3330951880159572800, -0.3358386118442126500, -0.7158633428923519800 ) ) ;
#321 = CARTESIAN_POINT ( 'NONE',  ( 0.3943900840516216300, 1.373294632226060200, 0.6831915652455303700 ) ) ;
#322 = CARTESIAN_POINT ( 'NONE',  ( -0.1669100803615854700, -0.8722820475775837600, -1.218750559550593900 ) ) ;
#323 = CARTESIAN_POINT ( 'NONE',  ( 0.7850601612559400300, -1.480666712484798100, 0.07737847156262350800 ) ) ;
#324 = CARTESIAN_POINT ( 'NONE',  ( 1.219017390404936000, -2.496999999655304900, -0.02934010443043130100 ) ) ;
#325 = CARTESIAN_POINT ( 'NONE',  ( -0.07738280380554565800, 0.4506105556600787900, -0.7850597333522054700 ) ) ;
#326 = CARTESIAN_POINT ( 'NONE',  ( -0.7850601612559290300, 0.5793332875151984100, -0.07737847156259396200 ) ) ;
#327 = CARTESIAN_POINT ( 'NONE',  ( 0.5201571295916492800, -0.2146174025339713800, -0.5930919767610045600 ) ) ;
#328 = CARTESIAN_POINT ( 'NONE',  ( 0.4175338795096356600, 1.989363999403556600, 0.6723079268780234300 ) ) ;
#329 = CARTESIAN_POINT ( 'NONE',  ( 0.8975113652285372500, -0.3647921461732052700, 0.8406176375655506300 ) ) ;
#330 = CARTESIAN_POINT ( 'NONE',  ( 0.4453549600243098000, -2.003155309558323900, 0.6520235804405935000 ) ) ;
#332 = B_SPLINE_CURVE_WITH_KNOTS ( 'NONE', 3,
 ( #2727, #932, #2043, #2059, #3488, #1338, #264, #2030, #2074, #571, #627, #3081, #4232, #990, #3107, #3136, #4561, #248, #3445, #3123, #1296, #4573, #1325, #3854, #3809, #2769, #4589, #2423, #3503, #1689, #3871, #1646, #4174, #1704, #4216, #961, #2016, #4534, #220, #2742, #2393, #585, #3095, #949, #3460, #1310, #3824, #1661, #4187, #4548, #599, #1722, #4246, #1384, #2089, #4605, #2453, #642, #3151, #3901, #2797, #1007, #295, #2812, #3519, #657, #3167, #1369, #1022, #3887, #3534, #3508, #3540, #980, #3190, #2851, #3141, #1728, #3172, #331, #2095, #2818, #1390, #1743, #1359, #1028, #3907, #996, #3860, #1406, #4640, #3877, #1711, #4237, #4267, #2079, #1042, #3493, #300, #3157, #632, #4625, #4594, #2833, #691, #2428, #2443, #270, #4578, #3555, #1012, #4611, #2109, #1343, #2459, #1694, #2476, #314, #4222, #285, #3923, #2064, #676, #3524, #2787, #2802, #663, #1760, #4284, #2127, #2491, #647, #1374, #3892, #4252, #4143, #1459, #1234, #869, #2317, #1952, #158, #2663, #3747, #1251, #4117, #2681, #525 ),
 .UNSPECIFIED., .F., .F.,
 ( 4, 2, 2, 2, 2, 2, 2, 2, 2, 2, 2, 2, 2, 2, 2, 2, 2, 2, 2, 2, 2, 2, 2, 2, 2, 2, 2, 2, 2, 2, 2, 2, 2, 2, 2, 2, 2, 2, 2, 2, 2, 2, 2, 2, 2, 2, 2, 2, 2, 2, 2, 2, 2, 2, 2, 2, 2, 2, 2, 2, 2, 2, 2, 2, 2, 2, 2, 2, 2, 2, 2, 2, 2, 4 ),
 ( 1.457683588764598500E-016, 0.002476302652451600700, 0.004952605304903055600, 0.007428907957354510100, 0.009905210609805967200, 0.01114336193603169200, 0.01238151326225741700, 0.01485781591470887100, 0.01981042121961177500, 0.02104857254583751600, 0.02228672387206324900, 0.02476302652451472000, 0.02971563182941766600, 0.03095378315564340000, 0.03219193448186914000, 0.03466823713432060800, 0.03962084243922356400, 0.04209714509167503100, 0.04457344774412651300, 0.04952605304902946100, 0.05200235570148092900, 0.05447865835393241000, 0.05943126365883535200, 0.06190756631128682000, 0.06438386896373830800, 0.06933647426864124300, 0.07057462559486697700, 0.07181277692109269700, 0.07428907957354416400, 0.07924168487844707200, 0.08171798753089853900, 0.08419429018334997900, 0.08667059283580143300, 0.08790874416202716600, 0.08914689548825290000, 0.09038504681447863400, 0.09162319814070435400, 0.09224227380381722100, 0.09255181163537365400, 0.09286134946693008800, 0.09301611838270830400, 0.09317088729848652100, 0.09348042513004295500, 0.09378996296159938800, 0.09409950079315579400, 0.09471857645626866100, 0.09533765211938152700, 0.09657580344560726100, 0.09905210609805870100, 0.1040047114029615700, 0.1052428627291873000, 0.1064810140554130200, 0.1089573167078644900, 0.1139099220127673800, 0.1163862246652188500, 0.1188625273176703000, 0.1213388299701217700, 0.1225769812963474900, 0.1238151326225732100, 0.1287677379274761200, 0.1300058892537018500, 0.1312440405799275600, 0.1337203432323790200, 0.1361966458848304600, 0.1374347972110562000, 0.1386729485372819300, 0.1436255538421848100, 0.1485781591470877200, 0.1498163104733134500, 0.1510544617995391900, 0.1535307644519906300, 0.1560070671044420700, 0.1572452184306678000, 0.1584833697568935300 ),
 .UNSPECIFIED. ) ;
#331 = CARTESIAN_POINT ( 'NONE',  ( -1.008126911391668000, 2.499999999999994700, 0.009435939019258220800 ) ) ;
#333 = CARTESIAN_POINT ( 'NONE',  ( 0.3509698115047771800, 0.2650087382957979600, -1.179021272115840200 ) ) ;
#334 = CARTESIAN_POINT ( 'NONE',  ( 1.206067579022625400, 0.9012497658148962400, -0.2398996534054383700 ) ) ;
#335 = CARTESIAN_POINT ( 'NONE',  ( 1.019291472996470800, -0.2006349003446711000, 0.6887761431329892900 ) ) ;
#336 = CARTESIAN_POINT ( 'NONE',  ( -1.190982286815484700, -1.861333333405547700, -0.3191234264092843700 ) ) ;
#337 = CARTESIAN_POINT ( 'NONE',  ( -0.4533300863079937600, 0.3508088199881984100, -0.6464346092772048600 ) ) ;
#338 = CARTESIAN_POINT ( 'NONE',  ( 0.5338484521726097900, -1.108352050660070100, 0.5817170473128687700 ) ) ;
#339 = CARTESIAN_POINT ( 'NONE',  ( -0.1940778486592325300, -1.194158148582193300, 1.214745373265775600 ) ) ;
#340 = CARTESIAN_POINT ( 'NONE',  ( 1.208496597305608800, -2.070686606881923200, 0.1860211147483855600 ) ) ;
#341 = CARTESIAN_POINT ( 'NONE',  ( 0.4594547491197965000, 0.7939174359709065800, 0.6412585577140286200 ) ) ;
#342 = CARTESIAN_POINT ( 'NONE',  ( 0.6831915652455518000, 0.3432946322260092600, -0.3943900840515949800 ) ) ;
#343 = CARTESIAN_POINT ( 'NONE',  ( 0.7783253155229472600, -0.2789959655343116100, -0.1284621388706597100 ) ) ;
#344 = CARTESIAN_POINT ( 'NONE',  ( -1.080558881526776800, 1.806090845971574800, -0.5945227167996084400 ) ) ;
#345 = CARTESIAN_POINT ( 'NONE',  ( 0.2792288058155946700, -1.008542398046557800, 1.197584530361343900 ) ) ;
#346 = CARTESIAN_POINT ( 'NONE',  ( 0.5145211900667794300, -1.831481992321177600, -0.5989583206650679300 ) ) ;
#347 = CARTESIAN_POINT ( 'NONE',  ( 0.7176541252022526900, 2.910122766999081900, 0.3209802925710567000 ) ) ;
#348 = CARTESIAN_POINT ( 'NONE',  ( -0.2462562586872412100, 1.488133551528745900, -1.205251456002034600 ) ) ;
#349 = CARTESIAN_POINT ( 'NONE',  ( 0.7801092823698235800, 0.9656253526974906100, -0.9505710322136651200 ) ) ;
#350 = CARTESIAN_POINT ( 'NONE',  ( 0.9206657266975196700, -0.8014681292576572000, 0.8159237824486399400 ) ) ;
#351 = CARTESIAN_POINT ( 'NONE',  ( -0.5593042121328519700, -1.788008584476241000, 0.5593040373145192800 ) ) ;
#352 = CARTESIAN_POINT ( 'NONE',  ( 0.6609461324070381400, 0.2005933942940266200, -0.4319166502023477100 ) ) ;
#353 = CARTESIAN_POINT ( 'NONE',  ( 0.7116661977728884200, -0.4002353568406948900, -0.3419728846935862800 ) ) ;
#354 = CARTESIAN_POINT ( 'NONE',  ( 1.048003454666734700, 0.09334236315080046700, 0.6441558405059579800 ) ) ;
#355 = CARTESIAN_POINT ( 'NONE',  ( 1.129396159070533300, -2.524502952472067500, 0.4669280819313982900 ) ) ;
#356 = CARTESIAN_POINT ( 'NONE',  ( 0.4802181885864057500, 1.974167993566093800, 0.6257736121988147800 ) ) ;
#357 = CARTESIAN_POINT ( 'NONE',  ( -0.4165928773178057000, -0.4935768677987124600, 0.6698812358309516000 ) ) ;
#358 = CARTESIAN_POINT ( 'NONE',  ( -1.067813272474487500, 2.243333336071073900, -0.6165022988476960300 ) ) ;
#359 = CARTESIAN_POINT ( 'NONE',  ( -0.3569623215526911400, 0.7081248816655875100, 1.176743586244294500 ) ) ;
#360 = CARTESIAN_POINT ( 'NONE',  ( -0.3186129340779780800, -1.509634501076743800, 0.7224906015210415000 ) ) ;
#361 = CARTESIAN_POINT ( 'NONE',  ( -0.3734664843314336500, 2.643861901736084700, -0.6976737524823430900 ) ) ;
#362 = CARTESIAN_POINT ( 'NONE',  ( 0.9961625100187202500, 1.380842845936141300, -0.7217164919080568700 ) ) ;
#363 = CARTESIAN_POINT ( 'NONE',  ( -0.2792288058156743900, 1.051457601953453600, -1.197584530361312200 ) ) ;
#364 = ORIENTED_EDGE ( 'NONE', *, *, #2442, .T. ) ;
#365 =( BOUNDED_CURVE ( )  B_SPLINE_CURVE ( 3, ( #1735, #1350, #2794, #1718 ),
 .UNSPECIFIED., .F., .T. ) 
 B_SPLINE_CURVE_WITH_KNOTS ( ( 4, 4 ),
 ( 0.0000000000000000000, 0.5000000000000008900 ),
 .UNSPECIFIED. ) 
 CURVE ( )  GEOMETRIC_REPRESENTATION_ITEM ( )  RATIONAL_B_SPLINE_CURVE ( ( 1.000000000000000000, 0.3333333333333322000, 0.3333333333333333700, 1.000000000000001100 ) ) 
 REPRESENTATION_ITEM ( '' )  );
#366 = CARTESIAN_POINT ( 'NONE',  ( 1.123173586471658300, -0.6941755330086978300, -0.5018787815013524600 ) ) ;
#367 = CARTESIAN_POINT ( 'NONE',  ( -0.5593106231269249200, -2.335008739195000100, -0.5593098412247525800 ) ) ;
#368 = CARTESIAN_POINT ( 'NONE',  ( 0.1364853849503969200, 0.8658244858415559100, -0.7776883174920166100 ) ) ;
#369 = CARTESIAN_POINT ( 'NONE',  ( -0.5707468231297154700, -0.8079414659170299800, -0.5455873343891489700 ) ) ;
#370 = CARTESIAN_POINT ( 'NONE',  ( 1.227913503728381000, 1.316467236742397500, 0.07407098981113363600 ) ) ;
#371 = LINE ( 'NONE', #1772, #1550 ) ;
#372 = CARTESIAN_POINT ( 'NONE',  ( -1.190999565481081200, -2.735333333232555100, -0.3191266877918118600 ) ) ;
#373 = CARTESIAN_POINT ( 'NONE',  ( 1.129402089053779000, -2.087502952333949200, 0.4678645792928914900 ) ) ;
#374 = CARTESIAN_POINT ( 'NONE',  ( 0.05160846142021181100, 1.330391547374563600, 0.7871626541057528100 ) ) ;
#375 = CARTESIAN_POINT ( 'NONE',  ( 0.7366459097096953500, 2.035333683681914700, 0.2795813421226673900 ) ) ;
#376 = CARTESIAN_POINT ( 'NONE',  ( 1.227061010144722400, 0.3004165873972898800, -0.08042515269644816300 ) ) ;
#377 = CARTESIAN_POINT ( 'NONE',  ( -0.1605179022286718800, 1.630834093455880900, -1.219185301706475100 ) ) ;
#378 = CARTESIAN_POINT ( 'NONE',  ( -0.5883028260629626900, -0.3723175095695800400, 0.5266663369767420300 ) ) ;
#379 = CARTESIAN_POINT ( 'NONE',  ( 1.218943572741551900, 2.937242523178553300, 0.02511837236526906500 ) ) ;
#380 = CARTESIAN_POINT ( 'NONE',  ( -0.9549550897752414600, 1.552509199642960100, -0.7754321038064097000 ) ) ;
#381 = CARTESIAN_POINT ( 'NONE',  ( 0.8505845770681288400, -1.679528295642545000, 0.8884106044468311800 ) ) ;
#382 = CARTESIAN_POINT ( 'NONE',  ( -0.9720739401471864000, -0.5010506505475913500, -0.7539653054451215300 ) ) ;
#383 = CARTESIAN_POINT ( 'NONE',  ( -0.5593156104983213500, -2.662008584306605900, 0.5593170687492015100 ) ) ;
#384 = CARTESIAN_POINT ( 'NONE',  ( -0.5817170473128910900, -0.07835205066006091500, 0.5338484521725924700 ) ) ;
#385 = CARTESIAN_POINT ( 'NONE',  ( 0.6052298386755755600, -0.5075129312399241400, 0.5070422442860944600 ) ) ;
#386 = CARTESIAN_POINT ( 'NONE',  ( -0.3632091593354951400, 0.9087589425545745700, -1.175301624887834500 ) ) ;
#387 = CARTESIAN_POINT ( 'NONE',  ( 0.8406176375655406400, -1.394792146173208500, -0.8975113652285557900 ) ) ;
#388 = CARTESIAN_POINT ( 'NONE',  ( 0.9755813789846700100, -0.9441668235290108200, 0.7485916255371259900 ) ) ;
#389 = CARTESIAN_POINT ( 'NONE',  ( 0.7682050723921267600, 2.037028481911897800, 0.1830580936916087200 ) ) ;
#390 = CARTESIAN_POINT ( 'NONE',  ( 0.5201604023154059500, 0.2145612457092682100, 0.5930891059392711100 ) ) ;
#391 =( LENGTH_UNIT ( ) NAMED_UNIT ( * ) SI_UNIT ( $, .METRE. ) );
#392 = CARTESIAN_POINT ( 'NONE',  ( -1.044260491328600200, 0.5364585286594849600, -0.6493608992125810000 ) ) ;
#393 = CARTESIAN_POINT ( 'NONE',  ( 0.7801092823698235800, 0.9656253526974906100, -0.9505710322136651200 ) ) ;
#394 = CARTESIAN_POINT ( 'NONE',  ( 0.5989583206650298500, -0.8014819923211428100, 0.5145211900667638900 ) ) ;
#395 = CARTESIAN_POINT ( 'NONE',  ( -0.6722680359625075000, 2.680528294123387700, -0.4174691975693729000 ) ) ;
#396 = CARTESIAN_POINT ( 'NONE',  ( -0.6441558405059045800, 1.123342363150809500, 1.048003454666777400 ) ) ;
#397 = CARTESIAN_POINT ( 'NONE',  ( 0.8505855692247923400, -2.443471704304668500, -0.8882037499754517100 ) ) ;
#398 = CARTESIAN_POINT ( 'NONE',  ( 1.166947447045492100, -0.1148009063135192200, -0.3893643071844396000 ) ) ;
#399 = CARTESIAN_POINT ( 'NONE',  ( 0.6868415920121616600, -2.532139419512348300, 0.3760891496233278500 ) ) ;
#400 = CARTESIAN_POINT ( 'NONE',  ( -0.5882615819946543900, 0.3722613512031475200, -0.5266268662031785600 ) ) ;
#401 = CARTESIAN_POINT ( 'NONE',  ( -0.5817170473128910900, -0.07835205066006091500, 0.5338484521725924700 ) ) ;
#402 = CARTESIAN_POINT ( 'NONE',  ( -1.041257520187251200, 1.080425290776313900, 0.6550235485444327900 ) ) ;
#403 = CARTESIAN_POINT ( 'NONE',  ( 0.2792288058155946700, -1.008542398046557800, 1.197584530361343900 ) ) ;
#404 = CARTESIAN_POINT ( 'NONE',  ( -0.8695246996650987100, -0.5149999999982865000, 0.8695246996967516100 ) ) ;
#405 = CARTESIAN_POINT ( 'NONE',  ( -0.3018281107065058900, 1.287485399317090500, 0.7288353661821225200 ) ) ;
#406 = CARTESIAN_POINT ( 'NONE',  ( 0.2041203490315172400, 0.1716252698052534200, 0.7619999099558533200 ) ) ;
#407 = DIRECTION ( 'NONE',  ( -0.0000000000000000000, 1.000000000000000000, 0.0000000000000000000 ) ) ;
#408 = CARTESIAN_POINT ( 'NONE',  ( 1.044260491308581600, 1.523541471343503600, -0.6493608992459769500 ) ) ;
#409 = CARTESIAN_POINT ( 'NONE',  ( -1.229040584140772800, 1.180208757684328100, 0.04023867202526913000 ) ) ;
#410 = CARTESIAN_POINT ( 'NONE',  ( 0.3419958827971631400, -0.6298208011356921700, -0.7117184478208881100 ) ) ;
#411 = CARTESIAN_POINT ( 'NONE',  ( 0.1801713513130614200, 2.845535634711524200, 0.7705363695845542900 ) ) ;
#412 = CARTESIAN_POINT ( 'NONE',  ( 1.227913503728381000, 1.316467236742397500, 0.07407098981113363600 ) ) ;
#413 = CARTESIAN_POINT ( 'NONE',  ( 0.7469772529038482000, -1.502123793246389800, 0.2536189270951947300 ) ) ;
#414 = CARTESIAN_POINT ( 'NONE',  ( 0.5018787815014094100, 0.3358244669913115800, 1.123173586471620600 ) ) ;
#415 = CARTESIAN_POINT ( 'NONE',  ( -0.6850119987393199500, -2.243342021285090700, 0.3954924547244410000 ) ) ;
#416 = CARTESIAN_POINT ( 'NONE',  ( -0.3185916689904276200, 1.509578346095827400, -0.7224376186637231400 ) ) ;
#417 = CARTESIAN_POINT ( 'NONE',  ( 0.9505793745823155600, 1.995585498437209400, 0.7806309407859489700 ) ) ;
#418 = CARTESIAN_POINT ( 'NONE',  ( 0.4393010449497558600, 1.209176441070967800, 1.149012459229642700 ) ) ;
#419 = CARTESIAN_POINT ( 'NONE',  ( -0.4331610122147706600, -1.652291346047198900, 1.150892356788517200 ) ) ;
#420 = CARTESIAN_POINT ( 'NONE',  ( -1.223782262022829600, -0.5793755252524264200, 0.1205265572556559200 ) ) ;
#421 = CARTESIAN_POINT ( 'NONE',  ( 0.6412610925163019200, 0.2360264072046265900, 0.4594512098476824000 ) ) ;
#422 = APPLICATION_CONTEXT ( 'configuration controlled 3d designs of mechanical parts and assemblies' ) ;
#423 = CARTESIAN_POINT ( 'NONE',  ( 1.120083624666769800, 0.9227082935854712400, -0.5075029183502747200 ) ) ;
#424 = CARTESIAN_POINT ( 'NONE',  ( -0.5070803536305964500, -0.5225432248197768900, -0.6052723471583509900 ) ) ;
#425 = CARTESIAN_POINT ( 'NONE',  ( -0.2945948658152595700, 1.934424145214604900, 1.197614160946850700 ) ) ;
#426 = CARTESIAN_POINT ( 'NONE',  ( 1.229040584140789000, -0.8797912423156846200, -0.04023867202516740600 ) ) ;
#427 = CARTESIAN_POINT ( 'NONE',  ( 1.000499999999999900, -2.500000000000000000, 0.0000000000000000000 ) ) ;
#428 = CARTESIAN_POINT ( 'NONE',  ( -0.4393228359072548500, 0.8508235571309069600, 1.149065046145555800 ) ) ;
#429 = CARTESIAN_POINT ( 'NONE',  ( 0.6326365817679813200, -2.104313417466201900, 0.4636673508854117800 ) ) ;
#430 = CARTESIAN_POINT ( 'NONE',  ( -0.7838048823496296400, 2.217680045633313700, 0.09505789155630801900 ) ) ;
#431 = CARTESIAN_POINT ( 'NONE',  ( 0.8159237824486526000, -1.831468129257661100, -0.9206657266975606400 ) ) ;
#432 = CARTESIAN_POINT ( 'NONE',  ( 0.2398993121837620600, -1.931250443738668800, -1.206058573628584700 ) ) ;
#433 = SHAPE_DEFINITION_REPRESENTATION ( #3178, #72 ) ;
#434 = CARTESIAN_POINT ( 'NONE',  ( 0.08042515265263973400, -1.330416587393932200, -1.227061010147361100 ) ) ;
#435 = CARTESIAN_POINT ( 'NONE',  ( 0.3569623215527417700, -1.351875118334423300, -1.176743586244293900 ) ) ;
#436 = CARTESIAN_POINT ( 'NONE',  ( -0.5392150451836399400, 0.6651939907633165300, 0.5758039591960711900 ) ) ;
#437 = PERSON_AND_ORGANIZATION_ROLE ( 'classification_officer' ) ;
#438 = CARTESIAN_POINT ( 'NONE',  ( 1.084501027639235700, 0.8368742989370647800, 0.5796874518067393100 ) ) ;
#439 = CARTESIAN_POINT ( 'NONE',  ( 0.4101863206932093700, -0.05046615229227067300, -0.6747307256046190000 ) ) ;
#440 = CARTESIAN_POINT ( 'NONE',  ( 0.6685682741132301700, 2.021425805082428100, 0.4157205885494106900 ) ) ;
#441 = CARTESIAN_POINT ( 'NONE',  ( 0.2398993121837620600, -1.931250443738668800, -1.206058573628584700 ) ) ;
#442 = CARTESIAN_POINT ( 'NONE',  ( 0.9861685091821029700, -2.104304536116233100, 0.7228861873227974100 ) ) ;
#443 = CARTESIAN_POINT ( 'NONE',  ( -1.003676519445232200, 0.2070733814421403000, 0.7113396137628227300 ) ) ;
#444 = CARTESIAN_POINT ( 'NONE',  ( 0.9861762111944133400, -2.541304536016895100, 0.7232960172974254300 ) ) ;
#445 = CARTESIAN_POINT ( 'NONE',  ( 0.5817170473128140400, 1.981647949339929700, -0.5338484521726322200 ) ) ;
#446 = CARTESIAN_POINT ( 'NONE',  ( 1.133269190401506900, -2.500000000000000000, -0.4459702892680788600 ) ) ;
#447 = CARTESIAN_POINT ( 'NONE',  ( 1.219017390404935700, -2.494935314653897100, -0.05620828144502865200 ) ) ;
#448 = CARTESIAN_POINT ( 'NONE',  ( 1.175301624887801900, 1.938758942554578800, -0.3632091593355552500 ) ) ;
#449 = CARTESIAN_POINT ( 'NONE',  ( -1.064947164945457800, -1.716666353732538000, 0.6148508074799720100 ) ) ;
#450 = CARTESIAN_POINT ( 'NONE',  ( -1.187801319991358200, -1.201667227369093400, -0.3182765988274967600 ) ) ;
#451 = CARTESIAN_POINT ( 'NONE',  ( 0.6154371303923253900, 0.3787066608490819400, 0.4947269247941065200 ) ) ;
#452 = CARTESIAN_POINT ( 'NONE',  ( -0.5930891059392423600, 1.244561245709262500, 0.5201604023154295900 ) ) ;
#453 = CARTESIAN_POINT ( 'NONE',  ( -3.270766437965237500E-006, 2.389999522950336800, 1.233011129243778200 ) ) ;
#454 = CARTESIAN_POINT ( 'NONE',  ( 1.218999999999970600, 2.500000000000003600, -2.046260484904555200E-014 ) ) ;
#455 = CARTESIAN_POINT ( 'NONE',  ( 0.6747307256046332100, 0.9795338477077379900, 0.4101863206931674600 ) ) ;
#456 = CARTESIAN_POINT ( 'NONE',  ( -0.5413765049751001500, 1.897710043507761000, 0.5773121559189570200 ) ) ;
#457 = CARTESIAN_POINT ( 'NONE',  ( 0.1205265572557566700, -1.609375525252416200, 1.223782262022836500 ) ) ;
#458 = CARTESIAN_POINT ( 'NONE',  ( -0.2047221794368804500, -2.188341415637071300, 0.7640324938202819300 ) ) ;
#459 = CARTESIAN_POINT ( 'NONE',  ( -1.229305358604375000, 1.322907386410435700, -0.04664921676541427400 ) ) ;
#460 = CARTESIAN_POINT ( 'NONE',  ( -0.8718715684767813800, -2.662000000129427500, 0.8718723887063426500 ) ) ;
#461 = CARTESIAN_POINT ( 'NONE',  ( 0.3793001824591110100, 1.423717449731204600, -0.6924783140243731000 ) ) ;
#462 = CARTESIAN_POINT ( 'NONE',  ( 1.107327666020859100, -2.500000000000000400, -0.5057944645003917800 ) ) ;
#463 = CARTESIAN_POINT ( 'NONE',  ( -0.5018787815013512300, -1.724175533008702100, -1.123173586471640300 ) ) ;
#464 = CARTESIAN_POINT ( 'NONE',  ( -1.149012459567449100, 2.239176440632388900, 0.4393010584723920900 ) ) ;
#465 = CARTESIAN_POINT ( 'NONE',  ( -0.6148508074738106000, -0.6866663537285815400, -1.064947164947468700 ) ) ;
#466 = CARTESIAN_POINT ( 'NONE',  ( -0.9505710321984589500, 0.06437464730445410800, 0.7801092823900202000 ) ) ;
#467 = CARTESIAN_POINT ( 'NONE',  ( 0.7707810834147870200, 0.4216426077052989300, 0.1714229310476495500 ) ) ;
#468 = CARTESIAN_POINT ( 'NONE',  ( 0.4594547491197965000, 0.7939174359709065800, 0.6412585577140286200 ) ) ;
#469 = CARTESIAN_POINT ( 'NONE',  ( 0.2778911917008943800, 0.4076769986233726400, -0.7383081421114452400 ) ) ;
#470 = CARTESIAN_POINT ( 'NONE',  ( 0.02540516443347379600, 2.607243673351961300, -1.232976699958657100 ) ) ;
#471 = CARTESIAN_POINT ( 'NONE',  ( 0.7418073894718637500, -0.1791905895217115700, 0.2705610333971439400 ) ) ;
#472 = CARTESIAN_POINT ( 'NONE',  ( -0.5773122333264043600, 1.787709869175318600, -0.5413766234066689200 ) ) ;
#473 = CARTESIAN_POINT ( 'NONE',  ( 0.6148508074489197300, -1.373333646269173900, -1.064947164962966000 ) ) ;
#474 = CARTESIAN_POINT ( 'NONE',  ( 0.7752243405789862600, -1.633719381719979100, 0.1198671719670467600 ) ) ;
#475 = CARTESIAN_POINT ( 'NONE',  ( 1.223625230137905400, 1.022489961662601500, 0.1269579559021542500 ) ) ;
#476 = CARTESIAN_POINT ( 'NONE',  ( 0.6165022684629432000, -2.133333178161958400, 1.067810575837817600 ) ) ;
#477 = CARTESIAN_POINT ( 'NONE',  ( 0.3650565839455189300, 1.809970640233978400, 0.7000859818111765400 ) ) ;
#478 = CARTESIAN_POINT ( 'NONE',  ( 0.9518519307471279300, -2.499999999999998700, -0.7535113774870799700 ) ) ;
#479 = CARTESIAN_POINT ( 'NONE',  ( -1.019291469817694700, -2.260634895434309000, -0.6887761803408054600 ) ) ;
#480 = CARTESIAN_POINT ( 'NONE',  ( -1.166892975796713500, 2.174800906904561500, -0.3893477809910794700 ) ) ;
#481 = CARTESIAN_POINT ( 'NONE',  ( -0.5075029183502217700, -0.1072917064145349300, -1.120083624666799800 ) ) ;
#482 = CARTESIAN_POINT ( 'NONE',  ( -1.102888513654835200, 0.04291616595394040500, 0.5438787747203838200 ) ) ;
#483 = CARTESIAN_POINT ( 'NONE',  ( -0.6925274438503531400, -0.3937736084002376700, 0.3793292552032271300 ) ) ;
#484 = CARTESIAN_POINT ( 'NONE',  ( 0.3419728846936054300, 0.6297646431593133500, 0.7116661977728723200 ) ) ;
#485 = CARTESIAN_POINT ( 'NONE',  ( -0.5004862537460612600, 1.094358495215511000, -0.6097617274596390800 ) ) ;
#486 = CARTESIAN_POINT ( 'NONE',  ( -0.8718657934788351900, 2.224999989863727800, -0.8718657529734765700 ) ) ;
#487 = CARTESIAN_POINT ( 'NONE',  ( -0.7873687501155795000, 0.7434912409815566100, 0.05959083917392785100 ) ) ;
#488 = CARTESIAN_POINT ( 'NONE',  ( 0.5274935982260979800, 1.679206618400951100, -0.5875218666367022500 ) ) ;
#489 = CARTESIAN_POINT ( 'NONE',  ( -1.044260491308652600, -0.5364585286565067800, 0.6493608992458846900 ) ) ;
#490 = CARTESIAN_POINT ( 'NONE',  ( 0.7835876670828506600, -1.627594244340675500, 0.06796988360600253500 ) ) ;
#491 = CARTESIAN_POINT ( 'NONE',  ( 0.6831815811800902000, 0.3862506638882601300, -1.022467019795835200 ) ) ;
#492 = CARTESIAN_POINT ( 'NONE',  ( -0.7671077746592066500, -1.595445713633461700, 0.1871403922565218200 ) ) ;
#493 = CARTESIAN_POINT ( 'NONE',  ( 0.9861748209976750600, -2.892695463793113000, -0.7228923342533329900 ) ) ;
#494 = CARTESIAN_POINT ( 'NONE',  ( -0.9206241862837298800, -1.258531872577603300, 0.8158848642996491300 ) ) ;
#495 = CARTESIAN_POINT ( 'NONE',  ( -0.5488847718255196500, -2.499999999999999100, -1.027601853222107800 ) ) ;
#496 = CARTESIAN_POINT ( 'NONE',  ( -0.4766819893011132200, -0.3293843209227777000, 1.134080772637728400 ) ) ;
#497 = CARTESIAN_POINT ( 'NONE',  ( -0.5018569905260671400, 1.724175534808416900, 1.123120999566138400 ) ) ;
#498 = CARTESIAN_POINT ( 'NONE',  ( -1.229708064287333300, -2.632905100741331900E-012, -3.471319005552333700E-011 ) ) ;
#499 = CARTESIAN_POINT ( 'NONE',  ( 1.164439485753259000, 1.502082942789234400, -0.3952700781600259100 ) ) ;
#500 = CARTESIAN_POINT ( 'NONE',  ( 0.7895661599215371100, 0.4431006150777314100, -0.008080017677928654300 ) ) ;
#501 = CARTESIAN_POINT ( 'NONE',  ( -0.2215621301631682800, 0.9087436361856149300, -0.7578379916903329500 ) ) ;
#502 = CARTESIAN_POINT ( 'NONE',  ( 0.2398993122448805600, 1.931250443757048600, 1.206058573427551700 ) ) ;
#503 = CARTESIAN_POINT ( 'NONE',  ( 0.2462190920826647400, -0.02899893612022763600, -0.7502615391169604700 ) ) ;
#504 = CARTESIAN_POINT ( 'NONE',  ( -1.190990920325257100, 2.261666665980228700, -0.3191250493027064600 ) ) ;
#505 = CARTESIAN_POINT ( 'NONE',  ( 0.1605179022803889500, 0.4291659065402108600, -1.219185301701688000 ) ) ;
#506 = CARTESIAN_POINT ( 'NONE',  ( -0.5593039319564023800, -1.898008739282893700, -0.5593040518481501300 ) ) ;
#507 = CARTESIAN_POINT ( 'NONE',  ( 1.219000000000000700, -2.060000000000000500, -4.256115602960911500E-015 ) ) ;
#508 = CARTESIAN_POINT ( 'NONE',  ( 0.2121540332819842100, -1.445234485123864500, 0.7605843064859845200 ) ) ;
#509 = CARTESIAN_POINT ( 'NONE',  ( 1.070497533674076500, -2.532138930744526100, 0.5867217909089369500 ) ) ;
#510 = CARTESIAN_POINT ( 'NONE',  ( -1.123120996779993600, -1.365824464706512100, -0.5018569967698863800 ) ) ;
#511 = CARTESIAN_POINT ( 'NONE',  ( -0.07851584847480046200, -2.500000000000000000, -0.8126538031316342700 ) ) ;
#512 = CARTESIAN_POINT ( 'NONE',  ( 1.149065046145578000, -0.1791764428690979200, 0.4393228359073249600 ) ) ;
#513 = CARTESIAN_POINT ( 'NONE',  ( -1.219185301701685800, -0.6008340934597968800, -0.1605179022804488500 ) ) ;
#514 =( BOUNDED_CURVE ( )  B_SPLINE_CURVE ( 3, ( #4183, #621, #4557, #2051 ),
 .UNSPECIFIED., .F., .F. ) 
 B_SPLINE_CURVE_WITH_KNOTS ( ( 4, 4 ),
 ( 0.5000000000000002200, 1.000000000000000000 ),
 .UNSPECIFIED. ) 
 CURVE ( )  GEOMETRIC_REPRESENTATION_ITEM ( )  RATIONAL_B_SPLINE_CURVE ( ( 0.9999999999999996700, 0.3333333333333333700, 0.3333333333333336500, 1.000000000000000000 ) ) 
 REPRESENTATION_ITEM ( '' )  );
#515 = CARTESIAN_POINT ( 'NONE',  ( 0.5796874517534852400, 0.1931257010584284400, 1.084501027665788000 ) ) ;
#516 = CARTESIAN_POINT ( 'NONE',  ( -0.04023864897806436100, 1.909791061815504500, 1.229042911325850800 ) ) ;
#517 = EDGE_CURVE ( 'NONE', #1826, #23, #4219, .T. ) ;
#518 = CARTESIAN_POINT ( 'NONE',  ( 0.7418073894718637500, -0.1791905895217115700, 0.2705610333971439400 ) ) ;
#519 = CARTESIAN_POINT ( 'NONE',  ( 0.7000859818111563300, 0.7799706402339274800, -0.3650565839454706400 ) ) ;
#520 = CARTESIAN_POINT ( 'NONE',  ( -1.233004539824354100, 2.279999999999974000, 5.523325065871266500E-013 ) ) ;
#521 = CARTESIAN_POINT ( 'NONE',  ( 0.7820390385903184200, 1.620896469407973100, -0.002474896277909799200 ) ) ;
#522 = CARTESIAN_POINT ( 'NONE',  ( 0.3191357957047653000, 2.408335028919486500, 1.190966101269475900 ) ) ;
#523 = CARTESIAN_POINT ( 'NONE',  ( 1.064947164962951800, -0.3433336462691711200, 0.6148508074489288400 ) ) ;
#524 = CARTESIAN_POINT ( 'NONE',  ( -0.3954921632839621900, -2.353341777537191900, -0.6850119296944469100 ) ) ;
#525 = CARTESIAN_POINT ( 'NONE',  ( 0.7820000035976124600, 2.499999999999970200, -1.524398158656182000E-014 ) ) ;
#526 = CARTESIAN_POINT ( 'NONE',  ( -0.05959153467645594100, -2.346506629440678400, -0.7873738897461849400 ) ) ;
#527 = CARTESIAN_POINT ( 'NONE',  ( 1.123997175332525100, 2.910148022571696000, 0.4857884174938830200 ) ) ;
#528 = CARTESIAN_POINT ( 'NONE',  ( -0.1940778486592325300, -1.194158148582193300, 1.214745373265775600 ) ) ;
#529 = CARTESIAN_POINT ( 'NONE',  ( -1.032408206354597000, -2.500000000000001800, -0.06017422314216119800 ) ) ;
#530 = CARTESIAN_POINT ( 'NONE',  ( 0.9962076681941326500, -1.380842846700968800, 0.7217511472677408100 ) ) ;
#531 = CARTESIAN_POINT ( 'NONE',  ( -0.08042515269639924400, -0.7295834126027167500, -1.227061010144732800 ) ) ;
#532 = CARTESIAN_POINT ( 'NONE',  ( -0.7485916255693069200, -0.08583317646785303100, -0.9755813789593316100 ) ) ;
#533 = CARTESIAN_POINT ( 'NONE',  ( 0.3952700781399677800, 1.587917057212370400, -1.164439485758853800 ) ) ;
#534 = CARTESIAN_POINT ( 'NONE',  ( -0.7871626542376881600, -1.759608452792804000, 0.05160846165090500500 ) ) ;
#535 = CARTESIAN_POINT ( 'NONE',  ( 0.7158633428923633100, 0.6941613881557990900, 0.3330951880159293600 ) ) ;
#536 = CARTESIAN_POINT ( 'NONE',  ( 3.862011111018198300E-006, 2.389950191374002700, 0.7909859444325096900 ) ) ;
#537 = CARTESIAN_POINT ( 'NONE',  ( 0.7820000003448874800, -2.056050681933340800, -0.05161989915961073800 ) ) ;
#538 = CARTESIAN_POINT ( 'NONE',  ( -3.270641415683585700E-006, 2.170000476965883200, -1.233011127782315900 ) ) ;
#539 = CARTESIAN_POINT ( 'NONE',  ( 0.4331610121514535300, -0.4077086539578738100, 1.150892356813197000 ) ) ;
#540 = CARTESIAN_POINT ( 'NONE',  ( 0.7516793478504615300, -2.917139078342766200, -0.2193075586816416500 ) ) ;
#541 = CARTESIAN_POINT ( 'NONE',  ( 0.3650812805011126000, -1.810026798472703200, -0.7001374513546646500 ) ) ;
#542 = CARTESIAN_POINT ( 'NONE',  ( 0.6164677731863776900, 2.133339337733255000, -1.067905141736215800 ) ) ;
#543 = CARTESIAN_POINT ( 'NONE',  ( 1.218982609595064700, -1.613327488730658100, -0.09653030875343023000 ) ) ;
#544 = CARTESIAN_POINT ( 'NONE',  ( -0.2729780462218280900, -2.499999999999999100, -0.7813909606325911700 ) ) ;
#545 = CARTESIAN_POINT ( 'NONE',  ( -1.041304853900759000, -1.080425289128013700, -0.6550551668223201200 ) ) ;
#546 = CARTESIAN_POINT ( 'NONE',  ( -0.8107975410596232100, -1.845417225565945800, -0.9245476067365198100 ) ) ;
#547 = CARTESIAN_POINT ( 'NONE',  ( -0.9995576373504191400, 1.823958938887748000, 0.7162810875395239100 ) ) ;
#548 = CARTESIAN_POINT ( 'NONE',  ( 1.223782262022805400, 1.480624474747584300, -0.1205265572557761400 ) ) ;
#549 = LOCAL_TIME ( 9, 41, 6.000000000000000000, #1502 ) ;
#550 = CARTESIAN_POINT ( 'NONE',  ( 0.6313271415722414600, 1.558743480155406100, 0.4753231812365106300 ) ) ;
#551 = CARTESIAN_POINT ( 'NONE',  ( -0.5882615819946543900, 0.3722613512031475200, -0.5266268662031785600 ) ) ;
#552 = DESIGN_CONTEXT ( 'detailed design', #422, 'design' ) ;
#553 = CARTESIAN_POINT ( 'NONE',  ( 1.129402089053771300, -2.472497047666052200, -0.4678645792929072600 ) ) ;
#554 = CARTESIAN_POINT ( 'NONE',  ( 0.7222221335754051000, 1.580960811260619300, 0.3149824091721705200 ) ) ;
#555 = CARTESIAN_POINT ( 'NONE',  ( 1.020018404682211800, 2.458718596174465500, 0.6821189772798804700 ) ) ;
#556 = CARTESIAN_POINT ( 'NONE',  ( 1.176743586231536500, 0.3218751183376872800, -0.3569623215934738000 ) ) ;
#557 = CARTESIAN_POINT ( 'NONE',  ( -0.7640400780141293200, -2.698675320544999600, 0.2047251198917760800 ) ) ;
#558 = CARTESIAN_POINT ( 'NONE',  ( 0.1110731920216685200, -2.046065415758020900, 0.7817606606287277300 ) ) ;
#559 = CARTESIAN_POINT ( 'NONE',  ( -0.8718657934788351900, 2.224999989863727800, -0.8718657529734765700 ) ) ;
#560 = CARTESIAN_POINT ( 'NONE',  ( -0.5498161009349529200, -1.430198395051948600, -1.100428491187071400 ) ) ;
#561 = CARTESIAN_POINT ( 'NONE',  ( -0.7142638241838169500, -2.499999999999999100, -0.5045856126984497000 ) ) ;
#562 = CARTESIAN_POINT ( 'NONE',  ( -1.223625230137897600, -1.037510038337411600, -0.1269579559022682200 ) ) ;
#563 = CARTESIAN_POINT ( 'NONE',  ( -1.213270992575011600, -1.781041939933817300, -0.2003143265468724000 ) ) ;
#564 = CARTESIAN_POINT ( 'NONE',  ( -1.120083624685112500, 1.137291706417956800, -0.5075029183094966800 ) ) ;
#565 = CARTESIAN_POINT ( 'NONE',  ( -1.022467019816242700, 0.6437493361092271300, 0.6831815811536281500 ) ) ;
#566 = CARTESIAN_POINT ( 'NONE',  ( 0.2536230489876381600, -1.587932363579710200, 0.7469758525558073400 ) ) ;
#567 = CARTESIAN_POINT ( 'NONE',  ( -0.7116661977728512300, 1.659764643159319800, 0.3419728846936430600 ) ) ;
#568 = CARTESIAN_POINT ( 'NONE',  ( -0.3954921632839621400, -2.353341777537191900, -0.6850119296944469100 ) ) ;
#569 = CARTESIAN_POINT ( 'NONE',  ( -0.2047248472147909200, 2.188284973194698100, -0.7640306610202499700 ) ) ;
#570 = CARTESIAN_POINT ( 'NONE',  ( -0.1364971375274242600, 1.194119358716451100, -0.7777441848109366600 ) ) ;
#571 = CARTESIAN_POINT ( 'NONE',  ( 1.150617369409444600, 2.500000000000000400, 0.4004349053054934700 ) ) ;
#572 = CARTESIAN_POINT ( 'NONE',  ( 0.3018281107065667900, -0.7725146006829684000, -0.7288353661821080900 ) ) ;
#573 = CARTESIAN_POINT ( 'NONE',  ( 0.7752566808565444200, -2.070719380777936300, 0.1194667781951137800 ) ) ;
#574 = CARTESIAN_POINT ( 'NONE',  ( -0.4237235841576860200, -1.123381375781907300, -0.6662971486799661400 ) ) ;
#575 = CARTESIAN_POINT ( 'NONE',  ( 0.8324681001612316300, 2.880769618020598200, 0.9048168699069268900 ) ) ;
#576 = CARTESIAN_POINT ( 'NONE',  ( -0.6206025129759974400, 0.9302174918730974400, -1.062115847366949000 ) ) ;
#577 = CARTESIAN_POINT ( 'NONE',  ( -0.9245476424500809200, -1.244582778888515100, -0.8107975517130284700 ) ) ;
#578 = CARTESIAN_POINT ( 'NONE',  ( -0.6781192855158781900, 0.05686545081390615600, -1.026405135250276100 ) ) ;
#579 = CARTESIAN_POINT ( 'NONE',  ( -0.8975113652239132800, -1.695207853825244900, 0.8406176375663309000 ) ) ;
#580 = CARTESIAN_POINT ( 'NONE',  ( 0.08042515269649822000, 1.330416587397293500, 1.227061010144715200 ) ) ;
#581 = CARTESIAN_POINT ( 'NONE',  ( 1.172271530027170900, -2.480136716431908400, -0.3416785573042520600 ) ) ;
#582 = CARTESIAN_POINT ( 'NONE',  ( -0.2855687063265464100, -1.451656669629455500, -1.196527751321004200 ) ) ;
#583 = CARTESIAN_POINT ( 'NONE',  ( 1.208496597305605400, -2.489313393118077300, -0.1860211147484033800 ) ) ;
#584 = CARTESIAN_POINT ( 'NONE',  ( -0.4947269250998537800, 1.408706753320913400, 0.6154369592711044200 ) ) ;
#585 = CARTESIAN_POINT ( 'NONE',  ( -0.1941923140601080100, 2.500000000000000400, 1.166811838471130600 ) ) ;
#586 = CARTESIAN_POINT ( 'NONE',  ( -0.05160846142015460700, -0.7296084526255364200, -0.7871626541057676900 ) ) ;
#587 = CARTESIAN_POINT ( 'NONE',  ( 0.6464824170945010500, -1.380864977583840000, 0.4533612877473232600 ) ) ;
#588 = CARTESIAN_POINT ( 'NONE',  ( 1.218960963146396900, 2.496999998263915700, 0.02934010433700462800 ) ) ;
#589 = CARTESIAN_POINT ( 'NONE',  ( 0.8743570037595548300, 0.07188383691124715400, 0.8653114926824604400 ) ) ;
#590 = CARTESIAN_POINT ( 'NONE',  ( -0.9755813789593389400, -1.115833176467857500, 0.7485916255693098000 ) ) ;
#591 = CARTESIAN_POINT ( 'NONE',  ( 1.153577346618716000, 1.065406943023891100, -0.4273309969844962300 ) ) ;
#592 = CARTESIAN_POINT ( 'NONE',  ( -0.8695246996650987100, -0.5149999999982865000, 0.8695246996967516100 ) ) ;
#593 = CARTESIAN_POINT ( 'NONE',  ( 1.044260491308581600, 1.523541471343503600, -0.6493608992459769500 ) ) ;
#594 = CARTESIAN_POINT ( 'NONE',  ( 0.9861621973665070100, -2.018695463974418600, -0.7228800403922909200 ) ) ;
#595 = CARTESIAN_POINT ( 'NONE',  ( 0.7593075106460580600, 2.474436425877713400, 0.2064933176602561400 ) ) ;
#596 = CARTESIAN_POINT ( 'NONE',  ( 0.3954900136953338200, 2.133302810285736300, -0.6850425466511916900 ) ) ;
#598 = VERTEX_POINT ( 'NONE', #2344 ) ;
#597 = CARTESIAN_POINT ( 'NONE',  ( -0.2289756722025502500, -0.7081574770029038800, -0.7548901246866346300 ) ) ;
#599 = CARTESIAN_POINT ( 'NONE',  ( -0.7161449330880985700, 2.500000000000001800, 0.9065294418241453000 ) ) ;
#600 = CARTESIAN_POINT ( 'NONE',  ( 0.7736902768968528800, -0.9012864605279196100, 0.1539315335442045000 ) ) ;
#601 = CARTESIAN_POINT ( 'NONE',  ( 0.5707867514296222100, -1.252114691752839400, -0.5456281356036444300 ) ) ;
#602 = CARTESIAN_POINT ( 'NONE',  ( 0.2047224130879063400, 2.408291972904445200, 0.7640240307537927700 ) ) ;
#603 = FACE_OUTER_BOUND ( 'NONE', #143, .T. ) ;
#604 = CARTESIAN_POINT ( 'NONE',  ( -1.087882369903991500, 0.3937598094499049100, -0.5742223989119681300 ) ) ;
#605 = CARTESIAN_POINT ( 'NONE',  ( -1.213270992575011600, -1.781041939933817300, -0.2003143265468724000 ) ) ;
#606 = CARTESIAN_POINT ( 'NONE',  ( -1.179076253295766600, 0.7649912634951237000, 0.3509845520901267400 ) ) ;
#607 = EDGE_CURVE ( 'NONE', #23, #3117, #2508, .T. ) ;
#608 = CARTESIAN_POINT ( 'NONE',  ( 1.176743586244281400, -0.3218751183344194500, 0.3569623215527536500 ) ) ;
#609 = CARTESIAN_POINT ( 'NONE',  ( -1.223782262019944800, 0.5793755252517772700, -0.1205265572642124500 ) ) ;
#610 = CARTESIAN_POINT ( 'NONE',  ( -0.8718658692940585200, -2.334999999785754000, -0.8718658729889893200 ) ) ;
#611 = CARTESIAN_POINT ( 'NONE',  ( 0.7819609648831578100, 2.496961123357456500, 0.02933749428241174200 ) ) ;
#612 = CARTESIAN_POINT ( 'NONE',  ( 0.6326365817679813200, -2.104313417466201900, 0.4636673508854117800 ) ) ;
#613 = CARTESIAN_POINT ( 'NONE',  ( 0.6957384218812218100, -0.8369112964529126200, -0.3718442750266980300 ) ) ;
#614 = CARTESIAN_POINT ( 'NONE',  ( 0.7820000017367367800, 2.059961125093549200, -2.610054596602660800E-006 ) ) ;
#615 = CARTESIAN_POINT ( 'NONE',  ( -0.2289756722025502500, -0.7081574770029038800, -0.7548901246866346300 ) ) ;
#616 = CARTESIAN_POINT ( 'NONE',  ( -0.6850136450147962200, 2.243285805662632800, -0.3954896440473976100 ) ) ;
#617 = CARTESIAN_POINT ( 'NONE',  ( 0.5942518159006240400, -2.500000000000011500, -0.5182523328711341500 ) ) ;
#618 = CARTESIAN_POINT ( 'NONE',  ( 0.5135351505307231800, 0.5504078586419566300, -1.117894657400695600 ) ) ;
#619 = CARTESIAN_POINT ( 'NONE',  ( 1.064947164947435400, 0.3433336462714263200, -0.6148508074738551200 ) ) ;
#620 = CARTESIAN_POINT ( 'NONE',  ( 0.2398993122448805400, 1.931250443757048600, 1.206058573427552000 ) ) ;
#621 = CARTESIAN_POINT ( 'NONE',  ( 0.7820390385903160900, 1.622961126829635600, -0.02934271439148896200 ) ) ;
#622 = CARTESIAN_POINT ( 'NONE',  ( -0.4664391494154355700, -1.237114246253762800, 0.6370550573994976400 ) ) ;
#623 = CARTESIAN_POINT ( 'NONE',  ( -0.1029297548487341100, 1.630795302210769700, -0.7821276785824001800 ) ) ;
#624 = CARTESIAN_POINT ( 'NONE',  ( 0.7754012757499624300, -1.537464107010112000, -0.9552957253692259100 ) ) ;
#625 = CARTESIAN_POINT ( 'NONE',  ( 0.1205265572557566700, -1.609375525252416000, 1.223782262022836200 ) ) ;
#626 = CARTESIAN_POINT ( 'NONE',  ( 0.3718404353056858300, -0.1931448603718039500, -0.6957404734146459500 ) ) ;
#627 = CARTESIAN_POINT ( 'NONE',  ( 1.144886018049316100, 2.499999999999999600, 0.4159567497379255700 ) ) ;
#628 = CARTESIAN_POINT ( 'NONE',  ( 0.6258561278850379700, -0.9441889544118822200, 0.4802017660167089400 ) ) ;
#629 = CARTESIAN_POINT ( 'NONE',  ( 0.3954900136953338800, 2.133302810285736300, -0.6850425466511916900 ) ) ;
#630 = CARTESIAN_POINT ( 'NONE',  ( 0.7649820587514726300, -2.500000000000001300, -0.1648688750298488700 ) ) ;
#631 = CARTESIAN_POINT ( 'NONE',  ( 0.6441843075800046700, 0.9366576382635138900, 1.048052748381756100 ) ) ;
#632 = CARTESIAN_POINT ( 'NONE',  ( -0.7795149102077397800, 2.500000000000000000, 0.4168034568186302400 ) ) ;
#633 = CARTESIAN_POINT ( 'NONE',  ( -1.219185301706502400, 0.6008340934558440400, 0.1605179022284312100 ) ) ;
#634 = CARTESIAN_POINT ( 'NONE',  ( 0.03385271249629894600, -1.466675934234880100, 1.229736525430221900 ) ) ;
#635 = CARTESIAN_POINT ( 'NONE',  ( 1.208496597305608800, -2.070686606881923200, 0.1860211147483855600 ) ) ;
#636 = CARTESIAN_POINT ( 'NONE',  ( 0.4743061705153135400, -0.5289654999994950500, 0.6312206288563742000 ) ) ;
#637 = CARTESIAN_POINT ( 'NONE',  ( -0.4946926693392590400, -1.408762896741110100, -0.6153914529113373400 ) ) ;
#638 = CARTESIAN_POINT ( 'NONE',  ( -0.6780892297460905400, -0.05686545175586362600, 1.026356793715203600 ) ) ;
#639 = CARTESIAN_POINT ( 'NONE',  ( -0.3954912914991993200, -2.206675546049270400, 0.6850124330307101300 ) ) ;
#640 = CARTESIAN_POINT ( 'NONE',  ( -0.7894072877492258600, 1.322876269694697600, -0.01782818136186662200 ) ) ;
#641 = CARTESIAN_POINT ( 'NONE',  ( -0.3255728351180747200, -0.1073182575000802300, -0.7185335892839664900 ) ) ;
#642 = CARTESIAN_POINT ( 'NONE',  ( -0.9240429952193146600, 2.500000000000000000, 0.6535646074723114900 ) ) ;
#643 = CARTESIAN_POINT ( 'NONE',  ( 0.5004828892783845800, 0.9655853479580776000, -0.6097644899282342900 ) ) ;
#644 = CARTESIAN_POINT ( 'NONE',  ( -0.6850108814657313000, 2.316619077794679800, 0.3954944306687895300 ) ) ;
#645 = CARTESIAN_POINT ( 'NONE',  ( 1.213270992242302200, 0.2789580599291793800, 0.2003143261153175800 ) ) ;
#646 = CARTESIAN_POINT ( 'NONE',  ( 0.5383570335973806300, 1.516021348329087400, 1.106285020603932500 ) ) ;
#647 = CARTESIAN_POINT ( 'NONE',  ( 0.4752825257861157900, 2.500000000000002200, 0.6365879325913179600 ) ) ;
#648 = CARTESIAN_POINT ( 'NONE',  ( -0.6493608992126366200, -0.4935414713405234500, 1.044260491328573800 ) ) ;
#649 = CARTESIAN_POINT ( 'NONE',  ( 0.8934806617686280600, -1.981676027752222500, 0.8456089884116148000 ) ) ;
#650 = CARTESIAN_POINT ( 'NONE',  ( 0.7752716931703195200, -2.052297942793270400, -0.1194704358315395500 ) ) ;
#651 = CARTESIAN_POINT ( 'NONE',  ( -0.7532209876637444600, -0.7650054609649477000, -0.2368093564022489000 ) ) ;
#652 = CARTESIAN_POINT ( 'NONE',  ( 0.4802181885864057500, 1.974167993566093800, 0.6257736121988147800 ) ) ;
#653 = CARTESIAN_POINT ( 'NONE',  ( -0.9022024888187822900, -0.8079068422715616200, -0.8362277565105265000 ) ) ;
#654 = CARTESIAN_POINT ( 'NONE',  ( -0.5758009841944615700, -1.695250147602923800, 0.5392182233293343300 ) ) ;
#655 = CARTESIAN_POINT ( 'NONE',  ( -0.2041204090087364600, -1.888375406024680900, -0.7619995490369503300 ) ) ;
#656 = CARTESIAN_POINT ( 'NONE',  ( 0.4594512098477066000, -0.7939735927953715000, -0.6412610925162917100 ) ) ;
#657 = CARTESIAN_POINT ( 'NONE',  ( -1.053774767874508200, 2.499999999999999600, 0.2332988807821840300 ) ) ;
#658 = CARTESIAN_POINT ( 'NONE',  ( -0.4165965737544229900, 0.4935207109712369500, -0.6698789364989452500 ) ) ;
#659 = CARTESIAN_POINT ( 'NONE',  ( 2.176718529904870100E-006, -1.030028078412346800, 0.7888743494250447500 ) ) ;
#660 = CARTESIAN_POINT ( 'NONE',  ( -0.7909357627013736700, 2.717194928145085300, -0.02540485233832182700 ) ) ;
#661 = CARTESIAN_POINT ( 'NONE',  ( 0.9755813789846700100, -0.9441668235290108200, 0.7485916255371259900 ) ) ;
#662 = CARTESIAN_POINT ( 'NONE',  ( 0.01782818046893067100, -1.767123730505144600, -0.7894072874373554400 ) ) ;
#663 = CARTESIAN_POINT ( 'NONE',  ( 0.3040936292879765100, 2.500000000000000000, 0.7385995018038883400 ) ) ;
#664 = CARTESIAN_POINT ( 'NONE',  ( 0.5855457743918693900, -1.810009655689145200, -1.081890875259156700 ) ) ;
#665 = CARTESIAN_POINT ( 'NONE',  ( -8.969605504119662200E-007, -1.732999988973810800, 1.232989776569435500 ) ) ;
#666 = CARTESIAN_POINT ( 'NONE',  ( -0.7893502012884535700, -1.322932426065449100, 0.01782880318304537100 ) ) ;
#667 = CARTESIAN_POINT ( 'NONE',  ( 0.2289756722026243800, 1.351842522997029400, 0.7548901246865997700 ) ) ;
#668 = CARTESIAN_POINT ( 'NONE',  ( 0.9549550897752072700, -0.5074908003570525200, 0.7754321038065115100 ) ) ;
#669 = CARTESIAN_POINT ( 'NONE',  ( 0.5578044142444617000, -1.545028078414006500, 0.5578013360594020800 ) ) ;
#670 = CARTESIAN_POINT ( 'NONE',  ( 0.6165104297192326400, -2.570333177948579200, 1.067885157697266100 ) ) ;
#671 = CARTESIAN_POINT ( 'NONE',  ( 0.7884390795073734600, 0.8797766095032388800, 0.02575230012358373200 ) ) ;
#672 = CARTESIAN_POINT ( 'NONE',  ( -0.4594512098476449300, 1.266026407204639400, 0.6412610925163199100 ) ) ;
#673 = CARTESIAN_POINT ( 'NONE',  ( 1.133493006139250500, 2.087398502536543800, -0.4677345605969472400 ) ) ;
#674 = CARTESIAN_POINT ( 'NONE',  ( 0.7801092823900076500, -0.9656253526955521600, 0.9505710321984792700 ) ) ;
#675 = CARTESIAN_POINT ( 'NONE',  ( -0.9798700697767727100, 1.387282977344260100, 0.7438192451222177500 ) ) ;
#676 = CARTESIAN_POINT ( 'NONE',  ( 0.1313968539970992700, 2.499999999999998700, 0.7945912916854869200 ) ) ;
#677 = CARTESIAN_POINT ( 'NONE',  ( 0.5498160614203736500, 0.6298016406706452600, 1.100428803557456300 ) ) ;
#678 = CARTESIAN_POINT ( 'NONE',  ( -1.213270992568735900, 1.781041939936350600, 0.2003143265794188100 ) ) ;
#679 = CARTESIAN_POINT ( 'NONE',  ( -0.7438191782332047600, -1.702717018037031500, -0.9798700587182371800 ) ) ;
#680 = CARTESIAN_POINT ( 'NONE',  ( -0.2047205624708718900, -1.751341415712047000, 0.7640255951555233700 ) ) ;
#681 = CARTESIAN_POINT ( 'NONE',  ( 0.4236913466152131300, -0.9366747796327596900, -0.6662500307622830600 ) ) ;
#682 = CARTESIAN_POINT ( 'NONE',  ( -0.5930891059392423600, 1.244561245709262500, 0.5201604023154295900 ) ) ;
#683 = CARTESIAN_POINT ( 'NONE',  ( 0.2462562586871565300, -0.5718664484712651100, 1.205251456002045500 ) ) ;
#684 = CARTESIAN_POINT ( 'NONE',  ( -0.6957404734146525000, -1.223144860371805600, -0.3718404353056900000 ) ) ;
#685 = CARTESIAN_POINT ( 'NONE',  ( 0.8505865613814820300, -2.553528295748118900, 0.8879968955040455900 ) ) ;
#686 = CARTESIAN_POINT ( 'NONE',  ( -0.2536230489876349400, 0.4720676364202702200, -0.7469758525557860200 ) ) ;
#687 = CARTESIAN_POINT ( 'NONE',  ( 0.2041203490315172700, 0.1716252698052533900, 0.7619999099558532100 ) ) ;
#688 = CARTESIAN_POINT ( 'NONE',  ( 0.2946097278549790200, 1.714425124647306100, -1.197638105023384400 ) ) ;
#689 = CARTESIAN_POINT ( 'NONE',  ( 1.227061010147353600, -0.3004165873939290700, 0.08042515265264933700 ) ) ;
#690 = CARTESIAN_POINT ( 'NONE',  ( 0.7884158836308186000, -1.917342682074418600, 0.04369365452709549800 ) ) ;
#692 = B_SPLINE_CURVE_WITH_KNOTS ( 'NONE', 3,
 ( #4501, #2710, #583, #4185, #553, #4546, #2391, #3063, #231, #915, #3428, #2755, #1630, #3948, #1430, #1070, #3230, #1803, #3964, #4325, #2168, #2767, #731, #3581, #2138, #1788, #7, #716, #373, #1351, #3215, #4310, #3869 ),
 .UNSPECIFIED., .F., .F.,
 ( 4, 1, 1, 1, 1, 1, 1, 1, 1, 1, 1, 1, 1, 1, 1, 1, 1, 1, 1, 1, 1, 1, 1, 1, 1, 1, 1, 1, 1, 1, 4 ),
 ( 0.0000000000000000000, 0.03125000000000000700, 0.04166666666666663000, 0.06250000000000000000, 0.08333333333333337000, 0.09375000000000001400, 0.1249999999999986800, 0.1666666666666666600, 0.2083333333333333100, 0.2500000000000000000, 0.2916666666666666900, 0.3333333333333333700, 0.3750000000000000000, 0.4166666666666666900, 0.4583333333333333700, 0.5000000000000000000, 0.5416666666666666300, 0.5833333333333332600, 0.6250000000000000000, 0.6666666666666666300, 0.7083333333333332600, 0.7500000000000000000, 0.7916666666666666300, 0.8333333333333332600, 0.8750000000000013300, 0.9062500000000000000, 0.9166666666666666300, 0.9375000000000000000, 0.9583333333333332600, 0.9687500000000000000, 1.000000000000000000 ),
 .UNSPECIFIED. ) ;
#691 = CARTESIAN_POINT ( 'NONE',  ( -0.6960586742162371300, 2.500000000000002200, 0.5205158156813647400 ) ) ;
#693 = CARTESIAN_POINT ( 'NONE',  ( 0.03385271256568975200, 1.466675934229614100, -1.229679603144435000 ) ) ;
#694 = CARTESIAN_POINT ( 'NONE',  ( -0.1605179022286718800, 1.630834093455880900, -1.219185301706475100 ) ) ;
#695 = CARTESIAN_POINT ( 'NONE',  ( -1.041304853900759000, -1.080425289128013700, -0.6550551668223201200 ) ) ;
#696 = CARTESIAN_POINT ( 'NONE',  ( -0.6164984260508347100, -1.769666665957429200, 1.067804801883401900 ) ) ;
#697 = CARTESIAN_POINT ( 'NONE',  ( 0.4664391494088506200, 0.8228857537402605200, -0.6370550573947270100 ) ) ;
#698 = CARTESIAN_POINT ( 'NONE',  ( 0.7360612092186380500, -1.065447795130224600, 0.2856615555998171500 ) ) ;
#699 = CARTESIAN_POINT ( 'NONE',  ( 1.223568795478737500, -1.022489963049837600, -0.1269505195501556300 ) ) ;
#700 = CARTESIAN_POINT ( 'NONE',  ( 1.219000000000002300, -2.064570298591450900, 0.07955646403930087500 ) ) ;
#701 = CARTESIAN_POINT ( 'NONE',  ( 0.5004828892783845800, 0.9655853479580776000, -0.6097644899282342900 ) ) ;
#702 = CARTESIAN_POINT ( 'NONE',  ( 0.6957404734146586100, 0.8368551396282113400, 0.3718404353056482500 ) ) ;
#703 = CARTESIAN_POINT ( 'NONE',  ( 0.3191357952347539900, 2.151664971393430800, -1.190966106723250700 ) ) ;
#704 = EDGE_LOOP ( 'NONE', ( #82, #3122 ) ) ;
#705 = CARTESIAN_POINT ( 'NONE',  ( 0.5796874518068031400, -0.1931257010629412200, -1.084501027639208600 ) ) ;
#706 = CARTESIAN_POINT ( 'NONE',  ( 0.7754359291385751800, 1.537532016268195800, 0.9544571271265133200 ) ) ;
#707 = CARTESIAN_POINT ( 'NONE',  ( 0.5274309416874828300, 2.880730945289906600, 0.5868797948923767400 ) ) ;
#708 = CARTESIAN_POINT ( 'NONE',  ( 0.7217392488547981200, 2.410822053049307200, 0.9964361912168083800 ) ) ;
#709 = CARTESIAN_POINT ( 'NONE',  ( 0.3569623215935351900, 1.351875118337693600, 1.176743586231511700 ) ) ;
#710 = CARTESIAN_POINT ( 'NONE',  ( -0.2067061643846654100, -0.3079257820336525600, 1.212705061678292600 ) ) ;
#711 = CARTESIAN_POINT ( 'NONE',  ( 0.7516755820373355300, -2.043139078803017900, -0.2193031723457352400 ) ) ;
#712 = CARTESIAN_POINT ( 'NONE',  ( 0.4016849878142089700, 0.2435310803920850400, -0.6797624990084036900 ) ) ;
#713 = CARTESIAN_POINT ( 'NONE',  ( 0.1618528112935415100, -0.3143841776746985100, -0.7727902945504758800 ) ) ;
#714 = CARTESIAN_POINT ( 'NONE',  ( -1.117843601061536500, 0.4795921432019790200, 0.5135099816139746500 ) ) ;
#715 = CARTESIAN_POINT ( 'NONE',  ( 1.219000000000000100, -2.500000000000000000, 0.0000000000000000000 ) ) ;
#716 = CARTESIAN_POINT ( 'NONE',  ( 1.070497880175419900, -2.095138930682370200, 0.5873451371528978200 ) ) ;
#717 = CARTESIAN_POINT ( 'NONE',  ( 0.5578013360593462300, 1.544971921585993200, -0.5578044142444906800 ) ) ;
#718 = CARTESIAN_POINT ( 'NONE',  ( 1.219039036853554400, 1.629205272902619800, -0.1373569926288796000 ) ) ;
#719 = CARTESIAN_POINT ( 'NONE',  ( -0.2792288058156743900, 1.051457601953453600, -1.197584530361312200 ) ) ;
#720 = CARTESIAN_POINT ( 'NONE',  ( -0.4237235841576860200, -1.123381375781907300, -0.6662971486799661400 ) ) ;
#721 = CC_DESIGN_PERSON_AND_ORGANIZATION_ASSIGNMENT ( #4429, #2233, ( #2046 ) ) ;
#722 = CARTESIAN_POINT ( 'NONE',  ( 1.123997175332525100, 2.910148022571696000, 0.4857884174938830200 ) ) ;
#723 = CARTESIAN_POINT ( 'NONE',  ( -1.196526386691119800, 1.638343191240630100, 0.2855686455323677700 ) ) ;
#724 = CARTESIAN_POINT ( 'NONE',  ( -0.6831815811543285900, 1.673749336109605000, -1.022467019816359700 ) ) ;
#725 = CARTESIAN_POINT ( 'NONE',  ( -1.162845753794004500, -1.058967280790916300, -0.4014889125969545200 ) ) ;
#726 = CARTESIAN_POINT ( 'NONE',  ( 0.5456368718968431800, -2.553528152702242900, 0.5696421106495991300 ) ) ;
#727 = CARTESIAN_POINT ( 'NONE',  ( 0.6662500307622464300, 0.09332522036721001300, 0.4236913466151945300 ) ) ;
#728 = CARTESIAN_POINT ( 'NONE',  ( -0.3650565839454451000, -0.2500293597660726000, -0.7000859818111869700 ) ) ;
#729 = CARTESIAN_POINT ( 'NONE',  ( 1.068523053233003500, 1.273550239700954200, 0.6095320043152679900 ) ) ;
#730 = CARTESIAN_POINT ( 'NONE',  ( 0.8505855692247923400, -2.443471704304668500, -0.8882037499754517100 ) ) ;
#731 = CARTESIAN_POINT ( 'NONE',  ( 1.413668158359510100E-014, -2.169999988859198800, 1.233004344789011600 ) ) ;
#732 = CARTESIAN_POINT ( 'NONE',  ( -0.5758039591925310200, 1.695193990777687400, -0.5392150451791114500 ) ) ;
#733 = CARTESIAN_POINT ( 'NONE',  ( 0.8107975516650075500, 0.2145827788835834600, 0.9245476424938381400 ) ) ;
#734 = CARTESIAN_POINT ( 'NONE',  ( -0.4331610121511816900, 1.652291346042017900, -1.150892356813155500 ) ) ;
#735 = CARTESIAN_POINT ( 'NONE',  ( -0.3878645467843518400, -0.9302528873833712000, 0.6877849334443217900 ) ) ;
#736 = CARTESIAN_POINT ( 'NONE',  ( 0.7718467376352683400, 2.074677408196663900, -0.1569482878201466900 ) ) ;
#737 = CARTESIAN_POINT ( 'NONE',  ( -1.199430096379612500, 1.595426250409429900, -0.2730931423548166300 ) ) ;
#738 = CARTESIAN_POINT ( 'NONE',  ( 1.070497880175419700, -2.095138930682370200, 0.5873451371528977100 ) ) ;
#739 = CARTESIAN_POINT ( 'NONE',  ( 1.207791424921551300, -0.7156340722757096300, -0.2337185719338756300 ) ) ;
#740 = CARTESIAN_POINT ( 'NONE',  ( 1.172273412933734200, -2.917136716201781600, -0.3416807504722052000 ) ) ;
#741 = CARTESIAN_POINT ( 'NONE',  ( 0.5455873343891516300, 0.2220585340829822900, -0.5707468231297121400 ) ) ;
#742 = CARTESIAN_POINT ( 'NONE',  ( -0.6370550573947108000, -0.2071142462597488900, -0.4664391494088804300 ) ) ;
#743 = CARTESIAN_POINT ( 'NONE',  ( 1.218750559550585000, 0.1577179524224220600, -0.1669100803615758400 ) ) ;
#744 = CARTESIAN_POINT ( 'NONE',  ( 1.120083624685090000, -0.9227082935820557500, 0.5075029183095822700 ) ) ;
#745 = CARTESIAN_POINT ( 'NONE',  ( 0.8975113652285372500, -0.3647921461732052700, 0.8406176375655506300 ) ) ;
#746 = CARTESIAN_POINT ( 'NONE',  ( -0.1029297548487341100, 1.630795302210769700, -0.7821276785824001800 ) ) ;
#747 = EDGE_CURVE ( 'NONE', #1660, #1826, #3154, .T. ) ;
#748 = CARTESIAN_POINT ( 'NONE',  ( 0.5758009841980075100, 0.3647498524114541300, -0.5392182233338250800 ) ) ;
#749 = DIRECTION ( 'NONE',  ( 0.0000000000000000000, 0.0000000000000000000, 1.000000000000000000 ) ) ;
#750 = CARTESIAN_POINT ( 'NONE',  ( 0.8406176375676036600, 1.394792146173552400, 0.8975113652244212100 ) ) ;
#751 = CARTESIAN_POINT ( 'NONE',  ( -1.206067579028955000, 1.158750234187890400, -0.2398996533697149700 ) ) ;
#752 = CARTESIAN_POINT ( 'NONE',  ( -0.08538811970724359500, -1.166284479320589100, -0.7849751072350811300 ) ) ;
#753 = CARTESIAN_POINT ( 'NONE',  ( -0.6976728663566750300, 2.753861562647181000, 0.3734666594194127100 ) ) ;
#754 = CARTESIAN_POINT ( 'NONE',  ( -0.3893477807062479800, 1.144800906900038900, 1.166892975666373100 ) ) ;
#755 = DIRECTION ( 'NONE',  ( -1.000000000000000000, -0.0000000000000000000, 0.0000000000000000000 ) ) ;
#756 = ORIENTED_EDGE ( 'NONE', *, *, #1894, .T. ) ;
#757 = CARTESIAN_POINT ( 'NONE',  ( 0.006406354208181938200, -0.5868847521086273400, -1.230167664556717900 ) ) ;
#758 = CARTESIAN_POINT ( 'NONE',  ( -0.7909840390914720800, -2.280008661793254900, 5.033260167737496100E-007 ) ) ;
#759 = CARTESIAN_POINT ( 'NONE',  ( -0.7776883174920096200, -0.1641755141584580700, -0.1364853849504361600 ) ) ;
#760 = CARTESIAN_POINT ( 'NONE',  ( -0.1110632885981641000, -0.01399074289519734000, 0.7817044388810287000 ) ) ;
#761 = CARTESIAN_POINT ( 'NONE',  ( 0.8362277565105276100, 0.2220931577284434600, -0.9022024888187804000 ) ) ;
#762 = CARTESIAN_POINT ( 'NONE',  ( 1.044260491328596000, -1.523541471340525800, 0.6493608992126164200 ) ) ;
#763 = CARTESIAN_POINT ( 'NONE',  ( 0.5438787747203598400, -0.9870838340460661400, 1.102888513654854700 ) ) ;
#764 = PLANE ( 'NONE',  #2753 ) ;
#765 = CARTESIAN_POINT ( 'NONE',  ( -0.3952700781599618500, 0.4720829427892297400, -1.164439485753287800 ) ) ;
#766 = ORGANIZATION ( 'UNSPECIFIED', 'UNSPECIFIED', '' ) ;
#767 = UNCERTAINTY_MEASURE_WITH_UNIT (LENGTH_MEASURE( 1.000000000000000100E-005 ), #1520, 'distance_accuracy_value', 'NONE');
#768 = CARTESIAN_POINT ( 'NONE',  ( -0.8406176375654985700, 0.6652078538268009200, 0.8975113652285780000 ) ) ;
#769 = CARTESIAN_POINT ( 'NONE',  ( -0.6052723471583860700, -1.552543224819816500, 0.5070803536306202100 ) ) ;
#770 = CARTESIAN_POINT ( 'NONE',  ( -0.8898658429310386500, 1.787757517383861800, -0.8539343047794120100 ) ) ;
#771 = CARTESIAN_POINT ( 'NONE',  ( -0.9755813789593389400, -1.115833176467857500, 0.7485916255693098000 ) ) ;
#772 = CARTESIAN_POINT ( 'NONE',  ( 1.172271530027176400, -2.079863283568092100, 0.3416785573042329100 ) ) ;
#773 = CARTESIAN_POINT ( 'NONE',  ( -0.4648531605907563200, 1.215615410836466300, -1.138992234496135800 ) ) ;
#774 = CARTESIAN_POINT ( 'NONE',  ( 0.7836114645760528000, -2.064594243739974500, 0.05103251231493003600 ) ) ;
#775 = CARTESIAN_POINT ( 'NONE',  ( -0.7045382380517977200, 1.573938128012834400, -0.3563897989976296300 ) ) ;
#776 = CARTESIAN_POINT ( 'NONE',  ( -0.5765131739937460200, -2.500000000000001300, -1.010354302383157800 ) ) ;
#777 = CARTESIAN_POINT ( 'NONE',  ( 1.102877193055012800, 2.017238104663307700, 0.5418681550412981500 ) ) ;
#778 = CARTESIAN_POINT ( 'NONE',  ( -0.2066950641346871300, 0.3079257831490019900, -1.212649231261445200 ) ) ;
#779 = CARTESIAN_POINT ( 'NONE',  ( -1.206067579022651200, -1.158750234185114400, 0.2398996534053765000 ) ) ;
#780 = DIRECTION ( 'NONE',  ( 0.0000000000000000000, -0.0000000000000000000, 1.000000000000000000 ) ) ;
#781 = CARTESIAN_POINT ( 'NONE',  ( -0.2792288058156743900, 1.051457601953453600, -1.197584530361312200 ) ) ;
#782 = CARTESIAN_POINT ( 'NONE',  ( 0.7803277595461803900, -1.337962476749458700, 0.1207380445590984900 ) ) ;
#783 = CARTESIAN_POINT ( 'NONE',  ( 1.034166585134202300, 2.021556748179249600, 0.6597274122707435000 ) ) ;
#784 = CARTESIAN_POINT ( 'NONE',  ( -1.136093021631525300, -1.802500454470457900, -0.4705899113579885000 ) ) ;
#785 = CARTESIAN_POINT ( 'NONE',  ( 0.8505855692248059900, -2.116528295695332400, 0.8882037499754384900 ) ) ;
#786 = CARTESIAN_POINT ( 'NONE',  ( -0.9798700697767727100, 1.387282977344260100, 0.7438192451222177500 ) ) ;
#787 = CARTESIAN_POINT ( 'NONE',  ( 0.7246077943405732100, -2.087496979313887100, 0.3001101965992278300 ) ) ;
#788 = CARTESIAN_POINT ( 'NONE',  ( -0.1618528112934551300, 1.745615822325252300, 0.7727902945504174800 ) ) ;
#789 = CARTESIAN_POINT ( 'NONE',  ( 0.009458861144672859500, -2.499999999999999100, -1.191438429064836100 ) ) ;
#790 = CARTESIAN_POINT ( 'NONE',  ( -1.196581367866885700, -1.638343193033979800, -0.2855833861502175600 ) ) ;
#791 = CARTESIAN_POINT ( 'NONE',  ( -0.2462562586872412100, 1.488133551528745900, -1.205251456002034600 ) ) ;
#792 = CARTESIAN_POINT ( 'NONE',  ( -0.9245476424500809200, -1.244582778888515100, -0.8107975517130284700 ) ) ;
#793 = CARTESIAN_POINT ( 'NONE',  ( 1.219185301706520800, -1.459165906544167600, -0.1605179022283918800 ) ) ;
#794 = CARTESIAN_POINT ( 'NONE',  ( -0.7619999099558376600, 1.201625269805296700, 0.2041203490315534900 ) ) ;
#795 = CARTESIAN_POINT ( 'NONE',  ( 0.3191357957047653000, 2.408335028919486500, 1.190966101269475900 ) ) ;
#796 = CARTESIAN_POINT ( 'NONE',  ( -0.9245476424937950600, 1.244582778883587000, 0.8107975516650469700 ) ) ;
#797 = CARTESIAN_POINT ( 'NONE',  ( 0.7707810834147870200, 0.4216426077052989300, 0.1714229310476495500 ) ) ;
#798 = CARTESIAN_POINT ( 'NONE',  ( 1.005950112935077400, 1.663950170242135800, -0.7016156210693581500 ) ) ;
#799 = CARTESIAN_POINT ( 'NONE',  ( 1.102877190384368600, -2.017238101827105700, -0.5418681919314942700 ) ) ;
#800 = CARTESIAN_POINT ( 'NONE',  ( 0.6868414591502146600, -2.464877904139212800, -0.3767133732486351300 ) ) ;
#801 = CARTESIAN_POINT ( 'NONE',  ( -1.179076253295766600, 0.7649912634951237000, 0.3509845520901267400 ) ) ;
#802 = CARTESIAN_POINT ( 'NONE',  ( -0.6165022684629362100, -2.353333334133186100, -1.067813238164818900 ) ) ;
#803 = CARTESIAN_POINT ( 'NONE',  ( 0.7263547451059461100, 1.874352933366983100, 0.3095632913190847800 ) ) ;
#804 = CARTESIAN_POINT ( 'NONE',  ( -0.9483257928710867600, -2.499999999999998700, -0.6078766382635822900 ) ) ;
#805 = CARTESIAN_POINT ( 'NONE',  ( -0.7539653054451231900, -1.531050650547598000, 0.9720739401471718600 ) ) ;
#806 = CARTESIAN_POINT ( 'NONE',  ( 0.9961625100187202500, 1.380842845936141300, -0.7217164919080568700 ) ) ;
#807 = CARTESIAN_POINT ( 'NONE',  ( 0.5438787747203598400, -0.9870838340460661400, 1.102888513654854700 ) ) ;
#808 = CARTESIAN_POINT ( 'NONE',  ( -0.5438787747213866800, -1.072916165954077600, 1.102888513652329000 ) ) ;
#809 = CARTESIAN_POINT ( 'NONE',  ( -0.03385488924961853300, 0.5932959873554086700, -0.7889028105679251100 ) ) ;
#810 = CC_DESIGN_DATE_AND_TIME_ASSIGNMENT ( #4156, #1835, ( #3644 ) ) ;
#811 = CARTESIAN_POINT ( 'NONE',  ( 0.3018321330806082400, 0.7724584438574201300, 0.7288337013491960100 ) ) ;
#812 = EDGE_LOOP ( 'NONE', ( #1160, #2843, #3068, #935 ) ) ;
#813 = CARTESIAN_POINT ( 'NONE',  ( 1.218999999999971700, 2.496240796553745900, 0.06543750431274048000 ) ) ;
#814 = CARTESIAN_POINT ( 'NONE',  ( 0.7838617530779761200, -0.1577362049106818000, 0.09506287598237016200 ) ) ;
#815 = CARTESIAN_POINT ( 'NONE',  ( 0.7820564308866810900, 2.062701256752332400, -0.02512160205261759100 ) ) ;
#816 = CARTESIAN_POINT ( 'NONE',  ( 0.8695246996967769300, -1.544999999998287300, 0.8695246996650806100 ) ) ;
#817 = CARTESIAN_POINT ( 'NONE',  ( -0.3954912914991993200, -2.206675546049270400, 0.6850124330307101300 ) ) ;
#818 = CARTESIAN_POINT ( 'NONE',  ( -0.8062893656207523700, 0.6576986425194073500, -0.9291121308016825300 ) ) ;
#819 = CARTESIAN_POINT ( 'NONE',  ( -0.3191266738202233100, -2.625333336243520500, 1.190997876295865300 ) ) ;
#820 = CARTESIAN_POINT ( 'NONE',  ( -0.6052298386755905500, 1.552487068760061800, -0.5070422442860173000 ) ) ;
#821 = CARTESIAN_POINT ( 'NONE',  ( 1.213567031556034300, -2.500000000000000400, -0.1307399014188378200 ) ) ;
#822 = CARTESIAN_POINT ( 'NONE',  ( 0.5855457743918693900, -1.810009655689145200, -1.081890875259156700 ) ) ;
#823 = CARTESIAN_POINT ( 'NONE',  ( -0.07407157033511016500, 2.346467653592937200, 1.227906900222366800 ) ) ;
#824 = FACE_OUTER_BOUND ( 'NONE', #704, .T. ) ;
#825 = CARTESIAN_POINT ( 'NONE',  ( 0.9245476424938676700, -0.8154172211164237800, -0.8107975516649822400 ) ) ;
#826 = CARTESIAN_POINT ( 'NONE',  ( -0.2398996533697699800, 0.1287502341878856100, 1.206067579028948300 ) ) ;
#827 = CARTESIAN_POINT ( 'NONE',  ( -0.6798106459895096900, 0.7864127639348859100, 0.4017156653598568700 ) ) ;
#828 = CARTESIAN_POINT ( 'NONE',  ( 0.5930919767610317600, 0.8153825974660348100, 0.5201571295916092000 ) ) ;
#829 = CARTESIAN_POINT ( 'NONE',  ( -0.8538657440266306200, 2.662242462343593600, -0.8897972011675414600 ) ) ;
#830 = CARTESIAN_POINT ( 'NONE',  ( -0.7803277595461964900, 0.7220375232505364900, -0.1207380445590429300 ) ) ;
#831 = CARTESIAN_POINT ( 'NONE',  ( 0.2047224130879063400, 2.408291972904445200, 0.7640240307537927700 ) ) ;
#832 = CARTESIAN_POINT ( 'NONE',  ( 0.7801092823900076500, -0.9656253526955521600, 0.9505710321984792700 ) ) ;
#833 = CARTESIAN_POINT ( 'NONE',  ( 0.6326296795995207700, -2.018703906212025800, -0.4636620067817999700 ) ) ;
#834 = CARTESIAN_POINT ( 'NONE',  ( 1.153577346618716000, 1.065406943023891100, -0.4273309969844962300 ) ) ;
#835 = CARTESIAN_POINT ( 'NONE',  ( -1.067821160723601700, -2.753666666637983900, -0.6165060514563596200 ) ) ;
#836 = CARTESIAN_POINT ( 'NONE',  ( -1.081841581560742700, -1.279990345719967300, 0.5855173073480137700 ) ) ;
#837 = CARTESIAN_POINT ( 'NONE',  ( 0.9308130788401411900, -2.499999999999998700, -0.7786954004187219800 ) ) ;
#838 = CARTESIAN_POINT ( 'NONE',  ( 1.218999999999983700, 2.054131408587227500, 0.07636920537387900700 ) ) ;
#839 = CARTESIAN_POINT ( 'NONE',  ( 1.088187188512578200, 2.453481588499839500, 0.5778404128872491900 ) ) ;
#840 = CARTESIAN_POINT ( 'NONE',  ( -0.2398996533697700400, 0.1287502341878856100, 1.206067579028948600 ) ) ;
#841 = EDGE_CURVE ( 'NONE', #3234, #1660, #692, .T. ) ;
#842 = CARTESIAN_POINT ( 'NONE',  ( -0.01782818046889585500, 0.2928762694948872600, 0.7894072874373232500 ) ) ;
#843 = CARTESIAN_POINT ( 'NONE',  ( 0.6464346092771806600, 1.380808819988209400, -0.4533300863080275700 ) ) ;
#844 = APPROVAL_STATUS ( 'not_yet_approved' ) ;
#845 = CARTESIAN_POINT ( 'NONE',  ( -0.3191240921756243200, 2.371666800028122700, 1.190989200620927700 ) ) ;
#846 = CARTESIAN_POINT ( 'NONE',  ( -0.2705610333970995800, 0.8508094104783352500, 0.7418073894718303400 ) ) ;
#847 = CARTESIAN_POINT ( 'NONE',  ( 1.218960963146396900, 2.496999998263916200, 0.02934010433700466900 ) ) ;
#848 = CARTESIAN_POINT ( 'NONE',  ( 0.3182765988111871900, 0.1716672273678709600, 1.187801319993466300 ) ) ;
#849 = CARTESIAN_POINT ( 'NONE',  ( 0.6326288797556708400, -1.667313417565539100, 0.4632575209107835400 ) ) ;
#850 = CARTESIAN_POINT ( 'NONE',  ( -0.6493608992459376500, 0.4935414713435015100, -1.044260491308612600 ) ) ;
#851 = CARTESIAN_POINT ( 'NONE',  ( 0.01782818046893067100, -1.767123730505144600, -0.7894072874373554400 ) ) ;
#852 = CARTESIAN_POINT ( 'NONE',  ( -0.6165061108750034000, -2.643666665776200000, 1.067821674446255400 ) ) ;
#853 = CARTESIAN_POINT ( 'NONE',  ( 0.5018569905261501800, -0.3358244651915935400, -1.123120999566061600 ) ) ;
#854 = CARTESIAN_POINT ( 'NONE',  ( -0.9672333428379554800, -2.499999999999998700, -0.05247424550641813200 ) ) ;
#855 = CARTESIAN_POINT ( 'NONE',  ( 0.6887761431330230400, -1.230634900344677300, -1.019291472996443300 ) ) ;
#856 = CARTESIAN_POINT ( 'NONE',  ( 1.134028922924851000, 1.359384321123417800, -0.4766584975168737200 ) ) ;
#857 =( BOUNDED_SURFACE ( )  B_SPLINE_SURFACE ( 3, 3, ( 
 ( #507, #2384, #2440, #225, #4235, #3875, #2773, #1357, #3126, #2062, #2398, #2761, #2077, #3843, #605, #966, #1651, #4539, #4592, #3450, #993, #4192, #2035, #4553, #978, #3466, #2748, #3829, #4205, #1315, #3478, #1692, #1679, #4576, #3491, #1301, #1341, #2426, #283, #577, #3087, #3815, #4179, #2021, #3099, #590, #1667, #2816, #1010, #2505, #345, #2093, #674, #661, #3569, #3538, #2865, #2800, #2125, #312, #2457, #3204, #1372, #3890, #1726, #2831, #4314, #4638, #3522, #4655, #2142, #3170, #4299, #1026, #2156, #3188, #1404, #2489, #4609, #4250, #329, #1040, #298, #689, #3553, #1388, #3155, #3921, #705, #1058, #1419, #3219, #4265, #4668, #1074, #3905, #3584, #3937, #1741, #2107, #4623, #2849, #1758, #2521, #1775, #2474, #4281, #1433, #3951, #1792, #645, #1838, #4016, #2647, #124, #491, #3001, #3648, #4345, #1573, #850, #3362, #2301, #141, #2190, #4101, #3250, #1216, #768, #2174, #359, #11, #1936, #3730, #44, #4457, #2566, #1919, #29, #2550, #2879, #3631, #393, #2909, #1448, #4329, #719, #3235, #1089, #3986, #1821, #751, #409, #1105, #2535, #3614, #4000, #1462, #3265, #1491, #1120, #4440, #1478, #3599, #4360, #2923, #2206, #3967, #1806, #3280, #1134, #2285, #2893, #377, #734, #975, #2379, #1353, #2931, #2228, #4025, #98, #65, #4072, #4009, #3320, #1516, #3657, #4411, #2574, #417, #777, #4042, #838, #1175 ),
 ( #1205, #447, #3719, #1530, #3335, #2214, #2589, #1907, #3687, #1891, #3289, #3351, #479, #1143, #1500, #2976, #1191, #1846, #4058, #1159, #1861, #4383, #81, #2274, #2259, #2960, #2990, #2946, #112, #1875, #4427, #2635, #431, #822, #2244, #2620, #4368, #463, #52, #3702, #1545, #790, #3305, #3672, #4397, #2606, #805, #4122, #1256, #3784, #2702, #2354, #3386, #530, #892, #1239, #1973, #1624, #3006, #1578, #855, #924, #3056, #129, #178, #2322, #2306, #545, #908, #562, #3752, #1593, #3421, #2337, #4495, #4152, #1957, #4478, #1288, #163, #2686, #4512, #1222, #1561, #3041, #4106, #4137, #4089, #1990, #3437, #3735, #3404, #3768, #1925, #1608, #1272, #194, #2719, #3073, #4446, #2290, #2652, #496, #3367, #1941, #4462, #147, #2668, #874, #512, #3025, #2734, #2370, #2007, #1342, #967, #2774, #3451, #979, #3140, #578, #1302, #3088, #940, #1693, #1316, #2762, #4206, #994, #239, #3507, #1330, #3127, #4527, #2022, #3859, #3479, #1680, #3816, #3800, #268, #1652, #4180, #618, #3492, #1640, #3844, #955, #212, #4540, #4554, #2063, #3113, #606, #2786, #2749, #4577, #3830, #4221, #2427, #2385, #631, #2036, #2048, #4168, #4565, #226, #591, #3100, #2413, #3467, #1668, #4193, #2399, #253, #3906, #1041, #3570, #2490, #2143, #3171, #313, #675, #1027, #1759, #1420, #2801, #1373, #646, #706, #2850, #4593, #4639, #2108, #2094 ),
 ( #2126, #4282, #3938, #3539, #1389, #1075, #1742, #4266, #4300, #1011, #1358, #4624, #3891, #3922, #3876, #1776, #3220, #3523, #2475, #3554, #1709, #2832, #3189, #1405, #330, #4656, #4236, #2078, #690, #3205, #2506, #1059, #346, #2866, #2441, #662, #284, #3156, #1727, #4251, #4610, #2458, #299, #2817, #3236, #769, #2938, #360, #1090, #2880, #2522, #1492, #1106, #2551, #4001, #782, #30, #3297, #1121, #2924, #1793, #1807, #3649, #752, #1479, #720, #3585, #57, #3600, #1449, #2567, #3281, #1434, #3632, #735, #2157, #3968, #4346, #1853, #2910, #394, #2581, #2536, #4375, #3615, #4017, #2220, #4330, #410, #1822, #1839, #3952, #3266, #424, #1135, #4315, #4361, #4669, #2175, #12, #378, #2207, #1463, #45, #2894, #3251, #3987, #2191, #104, #471, #814, #1553, #1212, #2598, #1167, #439, #503, #2643, #4389, #4436, #1899, #1883, #2281, #120, #137, #2968, #3327, #2997, #1915, #4080, #3726, #1183, #3694, #865, #1537, #4064, #4097, #797, #1150, #4418, #3679, #3711, #3664, #3358, #3016, #3313, #2266, #3343, #1507, #2627, #2982, #830, #487, #4453, #4034, #1867, #1197, #846, #1569, #1932, #2298, #2659, #2236, #455, #73, #2953, #1522, #4050, #4403, #2251, #90, #2612, #3033, #570, #2741, #154, #883, #2677, #2313, #1295, #900, #2345, #3792, #584, #4503, #3094, #916, #2726, #1585, #1600, #3444, #554, #1280, #521, #3377 ),
 ( #3429, #537, #1948, #3759, #4144, #1645, #2711, #186, #4533, #2329, #4173, #3412, #3808, #2015, #4129, #203, #1616, #1632, #1230, #3064, #2378, #3080, #931, #4160, #219, #3743, #4469, #4113, #1998, #1263, #4519, #3394, #2362, #1247, #3048, #1964, #4487, #3776, #170, #2695, #1981, #960, #2392, #294, #2436, #4186, #4231, #1688, #1674, #2073, #4588, #4604, #2768, #3121, #2796, #1703, #1352, #3518, #613, #974, #656, #3487, #1337, #3886, #597, #948, #3853, #3473, #3502, #3459, #3150, #2811, #3106, #4215, #3135, #1309, #2057, #4572, #2422, #3870, #4245, #3823, #1659, #263, #279, #1368, #2781, #1720, #626, #2029, #247, #989, #641, #4547, #232, #2756, #1006, #2088, #2452, #1324, #3838, #4199, #2042, #4560, #2409, #3900, #2137, #1400, #4634, #3200, #3214, #2120, #1069, #2844, #3934, #1021, #308, #4650, #325, #686, #4261, #3166, #3533, #2469, #2103, #4294, #2500, #1383, #1416, #4277, #4619, #1036, #1053, #1737, #341, #2861, #2827, #3565, #671, #1771, #3183, #3549, #701, #3917, #1754, #2486, #3930, #1379, #3196, #1033, #3545, #304, #1396, #3561, #2778, #682, #1017, #2084, #3897, #1750, #667, #321, #1364, #3162, #3529, #3882, #4615, #4273, #986, #4227, #3498, #1412, #3913, #623, #2823, #290, #275, #3179, #2116, #1049, #1716, #4242, #4630, #2482, #2839, #4600, #2448, #4211, #2807, #652, #2053, #3867, #4569, #1733, #2069 ),
 ( #4257, #2100, #2418, #259, #2465, #3131, #1348, #4585, #1699, #2433, #2792, #637, #3146, #1002, #3514, #4663, #1785, #2543, #2514, #1830, #1766, #1097, #3961, #1427, #2182, #338, #2858, #698, #1800, #3273, #3607, #4646, #3623, #1113, #4307, #3258, #2150, #1128, #4322, #369, #1456, #3577, #3212, #3976, #2164, #1066, #4337, #4, #2497, #2133, #2887, #1470, #20, #385, #3994, #3227, #3640, #4353, #353, #37, #2901, #2873, #713, #3945, #1814, #728, #1486, #742, #1082, #3593, #2558, #1441, #2198, #401, #3243, #2917, #760, #4290, #2529, #3409, #1583, #3372, #2311, #2342, #1277, #3789, #1227, #3061, #2295, #183, #4484, #1209, #4077, #3723, #551, #2707, #3757, #913, #1598, #3046, #3740, #4111, #3426, #2673, #1946, #4467, #484, #152, #4451, #535, #2640, #3013, #861, #519, #4127, #134, #1567, #2657, #3030, #501, #880, #2693, #3391, #897, #1245, #4433, #1962, #2327, #168, #1912, #2279, #1261, #3773, #1614, #1930, #4142, #1978, #4095, #118, #4500, #2994, #843, #3356, #1644, #2406, #2374, #1686, #1629, #959, #3821, #1293, #2040, #200, #2724, #567, #1656, #3132, #3471, #4517, #3484, #971, #4172, #3118, #2012, #987, #4184, #230, #1321, #3442, #3078, #3834, #2026, #929, #4197, #4544, #2360, #1995, #2754, #1335, #4558, #244, #3849, #3092, #3499, #4212, #4531, #4570, #2766, #216, #2738, #3806, #1672, #595, #1349, #611 ),
 ( #3104, #2054, #2419, #260, #2779, #624, #4158, #2390, #946, #582, #3455, #1307, #1067, #1018, #2859, #2085, #4647, #4274, #1003, #3578, #3515, #339, #2498, #3546, #2134, #1397, #2840, #3530, #1380, #699, #2466, #3898, #1734, #276, #4258, #4243, #322, #2434, #2808, #653, #3163, #3914, #4601, #1365, #2449, #2824, #291, #2101, #2483, #4616, #683, #305, #4228, #668, #1751, #3180, #3213, #3868, #1034, #2117, #4631, #1717, #3197, #1050, #3883, #2070, #3562, #1700, #2793, #1413, #3931, #1767, #4291, #4586, #638, #3147, #3608, #1083, #1831, #4664, #2515, #354, #1457, #2932, #743, #4308, #3274, #761, #3962, #2918, #1801, #778, #3977, #21, #3259, #3228, #2874, #3624, #1815, #714, #3995, #4338, #2151, #1786, #2544, #1129, #4354, #2199, #3641, #2888, #3290, #1487, #4323, #4369, #38, #2165, #5, #3594, #1114, #386, #1144, #1471, #1442, #2530, #2215, #1098, #2559, #402, #2902, #4010, #1847, #53, #2575, #418, #1428, #2183, #729, #3946, #370, #3244, #856, #806, #2653, #1876, #4447, #4073, #791, #3368, #3306, #130, #2291, #3336, #1926, #1192, #2636, #3321, #1176, #497, #2260, #3688, #1531, #66, #4059, #4043, #113, #2229, #2607, #448, #2961, #3703, #4398, #1161, #2245, #2621, #83, #1892, #2275, #4412, #480, #99, #4026, #464, #1547, #2977, #3008, #3658, #823, #1908, #4428, #1517, #2991, #839, #3674, #1862, #3352 ),
 ( #3720, #1501, #1206, #1562, #4090, #4384, #2591, #432, #2947, #3405, #2735, #546, #4107, #3074, #563, #3753, #2720, #1594, #579, #3769, #4496, #3057, #3026, #2669, #3422, #1257, #4463, #3785, #1609, #1942, #1579, #2338, #925, #1625, #1991, #3438, #2687, #3089, #1289, #4123, #4169, #4153, #1958, #4480, #3387, #909, #179, #941, #1273, #2307, #2323, #2008, #893, #4513, #2355, #2703, #195, #3801, #1641, #4528, #2371, #213, #4138, #531, #1974, #1223, #3736, #148, #3042, #513, #164, #876, #1240, #592, #648, #3102, #4595, #2080, #3128, #1712, #981, #2429, #608, #968, #286, #2049, #3114, #3480, #4541, #3845, #3831, #4579, #2023, #2400, #240, #2763, #3494, #1669, #956, #2037, #2414, #4194, #1331, #2065, #1681, #271, #4207, #3818, #4566, #1344, #254, #2444, #2803, #619, #3861, #4223, #1318, #1695, #2788, #3468, #1653, #2775, #3452, #2386, #4555, #633, #3142, #997, #3509, #1303, #1360, #3878, #4238, #3158, #227, #2750, #4181, #3192, #2525, #334, #3893, #2869, #349, #3541, #2510, #1392, #363, #3557, #4286, #2853, #2819, #2460, #3208, #1044, #4253, #3573, #1408, #1729, #1375, #2129, #709, #1423, #1780, #3223, #2478, #2883, #1078, #3909, #3957, #3941, #1745, #4269, #3173, #694, #4642, #724, #1062, #2096, #2111, #1796, #678, #4303, #2146, #2493, #4659, #3589, #1437, #4318, #2160, #4672, #3925, #316, #1762, #1013, #3525 ) ),
 .UNSPECIFIED., .T., .F., .F. ) 
 B_SPLINE_SURFACE_WITH_KNOTS ( ( 4, 3, 4 ),
 ( 4, 1, 1, 1, 1, 1, 1, 1, 1, 1, 1, 1, 1, 1, 1, 1, 1, 1, 1, 1, 1, 1, 1, 1, 1, 1, 1, 1, 1, 1, 1, 1, 1, 1, 1, 1, 1, 1, 1, 1, 1, 1, 1, 1, 1, 1, 1, 1, 1, 1, 1, 1, 1, 1, 1, 1, 1, 1, 1, 1, 1, 1, 1, 1, 1, 1, 1, 1, 1, 1, 1, 1, 1, 1, 1, 1, 1, 1, 1, 1, 1, 1, 1, 1, 1, 1, 1, 1, 1, 1, 1, 1, 1, 1, 1, 1, 1, 1, 1, 1, 1, 1, 1, 1, 1, 1, 1, 1, 1, 1, 1, 1, 1, 1, 1, 1, 1, 1, 1, 1, 1, 1, 1, 1, 1, 1, 1, 1, 1, 1, 1, 1, 1, 1, 1, 1, 1, 1, 1, 1, 1, 1, 1, 1, 1, 1, 1, 1, 1, 1, 1, 1, 1, 1, 1, 1, 1, 1, 1, 1, 1, 1, 1, 1, 1, 1, 1, 1, 1, 1, 1, 1, 1, 1, 1, 1, 1, 1, 1, 1, 1, 1, 1, 1, 1, 1, 1, 1, 1, 1, 1, 1, 4 ),
 ( 0.0000000000000000000, 0.5000000000000000000, 1.000000000000000000 ),
 ( 0.0000000000000000000, 0.005208851659441637200, 0.01041690951606768200, 0.01562538916034818600, 0.02083337273892411900, 0.02604139099910195500, 0.03124940158143988900, 0.03645752905059201900, 0.04166586087781853900, 0.04687447224936534800, 0.05208336789322275800, 0.05729204391634482700, 0.06250042526690541300, 0.06770858711751791300, 0.07291661659047797600, 0.07812460764471305900, 0.08333265622714758300, 0.08854085532161350100, 0.09374929004155721500, 0.09895803276482567600, 0.1041669002305377300, 0.1093754503388006500, 0.1145837340718805500, 0.1197918320298004500, 0.1249998346368247400, 0.1302078372446655600, 0.1354159352048116800, 0.1406242189408585000, 0.1458327690517221000, 0.1510416365181620200, 0.1562503792397705600, 0.1614588139567868500, 0.1666670130485285700, 0.1718750616290778400, 0.1770830526837117200, 0.1822910821560668500, 0.1874992440167551300, 0.1927076253443534000, 0.1979163014495511100, 0.2031251968833324200, 0.2083338087327634700, 0.2135421396928474700, 0.2187502678160196100, 0.2239582819519105300, 0.2291662768604117200, 0.2343743482877161700, 0.2395825880361720200, 0.2447910790588610800, 0.2499998906095332600, 0.2552087021589879400, 0.2604171931788942200, 0.2656254329244563400, 0.2708335043497772100, 0.2760414992577849300, 0.2812495133948065300, 0.2864576415204206900, 0.2916659724835009600, 0.2968745843352871800, 0.3020834797693120500, 0.3072921558724641700, 0.3125005371970848200, 0.3177086990551455400, 0.3229167285260682900, 0.3281247195808672500, 0.3333327681631342300, 0.3385409672576552600, 0.3437494019775790800, 0.3489581447008549600, 0.3541670121665641500, 0.3593755622748279800, 0.3645838460079075500, 0.3697919439658274900, 0.3749999465728517900, 0.3802079491806925600, 0.3854160471408386600, 0.3906243308768854700, 0.3958328809877491000, 0.4010417484541888800, 0.4062504911757974800, 0.4114589258928137400, 0.4166671249845553800, 0.4218751735651047300, 0.4270831646197385500, 0.4322911940920936600, 0.4374993559527820500, 0.4427077372803802600, 0.4479164133855779200, 0.4531253088193593600, 0.4583339206687903600, 0.4635422516288743600, 0.4687503797520465300, 0.4739583938879373700, 0.4791663887964386400, 0.4843744602237430900, 0.4895826999721989400, 0.4947911909948879400, 0.5000000025455602100, 0.5052088140950149500, 0.5104173051149211200, 0.5156255448604831800, 0.5208336162858041600, 0.5260416111938118800, 0.5312496253308333100, 0.5364577534564475300, 0.5416660844195279000, 0.5468746962713139100, 0.5520835917053389400, 0.5572922678084911700, 0.5625006491331117100, 0.5677088109911724300, 0.5729168404620953400, 0.5781248315168943100, 0.5833328800991612900, 0.5885410791936823700, 0.5937495139136060900, 0.5989582566368820700, 0.6041671241025914400, 0.6093756742108551400, 0.6145839579439348300, 0.6197920559018547100, 0.6250000585088788500, 0.6302080611167197900, 0.6354161590768659900, 0.6406244428129126400, 0.6458329929237761600, 0.6510418603902160500, 0.6562506031118245900, 0.6614590378288408600, 0.6666672369205825000, 0.6718752855011317400, 0.6770832765557656100, 0.6822913060281208300, 0.6874994678888091100, 0.6927078492164073800, 0.6979165253216049700, 0.7031254207553862000, 0.7083340326048174200, 0.7135423635649013100, 0.7187504916880733700, 0.7239585058239642600, 0.7291665007324654700, 0.7343745721597697600, 0.7395828119082257200, 0.7447913029309147800, 0.7500001144815868800, 0.7552089260310415100, 0.7604174170509477900, 0.7656256567965098500, 0.7708337282218307200, 0.7760417231298385500, 0.7812497372668599800, 0.7864578653924740900, 0.7916661963555545700, 0.7968748082073405800, 0.8020837036413655000, 0.8072923797445176200, 0.8125007610691380400, 0.8177089229271987700, 0.8229169523981217900, 0.8281249434529205400, 0.8333329920351875100, 0.8385411911297086000, 0.8437496258496323100, 0.8489583685729083000, 0.8541672360386175500, 0.8593757861468811500, 0.8645840698799607300, 0.8697921678378808300, 0.8750001704449048600, 0.8802081730527456800, 0.8854162710128917800, 0.8906245547489386500, 0.8958331048598011700, 0.9010419723262439500, 0.9062507150478449300, 0.9114591497648810700, 0.9166673488565676400, 0.9218753974372843100, 0.9270833884913544100, 0.9322914179657466600, 0.9374995798189867900, 0.9427079611725245300, 0.9479166371976925900, 0.9531255328413058600, 0.9583341442104966700, 0.9635424760347381900, 0.9687506035013956400, 0.9739586140827809500, 0.9791666323429650800, 0.9843746159245995200, 0.9895830955699587200, 0.9947911534315271300, 1.000000000000000000 ),
 .UNSPECIFIED. ) 
 GEOMETRIC_REPRESENTATION_ITEM ( )  RATIONAL_B_SPLINE_SURFACE ( (
 ( 1.000000000000000000, 1.000000000000000000, 1.000000000000000400, 0.9999999999999996700, 1.000000000000000400, 1.000000000000000000, 1.000000000000000000, 0.9999999999999996700, 1.000000000000000400, 0.9999999999999997800, 1.000000000000000200, 0.9999999999999997800, 0.9999999999999997800, 1.000000000000000200, 0.9999999999999997800, 1.000000000000000200, 1.000000000000000000, 1.000000000000000000, 1.000000000000000400, 0.9999999999999996700, 1.000000000000000200, 0.9999999999999996700, 1.000000000000000400, 0.9999999999999997800, 1.000000000000000000, 1.000000000000000200, 0.9999999999999996700, 1.000000000000000200, 1.000000000000000000, 0.9999999999999997800, 1.000000000000000000, 0.9999999999999997800, 1.000000000000000200, 1.000000000000000200, 0.9999999999999997800, 0.9999999999999997800, 1.000000000000000200, 0.9999999999999996700, 1.000000000000000400, 1.000000000000000000, 1.000000000000000200, 1.000000000000000000, 1.000000000000000000, 1.000000000000000200, 0.9999999999999996700, 1.000000000000000000, 0.9999999999999997800, 1.000000000000000200, 1.000000000000000000, 0.9999999999999997800, 1.000000000000000200, 1.000000000000000000, 1.000000000000000000, 1.000000000000000000, 1.000000000000000000, 0.9999999999999997800, 1.000000000000000200, 0.9999999999999996700, 1.000000000000000000, 1.000000000000000000, 1.000000000000000000, 1.000000000000000000, 1.000000000000000200, 0.9999999999999997800, 0.9999999999999997800, 1.000000000000000400, 0.9999999999999996700, 1.000000000000000400, 0.9999999999999997800, 1.000000000000000200, 0.9999999999999997800, 1.000000000000000200, 1.000000000000000200, 1.000000000000000000, 0.9999999999999996700, 1.000000000000000400, 0.9999999999999997800, 1.000000000000000000, 1.000000000000000000, 1.000000000000000200, 1.000000000000000000, 1.000000000000000200, 0.9999999999999997800, 1.000000000000000000, 1.000000000000000000, 1.000000000000000000, 1.000000000000000000, 1.000000000000000200, 1.000000000000000200, 0.9999999999999997800, 1.000000000000000200, 1.000000000000000000, 0.9999999999999997800, 1.000000000000000000, 1.000000000000000000, 1.000000000000000000, 1.000000000000000000, 1.000000000000000000, 1.000000000000000200, 1.000000000000000200, 1.000000000000000000, 1.000000000000000200, 1.000000000000000200, 0.9999999999999996700, 1.000000000000000200, 0.9999999999999996700, 1.000000000000000400, 1.000000000000000000, 1.000000000000000000, 0.9999999999999996700, 1.000000000000000400, 0.9999999999999997800, 1.000000000000000200, 1.000000000000000200, 0.9999999999999997800, 1.000000000000000200, 1.000000000000000200, 1.000000000000000000, 0.9999999999999997800, 1.000000000000000200, 0.9999999999999997800, 1.000000000000000400, 0.9999999999999996700, 1.000000000000000000, 1.000000000000000000, 1.000000000000000200, 1.000000000000000000, 0.9999999999999997800, 1.000000000000000400, 1.000000000000000000, 0.9999999999999996700, 1.000000000000000000, 1.000000000000000000, 1.000000000000000000, 1.000000000000000000, 1.000000000000000200, 1.000000000000000000, 1.000000000000000000, 1.000000000000000200, 1.000000000000000000, 0.9999999999999997800, 1.000000000000000200, 0.9999999999999996700, 1.000000000000000200, 1.000000000000000200, 1.000000000000000000, 1.000000000000000000, 1.000000000000000000, 1.000000000000000200, 1.000000000000000000, 1.000000000000000200, 0.9999999999999994400, 1.000000000000000400, 0.9999999999999994400, 1.000000000000000400, 1.000000000000000000, 1.000000000000000000, 0.9999999999999997800, 1.000000000000000400, 0.9999999999999997800, 1.000000000000000200, 1.000000000000000000, 0.9999999999999997800, 1.000000000000000000, 1.000000000000000000, 0.9999999999999997800, 1.000000000000000000, 1.000000000000000000, 0.9999999999999996700, 1.000000000000000200, 0.9999999999999996700, 1.000000000000000200, 1.000000000000000000, 1.000000000000000200, 1.000000000000000000, 1.000000000000000200, 0.9999999999999996700, 1.000000000000000200, 1.000000000000000000, 1.000000000000000400, 1.000000000000000000, 1.000000000000000200, 0.9999999999999997800, 1.000000000000000000, 1.000000000000000000, 1.000000000000000200, 0.9999999999999997800, 1.000000000000000400, 0.9999999999999996700, 1.000000000000000000, 1.000000000000000200, 0.9999999999999996700, 1.000000000000000400, 1.000000000000000000, 1.000000000000000000),
 ( 0.3333333333333333700, 0.3333333333333333700, 0.3333333333333334800, 0.3333333333333333700, 0.3333333333333334300, 0.3333333333333333700, 0.3333333333333333700, 0.3333333333333333100, 0.3333333333333334800, 0.3333333333333333700, 0.3333333333333333700, 0.3333333333333333100, 0.3333333333333333100, 0.3333333333333334800, 0.3333333333333332600, 0.3333333333333335400, 0.3333333333333333700, 0.3333333333333333700, 0.3333333333333334300, 0.3333333333333333100, 0.3333333333333333700, 0.3333333333333332600, 0.3333333333333334800, 0.3333333333333333100, 0.3333333333333333700, 0.3333333333333335400, 0.3333333333333332600, 0.3333333333333334800, 0.3333333333333333700, 0.3333333333333334300, 0.3333333333333332600, 0.3333333333333334300, 0.3333333333333333700, 0.3333333333333334300, 0.3333333333333333100, 0.3333333333333333100, 0.3333333333333334300, 0.3333333333333333100, 0.3333333333333334800, 0.3333333333333333100, 0.3333333333333334300, 0.3333333333333333700, 0.3333333333333333700, 0.3333333333333334300, 0.3333333333333333100, 0.3333333333333333700, 0.3333333333333333100, 0.3333333333333335400, 0.3333333333333333100, 0.3333333333333333700, 0.3333333333333334300, 0.3333333333333333100, 0.3333333333333334300, 0.3333333333333333700, 0.3333333333333333700, 0.3333333333333332600, 0.3333333333333334800, 0.3333333333333332600, 0.3333333333333333700, 0.3333333333333333700, 0.3333333333333333700, 0.3333333333333334300, 0.3333333333333333700, 0.3333333333333333100, 0.3333333333333333700, 0.3333333333333334300, 0.3333333333333333100, 0.3333333333333334800, 0.3333333333333333700, 0.3333333333333333100, 0.3333333333333333700, 0.3333333333333334300, 0.3333333333333333700, 0.3333333333333334300, 0.3333333333333333100, 0.3333333333333334800, 0.3333333333333333700, 0.3333333333333333700, 0.3333333333333334300, 0.3333333333333333700, 0.3333333333333333700, 0.3333333333333334300, 0.3333333333333333100, 0.3333333333333333100, 0.3333333333333333700, 0.3333333333333333100, 0.3333333333333334300, 0.3333333333333334300, 0.3333333333333333700, 0.3333333333333333100, 0.3333333333333334300, 0.3333333333333333100, 0.3333333333333333100, 0.3333333333333334300, 0.3333333333333333100, 0.3333333333333333700, 0.3333333333333333700, 0.3333333333333333700, 0.3333333333333334300, 0.3333333333333334300, 0.3333333333333333100, 0.3333333333333333700, 0.3333333333333334300, 0.3333333333333332600, 0.3333333333333334300, 0.3333333333333332600, 0.3333333333333334800, 0.3333333333333333700, 0.3333333333333333700, 0.3333333333333332600, 0.3333333333333335400, 0.3333333333333332600, 0.3333333333333334800, 0.3333333333333334300, 0.3333333333333333100, 0.3333333333333333700, 0.3333333333333333700, 0.3333333333333333100, 0.3333333333333334300, 0.3333333333333333700, 0.3333333333333333100, 0.3333333333333334300, 0.3333333333333332000, 0.3333333333333334800, 0.3333333333333333100, 0.3333333333333334300, 0.3333333333333333100, 0.3333333333333333700, 0.3333333333333334300, 0.3333333333333333100, 0.3333333333333333100, 0.3333333333333333100, 0.3333333333333334300, 0.3333333333333333700, 0.3333333333333333700, 0.3333333333333334300, 0.3333333333333333700, 0.3333333333333333100, 0.3333333333333333100, 0.3333333333333334800, 0.3333333333333332600, 0.3333333333333334800, 0.3333333333333332600, 0.3333333333333334300, 0.3333333333333334300, 0.3333333333333333100, 0.3333333333333334800, 0.3333333333333334300, 0.3333333333333334300, 0.3333333333333333700, 0.3333333333333334800, 0.3333333333333332000, 0.3333333333333336500, 0.3333333333333331500, 0.3333333333333335900, 0.3333333333333333700, 0.3333333333333333100, 0.3333333333333333700, 0.3333333333333334800, 0.3333333333333333100, 0.3333333333333334800, 0.3333333333333333700, 0.3333333333333333100, 0.3333333333333333100, 0.3333333333333333100, 0.3333333333333332600, 0.3333333333333334300, 0.3333333333333333100, 0.3333333333333333100, 0.3333333333333334300, 0.3333333333333332600, 0.3333333333333334800, 0.3333333333333333100, 0.3333333333333334300, 0.3333333333333333700, 0.3333333333333333700, 0.3333333333333333100, 0.3333333333333333700, 0.3333333333333334300, 0.3333333333333334300, 0.3333333333333333700, 0.3333333333333334300, 0.3333333333333333100, 0.3333333333333333700, 0.3333333333333334300, 0.3333333333333334300, 0.3333333333333333100, 0.3333333333333334300, 0.3333333333333332600, 0.3333333333333334300, 0.3333333333333333100, 0.3333333333333333700, 0.3333333333333334800, 0.3333333333333333700, 0.3333333333333333700),
 ( 0.3333333333333333700, 0.3333333333333333700, 0.3333333333333334800, 0.3333333333333333700, 0.3333333333333334300, 0.3333333333333333700, 0.3333333333333333700, 0.3333333333333333100, 0.3333333333333334800, 0.3333333333333333700, 0.3333333333333333700, 0.3333333333333333100, 0.3333333333333333100, 0.3333333333333334800, 0.3333333333333332600, 0.3333333333333335400, 0.3333333333333333700, 0.3333333333333333700, 0.3333333333333334300, 0.3333333333333333100, 0.3333333333333333700, 0.3333333333333332600, 0.3333333333333334800, 0.3333333333333333100, 0.3333333333333333700, 0.3333333333333335400, 0.3333333333333332600, 0.3333333333333334800, 0.3333333333333333700, 0.3333333333333334300, 0.3333333333333332600, 0.3333333333333334300, 0.3333333333333333700, 0.3333333333333334300, 0.3333333333333333100, 0.3333333333333333100, 0.3333333333333334300, 0.3333333333333333100, 0.3333333333333334800, 0.3333333333333333100, 0.3333333333333334300, 0.3333333333333333700, 0.3333333333333333700, 0.3333333333333334300, 0.3333333333333333100, 0.3333333333333333700, 0.3333333333333333100, 0.3333333333333335400, 0.3333333333333333100, 0.3333333333333333700, 0.3333333333333334300, 0.3333333333333333100, 0.3333333333333334300, 0.3333333333333333700, 0.3333333333333333700, 0.3333333333333332600, 0.3333333333333334800, 0.3333333333333332600, 0.3333333333333333700, 0.3333333333333333700, 0.3333333333333333700, 0.3333333333333334300, 0.3333333333333333700, 0.3333333333333333100, 0.3333333333333333700, 0.3333333333333334300, 0.3333333333333333100, 0.3333333333333334800, 0.3333333333333333700, 0.3333333333333333100, 0.3333333333333333700, 0.3333333333333334300, 0.3333333333333333700, 0.3333333333333334300, 0.3333333333333333100, 0.3333333333333334800, 0.3333333333333333700, 0.3333333333333333700, 0.3333333333333334300, 0.3333333333333333700, 0.3333333333333333700, 0.3333333333333334300, 0.3333333333333333100, 0.3333333333333333100, 0.3333333333333333700, 0.3333333333333333100, 0.3333333333333334300, 0.3333333333333334300, 0.3333333333333333700, 0.3333333333333333100, 0.3333333333333334300, 0.3333333333333333100, 0.3333333333333333100, 0.3333333333333334300, 0.3333333333333333100, 0.3333333333333333700, 0.3333333333333333700, 0.3333333333333333700, 0.3333333333333334300, 0.3333333333333334300, 0.3333333333333333100, 0.3333333333333333700, 0.3333333333333334300, 0.3333333333333332600, 0.3333333333333334300, 0.3333333333333332600, 0.3333333333333334800, 0.3333333333333333700, 0.3333333333333333700, 0.3333333333333332600, 0.3333333333333335400, 0.3333333333333332600, 0.3333333333333334800, 0.3333333333333334300, 0.3333333333333333100, 0.3333333333333333700, 0.3333333333333333700, 0.3333333333333333100, 0.3333333333333334300, 0.3333333333333333700, 0.3333333333333333100, 0.3333333333333334300, 0.3333333333333332000, 0.3333333333333334800, 0.3333333333333333100, 0.3333333333333334300, 0.3333333333333333100, 0.3333333333333333700, 0.3333333333333334300, 0.3333333333333333100, 0.3333333333333333100, 0.3333333333333333100, 0.3333333333333334300, 0.3333333333333333700, 0.3333333333333333700, 0.3333333333333334300, 0.3333333333333333700, 0.3333333333333333100, 0.3333333333333333100, 0.3333333333333334800, 0.3333333333333332600, 0.3333333333333334800, 0.3333333333333332600, 0.3333333333333334300, 0.3333333333333334300, 0.3333333333333333100, 0.3333333333333334800, 0.3333333333333334300, 0.3333333333333334300, 0.3333333333333333700, 0.3333333333333334800, 0.3333333333333332000, 0.3333333333333336500, 0.3333333333333331500, 0.3333333333333335900, 0.3333333333333333700, 0.3333333333333333100, 0.3333333333333333700, 0.3333333333333334800, 0.3333333333333333100, 0.3333333333333334800, 0.3333333333333333700, 0.3333333333333333100, 0.3333333333333333100, 0.3333333333333333100, 0.3333333333333332600, 0.3333333333333334300, 0.3333333333333333100, 0.3333333333333333100, 0.3333333333333334300, 0.3333333333333332600, 0.3333333333333334800, 0.3333333333333333100, 0.3333333333333334300, 0.3333333333333333700, 0.3333333333333333700, 0.3333333333333333100, 0.3333333333333333700, 0.3333333333333334300, 0.3333333333333334300, 0.3333333333333333700, 0.3333333333333334300, 0.3333333333333333100, 0.3333333333333333700, 0.3333333333333334300, 0.3333333333333334300, 0.3333333333333333100, 0.3333333333333334300, 0.3333333333333332600, 0.3333333333333334300, 0.3333333333333333100, 0.3333333333333333700, 0.3333333333333334800, 0.3333333333333333700, 0.3333333333333333700),
 ( 1.000000000000000000, 1.000000000000000000, 1.000000000000000400, 0.9999999999999996700, 1.000000000000000400, 1.000000000000000000, 1.000000000000000000, 0.9999999999999996700, 1.000000000000000400, 0.9999999999999997800, 1.000000000000000200, 0.9999999999999997800, 0.9999999999999997800, 1.000000000000000200, 0.9999999999999997800, 1.000000000000000200, 1.000000000000000000, 1.000000000000000000, 1.000000000000000400, 0.9999999999999996700, 1.000000000000000200, 0.9999999999999996700, 1.000000000000000400, 0.9999999999999997800, 1.000000000000000000, 1.000000000000000200, 0.9999999999999996700, 1.000000000000000200, 1.000000000000000000, 0.9999999999999997800, 1.000000000000000000, 0.9999999999999997800, 1.000000000000000200, 1.000000000000000200, 0.9999999999999997800, 0.9999999999999997800, 1.000000000000000200, 0.9999999999999996700, 1.000000000000000400, 1.000000000000000000, 1.000000000000000200, 1.000000000000000000, 1.000000000000000000, 1.000000000000000200, 0.9999999999999996700, 1.000000000000000000, 0.9999999999999997800, 1.000000000000000200, 1.000000000000000000, 0.9999999999999997800, 1.000000000000000200, 1.000000000000000000, 1.000000000000000000, 1.000000000000000000, 1.000000000000000000, 0.9999999999999997800, 1.000000000000000200, 0.9999999999999996700, 1.000000000000000000, 1.000000000000000000, 1.000000000000000000, 1.000000000000000000, 1.000000000000000200, 0.9999999999999997800, 0.9999999999999997800, 1.000000000000000400, 0.9999999999999996700, 1.000000000000000400, 0.9999999999999997800, 1.000000000000000200, 0.9999999999999997800, 1.000000000000000200, 1.000000000000000200, 1.000000000000000000, 0.9999999999999996700, 1.000000000000000400, 0.9999999999999997800, 1.000000000000000000, 1.000000000000000000, 1.000000000000000200, 1.000000000000000000, 1.000000000000000200, 0.9999999999999997800, 1.000000000000000000, 1.000000000000000000, 1.000000000000000000, 1.000000000000000000, 1.000000000000000200, 1.000000000000000200, 0.9999999999999997800, 1.000000000000000200, 1.000000000000000000, 0.9999999999999997800, 1.000000000000000000, 1.000000000000000000, 1.000000000000000000, 1.000000000000000000, 1.000000000000000000, 1.000000000000000200, 1.000000000000000200, 1.000000000000000000, 1.000000000000000200, 1.000000000000000200, 0.9999999999999996700, 1.000000000000000200, 0.9999999999999996700, 1.000000000000000400, 1.000000000000000000, 1.000000000000000000, 0.9999999999999996700, 1.000000000000000400, 0.9999999999999997800, 1.000000000000000200, 1.000000000000000200, 0.9999999999999997800, 1.000000000000000200, 1.000000000000000200, 1.000000000000000000, 0.9999999999999997800, 1.000000000000000200, 0.9999999999999997800, 1.000000000000000400, 0.9999999999999996700, 1.000000000000000000, 1.000000000000000000, 1.000000000000000200, 1.000000000000000000, 0.9999999999999997800, 1.000000000000000400, 1.000000000000000000, 0.9999999999999996700, 1.000000000000000000, 1.000000000000000000, 1.000000000000000000, 1.000000000000000000, 1.000000000000000200, 1.000000000000000000, 1.000000000000000000, 1.000000000000000200, 1.000000000000000000, 0.9999999999999997800, 1.000000000000000200, 0.9999999999999996700, 1.000000000000000200, 1.000000000000000200, 1.000000000000000000, 1.000000000000000000, 1.000000000000000000, 1.000000000000000200, 1.000000000000000000, 1.000000000000000200, 0.9999999999999994400, 1.000000000000000400, 0.9999999999999994400, 1.000000000000000400, 1.000000000000000000, 1.000000000000000000, 0.9999999999999997800, 1.000000000000000400, 0.9999999999999997800, 1.000000000000000200, 1.000000000000000000, 0.9999999999999997800, 1.000000000000000000, 1.000000000000000000, 0.9999999999999997800, 1.000000000000000000, 1.000000000000000000, 0.9999999999999996700, 1.000000000000000200, 0.9999999999999996700, 1.000000000000000200, 1.000000000000000000, 1.000000000000000200, 1.000000000000000000, 1.000000000000000200, 0.9999999999999996700, 1.000000000000000200, 1.000000000000000000, 1.000000000000000400, 1.000000000000000000, 1.000000000000000200, 0.9999999999999997800, 1.000000000000000000, 1.000000000000000000, 1.000000000000000200, 0.9999999999999997800, 1.000000000000000400, 0.9999999999999996700, 1.000000000000000000, 1.000000000000000200, 0.9999999999999996700, 1.000000000000000400, 1.000000000000000000, 1.000000000000000000),
 ( 0.3333333333333333700, 0.3333333333333333700, 0.3333333333333334800, 0.3333333333333333700, 0.3333333333333334300, 0.3333333333333333700, 0.3333333333333333700, 0.3333333333333333100, 0.3333333333333334800, 0.3333333333333333700, 0.3333333333333333700, 0.3333333333333333100, 0.3333333333333333100, 0.3333333333333334800, 0.3333333333333332600, 0.3333333333333335400, 0.3333333333333333700, 0.3333333333333333700, 0.3333333333333334300, 0.3333333333333333100, 0.3333333333333333700, 0.3333333333333332600, 0.3333333333333334800, 0.3333333333333333100, 0.3333333333333333700, 0.3333333333333335400, 0.3333333333333332600, 0.3333333333333334800, 0.3333333333333333700, 0.3333333333333334300, 0.3333333333333332600, 0.3333333333333334300, 0.3333333333333333700, 0.3333333333333334300, 0.3333333333333333100, 0.3333333333333333100, 0.3333333333333334300, 0.3333333333333333100, 0.3333333333333334800, 0.3333333333333333100, 0.3333333333333334300, 0.3333333333333333700, 0.3333333333333333700, 0.3333333333333334300, 0.3333333333333333100, 0.3333333333333333700, 0.3333333333333333100, 0.3333333333333335400, 0.3333333333333333100, 0.3333333333333333700, 0.3333333333333334300, 0.3333333333333333100, 0.3333333333333334300, 0.3333333333333333700, 0.3333333333333333700, 0.3333333333333332600, 0.3333333333333334800, 0.3333333333333332600, 0.3333333333333333700, 0.3333333333333333700, 0.3333333333333333700, 0.3333333333333334300, 0.3333333333333333700, 0.3333333333333333100, 0.3333333333333333700, 0.3333333333333334300, 0.3333333333333333100, 0.3333333333333334800, 0.3333333333333333700, 0.3333333333333333100, 0.3333333333333333700, 0.3333333333333334300, 0.3333333333333333700, 0.3333333333333334300, 0.3333333333333333100, 0.3333333333333334800, 0.3333333333333333700, 0.3333333333333333700, 0.3333333333333334300, 0.3333333333333333700, 0.3333333333333333700, 0.3333333333333334300, 0.3333333333333333100, 0.3333333333333333100, 0.3333333333333333700, 0.3333333333333333100, 0.3333333333333334300, 0.3333333333333334300, 0.3333333333333333700, 0.3333333333333333100, 0.3333333333333334300, 0.3333333333333333100, 0.3333333333333333100, 0.3333333333333334300, 0.3333333333333333100, 0.3333333333333333700, 0.3333333333333333700, 0.3333333333333333700, 0.3333333333333334300, 0.3333333333333334300, 0.3333333333333333100, 0.3333333333333333700, 0.3333333333333334300, 0.3333333333333332600, 0.3333333333333334300, 0.3333333333333332600, 0.3333333333333334800, 0.3333333333333333700, 0.3333333333333333700, 0.3333333333333332600, 0.3333333333333335400, 0.3333333333333332600, 0.3333333333333334800, 0.3333333333333334300, 0.3333333333333333100, 0.3333333333333333700, 0.3333333333333333700, 0.3333333333333333100, 0.3333333333333334300, 0.3333333333333333700, 0.3333333333333333100, 0.3333333333333334300, 0.3333333333333332000, 0.3333333333333334800, 0.3333333333333333100, 0.3333333333333334300, 0.3333333333333333100, 0.3333333333333333700, 0.3333333333333334300, 0.3333333333333333100, 0.3333333333333333100, 0.3333333333333333100, 0.3333333333333334300, 0.3333333333333333700, 0.3333333333333333700, 0.3333333333333334300, 0.3333333333333333700, 0.3333333333333333100, 0.3333333333333333100, 0.3333333333333334800, 0.3333333333333332600, 0.3333333333333334800, 0.3333333333333332600, 0.3333333333333334300, 0.3333333333333334300, 0.3333333333333333100, 0.3333333333333334800, 0.3333333333333334300, 0.3333333333333334300, 0.3333333333333333700, 0.3333333333333334800, 0.3333333333333332000, 0.3333333333333336500, 0.3333333333333331500, 0.3333333333333335900, 0.3333333333333333700, 0.3333333333333333100, 0.3333333333333333700, 0.3333333333333334800, 0.3333333333333333100, 0.3333333333333334800, 0.3333333333333333700, 0.3333333333333333100, 0.3333333333333333100, 0.3333333333333333100, 0.3333333333333332600, 0.3333333333333334300, 0.3333333333333333100, 0.3333333333333333100, 0.3333333333333334300, 0.3333333333333332600, 0.3333333333333334800, 0.3333333333333333100, 0.3333333333333334300, 0.3333333333333333700, 0.3333333333333333700, 0.3333333333333333100, 0.3333333333333333700, 0.3333333333333334300, 0.3333333333333334300, 0.3333333333333333700, 0.3333333333333334300, 0.3333333333333333100, 0.3333333333333333700, 0.3333333333333334300, 0.3333333333333334300, 0.3333333333333333100, 0.3333333333333334300, 0.3333333333333332600, 0.3333333333333334300, 0.3333333333333333100, 0.3333333333333333700, 0.3333333333333334800, 0.3333333333333333700, 0.3333333333333333700),
 ( 0.3333333333333333700, 0.3333333333333333700, 0.3333333333333334800, 0.3333333333333333700, 0.3333333333333334300, 0.3333333333333333700, 0.3333333333333333700, 0.3333333333333333100, 0.3333333333333334800, 0.3333333333333333700, 0.3333333333333333700, 0.3333333333333333100, 0.3333333333333333100, 0.3333333333333334800, 0.3333333333333332600, 0.3333333333333335400, 0.3333333333333333700, 0.3333333333333333700, 0.3333333333333334300, 0.3333333333333333100, 0.3333333333333333700, 0.3333333333333332600, 0.3333333333333334800, 0.3333333333333333100, 0.3333333333333333700, 0.3333333333333335400, 0.3333333333333332600, 0.3333333333333334800, 0.3333333333333333700, 0.3333333333333334300, 0.3333333333333332600, 0.3333333333333334300, 0.3333333333333333700, 0.3333333333333334300, 0.3333333333333333100, 0.3333333333333333100, 0.3333333333333334300, 0.3333333333333333100, 0.3333333333333334800, 0.3333333333333333100, 0.3333333333333334300, 0.3333333333333333700, 0.3333333333333333700, 0.3333333333333334300, 0.3333333333333333100, 0.3333333333333333700, 0.3333333333333333100, 0.3333333333333335400, 0.3333333333333333100, 0.3333333333333333700, 0.3333333333333334300, 0.3333333333333333100, 0.3333333333333334300, 0.3333333333333333700, 0.3333333333333333700, 0.3333333333333332600, 0.3333333333333334800, 0.3333333333333332600, 0.3333333333333333700, 0.3333333333333333700, 0.3333333333333333700, 0.3333333333333334300, 0.3333333333333333700, 0.3333333333333333100, 0.3333333333333333700, 0.3333333333333334300, 0.3333333333333333100, 0.3333333333333334800, 0.3333333333333333700, 0.3333333333333333100, 0.3333333333333333700, 0.3333333333333334300, 0.3333333333333333700, 0.3333333333333334300, 0.3333333333333333100, 0.3333333333333334800, 0.3333333333333333700, 0.3333333333333333700, 0.3333333333333334300, 0.3333333333333333700, 0.3333333333333333700, 0.3333333333333334300, 0.3333333333333333100, 0.3333333333333333100, 0.3333333333333333700, 0.3333333333333333100, 0.3333333333333334300, 0.3333333333333334300, 0.3333333333333333700, 0.3333333333333333100, 0.3333333333333334300, 0.3333333333333333100, 0.3333333333333333100, 0.3333333333333334300, 0.3333333333333333100, 0.3333333333333333700, 0.3333333333333333700, 0.3333333333333333700, 0.3333333333333334300, 0.3333333333333334300, 0.3333333333333333100, 0.3333333333333333700, 0.3333333333333334300, 0.3333333333333332600, 0.3333333333333334300, 0.3333333333333332600, 0.3333333333333334800, 0.3333333333333333700, 0.3333333333333333700, 0.3333333333333332600, 0.3333333333333335400, 0.3333333333333332600, 0.3333333333333334800, 0.3333333333333334300, 0.3333333333333333100, 0.3333333333333333700, 0.3333333333333333700, 0.3333333333333333100, 0.3333333333333334300, 0.3333333333333333700, 0.3333333333333333100, 0.3333333333333334300, 0.3333333333333332000, 0.3333333333333334800, 0.3333333333333333100, 0.3333333333333334300, 0.3333333333333333100, 0.3333333333333333700, 0.3333333333333334300, 0.3333333333333333100, 0.3333333333333333100, 0.3333333333333333100, 0.3333333333333334300, 0.3333333333333333700, 0.3333333333333333700, 0.3333333333333334300, 0.3333333333333333700, 0.3333333333333333100, 0.3333333333333333100, 0.3333333333333334800, 0.3333333333333332600, 0.3333333333333334800, 0.3333333333333332600, 0.3333333333333334300, 0.3333333333333334300, 0.3333333333333333100, 0.3333333333333334800, 0.3333333333333334300, 0.3333333333333334300, 0.3333333333333333700, 0.3333333333333334800, 0.3333333333333332000, 0.3333333333333336500, 0.3333333333333331500, 0.3333333333333335900, 0.3333333333333333700, 0.3333333333333333100, 0.3333333333333333700, 0.3333333333333334800, 0.3333333333333333100, 0.3333333333333334800, 0.3333333333333333700, 0.3333333333333333100, 0.3333333333333333100, 0.3333333333333333100, 0.3333333333333332600, 0.3333333333333334300, 0.3333333333333333100, 0.3333333333333333100, 0.3333333333333334300, 0.3333333333333332600, 0.3333333333333334800, 0.3333333333333333100, 0.3333333333333334300, 0.3333333333333333700, 0.3333333333333333700, 0.3333333333333333100, 0.3333333333333333700, 0.3333333333333334300, 0.3333333333333334300, 0.3333333333333333700, 0.3333333333333334300, 0.3333333333333333100, 0.3333333333333333700, 0.3333333333333334300, 0.3333333333333334300, 0.3333333333333333100, 0.3333333333333334300, 0.3333333333333332600, 0.3333333333333334300, 0.3333333333333333100, 0.3333333333333333700, 0.3333333333333334800, 0.3333333333333333700, 0.3333333333333333700),
 ( 1.000000000000000000, 1.000000000000000000, 1.000000000000000400, 0.9999999999999996700, 1.000000000000000400, 1.000000000000000000, 1.000000000000000000, 0.9999999999999996700, 1.000000000000000400, 0.9999999999999997800, 1.000000000000000200, 0.9999999999999997800, 0.9999999999999997800, 1.000000000000000200, 0.9999999999999997800, 1.000000000000000200, 1.000000000000000000, 1.000000000000000000, 1.000000000000000400, 0.9999999999999996700, 1.000000000000000200, 0.9999999999999996700, 1.000000000000000400, 0.9999999999999997800, 1.000000000000000000, 1.000000000000000200, 0.9999999999999996700, 1.000000000000000200, 1.000000000000000000, 0.9999999999999997800, 1.000000000000000000, 0.9999999999999997800, 1.000000000000000200, 1.000000000000000200, 0.9999999999999997800, 0.9999999999999997800, 1.000000000000000200, 0.9999999999999996700, 1.000000000000000400, 1.000000000000000000, 1.000000000000000200, 1.000000000000000000, 1.000000000000000000, 1.000000000000000200, 0.9999999999999996700, 1.000000000000000000, 0.9999999999999997800, 1.000000000000000200, 1.000000000000000000, 0.9999999999999997800, 1.000000000000000200, 1.000000000000000000, 1.000000000000000000, 1.000000000000000000, 1.000000000000000000, 0.9999999999999997800, 1.000000000000000200, 0.9999999999999996700, 1.000000000000000000, 1.000000000000000000, 1.000000000000000000, 1.000000000000000000, 1.000000000000000200, 0.9999999999999997800, 0.9999999999999997800, 1.000000000000000400, 0.9999999999999996700, 1.000000000000000400, 0.9999999999999997800, 1.000000000000000200, 0.9999999999999997800, 1.000000000000000200, 1.000000000000000200, 1.000000000000000000, 0.9999999999999996700, 1.000000000000000400, 0.9999999999999997800, 1.000000000000000000, 1.000000000000000000, 1.000000000000000200, 1.000000000000000000, 1.000000000000000200, 0.9999999999999997800, 1.000000000000000000, 1.000000000000000000, 1.000000000000000000, 1.000000000000000000, 1.000000000000000200, 1.000000000000000200, 0.9999999999999997800, 1.000000000000000200, 1.000000000000000000, 0.9999999999999997800, 1.000000000000000000, 1.000000000000000000, 1.000000000000000000, 1.000000000000000000, 1.000000000000000000, 1.000000000000000200, 1.000000000000000200, 1.000000000000000000, 1.000000000000000200, 1.000000000000000200, 0.9999999999999996700, 1.000000000000000200, 0.9999999999999996700, 1.000000000000000400, 1.000000000000000000, 1.000000000000000000, 0.9999999999999996700, 1.000000000000000400, 0.9999999999999997800, 1.000000000000000200, 1.000000000000000200, 0.9999999999999997800, 1.000000000000000200, 1.000000000000000200, 1.000000000000000000, 0.9999999999999997800, 1.000000000000000200, 0.9999999999999997800, 1.000000000000000400, 0.9999999999999996700, 1.000000000000000000, 1.000000000000000000, 1.000000000000000200, 1.000000000000000000, 0.9999999999999997800, 1.000000000000000400, 1.000000000000000000, 0.9999999999999996700, 1.000000000000000000, 1.000000000000000000, 1.000000000000000000, 1.000000000000000000, 1.000000000000000200, 1.000000000000000000, 1.000000000000000000, 1.000000000000000200, 1.000000000000000000, 0.9999999999999997800, 1.000000000000000200, 0.9999999999999996700, 1.000000000000000200, 1.000000000000000200, 1.000000000000000000, 1.000000000000000000, 1.000000000000000000, 1.000000000000000200, 1.000000000000000000, 1.000000000000000200, 0.9999999999999994400, 1.000000000000000400, 0.9999999999999994400, 1.000000000000000400, 1.000000000000000000, 1.000000000000000000, 0.9999999999999997800, 1.000000000000000400, 0.9999999999999997800, 1.000000000000000200, 1.000000000000000000, 0.9999999999999997800, 1.000000000000000000, 1.000000000000000000, 0.9999999999999997800, 1.000000000000000000, 1.000000000000000000, 0.9999999999999996700, 1.000000000000000200, 0.9999999999999996700, 1.000000000000000200, 1.000000000000000000, 1.000000000000000200, 1.000000000000000000, 1.000000000000000200, 0.9999999999999996700, 1.000000000000000200, 1.000000000000000000, 1.000000000000000400, 1.000000000000000000, 1.000000000000000200, 0.9999999999999997800, 1.000000000000000000, 1.000000000000000000, 1.000000000000000200, 0.9999999999999997800, 1.000000000000000400, 0.9999999999999996700, 1.000000000000000000, 1.000000000000000200, 0.9999999999999996700, 1.000000000000000400, 1.000000000000000000, 1.000000000000000000) ) ) 
 REPRESENTATION_ITEM ( '' )  SURFACE ( )  );
#858 = CARTESIAN_POINT ( 'NONE',  ( -0.8695246996650987100, -0.5149999999982865000, 0.8695246996967516100 ) ) ;
#859 = CARTESIAN_POINT ( 'NONE',  ( -0.4331610121511816900, 1.652291346042017900, -1.150892356813155500 ) ) ;
#860 = CARTESIAN_POINT ( 'NONE',  ( -0.2121540332820273100, 0.6147655148761669300, -0.7605843064859376700 ) ) ;
#861 = CARTESIAN_POINT ( 'NONE',  ( 0.7646862638726631400, 0.7585185476483163900, -0.1965736866116143100 ) ) ;
#862 = CARTESIAN_POINT ( 'NONE',  ( -0.7850601612559290300, 0.5793332875151984100, -0.07737847156259396200 ) ) ;
#863 = CARTESIAN_POINT ( 'NONE',  ( -0.4331610121511816900, 1.652291346042017900, -1.150892356813155500 ) ) ;
#864 = CARTESIAN_POINT ( 'NONE',  ( -0.1029297548487341200, 1.630795302210770000, -0.7821276785824002900 ) ) ;
#865 = CARTESIAN_POINT ( 'NONE',  ( 0.3331210013564350800, 0.3357824568175925000, 0.7159142649701852900 ) ) ;
#866 = CARTESIAN_POINT ( 'NONE',  ( 0.6164677731863776900, 2.133339337733255000, -1.067905141736215800 ) ) ;
#867 = CARTESIAN_POINT ( 'NONE',  ( -1.164439485758842300, 0.5579170572123639500, -0.3952700781400474400 ) ) ;
#868 = CARTESIAN_POINT ( 'NONE',  ( -0.7909752777859805400, -1.843008661879592200, -1.671479227601514700E-007 ) ) ;
#869 = CARTESIAN_POINT ( 'NONE',  ( 0.7212655658429637500, 2.499999999999999600, 0.3071640519654857400 ) ) ;
#870 = CARTESIAN_POINT ( 'NONE',  ( 0.5266663369767470300, -1.402317509569601900, 0.5883028260629893400 ) ) ;
#871 = CARTESIAN_POINT ( 'NONE',  ( -1.190999212357395400, -2.698666666594765000, 0.3191279559105084100 ) ) ;
#872 = CARTESIAN_POINT ( 'NONE',  ( 0.8455687376249247900, -1.108323972244350800, 0.8934404109185459800 ) ) ;
#873 = CARTESIAN_POINT ( 'NONE',  ( -0.6555414830106047800, -2.499999999999999100, -0.5624837240666236100 ) ) ;
#874 = CARTESIAN_POINT ( 'NONE',  ( 1.019291472996470800, -0.2006349003446711000, 0.6887761431329892900 ) ) ;
#875 = ORIENTED_EDGE ( 'NONE', *, *, #2203, .F. ) ;
#876 = CARTESIAN_POINT ( 'NONE',  ( -1.164439485753312500, -0.5579170572107777800, 0.3952700781599074500 ) ) ;
#877 = CARTESIAN_POINT ( 'NONE',  ( 0.8107975516650075500, 0.2145827788835834600, 0.9245476424938381400 ) ) ;
#878 = CARTESIAN_POINT ( 'NONE',  ( 0.2398993122448805400, 1.931250443757048600, 1.206058573427552000 ) ) ;
#879 = CARTESIAN_POINT ( 'NONE',  ( -0.6370999716271702500, 0.2070580877844641900, 0.4664743867521565200 ) ) ;
#880 = CARTESIAN_POINT ( 'NONE',  ( -0.3878381874844824600, 0.9301967315008324900, -0.6877342925572820200 ) ) ;
#881 = CARTESIAN_POINT ( 'NONE',  ( -0.1605179022286718800, 1.630834093455881200, -1.219185301706474900 ) ) ;
#882 = CARTESIAN_POINT ( 'NONE',  ( -0.4383163541437515300, 1.673734042445765400, -0.6558904719995993800 ) ) ;
#883 = CARTESIAN_POINT ( 'NONE',  ( -0.5989583206434592200, 1.258518007692628100, -0.5145211900398553000 ) ) ;
#884 = CARTESIAN_POINT ( 'NONE',  ( 1.213270992236068300, -0.2789580599266448500, -0.2003143261477257600 ) ) ;
#885 = CARTESIAN_POINT ( 'NONE',  ( -0.7909928003969634000, -2.717008661706916700, 1.173799956273338100E-006 ) ) ;
#886 = CARTESIAN_POINT ( 'NONE',  ( 1.000499999999999900, -2.500000000000000000, 0.0000000000000000000 ) ) ;
#887 = CARTESIAN_POINT ( 'NONE',  ( -0.5526881631346451900, -2.131926128851189300, 0.5639509966041252900 ) ) ;
#888 = CARTESIAN_POINT ( 'NONE',  ( 1.218960963146396500, 2.498313126837300200, 0.006482108510894213500 ) ) ;
#889 = LINE ( 'NONE', #427, #2405 ) ;
#890 = CARTESIAN_POINT ( 'NONE',  ( 0.3632091593354133700, -1.151241057445435000, 1.175301624887857200 ) ) ;
#891 = CARTESIAN_POINT ( 'NONE',  ( -0.8760421362784959200, -2.500000000000001300, -0.2568815235357569900 ) ) ;
#892 = CARTESIAN_POINT ( 'NONE',  ( 1.134080772637731100, -1.359384320922785200, 0.4766819893011480800 ) ) ;
#893 = CARTESIAN_POINT ( 'NONE',  ( 0.7801092823900076500, -0.9656253526955521600, 0.9505710321984792700 ) ) ;
#894 = CARTESIAN_POINT ( 'NONE',  ( 1.227061010144722400, 0.3004165873972898200, -0.08042515269644816300 ) ) ;
#895 = CARTESIAN_POINT ( 'NONE',  ( 1.084501027639235700, 0.8368742989370647800, 0.5796874518067393100 ) ) ;
#896 = CARTESIAN_POINT ( 'NONE',  ( -0.6831915652582435400, -1.716705367745774000, 0.3943900840666683100 ) ) ;
#897 = CARTESIAN_POINT ( 'NONE',  ( -0.7360612092185974100, 0.9945522048697443800, -0.2856615555997782400 ) ) ;
#898 = CARTESIAN_POINT ( 'NONE',  ( 0.7752565283500549900, -2.489297942807100500, -0.1194677669882142800 ) ) ;
#899 = CARTESIAN_POINT ( 'NONE',  ( -0.2047195084537565800, 2.371619910291268500, 0.7640320911397987500 ) ) ;
#900 = CARTESIAN_POINT ( 'NONE',  ( -0.7728457477653009100, 1.344328020698371200, 0.1618663880179718700 ) ) ;
#901 = CARTESIAN_POINT ( 'NONE',  ( 1.203260228517470300, 2.074125675918066400, -0.2458867099239280500 ) ) ;
#902 = CARTESIAN_POINT ( 'NONE',  ( -0.5075029183095493000, 0.1072917064179521600, 1.120083624685096500 ) ) ;
#903 = CARTESIAN_POINT ( 'NONE',  ( 0.7820000003448878100, -2.060017323587906500, -1.163102699448087900E-006 ) ) ;
#904 = CARTESIAN_POINT ( 'NONE',  ( 0.6877849334443555400, -1.960252887383392700, 0.3878645467843437900 ) ) ;
#905 = CARTESIAN_POINT ( 'NONE',  ( 0.3191357952347539900, 2.151664971393430800, -1.190966106723250700 ) ) ;
#906 = CARTESIAN_POINT ( 'NONE',  ( 1.206432414593671800, -1.603192338667028800, -0.2290000407936944600 ) ) ;
#907 = CARTESIAN_POINT ( 'NONE',  ( -1.023819322031940900, -2.499999999999999600, -0.04130761689284624000 ) ) ;
#908 = CARTESIAN_POINT ( 'NONE',  ( -1.162845753794004500, -1.058967280790916300, -0.4014889125969545200 ) ) ;
#909 = CARTESIAN_POINT ( 'NONE',  ( -0.9755813789593389400, -1.115833176467857500, 0.7485916255693098000 ) ) ;
#910 = CARTESIAN_POINT ( 'NONE',  ( 0.9755813789592887600, 0.9441668235321526400, -0.7485916255693531000 ) ) ;
#911 = CARTESIAN_POINT ( 'NONE',  ( 1.206067579022625400, 0.9012497658148962400, -0.2398996534054383700 ) ) ;
#912 = CARTESIAN_POINT ( 'NONE',  ( 0.7820390385903184200, 1.620896469407973100, -0.002474896277909799200 ) ) ;
#913 = CARTESIAN_POINT ( 'NONE',  ( -0.7888458882821523000, 0.4366478558198981200, -0.03385053581248576700 ) ) ;
#914 = CARTESIAN_POINT ( 'NONE',  ( -0.7909840390914719700, -2.280008661793254900, 5.033260167737496100E-007 ) ) ;
#915 = CARTESIAN_POINT ( 'NONE',  ( 0.3191250568542223200, -2.408333291755288200, -1.190991643212853600 ) ) ;
#916 = CARTESIAN_POINT ( 'NONE',  ( 0.008080529342694254400, 1.473098597167896000, 0.7895721582045065500 ) ) ;
#917 = CARTESIAN_POINT ( 'NONE',  ( 1.218999999999975900, 2.060000000000015600, -1.196809669476056900E-013 ) ) ;
#918 = CARTESIAN_POINT ( 'NONE',  ( 0.04023867200969395700, -0.1502087576831190300, -1.229040584142548700 ) ) ;
#919 = CARTESIAN_POINT ( 'NONE',  ( -0.5593156104983213500, -2.662008584306605900, 0.5593170687492015100 ) ) ;
#920 = CARTESIAN_POINT ( 'NONE',  ( 1.117567197597445500, 1.580994620826773300, 0.5058958971953460000 ) ) ;
#921 = CARTESIAN_POINT ( 'NONE',  ( 1.020018420973799500, 2.101281393212785600, -0.6821187925401502900 ) ) ;
#922 = CARTESIAN_POINT ( 'NONE',  ( -0.08683616903941651600, 0.8873004461655136200, -1.227081334746391600 ) ) ;
#923 = CARTESIAN_POINT ( 'NONE',  ( -0.4574471140480511100, -2.500000000000000400, -0.7093686874969391500 ) ) ;
#924 = CARTESIAN_POINT ( 'NONE',  ( 0.4393228359073693700, -1.209176442869103900, -1.149065046145574300 ) ) ;
#925 = CARTESIAN_POINT ( 'NONE',  ( 0.8406176375655406400, -1.394792146173208500, -0.8975113652285557900 ) ) ;
#926 = CARTESIAN_POINT ( 'NONE',  ( -1.084501027665753800, 1.223125701058432700, 0.5796874517535386400 ) ) ;
#927 = CARTESIAN_POINT ( 'NONE',  ( 0.9245476424501120100, 0.8154172211114978400, 0.8107975517129723000 ) ) ;
#928 = CARTESIAN_POINT ( 'NONE',  ( 0.7361137134212230000, 1.065391636654924100, -0.2856839678121440000 ) ) ;
#929 = CARTESIAN_POINT ( 'NONE',  ( 0.1110632885979276600, 2.046009257105014400, -0.7817044388812307600 ) ) ;
#930 = CARTESIAN_POINT ( 'NONE',  ( -0.5593121838742002300, 2.224952347800483600, -0.5593081785736782100 ) ) ;
#931 = CARTESIAN_POINT ( 'NONE',  ( 0.07738280380548794000, -1.609389444340093600, 0.7850597333521928100 ) ) ;
#932 = CARTESIAN_POINT ( 'NONE',  ( 1.218999756033170200, 2.500000000000002700, 0.03301611454252605100 ) ) ;
#933 = CARTESIAN_POINT ( 'NONE',  ( -0.7469758525558047900, -0.5579323635797461800, 0.2536230489875999600 ) ) ;
#934 = CARTESIAN_POINT ( 'NONE',  ( 0.6326442837802915800, -2.541313417366863000, 0.4640771808600399600 ) ) ;
#935 = ORIENTED_EDGE ( 'NONE', *, *, #841, .F. ) ;
#936 = CARTESIAN_POINT ( 'NONE',  ( 0.1364971375269466700, -0.8658806412829136400, 0.7777441848100624700 ) ) ;
#937 = CARTESIAN_POINT ( 'NONE',  ( -0.3191240921756243200, 2.371666800028122700, 1.190989200620927700 ) ) ;
#938 = CARTESIAN_POINT ( 'NONE',  ( 0.4014688637101883600, 0.02896728124759401200, 1.162792479127098500 ) ) ;
#939 = CARTESIAN_POINT ( 'NONE',  ( 0.6148160312161336000, -2.499999999999998700, -0.4925882128804272600 ) ) ;
#940 = CARTESIAN_POINT ( 'NONE',  ( -1.175355529444087800, 0.1212410590961992100, -0.3632274496354369100 ) ) ;
#941 = CARTESIAN_POINT ( 'NONE',  ( -0.5438787747213866800, -1.072916165954077600, 1.102888513652329200 ) ) ;
#942 = DATE_AND_TIME ( #3980, #3411 ) ;
#943 = CARTESIAN_POINT ( 'NONE',  ( 0.7801092823698235800, 0.9656253526974906100, -0.9505710322136651200 ) ) ;
#944 = CARTESIAN_POINT ( 'NONE',  ( -0.3191250568542146600, -2.188333336318497100, 1.190990977631106700 ) ) ;
#945 = PERSON_AND_ORGANIZATION ( #3954, #766 ) ;
#946 = CARTESIAN_POINT ( 'NONE',  ( -0.006403857385546652500, -1.473115778146133300, -1.230105027253324900 ) ) ;
#947 = CARTESIAN_POINT ( 'NONE',  ( 0.6868414591502146600, -2.464877904139212800, -0.3767133732486351300 ) ) ;
#948 = CARTESIAN_POINT ( 'NONE',  ( -0.3943900840515653900, -0.6867053677739901600, -0.6831915652455764500 ) ) ;
#949 = CARTESIAN_POINT ( 'NONE',  ( -0.3211245989605164800, 2.500000000000000400, 1.134308187466849700 ) ) ;
#950 = CARTESIAN_POINT ( 'NONE',  ( 0.2041161437249703300, -0.1716814266298125900, -0.7620010355392655700 ) ) ;
#951 = CARTESIAN_POINT ( 'NONE',  ( -0.2215762985905953300, -0.9087997913625927000, 0.7578932965890865500 ) ) ;
#952 = CARTESIAN_POINT ( 'NONE',  ( 0.7176541252022526900, 2.910122766999081900, 0.3209802925710567000 ) ) ;
#953 = CARTESIAN_POINT ( 'NONE',  ( -0.1542113742998043900, -0.01394850515860861200, 1.220426539645042000 ) ) ;
#954 = CARTESIAN_POINT ( 'NONE',  ( 0.6433541296402347500, -2.499999999999999100, -0.4522268758235201700 ) ) ;
#955 = CARTESIAN_POINT ( 'NONE',  ( -0.5742475678268450500, 0.6362401887059074800, -1.087933426248119300 ) ) ;
#956 = CARTESIAN_POINT ( 'NONE',  ( -1.197584530361333700, 0.02145760195344891700, 0.2792288058156091600 ) ) ;
#957 = CARTESIAN_POINT ( 'NONE',  ( -0.2003143261152468300, 1.308958059929185000, 1.213270992242306400 ) ) ;
#958 = CARTESIAN_POINT ( 'NONE',  ( 1.218999999999983700, 2.054131408587227500, 0.07636920537387900700 ) ) ;
#959 = CARTESIAN_POINT ( 'NONE',  ( -0.4743061705153739900, 1.531034500000563800, -0.6312206288563723100 ) ) ;
#960 = CARTESIAN_POINT ( 'NONE',  ( -0.7620010355392726800, -1.201681426629834300, -0.2041161437249696700 ) ) ;
#961 = CARTESIAN_POINT ( 'NONE',  ( 0.1971720611225839800, 2.500000000000000000, 1.179866921822550400 ) ) ;
#962 = CARTESIAN_POINT ( 'NONE',  ( 0.6957384218812218100, -0.8369112964529126200, -0.3718442750266980300 ) ) ;
#963 = CARTESIAN_POINT ( 'NONE',  ( -0.3564172559514796600, -0.5439942850380250500, -0.7045882910259009300 ) ) ;
#964 = CARTESIAN_POINT ( 'NONE',  ( 0.7718473646410049000, 2.485227161265167100, 0.1569461391087299500 ) ) ;
#965 = CARTESIAN_POINT ( 'NONE',  ( -1.205251456002048400, 0.4581335515287416900, 0.2462562586871731600 ) ) ;
#966 = CARTESIAN_POINT ( 'NONE',  ( -1.227061010064273400, -1.759583412644943000, 0.08042515280120780800 ) ) ;
#967 = CARTESIAN_POINT ( 'NONE',  ( 0.6550551668222697200, -0.05042528912800599300, -1.041304853900781400 ) ) ;
#968 = CARTESIAN_POINT ( 'NONE',  ( 1.227061010147353600, -0.3004165873939290700, 0.08042515265264933700 ) ) ;
#969 = CARTESIAN_POINT ( 'NONE',  ( -0.6148508074488670000, 0.6866663537308371800, 1.064947164962981100 ) ) ;
#970 = CC_DESIGN_PERSON_AND_ORGANIZATION_ASSIGNMENT ( #4044, #4032, ( #1306 ) ) ;
#971 = CARTESIAN_POINT ( 'NONE',  ( 0.1965736866116329400, 1.788518547648237300, 0.7646862638725663300 ) ) ;
#972 = CARTESIAN_POINT ( 'NONE',  ( 0.2047151567870181800, -2.151672066443263800, 0.7640389111389726000 ) ) ;
#973 = CARTESIAN_POINT ( 'NONE',  ( 0.7485875887253757900, -1.974177034447310400, -0.9754466618832811100 ) ) ;
#974 = CARTESIAN_POINT ( 'NONE',  ( 0.5930891059392935400, -0.8154387542907383100, -0.5201604023153888500 ) ) ;
#975 = CARTESIAN_POINT ( 'NONE',  ( -0.6831815811543285900, 1.673749336109605000, -1.022467019816359700 ) ) ;
#976 = CARTESIAN_POINT ( 'NONE',  ( -0.2536189270952044500, -0.4721237932464288400, 0.7469772529038372100 ) ) ;
#977 = CARTESIAN_POINT ( 'NONE',  ( 0.3954948016262168600, 2.426602071729314900, 0.6850397984158199700 ) ) ;
#978 = CARTESIAN_POINT ( 'NONE',  ( 0.6493608992459210000, -1.566458528656507100, 1.044260491308644000 ) ) ;
#979 = CARTESIAN_POINT ( 'NONE',  ( -0.1542169454720206900, 0.01394850332965080900, -1.220483189299241600 ) ) ;
#980 = CARTESIAN_POINT ( 'NONE',  ( -1.032649573847249200, 2.500000000000000400, 0.04500326078866220100 ) ) ;
#981 = CARTESIAN_POINT ( 'NONE',  ( 0.8975113652285372500, -0.3647921461732052700, 0.8406176375655506300 ) ) ;
#982 = CARTESIAN_POINT ( 'NONE',  ( -0.1269579559019569900, -2.067510038337474500, 1.223625230137593200 ) ) ;
#983 = CARTESIAN_POINT ( 'NONE',  ( 0.04369241558930726100, -1.172713472922165300, 0.7883588060756587800 ) ) ;
#984 = CARTESIAN_POINT ( 'NONE',  ( -0.6412585515164741500, 1.823917410720139200, 0.4594547606541079000 ) ) ;
#985 = ORIENTED_EDGE ( 'NONE', *, *, #1894, .F. ) ;
#986 = CARTESIAN_POINT ( 'NONE',  ( 0.6698789364989220500, 1.523520710971259000, -0.4165965737544485300 ) ) ;
#987 = CARTESIAN_POINT ( 'NONE',  ( 0.7263547451059461100, 1.874352933366983100, 0.3095632913190847800 ) ) ;
#988 = CARTESIAN_POINT ( 'NONE',  ( 0.7752566808565444200, -2.070719380777936300, 0.1194667781951137800 ) ) ;
#989 = CARTESIAN_POINT ( 'NONE',  ( -0.1539358029858247700, -0.1287696962993239400, -0.7736894268979801500 ) ) ;
#990 = CARTESIAN_POINT ( 'NONE',  ( 1.106603248458467800, 2.500000000000000000, 0.5068512304221182200 ) ) ;
#991 = CARTESIAN_POINT ( 'NONE',  ( 0.5930891059392935400, -0.8154387542907383100, -0.5201604023153888500 ) ) ;
#992 = CARTESIAN_POINT ( 'NONE',  ( -0.7640326367731061800, 2.261619099454406100, -0.2047190618934784100 ) ) ;
#993 = CARTESIAN_POINT ( 'NONE',  ( -0.4331610122147706600, -1.652291346047198900, 1.150892356788517200 ) ) ;
#994 = CARTESIAN_POINT ( 'NONE',  ( -0.8159237824485859900, 0.2285318707423497400, 0.9206657266975596400 ) ) ;
#995 = EDGE_CURVE ( 'NONE', #598, #3007, #371, .T. ) ;
#996 = CARTESIAN_POINT ( 'NONE',  ( -0.9759249822777802400, 2.500000000000000400, 0.02581888515470511000 ) ) ;
#997 = CARTESIAN_POINT ( 'NONE',  ( -1.022467019816242700, 0.6437493361092271300, 0.6831815811536281500 ) ) ;
#998 = FACE_OUTER_BOUND ( 'NONE', #3174, .T. ) ;
#999 = CARTESIAN_POINT ( 'NONE',  ( 1.134080772637731100, -1.359384320922785200, 0.4766819893011480800 ) ) ;
#1000 = CARTESIAN_POINT ( 'NONE',  ( 1.102877193055012800, 2.017238104663307700, 0.5418681550412981500 ) ) ;
#1001 = CARTESIAN_POINT ( 'NONE',  ( 0.7502067306519041300, -1.001057220242582500, -0.2462031175612861300 ) ) ;
#1002 = CARTESIAN_POINT ( 'NONE',  ( -0.7158633430637428900, -1.365838617698733600, -0.3330951868543407500 ) ) ;
#1003 = CARTESIAN_POINT ( 'NONE',  ( -0.9206241862837298800, -1.258531872577603300, 0.8158848642996491300 ) ) ;
#1004 = CARTESIAN_POINT ( 'NONE',  ( -0.02575674307610875300, -1.909831019137107700, -0.7884402562466481500 ) ) ;
#1005 = CARTESIAN_POINT ( 'NONE',  ( -0.2778911917008560800, -1.652323001378720500, 0.7383081421110022600 ) ) ;
#1006 = CARTESIAN_POINT ( 'NONE',  ( -0.7682522216554684700, -0.02149762127599430900, -0.1791772467190401700 ) ) ;
#1007 = CARTESIAN_POINT ( 'NONE',  ( -1.025029424455752500, 2.500000000000000000, 0.4114511937870233800 ) ) ;
#1008 = CARTESIAN_POINT ( 'NONE',  ( -0.5004862537460612600, 1.094358495215511000, -0.6097617274596390800 ) ) ;
#1009 = CARTESIAN_POINT ( 'NONE',  ( -0.7705605484853854700, 2.735528270730779100, 0.1801700353199967000 ) ) ;
#1010 = CARTESIAN_POINT ( 'NONE',  ( -0.2792288058570603400, -1.051457601956709500, 1.197584530349424100 ) ) ;
#1011 = CARTESIAN_POINT ( 'NONE',  ( -0.2368282706159646800, -2.325051471569603600, -0.7532736616357186300 ) ) ;
#1012 = CARTESIAN_POINT ( 'NONE',  ( -0.3729689175364507300, 2.499999999999999100, 0.7468740901553189100 ) ) ;
#1013 = CARTESIAN_POINT ( 'NONE',  ( 1.218999999999983700, 2.054131408587227500, 0.07636920537387900700 ) ) ;
#1014 = CARTESIAN_POINT ( 'NONE',  ( 1.212705061678275500, -1.337925782033661000, 0.2067061643846967400 ) ) ;
#1015 = CARTESIAN_POINT ( 'NONE',  ( 0.3955000322975005800, -1.696348397873789400, 0.6849134578004432200 ) ) ;
#1016 = CARTESIAN_POINT ( 'NONE',  ( -0.09505789308451760600, -0.8723199531852494600, -0.7838048828374729600 ) ) ;
#1017 = CARTESIAN_POINT ( 'NONE',  ( -0.4594512098476449300, 1.266026407204639400, 0.6412610925163199100 ) ) ;
#1018 = CARTESIAN_POINT ( 'NONE',  ( -1.123120996779993600, -1.365824464706512100, -0.5018569967698863800 ) ) ;
#1019 = CARTESIAN_POINT ( 'NONE',  ( -0.2778911917008560800, -1.652323001378720500, 0.7383081421110022600 ) ) ;
#1020 = CARTESIAN_POINT ( 'NONE',  ( 0.4802147379254089200, -1.974224150448257600, -0.6257762607410370900 ) ) ;
#1021 = CARTESIAN_POINT ( 'NONE',  ( 0.4383127350510299700, 0.3862098007239943000, -0.6558928914996726700 ) ) ;
#1022 = CARTESIAN_POINT ( 'NONE',  ( -1.054183589367414300, 2.500000000000000000, 0.1669767641682320100 ) ) ;
#1023 = CARTESIAN_POINT ( 'NONE',  ( -0.6558904719981795100, 0.6437340424515503000, 0.4383163541429619400 ) ) ;
#1024 = CARTESIAN_POINT ( 'NONE',  ( 0.1791814861535460400, -1.008558535548572700, 0.7682512321266858900 ) ) ;
#1025 = CARTESIAN_POINT ( 'NONE',  ( 1.197596005312431500, 1.635635277371752600, -0.2489649201966682700 ) ) ;
#1026 = CARTESIAN_POINT ( 'NONE',  ( -0.8695246996650987100, -0.5149999999982865000, 0.8695246996967516100 ) ) ;
#1027 = CARTESIAN_POINT ( 'NONE',  ( -0.7853673174123634300, 1.408741300757603700, 0.9468925437003983300 ) ) ;
#1028 = CARTESIAN_POINT ( 'NONE',  ( -0.9836092143050581000, 2.500000000000000000, 0.01599838660964165300 ) ) ;
#1029 = CARTESIAN_POINT ( 'NONE',  ( 0.7850601612559400300, -1.480666712484798100, 0.07737847156262350800 ) ) ;
#1030 = CARTESIAN_POINT ( 'NONE',  ( -0.4014889125982376600, -2.088967280790703800, 1.162845753794838700 ) ) ;
#1031 = CARTESIAN_POINT ( 'NONE',  ( -0.3191221386744625400, -1.934666663779568400, -1.190982138759305800 ) ) ;
#1032 = CARTESIAN_POINT ( 'NONE',  ( -0.1364853849508180000, -1.194175514157793900, 0.7776883174926031400 ) ) ;
#1033 = CARTESIAN_POINT ( 'NONE',  ( -0.6258561278850702800, 1.115811045588103200, -0.4802017660166493800 ) ) ;
#1034 = CARTESIAN_POINT ( 'NONE',  ( 1.100428803557479900, -0.4001983593293619300, -0.5498160614203400100 ) ) ;
#1035 = CARTESIAN_POINT ( 'NONE',  ( 0.9861685091821029700, -2.104304536116233100, 0.7228861873227974100 ) ) ;
#1036 = CARTESIAN_POINT ( 'NONE',  ( -0.05160411754451019900, 0.7295522957976079400, 0.7871629390798013900 ) ) ;
#1037 = CARTESIAN_POINT ( 'NONE',  ( -0.5392150451836400500, 0.6651939907633164200, 0.5758039591960711900 ) ) ;
#1038 = CARTESIAN_POINT ( 'NONE',  ( 0.4383163541429287400, -0.3862659575484465600, 0.6558904719982096000 ) ) ;
#1039 = CARTESIAN_POINT ( 'NONE',  ( -1.184461578092423000, 1.861090846882927700, 0.3436794217745146600 ) ) ;
#1040 = CARTESIAN_POINT ( 'NONE',  ( 1.064947164962951800, -0.3433336462691711200, 0.6148508074489288400 ) ) ;
#1041 = CARTESIAN_POINT ( 'NONE',  ( -0.9206657266789679600, 1.258531870739906700, -0.8159237824168548100 ) ) ;
#1042 = CARTESIAN_POINT ( 'NONE',  ( -0.9062160670027825700, 2.499999999999999100, 0.1853989366264194300 ) ) ;
#1043 = CARTESIAN_POINT ( 'NONE',  ( 1.123120999566078000, 0.6941755348084129900, 0.5018569905261099900 ) ) ;
#1044 = CARTESIAN_POINT ( 'NONE',  ( -1.187801319993443600, 1.201667227367876300, 0.3182765988112471500 ) ) ;
#1045 = EDGE_LOOP ( 'NONE', ( #250, #756 ) ) ;
#1046 = CARTESIAN_POINT ( 'NONE',  ( 0.5075043379267173400, 1.952705678027410100, 1.120118422273419100 ) ) ;
#1047 = CARTESIAN_POINT ( 'NONE',  ( -0.6164973495572715300, -1.916333334215142700, -1.067806181103931700 ) ) ;
#1048 = CARTESIAN_POINT ( 'NONE',  ( 0.06936237217047834500, 0.007471245705743844900, 0.7865111723545310500 ) ) ;
#1049 = CARTESIAN_POINT ( 'NONE',  ( -0.7871629392117355200, 1.759552295964955900, -0.05160411777524765600 ) ) ;
#1050 = CARTESIAN_POINT ( 'NONE',  ( -0.04664549440931018600, -0.2929073859076640200, -1.229248557015419700 ) ) ;
#1051 = CARTESIAN_POINT ( 'NONE',  ( 0.7821276785823014800, -1.459204697788604000, -0.1029297548487315000 ) ) ;
#1052 = CARTESIAN_POINT ( 'NONE',  ( 1.172273412933734200, -2.917136716201781600, -0.3416807504722052000 ) ) ;
#1053 = CARTESIAN_POINT ( 'NONE',  ( 0.1284621388706986600, 0.7510040344656924200, 0.7783253155229358200 ) ) ;
#1054 = DATE_AND_TIME ( #2235, #549 ) ;
#1055 = CARTESIAN_POINT ( 'NONE',  ( -0.3489604620968441200, 1.072902368847788800, -0.7074825312570358600 ) ) ;
#1056 = CARTESIAN_POINT ( 'NONE',  ( 0.6258561278850379700, -0.9441889544118822200, 0.4802017660167089400 ) ) ;
#1057 = CARTESIAN_POINT ( 'NONE',  ( 0.7820564308866820900, 2.058942053306075600, 0.04031590226014335200 ) ) ;
#1058 = CARTESIAN_POINT ( 'NONE',  ( 0.3182765988274959300, -0.1716672273690894300, -1.187801319991352000 ) ) ;
#1059 = CARTESIAN_POINT ( 'NONE',  ( 0.6370999716271944500, -1.852941912215538800, -0.4664743867521313200 ) ) ;
#1060 = CARTESIAN_POINT ( 'NONE',  ( -0.3954894766715670300, 2.353285496651791800, 0.6850138214161158900 ) ) ;
#1061 = CARTESIAN_POINT ( 'NONE',  ( -1.166892975796713500, 2.174800906904561500, -0.3893477809910794700 ) ) ;
#1062 = CARTESIAN_POINT ( 'NONE',  ( -0.8975113652280399800, 1.695207853825588100, -0.8406176375642208100 ) ) ;
#1063 = CARTESIAN_POINT ( 'NONE',  ( 0.1269579559022073800, -0.007510038337403724000, -1.223625230137891200 ) ) ;
#1064 = CARTESIAN_POINT ( 'NONE',  ( -1.190982639939161400, -1.824666666767135200, 0.3191221582906227400 ) ) ;
#1065 = CARTESIAN_POINT ( 'NONE',  ( -0.2947284142846698400, 0.3293577700378663200, -0.7324788875420320500 ) ) ;
#1066 = CARTESIAN_POINT ( 'NONE',  ( -0.6464346092771852100, -0.6791911800118410900, 0.4533300863079761100 ) ) ;
#1067 = CARTESIAN_POINT ( 'NONE',  ( -0.9798238048584243500, -1.387282982344907100, -0.7437859947799285700 ) ) ;
#1068 = CARTESIAN_POINT ( 'NONE',  ( -0.8718658692940585200, -2.334999999785754000, -0.8718658729889893200 ) ) ;
#1069 = CARTESIAN_POINT ( 'NONE',  ( 0.7548901246866192000, 0.3218425229971076900, -0.2289756722025803300 ) ) ;
#1070 = CARTESIAN_POINT ( 'NONE',  ( -1.190990926148282900, -2.298333333319051400, -0.3191250571005480600 ) ) ;
#1071 = CARTESIAN_POINT ( 'NONE',  ( 0.1284621388706986600, 0.7510040344656924200, 0.7783253155229358200 ) ) ;
#1072 = CARTESIAN_POINT ( 'NONE',  ( 0.7884389382211471900, -0.8798327663291033400, -0.02575665111268202200 ) ) ;
#1073 = CARTESIAN_POINT ( 'NONE',  ( -3.270641415683585700E-006, 2.170000476965883200, -1.233011127782315900 ) ) ;
#1074 = CARTESIAN_POINT ( 'NONE',  ( -0.9505710322136278200, -0.06437464730251563100, -0.7801092823698795300 ) ) ;
#1075 = CARTESIAN_POINT ( 'NONE',  ( 0.4534010509008222800, -2.410920100614564600, -0.6461481260259179800 ) ) ;
#1076 = CARTESIAN_POINT ( 'NONE',  ( 0.5457297793330769800, 2.116431233235843500, -0.5696366582035535800 ) ) ;
#1077 = CARTESIAN_POINT ( 'NONE',  ( 0.9289873003750125400, 2.432377307471424100, 0.8052639595952801900 ) ) ;
#1078 = CARTESIAN_POINT ( 'NONE',  ( 1.223782262022805400, 1.480624474747584300, -0.1205265572557761400 ) ) ;
#1079 = CARTESIAN_POINT ( 'NONE',  ( -0.8456089884116216900, -0.9516760277522217100, 0.8934806617685965300 ) ) ;
#1080 = CARTESIAN_POINT ( 'NONE',  ( 0.9861608071697926000, -1.667304536215571000, 0.7224763573481689500 ) ) ;
#1081 = CARTESIAN_POINT ( 'NONE',  ( 0.7158633428923633100, 0.6941613881557990900, 0.3330951880159293600 ) ) ;
#1082 = CARTESIAN_POINT ( 'NONE',  ( -0.7263547451059186900, -0.1856470666330361500, -0.3095632913191589400 ) ) ;
#1083 = CARTESIAN_POINT ( 'NONE',  ( 0.1269505195501287300, 0.007510036950163705800, 1.223568795478752000 ) ) ;
#1084 = CARTESIAN_POINT ( 'NONE',  ( 0.6165022684629271100, -2.426666821838042500, -1.067810575837826200 ) ) ;
#1085 = CARTESIAN_POINT ( 'NONE',  ( 0.5075043379639869700, -1.952705678080958200, -1.120118421566930400 ) ) ;
#1086 = CARTESIAN_POINT ( 'NONE',  ( 0.7383081421114540100, 1.437676998623383100, 0.2778911917008523600 ) ) ;
#1087 = EDGE_CURVE ( 'NONE', #1826, #1660, #3710, .T. ) ;
#1088 = CARTESIAN_POINT ( 'NONE',  ( -0.5945230447912525100, 1.916090854859958700, 1.080558741634642700 ) ) ;
#1089 = CARTESIAN_POINT ( 'NONE',  ( -0.7801092823900649400, 1.094374647304460900, -0.9505710321984153200 ) ) ;
#1090 = CARTESIAN_POINT ( 'NONE',  ( -0.1462176183909285600, -1.488173569309445100, 0.7759745845356569300 ) ) ;
#1091 = CARTESIAN_POINT ( 'NONE',  ( 0.7820000017367364500, 2.062497289315210500, -0.04415032899703032900 ) ) ;
#1092 = CARTESIAN_POINT ( 'NONE',  ( -1.100428803557424300, 1.659801640670649100, 0.5498160614204313800 ) ) ;
#1093 = CARTESIAN_POINT ( 'NONE',  ( 0.6165022684629432000, -2.133333178161958400, 1.067810575837817600 ) ) ;
#1094 = CARTESIAN_POINT ( 'NONE',  ( 0.2855833861502143400, -0.6083431930339758800, -1.196581367866861800 ) ) ;
#1095 = CARTESIAN_POINT ( 'NONE',  ( 0.7752890211341019200, -2.507719379835893200, 0.1190663844231807100 ) ) ;
#1096 = CARTESIAN_POINT ( 'NONE',  ( 0.2462031175612664500, 0.02894277975739043300, 0.7502067306518694900 ) ) ;
#1097 = CARTESIAN_POINT ( 'NONE',  ( -0.1364853849508180000, -1.194175514157793900, 0.7776883174926031400 ) ) ;
#1098 = CARTESIAN_POINT ( 'NONE',  ( -1.223568795478732400, 1.037510036950173100, 0.1269505195501960900 ) ) ;
#1099 = CARTESIAN_POINT ( 'NONE',  ( 1.129424068061955400, -2.909497047224058400, -0.4678721794456339700 ) ) ;
#1100 = EDGE_LOOP ( 'NONE', ( #1210, #985, #4584, #1218 ) ) ;
#1101 = CARTESIAN_POINT ( 'NONE',  ( -0.5796874744620733600, -1.866874284358000400, -1.084501176316412700 ) ) ;
#1102 = CARTESIAN_POINT ( 'NONE',  ( -0.6412585515164741500, 1.823917410720139200, 0.4594547606541079500 ) ) ;
#1103 = CARTESIAN_POINT ( 'NONE',  ( -0.3569623215526911400, 0.7081248816655875100, 1.176743586244294300 ) ) ;
#1104 = ORIENTED_EDGE ( 'NONE', *, *, #3101, .T. ) ;
#1105 = CARTESIAN_POINT ( 'NONE',  ( -1.187801319993443600, 1.201667227367876300, 0.3182765988112471500 ) ) ;
#1106 = CARTESIAN_POINT ( 'NONE',  ( 0.5266663369767470300, -1.402317509569601900, 0.5883028260629893400 ) ) ;
#1107 = CARTESIAN_POINT ( 'NONE',  ( 0.7271479217632136300, 2.087176707155435900, -0.3002863666984503200 ) ) ;
#1108 = CARTESIAN_POINT ( 'NONE',  ( -0.1269505195499815700, 2.067510036950189100, -1.223568795477782100 ) ) ;
#1109 = CARTESIAN_POINT ( 'NONE',  ( 1.413668158359510100E-014, -2.169999988859198800, 1.233004344789011600 ) ) ;
#1110 = CARTESIAN_POINT ( 'NONE',  ( -1.220483189299248900, -1.016051496670357100, 0.1542169454719574700 ) ) ;
#1111 = CARTESIAN_POINT ( 'NONE',  ( 0.6868419385135047200, -2.095139419450192000, 0.3767124958672887800 ) ) ;
#1112 = CARTESIAN_POINT ( 'NONE',  ( -0.1110632885981641000, -0.01399074289519734000, 0.7817044388810287000 ) ) ;
#1113 = CARTESIAN_POINT ( 'NONE',  ( 0.4236913466152131300, -0.9366747796327596900, -0.6662500307622830600 ) ) ;
#1114 = CARTESIAN_POINT ( 'NONE',  ( -0.08683616903941651600, 0.8873004461655136200, -1.227081334746391600 ) ) ;
#1115 = CARTESIAN_POINT ( 'NONE',  ( -1.136093021631525300, -1.802500454470457900, -0.4705899113579885000 ) ) ;
#1116 = CARTESIAN_POINT ( 'NONE',  ( 0.4705899132167597500, -0.7725004540303498400, -1.136093022855818100 ) ) ;
#1117 = CARTESIAN_POINT ( 'NONE',  ( 0.2289756722026243800, 1.351842522997029400, 0.7548901246865997700 ) ) ;
#1118 = APPLICATION_PROTOCOL_DEFINITION ( 'international standard', 'config_control_design', 1994, #1164 ) ;
#1119 = CARTESIAN_POINT ( 'NONE',  ( 1.150892356788515900, 1.437708653952696000, 0.4331610122150666400 ) ) ;
#1120 = CARTESIAN_POINT ( 'NONE',  ( 0.3569623215935351900, 1.351875118337693600, 1.176743586231511700 ) ) ;
#1121 = CARTESIAN_POINT ( 'NONE',  ( 0.6798106459895553200, -1.273587236065129000, -0.4017156653598096300 ) ) ;
#1122 = CARTESIAN_POINT ( 'NONE',  ( 0.7660887757076886300, 2.921901858232799600, 0.1916090455448327100 ) ) ;
#1123 = CARTESIAN_POINT ( 'NONE',  ( 1.003629185690928100, 1.852926616904532000, 0.7113079955378565100 ) ) ;
#1124 = CARTESIAN_POINT ( 'NONE',  ( -1.233004536925860000, -2.279999999999999800, 9.607453586772824200E-015 ) ) ;
#1125 = CARTESIAN_POINT ( 'NONE',  ( -0.1142048109834882100, -1.166259439297768100, -1.224873463274045200 ) ) ;
#1126 = CARTESIAN_POINT ( 'NONE',  ( 0.7516925263796883100, -2.516878244534450200, 0.2227389110340529100 ) ) ;
#1127 = CARTESIAN_POINT ( 'NONE',  ( 0.1110632885979276600, 2.046009257105014400, -0.7817044388812307600 ) ) ;
#1128 = CARTESIAN_POINT ( 'NONE',  ( -0.2705432648047551000, -0.8508655691027451300, -0.7417531377282518000 ) ) ;
#1129 = CARTESIAN_POINT ( 'NONE',  ( 0.2855686455322952700, 0.6083431912406246400, 1.196526386691103300 ) ) ;
#1130 = CARTESIAN_POINT ( 'NONE',  ( -3.473398348951371600E-011, -1.030000000002639900, 1.229708064287341300 ) ) ;
#1131 = CARTESIAN_POINT ( 'NONE',  ( 0.08042515265263973400, -1.330416587393932200, -1.227061010147361100 ) ) ;
#1132 = CARTESIAN_POINT ( 'NONE',  ( 0.0000000000000000000, 0.0000000000000000000, 0.0000000000000000000 ) ) ;
#1133 = CARTESIAN_POINT ( 'NONE',  ( 0.6493608992125300400, 1.566458528659485900, -1.044260491328629300 ) ) ;
#1134 = CARTESIAN_POINT ( 'NONE',  ( 0.6493608992125299300, 1.566458528659486100, -1.044260491328629500 ) ) ;
#1135 = CARTESIAN_POINT ( 'NONE',  ( -0.6312673978617721100, -0.5010906552870058000, -0.4743389123536626600 ) ) ;
#1136 = CARTESIAN_POINT ( 'NONE',  ( 1.219039036853554900, 1.623000001736102600, -0.02934010433701199300 ) ) ;
#1137 = CARTESIAN_POINT ( 'NONE',  ( -0.5796874744620733600, -1.866874284358000400, -1.084501176316412700 ) ) ;
#1138 = CARTESIAN_POINT ( 'NONE',  ( 0.3191250568542408100, -2.151666708244711800, 1.190991643212850000 ) ) ;
#1139 = CARTESIAN_POINT ( 'NONE',  ( -0.9206657266789679600, 1.258531870739906700, -0.8159237824168548100 ) ) ;
#1140 = CARTESIAN_POINT ( 'NONE',  ( -0.7640406916786555100, -2.735342002868683700, -0.2047228794223376600 ) ) ;
#1141 = CARTESIAN_POINT ( 'NONE',  ( -0.7670527942475119400, 1.595389555693615100, -0.1871250225292466800 ) ) ;
#1142 = CARTESIAN_POINT ( 'NONE',  ( 1.192458648545083900, -2.500000000000001300, -0.2588069382598252600 ) ) ;
#1143 = CARTESIAN_POINT ( 'NONE',  ( -1.149065046483055400, -2.239176444234401300, -0.4393228259460902300 ) ) ;
#1144 = CARTESIAN_POINT ( 'NONE',  ( -0.6206025129759974400, 0.9302174918730974400, -1.062115847366949000 ) ) ;
#1145 = CARTESIAN_POINT ( 'NONE',  ( -1.213270992575011600, -1.781041939933817300, -0.2003143265468724000 ) ) ;
#1146 = CARTESIAN_POINT ( 'NONE',  ( -1.120083624666812400, -1.137291706414540000, 0.5075029183502148800 ) ) ;
#1147 = CARTESIAN_POINT ( 'NONE',  ( 0.6831915652455516900, 0.3432946322260092000, -0.3943900840515950400 ) ) ;
#1148 = PERSON_AND_ORGANIZATION_ROLE ( 'creator' ) ;
#1149 = CARTESIAN_POINT ( 'NONE',  ( -0.08042515265258612400, 0.7295834126060792800, 1.227061010147352000 ) ) ;
#1150 = CARTESIAN_POINT ( 'NONE',  ( 0.7895661599215371100, 0.4431006150777314100, -0.008080017677928654300 ) ) ;
#1151 = CARTESIAN_POINT ( 'NONE',  ( 0.7820390385903154300, 1.626720326699586700, -0.09478015645047796500 ) ) ;
#1152 = CARTESIAN_POINT ( 'NONE',  ( -0.4705899132255336700, -1.287499545968873800, -1.136093022850667200 ) ) ;
#1153 = CARTESIAN_POINT ( 'NONE',  ( -0.6165022684629362100, -2.353333334133186100, -1.067813238164818900 ) ) ;
#1154 = CARTESIAN_POINT ( 'NONE',  ( -0.3718403903627536300, 1.866854884794032500, 0.6957405839258640200 ) ) ;
#1155 = CARTESIAN_POINT ( 'NONE',  ( 0.6206325686791016600, 1.129782509074826800, -1.062164188942020600 ) ) ;
#1156 = CARTESIAN_POINT ( 'NONE',  ( -8.970780893637110600E-007, -2.827000011083757400, -1.233011732894498100 ) ) ;
#1157 = CARTESIAN_POINT ( 'NONE',  ( 0.7802710791367444300, 1.337906321034771500, -0.1207312137151770600 ) ) ;
#1158 = CARTESIAN_POINT ( 'NONE',  ( 1.176758537634827700, -2.499999999999999600, -0.3219630096667978100 ) ) ;
#1159 = CARTESIAN_POINT ( 'NONE',  ( -0.6550551668171495900, -2.110425289128737600, 1.041304853899784000 ) ) ;
#1160 = ORIENTED_EDGE ( 'NONE', *, *, #2203, .T. ) ;
#1161 = CARTESIAN_POINT ( 'NONE',  ( 0.4273127066446146300, 2.024593055328533200, -1.153523442073549800 ) ) ;
#1162 = CARTESIAN_POINT ( 'NONE',  ( 1.150892356813198600, -1.437708653957875400, -0.4331610121514716200 ) ) ;
#1163 = CARTESIAN_POINT ( 'NONE',  ( 1.084501027665813800, -0.8368742989415793900, -0.5796874517534520400 ) ) ;
#1164 = APPLICATION_CONTEXT ( 'configuration controlled 3d designs of mechanical parts and assemblies' ) ;
#1165 = CARTESIAN_POINT ( 'NONE',  ( -0.7162810793369381900, 1.266041059712067300, 0.9995576333988167600 ) ) ;
#1166 = PERSON_AND_ORGANIZATION ( #3954, #766 ) ;
#1167 = CARTESIAN_POINT ( 'NONE',  ( 0.5526881631201372400, -0.07192612883745354300, -0.5639509966024919300 ) ) ;
#1168 = CARTESIAN_POINT ( 'NONE',  ( -0.6723488965747878000, 1.879376592942178000, 0.4175222019181663000 ) ) ;
#1169 = CARTESIAN_POINT ( 'NONE',  ( 1.188692700470084500, 2.476243094108320000, 0.2988554372298583000 ) ) ;
#1170 = CARTESIAN_POINT ( 'NONE',  ( 0.3955067223074937300, -1.989668925880931200, -0.6849861956218336000 ) ) ;
#1171 = CARTESIAN_POINT ( 'NONE',  ( -1.227970396035220200, 0.7435327649949702300, 0.07407286008645400100 ) ) ;
#1172 = CARTESIAN_POINT ( 'NONE',  ( 0.8505865613814820300, -2.553528295748118900, 0.8879968955040455900 ) ) ;
#1173 = CARTESIAN_POINT ( 'NONE',  ( 0.4453212078511473200, 2.003099151785926200, -0.6519775382175935200 ) ) ;
#1174 = CARTESIAN_POINT ( 'NONE',  ( -1.050713853650724600, -2.500000000000000000, -0.2476304829366224900 ) ) ;
#1175 = CARTESIAN_POINT ( 'NONE',  ( 1.218999999999975900, 2.060000000000015600, -1.196809669476056900E-013 ) ) ;
#1176 = CARTESIAN_POINT ( 'NONE',  ( -0.7437860155409489200, 1.702717019768801100, 0.9798237938011389300 ) ) ;
#1177 = CARTESIAN_POINT ( 'NONE',  ( 1.219000000000000700, -2.054131401692277600, -0.07636929509922944800 ) ) ;
#1178 = EDGE_CURVE ( 'NONE', #3117, #3007, #4204, .T. ) ;
#1179 = CARTESIAN_POINT ( 'NONE',  ( 0.2003143261153645100, -0.7510419400708277000, -1.213270992242300200 ) ) ;
#1180 = CARTESIAN_POINT ( 'NONE',  ( 0.4101863206932093700, -0.05046615229227067300, -0.6747307256046190000 ) ) ;
#1181 = CARTESIAN_POINT ( 'NONE',  ( -0.4165965737544229900, 0.4935207109712369500, -0.6698789364989452500 ) ) ;
#1182 = CARTESIAN_POINT ( 'NONE',  ( 0.6164677714198181200, 2.426660661098265900, 1.067905162091495900 ) ) ;
#1183 = CARTESIAN_POINT ( 'NONE',  ( -0.01782818046889585500, 0.2928762694948872600, 0.7894072874373232500 ) ) ;
#1184 = CARTESIAN_POINT ( 'NONE',  ( 0.7366459097096953500, 2.035333683681914700, 0.2795813421226673900 ) ) ;
#1185 = CARTESIAN_POINT ( 'NONE',  ( -1.206067579022651200, -1.158750234185114600, 0.2398996534053765000 ) ) ;
#1186 = CARTESIAN_POINT ( 'NONE',  ( 1.208464257028050800, -1.633686607823966000, 0.1864215085203185200 ) ) ;
#1187 = CARTESIAN_POINT ( 'NONE',  ( -0.8934806617686561500, 0.07832397224778603300, -0.8456089884115840500 ) ) ;
#1188 = CARTESIAN_POINT ( 'NONE',  ( -1.190990926148282900, -2.298333333319051400, -0.3191250571005480600 ) ) ;
#1189 = CARTESIAN_POINT ( 'NONE',  ( -0.3330951880159120400, 1.724161388155845100, 0.7158633428924136000 ) ) ;
#1190 = CARTESIAN_POINT ( 'NONE',  ( 0.2037679538538794400, -2.500000000000001300, -1.178749899626861700 ) ) ;
#1191 = CARTESIAN_POINT ( 'NONE',  ( -1.166947447175858100, -2.174800906283329600, 0.3893643070175738500 ) ) ;
#1192 = CARTESIAN_POINT ( 'NONE',  ( -1.196526386691119800, 1.638343191240630100, 0.2855686455323677700 ) ) ;
#1193 = CARTESIAN_POINT ( 'NONE',  ( 0.4705899132167597500, -0.7725004540303498400, -1.136093022855818100 ) ) ;
#1194 = CARTESIAN_POINT ( 'NONE',  ( -1.229708064287333300, -2.632905100741331900E-012, -3.471319005552333700E-011 ) ) ;
#1195 = CARTESIAN_POINT ( 'NONE',  ( -0.5707867514295776900, 0.8078853082471612000, 0.5456281356036889500 ) ) ;
#1196 = CARTESIAN_POINT ( 'NONE',  ( -0.2945698743549823300, 2.625575495196063300, -1.197514633652867700 ) ) ;
#1197 = CARTESIAN_POINT ( 'NONE',  ( -0.4319462736436344200, 0.8293504471479085100, 0.6609949321139986200 ) ) ;
#1198 = CARTESIAN_POINT ( 'NONE',  ( 0.6544200936612403200, 2.458627997528954400, 0.4374098664266557500 ) ) ;
#1199 = CARTESIAN_POINT ( 'NONE',  ( -0.7162810793157798900, -1.266041059713907300, -0.9995576334112178400 ) ) ;
#1200 = CARTESIAN_POINT ( 'NONE',  ( 0.3955073215921344200, -2.426668925927511800, -0.6849885423756204600 ) ) ;
#1201 = CARTESIAN_POINT ( 'NONE',  ( 0.2462691775288571000, 0.5718664500098683500, -1.205306893229594900 ) ) ;
#1202 = CARTESIAN_POINT ( 'NONE',  ( -0.3191279750340010900, -2.808666663583435000, -1.190999816502896500 ) ) ;
#1203 = CARTESIAN_POINT ( 'NONE',  ( 0.2462562586871565300, -0.5718664484712651100, 1.205251456002045500 ) ) ;
#1204 = CARTESIAN_POINT ( 'NONE',  ( 0.7422064996769496300, -2.499999999999997800, -0.9572402129156372100 ) ) ;
#1205 = CARTESIAN_POINT ( 'NONE',  ( 1.219017390404936000, -2.496999999655304900, -0.02934010443043131100 ) ) ;
#1206 = CARTESIAN_POINT ( 'NONE',  ( 1.197590302837162800, -2.037952603205367600, -0.2869049855897291600 ) ) ;
#1207 = CARTESIAN_POINT ( 'NONE',  ( -1.044260491328600200, 0.5364585286594849600, -0.6493608992125808900 ) ) ;
#1208 = CARTESIAN_POINT ( 'NONE',  ( -0.7777441848100547000, 0.1641193587170895800, 0.1364971375269909100 ) ) ;
#1209 = CARTESIAN_POINT ( 'NONE',  ( -0.1207312137151356100, 0.3079063210347876600, -0.7802710791367806200 ) ) ;
#1210 = ORIENTED_EDGE ( 'NONE', *, *, #115, .F. ) ;
#1211 = CARTESIAN_POINT ( 'NONE',  ( -0.6165025432106663300, 2.206666703622838000, -1.067813699813197100 ) ) ;
#1212 = CARTESIAN_POINT ( 'NONE',  ( 0.7450939855005751500, -0.1148335016541000300, -0.2613776577935463800 ) ) ;
#1213 = CARTESIAN_POINT ( 'NONE',  ( -0.6165025432106663300, 2.206666703622838000, -1.067813699813197100 ) ) ;
#1214 = CARTESIAN_POINT ( 'NONE',  ( -0.1205265572557187300, 0.4506244747475820500, -1.223782262022816900 ) ) ;
#1215 = CARTESIAN_POINT ( 'NONE',  ( -0.2047202336075520400, -1.934675908047316400, -0.7640233944384674500 ) ) ;
#1216 = CARTESIAN_POINT ( 'NONE',  ( -1.022467019816242700, 0.6437493361092271300, 0.6831815811536281500 ) ) ;
#1217 = CARTESIAN_POINT ( 'NONE',  ( -0.4869928480372044400, -1.702758522352230100, -0.6215709830210766100 ) ) ;
#1218 = ORIENTED_EDGE ( 'NONE', *, *, #1087, .F. ) ;
#1219 = CARTESIAN_POINT ( 'NONE',  ( 0.3191277710669491200, -2.845333291601141100, -1.191003300238655700 ) ) ;
#1220 = CARTESIAN_POINT ( 'NONE',  ( 0.2337092937709363000, -0.3143659264528338400, -1.207735262978549600 ) ) ;
#1221 = CARTESIAN_POINT ( 'NONE',  ( -1.016840689674351200, -2.499999999999999600, -0.03089980394663575600 ) ) ;
#1222 = CARTESIAN_POINT ( 'NONE',  ( 1.186594196822192900, -0.7585511435688712100, 0.3245768623991937600 ) ) ;
#1223 = CARTESIAN_POINT ( 'NONE',  ( -0.6148508074738106000, -0.6866663537285815400, -1.064947164947468700 ) ) ;
#1224 = CARTESIAN_POINT ( 'NONE',  ( -1.102888513654835400, 0.04291616595394041200, 0.5438787747203839300 ) ) ;
#1225 = CARTESIAN_POINT ( 'NONE',  ( -0.8406176375654985700, 0.6652078538268009200, 0.8975113652285780000 ) ) ;
#1226 = CARTESIAN_POINT ( 'NONE',  ( -0.7605843064859625400, -0.4152344851238453100, 0.2121540332819864000 ) ) ;
#1227 = CARTESIAN_POINT ( 'NONE',  ( 0.6609461324070381400, 0.2005933942940266200, -0.4319166502023477100 ) ) ;
#1228 = CARTESIAN_POINT ( 'NONE',  ( -0.1791814861535945000, 1.051441464451459400, -0.7682512321266605800 ) ) ;
#1229 = CARTESIAN_POINT ( 'NONE',  ( -0.9995576373504192500, 1.823958938887747700, 0.7162810875395239100 ) ) ;
#1230 = CARTESIAN_POINT ( 'NONE',  ( -0.5758009841944615700, -1.695250147602924000, 0.5392182233293343300 ) ) ;
#1231 = CARTESIAN_POINT ( 'NONE',  ( -1.190990920325092400, 2.298333334019910400, 0.3191250493005639600 ) ) ;
#1232 = CARTESIAN_POINT ( 'NONE',  ( -1.102888513654835400, 0.04291616595394041200, 0.5438787747203839300 ) ) ;
#1233 = CARTESIAN_POINT ( 'NONE',  ( 0.7246074128631602200, -2.472520344275908500, -0.3001111239724101900 ) ) ;
#1234 = CARTESIAN_POINT ( 'NONE',  ( 0.7146453192279651500, 2.500000000000000000, 0.3225876560483384400 ) ) ;
#1235 = CARTESIAN_POINT ( 'NONE',  ( 0.7754359291385751800, 1.537532016268195800, 0.9544571271265133200 ) ) ;
#1236 = CARTESIAN_POINT ( 'NONE',  ( 1.218999999999971700, 2.496240796553745900, 0.06543750431274048000 ) ) ;
#1237 = CARTESIAN_POINT ( 'NONE',  ( 1.026356793715207600, -1.086865451755865400, 0.6780892297460651100 ) ) ;
#1238 = CARTESIAN_POINT ( 'NONE',  ( -0.3206122474111705000, -2.499999999999998700, -0.7666857844845014200 ) ) ;
#1239 = CARTESIAN_POINT ( 'NONE',  ( 1.212705061678275500, -1.337925782033661000, 0.2067061643846967400 ) ) ;
#1240 = CARTESIAN_POINT ( 'NONE',  ( -1.044260491308652600, -0.5364585286565067800, 0.6493608992458846900 ) ) ;
#1241 = CARTESIAN_POINT ( 'NONE',  ( -0.9505710322136278200, -0.06437464730251563100, -0.7801092823698795300 ) ) ;
#1242 = CARTESIAN_POINT ( 'NONE',  ( -1.064947164961000700, 1.716666353734791900, -0.6148508074549500200 ) ) ;
#1243 = EDGE_CURVE ( 'NONE', #1660, #3862, #3464, .T. ) ;
#1244 = CARTESIAN_POINT ( 'NONE',  ( 0.3331210013564350800, 0.3357824568175925000, 0.7159142649701852900 ) ) ;
#1245 = CARTESIAN_POINT ( 'NONE',  ( -0.7817044388810391300, 1.016009257104820500, -0.1110632885981240000 ) ) ;
#1246 = CARTESIAN_POINT ( 'NONE',  ( 1.203260228517470300, 2.074125675918066400, -0.2458867099239280300 ) ) ;
#1247 = CARTESIAN_POINT ( 'NONE',  ( 0.3943863135581627300, -1.373350789052731000, -0.6831937410584735200 ) ) ;
#1248 = CARTESIAN_POINT ( 'NONE',  ( -0.6165025432106663300, 2.206666703622838000, -1.067813699813197100 ) ) ;
#1249 = CARTESIAN_POINT ( 'NONE',  ( 1.136093022850663400, -0.2574995459688695900, -0.4705899132255230200 ) ) ;
#1250 = CARTESIAN_POINT ( 'NONE',  ( 0.7752890211341019200, -2.507719379835893200, 0.1190663844231807100 ) ) ;
#1251 = CARTESIAN_POINT ( 'NONE',  ( 0.7790439077383375400, 2.500000000000000400, 0.06673286654445707800 ) ) ;
#1252 = CARTESIAN_POINT ( 'NONE',  ( -0.2462190920843233300, -2.088998936122270100, 0.7502615391179066100 ) ) ;
#1253 = CARTESIAN_POINT ( 'NONE',  ( 0.2289756722026244100, 1.351842522997029400, 0.7548901246865998800 ) ) ;
#1254 = CARTESIAN_POINT ( 'NONE',  ( -0.9961625100187390100, -0.6791571540638698900, 0.7217164919079875900 ) ) ;
#1255 = CARTESIAN_POINT ( 'NONE',  ( -0.9761191549296313100, -2.500000000000000400, -0.03853003233619643100 ) ) ;
#1256 = CARTESIAN_POINT ( 'NONE',  ( -0.2462691775289404500, -1.488133549990141600, 1.205306893229607600 ) ) ;
#1257 = CARTESIAN_POINT ( 'NONE',  ( 0.8695246996967769300, -1.544999999998287300, 0.8695246996650806100 ) ) ;
#1258 = CARTESIAN_POINT ( 'NONE',  ( 1.064947164947435400, 0.3433336462714263200, -0.6148508074738551200 ) ) ;
#1259 = CARTESIAN_POINT ( 'NONE',  ( -0.08042515265258612400, 0.7295834126060792800, 1.227061010147352000 ) ) ;
#1260 = CARTESIAN_POINT ( 'NONE',  ( 0.07738280380548794000, -1.609389444340093600, 0.7850597333521928100 ) ) ;
#1261 = CARTESIAN_POINT ( 'NONE',  ( -0.08538005462012458700, 1.166228322100330700, 0.7849185907222794300 ) ) ;
#1262 = CARTESIAN_POINT ( 'NONE',  ( 0.7820000017367421100, 2.055994500676320900, 0.05161590168925032200 ) ) ;
#1263 = CARTESIAN_POINT ( 'NONE',  ( 0.7821276785823015900, -1.459204697788604000, -0.1029297548487315100 ) ) ;
#1264 = CARTESIAN_POINT ( 'NONE',  ( 0.8507709159174721100, 2.443497464343363600, 0.8878286034729034900 ) ) ;
#1265 = CARTESIAN_POINT ( 'NONE',  ( 0.5796874517534852400, 0.1931257010584284400, 1.084501027665788000 ) ) ;
#1266 = CARTESIAN_POINT ( 'NONE',  ( 0.7246293918713440100, -2.909520343833913400, -0.3001187241251366300 ) ) ;
#1267 = CARTESIAN_POINT ( 'NONE',  ( 0.1965860471683706400, -1.788574705059363900, -0.7647419985653388700 ) ) ;
#1268 = CARTESIAN_POINT ( 'NONE',  ( -1.067813272475109900, 2.316666663928506100, 0.6165022988552946200 ) ) ;
#1269 = CARTESIAN_POINT ( 'NONE',  ( 0.6558928914996921000, 1.416209800724004000, 0.4383127350509925500 ) ) ;
#1270 = CARTESIAN_POINT ( 'NONE',  ( 0.1142010897282524100, -0.8937405610912098100, -1.224816661789817100 ) ) ;
#1271 = CARTESIAN_POINT ( 'NONE',  ( -0.2570240556337214900, -2.499999999999999600, -0.7856607152040409000 ) ) ;
#1272 = CARTESIAN_POINT ( 'NONE',  ( -1.117894657400661600, -0.4795921413580489000, -0.5135351505307803600 ) ) ;
#1273 = CARTESIAN_POINT ( 'NONE',  ( -0.2792288058570603400, -1.051457601956709500, 1.197584530349424100 ) ) ;
#1274 = CARTESIAN_POINT ( 'NONE',  ( -0.3182765679477885200, 1.888332822701388700, 1.187800724895594400 ) ) ;
#1275 = CARTESIAN_POINT ( 'NONE',  ( 0.9755813789592887600, 0.9441668235321526400, -0.7485916255693531000 ) ) ;
#1276 = CARTESIAN_POINT ( 'NONE',  ( 0.7820390385903157600, 1.622961126829642200, -0.02934271439160495200 ) ) ;
#1277 = CARTESIAN_POINT ( 'NONE',  ( 0.7838048828374650800, 0.1576800468147546200, -0.09505789308450973700 ) ) ;
#1278 = CARTESIAN_POINT ( 'NONE',  ( 0.7820000017367367800, 2.059961125093549200, -2.610054596602660800E-006 ) ) ;
#1279 = CARTESIAN_POINT ( 'NONE',  ( -0.6850108814657313000, 2.316619077794679800, 0.3954944306687895300 ) ) ;
#1280 = CARTESIAN_POINT ( 'NONE',  ( 0.7771026341381960200, 1.599620537946082800, 0.1596228697229613000 ) ) ;
#1281 = CARTESIAN_POINT ( 'NONE',  ( 0.1605179022283630400, -0.4291659065441651400, 1.219185301706517500 ) ) ;
#1282 = CARTESIAN_POINT ( 'NONE',  ( 0.7516777438846334900, -2.079878245014152000, 0.2193044273327345600 ) ) ;
#1283 = CARTESIAN_POINT ( 'NONE',  ( -0.7418073927668038500, -2.239190596324336400, -0.2705610277721969300 ) ) ;
#1284 = CARTESIAN_POINT ( 'NONE',  ( 1.142900153405032500, 2.524307092542947800, -0.4385400729602656500 ) ) ;
#1285 = APPROVAL_DATE_TIME ( #1054, #1865 ) ;
#1286 = CARTESIAN_POINT ( 'NONE',  ( -1.062115847366998500, -0.09978250812691071000, 0.6206025129759458200 ) ) ;
#1287 = CARTESIAN_POINT ( 'NONE',  ( 0.02113128052006201000, -2.500000000000001300, -0.8105417724380686900 ) ) ;
#1288 = CARTESIAN_POINT ( 'NONE',  ( 0.4648531605927185800, -0.8443845891633410300, 1.138992234499294200 ) ) ;
#1289 = CARTESIAN_POINT ( 'NONE',  ( -0.7162810793157798900, -1.266041059713907300, -0.9995576334112178400 ) ) ;
#1290 = CARTESIAN_POINT ( 'NONE',  ( -0.5438787747204285600, 1.072916165953945700, -1.102888513654807400 ) ) ;
#1291 = CARTESIAN_POINT ( 'NONE',  ( 0.8406176375676037700, 1.394792146173552400, 0.8975113652244213200 ) ) ;
#1292 = CARTESIAN_POINT ( 'NONE',  ( -0.7159142651409725600, 1.365782463573688600, 0.3331209884520571800 ) ) ;
#1293 = CARTESIAN_POINT ( 'NONE',  ( -0.7045382380517977200, 1.573938128012834400, -0.3563897989976296300 ) ) ;
#1294 = CARTESIAN_POINT ( 'NONE',  ( 1.219017390404936000, -2.496999999655305400, -0.02934010443043133200 ) ) ;
#1295 = CARTESIAN_POINT ( 'NONE',  ( -0.7894072877492258600, 1.322876269694697600, -0.01782818136186662200 ) ) ;
#1296 = CARTESIAN_POINT ( 'NONE',  ( 0.9185946947970635700, 2.499999999999998700, 0.7929263971813929100 ) ) ;
#1297 = CARTESIAN_POINT ( 'NONE',  ( -0.7620010355392726800, -1.201681426629834300, -0.2041161437249696700 ) ) ;
#1298 = CARTESIAN_POINT ( 'NONE',  ( -0.5338856248059377100, -0.9517041061679322200, 0.5817603763162836300 ) ) ;
#1299 = CARTESIAN_POINT ( 'NONE',  ( 1.218943572741552300, 2.935929380299941500, 0.04797661720646768900 ) ) ;
#1300 = CARTESIAN_POINT ( 'NONE',  ( -1.003629185690861500, -0.2070733830954817600, -0.7113079955379572100 ) ) ;
#1301 = CARTESIAN_POINT ( 'NONE',  ( 0.08042515265263973400, -1.330416587393932200, -1.227061010147361100 ) ) ;
#1302 = CARTESIAN_POINT ( 'NONE',  ( -0.8934806617686561500, 0.07832397224778603300, -0.8456089884115840500 ) ) ;
#1303 = CARTESIAN_POINT ( 'NONE',  ( -0.6148508074488670000, 0.6866663537308371800, 1.064947164962981100 ) ) ;
#1304 = CARTESIAN_POINT ( 'NONE',  ( 1.022467019795868700, 1.416250663888264600, 0.6831815811800314700 ) ) ;
#1305 = CARTESIAN_POINT ( 'NONE',  ( 1.219000000000000100, -2.500000000000000000, 0.0000000000000000000 ) ) ;
#1306 = PRODUCT_DEFINITION_FORMATION_WITH_SPECIFIED_SOURCE ( 'ANY', '', #2046, .NOT_KNOWN. ) ;
#1307 = CARTESIAN_POINT ( 'NONE',  ( -0.7853297888776392700, -1.408741274788826800, -0.9468500717642084300 ) ) ;
#1308 = CARTESIAN_POINT ( 'NONE',  ( 0.1539368082929402600, 1.931234822957160500, 0.7736842462661293100 ) ) ;
#1309 = CARTESIAN_POINT ( 'NONE',  ( -0.2536189270952044500, -0.4721237932464288400, 0.7469772529038372100 ) ) ;
#1310 = CARTESIAN_POINT ( 'NONE',  ( -0.4715709153752004100, 2.499999999999998700, 1.070721484792251000 ) ) ;
#1311 = CARTESIAN_POINT ( 'NONE',  ( 0.02575230012362640700, -0.1502233904967718900, -0.7884390795073792400 ) ) ;
#1312 = CARTESIAN_POINT ( 'NONE',  ( 0.7803277595461803900, -1.337962476749458700, 0.1207380445590984900 ) ) ;
#1313 = CARTESIAN_POINT ( 'NONE',  ( -0.2047248472147909200, 2.188284973194698100, -0.7640306610202499700 ) ) ;
#1314 = CARTESIAN_POINT ( 'NONE',  ( -0.3245603360024575400, -0.2714488570111101600, -1.186539725417594400 ) ) ;
#1315 = CARTESIAN_POINT ( 'NONE',  ( 1.219185301706520800, -1.459165906544167600, -0.1605179022283918800 ) ) ;
#1316 = CARTESIAN_POINT ( 'NONE',  ( -1.214801807934271500, 0.1641581499615153700, 0.1940852849066660400 ) ) ;
#1317 = ADVANCED_FACE ( 'NONE', ( #4479 ), #2389, .F. ) ;
#1318 = CARTESIAN_POINT ( 'NONE',  ( 0.4331610122151273700, 0.4077086539526914600, -1.150892356788499700 ) ) ;
#1319 = CARTESIAN_POINT ( 'NONE',  ( 0.2792288058569797300, 1.008542398043301000, -1.197584530349429200 ) ) ;
#1320 = CARTESIAN_POINT ( 'NONE',  ( 0.6165022684629271100, -2.426666821838042500, -1.067810575837826200 ) ) ;
#1321 = CARTESIAN_POINT ( 'NONE',  ( 0.7578379916903090800, 1.938743636185612500, -0.2215621301632031400 ) ) ;
#1322 = CARTESIAN_POINT ( 'NONE',  ( -0.1029254385721802800, -1.630851459035422800, 0.7821282459283558400 ) ) ;
#1323 = CARTESIAN_POINT ( 'NONE',  ( 0.7820000017367367800, 2.059961125093549200, -2.610054596602660800E-006 ) ) ;
#1324 = CARTESIAN_POINT ( 'NONE',  ( -0.7074825312570545100, 0.04290236884780095100, 0.3489604620968182500 ) ) ;
#1325 = CARTESIAN_POINT ( 'NONE',  ( 0.8621381599574342600, 2.499999999999999600, 0.8526765075811915100 ) ) ;
#1326 = CARTESIAN_POINT ( 'NONE',  ( 0.7383066083379713500, -1.437733155448049900, -0.2778952660025436100 ) ) ;
#1327 = CARTESIAN_POINT ( 'NONE',  ( -0.2613776577935200700, -1.144833501654111100, -0.7450939855005958000 ) ) ;
#1328 = CARTESIAN_POINT ( 'NONE',  ( 0.7271479217632136300, 2.087176707155435900, -0.3002863666984503200 ) ) ;
#1329 = CARTESIAN_POINT ( 'NONE',  ( 1.208481432485340800, -2.926313393131904700, -0.1860184459050781000 ) ) ;
#1330 = CARTESIAN_POINT ( 'NONE',  ( -0.04664921557697175600, 0.2929073863033583300, 1.229305358504873900 ) ) ;
#1331 = CARTESIAN_POINT ( 'NONE',  ( -0.5075029183095493000, 0.1072917064179521600, 1.120083624685096500 ) ) ;
#1332 = CARTESIAN_POINT ( 'NONE',  ( 1.187801319991360800, 0.8583327726309164500, 0.3182765988274386400 ) ) ;
#1333 = CARTESIAN_POINT ( 'NONE',  ( 1.172271530027176400, -2.079863283568092100, 0.3416785573042329100 ) ) ;
#1334 = CARTESIAN_POINT ( 'NONE',  ( -0.7324788875420803500, -0.7006422299620987900, 0.2947284142846792700 ) ) ;
#1335 = CARTESIAN_POINT ( 'NONE',  ( -0.7450407774827323400, 2.174777345440680200, -0.2613569656162506000 ) ) ;
#1336 = CARTESIAN_POINT ( 'NONE',  ( 0.9505793753376813300, -1.995585499201438800, -0.7806309308624916900 ) ) ;
#1337 = CARTESIAN_POINT ( 'NONE',  ( 0.1284578436379698000, -0.7510601912926931900, -0.7783260238142261100 ) ) ;
#1338 = CARTESIAN_POINT ( 'NONE',  ( 1.197506553662341300, 2.499999999999999100, 0.2272574260216683700 ) ) ;
#1339 = CARTESIAN_POINT ( 'NONE',  ( -0.7884390795073866800, -1.180223390496757600, -0.02575230012362992100 ) ) ;
#1340 = CARTESIAN_POINT ( 'NONE',  ( 0.7820390385903157600, 1.622961126829635600, -0.02934271439148896200 ) ) ;
#1341 = CARTESIAN_POINT ( 'NONE',  ( -0.2003143261477358700, -1.308958059926650800, -1.213270992236074900 ) ) ;
#1342 = CARTESIAN_POINT ( 'NONE',  ( 0.8743985441465957900, -0.07188383507535788000, -0.8653504108362318800 ) ) ;
#1343 = CARTESIAN_POINT ( 'NONE',  ( -0.2309785905455316300, 2.500000000000001800, 0.7914735494509637100 ) ) ;
#1344 = CARTESIAN_POINT ( 'NONE',  ( 1.136093022855828800, 0.2574995459696571300, 0.4705899132167176700 ) ) ;
#1345 = CARTESIAN_POINT ( 'NONE',  ( 1.227137984394833100, -1.917300444337852100, 0.08684174022872615000 ) ) ;
#1346 = CARTESIAN_POINT ( 'NONE',  ( 0.9861685091821029700, -2.104304536116233100, 0.7228861873227974100 ) ) ;
#1347 = CARTESIAN_POINT ( 'NONE',  ( 0.2215621301631320000, -1.151256363814364200, 0.7578379916903687000 ) ) ;
#1348 = CARTESIAN_POINT ( 'NONE',  ( 0.3563937776997107600, -1.516055095352653300, -0.7044931475800452200 ) ) ;
#1349 = CARTESIAN_POINT ( 'NONE',  ( 0.7819609648831654700, 2.491092531944668400, 0.1057066996564104300 ) ) ;
#1350 = CARTESIAN_POINT ( 'NONE',  ( 1.219056427258389300, 2.062757476821451200, -0.02511837236531009100 ) ) ;
#1351 = CARTESIAN_POINT ( 'NONE',  ( 1.172271530027176400, -2.079863283568092100, 0.3416785573042329100 ) ) ;
#1352 = CARTESIAN_POINT ( 'NONE',  ( 0.7884389382211471900, -0.8798327663291032300, -0.02575665111268201800 ) ) ;
#1353 = CARTESIAN_POINT ( 'NONE',  ( -1.064947164961000700, 1.716666353734791900, -0.6148508074549500200 ) ) ;
#1354 = CARTESIAN_POINT ( 'NONE',  ( -0.07737847156263370800, -0.4506667124848191000, 0.7850601612559307000 ) ) ;
#1355 = CARTESIAN_POINT ( 'NONE',  ( -0.7909840431297530100, 2.279952441728904800, 2.763552177977159000E-006 ) ) ;
#1356 = CARTESIAN_POINT ( 'NONE',  ( 0.6698789364989221600, 1.523520710971259000, -0.4165965737544485300 ) ) ;
#1357 = CARTESIAN_POINT ( 'NONE',  ( 0.2398993121837620600, -1.931250443738668800, -1.206058573628584700 ) ) ;
#1358 = CARTESIAN_POINT ( 'NONE',  ( -0.4017156036084834100, -2.303586954379653200, -0.6798109122758521100 ) ) ;
#1359 = CARTESIAN_POINT ( 'NONE',  ( -0.9900343810952049200, 2.500000000000000000, 0.01052984382375356800 ) ) ;
#1360 = CARTESIAN_POINT ( 'NONE',  ( -0.3569623215526911400, 0.7081248816655875100, 1.176743586244294500 ) ) ;
#1361 = CARTESIAN_POINT ( 'NONE',  ( -1.230167664556707200, -1.616884752108632500, -0.006406354208184868200 ) ) ;
#1362 = CARTESIAN_POINT ( 'NONE',  ( 0.2047114702810340100, -1.971345257296612600, -0.7640275148844293300 ) ) ;
#1363 = CARTESIAN_POINT ( 'NONE',  ( -0.4946926693392590400, -1.408762896741110100, -0.6153914529113373400 ) ) ;
#1364 = CARTESIAN_POINT ( 'NONE',  ( 0.5392182233338487200, 1.394749852411443000, 0.5758009841979765400 ) ) ;
#1365 = CARTESIAN_POINT ( 'NONE',  ( -1.212649231261429900, -0.7220742168510028100, 0.2066950641346816900 ) ) ;
#1366 = CARTESIAN_POINT ( 'NONE',  ( 0.5456358797401668100, -2.116528152649456400, 0.5698489651209923700 ) ) ;
#1367 = CARTESIAN_POINT ( 'NONE',  ( 0.5578044142444618100, -1.545028078414006200, 0.5578013360594020800 ) ) ;
#1368 = CARTESIAN_POINT ( 'NONE',  ( 0.7288337013492196500, -0.2575415561425939400, -0.3018321330805690500 ) ) ;
#1369 = CARTESIAN_POINT ( 'NONE',  ( -1.054670323614727700, 2.499999999999995100, 0.1835111698997212700 ) ) ;
#1370 = CARTESIAN_POINT ( 'NONE',  ( -0.6258561278850702800, 1.115811045588103200, -0.4802017660166493800 ) ) ;
#1371 = CARTESIAN_POINT ( 'NONE',  ( 0.2292431421118184300, 2.588853950286491100, -0.7573742273565217100 ) ) ;
#1372 = CARTESIAN_POINT ( 'NONE',  ( 0.2003143261153645100, -0.7510419400708277000, -1.213270992242300200 ) ) ;
#1373 = CARTESIAN_POINT ( 'NONE',  ( 0.2731014720950420400, 1.494576651406445400, 1.199445653191471000 ) ) ;
#1374 = CARTESIAN_POINT ( 'NONE',  ( 0.5255816061180527100, 2.500000000000000400, 0.5935728065763122800 ) ) ;
#1375 = CARTESIAN_POINT ( 'NONE',  ( -0.2003143261152468300, 1.308958059929185000, 1.213270992242306400 ) ) ;
#1376 = CARTESIAN_POINT ( 'NONE',  ( 1.102877193055012800, 2.017238104663307700, 0.5418681550412981500 ) ) ;
#1377 = CARTESIAN_POINT ( 'NONE',  ( 0.7836178982277347500, -2.058423079840775200, -0.05103474450351226000 ) ) ;
#1378 = CARTESIAN_POINT ( 'NONE',  ( -0.7873119990932363500, -0.7435473960712483100, -0.05958461792514063700 ) ) ;
#1379 = CARTESIAN_POINT ( 'NONE',  ( -0.3489604620968441200, 1.072902368847788800, -0.7074825312570358600 ) ) ;
#1380 = CARTESIAN_POINT ( 'NONE',  ( 1.220426539645076900, -1.043948505158610400, 0.1542113742997822900 ) ) ;
#1381 = CARTESIAN_POINT ( 'NONE',  ( 0.4165965737544016800, -1.566479289028729300, 0.6698789364989724500 ) ) ;
#1382 = CARTESIAN_POINT ( 'NONE',  ( 0.7771026341381960200, 1.599620537946082800, 0.1596228697229613000 ) ) ;
#1383 = CARTESIAN_POINT ( 'NONE',  ( -0.6558904719981795100, 0.6437340424515503000, 0.4383163541429619400 ) ) ;
#1384 = CARTESIAN_POINT ( 'NONE',  ( -0.8071801805120336600, 2.500000000000000000, 0.8119128165541509300 ) ) ;
#1385 = CARTESIAN_POINT ( 'NONE',  ( 0.7884390795073734600, 0.8797766095032388800, 0.02575230012358373200 ) ) ;
#1386 = CARTESIAN_POINT ( 'NONE',  ( -0.05160846142015460000, -0.7296084526255365300, -0.7871626541057675800 ) ) ;
#1387 = CARTESIAN_POINT ( 'NONE',  ( 0.5944769687616198200, 1.696087028713472800, -1.080472871066700900 ) ) ;
#1388 = CARTESIAN_POINT ( 'NONE',  ( 1.136093022850663400, -0.2574995459688695900, -0.4705899132255230200 ) ) ;
#1389 = CARTESIAN_POINT ( 'NONE',  ( 0.5881842314241014800, -2.432129807937848400, -0.5279270257164951900 ) ) ;
#1390 = CARTESIAN_POINT ( 'NONE',  ( -1.000028022602574600, 2.499999999999999100, 0.007336759276616157900 ) ) ;
#1391 = CARTESIAN_POINT ( 'NONE',  ( 0.4648331118333574000, 0.8443845886962935100, -1.138938959782984400 ) ) ;
#1392 = CARTESIAN_POINT ( 'NONE',  ( 3.465562724221880300E-011, 1.029999999997371500, -1.229708064287328200 ) ) ;
#1393 = CARTESIAN_POINT ( 'NONE',  ( 1.218999999999975900, 2.060000000000015600, -1.196809669476056900E-013 ) ) ;
#1394 = CARTESIAN_POINT ( 'NONE',  ( 1.172256747532121900, -1.642863284047794600, 0.3382440736029145900 ) ) ;
#1395 = CARTESIAN_POINT ( 'NONE',  ( 0.7865111723545186200, -1.022528754294274900, -0.06936237217049530400 ) ) ;
#1396 = CARTESIAN_POINT ( 'NONE',  ( -0.7884389382211322000, 1.180167233670913700, 0.02575665111274291800 ) ) ;
#1397 = CARTESIAN_POINT ( 'NONE',  ( 0.8455687376249247900, -1.108323972244350800, 0.8934404109185459800 ) ) ;
#1398 = CARTESIAN_POINT ( 'NONE',  ( 0.6558904719982088200, -1.416265957548452200, -0.4383163541429436200 ) ) ;
#1399 = CARTESIAN_POINT ( 'NONE',  ( -1.067821160723601700, -2.753666666637983900, -0.6165060514563596200 ) ) ;
#1400 = CARTESIAN_POINT ( 'NONE',  ( 0.5201604023154059500, 0.2145612457092682100, 0.5930891059392711100 ) ) ;
#1401 = CARTESIAN_POINT ( 'NONE',  ( 0.5201604023154059500, 0.2145612457092682100, 0.5930891059392711100 ) ) ;
#1402 = CARTESIAN_POINT ( 'NONE',  ( 0.6831937410584638700, -0.3433507890527614000, 0.3943863135581654500 ) ) ;
#1403 = CARTESIAN_POINT ( 'NONE',  ( 0.8690737316737122700, 2.006225310666127200, 0.8708403370388799700 ) ) ;
#1404 = CARTESIAN_POINT ( 'NONE',  ( -0.1205265572642740700, -0.4506244747482301400, 1.223782262019944800 ) ) ;
#1405 = CARTESIAN_POINT ( 'NONE',  ( 0.2856839678121440600, -2.024608363345055100, 0.7361137134212456500 ) ) ;
#1406 = CARTESIAN_POINT ( 'NONE',  ( -0.9672623982032241300, 2.500000000000001800, 0.04009851606979174900 ) ) ;
#1407 = CARTESIAN_POINT ( 'NONE',  ( 1.229248557015425700, 0.7370926140923423900, -0.04664549440935797400 ) ) ;
#1408 = CARTESIAN_POINT ( 'NONE',  ( -0.7162810793369381900, 1.266041059712067300, 0.9995576333988167600 ) ) ;
#1409 = CARTESIAN_POINT ( 'NONE',  ( -1.166947447175858100, -2.174800906283329600, 0.3893643070175738500 ) ) ;
#1410 = CARTESIAN_POINT ( 'NONE',  ( 2.316295566781683500E-006, -1.733010102894448900, 0.7909675806806982800 ) ) ;
#1411 = CARTESIAN_POINT ( 'NONE',  ( 0.7893502009764624700, 0.7370675740695364900, -0.01782880313309340500 ) ) ;
#1412 = CARTESIAN_POINT ( 'NONE',  ( 0.2536189270951450000, 1.587876206753543200, -0.7469772529038531900 ) ) ;
#1413 = CARTESIAN_POINT ( 'NONE',  ( -1.214745373265475400, -0.1641581485821825600, -0.1940778486586297300 ) ) ;
#1414 = CARTESIAN_POINT ( 'NONE',  ( -0.1284621388706680100, -1.308995965534315700, -0.7783253155229537000 ) ) ;
#1415 = CARTESIAN_POINT ( 'NONE',  ( -0.3191250568542318100, -2.371666663681502500, -1.190990977631101400 ) ) ;
#1416 = CARTESIAN_POINT ( 'NONE',  ( -0.5392150451836400500, 0.6651939907633164200, 0.5758039591960711900 ) ) ;
#1417 = CARTESIAN_POINT ( 'NONE',  ( -0.7884389382211322000, 1.180167233670913700, 0.02575665111274291800 ) ) ;
#1418 = CARTESIAN_POINT ( 'NONE',  ( -0.3436783100629212100, 1.751090904792599100, -1.184463768372364900 ) ) ;
#1419 = CARTESIAN_POINT ( 'NONE',  ( 0.04023867200969395700, -0.1502087576831190300, -1.229040584142548700 ) ) ;
#1420 = CARTESIAN_POINT ( 'NONE',  ( -0.2855834469308511900, 1.451657017877260500, 1.196578176257407900 ) ) ;
#1421 = CARTESIAN_POINT ( 'NONE',  ( 0.7819609648831576900, 2.498274251930834700, 0.006479498456417311300 ) ) ;
#1422 = CARTESIAN_POINT ( 'NONE',  ( -0.8362277648024881700, 2.282093150364588500, 0.9022026696831682000 ) ) ;
#1423 = CARTESIAN_POINT ( 'NONE',  ( 0.6148508074739026400, 1.373333646271430700, 1.064947164947402300 ) ) ;
#1424 = CARTESIAN_POINT ( 'NONE',  ( -0.4273309969844285600, 0.03540694302388603500, -1.153577346618740200 ) ) ;
#1425 = CARTESIAN_POINT ( 'NONE',  ( -1.067805985696502100, -1.806333333363054500, 0.6164972674142876800 ) ) ;
#1426 = CARTESIAN_POINT ( 'NONE',  ( -0.7502067306518575000, 1.058942779757403800, 0.2462031175613032000 ) ) ;
#1427 = CARTESIAN_POINT ( 'NONE',  ( 0.2215621301631320000, -1.151256363814364200, 0.7578379916903687000 ) ) ;
#1428 = CARTESIAN_POINT ( 'NONE',  ( 0.6887429803983916600, 1.230634898609229500, 1.019245208104158800 ) ) ;
#1429 = CARTESIAN_POINT ( 'NONE',  ( -1.190999212357395400, -2.698666666594765000, 0.3191279559105084100 ) ) ;
#1430 = CARTESIAN_POINT ( 'NONE',  ( -1.067813251959267400, -2.316666666723799400, -0.6165022674776060600 ) ) ;
#1431 = CARTESIAN_POINT ( 'NONE',  ( -0.07738280380554565800, 0.4506105556600787900, -0.7850597333522054700 ) ) ;
#1432 = CARTESIAN_POINT ( 'NONE',  ( -0.3191240922089518800, 2.188333199994331000, -1.190989201012616400 ) ) ;
#1433 = CARTESIAN_POINT ( 'NONE',  ( 0.8107975516650075500, 0.2145827788835834600, 0.9245476424938381400 ) ) ;
#1434 = CARTESIAN_POINT ( 'NONE',  ( -0.6520235804406261400, -0.9731553095583566100, 0.4453549600243301200 ) ) ;
#1435 = CARTESIAN_POINT ( 'NONE',  ( -0.5593121838742002300, 2.224952347800483600, -0.5593081785736782100 ) ) ;
#1436 = CARTESIAN_POINT ( 'NONE',  ( 0.1542113742996339100, 2.046051494841394800, -1.220426539645322000 ) ) ;
#1437 = CARTESIAN_POINT ( 'NONE',  ( -0.04023864897806436100, 1.909791061815504500, 1.229042911325850800 ) ) ;
#1438 = CARTESIAN_POINT ( 'NONE',  ( 0.4393228359073693700, -1.209176442869103900, -1.149065046145574300 ) ) ;
#1439 = CARTESIAN_POINT ( 'NONE',  ( 0.7246018643573276500, -2.524496979452004900, 0.2991736992377345700 ) ) ;
#1440 = CARTESIAN_POINT ( 'NONE',  ( 0.7727902945504729900, 0.7156158223253059600, 0.1618528112935138100 ) ) ;
#1441 = CARTESIAN_POINT ( 'NONE',  ( -0.7578379916903414900, -0.1212563638144013400, 0.2215621301631304800 ) ) ;
#1442 = CARTESIAN_POINT ( 'NONE',  ( -1.026356793715236200, 0.9731345482441451400, -0.6780892297460391300 ) ) ;
#1443 = CARTESIAN_POINT ( 'NONE',  ( 0.8505966663911335200, -2.880471704008423100, -0.8882171117317515500 ) ) ;
#1444 = CARTESIAN_POINT ( 'NONE',  ( 0.2398993121837620100, -1.931250443738668400, -1.206058573628584500 ) ) ;
#1445 = CARTESIAN_POINT ( 'NONE',  ( 0.7819826099399522800, -1.617148725624878200, -0.04703035377149756400 ) ) ;
#1446 = CARTESIAN_POINT ( 'NONE',  ( 0.4594512098477066000, -0.7939735927953715000, -0.6412610925162917100 ) ) ;
#1447 = CARTESIAN_POINT ( 'NONE',  ( -0.3735099782432874700, 1.916043032197182200, 0.6977592625148074700 ) ) ;
#1448 = CARTESIAN_POINT ( 'NONE',  ( 0.2792288058569797300, 1.008542398043301000, -1.197584530349429200 ) ) ;
#1449 = CARTESIAN_POINT ( 'NONE',  ( -0.7865681743644329400, -1.037527403913686400, -0.06936549219407460400 ) ) ;
#1450 = CARTESIAN_POINT ( 'NONE',  ( -0.5413121344219966600, 2.662194826425649600, -0.5772397337406882700 ) ) ;
#1451 = CARTESIAN_POINT ( 'NONE',  ( -0.5018569905260671400, 1.724175534808416900, 1.123120999566138400 ) ) ;
#1452 = CARTESIAN_POINT ( 'NONE',  ( 1.070482323322208500, -2.027861069579441500, -0.5873386247660342700 ) ) ;
#1453 = CARTESIAN_POINT ( 'NONE',  ( -0.5383473391836265400, -0.5439677339524806600, -1.106138326408734100 ) ) ;
#1454 = CARTESIAN_POINT ( 'NONE',  ( 0.6326359914151047400, -2.455703906121375900, -0.4636681537123213400 ) ) ;
#1455 = CARTESIAN_POINT ( 'NONE',  ( 0.2368093564022516800, 0.2649945390350746900, -0.7532209876637552300 ) ) ;
#1456 = CARTESIAN_POINT ( 'NONE',  ( -0.6797624990084153400, -0.7864689196079163200, -0.4016849878142133600 ) ) ;
#1457 = CARTESIAN_POINT ( 'NONE',  ( 1.166892975666369500, 0.1148009069000331100, 0.3893477807063131000 ) ) ;
#1458 = CARTESIAN_POINT ( 'NONE',  ( 0.6165022684629432000, -2.133333178161958400, 1.067810575837817600 ) ) ;
#1459 = CARTESIAN_POINT ( 'NONE',  ( 0.7006173632894626700, 2.500000000000000000, 0.3528188489594890100 ) ) ;
#1460 = CARTESIAN_POINT ( 'NONE',  ( -0.1284578436378915300, 1.308939808707257700, 0.7783260238142255500 ) ) ;
#1461 = CARTESIAN_POINT ( 'NONE',  ( -1.150892356813170100, 0.6222913460421341000, 0.4331610121515082100 ) ) ;
#1462 = CARTESIAN_POINT ( 'NONE',  ( -0.4705899132166611000, 1.287499545969662100, 1.136093022855848100 ) ) ;
#1463 = CARTESIAN_POINT ( 'NONE',  ( -0.2947479409807811600, -0.3294139266686469900, 0.7325325339570393200 ) ) ;
#1464 = CARTESIAN_POINT ( 'NONE',  ( -0.2047248472147909200, 2.188284973194698100, -0.7640306610202499700 ) ) ;
#1465 = CARTESIAN_POINT ( 'NONE',  ( -1.048003454615110900, 2.153342363150110700, -0.6441558404167606600 ) ) ;
#1466 = CARTESIAN_POINT ( 'NONE',  ( 0.3191223426414955800, -1.971333291909435500, -1.190979986187050700 ) ) ;
#1467 = CARTESIAN_POINT ( 'NONE',  ( -1.223625230137897600, -1.037510038337411600, -0.1269579559022682200 ) ) ;
#1468 = CARTESIAN_POINT ( 'NONE',  ( 0.2047151567870182100, -2.151672066443263400, 0.7640389111389726000 ) ) ;
#1469 = CARTESIAN_POINT ( 'NONE',  ( -0.6924783140243699900, 0.3937174497312121400, -0.3793001824591548700 ) ) ;
#1470 = CARTESIAN_POINT ( 'NONE',  ( 0.3185916689903941500, -0.5504216539041624200, 0.7224376186637740900 ) ) ;
#1471 = CARTESIAN_POINT ( 'NONE',  ( -0.8455687376249305700, 0.9516760277556564100, -0.8934404109185111200 ) ) ;
#1472 = CARTESIAN_POINT ( 'NONE',  ( 1.187801319993479200, -0.8583327726321368100, -0.3182765988111604400 ) ) ;
#1473 = CARTESIAN_POINT ( 'NONE',  ( 1.176743586244281400, -0.3218751183344195100, 0.3569623215527536500 ) ) ;
#1474 = CARTESIAN_POINT ( 'NONE',  ( 0.6558928914996921000, 1.416209800724004000, 0.4383127350509925500 ) ) ;
#1475 = EDGE_CURVE ( 'NONE', #3862, #598, #3586, .T. ) ;
#1476 = APPLICATION_PROTOCOL_DEFINITION ( 'international standard', 'config_control_design', 1994, #422 ) ;
#1477 = CARTESIAN_POINT ( 'NONE',  ( 0.3569623215935351400, 1.351875118337693600, 1.176743586231511700 ) ) ;
#1478 = CARTESIAN_POINT ( 'NONE',  ( 0.8406176375676037700, 1.394792146173552400, 0.8975113652244213200 ) ) ;
#1479 = CARTESIAN_POINT ( 'NONE',  ( -0.2613776577935200700, -1.144833501654111100, -0.7450939855005958000 ) ) ;
#1480 = CARTESIAN_POINT ( 'NONE',  ( -0.7640312062527160300, 2.298285784003499800, 0.2047244006620982900 ) ) ;
#1481 = CARTESIAN_POINT ( 'NONE',  ( -1.106086476732494100, 1.573967733758687900, -0.5383238473179429200 ) ) ;
#1482 = CARTESIAN_POINT ( 'NONE',  ( -0.3191250568542146600, -2.188333336318497100, 1.190990977631106700 ) ) ;
#1483 = CARTESIAN_POINT ( 'NONE',  ( 1.048052748381830700, -0.09334236173649129700, -0.6441843075799795800 ) ) ;
#1484 = CARTESIAN_POINT ( 'NONE',  ( 1.309513123362325300E-006, -2.827007220749860200, -0.7909895369197782500 ) ) ;
#1485 = CARTESIAN_POINT ( 'NONE',  ( 0.09505789308455035700, 1.187680046814758800, 0.7838048828374526400 ) ) ;
#1486 = CARTESIAN_POINT ( 'NONE',  ( -0.5144854500651328000, -0.2285741663396519400, -0.5989138052758996600 ) ) ;
#1487 = CARTESIAN_POINT ( 'NONE',  ( 1.229248557015425700, 0.7370926140923423900, -0.04664549440935797400 ) ) ;
#1488 = CARTESIAN_POINT ( 'NONE',  ( -0.8975113652239132800, -1.695207853825244900, 0.8406176375663309000 ) ) ;
#1489 = CARTESIAN_POINT ( 'NONE',  ( 0.8695246996967770400, -1.544999999998287500, 0.8695246996650807200 ) ) ;
#1490 = CARTESIAN_POINT ( 'NONE',  ( 1.213270992242301900, 0.2789580599291793300, 0.2003143261153175800 ) ) ;
#1491 = CARTESIAN_POINT ( 'NONE',  ( 0.08042515269649822000, 1.330416587397293500, 1.227061010144715200 ) ) ;
#1492 = CARTESIAN_POINT ( 'NONE',  ( 0.3793292552032097600, -1.423773608400239900, 0.6925274438503649100 ) ) ;
#1493 = CARTESIAN_POINT ( 'NONE',  ( -1.197613533180316200, 1.824424180564979500, -0.2945956985558110300 ) ) ;
#1494 = CARTESIAN_POINT ( 'NONE',  ( 0.6493608992459210000, -1.566458528656507100, 1.044260491308644000 ) ) ;
#1495 = CARTESIAN_POINT ( 'NONE',  ( -1.232995775620368700, -1.843000000086337100, -6.704739299161536500E-007 ) ) ;
#1496 = CARTESIAN_POINT ( 'NONE',  ( -1.186594196724842600, 1.301448856400757600, -0.3245768620622311300 ) ) ;
#1497 = CARTESIAN_POINT ( 'NONE',  ( 0.2047141844937607800, -2.408345257142465700, -0.7640391719102317400 ) ) ;
#1498 = CARTESIAN_POINT ( 'NONE',  ( 0.7578379916903090800, 1.938743636185612500, -0.2215621301632031400 ) ) ;
#1499 = CARTESIAN_POINT ( 'NONE',  ( -0.8411814943196247500, -2.499999999999992500, -0.7703466242117681400 ) ) ;
#1500 = CARTESIAN_POINT ( 'NONE',  ( -1.218806721816585200, -2.217717953307717100, -0.1669193611658148800 ) ) ;
#1501 = CARTESIAN_POINT ( 'NONE',  ( 1.219000000000000700, -2.054131401692277600, -0.07636929509922944800 ) ) ;
#1502 = COORDINATED_UNIVERSAL_TIME_OFFSET ( 6, 0, .BEHIND. ) ;
#1503 = CARTESIAN_POINT ( 'NONE',  ( 1.219185301706520800, -1.459165906544167600, -0.1605179022283918800 ) ) ;
#1504 = CARTESIAN_POINT ( 'NONE',  ( 1.044260491328596000, -1.523541471340526000, 0.6493608992126165300 ) ) ;
#1505 = APPROVAL_ROLE ( '' ) ;
#1506 = CARTESIAN_POINT ( 'NONE',  ( 1.064947164947435400, 0.3433336462714263200, -0.6148508074738551200 ) ) ;
#1507 = CARTESIAN_POINT ( 'NONE',  ( -0.5266663369767486900, 0.6576824904304577900, -0.5883028260629066300 ) ) ;
#1508 = CARTESIAN_POINT ( 'NONE',  ( 0.6385068493032369800, 1.989427039783163700, 1.055095810568074300 ) ) ;
#1509 = CARTESIAN_POINT ( 'NONE',  ( -0.2792288058570603400, -1.051457601956709500, 1.197584530349424100 ) ) ;
#1510 = CARTESIAN_POINT ( 'NONE',  ( -1.067813251959257100, -2.243333333276201500, 0.6165022674776221600 ) ) ;
#1511 = CARTESIAN_POINT ( 'NONE',  ( -0.2041162037125009700, 1.888319249200014300, 0.7620006745629984700 ) ) ;
#1512 = CARTESIAN_POINT ( 'NONE',  ( 0.1142048109835825800, 0.8937405607022422800, 1.224873463273936400 ) ) ;
#1513 = CARTESIAN_POINT ( 'NONE',  ( -0.3191250568542146600, -2.188333336318497100, 1.190990977631106700 ) ) ;
#1514 = CARTESIAN_POINT ( 'NONE',  ( 0.5266268662031425900, 1.402261351203153900, -0.5882615819946783700 ) ) ;
#1515 = CARTESIAN_POINT ( 'NONE',  ( -0.4624027268492346100, -2.500000000000000000, -1.074748643552350600 ) ) ;
#1516 = CARTESIAN_POINT ( 'NONE',  ( -0.04023864897806436100, 1.909791061815504500, 1.229042911325850800 ) ) ;
#1517 = CARTESIAN_POINT ( 'NONE',  ( 0.7217392488547981200, 2.410822053049307200, 0.9964361912168083800 ) ) ;
#1518 = CARTESIAN_POINT ( 'NONE',  ( -1.176743586248023100, -1.738124881649391700, 0.3569623215674981900 ) ) ;
#1519 = CARTESIAN_POINT ( 'NONE',  ( 1.022467019816279100, -1.416250663890784800, -0.6831815811535990600 ) ) ;
#1520 =( CONVERSION_BASED_UNIT ( 'INCH', #3580 ) LENGTH_UNIT ( ) NAMED_UNIT ( #1746 ) );
#1521 = CARTESIAN_POINT ( 'NONE',  ( 0.1605179022803889500, 0.4291659065402108600, -1.219185301701688000 ) ) ;
#1522 = CARTESIAN_POINT ( 'NONE',  ( 0.7817606606286491300, 1.043934584242119500, -0.1110731920218885500 ) ) ;
#1523 = CARTESIAN_POINT ( 'NONE',  ( 1.219039036853554400, 1.629205272902619800, -0.1373569926288796000 ) ) ;
#1524 = CARTESIAN_POINT ( 'NONE',  ( -0.8975113652239132800, -1.695207853825244900, 0.8406176375663309000 ) ) ;
#1525 = CARTESIAN_POINT ( 'NONE',  ( 0.5456240577767682600, -2.006489171230811900, -0.5698362992949772600 ) ) ;
#1526 = CARTESIAN_POINT ( 'NONE',  ( 0.3893643071845265300, 0.9151990936864854400, 1.166947447045544300 ) ) ;
#1527 = CARTESIAN_POINT ( 'NONE',  ( 1.129402089053771300, -2.472497047666052200, -0.4678645792929072600 ) ) ;
#1528 = CARTESIAN_POINT ( 'NONE',  ( -0.2368093247294383900, 2.324995141551827500, 0.7532220841851680100 ) ) ;
#1529 = CARTESIAN_POINT ( 'NONE',  ( -0.3730582092187644200, -2.500000000000000400, -1.115315298140195500 ) ) ;
#1530 = CARTESIAN_POINT ( 'NONE',  ( 1.088238233482692100, -2.454427540321453700, -0.5655552051564859400 ) ) ;
#1531 = CARTESIAN_POINT ( 'NONE',  ( 0.3245603360025437500, 1.788551142988900900, 1.186539725417478300 ) ) ;
#1532 = CARTESIAN_POINT ( 'NONE',  ( -0.3182765679337749600, -1.888332822701462000, -1.187800724911579600 ) ) ;
#1533 = CARTESIAN_POINT ( 'NONE',  ( -1.084501027639217500, -1.223125701062947700, -0.5796874518068035900 ) ) ;
#1534 = CARTESIAN_POINT ( 'NONE',  ( -0.7803277595461964900, 0.7220375232505364900, -0.1207380445590429300 ) ) ;
#1535 = CC_DESIGN_PERSON_AND_ORGANIZATION_ASSIGNMENT ( #1166, #437, ( #3373 ) ) ;
#1536 = CARTESIAN_POINT ( 'NONE',  ( 0.1205265572642235900, 1.609375525251768100, -1.223782262019949400 ) ) ;
#1537 = CARTESIAN_POINT ( 'NONE',  ( 0.4869928480372205400, 0.3572414776477826300, 0.6215709830210457400 ) ) ;
#1538 = CARTESIAN_POINT ( 'NONE',  ( -0.4175220422237792600, 1.769376871860754300, -0.6723483630093177700 ) ) ;
#1539 = CARTESIAN_POINT ( 'NONE',  ( -0.7801092823698939600, -1.094374647302522000, 0.9505710322136246000 ) ) ;
#1540 = CARTESIAN_POINT ( 'NONE',  ( -0.3954874490871150300, -1.769675546139884800, 0.6850039967492830300 ) ) ;
#1541 = CARTESIAN_POINT ( 'NONE',  ( 1.199485926783844200, 0.4645737484807859200, -0.2731042426761301500 ) ) ;
#1542 = CARTESIAN_POINT ( 'NONE',  ( 0.9861685091820915300, -2.455695463883769100, -0.7228861873228118500 ) ) ;
#1543 = CARTESIAN_POINT ( 'NONE',  ( 0.7873119990932105900, 1.316452603928748300, 0.05958461792509618000 ) ) ;
#1544 = CARTESIAN_POINT ( 'NONE',  ( -1.048503927950630100, -2.500000000000002200, -0.1325529933926943600 ) ) ;
#1545 = CARTESIAN_POINT ( 'NONE',  ( -1.100479002045454700, -1.659801641826835800, -0.5498428992982802300 ) ) ;
#1546 = CLOSED_SHELL ( 'NONE', ( #3673, #2708, #2590, #3456, #4030, #2375, #3817, #1317, #3790, #3835 ) ) ;
#1547 = CARTESIAN_POINT ( 'NONE',  ( -1.019245204924065700, 2.260634900431235800, 0.6887429299568298400 ) ) ;
#1548 = CARTESIAN_POINT ( 'NONE',  ( 0.6831815811535765200, -0.3862506638907806100, 1.022467019816284600 ) ) ;
#1549 = CARTESIAN_POINT ( 'NONE',  ( -0.5075029183502218800, -0.1072917064145349200, -1.120083624666799800 ) ) ;
#1550 = VECTOR ( 'NONE', #3134, 39.37007874015748100 ) ;
#1551 = CARTESIAN_POINT ( 'NONE',  ( -0.2705610333970995800, 0.8508094104783352500, 0.7418073894718303400 ) ) ;
#1552 = CARTESIAN_POINT ( 'NONE',  ( -1.227061010066884400, 1.759583412648304300, -0.08042515275731353100 ) ) ;
#1553 = CARTESIAN_POINT ( 'NONE',  ( 0.7849751072350554800, -0.1362844793205678400, -0.08538811970727376600 ) ) ;
#1554 = CARTESIAN_POINT ( 'NONE',  ( 0.7820390385903157600, 1.622961126829635600, -0.02934271439148896200 ) ) ;
#1555 = CARTESIAN_POINT ( 'NONE',  ( 1.120083624685090000, -0.9227082935820557500, 0.5075029183095822700 ) ) ;
#1556 = CARTESIAN_POINT ( 'NONE',  ( 0.3955081935537900200, -2.133348397660412000, 0.6849880396598908600 ) ) ;
#1557 = CARTESIAN_POINT ( 'NONE',  ( 1.026405135250226100, 1.086865450813908200, -0.6781192855159072800 ) ) ;
#1558 = CARTESIAN_POINT ( 'NONE',  ( 8.969605787711097700E-007, -2.606999988744586300, 1.233018913008587300 ) ) ;
#1559 = CARTESIAN_POINT ( 'NONE',  ( 1.199430096379620300, -0.4645737495905836200, 0.2730931423549088900 ) ) ;
#1560 = CARTESIAN_POINT ( 'NONE',  ( 0.6603681822222237100, -2.499999999999999100, -1.011643002571103000 ) ) ;
#1561 = CARTESIAN_POINT ( 'NONE',  ( 1.229305358504903000, -0.7370926136966501300, 0.04664921557703634300 ) ) ;
#1562 = CARTESIAN_POINT ( 'NONE',  ( 1.102877190384368600, -2.017238101827105700, -0.5418681919314942700 ) ) ;
#1563 = CARTESIAN_POINT ( 'NONE',  ( 0.4331610122151273700, 0.4077086539526914600, -1.150892356788499700 ) ) ;
#1564 = CARTESIAN_POINT ( 'NONE',  ( 0.1205265572642235900, 1.609375525251768100, -1.223782262019949400 ) ) ;
#1565 = EDGE_CURVE ( 'NONE', #3862, #23, #1685, .T. ) ;
#1566 = CARTESIAN_POINT ( 'NONE',  ( 0.2368283023104090800, -0.2650506940674999300, 0.7532748432582161400 ) ) ;
#1567 = CARTESIAN_POINT ( 'NONE',  ( 0.3095632913191244700, 0.8443529333669740300, -0.7263547451059293400 ) ) ;
#1568 = CARTESIAN_POINT ( 'NONE',  ( 1.218999999999975700, 2.063759199869959800, -0.06543744205899269800 ) ) ;
#1569 = CARTESIAN_POINT ( 'NONE',  ( -0.09506287598232804300, 0.8722637950892641000, 0.7838617530780340700 ) ) ;
#1570 = CARTESIAN_POINT ( 'NONE',  ( 1.020018404682211800, 2.458718596174465500, 0.6821189772798804700 ) ) ;
#1571 = CARTESIAN_POINT ( 'NONE',  ( 0.9995576334112169500, -0.2360410597139035400, -0.7162810793157693400 ) ) ;
#1572 = CARTESIAN_POINT ( 'NONE',  ( -0.3954872443782973500, -1.916341777619147600, -0.6850048726335598000 ) ) ;
#1573 = CARTESIAN_POINT ( 'NONE',  ( -0.3952700781599617900, 0.4720829427892297400, -1.164439485753287800 ) ) ;
#1574 = CARTESIAN_POINT ( 'NONE',  ( -0.7838617525903498500, -2.217736203487698600, -0.09506287760013737400 ) ) ;
#1575 = CARTESIAN_POINT ( 'NONE',  ( 1.129396159070533300, -2.524502952472067500, 0.4669280819313982900 ) ) ;
#1576 = CARTESIAN_POINT ( 'NONE',  ( -1.134028922924913600, -0.7006156788765938200, 0.4766584975168261500 ) ) ;
#1577 = CARTESIAN_POINT ( 'NONE',  ( -0.9362005006025622100, -2.499999999999992900, -0.1202982704829147500 ) ) ;
#1578 = CARTESIAN_POINT ( 'NONE',  ( 0.9022452879841965600, -1.252093158578524400, -0.8362652849532378200 ) ) ;
#1579 = CARTESIAN_POINT ( 'NONE',  ( 1.150892356813198600, -1.437708653957875400, -0.4331610121514716200 ) ) ;
#1580 = CARTESIAN_POINT ( 'NONE',  ( -0.3569623215934276700, -0.7081248816623184600, -1.176743586231557200 ) ) ;
#1581 = CARTESIAN_POINT ( 'NONE',  ( 0.2003143261477854100, 0.7510419400733611100, 1.213270992236052900 ) ) ;
#1582 = CARTESIAN_POINT ( 'NONE',  ( 0.2462190920826647400, -0.02899893612022763600, -0.7502615391169604700 ) ) ;
#1583 = CARTESIAN_POINT ( 'NONE',  ( 0.5526495977270649000, 0.07186997384776147600, 0.5639089003005844900 ) ) ;
#1584 = CARTESIAN_POINT ( 'NONE',  ( -0.04023864897806436700, 1.909791061815504500, 1.229042911325850800 ) ) ;
#1585 = CARTESIAN_POINT ( 'NONE',  ( 0.3564212364265777500, 1.515989840856421600, 0.7046616058518823100 ) ) ;
#1586 = CARTESIAN_POINT ( 'NONE',  ( 1.133493006139250300, 2.087398502536543800, -0.4677345605969472900 ) ) ;
#1587 = CARTESIAN_POINT ( 'NONE',  ( -1.044260491328600200, 0.5364585286594849600, -0.6493608992125808900 ) ) ;
#1588 = CARTESIAN_POINT ( 'NONE',  ( 0.7516629613895790000, -1.642878245493854600, 0.2158699436314161800 ) ) ;
#1589 = CARTESIAN_POINT ( 'NONE',  ( 0.9721714487896181400, 1.558793689402999000, 0.7559979219766186400 ) ) ;
#1590 = CARTESIAN_POINT ( 'NONE',  ( -0.6384820416478119700, 2.790575737882370800, 1.055068658201752600 ) ) ;
#1591 = CARTESIAN_POINT ( 'NONE',  ( 1.223568795478737500, -1.022489963049837600, -0.1269505195501556300 ) ) ;
#1592 = CARTESIAN_POINT ( 'NONE',  ( 0.2770531711790069100, -2.500000000000001800, -0.7499136133147142900 ) ) ;
#1593 = CARTESIAN_POINT ( 'NONE',  ( -1.153577346618776200, -0.9945930569761216600, 0.4273309969843768800 ) ) ;
#1594 = CARTESIAN_POINT ( 'NONE',  ( -1.064947164945457800, -1.716666353732538000, 0.6148508074799720100 ) ) ;
#1595 = CARTESIAN_POINT ( 'NONE',  ( -1.022467019795810100, -0.6437493361117480100, -0.6831815811801385000 ) ) ;
#1596 = CARTESIAN_POINT ( 'NONE',  ( -1.120083624685112500, 1.137291706417956800, -0.5075029183094966800 ) ) ;
#1597 = CARTESIAN_POINT ( 'NONE',  ( -0.5817603763163279300, 0.07829589383205154400, -0.5338856248059152800 ) ) ;
#1598 = CARTESIAN_POINT ( 'NONE',  ( -0.7759181577673924800, 0.4581174140267395000, 0.1462089390251142300 ) ) ;
#1599 = CARTESIAN_POINT ( 'NONE',  ( 0.3952700781399677800, 1.587917057212370400, -1.164439485758853800 ) ) ;
#1600 = CARTESIAN_POINT ( 'NONE',  ( 0.5070665287282942700, 1.537505997788031400, 0.6050050104420545700 ) ) ;
#1601 = CARTESIAN_POINT ( 'NONE',  ( -1.067813272474487500, 2.243333336071073900, -0.6165022988476960300 ) ) ;
#1602 = CARTESIAN_POINT ( 'NONE',  ( 1.227061010147353600, -0.3004165873939290700, 0.08042515265264933700 ) ) ;
#1603 = CARTESIAN_POINT ( 'NONE',  ( 0.7516925263796883100, -2.516878244534450200, 0.2227389110340529100 ) ) ;
#1604 = CARTESIAN_POINT ( 'NONE',  ( 0.2731014720950420400, 1.494576651406445400, 1.199445653191471000 ) ) ;
#1605 = CARTESIAN_POINT ( 'NONE',  ( -1.233004539824354100, 2.279999999999974000, 5.523325065871266500E-013 ) ) ;
#1606 = CARTESIAN_POINT ( 'NONE',  ( -0.03385271256576707900, -0.5933240657703973100, 1.229679603144459000 ) ) ;
#1607 = CARTESIAN_POINT ( 'NONE',  ( -1.008942049681169200, -2.500000000000000000, -0.02396356309768823300 ) ) ;
#1608 = CARTESIAN_POINT ( 'NONE',  ( -0.9720739401471864000, -0.5010506505475913500, -0.7539653054451215300 ) ) ;
#1609 = CARTESIAN_POINT ( 'NONE',  ( 1.223782262019955000, -1.480624474748231600, 0.1205265572642542200 ) ) ;
#1610 = CARTESIAN_POINT ( 'NONE',  ( -1.164439485753312500, -0.5579170572107777800, 0.3952700781599074500 ) ) ;
#1611 = CARTESIAN_POINT ( 'NONE',  ( -0.6148508074488670000, 0.6866663537308371800, 1.064947164962981100 ) ) ;
#1612 = COORDINATED_UNIVERSAL_TIME_OFFSET ( 6, 0, .BEHIND. ) ;
#1613 = CARTESIAN_POINT ( 'NONE',  ( 0.6747307256046332100, 0.9795338477077379900, 0.4101863206931674600 ) ) ;
#1614 = CARTESIAN_POINT ( 'NONE',  ( 0.2705432648047813600, 1.209134430897248500, 0.7417531377282070600 ) ) ;
#1615 = CARTESIAN_POINT ( 'NONE',  ( 0.3954948016262168600, 2.426602071729314900, 0.6850397984158199700 ) ) ;
#1616 = CARTESIAN_POINT ( 'NONE',  ( -0.7548901246460098000, -1.738157477025291700, 0.2289756721455014600 ) ) ;
#1617 = CARTESIAN_POINT ( 'NONE',  ( -1.067813272475109900, 2.316666663928506100, 0.6165022988552946200 ) ) ;
#1618 = CARTESIAN_POINT ( 'NONE',  ( -0.2398996533697700400, 0.1287502341878856100, 1.206067579028948600 ) ) ;
#1619 = CARTESIAN_POINT ( 'NONE',  ( 1.309513123362325300E-006, -2.827007220749860200, -0.7909895369197782500 ) ) ;
#1620 = CARTESIAN_POINT ( 'NONE',  ( -0.6609949187974951700, -2.260649525773122700, -0.4319462922484106300 ) ) ;
#1621 = CARTESIAN_POINT ( 'NONE',  ( -1.190990920325092400, 2.298333334019910400, 0.3191250493005639600 ) ) ;
#1622 = CARTESIAN_POINT ( 'NONE',  ( 0.08683616903957601400, -1.172699553834492400, 1.227081334746343600 ) ) ;
#1623 = CARTESIAN_POINT ( 'NONE',  ( 0.3074768305836728700, -2.500000000000001800, -0.7366512080432797700 ) ) ;
#1624 = CARTESIAN_POINT ( 'NONE',  ( 1.179076253295842500, -1.295008736504888300, -0.3509845520900545800 ) ) ;
#1625 = CARTESIAN_POINT ( 'NONE',  ( 0.6148508074489197300, -1.373333646269173900, -1.064947164962966000 ) ) ;
#1626 = CARTESIAN_POINT ( 'NONE',  ( -1.150892356813170100, 0.6222913460421341000, 0.4331610121515082100 ) ) ;
#1627 = CARTESIAN_POINT ( 'NONE',  ( 0.3569623215935351900, 1.351875118337693600, 1.176743586231511700 ) ) ;
#1628 = CARTESIAN_POINT ( 'NONE',  ( 0.6097322939261806700, -1.995528083258884900, -0.5007841206232471800 ) ) ;
#1629 = CARTESIAN_POINT ( 'NONE',  ( -0.3185916689904276200, 1.509578346095827400, -0.7224376186637231400 ) ) ;
#1630 = CARTESIAN_POINT ( 'NONE',  ( -0.6165022684629362100, -2.353333334133186600, -1.067813238164818900 ) ) ;
#1631 = CARTESIAN_POINT ( 'NONE',  ( -0.7871629392117354100, 1.759552295964955900, -0.05160411777524765600 ) ) ;
#1632 = CARTESIAN_POINT ( 'NONE',  ( -0.6831915652582435400, -1.716705367745774000, 0.3943900840666683100 ) ) ;
#1633 = CARTESIAN_POINT ( 'NONE',  ( 1.218999999999975700, 2.063759199869959800, -0.06543744205899269800 ) ) ;
#1634 = CARTESIAN_POINT ( 'NONE',  ( -0.6493608992126366200, -0.4935414713405234500, 1.044260491328573800 ) ) ;
#1635 = CARTESIAN_POINT ( 'NONE',  ( -0.3954970821896272000, -2.790341777455236400, -0.6850189867553343500 ) ) ;
#1636 = CARTESIAN_POINT ( 'NONE',  ( -0.7865681743644329400, -1.037527403913686400, -0.06936549219407460400 ) ) ;
#1637 = CARTESIAN_POINT ( 'NONE',  ( -1.184368307470197600, 2.698909151395477000, -0.3436544000496019000 ) ) ;
#1638 = CARTESIAN_POINT ( 'NONE',  ( -1.229679603144448600, 0.4366759342296091500, -0.03385271256574571400 ) ) ;
#1639 = CARTESIAN_POINT ( 'NONE',  ( -1.021707139121631700, -2.499999999999999600, -0.03766091840845094800 ) ) ;
#1640 = CARTESIAN_POINT ( 'NONE',  ( -0.03385271249637854300, 0.5933240657651301900, -1.229736525430221500 ) ) ;
#1641 = CARTESIAN_POINT ( 'NONE',  ( 1.084501027665813800, -0.8368742989415793900, -0.5796874517534520400 ) ) ;
#1642 = CARTESIAN_POINT ( 'NONE',  ( 0.9245476424501120100, 0.8154172211114978400, 0.8107975517129723000 ) ) ;
#1643 = CARTESIAN_POINT ( 'NONE',  ( 1.413668158359510100E-014, -2.169999988859198800, 1.233004344789011600 ) ) ;
#1644 = CARTESIAN_POINT ( 'NONE',  ( 0.3793001824591110100, 1.423717449731204600, -0.6924783140243731000 ) ) ;
#1645 = CARTESIAN_POINT ( 'NONE',  ( 0.4802147379254089200, -1.974224150448257600, -0.6257762607410370900 ) ) ;
#1646 = CARTESIAN_POINT ( 'NONE',  ( 0.4515170253558473700, 2.500000000000001300, 1.116718742248576700 ) ) ;
#1647 = CARTESIAN_POINT ( 'NONE',  ( 0.7288337013492196500, -0.2575415561425939400, -0.3018321330805690500 ) ) ;
#1648 = CARTESIAN_POINT ( 'NONE',  ( 0.4947269247941469800, -0.6512933391509238000, -0.6154371303922971900 ) ) ;
#1649 = CARTESIAN_POINT ( 'NONE',  ( 1.133493006139250500, 2.087398502536543800, -0.4677345605969472400 ) ) ;
#1650 = CARTESIAN_POINT ( 'NONE',  ( 0.6095320043153262800, 0.2435502397009479400, -1.068523053232967000 ) ) ;
#1651 = CARTESIAN_POINT ( 'NONE',  ( -1.176743586248023100, -1.738124881649391700, 0.3569623215674981900 ) ) ;
#1652 = CARTESIAN_POINT ( 'NONE',  ( 0.9550002478998564900, 0.5074908011281662500, -0.7754667592306484500 ) ) ;
#1653 = CARTESIAN_POINT ( 'NONE',  ( -0.6493608992459376500, 0.4935414713435015100, -1.044260491308612600 ) ) ;
#1654 = CARTESIAN_POINT ( 'NONE',  ( 1.223782262022805400, 1.480624474747584300, -0.1205265572557761400 ) ) ;
#1655 = CARTESIAN_POINT ( 'NONE',  ( 1.219000000000000100, -2.495429701408549600, -0.07955646403931107600 ) ) ;
#1656 = CARTESIAN_POINT ( 'NONE',  ( -0.6153914604489074700, 1.681237183171363500, 0.4946926690271694100 ) ) ;
#1657 = CARTESIAN_POINT ( 'NONE',  ( 0.3955073215921343600, -2.426668925927511800, -0.6849885423756205700 ) ) ;
#1658 = CARTESIAN_POINT ( 'NONE',  ( -0.3954894766715669800, 2.353285496651791800, 0.6850138214161158900 ) ) ;
#1660 = VERTEX_POINT ( 'NONE', #2782 ) ;
#1659 = CARTESIAN_POINT ( 'NONE',  ( 0.7548913879874240600, -0.3218986798249133800, 0.2289715063219350500 ) ) ;
#1661 = CARTESIAN_POINT ( 'NONE',  ( -0.5581768091779978300, 2.500000000000002200, 1.022544780954964100 ) ) ;
#1662 = CARTESIAN_POINT ( 'NONE',  ( -0.3255728351180747200, -0.1073182575000802300, -0.7185335892839664900 ) ) ;
#1663 = CARTESIAN_POINT ( 'NONE',  ( -0.7817606606286354700, -1.016065415757854400, 0.1110731920218058200 ) ) ;
#1664 = CARTESIAN_POINT ( 'NONE',  ( 0.2047170747320436200, 2.151612910941321100, -0.7640254657519595100 ) ) ;
#1665 = FACE_OUTER_BOUND ( 'NONE', #4093, .T. ) ;
#1666 = CARTESIAN_POINT ( 'NONE',  ( -0.2066950641346871300, 0.3079257831490019900, -1.212649231261445200 ) ) ;
#1667 = CARTESIAN_POINT ( 'NONE',  ( -0.7801092823698939600, -1.094374647302522000, 0.9505710322136246000 ) ) ;
#1668 = CARTESIAN_POINT ( 'NONE',  ( 0.3632274496353208900, 1.151241059096207000, -1.175355529444156200 ) ) ;
#1669 = CARTESIAN_POINT ( 'NONE',  ( -1.229708064287333300, -2.632905100741331900E-012, -3.471319005552333700E-011 ) ) ;
#1670 = CARTESIAN_POINT ( 'NONE',  ( 0.5438787747213143000, 0.9870838340459330300, -1.102888513652349900 ) ) ;
#1671 = CARTESIAN_POINT ( 'NONE',  ( 1.218999999999975900, 2.060000000000015600, -1.196809669476056900E-013 ) ) ;
#1672 = CARTESIAN_POINT ( 'NONE',  ( 0.6928421244905372800, 2.453920757546118400, 0.3807719554259770800 ) ) ;
#1673 = CARTESIAN_POINT ( 'NONE',  ( -1.055067663422198700, 2.680575826170574300, -0.6384818808957838400 ) ) ;
#1674 = CARTESIAN_POINT ( 'NONE',  ( -0.1791772467190483100, -1.051497621276013900, 0.7682522216554731300 ) ) ;
#1675 = CARTESIAN_POINT ( 'NONE',  ( 1.218999999999971700, 2.496240796553745900, 0.06543750431274048000 ) ) ;
#1676 = CARTESIAN_POINT ( 'NONE',  ( 0.1284578436379698000, -0.7510601912926931900, -0.7783260238142261100 ) ) ;
#1677 = CARTESIAN_POINT ( 'NONE',  ( -0.08538811970724359500, -1.166284479320589100, -0.7849751072350811300 ) ) ;
#1678 = CARTESIAN_POINT ( 'NONE',  ( -0.3954942632776064500, 2.206619386798420300, -0.6850110577458306000 ) ) ;
#1679 = CARTESIAN_POINT ( 'NONE',  ( 0.8406176375655406400, -1.394792146173208500, -0.8975113652285557900 ) ) ;
#1680 = CARTESIAN_POINT ( 'NONE',  ( 1.196581367866876600, 0.4216568069660298100, 0.2855833861501600500 ) ) ;
#1681 = CARTESIAN_POINT ( 'NONE',  ( 0.04023867202520179500, 0.1502087576843228700, 1.229040584140780100 ) ) ;
#1682 = CARTESIAN_POINT ( 'NONE',  ( -1.022467019816242700, 0.6437493361092271300, 0.6831815811536281500 ) ) ;
#1683 = CARTESIAN_POINT ( 'NONE',  ( -0.6165022684629192200, -2.206666665866814400, 1.067813238164828400 ) ) ;
#1684 = CARTESIAN_POINT ( 'NONE',  ( 0.6312803564282599700, -1.558926358579922900, -0.4736412155299989900 ) ) ;
#1685 =( BOUNDED_CURVE ( )  B_SPLINE_CURVE ( 3, ( #917, #847, #2437, #614 ),
 .UNSPECIFIED., .F., .F. ) 
 B_SPLINE_CURVE_WITH_KNOTS ( ( 4, 4 ),
 ( 0.0000000000000000000, 0.5000000000000002200 ),
 .UNSPECIFIED. ) 
 CURVE ( )  GEOMETRIC_REPRESENTATION_ITEM ( )  RATIONAL_B_SPLINE_CURVE ( ( 1.000000000000000000, 0.3333333333333330900, 0.3333333333333333700, 1.000000000000000200 ) ) 
 REPRESENTATION_ITEM ( '' )  );
#1686 = CARTESIAN_POINT ( 'NONE',  ( -0.1462089390251612400, 1.488117414026751200, -0.7759181577673839300 ) ) ;
#1687 = CARTESIAN_POINT ( 'NONE',  ( -1.213270992575011600, -1.781041939933817100, -0.2003143265468723700 ) ) ;
#1688 = CARTESIAN_POINT ( 'NONE',  ( -0.3489565582685703000, -1.072958525672768100, 0.7074844577727089600 ) ) ;
#1689 = CARTESIAN_POINT ( 'NONE',  ( 0.5707104579445413400, 2.499999999999999100, 1.062563070406668600 ) ) ;
#1690 = CARTESIAN_POINT ( 'NONE',  ( -0.5004828892784306500, -1.094414652041918500, 0.6097644899282135300 ) ) ;
#1691 = CARTESIAN_POINT ( 'NONE',  ( 0.6544170351007050400, 2.101276872893230100, -0.4374143136918475800 ) ) ;
#1692 = CARTESIAN_POINT ( 'NONE',  ( 1.022467019816279100, -1.416250663890784800, -0.6831815811535990600 ) ) ;
#1693 = CARTESIAN_POINT ( 'NONE',  ( -1.227137984394834700, 0.1426995556621571700, -0.08684174022868235100 ) ) ;
#1694 = CARTESIAN_POINT ( 'NONE',  ( -0.1817846986101304100, 2.500000000000000400, 0.8010882582607724600 ) ) ;
#1695 = CARTESIAN_POINT ( 'NONE',  ( 0.1605179022803889500, 0.4291659065402108600, -1.219185301701688000 ) ) ;
#1696 = CARTESIAN_POINT ( 'NONE',  ( -0.7539653054451231900, -1.531050650547598000, 0.9720739401471718600 ) ) ;
#1697 = CARTESIAN_POINT ( 'NONE',  ( 0.8505855692247923400, -2.443471704304668500, -0.8882037499754517100 ) ) ;
#1698 = CARTESIAN_POINT ( 'NONE',  ( -0.5707468231297154700, -0.8079414659170299800, -0.5455873343891489700 ) ) ;
#1699 = CARTESIAN_POINT ( 'NONE',  ( 0.008078048524238459100, -1.473155408833536100, -0.7895066227471118100 ) ) ;
#1700 = CARTESIAN_POINT ( 'NONE',  ( -1.003629185690861500, -0.2070733830954817600, -0.7113079955379572100 ) ) ;
#1701 = CARTESIAN_POINT ( 'NONE',  ( 0.7820000003448874800, -2.056050681933340800, -0.05161989915961073800 ) ) ;
#1702 = CARTESIAN_POINT ( 'NONE',  ( 0.7682039577835385600, -2.037084642368970600, -0.1830623678872945700 ) ) ;
#1703 = CARTESIAN_POINT ( 'NONE',  ( 0.7736902768968528800, -0.9012864605279196100, 0.1539315335442045000 ) ) ;
#1704 = CARTESIAN_POINT ( 'NONE',  ( 0.2946653098701814100, 2.499999999999999600, 1.162258124063455300 ) ) ;
#1705 = CARTESIAN_POINT ( 'NONE',  ( -0.3489565582685703000, -1.072958525672768100, 0.7074844577727089600 ) ) ;
#1706 = ORIENTED_EDGE ( 'NONE', *, *, #1475, .F. ) ;
#1707 = CARTESIAN_POINT ( 'NONE',  ( 0.1801910073522685100, 1.714371871596148500, -0.7706767041473968600 ) ) ;
#1708 = CARTESIAN_POINT ( 'NONE',  ( 0.7808212578761450900, -2.500000000000000000, -0.06645350443014319500 ) ) ;
#1709 = CARTESIAN_POINT ( 'NONE',  ( -0.2462190920843233300, -2.088998936122270100, 0.7502615391179066100 ) ) ;
#1710 = EDGE_CURVE ( 'NONE', #598, #3007, #332, .T. ) ;
#1711 = CARTESIAN_POINT ( 'NONE',  ( -0.9531692665027885500, 2.500000000000000400, 0.07013204236163954300 ) ) ;
#1712 = CARTESIAN_POINT ( 'NONE',  ( 0.6831815811535765200, -0.3862506638907806100, 1.022467019816284600 ) ) ;
#1713 = CARTESIAN_POINT ( 'NONE',  ( 1.003676519445264600, -1.852926618557870600, -0.7113396137627862000 ) ) ;
#1714 = CARTESIAN_POINT ( 'NONE',  ( 0.6165016691782869700, -1.989666821791461300, -1.067808229084039800 ) ) ;
#1715 = CARTESIAN_POINT ( 'NONE',  ( -0.7727902941072026800, -1.344384176498143700, -0.1618528115082743800 ) ) ;
#1716 = CARTESIAN_POINT ( 'NONE',  ( -0.7783253150574652700, 1.781004033165842500, 0.1284621397871400000 ) ) ;
#1717 = CARTESIAN_POINT ( 'NONE',  ( 0.5018569905261501800, -0.3358244651915935400, -1.123120999566061600 ) ) ;
#1718 = CARTESIAN_POINT ( 'NONE',  ( 0.7820000036282621600, 2.499943779930883500, -3.229687328048993600E-006 ) ) ;
#1719 = CARTESIAN_POINT ( 'NONE',  ( -0.6412610863178597200, -1.823973567544612500, -0.4594512213797267200 ) ) ;
#1720 = CARTESIAN_POINT ( 'NONE',  ( 0.5201571295916492800, -0.2146174025339713500, -0.5930919767610046700 ) ) ;
#1721 = CIRCLE ( 'NONE', #2471, 0.2185000000000000000 ) ;
#1722 = CARTESIAN_POINT ( 'NONE',  ( -0.7737946775348909500, 2.500000000000001800, 0.8483047355243916700 ) ) ;
#1723 = CARTESIAN_POINT ( 'NONE',  ( -0.7682512321266773400, 0.02144146445144688000, 0.1791814861535502800 ) ) ;
#1724 = CARTESIAN_POINT ( 'NONE',  ( 0.3018281107065667900, -0.7725146006829684000, -0.7288353661821080900 ) ) ;
#1725 = CARTESIAN_POINT ( 'NONE',  ( 0.7819435763698441300, 2.935873160230821500, 0.04797338751916010300 ) ) ;
#1726 = CARTESIAN_POINT ( 'NONE',  ( -0.3569623215934276700, -0.7081248816623184600, -1.176743586231557200 ) ) ;
#1727 = CARTESIAN_POINT ( 'NONE',  ( -0.4869928480372044400, -1.702758522352230100, -0.6215709830210766100 ) ) ;
#1728 = CARTESIAN_POINT ( 'NONE',  ( -1.016334627996194000, 2.499999999999999100, 0.01598492730020700800 ) ) ;
#1729 = CARTESIAN_POINT ( 'NONE',  ( -0.4705899132166611000, 1.287499545969662100, 1.136093022855848100 ) ) ;
#1730 = CARTESIAN_POINT ( 'NONE',  ( 0.6781192855158294500, -2.003134549186100800, 1.026405135250261700 ) ) ;
#1731 = CARTESIAN_POINT ( 'NONE',  ( 0.3191223426414955800, -1.971333291909435500, -1.190979986187050700 ) ) ;
#1732 = CARTESIAN_POINT ( 'NONE',  ( 0.7707249766535007000, -0.4216987663220017600, -0.1714123957526050600 ) ) ;
#1733 = CARTESIAN_POINT ( 'NONE',  ( 0.7820000017367421100, 2.055994500676320900, 0.05161590168925032200 ) ) ;
#1734 = CARTESIAN_POINT ( 'NONE',  ( 0.8653114926824289100, -0.9581161630887565800, -0.8743570037595513900 ) ) ;
#1735 = CARTESIAN_POINT ( 'NONE',  ( 1.219000000000000100, 2.500000000000000000, -2.103522955121482700E-014 ) ) ;
#1736 = CARTESIAN_POINT ( 'NONE',  ( -0.3718442300813627500, -1.866911041618796400, -0.6957385323687751400 ) ) ;
#1737 = CARTESIAN_POINT ( 'NONE',  ( 0.3018321330806082400, 0.7724584438574201300, 0.7288337013491960100 ) ) ;
#1738 = CARTESIAN_POINT ( 'NONE',  ( -0.7185353860044152400, 1.137262100672103800, -0.3255688699891833300 ) ) ;
#1739 = CARTESIAN_POINT ( 'NONE',  ( -0.7850597333522154600, -0.5793894443399233400, 0.07738280380550421900 ) ) ;
#1740 = CARTESIAN_POINT ( 'NONE',  ( -0.4175220422237792600, 1.769376871860754300, -0.6723483630093177700 ) ) ;
#1741 = CARTESIAN_POINT ( 'NONE',  ( -1.197584530361333700, 0.02145760195344891700, 0.2792288058156091600 ) ) ;
#1742 = CARTESIAN_POINT ( 'NONE',  ( 0.2947353715264800500, -2.389396461227165000, -0.7326188570886235100 ) ) ;
#1743 = CARTESIAN_POINT ( 'NONE',  ( -0.9937562771372097100, 2.499999999999998700, 0.008281703711271548200 ) ) ;
#1744 = CARTESIAN_POINT ( 'NONE',  ( 0.2855686455322952700, 0.6083431912406246400, 1.196526386691103300 ) ) ;
#1745 = CARTESIAN_POINT ( 'NONE',  ( 0.6493608992125299300, 1.566458528659486100, -1.044260491328629500 ) ) ;
#1746 = DIMENSIONAL_EXPONENTS ( 1.000000000000000000, 0.0000000000000000000, 0.0000000000000000000, 0.0000000000000000000, 0.0000000000000000000, 0.0000000000000000000, 0.0000000000000000000 ) ;
#1747 = CARTESIAN_POINT ( 'NONE',  ( -1.218806721816585200, -2.217717953307717100, -0.1669193611658148800 ) ) ;
#1748 = CARTESIAN_POINT ( 'NONE',  ( -0.2047202336075520400, -1.934675908047316400, -0.7640233944384674500 ) ) ;
#1749 = CARTESIAN_POINT ( 'NONE',  ( -0.3419728565542424800, -1.430235128857940500, -0.7116661524616988400 ) ) ;
#1750 = CARTESIAN_POINT ( 'NONE',  ( 0.05160846142021181100, 1.330391547374563600, 0.7871626541057528100 ) ) ;
#1751 = CARTESIAN_POINT ( 'NONE',  ( 1.106086476732448100, -0.4860322662413246200, 0.5383238473180165200 ) ) ;
#1752 = CARTESIAN_POINT ( 'NONE',  ( -0.5930919767610136600, -1.244617402533982900, -0.5201571295916502800 ) ) ;
#1753 = CARTESIAN_POINT ( 'NONE',  ( -0.8718725604645808400, -2.771999999697857900, -0.8718716623655916600 ) ) ;
#1754 = CARTESIAN_POINT ( 'NONE',  ( 0.1791772467189982900, 1.008502378724012200, -0.7682522216554711300 ) ) ;
#1755 = CARTESIAN_POINT ( 'NONE',  ( -0.3943863135581249800, 0.6866492109472609500, 0.6831937410584801900 ) ) ;
#1756 = CARTESIAN_POINT ( 'NONE',  ( 0.7548913879874240600, -0.3218986798249133800, 0.2289715063219350300 ) ) ;
#1757 = CARTESIAN_POINT ( 'NONE',  ( 1.124085858873469500, 1.650489912530140000, -0.4969290482336289300 ) ) ;
#1758 = CARTESIAN_POINT ( 'NONE',  ( -0.5075029183095493000, 0.1072917064179521600, 1.120083624685096500 ) ) ;
#1759 = CARTESIAN_POINT ( 'NONE',  ( -0.5498429388219179300, 1.430198300103918500, 1.100479910616389200 ) ) ;
#1760 = CARTESIAN_POINT ( 'NONE',  ( 0.3488502712625768400, 2.500000000000000000, 0.7160688466066302800 ) ) ;
#1761 = CARTESIAN_POINT ( 'NONE',  ( -1.223568795478732400, 1.037510036950173100, 0.1269505195501960900 ) ) ;
#1762 = CARTESIAN_POINT ( 'NONE',  ( 1.197590262216154900, 2.037952585903549900, 0.2869052059757588000 ) ) ;
#1763 = CARTESIAN_POINT ( 'NONE',  ( -1.100479002045454700, -1.659801641826835800, -0.5498428992982802300 ) ) ;
#1764 = CARTESIAN_POINT ( 'NONE',  ( 0.7820000000000000300, -2.500000000000000000, 0.0000000000000000000 ) ) ;
#1765 = CARTESIAN_POINT ( 'NONE',  ( -0.3878381874844824600, 0.9301967315008324900, -0.6877342925572820200 ) ) ;
#1766 = CARTESIAN_POINT ( 'NONE',  ( -0.3095632913173893600, -1.215647066635171100, 0.7263547451040979200 ) ) ;
#1767 = CARTESIAN_POINT ( 'NONE',  ( -1.175301624887849800, -0.1212410574454331300, 0.3632091593354377400 ) ) ;
#1768 = CARTESIAN_POINT ( 'NONE',  ( 0.2289715063219296400, -1.351898679824912200, -0.7548913879874347100 ) ) ;
#1769 = CARTESIAN_POINT ( 'NONE',  ( -1.190990926148278100, -2.261666666680950000, 0.3191250571005656000 ) ) ;
#1770 = ORIENTED_EDGE ( 'NONE', *, *, #3101, .F. ) ;
#1771 = CARTESIAN_POINT ( 'NONE',  ( 0.7736894268979643800, 0.9012303037006607100, -0.1539358029858689800 ) ) ;
#1772 = CARTESIAN_POINT ( 'NONE',  ( 0.7820000036282621600, 2.500000000000000000, -1.352819632224004100E-014 ) ) ;
#1773 = CARTESIAN_POINT ( 'NONE',  ( 0.7736894268979643800, 0.9012303037006607100, -0.1539358029858689800 ) ) ;
#1774 = CARTESIAN_POINT ( 'NONE',  ( 0.8325347288986658700, 1.679292787520200600, -0.9059726007156748700 ) ) ;
#1775 = CARTESIAN_POINT ( 'NONE',  ( 0.04023867202520179500, 0.1502087576843228700, 1.229040584140780100 ) ) ;
#1776 = CARTESIAN_POINT ( 'NONE',  ( -0.7849751071869226500, -2.196284479520157700, 0.08538812011876460700 ) ) ;
#1777 = CC_DESIGN_DATE_AND_TIME_ASSIGNMENT ( #2854, #3392, ( #3373 ) ) ;
#1778 = CARTESIAN_POINT ( 'NONE',  ( -0.7909357627013736700, 2.717194928145085300, -0.02540485233832182700 ) ) ;
#1779 = CARTESIAN_POINT ( 'NONE',  ( 0.04664549440941367200, 1.767092614092346200, 1.229248557015493600 ) ) ;
#1780 = CARTESIAN_POINT ( 'NONE',  ( 0.8406176375676037700, 1.394792146173552400, 0.8975113652244213200 ) ) ;
#1781 = FACE_OUTER_BOUND ( 'NONE', #812, .T. ) ;
#1782 = CARTESIAN_POINT ( 'NONE',  ( 1.218806721506053600, -0.1577179536888135800, 0.1669193584597456500 ) ) ;
#1783 = CARTESIAN_POINT ( 'NONE',  ( 0.7752243405789862600, -1.633719381719979100, 0.1198671719670467600 ) ) ;
#1784 = CARTESIAN_POINT ( 'NONE',  ( -0.7224376186637555500, 0.4795783460958396600, 0.3185916689904089700 ) ) ;
#1785 = CARTESIAN_POINT ( 'NONE',  ( -0.7646862637181741600, -1.301481452382674800, 0.1965736865824896400 ) ) ;
#1786 = CARTESIAN_POINT ( 'NONE',  ( -0.2730931423548746400, 0.5654262504094249600, 1.199430096379603000 ) ) ;
#1787 = CARTESIAN_POINT ( 'NONE',  ( -0.6165022684629362100, -2.353333334133186100, -1.067813238164818900 ) ) ;
#1788 = CARTESIAN_POINT ( 'NONE',  ( 0.8505855692248059900, -2.116528295695332400, 0.8882037499754384900 ) ) ;
#1789 = CARTESIAN_POINT ( 'NONE',  ( 0.1791772467189982900, 1.008502378724012200, -0.7682522216554711300 ) ) ;
#1790 = CARTESIAN_POINT ( 'NONE',  ( 0.7736902768968527700, -0.9012864605279195000, 0.1539315335442045000 ) ) ;
#1791 = CARTESIAN_POINT ( 'NONE',  ( -0.5773122333264043600, 1.787709869175318600, -0.5413766234066689200 ) ) ;
#1792 = CARTESIAN_POINT ( 'NONE',  ( 1.136093022855828800, 0.2574995459696571300, 0.4705899132167176700 ) ) ;
#1793 = CARTESIAN_POINT ( 'NONE',  ( 0.4319462736437011400, -1.230649552852104400, -0.6609949321139685400 ) ) ;
#1794 = CARTESIAN_POINT ( 'NONE',  ( -0.6850136450147962200, 2.243285805662632800, -0.3954896440473976100 ) ) ;
#1795 = CARTESIAN_POINT ( 'NONE',  ( 1.088187188512578200, 2.453481588499839500, 0.5778404128872491900 ) ) ;
#1796 = CARTESIAN_POINT ( 'NONE',  ( -1.227061010066884400, 1.759583412648304300, -0.08042515275731351700 ) ) ;
#1797 = CARTESIAN_POINT ( 'NONE',  ( 0.1669193584597928000, -1.187717953688822300, -1.218806721506050500 ) ) ;
#1798 = CARTESIAN_POINT ( 'NONE',  ( -0.5593099113155869400, -2.225008584391424900, 0.5593105530318602800 ) ) ;
#1799 = CARTESIAN_POINT ( 'NONE',  ( -0.7759181577673924800, 0.4581174140267395000, 0.1462089390251142300 ) ) ;
#1800 = CARTESIAN_POINT ( 'NONE',  ( 0.7817044388810626700, -1.043990742895176500, 0.1110632885981515500 ) ) ;
#1801 = CARTESIAN_POINT ( 'NONE',  ( 0.07407098981120607800, 0.2864672367423896100, -1.227913503728379700 ) ) ;
#1802 = CARTESIAN_POINT ( 'NONE',  ( 0.3191268781446096000, -2.588666708221524000, 1.190980364877901200 ) ) ;
#1803 = CARTESIAN_POINT ( 'NONE',  ( -1.190990926148278100, -2.261666666680950000, 0.3191250571005655500 ) ) ;
#1804 = CARTESIAN_POINT ( 'NONE',  ( 0.3255685407559141300, 1.952669621476010900, 0.7185542056327490800 ) ) ;
#1805 = CARTESIAN_POINT ( 'NONE',  ( 0.02541229617826678800, 1.952708017352689600, 0.7910302886467074400 ) ) ;
#1806 = CARTESIAN_POINT ( 'NONE',  ( 1.044260491308581600, 1.523541471343503600, -0.6493608992459769500 ) ) ;
#1807 = CARTESIAN_POINT ( 'NONE',  ( 0.2705610333971763000, -1.209190589521723000, -0.7418073894718639800 ) ) ;
#1808 = CARTESIAN_POINT ( 'NONE',  ( 0.7365550690289957000, 2.524237234319212800, -0.2737366915953146600 ) ) ;
#1809 = CARTESIAN_POINT ( 'NONE',  ( -0.7437860155409489200, 1.702717019768801100, 0.9798237938011389300 ) ) ;
#1810 = CARTESIAN_POINT ( 'NONE',  ( 1.219000000000000100, -2.500000000000000000, 0.0000000000000000000 ) ) ;
#1811 = CARTESIAN_POINT ( 'NONE',  ( 0.9022452879841965600, -1.252093158578524400, -0.8362652849532378200 ) ) ;
#1812 = CARTESIAN_POINT ( 'NONE',  ( -0.6850125020648030200, -2.316675302301352400, -0.3954915829373600300 ) ) ;
#1813 = CARTESIAN_POINT ( 'NONE',  ( -0.4453212078512595600, -0.05690084821405293200, 0.6519775382175815300 ) ) ;
#1814 = CARTESIAN_POINT ( 'NONE',  ( -0.1965736866115802600, -0.2714814523516949600, -0.7646862638726723600 ) ) ;
#1815 = CARTESIAN_POINT ( 'NONE',  ( -1.205251456002048400, 0.4581335515287416900, 0.2462562586871731600 ) ) ;
#1816 = CARTESIAN_POINT ( 'NONE',  ( -8.970780893637110600E-007, -2.827000011083757400, -1.233011732894498100 ) ) ;
#1817 = CARTESIAN_POINT ( 'NONE',  ( -0.3569623215934276700, -0.7081248816623184600, -1.176743586231557200 ) ) ;
#1818 = CARTESIAN_POINT ( 'NONE',  ( -0.5201571487949158100, 1.845382684409006900, 0.5930919404796576300 ) ) ;
#1819 = CARTESIAN_POINT ( 'NONE',  ( 0.7820000036282621600, 2.499943779930883500, -3.229687328048993600E-006 ) ) ;
#1820 = CARTESIAN_POINT ( 'NONE',  ( 1.187801319991360800, 0.8583327726309164500, 0.3182765988274386400 ) ) ;
#1821 = CARTESIAN_POINT ( 'NONE',  ( -1.120083624685112500, 1.137291706417956800, -0.5075029183094966800 ) ) ;
#1822 = CARTESIAN_POINT ( 'NONE',  ( 0.1714229310476888000, -0.6083573922946984300, -0.7707810834147760200 ) ) ;
#1823 = CARTESIAN_POINT ( 'NONE',  ( -0.6384820416478119700, 2.790575737882370800, 1.055068658201752600 ) ) ;
#1824 = CARTESIAN_POINT ( 'NONE',  ( -0.8743570037771112300, 2.131883836911268000, -0.8653114927115849200 ) ) ;
#1825 = CARTESIAN_POINT ( 'NONE',  ( 8.970780807911165500E-007, -1.953000011197849800, -1.232996956683525000 ) ) ;
#1826 = VERTEX_POINT ( 'NONE', #3020 ) ;
#1827 = CARTESIAN_POINT ( 'NONE',  ( 0.6095588420865966100, -0.2435502385537890200, 1.068573251774120000 ) ) ;
#1828 = CARTESIAN_POINT ( 'NONE',  ( -0.2047231517873213100, -2.371675907949250700, -0.7640322333102627100 ) ) ;
#1829 = CARTESIAN_POINT ( 'NONE',  ( -0.5070422442860759200, 0.5224870687600855500, 0.6052298386755872200 ) ) ;
#1830 = CARTESIAN_POINT ( 'NONE',  ( -0.4664391494154355700, -1.237114246253762800, 0.6370550573994976400 ) ) ;
#1831 = CARTESIAN_POINT ( 'NONE',  ( 0.4014688637101883600, 0.02896728124759401200, 1.162792479127098500 ) ) ;
#1832 = CARTESIAN_POINT ( 'NONE',  ( 1.219000000000000700, -2.060000000000000500, -4.256115602960911500E-015 ) ) ;
#1833 = CARTESIAN_POINT ( 'NONE',  ( 1.213270992236068300, -0.2789580599266448500, -0.2003143261477257600 ) ) ;
#1834 = CARTESIAN_POINT ( 'NONE',  ( -0.7288337030821280300, 1.802458450185974200, 0.3018321296867899600 ) ) ;
#1835 = DATE_TIME_ROLE ( 'creation_date' ) ;
#1836 = CARTESIAN_POINT ( 'NONE',  ( -1.120083624685112200, 1.137291706417956800, -0.5075029183094966800 ) ) ;
#1837 = LOCAL_TIME ( 9, 41, 6.000000000000000000, #4596 ) ;
#1838 = CARTESIAN_POINT ( 'NONE',  ( 1.227061010144722400, 0.3004165873972898200, -0.08042515269644816300 ) ) ;
#1839 = CARTESIAN_POINT ( 'NONE',  ( -0.008080017677885622700, -0.5868993849222812200, -0.7895661599215485500 ) ) ;
#1840 = CARTESIAN_POINT ( 'NONE',  ( 1.197500680538907200, 2.921981015497004300, 0.2904369514163434000 ) ) ;
#1841 = CARTESIAN_POINT ( 'NONE',  ( -0.5135099816140116200, 1.509592143201984100, -1.117843601061494700 ) ) ;
#1842 = CARTESIAN_POINT ( 'NONE',  ( -4.296591298824353900E-015, -2.390000011140804400, -1.233004344789011100 ) ) ;
#1843 = CARTESIAN_POINT ( 'NONE',  ( 0.08684174022881331600, 1.172699555662141800, -1.227137984394577600 ) ) ;
#1844 = CARTESIAN_POINT ( 'NONE',  ( 1.219000000000000100, -2.936999999999999400, 0.0000000000000000000 ) ) ;
#1845 = CARTESIAN_POINT ( 'NONE',  ( -0.7450407774827323400, 2.174777345440680200, -0.2613569656162506000 ) ) ;
#1846 = CARTESIAN_POINT ( 'NONE',  ( -1.048052748330173600, -2.153342361745107100, 0.6441843076119304600 ) ) ;
#1847 = CARTESIAN_POINT ( 'NONE',  ( -0.3893477807062479800, 1.144800906900038900, 1.166892975666373100 ) ) ;
#1848 = CARTESIAN_POINT ( 'NONE',  ( 0.2398993121837620600, -1.931250443738668800, -1.206058573628584700 ) ) ;
#1849 = CARTESIAN_POINT ( 'NONE',  ( 0.7801092823900076500, -0.9656253526955521600, 0.9505710321984792700 ) ) ;
#1850 = CARTESIAN_POINT ( 'NONE',  ( 0.02575665111270302200, 0.1501672336709194100, 0.7884389382211388600 ) ) ;
#1851 = CARTESIAN_POINT ( 'NONE',  ( -0.3191240921756243200, 2.371666800028122700, 1.190989200620927700 ) ) ;
#1852 = CARTESIAN_POINT ( 'NONE',  ( -1.223782262019944800, 0.5793755252517772700, -0.1205265572642124500 ) ) ;
#1853 = CARTESIAN_POINT ( 'NONE',  ( 0.3095874144437963900, -0.8444090906535444100, 0.7264064860240651000 ) ) ;
#1854 = CARTESIAN_POINT ( 'NONE',  ( -0.3436783100629212100, 1.751090904792599100, -1.184463768372364900 ) ) ;
#1855 = CARTESIAN_POINT ( 'NONE',  ( 1.218960963146396900, 2.496999998263922400, 0.02934010433688866500 ) ) ;
#1856 = CARTESIAN_POINT ( 'NONE',  ( 1.219000000000000100, -2.495429701408549600, -0.07955646403931107600 ) ) ;
#1857 = CARTESIAN_POINT ( 'NONE',  ( -1.123173583685137500, 1.365824468310110000, 0.5018787642611934900 ) ) ;
#1858 = CARTESIAN_POINT ( 'NONE',  ( 0.7246293918713440100, -2.909520343833913400, -0.3001187241251366300 ) ) ;
#1859 = CARTESIAN_POINT ( 'NONE',  ( 0.03385053581244972000, 1.466647855819893200, -0.7888458882821388600 ) ) ;
#1860 = CARTESIAN_POINT ( 'NONE',  ( -0.2174920100996881300, -2.499999999999999100, -1.161382088248001500 ) ) ;
#1861 = CARTESIAN_POINT ( 'NONE',  ( -0.4014889125982376600, -2.088967280790703800, 1.162845753794838700 ) ) ;
#1862 = CARTESIAN_POINT ( 'NONE',  ( 1.218960963146409300, 2.487327472860015200, 0.1552106969711908900 ) ) ;
#1863 = CARTESIAN_POINT ( 'NONE',  ( 0.6148508074489197300, -1.373333646269173900, -1.064947164962966000 ) ) ;
#1864 = CARTESIAN_POINT ( 'NONE',  ( -1.150892356788485900, -0.6222913460473157300, -0.4331610122151832200 ) ) ;
#1865 = APPROVAL ( #3662, 'UNSPECIFIED' ) ;
#1866 = CARTESIAN_POINT ( 'NONE',  ( 0.2003143261477854100, 0.7510419400733611100, 1.213270992236052900 ) ) ;
#1867 = CARTESIAN_POINT ( 'NONE',  ( -0.5707867514295776900, 0.8078853082471612000, 0.5456281356036889500 ) ) ;
#1868 = CARTESIAN_POINT ( 'NONE',  ( 1.209017858405540700, 2.049767056341443600, 0.2013463082134903700 ) ) ;
#1869 = CARTESIAN_POINT ( 'NONE',  ( 1.084501027665813800, -0.8368742989415793900, -0.5796874517534520400 ) ) ;
#1870 = CARTESIAN_POINT ( 'NONE',  ( 0.9861608071697926000, -1.667304536215571000, 0.7224763573481689500 ) ) ;
#1871 = CARTESIAN_POINT ( 'NONE',  ( 0.9468927960814058600, 0.3787412844945449700, 0.7853673469154698300 ) ) ;
#1872 = CARTESIAN_POINT ( 'NONE',  ( 1.172271530027176400, -2.079863283568092100, 0.3416785573042329100 ) ) ;
#1873 = CARTESIAN_POINT ( 'NONE',  ( 0.4319166502023723500, 1.230593394294031700, 0.6609461324070118300 ) ) ;
#1874 = CARTESIAN_POINT ( 'NONE',  ( -1.028222244350736500, -2.500000000000000400, -0.3930759486528606100 ) ) ;
#1875 = CARTESIAN_POINT ( 'NONE',  ( 1.214801807934301900, -1.895841850038494800, -0.1940852849066279100 ) ) ;
#1876 = CARTESIAN_POINT ( 'NONE',  ( 0.5742223989119048500, 1.423759809449909800, -1.087882369904004100 ) ) ;
#1877 = CARTESIAN_POINT ( 'NONE',  ( -1.227061010064273400, -1.759583412644943000, 0.08042515280120780800 ) ) ;
#1878 = CARTESIAN_POINT ( 'NONE',  ( 0.8406176375655407500, -1.394792146173208500, -0.8975113652285559000 ) ) ;
#1879 = CARTESIAN_POINT ( 'NONE',  ( 0.5004828892783844700, 0.9655853479580773800, -0.6097644899282341800 ) ) ;
#1880 = CARTESIAN_POINT ( 'NONE',  ( 1.203259269472223300, 2.485874035919222200, 0.2458916298149168000 ) ) ;
#1881 = ORIENTED_EDGE ( 'NONE', *, *, #269, .T. ) ;
#1882 = CARTESIAN_POINT ( 'NONE',  ( 3.465562724221880300E-011, 1.029999999997371500, -1.229708064287328200 ) ) ;
#1883 = CARTESIAN_POINT ( 'NONE',  ( -0.5817603763163279300, 0.07829589383205154400, -0.5338856248059152800 ) ) ;
#1884 = CARTESIAN_POINT ( 'NONE',  ( 0.5944769687616198200, 1.696087028713472800, -1.080472871066700900 ) ) ;
#1885 = CARTESIAN_POINT ( 'NONE',  ( -1.229040584142556700, -1.180208757683124200, -0.04023867200969550400 ) ) ;
#1886 = CARTESIAN_POINT ( 'NONE',  ( -0.7640317918050119100, -2.261675320631184600, 0.2047222210818331900 ) ) ;
#1887 = CARTESIAN_POINT ( 'NONE',  ( -0.9022452879841301700, 0.8079068414214858300, 0.8362652849533064300 ) ) ;
#1888 = CARTESIAN_POINT ( 'NONE',  ( 1.219017390404936000, -2.496999999655304900, -0.02934010443043130100 ) ) ;
#1889 = CARTESIAN_POINT ( 'NONE',  ( 0.7819609648831654700, 2.491092531944668400, 0.1057066996564104300 ) ) ;
#1890 = CARTESIAN_POINT ( 'NONE',  ( -1.052006320052675500, -2.500000000000000400, -0.1817503193945420600 ) ) ;
#1891 = CARTESIAN_POINT ( 'NONE',  ( -0.3509844295410031200, -2.325008975773466400, -1.179073698502154600 ) ) ;
#1892 = CARTESIAN_POINT ( 'NONE',  ( -0.6550235485393429700, 2.110425290776370800, -1.041257520177542000 ) ) ;
#1893 = CARTESIAN_POINT ( 'NONE',  ( 0.7801092823900076500, -0.9656253526955521600, 0.9505710321984792700 ) ) ;
#1894 = EDGE_CURVE ( 'NONE', #3234, #255, #1721, .T. ) ;
#1895 = CARTESIAN_POINT ( 'NONE',  ( 0.5796874518068031400, -0.1931257010629412500, -1.084501027639208600 ) ) ;
#1896 = CARTESIAN_POINT ( 'NONE',  ( 0.7450939855005751500, -0.1148335016541000300, -0.2613776577935463800 ) ) ;
#1897 = CARTESIAN_POINT ( 'NONE',  ( -0.7469772529038437600, 0.5578762067535796300, -0.2536189270951678700 ) ) ;
#1898 = CARTESIAN_POINT ( 'NONE',  ( 1.034086729012520400, 2.538612616183435500, -0.6626219640109418700 ) ) ;
#1899 = CARTESIAN_POINT ( 'NONE',  ( -0.4453549600243633100, 0.05684469044164116400, -0.6520235804406096000 ) ) ;
#1900 = CARTESIAN_POINT ( 'NONE',  ( -0.1801902820933918600, 1.934377341105826500, 0.7706555609138933100 ) ) ;
#1901 = CARTESIAN_POINT ( 'NONE',  ( -0.9245476424500809200, -1.244582778888515100, -0.8107975517130284700 ) ) ;
#1902 = CARTESIAN_POINT ( 'NONE',  ( 0.7246137243238194300, -1.650496979175770700, 0.3010466939607214200 ) ) ;
#1903 = CARTESIAN_POINT ( 'NONE',  ( -0.03385271249637854300, 0.5933240657651301900, -1.229736525430221500 ) ) ;
#1904 = CARTESIAN_POINT ( 'NONE',  ( 1.219023797493204100, -2.501570297990749500, 0.06261909274822839700 ) ) ;
#1905 = CARTESIAN_POINT ( 'NONE',  ( -0.08538005462012458700, 1.166228322100330700, 0.7849185907222794300 ) ) ;
#1906 = CARTESIAN_POINT ( 'NONE',  ( 0.5748872874501455000, -2.499999999999999100, -1.060277005033774600 ) ) ;
#1907 = CARTESIAN_POINT ( 'NONE',  ( 0.2067082524396101100, -2.367929110420675900, -1.212663872155528300 ) ) ;
#1908 = CARTESIAN_POINT ( 'NONE',  ( 0.2066971523947192000, 2.367924236107653800, 1.212671493663632200 ) ) ;
#1909 = CARTESIAN_POINT ( 'NONE',  ( -1.102888513652327000, -0.04291616595407198000, -0.5438787747213743600 ) ) ;
#1910 = CARTESIAN_POINT ( 'NONE',  ( -1.197584530361333700, 0.02145760195344891700, 0.2792288058156091600 ) ) ;
#1911 = CARTESIAN_POINT ( 'NONE',  ( -0.7578932965890894400, 0.1212002086374147200, -0.2215762985905575200 ) ) ;
#1912 = CARTESIAN_POINT ( 'NONE',  ( -0.4236913466151628900, 1.123325220367232800, 0.6662500307622767300 ) ) ;
#1913 = CARTESIAN_POINT ( 'NONE',  ( 0.6258534782177483900, 0.9441327975842213100, -0.4802052199693236900 ) ) ;
#1914 = CARTESIAN_POINT ( 'NONE',  ( -1.213270992568735900, 1.781041939936350600, 0.2003143265794188100 ) ) ;
#1915 = CARTESIAN_POINT ( 'NONE',  ( -0.5145211900667271400, 0.2285180076788644000, 0.5989583206650527200 ) ) ;
#1916 = CARTESIAN_POINT ( 'NONE',  ( -0.7910323235581325800, 1.842709955312724900, 0.02541037944267780400 ) ) ;
#1917 = CARTESIAN_POINT ( 'NONE',  ( 1.219000000000000700, -2.060000000000000500, -4.256115602960911500E-015 ) ) ;
#1918 = CARTESIAN_POINT ( 'NONE',  ( 0.2047114702810340100, -1.971345257296612600, -0.7640275148844293300 ) ) ;
#1919 = CARTESIAN_POINT ( 'NONE',  ( 1.187801319991360800, 0.8583327726309164500, 0.3182765988274386400 ) ) ;
#1920 = CARTESIAN_POINT ( 'NONE',  ( -0.5456281737032270300, -2.282114785726229800, -0.5707866864204994600 ) ) ;
#1921 = CARTESIAN_POINT ( 'NONE',  ( 0.8505966663911335200, -2.880471704008423100, -0.8882171117317515500 ) ) ;
#1922 = CARTESIAN_POINT ( 'NONE',  ( 0.7850597333521958100, 1.480610555660052200, -0.07738280380558577900 ) ) ;
#1923 = CARTESIAN_POINT ( 'NONE',  ( 1.041257520187292000, -0.9795747092236972700, -0.6550235485444106900 ) ) ;
#1924 = CARTESIAN_POINT ( 'NONE',  ( 0.7931605506871375300, -2.500000000000001300, -0.9168994469238263000 ) ) ;
#1925 = CARTESIAN_POINT ( 'NONE',  ( -0.7754667592306084800, -0.5225091988718402200, -0.9550002478999044500 ) ) ;
#1926 = CARTESIAN_POINT ( 'NONE',  ( -1.230110772246324900, 1.616884750373684500, 0.006404483964084124900 ) ) ;
#1927 = CARTESIAN_POINT ( 'NONE',  ( 0.3182765988111871900, 0.1716672273678709600, 1.187801319993466300 ) ) ;
#1928 = CARTESIAN_POINT ( 'NONE',  ( -0.9245476424937950600, 1.244582778883587000, 0.8107975516650469700 ) ) ;
#1929 = CARTESIAN_POINT ( 'NONE',  ( 0.4017156653598282200, -0.2435872360651205000, 0.6798106459895357800 ) ) ;
#1930 = CARTESIAN_POINT ( 'NONE',  ( 0.4319166502023723500, 1.230593394294031700, 0.6609461324070118300 ) ) ;
#1931 = CARTESIAN_POINT ( 'NONE',  ( 0.8507709159174721100, 2.443497464343363600, 0.8878286034729034900 ) ) ;
#1932 = CARTESIAN_POINT ( 'NONE',  ( 0.08538811970729631700, 0.8937155206795119900, 0.7849751072349741000 ) ) ;
#1933 = CARTESIAN_POINT ( 'NONE',  ( 1.203259269472223300, 2.485874035919222200, 0.2458916298149168000 ) ) ;
#1934 = CARTESIAN_POINT ( 'NONE',  ( -0.8695246996967935800, 0.5150000000017203000, -0.8695246996650476400 ) ) ;
#1935 = CARTESIAN_POINT ( 'NONE',  ( 0.6326359914151047400, -2.455703906121375900, -0.4636681537123213400 ) ) ;
#1936 = CARTESIAN_POINT ( 'NONE',  ( 0.2003143261477854100, 0.7510419400733611100, 1.213270992236052900 ) ) ;
#1937 = CARTESIAN_POINT ( 'NONE',  ( -0.2368282706159646800, -2.325051471569603600, -0.7532736616357186300 ) ) ;
#1938 = CARTESIAN_POINT ( 'NONE',  ( 0.3191250568542223200, -2.408333291755288700, -1.190991643212853800 ) ) ;
#1939 = CARTESIAN_POINT ( 'NONE',  ( -0.04664549440931018600, -0.2929073859076640200, -1.229248557015419700 ) ) ;
#1940 = CARTESIAN_POINT ( 'NONE',  ( -0.9040223700592295900, -2.500000000000001800, -0.1967560317069501100 ) ) ;
#1941 = CARTESIAN_POINT ( 'NONE',  ( 0.07407286008638309900, -0.2864672350050337900, 1.227970396035219100 ) ) ;
#1942 = CARTESIAN_POINT ( 'NONE',  ( 1.219185301706520800, -1.459165906544167600, -0.1605179022283918800 ) ) ;
#1943 = CARTESIAN_POINT ( 'NONE',  ( -1.197584530361333700, 0.02145760195344891700, 0.2792288058156091600 ) ) ;
#1944 = CARTESIAN_POINT ( 'NONE',  ( 0.7801092823698235800, 0.9656253526974906100, -0.9505710322136651200 ) ) ;
#1945 = CARTESIAN_POINT ( 'NONE',  ( 0.5526881631201372400, -0.07192612883745354300, -0.5639509966024919300 ) ) ;
#1946 = CARTESIAN_POINT ( 'NONE',  ( -0.008077536948478321700, 0.5868432263602765300, 0.7895091263267006700 ) ) ;
#1947 = CARTESIAN_POINT ( 'NONE',  ( 1.020018420973799500, 2.101281393212785600, -0.6821187925401502900 ) ) ;
#1948 = CARTESIAN_POINT ( 'NONE',  ( 0.7682039577835385600, -2.037084642368970600, -0.1830623678872945700 ) ) ;
#1949 = CARTESIAN_POINT ( 'NONE',  ( 1.218999999999975900, 2.060000000000015600, -1.196809669476056900E-013 ) ) ;
#1950 = CARTESIAN_POINT ( 'NONE',  ( -0.5075029183502217700, -0.1072917064145349300, -1.120083624666799800 ) ) ;
#1951 = CARTESIAN_POINT ( 'NONE',  ( 2.206591208439739800E-006, -2.390007220806906800, -0.7909821488142918500 ) ) ;
#1952 = CARTESIAN_POINT ( 'NONE',  ( 0.7497822712211680300, 2.500000000000001300, 0.2291698541838729200 ) ) ;
#1953 = CARTESIAN_POINT ( 'NONE',  ( 0.7820173907498231300, -2.497017323243210900, -0.02934126753312650900 ) ) ;
#1954 = CARTESIAN_POINT ( 'NONE',  ( 1.218943572741551900, 2.937242523178553300, 0.02511837236526906500 ) ) ;
#1955 = CARTESIAN_POINT ( 'NONE',  ( 1.220426539645076900, -1.043948505158610400, 0.1542113742997822900 ) ) ;
#1956 = CARTESIAN_POINT ( 'NONE',  ( 0.3948657395113143200, -2.499999999999999600, -0.6905076640241742900 ) ) ;
#1957 = CARTESIAN_POINT ( 'NONE',  ( -0.08684174022874356600, -0.8873004443378501600, 1.227137984394846400 ) ) ;
#1958 = CARTESIAN_POINT ( 'NONE',  ( -1.229040584142556700, -1.180208757683124200, -0.04023867200969550400 ) ) ;
#1959 = CARTESIAN_POINT ( 'NONE',  ( 1.136093022850663400, -0.2574995459688695900, -0.4705899132255230200 ) ) ;
#1960 = CARTESIAN_POINT ( 'NONE',  ( 0.2792288058569797300, 1.008542398043301000, -1.197584530349429200 ) ) ;
#1961 = CARTESIAN_POINT ( 'NONE',  ( 0.6662971486799470500, -0.09338137578190669500, -0.4237235841577194400 ) ) ;
#1962 = CARTESIAN_POINT ( 'NONE',  ( -0.7502067306518575000, 1.058942779757403800, 0.2462031175613032000 ) ) ;
#1963 = CARTESIAN_POINT ( 'NONE',  ( -0.7640326367731061800, 2.261619099454406100, -0.2047190618934784100 ) ) ;
#1964 = CARTESIAN_POINT ( 'NONE',  ( 0.05160411754454331100, -1.330447704202423000, -0.7871629390798120500 ) ) ;
#1965 = CARTESIAN_POINT ( 'NONE',  ( 0.6164677731863776900, 2.133339337733255500, -1.067905141736216000 ) ) ;
#1966 = CARTESIAN_POINT ( 'NONE',  ( -0.7485916255693069200, -0.08583317646785303100, -0.9755813789593316100 ) ) ;
#1967 = CARTESIAN_POINT ( 'NONE',  ( 0.5456462521094515000, -2.880489170638319300, -0.5698630228075781700 ) ) ;
#1968 = CARTESIAN_POINT ( 'NONE',  ( -0.4017156036084834100, -2.303586954379653200, -0.6798109122758521100 ) ) ;
#1969 = CARTESIAN_POINT ( 'NONE',  ( 0.3191357957047653000, 2.408335028919486500, 1.190966101269475900 ) ) ;
#1970 = CARTESIAN_POINT ( 'NONE',  ( 0.05160846142021180400, 1.330391547374563600, 0.7871626541057527000 ) ) ;
#1971 = CARTESIAN_POINT ( 'NONE',  ( -0.3121884341851798900, -0.6147816539232767700, 1.189862167469239800 ) ) ;
#1972 = CARTESIAN_POINT ( 'NONE',  ( -1.003126156361851700, -2.499999999999995100, -0.02156402001839964600 ) ) ;
#1973 = CARTESIAN_POINT ( 'NONE',  ( 1.227970396035243300, -1.316467235005041300, -0.07407286008634853000 ) ) ;
#1974 = CARTESIAN_POINT ( 'NONE',  ( -0.3569623215934276700, -0.7081248816623184600, -1.176743586231557200 ) ) ;
#1975 = CARTESIAN_POINT ( 'NONE',  ( -0.9505710321984589500, 0.06437464730445410800, 0.7801092823900202000 ) ) ;
#1976 = CARTESIAN_POINT ( 'NONE',  ( -0.2003143261152468300, 1.308958059929185000, 1.213270992242306400 ) ) ;
#1977 = CARTESIAN_POINT ( 'NONE',  ( 0.7817606606286491300, 1.043934584242119500, -0.1110731920218885500 ) ) ;
#1978 = CARTESIAN_POINT ( 'NONE',  ( 0.6797624990084262200, 1.273531080392100100, 0.4016849878141770000 ) ) ;
#1979 = CARTESIAN_POINT ( 'NONE',  ( 0.7246074128631602200, -2.472520344275908500, -0.3001111239724101900 ) ) ;
#1980 = CARTESIAN_POINT ( 'NONE',  ( 0.07737847156251728700, 1.609333287515390300, -0.7850601612558997200 ) ) ;
#1981 = CARTESIAN_POINT ( 'NONE',  ( -0.6957404734146525000, -1.223144860371805600, -0.3718404353056900000 ) ) ;
#1982 = CARTESIAN_POINT ( 'NONE',  ( -0.8718657934788351900, 2.224999989863727800, -0.8718657529734765700 ) ) ;
#1983 = CARTESIAN_POINT ( 'NONE',  ( 0.3182765988274959300, -0.1716672273690894300, -1.187801319991352000 ) ) ;
#1984 = CARTESIAN_POINT ( 'NONE',  ( -0.2047260699670905300, -2.808675907851184000, -0.7640410721820578600 ) ) ;
#1985 = CARTESIAN_POINT ( 'NONE',  ( -0.1462176183909285600, -1.488173569309445100, 0.7759745845356569300 ) ) ;
#1986 = CARTESIAN_POINT ( 'NONE',  ( 0.3436618626145289100, 2.588904818139554200, -1.184294108423116200 ) ) ;
#1987 = CARTESIAN_POINT ( 'NONE',  ( 0.3943900840516216300, 1.373294632226060200, 0.6831915652455303700 ) ) ;
#1988 = CARTESIAN_POINT ( 'NONE',  ( -0.7113079955443888400, -1.237073383095511200, 1.003629185692196400 ) ) ;
#1989 = CARTESIAN_POINT ( 'NONE',  ( -0.01203151232237401900, -2.500000000000001300, -0.8123882659876435800 ) ) ;
#1990 = CARTESIAN_POINT ( 'NONE',  ( 0.5498428992982803400, -0.6298016418268291800, -1.100479002045451100 ) ) ;
#1991 = CARTESIAN_POINT ( 'NONE',  ( 0.3569623215527417700, -1.351875118334423300, -1.176743586244293900 ) ) ;
#1992 = CARTESIAN_POINT ( 'NONE',  ( -1.206067579028955000, 1.158750234187890400, -0.2398996533697149700 ) ) ;
#1993 = CARTESIAN_POINT ( 'NONE',  ( -1.227061010066884400, 1.759583412648304300, -0.08042515275731351700 ) ) ;
#1994 = CARTESIAN_POINT ( 'NONE',  ( 0.3255645746130953500, -1.952725778289910600, -0.7185560023343344800 ) ) ;
#1995 = CARTESIAN_POINT ( 'NONE',  ( -0.5526495977416022700, 2.131869973862744700, -0.5639089003183670500 ) ) ;
#1996 = CARTESIAN_POINT ( 'NONE',  ( 0.7820000000000000300, -2.500000000000000000, 0.0000000000000000000 ) ) ;
#1997 = CARTESIAN_POINT ( 'NONE',  ( 0.2047224130879063400, 2.408291972904445200, 0.7640240307537927700 ) ) ;
#1998 = CARTESIAN_POINT ( 'NONE',  ( 0.7850601612559400300, -1.480666712484798100, 0.07737847156262350800 ) ) ;
#1999 = CARTESIAN_POINT ( 'NONE',  ( -1.067813272474487500, 2.243333336071073900, -0.6165022988476960300 ) ) ;
#2000 = CARTESIAN_POINT ( 'NONE',  ( 1.176743586244281400, -0.3218751183344194500, 0.3569623215527536500 ) ) ;
#2001 = CARTESIAN_POINT ( 'NONE',  ( 4.110216695975052800E-006, -2.607010102665225500, 0.7909967171198503100 ) ) ;
#2002 = EDGE_LOOP ( 'NONE', ( #3626, #4313, #1104, #2058 ) ) ;
#2003 = CARTESIAN_POINT ( 'NONE',  ( 0.5989583206650298500, -0.8014819923211428100, 0.5145211900667638900 ) ) ;
#2004 = CARTESIAN_POINT ( 'NONE',  ( -0.8897975641187492200, 2.772242508435040200, 0.8538655768400392800 ) ) ;
#2005 = CARTESIAN_POINT ( 'NONE',  ( -0.8158848642988582000, -0.2285318725775515000, -0.9206241863023713100 ) ) ;
#2006 = CARTESIAN_POINT ( 'NONE',  ( 0.3224272801601672500, -2.500000000000000400, -0.7295920331733002400 ) ) ;
#2007 = CARTESIAN_POINT ( 'NONE',  ( 1.048052748381830700, -0.09334236173649129700, -0.6441843075799795800 ) ) ;
#2008 = CARTESIAN_POINT ( 'NONE',  ( 0.5438787747203598400, -0.9870838340460661400, 1.102888513654854700 ) ) ;
#2009 = CARTESIAN_POINT ( 'NONE',  ( 1.084501027639235700, 0.8368742989370647800, 0.5796874518067393100 ) ) ;
#2010 = CARTESIAN_POINT ( 'NONE',  ( -0.6165022684629362100, -2.353333334133186100, -1.067813238164818900 ) ) ;
#2011 = LOCAL_TIME ( 9, 41, 6.000000000000000000, #209 ) ;
#2012 = CARTESIAN_POINT ( 'NONE',  ( 0.6370550573947512100, 1.852885753740271000, 0.4664391494088175300 ) ) ;
#2013 = CARTESIAN_POINT ( 'NONE',  ( -1.232956259395974400, 2.717242486416149300, -0.02540761588986195600 ) ) ;
#2014 = CARTESIAN_POINT ( 'NONE',  ( 0.7820000017367367800, 2.059961125093549200, -2.610054596602660800E-006 ) ) ;
#2015 = CARTESIAN_POINT ( 'NONE',  ( -0.7288353679152737000, -1.802514607011535000, -0.3018281073132688700 ) ) ;
#2016 = CARTESIAN_POINT ( 'NONE',  ( 0.1645517336929887600, 2.500000000000001800, 1.183862808224660500 ) ) ;
#2017 = CARTESIAN_POINT ( 'NONE',  ( -0.4594547491197795700, -1.266082564029106200, -0.6412585577140573800 ) ) ;
#2018 = CARTESIAN_POINT ( 'NONE',  ( 0.3419958827971631400, -0.6298208011356921700, -0.7117184478208881100 ) ) ;
#2019 = CARTESIAN_POINT ( 'NONE',  ( 1.218999999999975700, 2.063759199869959800, -0.06543744205899269800 ) ) ;
#2020 = CARTESIAN_POINT ( 'NONE',  ( 0.9206241863023353300, 0.8014681274224554300, -0.8158848642988978400 ) ) ;
#2021 = CARTESIAN_POINT ( 'NONE',  ( -1.206067579022651200, -1.158750234185114600, 0.2398996534053765000 ) ) ;
#2022 = CARTESIAN_POINT ( 'NONE',  ( 0.7438191782332397300, 0.3572829819629809700, 0.9798700587181928800 ) ) ;
#2023 = CARTESIAN_POINT ( 'NONE',  ( -0.5075029183502217700, -0.1072917064145349300, -1.120083624666799800 ) ) ;
#2024 = CARTESIAN_POINT ( 'NONE',  ( 0.4705899132255828000, 0.7725004540311390900, 1.136093022850631600 ) ) ;
#2025 = PRODUCT_RELATED_PRODUCT_CATEGORY ( 'detail', '', ( #2046 ) ) ;
#2026 = CARTESIAN_POINT ( 'NONE',  ( 0.2856615555997919500, 2.024552204869706900, -0.7360612092185611100 ) ) ;
#2027 = CARTESIAN_POINT ( 'NONE',  ( -0.6850125020648030200, -2.316675302301352400, -0.3954915829373600300 ) ) ;
#2028 = CARTESIAN_POINT ( 'NONE',  ( 0.6097350673649387700, 1.995471926635052500, 0.5007807501980339200 ) ) ;
#2029 = CARTESIAN_POINT ( 'NONE',  ( 0.2041161437249703300, -0.1716814266298125900, -0.7620010355392655700 ) ) ;
#2030 = CARTESIAN_POINT ( 'NONE',  ( 1.175833749469064500, 2.499999999999999600, 0.3224180440349044800 ) ) ;
#2031 = CARTESIAN_POINT ( 'NONE',  ( 0.6558904719982088200, -1.416265957548452200, -0.4383163541429436800 ) ) ;
#2032 = CARTESIAN_POINT ( 'NONE',  ( 0.7728457482084311000, -0.7156719778833772200, -0.1618663846568095300 ) ) ;
#2033 = CARTESIAN_POINT ( 'NONE',  ( 0.7718467376352683400, 2.074677408196663900, -0.1569482878201466900 ) ) ;
#2034 = CARTESIAN_POINT ( 'NONE',  ( 0.7113079955379109100, 0.8229266169045265100, -1.003629185690889200 ) ) ;
#2035 = CARTESIAN_POINT ( 'NONE',  ( 0.1205265572557566700, -1.609375525252416200, 1.223782262022836500 ) ) ;
#2036 = CARTESIAN_POINT ( 'NONE',  ( 0.8653504108362769500, 0.9581161649246451300, 0.8743985441465621500 ) ) ;
#2037 = CARTESIAN_POINT ( 'NONE',  ( -1.102888513654835400, 0.04291616595394041200, 0.5438787747203839300 ) ) ;
#2038 = CARTESIAN_POINT ( 'NONE',  ( -1.064947164961000700, 1.716666353734791900, -0.6148508074549500200 ) ) ;
#2039 = CARTESIAN_POINT ( 'NONE',  ( 0.7485875889966865400, 1.974177034658750800, 0.9754466591716612900 ) ) ;
#2040 = CARTESIAN_POINT ( 'NONE',  ( -0.7670527942475119400, 1.595389555693615100, -0.1871250225292466800 ) ) ;
#2041 = CARTESIAN_POINT ( 'NONE',  ( 1.197590302837162800, -2.037952603205367600, -0.2869049855897291000 ) ) ;
#2042 = CARTESIAN_POINT ( 'NONE',  ( -0.3255688699892171400, 0.1072621006720829200, 0.7185353860044073600 ) ) ;
#2043 = CARTESIAN_POINT ( 'NONE',  ( 1.217171759114540300, 2.500000000000000000, 0.06570435079676315000 ) ) ;
#2044 = CARTESIAN_POINT ( 'NONE',  ( -0.6698789364989720100, -0.5364792890287604100, 0.4165965737543911900 ) ) ;
#2045 = CARTESIAN_POINT ( 'NONE',  ( 0.6403487270619833100, 1.663985992697502900, -0.4576134001716492500 ) ) ;
#2046 = PRODUCT ( '9622K55_Chrome-Silicon Steel Compression Spring', '9622K55_Chrome-Silicon Steel Compression Spring', '', ( #4387 ) ) ;
#2047 = CARTESIAN_POINT ( 'NONE',  ( 0.7157035860348637300, -2.500000000000001300, -0.3218426653021977900 ) ) ;
#2048 = CARTESIAN_POINT ( 'NONE',  ( 1.041304853900810100, 0.9795747108719986600, 0.6550551668222065500 ) ) ;
#2049 = CARTESIAN_POINT ( 'NONE',  ( 1.136093022850663400, -0.2574995459688695900, -0.4705899132255230200 ) ) ;
#2050 = CARTESIAN_POINT ( 'NONE',  ( -1.106138326408710100, -1.573967733952485300, 0.5383473391836030000 ) ) ;
#2051 = CARTESIAN_POINT ( 'NONE',  ( 1.218999999999975900, 2.060000000000015600, -1.196809669476056900E-013 ) ) ;
#2052 = CARTESIAN_POINT ( 'NONE',  ( 0.1462089390251079000, -0.5718825859732803400, 0.7759181577673874800 ) ) ;
#2053 = CARTESIAN_POINT ( 'NONE',  ( 0.6097350673649387700, 1.995471926635052700, 0.5007807501980339200 ) ) ;
#2054 = CARTESIAN_POINT ( 'NONE',  ( 1.218982609595064700, -1.613327488730658100, -0.09653030875343023000 ) ) ;
#2055 = CARTESIAN_POINT ( 'NONE',  ( -0.7783260233487759900, -1.781060189992921500, -0.1284578445542057800 ) ) ;
#2056 = CARTESIAN_POINT ( 'NONE',  ( -1.176743586248023100, -1.738124881649391700, 0.3569623215674981900 ) ) ;
#2058 = ORIENTED_EDGE ( 'NONE', *, *, #1243, .F. ) ;
#2057 = CARTESIAN_POINT ( 'NONE',  ( -0.07737847156263370800, -0.4506667124848191000, 0.7850601612559307000 ) ) ;
#2059 = CARTESIAN_POINT ( 'NONE',  ( 1.211502030169588500, 2.500000000000000000, 0.1307195819134014100 ) ) ;
#2060 = CARTESIAN_POINT ( 'NONE',  ( 0.5004862537460306200, -0.9656415047845491300, 0.6097617274596816000 ) ) ;
#2061 = CARTESIAN_POINT ( 'NONE',  ( -0.7574100239180464600, 2.698861585279339200, -0.2292484197718806500 ) ) ;
#2062 = CARTESIAN_POINT ( 'NONE',  ( -0.3182765679337749600, -1.888332822701462000, -1.187800724911579600 ) ) ;
#2063 = CARTESIAN_POINT ( 'NONE',  ( -1.212705061678296800, 0.7220742179663527400, -0.2067061643846129200 ) ) ;
#2064 = CARTESIAN_POINT ( 'NONE',  ( 0.1151059993895282700, 2.499999999999999600, 0.7978492790371988200 ) ) ;
#2065 = CARTESIAN_POINT ( 'NONE',  ( -0.2398996533697700400, 0.1287502341878856100, 1.206067579028948600 ) ) ;
#2066 = CARTESIAN_POINT ( 'NONE',  ( 0.3122013529440327800, -1.445218347621850100, 1.189917604720642300 ) ) ;
#2067 = CARTESIAN_POINT ( 'NONE',  ( 0.9505793745823155600, 1.995585498437209400, 0.7806309407859489700 ) ) ;
#2068 = CARTESIAN_POINT ( 'NONE',  ( -0.7000859818735281100, -1.280029359735529200, 0.3650565839649720900 ) ) ;
#2069 = CARTESIAN_POINT ( 'NONE',  ( 0.7820000017367367800, 2.059961125093549200, -2.610054596602660800E-006 ) ) ;
#2070 = CARTESIAN_POINT ( 'NONE',  ( -0.5855173073676902500, -0.2499903457206641100, -1.081841581513079300 ) ) ;
#2071 = CARTESIAN_POINT ( 'NONE',  ( 0.7682039577835386700, -2.037084642368970600, -0.1830623678872945700 ) ) ;
#2072 = CARTESIAN_POINT ( 'NONE',  ( 0.3564212364265777500, 1.515989840856421600, 0.7046616058518823100 ) ) ;
#2073 = CARTESIAN_POINT ( 'NONE',  ( 2.176718529904870100E-006, -1.030028078412346800, 0.7888743494250447500 ) ) ;
#2074 = CARTESIAN_POINT ( 'NONE',  ( 1.166647313171378200, 2.500000000000000400, 0.3537862591638188900 ) ) ;
#2075 = CARTESIAN_POINT ( 'NONE',  ( -0.5930919767610136600, -1.244617402533982900, -0.5201571295916502800 ) ) ;
#2076 = CARTESIAN_POINT ( 'NONE',  ( 0.7820000017367367800, 2.059961125093542600, -2.610054480617161200E-006 ) ) ;
#2077 = CARTESIAN_POINT ( 'NONE',  ( -0.9995576373380594700, -1.823958938889608300, -0.7162810875603673500 ) ) ;
#2078 = CARTESIAN_POINT ( 'NONE',  ( 0.7578932965890578000, -1.938799791362554100, 0.2215762985905722600 ) ) ;
#2079 = CARTESIAN_POINT ( 'NONE',  ( -0.9187624016976789800, 2.499999999999998700, 0.1546843701992325600 ) ) ;
#2080 = CARTESIAN_POINT ( 'NONE',  ( 0.1605179022283630400, -0.4291659065441651400, 1.219185301706517500 ) ) ;
#2081 = CARTESIAN_POINT ( 'NONE',  ( 0.9290313128356022500, -2.432123861761101400, -0.8085983804437315600 ) ) ;
#2082 = CARTESIAN_POINT ( 'NONE',  ( 0.7516629613895790000, -1.642878245493854600, 0.2158699436314161800 ) ) ;
#2083 = CARTESIAN_POINT ( 'NONE',  ( 0.3563937776997107600, -1.516055095352653300, -0.7044931475800452200 ) ) ;
#2084 = CARTESIAN_POINT ( 'NONE',  ( -0.3018281107065058900, 1.287485399317090500, 0.7288353661821225200 ) ) ;
#2085 = CARTESIAN_POINT ( 'NONE',  ( -1.229248557115038000, -1.322907385885199200, 0.04664549391186937500 ) ) ;
#2086 = CARTESIAN_POINT ( 'NONE',  ( -0.5201604215212433100, -1.845438841233670900, -0.5930890696659183400 ) ) ;
#2087 = CARTESIAN_POINT ( 'NONE',  ( 0.5639509966025222400, 0.9580738711625363900, 0.5526881631201175900 ) ) ;
#2088 = CARTESIAN_POINT ( 'NONE',  ( -0.7888743494250372000, -2.807841234435904100E-005, 2.176718546724912800E-006 ) ) ;
#2089 = CARTESIAN_POINT ( 'NONE',  ( -0.8180107807704871700, 2.500000000000000000, 0.7993507436555740100 ) ) ;
#2090 = CARTESIAN_POINT ( 'NONE',  ( 0.2778911917008943800, 0.4076769986233726400, -0.7383081421114452400 ) ) ;
#2091 = CARTESIAN_POINT ( 'NONE',  ( -0.3943900840515653900, -0.6867053677739901600, -0.6831915652455764500 ) ) ;
#2092 = CARTESIAN_POINT ( 'NONE',  ( -0.02540457215604477800, 2.827192365395315000, 0.7909416002183121700 ) ) ;
#2093 = CARTESIAN_POINT ( 'NONE',  ( 0.5438787747203598400, -0.9870838340460661400, 1.102888513654854700 ) ) ;
#2094 = CARTESIAN_POINT ( 'NONE',  ( 1.219039036853554900, 1.623000001736109300, -0.02934010433712797400 ) ) ;
#2095 = CARTESIAN_POINT ( 'NONE',  ( -1.006256502537643500, 2.499999999999998700, 0.008534195513915501800 ) ) ;
#2096 = CARTESIAN_POINT ( 'NONE',  ( -1.064947164961000700, 1.716666353734791900, -0.6148508074549500200 ) ) ;
#2097 = CARTESIAN_POINT ( 'NONE',  ( 1.175355529444051600, -1.938758940903809500, 0.3632274496354635500 ) ) ;
#2098 = CARTESIAN_POINT ( 'NONE',  ( 0.3955067223074937300, -1.989668925880931200, -0.6849861956218336000 ) ) ;
#2099 = CARTESIAN_POINT ( 'NONE',  ( -0.3650565839454451000, -0.2500293597660726000, -0.7000859818111869700 ) ) ;
#2100 = CARTESIAN_POINT ( 'NONE',  ( 0.7819826099399522800, -1.617148725624878200, -0.04703035377149756400 ) ) ;
#2101 = CARTESIAN_POINT ( 'NONE',  ( -0.5742223989119789000, -0.6362401905501000600, 1.087882369903996800 ) ) ;
#2102 = CARTESIAN_POINT ( 'NONE',  ( -0.7728457477653009100, 1.344328020698371200, 0.1618663880179718700 ) ) ;
#2103 = CARTESIAN_POINT ( 'NONE',  ( -0.7850601612559290300, 0.5793332875151984100, -0.07737847156259396200 ) ) ;
#2104 = CARTESIAN_POINT ( 'NONE',  ( -0.7821276785822847100, 0.6007953022114183000, 0.1029297548487560100 ) ) ;
#2105 = CARTESIAN_POINT ( 'NONE',  ( 0.5930891059392935400, -0.8154387542907383100, -0.5201604023153888500 ) ) ;
#2106 = CARTESIAN_POINT ( 'NONE',  ( -1.055151287584166400, 1.879424180714819500, 0.6385300415773608200 ) ) ;
#2107 = CARTESIAN_POINT ( 'NONE',  ( -1.102888513654835400, 0.04291616595394041200, 0.5438787747203839300 ) ) ;
#2108 = CARTESIAN_POINT ( 'NONE',  ( 1.219039036853557500, 1.620935344314440300, -0.002472286223432819700 ) ) ;
#2109 = CARTESIAN_POINT ( 'NONE',  ( -0.2795200188205441700, 2.500000000000001800, 0.7795260307615035100 ) ) ;
#2110 = CARTESIAN_POINT ( 'NONE',  ( 1.186539725417580500, 0.7585511429888959200, -0.3245603360025076700 ) ) ;
#2111 = CARTESIAN_POINT ( 'NONE',  ( -1.176743586260778500, 1.738124881652660200, -0.3569623215266555200 ) ) ;
#2112 = ORIENTED_EDGE ( 'NONE', *, *, #1087, .T. ) ;
#2113 = CARTESIAN_POINT ( 'NONE',  ( -1.048052748330173600, -2.153342361745107100, 0.6441843076119304600 ) ) ;
#2114 = CARTESIAN_POINT ( 'NONE',  ( 0.5456240577767682600, -2.006489171230811900, -0.5698362992949772600 ) ) ;
#2115 = CARTESIAN_POINT ( 'NONE',  ( 0.7221691983518912000, -1.580543991161057500, -0.3211165855632174300 ) ) ;
#2116 = CARTESIAN_POINT ( 'NONE',  ( -0.7548913879467971100, 1.738101320197456900, -0.2289715062647630100 ) ) ;
#2117 = CARTESIAN_POINT ( 'NONE',  ( 0.9468499970035390000, -0.3787412836543224700, -0.7853298183767264400 ) ) ;
#2118 = CARTESIAN_POINT ( 'NONE',  ( -0.7736894268979861400, -1.158769696299351000, 0.1539358029858271000 ) ) ;
#2119 = CARTESIAN_POINT ( 'NONE',  ( 0.6165028677475678000, -2.863666821884622000, -1.067812922591613500 ) ) ;
#2120 = CARTESIAN_POINT ( 'NONE',  ( 0.7871626541057587000, 0.3003915473744845400, -0.05160846142018360400 ) ) ;
#2121 = PERSON_AND_ORGANIZATION ( #3954, #766 ) ;
#2122 = CARTESIAN_POINT ( 'NONE',  ( 0.5758009841980074000, 0.3647498524114541300, -0.5392182233338250800 ) ) ;
#2123 = CARTESIAN_POINT ( 'NONE',  ( 0.6412585577140536000, -0.2360825640290977700, -0.4594547491197713600 ) ) ;
#2124 = CARTESIAN_POINT ( 'NONE',  ( -0.7575018640200463800, 1.861043297276221000, 0.2292787660042000200 ) ) ;
#2125 = CARTESIAN_POINT ( 'NONE',  ( 1.084501027665813800, -0.8368742989415793900, -0.5796874517534520400 ) ) ;
#2126 = CARTESIAN_POINT ( 'NONE',  ( 0.7820173907498231300, -2.497017323243210900, -0.02934126753312650900 ) ) ;
#2127 = CARTESIAN_POINT ( 'NONE',  ( 0.3923789972594191000, 2.500000000000001300, 0.6913073419834840900 ) ) ;
#2128 = CARTESIAN_POINT ( 'NONE',  ( -0.8934404109185754000, -0.07832397224435061500, 0.8455687376249053600 ) ) ;
#2129 = CARTESIAN_POINT ( 'NONE',  ( 0.08042515269649822000, 1.330416587397293500, 1.227061010144715200 ) ) ;
#2130 = CARTESIAN_POINT ( 'NONE',  ( 0.6550551668222697200, -0.05042528912800599300, -1.041304853900781400 ) ) ;
#2131 = CARTESIAN_POINT ( 'NONE',  ( 0.7246074128631602200, -2.472520344275908500, -0.3001111239724101900 ) ) ;
#2132 = CARTESIAN_POINT ( 'NONE',  ( -0.5338484521726023500, 0.9516479493399231400, -0.5817170473128427900 ) ) ;
#2133 = CARTESIAN_POINT ( 'NONE',  ( -0.03385053581250312100, -0.5933521441801046200, 0.7888458882821634000 ) ) ;
#2134 = CARTESIAN_POINT ( 'NONE',  ( 0.6206025129760129900, -1.129782508126911500, 1.062115847367026000 ) ) ;
#2135 = CARTESIAN_POINT ( 'NONE',  ( -0.4594547491197795700, -1.266082564029106500, -0.6412585577140574900 ) ) ;
#2136 = CARTESIAN_POINT ( 'NONE',  ( -0.8718658692940466400, -2.225000000214246500, 0.8718658729890017600 ) ) ;
#2137 = CARTESIAN_POINT ( 'NONE',  ( 0.3718442750267165800, 0.1930887035470953100, 0.6957384218812040500 ) ) ;
#2138 = CARTESIAN_POINT ( 'NONE',  ( 0.6165022684629432000, -2.133333178161958400, 1.067810575837817600 ) ) ;
#2139 = CARTESIAN_POINT ( 'NONE',  ( -0.6698812358309660400, 0.5364231322013020000, -0.4165928773177683400 ) ) ;
#2140 = CARTESIAN_POINT ( 'NONE',  ( -0.3489565582685703000, -1.072958525672768100, 0.7074844577727089600 ) ) ;
#2141 = CARTESIAN_POINT ( 'NONE',  ( -0.8539340228341334400, 1.897757511840751900, 0.8898659290506439900 ) ) ;
#2142 = CARTESIAN_POINT ( 'NONE',  ( -1.223782262022829400, -0.5793755252524264200, 0.1205265572556559200 ) ) ;
#2143 = CARTESIAN_POINT ( 'NONE',  ( -1.229305358604375000, 1.322907386410435700, -0.04664921676541427400 ) ) ;
#2144 = CARTESIAN_POINT ( 'NONE',  ( -0.7574100239180464600, 2.698861585279339200, -0.2292484197718806500 ) ) ;
#2145 = CARTESIAN_POINT ( 'NONE',  ( -0.07407157033511016500, 2.346467653592937200, 1.227906900222366800 ) ) ;
#2146 = CARTESIAN_POINT ( 'NONE',  ( -0.9995576373504191400, 1.823958938887748000, 0.7162810875395239100 ) ) ;
#2147 = CARTESIAN_POINT ( 'NONE',  ( -1.117894657400661600, -0.4795921413580489000, -0.5135351505307803600 ) ) ;
#2148 = CARTESIAN_POINT ( 'NONE',  ( 0.6164941072066541000, -1.696333178375336100, 1.067735993978369700 ) ) ;
#2149 = CARTESIAN_POINT ( 'NONE',  ( -0.4236913466151628900, 1.123325220367232800, 0.6662500307622767300 ) ) ;
#2150 = CARTESIAN_POINT ( 'NONE',  ( -0.09505789308451760600, -0.8723199531852494600, -0.7838048828374729600 ) ) ;
#2151 = CARTESIAN_POINT ( 'NONE',  ( -0.5383238473179852200, 0.5439677337586834600, 1.106086476732463900 ) ) ;
#2152 = CARTESIAN_POINT ( 'NONE',  ( 1.070497533674076500, -2.532138930744526100, 0.5867217909089369500 ) ) ;
#2153 = CARTESIAN_POINT ( 'NONE',  ( 0.7819826099399527200, -1.623017323932601300, 0.02933894132772764700 ) ) ;
#2154 = CARTESIAN_POINT ( 'NONE',  ( 0.3718442750267165800, 0.1930887035470953100, 0.6957384218812040500 ) ) ;
#2155 = CARTESIAN_POINT ( 'NONE',  ( -0.8718657934788351900, 2.224999989863727800, -0.8718657529734765700 ) ) ;
#2156 = CARTESIAN_POINT ( 'NONE',  ( -0.6493608992126366200, -0.4935414713405234500, 1.044260491328573800 ) ) ;
#2157 = CARTESIAN_POINT ( 'NONE',  ( -0.2215762985905953300, -0.9087997913625927000, 0.7578932965890865500 ) ) ;
#2158 = CARTESIAN_POINT ( 'NONE',  ( 3.862011111018198300E-006, 2.389950191374003100, 0.7909859444325096900 ) ) ;
#2159 = CARTESIAN_POINT ( 'NONE',  ( 1.214745373265474000, 1.895841851417829700, 0.1940778486585064400 ) ) ;
#2160 = CARTESIAN_POINT ( 'NONE',  ( 0.5075043379267173400, 1.952705678027410100, 1.120118422273419100 ) ) ;
#2161 = CARTESIAN_POINT ( 'NONE',  ( 1.081890875259168900, -0.7800096556891426000, 0.5855457743918999200 ) ) ;
#2162 = CARTESIAN_POINT ( 'NONE',  ( 0.7516793478504615300, -2.917139078342766200, -0.2193075586816416500 ) ) ;
#2163 = CARTESIAN_POINT ( 'NONE',  ( 0.3419728846936054300, 0.6297646431593133500, 0.7116661977728723200 ) ) ;
#2164 = CARTESIAN_POINT ( 'NONE',  ( -0.7324788875420803500, -0.7006422299620987900, 0.2947284142846792700 ) ) ;
#2165 = CARTESIAN_POINT ( 'NONE',  ( 0.7113079955379109100, 0.8229266169045265100, -1.003629185690889200 ) ) ;
#2166 = CARTESIAN_POINT ( 'NONE',  ( 1.208496597305605400, -2.489313393118077300, -0.1860211147484033800 ) ) ;
#2167 = ORIENTED_EDGE ( 'NONE', *, *, #1710, .T. ) ;
#2168 = CARTESIAN_POINT ( 'NONE',  ( -0.6165022684629192200, -2.206666665866814400, 1.067813238164828400 ) ) ;
#2169 = CARTESIAN_POINT ( 'NONE',  ( 0.07737847156251728700, 1.609333287515390300, -0.7850601612558997200 ) ) ;
#2170 = CARTESIAN_POINT ( 'NONE',  ( -0.3255728351180747800, -0.1073182575000802100, -0.7185335892839664900 ) ) ;
#2171 = CARTESIAN_POINT ( 'NONE',  ( -0.6385303221568391400, 1.769424165742722100, -1.055150605711034900 ) ) ;
#2172 = CARTESIAN_POINT ( 'NONE',  ( 0.4705899132255828000, 0.7725004540311390900, 1.136093022850631600 ) ) ;
#2173 = ORIENTED_EDGE ( 'NONE', *, *, #607, .T. ) ;
#2174 = CARTESIAN_POINT ( 'NONE',  ( -0.6148508074488670000, 0.6866663537308371800, 1.064947164962981100 ) ) ;
#2175 = CARTESIAN_POINT ( 'NONE',  ( -0.7605843064859625400, -0.4152344851238453100, 0.2121540332819864000 ) ) ;
#2176 = CARTESIAN_POINT ( 'NONE',  ( -1.197520262557762300, 2.735575821156893900, 0.2945706768266135900 ) ) ;
#2177 = CARTESIAN_POINT ( 'NONE',  ( 0.3245603360025437500, 1.788551142988900900, 1.186539725417478300 ) ) ;
#2178 = CARTESIAN_POINT ( 'NONE',  ( 0.6165016691782869700, -1.989666821791461300, -1.067808229084039800 ) ) ;
#2179 = CARTESIAN_POINT ( 'NONE',  ( 0.5498428992982803400, -0.6298016418268291800, -1.100479002045451100 ) ) ;
#2180 = CARTESIAN_POINT ( 'NONE',  ( 0.7836352620692547100, -2.501594243139273000, 0.03409514102385753600 ) ) ;
#2181 = CARTESIAN_POINT ( 'NONE',  ( 0.7849185907222560000, 0.1362283221002964500, 0.08538005462016028100 ) ) ;
#2182 = CARTESIAN_POINT ( 'NONE',  ( 0.3878381874844936100, -1.129803268499133500, 0.6877342925573516300 ) ) ;
#2183 = CARTESIAN_POINT ( 'NONE',  ( 0.9022024888188181500, 1.252093157728450900, 0.8362277565104746500 ) ) ;
#2184 = CARTESIAN_POINT ( 'NONE',  ( -0.3191266738202233100, -2.625333336243520500, 1.190997876295865300 ) ) ;
#2185 =( BOUNDED_SURFACE ( )  B_SPLINE_SURFACE ( 3, 3, ( 
 ( #1305, #1655, #3144, #581, #3820, #3091, #2737, #1697, #1320, #2765, #4225, #242, #2010, #610, #4543, #2431, #3116, #3803, #3864, #3482, #1683, #944, #1643, #273, #3454, #2388, #1346, #4581, #4171, #1333, #635, #2373, #3833 ),
 ( #4530, #215, #229, #3847, #2752, #2416, #594, #257, #1714, #1731, #4305, #1031, #1047, #3194, #2836, #336, #3575, #1064, #1425, #3943, #696, #3543, #665, #4271, #2148, #3225, #1080, #3176, #3911, #1394, #4628, #3559, #3160 ),
 ( #2805, #1377, #650, #711, #2856, #4598, #4644, #2114, #2098, #1362, #302, #1748, #2446, #4661, #2821, #2512, #4240, #2480, #319, #351, #3880, #680, #1410, #2871, #1015, #2495, #4613, #288, #3928, #2082, #1783, #3527, #3895 ),
 ( #1764, #4255, #2463, #4288, #2131, #3210, #1454, #2527, #2556, #1497, #3256, #1828, #3591, #367, #1812, #2943, #758, #3302, #415, #1798, #2586, #3241, #3638, #1468, #3271, #3605, #429, #1111, #787, #2915, #4320, #774, #2929 ),
 ( #4022, #62, #3286, #2162, #1858, #3621, #4380, #2541, #3992, #2, #1484, #4351, #2885, #3959, #35, #1140, #4007, #4366, #3654, #383, #2225, #2196, #4335, #50, #2572, #726, #3974, #399, #1439, #1126, #1095, #2180, #18 ),
 ( #1844, #2212, #2899, #740, #144, #2649, #493, #1921, #3003, #1219, #1156, #1202, #4442, #3699, #835, #3364, #2287, #871, #4424, #460, #852, #819, #1558, #3732, #2603, #1172, #444, #509, #1575, #4394, #126, #1904, #1888 ),
 ( #2973, #2987, #4103, #3332, #1527, #4069, #1542, #2256, #4055, #1938, #3348, #4408, #802, #95, #109, #1188, #4459, #3669, #2617, #2303, #2271, #1513, #2632, #3716, #476, #2665, #3022, #4085, #4039, #1872, #3684, #78, #2241 ) ),
 .UNSPECIFIED., .T., .F., .F. ) 
 B_SPLINE_SURFACE_WITH_KNOTS ( ( 4, 3, 4 ),
 ( 4, 1, 1, 1, 1, 1, 1, 1, 1, 1, 1, 1, 1, 1, 1, 1, 1, 1, 1, 1, 1, 1, 1, 1, 1, 1, 1, 1, 1, 1, 4 ),
 ( 0.0000000000000000000, 0.5000000000000000000, 1.000000000000000000 ),
 ( 0.0000000000000000000, 0.03125000000000000700, 0.04166666666666663000, 0.06250000000000000000, 0.08333333333333337000, 0.09375000000000001400, 0.1249999999999986800, 0.1666666666666666600, 0.2083333333333333100, 0.2500000000000000000, 0.2916666666666666900, 0.3333333333333333700, 0.3750000000000000000, 0.4166666666666666900, 0.4583333333333333700, 0.5000000000000000000, 0.5416666666666666300, 0.5833333333333332600, 0.6250000000000000000, 0.6666666666666666300, 0.7083333333333332600, 0.7500000000000000000, 0.7916666666666666300, 0.8333333333333332600, 0.8750000000000013300, 0.9062500000000000000, 0.9166666666666666300, 0.9375000000000000000, 0.9583333333333332600, 0.9687500000000000000, 1.000000000000000000 ),
 .UNSPECIFIED. ) 
 GEOMETRIC_REPRESENTATION_ITEM ( )  RATIONAL_B_SPLINE_SURFACE ( (
 ( 1.000000000000000000, 1.000000000000000000, 1.000000000000000000, 1.000000000000000000, 1.000000000000000000, 1.000000000000000000, 0.9999999999999998900, 0.9999999999999997800, 0.9999999999999997800, 1.000000000000000400, 0.9999999999999996700, 1.000000000000000400, 0.9999999999999997800, 1.000000000000000000, 1.000000000000000000, 1.000000000000000000, 0.9999999999999997800, 1.000000000000000200, 1.000000000000000000, 1.000000000000000000, 1.000000000000000000, 1.000000000000000000, 1.000000000000000000, 0.9999999999999997800, 1.000000000000000000, 1.000000000000000000, 1.000000000000000000, 0.9999999999999997800, 0.9999999999999997800, 1.000000000000000000, 1.000000000000000000, 1.000000000000000000, 1.000000000000000000),
 ( 0.3333333333333333700, 0.3333333333333333700, 0.3333333333333333700, 0.3333333333333333700, 0.3333333333333333100, 0.3333333333333333700, 0.3333333333333333700, 0.3333333333333333700, 0.3333333333333333100, 0.3333333333333334800, 0.3333333333333332600, 0.3333333333333335400, 0.3333333333333332600, 0.3333333333333333700, 0.3333333333333333700, 0.3333333333333333700, 0.3333333333333333100, 0.3333333333333334300, 0.3333333333333333700, 0.3333333333333334300, 0.3333333333333333100, 0.3333333333333333700, 0.3333333333333333700, 0.3333333333333333700, 0.3333333333333333100, 0.3333333333333334300, 0.3333333333333333700, 0.3333333333333332600, 0.3333333333333332600, 0.3333333333333333700, 0.3333333333333334300, 0.3333333333333333100, 0.3333333333333333700),
 ( 0.3333333333333333700, 0.3333333333333333700, 0.3333333333333333700, 0.3333333333333333700, 0.3333333333333333100, 0.3333333333333333700, 0.3333333333333333700, 0.3333333333333333700, 0.3333333333333333100, 0.3333333333333334800, 0.3333333333333332600, 0.3333333333333335400, 0.3333333333333332600, 0.3333333333333333700, 0.3333333333333333700, 0.3333333333333333700, 0.3333333333333333100, 0.3333333333333334300, 0.3333333333333333700, 0.3333333333333334300, 0.3333333333333333100, 0.3333333333333333700, 0.3333333333333333700, 0.3333333333333333700, 0.3333333333333333100, 0.3333333333333334300, 0.3333333333333333700, 0.3333333333333332600, 0.3333333333333332600, 0.3333333333333333700, 0.3333333333333334300, 0.3333333333333333100, 0.3333333333333333700),
 ( 1.000000000000000000, 1.000000000000000000, 1.000000000000000000, 1.000000000000000000, 1.000000000000000000, 1.000000000000000000, 0.9999999999999998900, 0.9999999999999997800, 0.9999999999999997800, 1.000000000000000400, 0.9999999999999996700, 1.000000000000000400, 0.9999999999999997800, 1.000000000000000000, 1.000000000000000000, 1.000000000000000000, 0.9999999999999997800, 1.000000000000000200, 1.000000000000000000, 1.000000000000000000, 1.000000000000000000, 1.000000000000000000, 1.000000000000000000, 0.9999999999999997800, 1.000000000000000000, 1.000000000000000000, 1.000000000000000000, 0.9999999999999997800, 0.9999999999999997800, 1.000000000000000000, 1.000000000000000000, 1.000000000000000000, 1.000000000000000000),
 ( 0.3333333333333333700, 0.3333333333333333700, 0.3333333333333333700, 0.3333333333333333700, 0.3333333333333333100, 0.3333333333333333700, 0.3333333333333333700, 0.3333333333333333700, 0.3333333333333333100, 0.3333333333333334800, 0.3333333333333332600, 0.3333333333333335400, 0.3333333333333332600, 0.3333333333333333700, 0.3333333333333333700, 0.3333333333333333700, 0.3333333333333333100, 0.3333333333333334300, 0.3333333333333333700, 0.3333333333333334300, 0.3333333333333333100, 0.3333333333333333700, 0.3333333333333333700, 0.3333333333333333700, 0.3333333333333333100, 0.3333333333333334300, 0.3333333333333333700, 0.3333333333333332600, 0.3333333333333332600, 0.3333333333333333700, 0.3333333333333334300, 0.3333333333333333100, 0.3333333333333333700),
 ( 0.3333333333333333700, 0.3333333333333333700, 0.3333333333333333700, 0.3333333333333333700, 0.3333333333333333100, 0.3333333333333333700, 0.3333333333333333700, 0.3333333333333333700, 0.3333333333333333100, 0.3333333333333334800, 0.3333333333333332600, 0.3333333333333335400, 0.3333333333333332600, 0.3333333333333333700, 0.3333333333333333700, 0.3333333333333333700, 0.3333333333333333100, 0.3333333333333334300, 0.3333333333333333700, 0.3333333333333334300, 0.3333333333333333100, 0.3333333333333333700, 0.3333333333333333700, 0.3333333333333333700, 0.3333333333333333100, 0.3333333333333334300, 0.3333333333333333700, 0.3333333333333332600, 0.3333333333333332600, 0.3333333333333333700, 0.3333333333333334300, 0.3333333333333333100, 0.3333333333333333700),
 ( 1.000000000000000000, 1.000000000000000000, 1.000000000000000000, 1.000000000000000000, 1.000000000000000000, 1.000000000000000000, 0.9999999999999998900, 0.9999999999999997800, 0.9999999999999997800, 1.000000000000000400, 0.9999999999999996700, 1.000000000000000400, 0.9999999999999997800, 1.000000000000000000, 1.000000000000000000, 1.000000000000000000, 0.9999999999999997800, 1.000000000000000200, 1.000000000000000000, 1.000000000000000000, 1.000000000000000000, 1.000000000000000000, 1.000000000000000000, 0.9999999999999997800, 1.000000000000000000, 1.000000000000000000, 1.000000000000000000, 0.9999999999999997800, 0.9999999999999997800, 1.000000000000000000, 1.000000000000000000, 1.000000000000000000, 1.000000000000000000) ) ) 
 REPRESENTATION_ITEM ( '' )  SURFACE ( )  );
#2186 = CARTESIAN_POINT ( 'NONE',  ( -0.08042515269639924400, -0.7295834126027167500, -1.227061010144733000 ) ) ;
#2187 = CARTESIAN_POINT ( 'NONE',  ( -0.02575239201435152200, 1.909774862311944200, 0.7884403976494570600 ) ) ;
#2188 = CARTESIAN_POINT ( 'NONE',  ( -0.3255688699892171400, 0.1072621006720829300, 0.7185353860044073600 ) ) ;
#2189 = CARTESIAN_POINT ( 'NONE',  ( 0.6148508074739026400, 1.373333646271430700, 1.064947164947402300 ) ) ;
#2190 = CARTESIAN_POINT ( 'NONE',  ( -1.223782262019944800, 0.5793755252517772700, -0.1205265572642124500 ) ) ;
#2191 = CARTESIAN_POINT ( 'NONE',  ( 0.5456281356036606400, -0.2221146917528328000, 0.5707867514296001100 ) ) ;
#2192 = CARTESIAN_POINT ( 'NONE',  ( -0.4174689750998466500, 2.790527961106402400, 0.6722683803174244200 ) ) ;
#2193 = CARTESIAN_POINT ( 'NONE',  ( 0.8158848642989294800, 1.831468127422459600, 0.9206241863022803800 ) ) ;
#2194 = CARTESIAN_POINT ( 'NONE',  ( -1.190982639939161400, -1.824666666767135200, 0.3191221582906227400 ) ) ;
#2195 = CARTESIAN_POINT ( 'NONE',  ( 1.224873463274018600, -0.1362594392977626600, -0.1142048109835383200 ) ) ;
#2196 = CARTESIAN_POINT ( 'NONE',  ( -0.2047237964028887400, -2.625341415562095100, 0.7640393924850408200 ) ) ;
#2197 = CARTESIAN_POINT ( 'NONE',  ( 0.6215272529186189900, 0.6727023672613602300, 0.4869561460516838000 ) ) ;
#2198 = CARTESIAN_POINT ( 'NONE',  ( -0.6877342925573185500, -0.09980326849916518200, 0.3878381874844523100 ) ) ;
#2199 = CARTESIAN_POINT ( 'NONE',  ( 0.7853298183767527500, 0.6512587163456852200, 0.9468499970035088000 ) ) ;
#2200 = CARTESIAN_POINT ( 'NONE',  ( 1.229040584140789000, -0.8797912423156846200, -0.04023867202516740600 ) ) ;
#2201 = CARTESIAN_POINT ( 'NONE',  ( 0.3952700781599194900, -1.587917057210782800, 1.164439485753306900 ) ) ;
#2202 = CARTESIAN_POINT ( 'NONE',  ( 0.7820000017367367800, 2.059961125093549200, -2.610054596602660800E-006 ) ) ;
#2203 = EDGE_CURVE ( 'NONE', #3234, #255, #236, .T. ) ;
#2204 = DIRECTION ( 'NONE',  ( 0.0000000000000000000, 0.9983539808142202200, 0.05735267205980418300 ) ) ;
#2205 = CARTESIAN_POINT ( 'NONE',  ( 1.164439485753259000, 1.502082942789234400, -0.3952700781600259100 ) ) ;
#2206 = CARTESIAN_POINT ( 'NONE',  ( 1.223782262022805400, 1.480624474747584300, -0.1205265572557761400 ) ) ;
#2207 = CARTESIAN_POINT ( 'NONE',  ( -0.4533612877473003300, -0.3508649775838305100, 0.6464824170945058200 ) ) ;
#2208 = CARTESIAN_POINT ( 'NONE',  ( -0.5593082756174083700, 2.334952535659351500, 0.5593120867910481600 ) ) ;
#2209 = CARTESIAN_POINT ( 'NONE',  ( -0.9468499970034594000, 1.681258716345688500, 0.7853298183767867300 ) ) ;
#2210 = CARTESIAN_POINT ( 'NONE',  ( 1.219000000000002300, -2.064570298591450900, 0.07955646403930087500 ) ) ;
#2211 = CARTESIAN_POINT ( 'NONE',  ( 1.196581367866876600, 0.4216568069660298100, 0.2855833861501600500 ) ) ;
#2212 = CARTESIAN_POINT ( 'NONE',  ( 1.218993500791315300, -2.932429701414475300, -0.07955532024931449800 ) ) ;
#2213 = CARTESIAN_POINT ( 'NONE',  ( -0.4869561460516555500, 1.702702367261374400, 0.6215272529186423000 ) ) ;
#2214 = CARTESIAN_POINT ( 'NONE',  ( 0.7217739017007890300, -2.410889961884506800, -0.9955975983973353000 ) ) ;
#2215 = CARTESIAN_POINT ( 'NONE',  ( -1.220426539645054900, 1.016051494841398600, -0.1542113742997424400 ) ) ;
#2216 = CARTESIAN_POINT ( 'NONE',  ( -0.04023864898589386100, -1.909791061818562500, -1.229042911272103100 ) ) ;
#2217 = CARTESIAN_POINT ( 'NONE',  ( -0.8406176375675310500, -0.6652078538264587500, -0.8975113652245070300 ) ) ;
#2218 =( NAMED_UNIT ( * ) SI_UNIT ( $, .STERADIAN. ) SOLID_ANGLE_UNIT ( ) );
#2219 = CARTESIAN_POINT ( 'NONE',  ( 0.5438787747213143000, 0.9870838340459330300, -1.102888513652349900 ) ) ;
#2220 = CARTESIAN_POINT ( 'NONE',  ( 0.6215709830210693900, -0.6727585223522222200, -0.4869928480371949500 ) ) ;
#2221 = CARTESIAN_POINT ( 'NONE',  ( 0.7820564308866820900, 2.058942053306075600, 0.04031590226014335200 ) ) ;
#2222 = CARTESIAN_POINT ( 'NONE',  ( -0.5438787747213866800, -1.072916165954077600, 1.102888513652329200 ) ) ;
#2223 = CARTESIAN_POINT ( 'NONE',  ( 1.070497880175409900, -2.464861069317631200, -0.5873451371529127000 ) ) ;
#2224 = CARTESIAN_POINT ( 'NONE',  ( -1.227137984394834700, 0.1426995556621571700, -0.08684174022868235100 ) ) ;
#2225 = CARTESIAN_POINT ( 'NONE',  ( -0.3954951339112837700, -2.643675545958657400, 0.6850208693121366800 ) ) ;
#2226 = CARTESIAN_POINT ( 'NONE',  ( -0.6609461190901209100, 2.260593370579805600, 0.4319166249833190600 ) ) ;
#2227 = CARTESIAN_POINT ( 'NONE',  ( 0.07440397172064085200, -2.499999999999999100, -1.191256126428800600 ) ) ;
#2228 = CARTESIAN_POINT ( 'NONE',  ( -1.227061010066884400, 1.759583412648304300, -0.08042515275731351700 ) ) ;
#2229 = CARTESIAN_POINT ( 'NONE',  ( 1.214745373265474000, 1.895841851417829700, 0.1940778486585064400 ) ) ;
#2230 = CARTESIAN_POINT ( 'NONE',  ( 0.7485875887253757900, -1.974177034447310400, -0.9754466618832811100 ) ) ;
#2231 = CARTESIAN_POINT ( 'NONE',  ( -0.7801092823698938500, -1.094374647302522000, 0.9505710322136247100 ) ) ;
#2232 = CARTESIAN_POINT ( 'NONE',  ( -0.05160411754451019900, 0.7295522957976079400, 0.7871629390798013900 ) ) ;
#2233 = PERSON_AND_ORGANIZATION_ROLE ( 'design_owner' ) ;
#2234 = CARTESIAN_POINT ( 'NONE',  ( -1.164439485758842300, 0.5579170572123639500, -0.3952700781400474400 ) ) ;
#2235 = CALENDAR_DATE ( 2025, 20, 3 ) ;
#2236 = CARTESIAN_POINT ( 'NONE',  ( 0.5639509966025222400, 0.9580738711625363900, 0.5526881631201175900 ) ) ;
#2237 = CARTESIAN_POINT ( 'NONE',  ( -1.184461578092423000, 1.861090846882927700, 0.3436794217745146600 ) ) ;
#2238 = CARTESIAN_POINT ( 'NONE',  ( 0.9245476424938676700, -0.8154172211164237800, -0.8107975516649822400 ) ) ;
#2239 = CARTESIAN_POINT ( 'NONE',  ( 0.9861685091820915300, -2.455695463883769100, -0.7228861873228118500 ) ) ;
#2240 = CARTESIAN_POINT ( 'NONE',  ( 0.8456089884115253200, 1.108323972247790200, -0.8934806617686964500 ) ) ;
#2241 = CARTESIAN_POINT ( 'NONE',  ( 1.219000000000000700, -2.060000000000000500, -4.251167974598269000E-015 ) ) ;
#2242 = CARTESIAN_POINT ( 'NONE',  ( 0.01782880313312734000, 1.767067574069615800, 0.7893502009765320800 ) ) ;
#2243 = CARTESIAN_POINT ( 'NONE',  ( -0.9163697995789181800, -2.500000000000000000, -0.6644504059911166000 ) ) ;
#2244 = CARTESIAN_POINT ( 'NONE',  ( 0.3245768623991827600, -1.788551143568874100, -1.186594196822198000 ) ) ;
#2245 = CARTESIAN_POINT ( 'NONE',  ( 0.1542113742996339100, 2.046051494841394800, -1.220426539645322000 ) ) ;
#2246 = CARTESIAN_POINT ( 'NONE',  ( -1.206067579022651200, -1.158750234185114600, 0.2398996534053765000 ) ) ;
#2247 = CARTESIAN_POINT ( 'NONE',  ( -0.4705899132255335600, -1.287499545968874100, -1.136093022850666900 ) ) ;
#2248 = CARTESIAN_POINT ( 'NONE',  ( -0.3489604620968441200, 1.072902368847788800, -0.7074825312570358600 ) ) ;
#2249 = CARTESIAN_POINT ( 'NONE',  ( 1.218999999999975900, 2.060000000000015600, -1.196809669476056900E-013 ) ) ;
#2250 = CARTESIAN_POINT ( 'NONE',  ( -0.8975113652280398700, 1.695207853825587700, -0.8406176375642205900 ) ) ;
#2251 = CARTESIAN_POINT ( 'NONE',  ( 0.5338856248058786400, 1.108295893832059100, -0.5817603763163489200 ) ) ;
#2252 = CARTESIAN_POINT ( 'NONE',  ( -0.7575018640200463800, 1.861043297276221000, 0.2292787660042000200 ) ) ;
#2253 = CARTESIAN_POINT ( 'NONE',  ( -0.3182765679337749600, -1.888332822701462000, -1.187800724911579600 ) ) ;
#2254 = CARTESIAN_POINT ( 'NONE',  ( 0.7836178982277347500, -2.058423079840775200, -0.05103474450351226000 ) ) ;
#2255 = CARTESIAN_POINT ( 'NONE',  ( 1.106138326408688100, 0.4860322660475252500, -0.5383473391836756100 ) ) ;
#2256 = CARTESIAN_POINT ( 'NONE',  ( 0.8505855692247923400, -2.443471704304668500, -0.8882037499754517100 ) ) ;
#2257 = CARTESIAN_POINT ( 'NONE',  ( -0.5526495977416022700, 2.131869973862744700, -0.5639089003183670500 ) ) ;
#2258 = CARTESIAN_POINT ( 'NONE',  ( 1.047301984802430300, -2.500000000000000000, -0.6209177252329344300 ) ) ;
#2259 = CARTESIAN_POINT ( 'NONE',  ( 0.6781192855158294500, -2.003134549186100800, 1.026405135250261700 ) ) ;
#2260 = CARTESIAN_POINT ( 'NONE',  ( -0.2337092937708104000, 1.745634073547179400, 1.207735262978498100 ) ) ;
#2261 = CARTESIAN_POINT ( 'NONE',  ( 0.8975113652244659500, 0.3647921461735484400, -0.8406176375675652500 ) ) ;
#2262 = CARTESIAN_POINT ( 'NONE',  ( -1.197584530349421700, -0.02145760195670292800, -0.2792288058570445200 ) ) ;
#2263 = CARTESIAN_POINT ( 'NONE',  ( 0.4869928480372205400, 0.3572414776477826300, 0.6215709830210457400 ) ) ;
#2264 = CARTESIAN_POINT ( 'NONE',  ( -0.6558904719981796200, 0.6437340424515503000, 0.4383163541429618800 ) ) ;
#2265 = CARTESIAN_POINT ( 'NONE',  ( 0.8690070911126235300, 2.553712291598184700, -0.8696847421707382100 ) ) ;
#2266 = CARTESIAN_POINT ( 'NONE',  ( -0.2121540332820273100, 0.6147655148761669300, -0.7605843064859376700 ) ) ;
#2267 = CARTESIAN_POINT ( 'NONE',  ( 0.7661825144302300000, 1.636754710976684000, -0.1699086336360738400 ) ) ;
#2268 = CARTESIAN_POINT ( 'NONE',  ( -0.9995576373380594700, -1.823958938889608300, -0.7162810875603673500 ) ) ;
#2269 = CARTESIAN_POINT ( 'NONE',  ( -0.6850045933004680300, -1.879675302387165700, -0.3954877989586066400 ) ) ;
#2270 = CARTESIAN_POINT ( 'NONE',  ( 1.162845753794023300, 1.001032719209095800, 0.4014889125968345000 ) ) ;
#2271 = CARTESIAN_POINT ( 'NONE',  ( -0.6165022684629192200, -2.206666665866814400, 1.067813238164828400 ) ) ;
#2272 = CARTESIAN_POINT ( 'NONE',  ( -0.06936237217004390100, 2.067471245705089000, -0.7865111723538637000 ) ) ;
#2273 = DIRECTION ( 'NONE',  ( 0.0000000000000000000, 0.0000000000000000000, 1.000000000000000000 ) ) ;
#2274 = CARTESIAN_POINT ( 'NONE',  ( 0.4273309969844253900, -2.024593056976128100, 1.153577346618756400 ) ) ;
#2275 = CARTESIAN_POINT ( 'NONE',  ( -0.8743570037771112300, 2.131883836911268000, -0.8653114927115849200 ) ) ;
#2276 = CARTESIAN_POINT ( 'NONE',  ( -0.3952700781599617900, 0.4720829427892297400, -1.164439485753287800 ) ) ;
#2277 = CARTESIAN_POINT ( 'NONE',  ( -0.2398996534053763600, -0.1287502341851098600, -1.206067579022645200 ) ) ;
#2278 = CARTESIAN_POINT ( 'NONE',  ( 0.5456281356036606400, -0.2221146917528328000, 0.5707867514296001100 ) ) ;
#2279 = CARTESIAN_POINT ( 'NONE',  ( -0.2613569654754511200, 1.144777345409534000, 0.7450407774095093600 ) ) ;
#2280 = CARTESIAN_POINT ( 'NONE',  ( 0.9505793745823154500, 1.995585498437209400, 0.7806309407859490800 ) ) ;
#2281 = CARTESIAN_POINT ( 'NONE',  ( -0.6877849334443303400, 0.09974711261664305500, -0.3878645467843100400 ) ) ;
#2282 = CARTESIAN_POINT ( 'NONE',  ( 0.1801910073522685100, 1.714371871596148500, -0.7706767041473968600 ) ) ;
#2283 = CARTESIAN_POINT ( 'NONE',  ( -0.04023864898589386100, -1.909791061818562500, -1.229042911272103100 ) ) ;
#2284 = CARTESIAN_POINT ( 'NONE',  ( 0.5456358797401668100, -2.116528152649456400, 0.5698489651209923700 ) ) ;
#2285 = CARTESIAN_POINT ( 'NONE',  ( 0.3952700781399677800, 1.587917057212370400, -1.164439485758853800 ) ) ;
#2286 = CARTESIAN_POINT ( 'NONE',  ( 0.2856839678121440600, -2.024608363345055100, 0.7361137134212456500 ) ) ;
#2287 = CARTESIAN_POINT ( 'NONE',  ( -1.233013298231351100, -2.716999999913661100, 6.704739490967484500E-007 ) ) ;
#2288 = CARTESIAN_POINT ( 'NONE',  ( 1.100428803557479900, -0.4001983593293619300, -0.5498160614203400100 ) ) ;
#2289 = CARTESIAN_POINT ( 'NONE',  ( -0.4918815321375106800, -2.499999999999999100, -1.059781300187628800 ) ) ;
#2290 = CARTESIAN_POINT ( 'NONE',  ( -0.9291121308017530300, -0.3723013574805985600, 0.8062893656207278400 ) ) ;
#2291 = CARTESIAN_POINT ( 'NONE',  ( -1.106086476732494100, 1.573967733758687900, -0.5383238473179429200 ) ) ;
#2292 = CARTESIAN_POINT ( 'NONE',  ( 0.4331610121514535300, -0.4077086539578738100, 1.150892356813197000 ) ) ;
#2293 = CARTESIAN_POINT ( 'NONE',  ( 1.187801319991360800, 0.8583327726309164500, 0.3182765988274386400 ) ) ;
#2294 = CARTESIAN_POINT ( 'NONE',  ( -0.5883028260629626900, -0.3723175095695800400, 0.5266663369767420300 ) ) ;
#2295 = CARTESIAN_POINT ( 'NONE',  ( 0.4016849878142089700, 0.2435310803920850400, -0.6797624990084036900 ) ) ;
#2296 = CARTESIAN_POINT ( 'NONE',  ( 0.1284621388706986600, 0.7510040344656924200, 0.7783253155229358200 ) ) ;
#2297 = CARTESIAN_POINT ( 'NONE',  ( 1.208924451722508600, 2.512616074464378600, -0.2428084996511877800 ) ) ;
#2298 = CARTESIAN_POINT ( 'NONE',  ( 0.2613776577936156600, 0.9151664983458222000, 0.7450939855006325500 ) ) ;
#2299 = CARTESIAN_POINT ( 'NONE',  ( -1.164439485753312500, -0.5579170572107777800, 0.3952700781599074500 ) ) ;
#2300 = CARTESIAN_POINT ( 'NONE',  ( 1.172256747532121900, -1.642863284047794600, 0.3382440736029145900 ) ) ;
#2301 = CARTESIAN_POINT ( 'NONE',  ( -1.044260491328600200, 0.5364585286594849600, -0.6493608992125808900 ) ) ;
#2302 = CARTESIAN_POINT ( 'NONE',  ( -0.6052723471583860700, -1.552543224819816500, 0.5070803536306202100 ) ) ;
#2303 = CARTESIAN_POINT ( 'NONE',  ( -0.8718658692940466400, -2.225000000214246500, 0.8718658729890017600 ) ) ;
#2304 = CARTESIAN_POINT ( 'NONE',  ( -0.4393010449497152800, -0.8508235589290443800, -1.149012459229692900 ) ) ;
#2305 = CARTESIAN_POINT ( 'NONE',  ( -0.2089516533349690700, -2.500000000000000000, -0.7970755691796216300 ) ) ;
#2306 = CARTESIAN_POINT ( 'NONE',  ( -0.8653504108362022300, -1.101883835075365200, -0.8743985441466417500 ) ) ;
#2307 = CARTESIAN_POINT ( 'NONE',  ( -3.473398348951371600E-011, -1.030000000002639900, 1.229708064287341300 ) ) ;
#2308 = CARTESIAN_POINT ( 'NONE',  ( -0.7485916255371006800, 0.08583317647099637800, 0.9755813789846820000 ) ) ;
#2309 = CARTESIAN_POINT ( 'NONE',  ( 1.044260491308581600, 1.523541471343503600, -0.6493608992459769500 ) ) ;
#2310 = CARTESIAN_POINT ( 'NONE',  ( -0.4453549600243633100, 0.05684469044164116400, -0.6520235804406096000 ) ) ;
#2311 = CARTESIAN_POINT ( 'NONE',  ( 0.7450407774095122400, 0.1147773454095390600, 0.2613569654754947500 ) ) ;
#2312 = CARTESIAN_POINT ( 'NONE',  ( 0.7485875889966865400, 1.974177034658750800, 0.9754466591716612900 ) ) ;
#2313 = CARTESIAN_POINT ( 'NONE',  ( -0.7647419984108617700, 1.301425294954232900, -0.1965860469132753900 ) ) ;
#2314 = CARTESIAN_POINT ( 'NONE',  ( 0.8507709100056443100, 2.116502539559191700, -0.8878286714432068700 ) ) ;
#2315 = CARTESIAN_POINT ( 'NONE',  ( -0.8406176375675312700, -0.6652078538264586400, -0.8975113652245072500 ) ) ;
#2316 = CARTESIAN_POINT ( 'NONE',  ( 1.218976202506800300, -1.627570299192152600, 0.09649383533037338100 ) ) ;
#2317 = CARTESIAN_POINT ( 'NONE',  ( 0.7396074492510426000, 2.500000000000000000, 0.2606535706139300200 ) ) ;
#2318 = CARTESIAN_POINT ( 'NONE',  ( 0.6928912845485399900, -2.454449892786360300, -0.3746455391708775600 ) ) ;
#2319 = CARTESIAN_POINT ( 'NONE',  ( 0.7775109608403063500, 2.512600105416643800, -0.1439879420042196300 ) ) ;
#2320 = CARTESIAN_POINT ( 'NONE',  ( 0.8653114926824289100, -0.9581161630887565800, -0.8743570037595513900 ) ) ;
#2321 = CARTESIAN_POINT ( 'NONE',  ( -0.9813011294892757300, -2.499999999999999600, -0.03198985439526868400 ) ) ;
#2322 = CARTESIAN_POINT ( 'NONE',  ( -0.6441843075799309500, -1.123342361736499300, -1.048052748381858200 ) ) ;
#2323 = CARTESIAN_POINT ( 'NONE',  ( 0.2792288058155946700, -1.008542398046557800, 1.197584530361343900 ) ) ;
#2324 = CARTESIAN_POINT ( 'NONE',  ( -0.2398996534053763600, -0.1287502341851098600, -1.206067579022645200 ) ) ;
#2325 = CARTESIAN_POINT ( 'NONE',  ( 0.8695246996649929100, 1.545000000001724800, -0.8695246996968382100 ) ) ;
#2326 = CARTESIAN_POINT ( 'NONE',  ( -0.1965860471683366900, 0.2714252949406290000, 0.7647419985653508600 ) ) ;
#2327 = CARTESIAN_POINT ( 'NONE',  ( -0.6746809723691885600, 1.080409997118636300, 0.4101583215337669100 ) ) ;
#2328 = CARTESIAN_POINT ( 'NONE',  ( -1.665190047187642100E-006, 2.169954691979321600, -0.7909859430977483900 ) ) ;
#2329 = CARTESIAN_POINT ( 'NONE',  ( -0.2041204090087364600, -1.888375406024680900, -0.7619995490369503300 ) ) ;
#2330 = CARTESIAN_POINT ( 'NONE',  ( -3.270766437965237500E-006, 2.389999522950336800, 1.233011129243778200 ) ) ;
#2331 = CARTESIAN_POINT ( 'NONE',  ( -0.9505710321984589500, 0.06437464730445410800, 0.7801092823900202000 ) ) ;
#2332 = CARTESIAN_POINT ( 'NONE',  ( 1.219000000000000100, -2.936999999999999400, 0.0000000000000000000 ) ) ;
#2333 = CARTESIAN_POINT ( 'NONE',  ( 0.5817603763163131700, -1.981704106167941700, 0.5338856248059358200 ) ) ;
#2334 = CARTESIAN_POINT ( 'NONE',  ( 0.8507709159174721100, 2.443497464343363600, 0.8878286034729034900 ) ) ;
#2335 = CARTESIAN_POINT ( 'NONE',  ( 0.3893477807063006100, -0.9151990930999702700, -1.166892975666388800 ) ) ;
#2336 = CARTESIAN_POINT ( 'NONE',  ( -0.9633902177600601700, -2.500000000000000000, -0.05979687788913937200 ) ) ;
#2337 = CARTESIAN_POINT ( 'NONE',  ( -0.8456089884116216900, -0.9516760277522217100, 0.8934806617685965300 ) ) ;
#2338 = CARTESIAN_POINT ( 'NONE',  ( 1.022467019816279100, -1.416250663890784800, -0.6831815811535990600 ) ) ;
#2339 = CARTESIAN_POINT ( 'NONE',  ( -0.8107975411074260800, 1.845417225561095000, 0.9245476066917834900 ) ) ;
#2340 = CARTESIAN_POINT ( 'NONE',  ( 0.08042515269649822000, 1.330416587397293500, 1.227061010144715200 ) ) ;
#2341 = CARTESIAN_POINT ( 'NONE',  ( 0.5338856248058786400, 1.108295893832059100, -0.5817603763163489200 ) ) ;
#2342 = CARTESIAN_POINT ( 'NONE',  ( 0.7849185907222560000, 0.1362283221002964500, 0.08538005462016028100 ) ) ;
#2343 = CARTESIAN_POINT ( 'NONE',  ( 0.2047141844937607800, -2.408345257142465300, -0.7640391719102318500 ) ) ;
#2344 = CARTESIAN_POINT ( 'NONE',  ( 1.219000000000000100, 2.500000000000000000, -2.103522955121482700E-014 ) ) ;
#2345 = CARTESIAN_POINT ( 'NONE',  ( -0.7159142651409725600, 1.365782463573688600, 0.3331209884520571800 ) ) ;
#2346 = CARTESIAN_POINT ( 'NONE',  ( -0.3191240921756243700, 2.371666800028122200, 1.190989200620927500 ) ) ;
#2347 = CARTESIAN_POINT ( 'NONE',  ( 0.5796874518068031400, -0.1931257010629412200, -1.084501027639208600 ) ) ;
#2348 = CARTESIAN_POINT ( 'NONE',  ( -0.5593173142974473500, -2.772008739107103500, -0.5593156306013544700 ) ) ;
#2349 = CARTESIAN_POINT ( 'NONE',  ( -0.006405727621018617600, 1.473114470038071400, 1.230178922429334000 ) ) ;
#2350 = CARTESIAN_POINT ( 'NONE',  ( 1.020018404682211800, 2.458718596174465500, 0.6821189772798804700 ) ) ;
#2351 = APPROVAL_DATE_TIME ( #3296, #4283 ) ;
#2352 = CARTESIAN_POINT ( 'NONE',  ( 1.153523442073632700, -1.065406944671480200, 0.4273127066447082200 ) ) ;
#2353 = CARTESIAN_POINT ( 'NONE',  ( -0.9907728345894812900, -2.499999999999994700, -0.02372218916090771500 ) ) ;
#2354 = CARTESIAN_POINT ( 'NONE',  ( 0.5742475678267676700, -1.423759811294103700, 1.087933426248150800 ) ) ;
#2355 = CARTESIAN_POINT ( 'NONE',  ( 1.120083624685090000, -0.9227082935820557500, 0.5075029183095822700 ) ) ;
#2356 = CARTESIAN_POINT ( 'NONE',  ( 0.8695246996649929100, 1.545000000001724800, -0.8695246996968382100 ) ) ;
#2357 = CARTESIAN_POINT ( 'NONE',  ( -0.8975113652280399800, 1.695207853825588100, -0.8406176375642208100 ) ) ;
#2358 = CC_DESIGN_APPROVAL ( #4283, ( #3644 ) ) ;
#2359 = CARTESIAN_POINT ( 'NONE',  ( -0.7001374514170606300, 1.279973201501380700, -0.3650812805811047800 ) ) ;
#2360 = CARTESIAN_POINT ( 'NONE',  ( -0.4101583215287664100, 2.110409997112697900, -0.6746809723629548800 ) ) ;
#2361 = CARTESIAN_POINT ( 'NONE',  ( 0.6544170351007051500, 2.101276872893230100, -0.4374143136918475800 ) ) ;
#2362 = CARTESIAN_POINT ( 'NONE',  ( 0.5392150451836675900, -1.394806009236726300, -0.5758039591960633100 ) ) ;
#2363 = CARTESIAN_POINT ( 'NONE',  ( 1.203260228517470300, 2.074125675918066400, -0.2458867099239280300 ) ) ;
#2364 = CARTESIAN_POINT ( 'NONE',  ( -0.3569623215934276700, -0.7081248816623184600, -1.176743586231557200 ) ) ;
#2365 = CARTESIAN_POINT ( 'NONE',  ( 0.2047169780773870400, -2.588672066420076400, 0.7640276328040235300 ) ) ;
#2366 = CARTESIAN_POINT ( 'NONE',  ( -0.5639509966024771600, -1.101926128837466400, -0.5526881631201701100 ) ) ;
#2367 = CARTESIAN_POINT ( 'NONE',  ( 0.8507709100056443100, 2.116502539559191700, -0.8878286714432068700 ) ) ;
#2368 = CARTESIAN_POINT ( 'NONE',  ( 1.081841581513040200, 0.7800096542793443200, -0.5855173073677306700 ) ) ;
#2369 = CARTESIAN_POINT ( 'NONE',  ( -1.043396597204143000, -2.500000000000002700, -0.09986440953697249500 ) ) ;
#2370 = CARTESIAN_POINT ( 'NONE',  ( 1.166947447045492100, -0.1148009063135192200, -0.3893643071844396000 ) ) ;
#2371 = CARTESIAN_POINT ( 'NONE',  ( 0.7162810793370290000, -0.7939589402879452300, -0.9995576333987668000 ) ) ;
#2372 = CARTESIAN_POINT ( 'NONE',  ( -0.9245476424937950600, 1.244582778883587000, 0.8107975516650469700 ) ) ;
#2373 = CARTESIAN_POINT ( 'NONE',  ( 1.219000000000002300, -2.064570298591450900, 0.07955646403930087500 ) ) ;
#2374 = CARTESIAN_POINT ( 'NONE',  ( 0.03385053581244972000, 1.466647855819893200, -0.7888458882821388600 ) ) ;
#2375 = ADVANCED_FACE ( 'NONE', ( #3353 ), #857, .T. ) ;
#2376 = CARTESIAN_POINT ( 'NONE',  ( 0.7836113990190499700, -2.495423079846702300, -0.05103360071351569600 ) ) ;
#2377 = CARTESIAN_POINT ( 'NONE',  ( 0.5457297793330769800, 2.116431233235843500, -0.5696366582035535800 ) ) ;
#2378 = CARTESIAN_POINT ( 'NONE',  ( -0.2778911917008560800, -1.652323001378720500, 0.7383081421110022600 ) ) ;
#2379 = CARTESIAN_POINT ( 'NONE',  ( -0.8975113652280399800, 1.695207853825588100, -0.8406176375642208100 ) ) ;
#2380 = CARTESIAN_POINT ( 'NONE',  ( 0.4594512098477066000, -0.7939735927953715000, -0.6412610925162917100 ) ) ;
#2381 = CARTESIAN_POINT ( 'NONE',  ( 0.1714229310476888000, -0.6083573922946984300, -0.7707810834147760200 ) ) ;
#2382 = CARTESIAN_POINT ( 'NONE',  ( -0.3191240922089518800, 2.188333199994331000, -1.190989201012616400 ) ) ;
#2383 = CARTESIAN_POINT ( 'NONE',  ( -0.8455687376249305700, 0.9516760277556564100, -0.8934404109185111200 ) ) ;
#2384 = CARTESIAN_POINT ( 'NONE',  ( 1.219000000000000700, -2.054131401692277600, -0.07636929509922944800 ) ) ;
#2385 = CARTESIAN_POINT ( 'NONE',  ( 0.3893643071845265300, 0.9151990936864854400, 1.166947447045544300 ) ) ;
#2386 = CARTESIAN_POINT ( 'NONE',  ( -1.164439485758842300, 0.5579170572123639500, -0.3952700781400474400 ) ) ;
#2387 = CARTESIAN_POINT ( 'NONE',  ( 0.8406176375676037700, 1.394792146173552400, 0.8975113652244213200 ) ) ;
#2388 = CARTESIAN_POINT ( 'NONE',  ( 0.8505855692248059900, -2.116528295695332400, 0.8882037499754384900 ) ) ;
#2389 =( BOUNDED_SURFACE ( )  B_SPLINE_SURFACE ( 3, 3, ( 
 ( #2725, #1568, #1246, #4112, #1947, #4468, #153, #3758, #2967, #4402, #1211, #486, #4096, #2675, #520, #3031, #2996, #3357, #3725, #845, #2658, #89, #1182, #1931, #2611, #3342, #3709, #813, #454 ),
 ( #3326, #4452, #2297, #3693, #1898, #2265, #103, #2626, #470, #1196, #2981, #829, #1673, #4229, #2013, #2176, #3955, #2881, #1823, #4670, #4347, #3969, #3571, #2523, #3252, #722, #1840, #2568, #379 ),
 ( #4362, #1421, #3939, #1808, #31, #4331, #13, #2925, #2552, #3206, #361, #1450, #395, #2144, #1778, #4301, #753, #2895, #2192, #2867, #2911, #411, #4657, #707, #2507, #347, #1122, #3237, #2537 ),
 ( #46, #1091, #736, #1107, #3221, #1076, #3617, #3601, #3587, #1464, #3988, #1435, #1794, #3267, #3633, #1480, #4002, #2208, #1060, #4316, #2158, #831, #3282, #4437, #1198, #3314, #3344, #91, #4051 ),
 ( #1554, #1151, #2267, #3680, #3695, #488, #2613, #2282, #105, #2628, #1538, #472, #121, #4018, #1916, #2252, #1168, #456, #2983, #1900, #4081, #2599, #4404, #2969, #440, #1184, #3712, #2221, #815 ),
 ( #1136, #1523, #4419, #2954, #798, #2644, #1884, #3328, #4065, #1854, #58, #770, #3650, #1493, #4390, #2237, #74, #4376, #3665, #425, #4035, #2582, #1508, #2939, #783, #3298, #1868, #3760, #3359 ),
 ( #2678, #1633, #2363, #171, #3413, #3777, #866, #3049, #538, #3017, #1213, #3430, #1999, #504, #3378, #1231, #1617, #3744, #3065, #2998, #2330, #522, #2660, #1264, #1570, #4098, #1933, #3034, #4520 ) ),
 .UNSPECIFIED., .T., .F., .F. ) 
 B_SPLINE_SURFACE_WITH_KNOTS ( ( 4, 3, 4 ),
 ( 4, 1, 1, 1, 1, 1, 1, 1, 1, 1, 1, 1, 1, 1, 1, 1, 1, 1, 1, 1, 1, 1, 1, 1, 1, 1, 4 ),
 ( 0.0000000000000000000, 0.5000000000000000000, 1.000000000000000000 ),
 ( 0.0000000000000000000, 0.03127834569134398800, 0.06256254350986367700, 0.09383128350989790300, 0.1251177538367214100, 0.1667700907992237000, 0.2084242988343915400, 0.2500779239171467800, 0.2917317157799177400, 0.3333854633344309200, 0.3750392218049231600, 0.4166929778175634800, 0.4583467343172302800, 0.5000004907394540700, 0.5416542471616778700, 0.5833080036613447200, 0.6249617596739859300, 0.6666155181444732800, 0.7082692656990067200, 0.7499230575616974100, 0.7915766826447495600, 0.8332308906788924400, 0.8748832276446547600, 0.9061696979505987600, 0.9374384379290202600, 0.9687226357772174000, 1.000000000000000000 ),
 .UNSPECIFIED. ) 
 GEOMETRIC_REPRESENTATION_ITEM ( )  RATIONAL_B_SPLINE_SURFACE ( (
 ( 1.000000000000000000, 1.000000000000000000, 0.9999999999999997800, 1.000000000000000400, 0.9999999999999997800, 1.000000000000000000, 1.000000000000000400, 0.9999999999999996700, 1.000000000000000000, 1.000000000000000000, 1.000000000000000000, 1.000000000000000000, 1.000000000000000200, 1.000000000000000000, 1.000000000000000400, 1.000000000000000000, 1.000000000000000000, 1.000000000000000000, 1.000000000000000400, 0.9999999999999994400, 1.000000000000000400, 1.000000000000000000, 1.000000000000000000, 1.000000000000000000, 0.9999999999999997800, 1.000000000000000400, 1.000000000000000000, 1.000000000000000000, 1.000000000000000000),
 ( 0.3333333333333333700, 0.3333333333333333700, 0.3333333333333333100, 0.3333333333333334800, 0.3333333333333333700, 0.3333333333333333700, 0.3333333333333334800, 0.3333333333333333700, 0.3333333333333333700, 0.3333333333333333100, 0.3333333333333334300, 0.3333333333333333100, 0.3333333333333333700, 0.3333333333333334300, 0.3333333333333335400, 0.3333333333333333100, 0.3333333333333334300, 0.3333333333333333100, 0.3333333333333334300, 0.3333333333333332600, 0.3333333333333335400, 0.3333333333333333700, 0.3333333333333333700, 0.3333333333333333700, 0.3333333333333333100, 0.3333333333333334800, 0.3333333333333332600, 0.3333333333333333700, 0.3333333333333333700),
 ( 0.3333333333333333700, 0.3333333333333333700, 0.3333333333333333100, 0.3333333333333334800, 0.3333333333333333700, 0.3333333333333333700, 0.3333333333333334800, 0.3333333333333333700, 0.3333333333333333700, 0.3333333333333333100, 0.3333333333333334300, 0.3333333333333333100, 0.3333333333333333700, 0.3333333333333334300, 0.3333333333333335400, 0.3333333333333333100, 0.3333333333333334300, 0.3333333333333333100, 0.3333333333333334300, 0.3333333333333332600, 0.3333333333333335400, 0.3333333333333333700, 0.3333333333333333700, 0.3333333333333333700, 0.3333333333333333100, 0.3333333333333334800, 0.3333333333333332600, 0.3333333333333333700, 0.3333333333333333700),
 ( 1.000000000000000000, 1.000000000000000000, 0.9999999999999997800, 1.000000000000000400, 0.9999999999999997800, 1.000000000000000000, 1.000000000000000400, 0.9999999999999996700, 1.000000000000000000, 1.000000000000000000, 1.000000000000000000, 1.000000000000000000, 1.000000000000000200, 1.000000000000000000, 1.000000000000000400, 1.000000000000000000, 1.000000000000000000, 1.000000000000000000, 1.000000000000000400, 0.9999999999999994400, 1.000000000000000400, 1.000000000000000000, 1.000000000000000000, 1.000000000000000000, 0.9999999999999997800, 1.000000000000000400, 1.000000000000000000, 1.000000000000000000, 1.000000000000000000),
 ( 0.3333333333333333700, 0.3333333333333333700, 0.3333333333333333100, 0.3333333333333334800, 0.3333333333333333700, 0.3333333333333333700, 0.3333333333333334800, 0.3333333333333333700, 0.3333333333333333700, 0.3333333333333333100, 0.3333333333333334300, 0.3333333333333333100, 0.3333333333333333700, 0.3333333333333334300, 0.3333333333333335400, 0.3333333333333333100, 0.3333333333333334300, 0.3333333333333333100, 0.3333333333333334300, 0.3333333333333332600, 0.3333333333333335400, 0.3333333333333333700, 0.3333333333333333700, 0.3333333333333333700, 0.3333333333333333100, 0.3333333333333334800, 0.3333333333333332600, 0.3333333333333333700, 0.3333333333333333700),
 ( 0.3333333333333333700, 0.3333333333333333700, 0.3333333333333333100, 0.3333333333333334800, 0.3333333333333333700, 0.3333333333333333700, 0.3333333333333334800, 0.3333333333333333700, 0.3333333333333333700, 0.3333333333333333100, 0.3333333333333334300, 0.3333333333333333100, 0.3333333333333333700, 0.3333333333333334300, 0.3333333333333335400, 0.3333333333333333100, 0.3333333333333334300, 0.3333333333333333100, 0.3333333333333334300, 0.3333333333333332600, 0.3333333333333335400, 0.3333333333333333700, 0.3333333333333333700, 0.3333333333333333700, 0.3333333333333333100, 0.3333333333333334800, 0.3333333333333332600, 0.3333333333333333700, 0.3333333333333333700),
 ( 1.000000000000000000, 1.000000000000000000, 0.9999999999999997800, 1.000000000000000400, 0.9999999999999997800, 1.000000000000000000, 1.000000000000000400, 0.9999999999999996700, 1.000000000000000000, 1.000000000000000000, 1.000000000000000000, 1.000000000000000000, 1.000000000000000200, 1.000000000000000000, 1.000000000000000400, 1.000000000000000000, 1.000000000000000000, 1.000000000000000000, 1.000000000000000400, 0.9999999999999994400, 1.000000000000000400, 1.000000000000000000, 1.000000000000000000, 1.000000000000000000, 0.9999999999999997800, 1.000000000000000400, 1.000000000000000000, 1.000000000000000000, 1.000000000000000000) ) ) 
 REPRESENTATION_ITEM ( '' )  SURFACE ( )  );
#2390 = CARTESIAN_POINT ( 'NONE',  ( 0.2730903719279136300, -1.494571777056658900, -1.199453275101638700 ) ) ;
#2391 = CARTESIAN_POINT ( 'NONE',  ( 0.9861685091820914200, -2.455695463883768700, -0.7228861873228119600 ) ) ;
#2392 = CARTESIAN_POINT ( 'NONE',  ( -0.7884390795073866800, -1.180223390496757600, -0.02575230012362992100 ) ) ;
#2393 = CARTESIAN_POINT ( 'NONE',  ( -0.1290382183209440300, 2.499999999999999600, 1.178348930925708500 ) ) ;
#2394 = CARTESIAN_POINT ( 'NONE',  ( 0.3943863135581627300, -1.373350789052731000, -0.6831937410584735200 ) ) ;
#2395 = CARTESIAN_POINT ( 'NONE',  ( 0.7873687501156021500, -1.316508759018459700, -0.05959083917386321500 ) ) ;
#2396 = CARTESIAN_POINT ( 'NONE',  ( 0.3734557237427979500, 2.863840144055074300, 0.6977716699536166100 ) ) ;
#2397 = CARTESIAN_POINT ( 'NONE',  ( 1.166892975666369500, 0.1148009069000331100, 0.3893477807063131000 ) ) ;
#2398 = CARTESIAN_POINT ( 'NONE',  ( -0.5796874744620733600, -1.866874284358000400, -1.084501176316412700 ) ) ;
#2399 = CARTESIAN_POINT ( 'NONE',  ( -0.1940852849073620400, 1.194158149961575400, -1.214801807935167200 ) ) ;
#2400 = CARTESIAN_POINT ( 'NONE',  ( -0.7485916255693069200, -0.08583317646785303100, -0.9755813789593316100 ) ) ;
#2401 = EDGE_LOOP ( 'NONE', ( #3469, #2112, #4423, #2951 ) ) ;
#2402 = CARTESIAN_POINT ( 'NONE',  ( -1.213270992568735900, 1.781041939936350600, 0.2003143265794188100 ) ) ;
#2403 = CARTESIAN_POINT ( 'NONE',  ( 0.7820000036282621600, 2.499943779930883500, -3.229687328048993600E-006 ) ) ;
#2404 = CARTESIAN_POINT ( 'NONE',  ( -0.7288337030821280300, 1.802458450185974200, 0.3018321296867899100 ) ) ;
#2405 = VECTOR ( 'NONE', #755, 39.37007874015748100 ) ;
#2406 = CARTESIAN_POINT ( 'NONE',  ( 0.2121368750471210600, 1.445178326757444300, -0.7605298587753057700 ) ) ;
#2407 = CARTESIAN_POINT ( 'NONE',  ( 0.7075302414502158100, -2.017496941973710100, -0.3478810623670476900 ) ) ;
#2408 = CARTESIAN_POINT ( 'NONE',  ( 1.219000000000000700, -2.060000000000000500, -4.251167974598269000E-015 ) ) ;
#2409 = CARTESIAN_POINT ( 'NONE',  ( 0.02575665111270301900, 0.1501672336709194100, 0.7884389382211388600 ) ) ;
#2410 = CARTESIAN_POINT ( 'NONE',  ( -0.4165928773178057500, -0.4935768677987125700, 0.6698812358309516000 ) ) ;
#2411 = CARTESIAN_POINT ( 'NONE',  ( 0.3734992092705763400, 1.696054952091658100, -0.6976877527477920400 ) ) ;
#2412 = CARTESIAN_POINT ( 'NONE',  ( 0.7019344524585544600, -2.500000000000000000, -0.3518594068681412100 ) ) ;
#2413 = CARTESIAN_POINT ( 'NONE',  ( 0.8456089884115253200, 1.108323972247790200, -0.8934806617686964500 ) ) ;
#2414 = CARTESIAN_POINT ( 'NONE',  ( -0.9505710321984589500, 0.06437464730445410800, 0.7801092823900202000 ) ) ;
#2415 = CARTESIAN_POINT ( 'NONE',  ( -0.3509844295410031200, -2.325008975773466400, -1.179073698502154600 ) ) ;
#2416 = CARTESIAN_POINT ( 'NONE',  ( 1.070482323322208500, -2.027861069579441500, -0.5873386247660342700 ) ) ;
#2417 = CARTESIAN_POINT ( 'NONE',  ( 0.7817044388810626700, -1.043990742895176500, 0.1110632885981515500 ) ) ;
#2418 = CARTESIAN_POINT ( 'NONE',  ( 0.7770460695400475100, -1.601441819290073000, -0.1366423416513981000 ) ) ;
#2419 = CARTESIAN_POINT ( 'NONE',  ( 1.206432414593671800, -1.603192338667028800, -0.2290000407936944600 ) ) ;
#2420 = CARTESIAN_POINT ( 'NONE',  ( -0.7548901246460098000, -1.738157477025291700, 0.2289756721455014600 ) ) ;
#2421 = CARTESIAN_POINT ( 'NONE',  ( -0.6831815811807694400, -1.673749336112125800, 1.022467019795990400 ) ) ;
#2422 = CARTESIAN_POINT ( 'NONE',  ( 0.2778952660025315000, -0.4077331554480775900, 0.7383066083379672400 ) ) ;
#2423 = CARTESIAN_POINT ( 'NONE',  ( 0.6285440567493270100, 2.499999999999999600, 1.030556801201188300 ) ) ;
#2424 = CARTESIAN_POINT ( 'NONE',  ( 0.5758039591960474300, -0.3648060092366908200, 0.5392150451836740200 ) ) ;
#2425 = CARTESIAN_POINT ( 'NONE',  ( -0.7640312062527160300, 2.298285784003499800, 0.2047244006620982900 ) ) ;
#2426 = CARTESIAN_POINT ( 'NONE',  ( -0.4705899132255336700, -1.287499545968873800, -1.136093022850667200 ) ) ;
#2427 = CARTESIAN_POINT ( 'NONE',  ( 0.1142048109835825800, 0.8937405607022422800, 1.224873463273936400 ) ) ;
#2428 = CARTESIAN_POINT ( 'NONE',  ( -0.6262547088344023700, 2.500000000000002700, 0.5908454569003358500 ) ) ;
#2429 = CARTESIAN_POINT ( 'NONE',  ( 1.064947164962951800, -0.3433336462691711200, 0.6148508074489288400 ) ) ;
#2430 = CARTESIAN_POINT ( 'NONE',  ( -0.8743985441640963500, -2.131883835072886600, 0.8653504108330121200 ) ) ;
#2431 = CARTESIAN_POINT ( 'NONE',  ( -1.190990926148282900, -2.298333333319051400, -0.3191250571005480600 ) ) ;
#2432 = CARTESIAN_POINT ( 'NONE',  ( 0.7045382380517645200, -0.4860618719872031900, 0.3563897989976730400 ) ) ;
#2433 = CARTESIAN_POINT ( 'NONE',  ( -0.1714125474015079600, -1.451699340479756500, -0.7707254364381809200 ) ) ;
#2434 = CARTESIAN_POINT ( 'NONE',  ( -0.4393010449497152800, -0.8508235589290443800, -1.149012459229692900 ) ) ;
#2435 = CARTESIAN_POINT ( 'NONE',  ( -0.4947269250998537800, 1.408706753320913400, 0.6154369592711044200 ) ) ;
#2436 = CARTESIAN_POINT ( 'NONE',  ( -0.7185335892839785900, -1.137318257500044900, 0.3255728351180677800 ) ) ;
#2437 = CARTESIAN_POINT ( 'NONE',  ( 0.7819609648831576900, 2.496961123357449800, 0.02933749428252773300 ) ) ;
#2438 = CARTESIAN_POINT ( 'NONE',  ( 0.7821276785823015900, -1.459204697788604000, -0.1029297548487315100 ) ) ;
#2439 = CARTESIAN_POINT ( 'NONE',  ( 0.7820000017367364500, 2.062497289315210500, -0.04415032899703032900 ) ) ;
#2440 = CARTESIAN_POINT ( 'NONE',  ( 1.197590302837162800, -2.037952603205367600, -0.2869049855897291600 ) ) ;
#2441 = CARTESIAN_POINT ( 'NONE',  ( 0.1965860471683706400, -1.788574705059363900, -0.7647419985653388700 ) ) ;
#2442 = EDGE_CURVE ( 'NONE', #3234, #255, #889, .T. ) ;
#2443 = CARTESIAN_POINT ( 'NONE',  ( -0.5751550229691875200, 2.500000000000001800, 0.6327524055202027300 ) ) ;
#2444 = CARTESIAN_POINT ( 'NONE',  ( 1.227061010144722400, 0.3004165873972898200, -0.08042515269644816300 ) ) ;
#2445 = CARTESIAN_POINT ( 'NONE',  ( -1.196581367866885700, -1.638343193033979800, -0.2855833861502175600 ) ) ;
#2446 = CARTESIAN_POINT ( 'NONE',  ( -0.3954872443782973500, -1.916341777619147600, -0.6850048726335598000 ) ) ;
#2447 = CARTESIAN_POINT ( 'NONE',  ( 0.6746809723692224200, -0.9795900028813655500, -0.4101583215337558100 ) ) ;
#2448 = CARTESIAN_POINT ( 'NONE',  ( -0.02575239201435152200, 1.909774862311944200, 0.7884403976494570600 ) ) ;
#2449 = CARTESIAN_POINT ( 'NONE',  ( -1.134028922924913600, -0.7006156788765938200, 0.4766584975168261500 ) ) ;
#2450 = CARTESIAN_POINT ( 'NONE',  ( -0.7288353679152737000, -1.802514607011535000, -0.3018281073132688700 ) ) ;
#2451 = CARTESIAN_POINT ( 'NONE',  ( 0.6520235804405676300, 1.086844690441662400, -0.4453549600243788000 ) ) ;
#2452 = CARTESIAN_POINT ( 'NONE',  ( -0.7682512321266773400, 0.02144146445144688000, 0.1791814861535502800 ) ) ;
#2453 = CARTESIAN_POINT ( 'NONE',  ( -0.8691115455960578600, 2.499999999999999600, 0.7347708086162768600 ) ) ;
#2454 = CARTESIAN_POINT ( 'NONE',  ( -0.7074844577727053000, -0.04295852567276483400, -0.3489565582685610900 ) ) ;
#2455 = CARTESIAN_POINT ( 'NONE',  ( 0.7185353860044062500, -0.9227378993279339300, 0.3255688699892387800 ) ) ;
#2456 = CARTESIAN_POINT ( 'NONE',  ( -0.3954894766715670300, 2.353285496651791800, 0.6850138214161158900 ) ) ;
#2457 = CARTESIAN_POINT ( 'NONE',  ( 0.7162810793370290000, -0.7939589402879452300, -0.9995576333987668000 ) ) ;
#2458 = CARTESIAN_POINT ( 'NONE',  ( -0.7707810834148006700, -1.638357392294720500, -0.1714229310476904400 ) ) ;
#2459 = CARTESIAN_POINT ( 'NONE',  ( -0.2145660155654174100, 2.500000000000001300, 0.7950130342336009200 ) ) ;
#2460 = CARTESIAN_POINT ( 'NONE',  ( -1.206067579028955000, 1.158750234187890400, -0.2398996533697149700 ) ) ;
#2461 = PERSON_AND_ORGANIZATION ( #3954, #766 ) ;
#2462 = CARTESIAN_POINT ( 'NONE',  ( -1.019291469817694700, -2.260634895434309000, -0.6887761803408054600 ) ) ;
#2463 = CARTESIAN_POINT ( 'NONE',  ( 0.7752565283500549900, -2.489297942807100500, -0.1194677669882142800 ) ) ;
#2464 = CARTESIAN_POINT ( 'NONE',  ( -0.2121368750471680500, -0.6148216732425817500, 0.7605298587752893400 ) ) ;
#2465 = CARTESIAN_POINT ( 'NONE',  ( 0.6312803564282599700, -1.558926358579922900, -0.4736412155299989900 ) ) ;
#2466 = CARTESIAN_POINT ( 'NONE',  ( 1.162792479127131600, -1.001032718752408600, -0.4014688637102140600 ) ) ;
#2467 = CARTESIAN_POINT ( 'NONE',  ( 0.3955081935537900200, -2.133348397660412000, 0.6849880396598908600 ) ) ;
#2468 = CARTESIAN_POINT ( 'NONE',  ( 1.208528937583166000, -2.507686605939879700, 0.1856207209764524600 ) ) ;
#2469 = CARTESIAN_POINT ( 'NONE',  ( -0.7469772529038437600, 0.5578762067535796300, -0.2536189270951678700 ) ) ;
#2470 = CARTESIAN_POINT ( 'NONE',  ( -0.1539315335441815400, 0.1287135394720703400, 0.7736902768968518800 ) ) ;
#2471 = AXIS2_PLACEMENT_3D ( 'NONE', #886, #2273, #4024 ) ;
#2472 = CARTESIAN_POINT ( 'NONE',  ( -0.6698789364989720100, -0.5364792890287604100, 0.4165965737543911900 ) ) ;
#2473 = CARTESIAN_POINT ( 'NONE',  ( 1.209017858405540700, 2.049767056341443600, 0.2013463082134903700 ) ) ;
#2474 = CARTESIAN_POINT ( 'NONE',  ( 0.3182765988111871900, 0.1716672273678709600, 1.187801319993466300 ) ) ;
#2475 = CARTESIAN_POINT ( 'NONE',  ( -0.5526881631346451900, -2.131926128851189300, 0.5639509966041252900 ) ) ;
#2476 = CARTESIAN_POINT ( 'NONE',  ( -0.1653760718144469400, 2.500000000000000400, 0.8036376345310742900 ) ) ;
#2477 = CARTESIAN_POINT ( 'NONE',  ( 1.149012459229668400, 0.1791764410709585600, -0.4393010449496935200 ) ) ;
#2478 = CARTESIAN_POINT ( 'NONE',  ( 1.150892356788515900, 1.437708653952696000, 0.4331610122150666400 ) ) ;
#2479 = CARTESIAN_POINT ( 'NONE',  ( -0.5018787815013512300, -1.724175533008702100, -1.123173586471640300 ) ) ;
#2480 = CARTESIAN_POINT ( 'NONE',  ( -0.7640235055958949400, -1.824675320717370500, 0.2047193222718904100 ) ) ;
#2481 = CARTESIAN_POINT ( 'NONE',  ( -0.6464346092771852100, -0.6791911800118410900, 0.4533300863079761100 ) ) ;
#2482 = CARTESIAN_POINT ( 'NONE',  ( -0.5201571487949158100, 1.845382684409006900, 0.5930919404796576300 ) ) ;
#2483 = CARTESIAN_POINT ( 'NONE',  ( -0.3121884341851798900, -0.6147816539232767700, 1.189862167469239800 ) ) ;
#2484 = CARTESIAN_POINT ( 'NONE',  ( 0.7469772529038482000, -1.502123793246390000, 0.2536189270951947300 ) ) ;
#2485 = CARTESIAN_POINT ( 'NONE',  ( 1.172286312522231100, -2.516863283088389900, 0.3451130410055513500 ) ) ;
#2486 = CARTESIAN_POINT ( 'NONE',  ( -2.176718584379546900E-006, 1.029971921587649700, -0.7888743494250319800 ) ) ;
#2487 = CARTESIAN_POINT ( 'NONE',  ( 0.7288353661821137500, 0.2574853993170436200, 0.3018281107065367600 ) ) ;
#2488 = CARTESIAN_POINT ( 'NONE',  ( 0.5640365731999635900, 2.006216364762462200, 0.5523857988437261800 ) ) ;
#2489 = CARTESIAN_POINT ( 'NONE',  ( 0.1605179022283630400, -0.4291659065441651400, 1.219185301706517500 ) ) ;
#2490 = CARTESIAN_POINT ( 'NONE',  ( -1.186594196724842600, 1.301448856400757600, -0.3245768620622311300 ) ) ;
#2491 = CARTESIAN_POINT ( 'NONE',  ( 0.4064522584976024100, 2.500000000000002700, 0.6825194016638124200 ) ) ;
#2492 = CARTESIAN_POINT ( 'NONE',  ( 1.048003454666734700, 0.09334236315080046700, 0.6441558405059579800 ) ) ;
#2493 = CARTESIAN_POINT ( 'NONE',  ( -0.8107975411074260800, 1.845417225561095000, 0.9245476066917834900 ) ) ;
#2494 = CARTESIAN_POINT ( 'NONE',  ( -1.087933426248133900, -0.3937598112940979300, 0.5742475678267928700 ) ) ;
#2495 = CARTESIAN_POINT ( 'NONE',  ( 0.5456348875834898800, -1.679528152596669200, 0.5700558195923848300 ) ) ;
#2496 = CARTESIAN_POINT ( 'NONE',  ( -0.1207312137151356100, 0.3079063210347876600, -0.7802710791367806200 ) ) ;
#2497 = CARTESIAN_POINT ( 'NONE',  ( -0.2121368750471680500, -0.6148216732425817500, 0.7605298587752893400 ) ) ;
#2498 = CARTESIAN_POINT ( 'NONE',  ( 0.08683616903957601400, -1.172699553834492400, 1.227081334746343600 ) ) ;
#2499 = CARTESIAN_POINT ( 'NONE',  ( 1.172271530027176400, -2.079863283568092100, 0.3416785573042329100 ) ) ;
#2500 = CARTESIAN_POINT ( 'NONE',  ( -0.7383066083379484800, 0.6222668445519353700, 0.2778952660025653700 ) ) ;
#2501 = CARTESIAN_POINT ( 'NONE',  ( -1.136093021631525300, -1.802500454470458100, -0.4705899113579885000 ) ) ;
#2502 = CARTESIAN_POINT ( 'NONE',  ( -0.6097644899282127500, -0.06441465204192951800, -0.5004828892784205500 ) ) ;
#2503 = CARTESIAN_POINT ( 'NONE',  ( 0.2778952660025315000, -0.4077331554480775900, 0.7383066083379672400 ) ) ;
#2504 = CARTESIAN_POINT ( 'NONE',  ( 1.218999999999975700, 2.063759199869959800, -0.06543744205899269800 ) ) ;
#2505 = CARTESIAN_POINT ( 'NONE',  ( -3.473398348951371600E-011, -1.030000000002639900, 1.229708064287341300 ) ) ;
#2506 = CARTESIAN_POINT ( 'NONE',  ( 0.7264064860240399000, -1.874409090653518700, -0.3095874144438013300 ) ) ;
#2508 = B_SPLINE_CURVE_WITH_KNOTS ( 'NONE', 3,
 ( #2014, #3837, #3079, #4159, #2361, #2377, #596, #2694, #2328, #569, #3458, #930, #3443, #1963, #3822, #4485, #1279, #202, #1658, #899, #536, #1997, #1615, #218, #3047, #3410, #3774, #4518, #3472 ),
 .UNSPECIFIED., .F., .F.,
 ( 4, 1, 1, 1, 1, 1, 1, 1, 1, 1, 1, 1, 1, 1, 1, 1, 1, 1, 1, 1, 1, 1, 1, 1, 1, 1, 4 ),
 ( 0.0000000000000000000, 0.03127834569134398800, 0.06256254350986367700, 0.09383128350989790300, 0.1251177538367214100, 0.1667700907992237000, 0.2084242988343915400, 0.2500779239171467800, 0.2917317157799177400, 0.3333854633344309200, 0.3750392218049231600, 0.4166929778175634800, 0.4583467343172302800, 0.5000004907394540700, 0.5416542471616778700, 0.5833080036613447200, 0.6249617596739859300, 0.6666155181444732800, 0.7082692656990067200, 0.7499230575616974100, 0.7915766826447495600, 0.8332308906788924400, 0.8748832276446547600, 0.9061696979505987600, 0.9374384379290202600, 0.9687226357772174000, 1.000000000000000000 ),
 .UNSPECIFIED. ) ;
#2507 = CARTESIAN_POINT ( 'NONE',  ( 0.6402719132092500300, 2.895830189975478100, 0.4590991443039008600 ) ) ;
#2509 = CARTESIAN_POINT ( 'NONE',  ( 0.3121884341851026100, 1.445218346076734100, -1.189862167469262700 ) ) ;
#2510 = CARTESIAN_POINT ( 'NONE',  ( 0.2792288058569797300, 1.008542398043301000, -1.197584530349429200 ) ) ;
#2511 = CARTESIAN_POINT ( 'NONE',  ( -0.08684174022874356600, -0.8873004443378501600, 1.227137984394846400 ) ) ;
#2512 = CARTESIAN_POINT ( 'NONE',  ( -0.7640234130130588700, -1.861342003041676700, -0.2047196180398100600 ) ) ;
#2513 = CARTESIAN_POINT ( 'NONE',  ( 0.1714123957526252400, 0.6083012336780063700, 0.7707249766534913800 ) ) ;
#2514 = CARTESIAN_POINT ( 'NONE',  ( -0.5989138052542786200, -1.258574166354659900, 0.5144854500545437100 ) ) ;
#2515 = CARTESIAN_POINT ( 'NONE',  ( 0.8743570037595548300, 0.07188383691124715400, 0.8653114926824604400 ) ) ;
#2516 = CARTESIAN_POINT ( 'NONE',  ( -1.190990926148282900, -2.298333333319051400, -0.3191250571005480600 ) ) ;
#2517 = CARTESIAN_POINT ( 'NONE',  ( 1.219000000000000700, -2.060000000000000500, -4.251167974598269000E-015 ) ) ;
#2518 = CARTESIAN_POINT ( 'NONE',  ( -0.3718403903627536300, 1.866854884794032500, 0.6957405839258640200 ) ) ;
#2519 = CARTESIAN_POINT ( 'NONE',  ( -0.5392182233338052000, -0.6652501475885593800, -0.5758009841980348300 ) ) ;
#2520 = CARTESIAN_POINT ( 'NONE',  ( 1.219056427258391300, 2.056552212807550200, 0.08289839141901331200 ) ) ;
#2521 = CARTESIAN_POINT ( 'NONE',  ( -0.2398996533697700400, 0.1287502341878856100, 1.206067579028948600 ) ) ;
#2522 = CARTESIAN_POINT ( 'NONE',  ( 0.2121540332819842100, -1.445234485123864500, 0.7605843064859845200 ) ) ;
#2523 = CARTESIAN_POINT ( 'NONE',  ( 0.8324681001612316300, 2.880769618020598200, 0.9048168699069268900 ) ) ;
#2524 = CARTESIAN_POINT ( 'NONE',  ( 1.212649231261405000, 1.337925783149007900, -0.2066950641347464800 ) ) ;
#2525 = CARTESIAN_POINT ( 'NONE',  ( 1.229040584142544500, 0.8797912423168878800, 0.04023867200962116100 ) ) ;
#2526 = CARTESIAN_POINT ( 'NONE',  ( 0.7853673469155234600, -0.6512587155054628800, -0.9468927960813655600 ) ) ;
#2527 = CARTESIAN_POINT ( 'NONE',  ( 0.5456351549431097700, -2.443489170934566100, -0.5698496610512779900 ) ) ;
#2528 = CARTESIAN_POINT ( 'NONE',  ( 0.7000859818111563300, 0.7799706402339274800, -0.3650565839454706400 ) ) ;
#2529 = CARTESIAN_POINT ( 'NONE',  ( 0.2462031175612664500, 0.02894277975739043300, 0.7502067306518694900 ) ) ;
#2530 = CARTESIAN_POINT ( 'NONE',  ( -1.153523442073595800, 0.9945930553285289300, -0.4273127066446577000 ) ) ;
#2531 = CARTESIAN_POINT ( 'NONE',  ( 0.9861762111944133400, -2.541304536016895100, 0.7232960172974254300 ) ) ;
#2532 = CARTESIAN_POINT ( 'NONE',  ( -0.7548913879467971100, 1.738101320197456900, -0.2289715062647630100 ) ) ;
#2533 = CARTESIAN_POINT ( 'NONE',  ( -0.7910323235581325800, 1.842709955312724900, 0.02541037944267780400 ) ) ;
#2534 = CARTESIAN_POINT ( 'NONE',  ( -0.5438787747204285600, 1.072916165953945700, -1.102888513654807400 ) ) ;
#2535 = CARTESIAN_POINT ( 'NONE',  ( -1.084501027665753800, 1.223125701058432700, 0.5796874517535386400 ) ) ;
#2536 = CARTESIAN_POINT ( 'NONE',  ( 0.7647419985653360900, -0.7585747050593653100, 0.1965860471683753000 ) ) ;
#2537 = CARTESIAN_POINT ( 'NONE',  ( 0.7819435763698438000, 2.937186303109433200, 0.02511514267796148900 ) ) ;
#2538 = CARTESIAN_POINT ( 'NONE',  ( 0.4273127066446146300, 2.024593055328533200, -1.153523442073549800 ) ) ;
#2539 = CARTESIAN_POINT ( 'NONE',  ( -0.3191234398882064600, -1.751333336393472200, 1.190984078966348400 ) ) ;
#2540 = CARTESIAN_POINT ( 'NONE',  ( -1.205306893229590900, -0.4581335499901342800, -0.2462691775289223000 ) ) ;
#2541 = CARTESIAN_POINT ( 'NONE',  ( 0.5456462521094515000, -2.880489170638319300, -0.5698630228075781700 ) ) ;
#2542 = CARTESIAN_POINT ( 'NONE',  ( -0.6877342925573185500, -0.09980326849916518200, 0.3878381874844523100 ) ) ;
#2543 = CARTESIAN_POINT ( 'NONE',  ( -0.7000859818735281100, -1.280029359735529200, 0.3650565839649720900 ) ) ;
#2544 = CARTESIAN_POINT ( 'NONE',  ( 0.006404483964020457100, 0.5868847503736797100, 1.230110772246341800 ) ) ;
#2545 = CARTESIAN_POINT ( 'NONE',  ( 1.206067579028947500, -0.9012497658121226800, 0.2398996533698027900 ) ) ;
#2546 = CARTESIAN_POINT ( 'NONE',  ( 0.1605179022283630400, -0.4291659065441651400, 1.219185301706517500 ) ) ;
#2547 = CARTESIAN_POINT ( 'NONE',  ( 0.5392182233338487200, 1.394749852411443000, 0.5758009841979765400 ) ) ;
#2548 = CARTESIAN_POINT ( 'NONE',  ( 1.218999999999971700, 2.496240796553745900, 0.06543750431274048000 ) ) ;
#2549 = CARTESIAN_POINT ( 'NONE',  ( 0.4331610122151274300, 0.4077086539526915100, -1.150892356788499400 ) ) ;
#2550 = CARTESIAN_POINT ( 'NONE',  ( 1.206067579022625400, 0.9012497658148962400, -0.2398996534054383700 ) ) ;
#2551 = CARTESIAN_POINT ( 'NONE',  ( 0.6464824170945010500, -1.380864977583840000, 0.4533612877473232600 ) ) ;
#2552 = CARTESIAN_POINT ( 'NONE',  ( 0.02540676988484235800, 2.607197568809943800, -0.7909459526830133800 ) ) ;
#2553 = CARTESIAN_POINT ( 'NONE',  ( 0.5855173073677999400, 1.810009654279349600, 1.081841581513048400 ) ) ;
#2554 = CARTESIAN_POINT ( 'NONE',  ( 0.6165022684629271100, -2.426666821838042500, -1.067810575837826200 ) ) ;
#2555 = CARTESIAN_POINT ( 'NONE',  ( 1.068573251774147100, -1.273550238553796700, -0.6095588420865633000 ) ) ;
#2556 = CARTESIAN_POINT ( 'NONE',  ( 0.3955073215921344200, -2.426668925927511800, -0.6849885423756204600 ) ) ;
#2557 = CARTESIAN_POINT ( 'NONE',  ( -0.3563897989976533300, 0.5439381280128136000, 0.7045382380517751800 ) ) ;
#2558 = CARTESIAN_POINT ( 'NONE',  ( -0.7883588060757948900, -0.1427134729219915200, 0.04369241558920251800 ) ) ;
#2559 = CARTESIAN_POINT ( 'NONE',  ( -1.162792479127078700, 1.058967281247602100, 0.4014688637102458700 ) ) ;
#2560 = CARTESIAN_POINT ( 'NONE',  ( -1.187801319991358200, -1.201667227369093400, -0.3182765988274967600 ) ) ;
#2561 = CARTESIAN_POINT ( 'NONE',  ( 1.229040584140789000, -0.8797912423156847300, -0.04023867202516739900 ) ) ;
#2562 = CARTESIAN_POINT ( 'NONE',  ( 0.7469758525557664800, 1.502067636420267000, -0.2536230489876734600 ) ) ;
#2563 = CARTESIAN_POINT ( 'NONE',  ( -0.4802052199692954400, -0.08586720241578949000, -0.6258534782177780400 ) ) ;
#2564 = DIRECTION ( 'NONE',  ( 0.0000000000000000000, -0.0000000000000000000, -1.000000000000000000 ) ) ;
#2565 = CARTESIAN_POINT ( 'NONE',  ( 1.229040584142544500, 0.8797912423168879900, 0.04023867200962116100 ) ) ;
#2566 = CARTESIAN_POINT ( 'NONE',  ( 1.084501027639235700, 0.8368742989370647800, 0.5796874518067393100 ) ) ;
#2567 = CARTESIAN_POINT ( 'NONE',  ( -0.7817606606286354700, -1.016065415757854400, 0.1110731920218058200 ) ) ;
#2568 = CARTESIAN_POINT ( 'NONE',  ( 1.218943572741552300, 2.935929380299941500, 0.04797661720646768900 ) ) ;
#2569 = CARTESIAN_POINT ( 'NONE',  ( 1.179021272115844200, 1.295008738295803300, 0.3509698115047171800 ) ) ;
#2570 = CARTESIAN_POINT ( 'NONE',  ( 0.9861621973665070100, -2.018695463974418600, -0.7228800403922909200 ) ) ;
#2571 = CARTESIAN_POINT ( 'NONE',  ( 1.100479002045467800, 0.4001983581731766700, 0.5498428992982104000 ) ) ;
#2572 = CARTESIAN_POINT ( 'NONE',  ( 0.3955163548100793000, -2.570348397447032700, 0.6850626215193397200 ) ) ;
#2573 = CARTESIAN_POINT ( 'NONE',  ( -0.7707249766535140300, 1.638301233678050700, 0.1714123957526739200 ) ) ;
#2574 = CARTESIAN_POINT ( 'NONE',  ( 0.7485875889966865400, 1.974177034658750800, 0.9754466591716612900 ) ) ;
#2575 = CARTESIAN_POINT ( 'NONE',  ( 0.1669100803616370700, 1.187717952422427300, 1.218750559550569000 ) ) ;
#2576 = CALENDAR_DATE ( 2025, 20, 3 ) ;
#2577 = CARTESIAN_POINT ( 'NONE',  ( -0.9995576373380594700, -1.823958938889608300, -0.7162810875603673500 ) ) ;
#2578 = CARTESIAN_POINT ( 'NONE',  ( 1.206067579028947500, -0.9012497658121225700, 0.2398996533698028200 ) ) ;
#2579 = CARTESIAN_POINT ( 'NONE',  ( 0.6164677714198181200, 2.426660661098265900, 1.067905162091495900 ) ) ;
#2580 = CARTESIAN_POINT ( 'NONE',  ( 0.9245476424501119000, 0.8154172211114979500, 0.8107975517129723000 ) ) ;
#2581 = CARTESIAN_POINT ( 'NONE',  ( 0.7001374513546808600, -0.7800267984727329300, 0.3650812805011365800 ) ) ;
#2582 = CARTESIAN_POINT ( 'NONE',  ( 0.3436868574796103600, 1.971090174463803200, 1.184474523206079400 ) ) ;
#2583 = CARTESIAN_POINT ( 'NONE',  ( 1.219000000000000700, -2.054131401692277600, -0.07636929509922944800 ) ) ;
#2584 = CARTESIAN_POINT ( 'NONE',  ( -0.3191221386744625400, -1.934666663779568400, -1.190982138759305800 ) ) ;
#2585 = CARTESIAN_POINT ( 'NONE',  ( -1.134080772637729600, 0.7006156790772268800, -0.4766819893010503200 ) ) ;
#2586 = CARTESIAN_POINT ( 'NONE',  ( -0.3954912914991993200, -2.206675546049270400, 0.6850124330307101300 ) ) ;
#2587 = CARTESIAN_POINT ( 'NONE',  ( 0.6464346092771806600, 1.380808819988209400, -0.4533300863080275700 ) ) ;
#2588 = CARTESIAN_POINT ( 'NONE',  ( -0.7069079498957245900, -2.499999999999999100, -0.9138442406112714500 ) ) ;
#2589 = CARTESIAN_POINT ( 'NONE',  ( 0.4766751348773714500, -2.389371811970725500, -1.134240474025996100 ) ) ;
#2590 = ADVANCED_FACE ( 'NONE', ( #1781 ), #16, .F. ) ;
#2591 = CARTESIAN_POINT ( 'NONE',  ( 0.5075043379639869700, -1.952705678080958200, -1.120118421566930400 ) ) ;
#2592 = CARTESIAN_POINT ( 'NONE',  ( 0.3569623215527417700, -1.351875118334423300, -1.176743586244293900 ) ) ;
#2593 = CARTESIAN_POINT ( 'NONE',  ( 0.4331610121514535300, -0.4077086539578738100, 1.150892356813197000 ) ) ;
#2594 = APPROVAL ( #844, 'UNSPECIFIED' ) ;
#2595 = CARTESIAN_POINT ( 'NONE',  ( -0.7736902768968544300, 1.158713539472075600, -0.1539315335441447700 ) ) ;
#2596 = SECURITY_CLASSIFICATION_LEVEL ( 'unclassified' ) ;
#2597 = CARTESIAN_POINT ( 'NONE',  ( -1.084501027665753600, 1.223125701058432700, 0.5796874517535386400 ) ) ;
#2598 = CARTESIAN_POINT ( 'NONE',  ( 0.6662971486799470500, -0.09338137578190669500, -0.4237235841577194400 ) ) ;
#2599 = CARTESIAN_POINT ( 'NONE',  ( 0.2292734748627512900, 1.971048311097367800, 0.7575116919230313600 ) ) ;
#2600 = CARTESIAN_POINT ( 'NONE',  ( 0.2792288058155946700, -1.008542398046557800, 1.197584530361343900 ) ) ;
#2601 = CARTESIAN_POINT ( 'NONE',  ( 1.208496597305608800, -2.070686606881923200, 0.1860211147483855600 ) ) ;
#2602 = CARTESIAN_POINT ( 'NONE',  ( 0.3632274496353208900, 1.151241059096207000, -1.175355529444156200 ) ) ;
#2603 = CARTESIAN_POINT ( 'NONE',  ( 0.6165104297192326400, -2.570333177948579200, 1.067885157697266100 ) ) ;
#2604 = CARTESIAN_POINT ( 'NONE',  ( -0.5455873724899783500, 2.282058615497102300, 0.5707469216882109500 ) ) ;
#2605 = CARTESIAN_POINT ( 'NONE',  ( 0.4568293064135394700, -2.500000000000001300, -1.114500848299388300 ) ) ;
#2606 = CARTESIAN_POINT ( 'NONE',  ( -0.9550002478999397600, -1.552509198871844700, 0.7754667592306316900 ) ) ;
#2607 = CARTESIAN_POINT ( 'NONE',  ( 1.227081334746351600, 1.917300446165516300, -0.08683616903947329000 ) ) ;
#2608 = CARTESIAN_POINT ( 'NONE',  ( -0.7162810793157800000, -1.266041059713907300, -0.9995576334112178400 ) ) ;
#2609 = CARTESIAN_POINT ( 'NONE',  ( -0.7759745845356379500, -0.4581735693094257700, -0.1462176183909180400 ) ) ;
#2610 = DIRECTION ( 'NONE',  ( 1.000000000000000000, 0.0000000000000000000, -0.0000000000000000000 ) ) ;
#2611 = CARTESIAN_POINT ( 'NONE',  ( 1.020018404682211800, 2.458718596174465500, 0.6821189772798804700 ) ) ;
#2612 = CARTESIAN_POINT ( 'NONE',  ( 0.2215762985904982700, 1.151200208637379200, -0.7578932965891451700 ) ) ;
#2613 = CARTESIAN_POINT ( 'NONE',  ( 0.3734992092705763400, 1.696054952091658100, -0.6976877527477920400 ) ) ;
#2614 = CARTESIAN_POINT ( 'NONE',  ( 0.9505793753376812200, -1.995585499201438600, -0.7806309308624916900 ) ) ;
#2615 = CARTESIAN_POINT ( 'NONE',  ( 0.7820000000000000300, -2.063000000000000200, 0.0000000000000000000 ) ) ;
#2616 = CARTESIAN_POINT ( 'NONE',  ( 0.9550002478998564900, 0.5074908011281662500, -0.7754667592306484500 ) ) ;
#2617 = CARTESIAN_POINT ( 'NONE',  ( -1.067813251959257100, -2.243333333276201500, 0.6165022674776221600 ) ) ;
#2618 = CARTESIAN_POINT ( 'NONE',  ( 0.7776883174920036200, 1.895824485841546500, 0.1364853849503547800 ) ) ;
#2619 = CARTESIAN_POINT ( 'NONE',  ( 1.093188399063394200, -2.499999999999999600, -0.5350571811727504700 ) ) ;
#2620 = CARTESIAN_POINT ( 'NONE',  ( 0.04664921557702702400, -1.767092613696653600, -1.229305358504904300 ) ) ;
#2621 = CARTESIAN_POINT ( 'NONE',  ( -0.1269505195499815700, 2.067510036950189100, -1.223568795477782100 ) ) ;
#2622 = CARTESIAN_POINT ( 'NONE',  ( 1.227061010147353600, -0.3004165873939290700, 0.08042515265264933700 ) ) ;
#2623 = CARTESIAN_POINT ( 'NONE',  ( 0.04023867202520179500, 0.1502087576843228700, 1.229040584140780100 ) ) ;
#2624 = CARTESIAN_POINT ( 'NONE',  ( 0.7849751072350554800, -0.1362844793205678400, -0.08538811970727376600 ) ) ;
#2625 = CARTESIAN_POINT ( 'NONE',  ( -0.7821276785822848200, 0.6007953022114183000, 0.1029297548487560200 ) ) ;
#2626 = CARTESIAN_POINT ( 'NONE',  ( 0.3436618626145289100, 2.588904818139554200, -1.184294108423116200 ) ) ;
#2627 = CARTESIAN_POINT ( 'NONE',  ( -0.6464824170945495700, 0.6791350224161456500, -0.4533612877472811300 ) ) ;
#2628 = CARTESIAN_POINT ( 'NONE',  ( -0.2292790650687605000, 1.751042592368449200, -0.7575037378901068300 ) ) ;
#2629 = CARTESIAN_POINT ( 'NONE',  ( 1.150892356813198600, -1.437708653957875400, -0.4331610121514716200 ) ) ;
#2630 = CARTESIAN_POINT ( 'NONE',  ( -0.5593106231269249200, -2.335008739195000100, -0.5593098412247525800 ) ) ;
#2631 = CARTESIAN_POINT ( 'NONE',  ( -0.1669193584596832800, 0.8722820463111915500, 1.218806721506114000 ) ) ;
#2632 = CARTESIAN_POINT ( 'NONE',  ( 1.413668158359510100E-014, -2.169999988859198800, 1.233004344789011600 ) ) ;
#2633 = CARTESIAN_POINT ( 'NONE',  ( -0.7895091263266844600, 1.616843226360270600, -0.008077536948441984400 ) ) ;
#2634 = CARTESIAN_POINT ( 'NONE',  ( -0.3118135721342795700, -2.499999999999999100, -1.136918791592505000 ) ) ;
#2635 = CARTESIAN_POINT ( 'NONE',  ( 1.003676519445264600, -1.852926618557870600, -0.7113396137627862000 ) ) ;
#2636 = CARTESIAN_POINT ( 'NONE',  ( -1.100428803557424300, 1.659801640670649100, 0.5498160614204313800 ) ) ;
#2637 = CARTESIAN_POINT ( 'NONE',  ( -1.223782262022829400, -0.5793755252524264200, 0.1205265572556559200 ) ) ;
#2638 = CARTESIAN_POINT ( 'NONE',  ( -1.102888513652327000, -0.04291616595407198000, -0.5438787747213743600 ) ) ;
#2639 = CARTESIAN_POINT ( 'NONE',  ( -0.5145211900667271400, 0.2285180076788644000, 0.5989583206650527200 ) ) ;
#2640 = CARTESIAN_POINT ( 'NONE',  ( 0.7727902945504729900, 0.7156158223253059600, 0.1618528112935138100 ) ) ;
#2641 = CARTESIAN_POINT ( 'NONE',  ( 0.3489565582685200100, 0.9870414743272274400, -0.7074844577727191800 ) ) ;
#2642 = CARTESIAN_POINT ( 'NONE',  ( 1.102877193055012500, 2.017238104663307200, 0.5418681550412980400 ) ) ;
#2643 = CARTESIAN_POINT ( 'NONE',  ( 0.06936549219403373400, -0.007527403913672198900, -0.7865681743644237200 ) ) ;
#2644 = CARTESIAN_POINT ( 'NONE',  ( 0.8325347288986658700, 1.679292787520200600, -0.9059726007156748700 ) ) ;
#2645 = CARTESIAN_POINT ( 'NONE',  ( 0.08042515265263973400, -1.330416587393932200, -1.227061010147361100 ) ) ;
#2646 = CARTESIAN_POINT ( 'NONE',  ( 0.7819826099399526100, -1.623017323932601300, 0.02933894132772764700 ) ) ;
#2647 = CARTESIAN_POINT ( 'NONE',  ( 1.064947164947435400, 0.3433336462714263200, -0.6148508074738551200 ) ) ;
#2648 = CARTESIAN_POINT ( 'NONE',  ( -0.3331210013563905600, -1.724217543182401800, -0.7159142649701992800 ) ) ;
#2649 = CARTESIAN_POINT ( 'NONE',  ( 1.070513437028611600, -2.901861069055818200, -0.5873516495397915800 ) ) ;
#2650 = CARTESIAN_POINT ( 'NONE',  ( -1.186539725320187300, -1.301448857015453200, 0.3245603361174219700 ) ) ;
#2651 = CARTESIAN_POINT ( 'NONE',  ( 0.6321340878112916600, -2.499999999999999100, -1.028761630578450400 ) ) ;
#2652 = CARTESIAN_POINT ( 'NONE',  ( -0.7217511472677129400, -0.3508428467009613300, 0.9962076681941416400 ) ) ;
#2653 = CARTESIAN_POINT ( 'NONE',  ( 0.8062532592945819100, 1.402301355942567400, -0.9290681242801088800 ) ) ;
#2654 = CARTESIAN_POINT ( 'NONE',  ( 1.064947164962951800, -0.3433336462691711200, 0.6148508074489288400 ) ) ;
#2655 = CARTESIAN_POINT ( 'NONE',  ( -1.084501027665753800, 1.223125701058432700, 0.5796874517535386400 ) ) ;
#2656 = CARTESIAN_POINT ( 'NONE',  ( -0.7889028105679222200, -0.4367040126445857500, 0.03385488924957910700 ) ) ;
#2657 = CARTESIAN_POINT ( 'NONE',  ( 0.1364853849503969200, 0.8658244858415559100, -0.7776883174920166100 ) ) ;
#2658 = CARTESIAN_POINT ( 'NONE',  ( -3.270766437965237500E-006, 2.389999522950336800, 1.233011129243778200 ) ) ;
#2659 = CARTESIAN_POINT ( 'NONE',  ( 0.4237235841577241500, 0.9366186242181425700, 0.6662971486798841000 ) ) ;
#2660 = CARTESIAN_POINT ( 'NONE',  ( 0.6164677714198181200, 2.426660661098265900, 1.067905162091495900 ) ) ;
#2661 = CARTESIAN_POINT ( 'NONE',  ( -1.197584530349421700, -0.02145760195670292800, -0.2792288058570445200 ) ) ;
#2662 = CARTESIAN_POINT ( 'NONE',  ( 0.7820000000000000300, -2.500000000000000000, 0.0000000000000000000 ) ) ;
#2663 = CARTESIAN_POINT ( 'NONE',  ( 0.7714046816337527500, 2.499999999999999100, 0.1326516520633558000 ) ) ;
#2664 = CARTESIAN_POINT ( 'NONE',  ( -0.1618663846568184400, -1.745671977883381600, -0.7728457482084346600 ) ) ;
#2665 = CARTESIAN_POINT ( 'NONE',  ( 0.8505855692248059900, -2.116528295695332400, 0.8882037499754384900 ) ) ;
#2666 = CARTESIAN_POINT ( 'NONE',  ( -0.7853297888776392700, -1.408741274788826800, -0.9468500717642084300 ) ) ;
#2667 = CARTESIAN_POINT ( 'NONE',  ( -0.9526306894957637900, -2.500000000000000400, -0.08221638494495998900 ) ) ;
#2668 = CARTESIAN_POINT ( 'NONE',  ( 0.8362652849532621300, -0.2220931585785168900, 0.9022452879841669200 ) ) ;
#2669 = CARTESIAN_POINT ( 'NONE',  ( 0.3952700781599195500, -1.587917057210782800, 1.164439485753306900 ) ) ;
#2670 = CARTESIAN_POINT ( 'NONE',  ( 0.9995576334112169500, -0.2360410597139035400, -0.7162810793157693400 ) ) ;
#2671 = CARTESIAN_POINT ( 'NONE',  ( -0.3182765679477885200, 1.888332822701388700, 1.187800724895594400 ) ) ;
#2672 = CARTESIAN_POINT ( 'NONE',  ( -0.7224906015210401700, -0.4796345010767413800, -0.3186129340779669800 ) ) ;
#2673 = CARTESIAN_POINT ( 'NONE',  ( -0.1871250225292861700, 0.5653895556936094900, 0.7670527942475070500 ) ) ;
#2674 = ORIENTED_EDGE ( 'NONE', *, *, #1178, .T. ) ;
#2675 = CARTESIAN_POINT ( 'NONE',  ( -1.190990920325257100, 2.261666665980228700, -0.3191250493027064600 ) ) ;
#2676 =( BOUNDED_SURFACE ( )  B_SPLINE_SURFACE ( 3, 3, ( 
 ( #4537, #2019, #3070, #1649, #921, #2367, #542, #905, #223, #2382, #2699, #559, #208, #3053, #1605, #1621, #1268, #4492, #4134, #937, #3434, #1969, #3038, #2334, #2350, #3417, #3448, #1236, #175 ),
 ( #588, #888, #4149, #1284, #2745, #4508, #3781, #1986, #3797, #3383, #191, #3749, #2716, #1637, #3812, #4165, #4177, #2004, #1590, #4524, #3400, #2731, #160, #575, #4119, #527, #3085, #1299, #1954 ),
 ( #2683, #4475, #2319, #4551, #3521, #3125, #4575, #1371, #3490, #3827, #3856, #3842, #4249, #2061, #660, #1009, #2784, #3505, #235, #297, #2092, #2759, #2396, #4591, #2799, #952, #3138, #1725, #4190 ),
 ( #2076, #2439, #2033, #1328, #1691, #282, #629, #1664, #4607, #1313, #1678, #3889, #616, #992, #1355, #2425, #644, #3153, #2456, #2815, #3463, #602, #977, #251, #4218, #3110, #964, #3476, #2771 ),
 ( #1340, #4203, #266, #3873, #2045, #4563, #2411, #1707, #4234, #4667, #1740, #1791, #3936, #3920, #2533, #2124, #3203, #4264, #1447, #4637, #1805, #3537, #328, #2488, #4328, #375, #2847, #1057, #3966 ),
 ( #3568, #718, #1025, #1757, #4312, #1774, #1387, #688, #3218, #1418, #2171, #2891, #344, #3583, #3950, #1039, #2106, #2141, #1088, #4298, #4654, #3169, #4622, #1403, #3904, #2864, #2473, #2520, #311 ),
 ( #2830, #2504, #3233, #673, #3552, #3187, #4280, #703, #1073, #1432, #3598, #2155, #358, #9, #2878, #3612, #3646, #3629, #4048, #1851, #453, #795, #2579, #3294, #27, #88, #1880, #2548, #4343 ) ),
 .UNSPECIFIED., .T., .F., .F. ) 
 B_SPLINE_SURFACE_WITH_KNOTS ( ( 4, 3, 4 ),
 ( 4, 1, 1, 1, 1, 1, 1, 1, 1, 1, 1, 1, 1, 1, 1, 1, 1, 1, 1, 1, 1, 1, 1, 1, 1, 1, 4 ),
 ( 0.0000000000000000000, 0.5000000000000000000, 1.000000000000000000 ),
 ( 0.0000000000000000000, 0.03127834569134398800, 0.06256254350986367700, 0.09383128350989790300, 0.1251177538367214100, 0.1667700907992237000, 0.2084242988343915400, 0.2500779239171467800, 0.2917317157799177400, 0.3333854633344309200, 0.3750392218049231600, 0.4166929778175634800, 0.4583467343172302800, 0.5000004907394540700, 0.5416542471616778700, 0.5833080036613447200, 0.6249617596739859300, 0.6666155181444732800, 0.7082692656990067200, 0.7499230575616974100, 0.7915766826447495600, 0.8332308906788924400, 0.8748832276446547600, 0.9061696979505987600, 0.9374384379290202600, 0.9687226357772174000, 1.000000000000000000 ),
 .UNSPECIFIED. ) 
 GEOMETRIC_REPRESENTATION_ITEM ( )  RATIONAL_B_SPLINE_SURFACE ( (
 ( 1.000000000000000000, 1.000000000000000000, 0.9999999999999997800, 1.000000000000000400, 0.9999999999999997800, 1.000000000000000000, 1.000000000000000400, 0.9999999999999996700, 1.000000000000000000, 1.000000000000000000, 1.000000000000000000, 1.000000000000000000, 1.000000000000000200, 1.000000000000000000, 1.000000000000000400, 1.000000000000000000, 1.000000000000000000, 1.000000000000000000, 1.000000000000000400, 0.9999999999999994400, 1.000000000000000400, 1.000000000000000000, 1.000000000000000000, 1.000000000000000000, 0.9999999999999997800, 1.000000000000000400, 1.000000000000000000, 1.000000000000000000, 1.000000000000000000),
 ( 0.3333333333333333700, 0.3333333333333333700, 0.3333333333333333100, 0.3333333333333334800, 0.3333333333333333700, 0.3333333333333333700, 0.3333333333333334800, 0.3333333333333333700, 0.3333333333333333700, 0.3333333333333333100, 0.3333333333333334300, 0.3333333333333333100, 0.3333333333333333700, 0.3333333333333334300, 0.3333333333333335400, 0.3333333333333333100, 0.3333333333333334300, 0.3333333333333333100, 0.3333333333333334300, 0.3333333333333332600, 0.3333333333333335400, 0.3333333333333333700, 0.3333333333333333700, 0.3333333333333333700, 0.3333333333333333100, 0.3333333333333334800, 0.3333333333333332600, 0.3333333333333333700, 0.3333333333333333700),
 ( 0.3333333333333333700, 0.3333333333333333700, 0.3333333333333333100, 0.3333333333333334800, 0.3333333333333333700, 0.3333333333333333700, 0.3333333333333334800, 0.3333333333333333700, 0.3333333333333333700, 0.3333333333333333100, 0.3333333333333334300, 0.3333333333333333100, 0.3333333333333333700, 0.3333333333333334300, 0.3333333333333335400, 0.3333333333333333100, 0.3333333333333334300, 0.3333333333333333100, 0.3333333333333334300, 0.3333333333333332600, 0.3333333333333335400, 0.3333333333333333700, 0.3333333333333333700, 0.3333333333333333700, 0.3333333333333333100, 0.3333333333333334800, 0.3333333333333332600, 0.3333333333333333700, 0.3333333333333333700),
 ( 1.000000000000000000, 1.000000000000000000, 0.9999999999999997800, 1.000000000000000400, 0.9999999999999997800, 1.000000000000000000, 1.000000000000000400, 0.9999999999999996700, 1.000000000000000000, 1.000000000000000000, 1.000000000000000000, 1.000000000000000000, 1.000000000000000200, 1.000000000000000000, 1.000000000000000400, 1.000000000000000000, 1.000000000000000000, 1.000000000000000000, 1.000000000000000400, 0.9999999999999994400, 1.000000000000000400, 1.000000000000000000, 1.000000000000000000, 1.000000000000000000, 0.9999999999999997800, 1.000000000000000400, 1.000000000000000000, 1.000000000000000000, 1.000000000000000000),
 ( 0.3333333333333333700, 0.3333333333333333700, 0.3333333333333333100, 0.3333333333333334800, 0.3333333333333333700, 0.3333333333333333700, 0.3333333333333334800, 0.3333333333333333700, 0.3333333333333333700, 0.3333333333333333100, 0.3333333333333334300, 0.3333333333333333100, 0.3333333333333333700, 0.3333333333333334300, 0.3333333333333335400, 0.3333333333333333100, 0.3333333333333334300, 0.3333333333333333100, 0.3333333333333334300, 0.3333333333333332600, 0.3333333333333335400, 0.3333333333333333700, 0.3333333333333333700, 0.3333333333333333700, 0.3333333333333333100, 0.3333333333333334800, 0.3333333333333332600, 0.3333333333333333700, 0.3333333333333333700),
 ( 0.3333333333333333700, 0.3333333333333333700, 0.3333333333333333100, 0.3333333333333334800, 0.3333333333333333700, 0.3333333333333333700, 0.3333333333333334800, 0.3333333333333333700, 0.3333333333333333700, 0.3333333333333333100, 0.3333333333333334300, 0.3333333333333333100, 0.3333333333333333700, 0.3333333333333334300, 0.3333333333333335400, 0.3333333333333333100, 0.3333333333333334300, 0.3333333333333333100, 0.3333333333333334300, 0.3333333333333332600, 0.3333333333333335400, 0.3333333333333333700, 0.3333333333333333700, 0.3333333333333333700, 0.3333333333333333100, 0.3333333333333334800, 0.3333333333333332600, 0.3333333333333333700, 0.3333333333333333700),
 ( 1.000000000000000000, 1.000000000000000000, 0.9999999999999997800, 1.000000000000000400, 0.9999999999999997800, 1.000000000000000000, 1.000000000000000400, 0.9999999999999996700, 1.000000000000000000, 1.000000000000000000, 1.000000000000000000, 1.000000000000000000, 1.000000000000000200, 1.000000000000000000, 1.000000000000000400, 1.000000000000000000, 1.000000000000000000, 1.000000000000000000, 1.000000000000000400, 0.9999999999999994400, 1.000000000000000400, 1.000000000000000000, 1.000000000000000000, 1.000000000000000000, 0.9999999999999997800, 1.000000000000000400, 1.000000000000000000, 1.000000000000000000, 1.000000000000000000) ) ) 
 REPRESENTATION_ITEM ( '' )  SURFACE ( )  );
#2677 = CARTESIAN_POINT ( 'NONE',  ( -0.7001374514170606300, 1.279973201501380700, -0.3650812805811047800 ) ) ;
#2678 = CARTESIAN_POINT ( 'NONE',  ( 1.218999999999975900, 2.060000000000008900, -3.687864663890029200E-015 ) ) ;
#2679 = CARTESIAN_POINT ( 'NONE',  ( 0.8975113652285372500, -0.3647921461732052700, 0.8406176375655506300 ) ) ;
#2680 = CARTESIAN_POINT ( 'NONE',  ( 0.5456348875834898800, -1.679528152596669200, 0.5700558195923848300 ) ) ;
#2681 = CARTESIAN_POINT ( 'NONE',  ( 0.7820001260468566500, 2.500000000000001300, 0.01671229998073234600 ) ) ;
#2682 = CARTESIAN_POINT ( 'NONE',  ( 1.206487823962225200, 1.599662077698778700, 0.2749549747216594200 ) ) ;
#2683 = CARTESIAN_POINT ( 'NONE',  ( 0.7819609648831578100, 2.496961123357449800, 0.02933749428252772600 ) ) ;
#2684 = CARTESIAN_POINT ( 'NONE',  ( -1.212649231261429900, -0.7220742168510028100, 0.2066950641346816900 ) ) ;
#2685 = CARTESIAN_POINT ( 'NONE',  ( 0.5500131887159545000, -2.500000000000011500, -0.5670673836154493900 ) ) ;
#2686 = CARTESIAN_POINT ( 'NONE',  ( 0.9206657266975196700, -0.8014681292576572000, 0.8159237824486399400 ) ) ;
#2687 = CARTESIAN_POINT ( 'NONE',  ( -0.2003143261477358700, -1.308958059926650800, -1.213270992236074900 ) ) ;
#2688 = APPROVAL_DATE_TIME ( #942, #2594 ) ;
#2689 = CARTESIAN_POINT ( 'NONE',  ( 1.213270992242302200, 0.2789580599291793800, 0.2003143261153175800 ) ) ;
#2690 = CARTESIAN_POINT ( 'NONE',  ( -0.7162810793369381900, 1.266041059712067300, 0.9995576333988167600 ) ) ;
#2691 = FACE_OUTER_BOUND ( 'NONE', #1100, .T. ) ;
#2692 = CARTESIAN_POINT ( 'NONE',  ( 0.7222221335754051000, 1.580960811260619300, 0.3149824091721705200 ) ) ;
#2693 = CARTESIAN_POINT ( 'NONE',  ( -0.5338484521726023500, 0.9516479493399231400, -0.5817170473128427900 ) ) ;
#2694 = CARTESIAN_POINT ( 'NONE',  ( 0.2047170747320435900, 2.151612910941321100, -0.7640254657519595100 ) ) ;
#2695 = CARTESIAN_POINT ( 'NONE',  ( -0.5930919767610136600, -1.244617402533982900, -0.5201571295916502800 ) ) ;
#2696 = CARTESIAN_POINT ( 'NONE',  ( -1.223782262022829400, -0.5793755252524264200, 0.1205265572556559200 ) ) ;
#2697 = CARTESIAN_POINT ( 'NONE',  ( 0.6868419385135047200, -2.095139419450192000, 0.3767124958672887800 ) ) ;
#2698 = CARTESIAN_POINT ( 'NONE',  ( 0.7264064860240399000, -1.874409090653518700, -0.3095874144438013300 ) ) ;
#2699 = CARTESIAN_POINT ( 'NONE',  ( -0.6165025432106663300, 2.206666703622838000, -1.067813699813197100 ) ) ;
#2700 = CARTESIAN_POINT ( 'NONE',  ( 0.6441558405059699700, -0.9366576368492022200, -1.048003454666774700 ) ) ;
#2701 = CARTESIAN_POINT ( 'NONE',  ( -0.5403208855706276300, -2.500000000000000400, -0.6566492413430949900 ) ) ;
#2702 = CARTESIAN_POINT ( 'NONE',  ( 0.3122013529440327800, -1.445218347621850100, 1.189917604720642300 ) ) ;
#2703 = CARTESIAN_POINT ( 'NONE',  ( 1.206067579028947500, -0.9012497658121226800, 0.2398996533698027900 ) ) ;
#2704 = CARTESIAN_POINT ( 'NONE',  ( -0.1605179022286718800, 1.630834093455880900, -1.219185301706475100 ) ) ;
#2705 = CARTESIAN_POINT ( 'NONE',  ( -1.176743586260778500, 1.738124881652660200, -0.3569623215266555200 ) ) ;
#2706 = CARTESIAN_POINT ( 'NONE',  ( 0.3878645467842915500, 1.129747112616606500, -0.6877849334443805200 ) ) ;
#2707 = CARTESIAN_POINT ( 'NONE',  ( -0.6924783140243699900, 0.3937174497312121400, -0.3793001824591548700 ) ) ;
#2708 = ADVANCED_FACE ( 'NONE', ( #2746 ), #3857, .T. ) ;
#2709 = CARTESIAN_POINT ( 'NONE',  ( -0.2047231517873212800, -2.371675907949250700, -0.7640322333102627100 ) ) ;
#2710 = CARTESIAN_POINT ( 'NONE',  ( 1.219000000000000100, -2.495429701408549600, -0.07955646403931107600 ) ) ;
#2711 = CARTESIAN_POINT ( 'NONE',  ( 0.3255645746130953500, -1.952725778289910600, -0.7185560023343344800 ) ) ;
#2712 = CARTESIAN_POINT ( 'NONE',  ( 0.8507709159174721100, 2.443497464343363600, 0.8878286034729034900 ) ) ;
#2713 = CARTESIAN_POINT ( 'NONE',  ( 1.227061010144722400, 0.3004165873972898200, -0.08042515269644816300 ) ) ;
#2714 = CARTESIAN_POINT ( 'NONE',  ( 0.6868570160034158700, -2.901877903877400700, -0.3767198856355136700 ) ) ;
#2715 = CARTESIAN_POINT ( 'NONE',  ( -0.5498429388219179300, 1.430198300103918500, 1.100479910616389200 ) ) ;
#2716 = CARTESIAN_POINT ( 'NONE',  ( -1.055067663422198700, 2.680575826170574300, -0.6384818808957838400 ) ) ;
#2717 = CARTESIAN_POINT ( 'NONE',  ( -0.2855687063265464100, -1.451656669629455500, -1.196527751321004200 ) ) ;
#2718 = CARTESIAN_POINT ( 'NONE',  ( -0.7559552600268766300, -2.499999999999999100, -0.4540535535213563500 ) ) ;
#2719 = CARTESIAN_POINT ( 'NONE',  ( -1.229736525430218400, -0.4366759342348746100, 0.03385271249631917300 ) ) ;
#2720 = CARTESIAN_POINT ( 'NONE',  ( -1.176743586248023100, -1.738124881649391700, 0.3569623215674981900 ) ) ;
#2721 = CARTESIAN_POINT ( 'NONE',  ( -1.164439485758842300, 0.5579170572123639500, -0.3952700781400474400 ) ) ;
#2722 = CARTESIAN_POINT ( 'NONE',  ( -0.9995576373504191400, 1.823958938887748000, 0.7162810875395239100 ) ) ;
#2723 = CARTESIAN_POINT ( 'NONE',  ( -0.09506287598232804300, 0.8722637950892641000, 0.7838617530780340700 ) ) ;
#2724 = CARTESIAN_POINT ( 'NONE',  ( -0.7707249766535140300, 1.638301233678050700, 0.1714123957526739200 ) ) ;
#2725 = CARTESIAN_POINT ( 'NONE',  ( 1.218999999999975900, 2.060000000000008900, -3.687864663890029200E-015 ) ) ;
#2726 = CARTESIAN_POINT ( 'NONE',  ( 0.1871389681431016900, 1.494559811656649400, 0.7670871884797024800 ) ) ;
#2727 = CARTESIAN_POINT ( 'NONE',  ( 1.219000000000000100, 2.500000000000000000, -2.103522955121482700E-014 ) ) ;
#2728 = CARTESIAN_POINT ( 'NONE',  ( 0.7884389382211471900, -0.8798327663291032300, -0.02575665111268201800 ) ) ;
#2729 = CARTESIAN_POINT ( 'NONE',  ( 0.3955163548100793000, -2.570348397447032700, 0.6850626215193397200 ) ) ;
#2730 = CARTESIAN_POINT ( 'NONE',  ( 0.09506287598239812600, -1.187736204910686500, -0.7838617530779763400 ) ) ;
#2731 = CARTESIAN_POINT ( 'NONE',  ( 0.2945847339299204100, 2.845579883375169300, 1.197457679332871700 ) ) ;
#2732 = CARTESIAN_POINT ( 'NONE',  ( -0.6780892297460905400, -0.05686545175586362600, 1.026356793715203600 ) ) ;
#2733 = CARTESIAN_POINT ( 'NONE',  ( -0.9947307732005902200, -2.499999999999999600, -0.02168177130169729100 ) ) ;
#2734 = CARTESIAN_POINT ( 'NONE',  ( 1.224873463274018600, -0.1362594392977626600, -0.1142048109835383200 ) ) ;
#2735 = CARTESIAN_POINT ( 'NONE',  ( -0.5796874744620733600, -1.866874284358000400, -1.084501176316412700 ) ) ;
#2736 = CARTESIAN_POINT ( 'NONE',  ( 0.6148508074739026400, 1.373333646271430700, 1.064947164947402300 ) ) ;
#2737 = CARTESIAN_POINT ( 'NONE',  ( 0.9861685091820915300, -2.455695463883769100, -0.7228861873228118500 ) ) ;
#2738 = CARTESIAN_POINT ( 'NONE',  ( 0.4533698484445172200, 2.410829989344157400, 0.6465422139555745400 ) ) ;
#2739 = CARTESIAN_POINT ( 'NONE',  ( 0.5456351549431097700, -2.443489170934566100, -0.5698496610512779900 ) ) ;
#2740 = CARTESIAN_POINT ( 'NONE',  ( 0.7820173907498227900, -2.497017323243210900, -0.02934126753312649900 ) ) ;
#2741 = CARTESIAN_POINT ( 'NONE',  ( -0.3095874144421282300, 1.215590909348487800, -0.7264064860210377500 ) ) ;
#2742 = CARTESIAN_POINT ( 'NONE',  ( -0.09638876305543983600, 2.499999999999999100, 1.182680199846699100 ) ) ;
#2743 = CARTESIAN_POINT ( 'NONE',  ( -0.3018321330805731600, -1.287541556142574000, -0.7288337013492258700 ) ) ;
#2744 = CARTESIAN_POINT ( 'NONE',  ( 0.7001374513546808600, -0.7800267984727329300, 0.3650812805011365800 ) ) ;
#2745 = CARTESIAN_POINT ( 'NONE',  ( 1.034086729012520400, 2.538612616183435500, -0.6626219640109418700 ) ) ;
#2746 = FACE_OUTER_BOUND ( 'NONE', #2002, .T. ) ;
#2747 = CARTESIAN_POINT ( 'NONE',  ( -1.153523442073595800, 0.9945930553285289300, -0.4273127066446577000 ) ) ;
#2748 = CARTESIAN_POINT ( 'NONE',  ( 1.044260491328596000, -1.523541471340525800, 0.6493608992126164200 ) ) ;
#2749 = CARTESIAN_POINT ( 'NONE',  ( -0.9022452879841301700, 0.8079068414214858300, 0.8362652849533064300 ) ) ;
#2750 = CARTESIAN_POINT ( 'NONE',  ( 0.9245476424501120100, 0.8154172211114978400, 0.8107975517129723000 ) ) ;
#2751 = CARTESIAN_POINT ( 'NONE',  ( 1.164439485753259000, 1.502082942789234400, -0.3952700781600259100 ) ) ;
#2752 = CARTESIAN_POINT ( 'NONE',  ( 1.129380110045587600, -2.035497048108047700, -0.4678569791401809800 ) ) ;
#2753 = AXIS2_PLACEMENT_3D ( 'NONE', #1819, #3677, #2204 ) ;
#2754 = CARTESIAN_POINT ( 'NONE',  ( -0.6662500307252811100, 2.153325220336666800, -0.4236913465652504300 ) ) ;
#2755 = CARTESIAN_POINT ( 'NONE',  ( -0.3191250568542318100, -2.371666663681502000, -1.190990977631101400 ) ) ;
#2756 = CARTESIAN_POINT ( 'NONE',  ( -0.7074844577727053000, -0.04295852567276483400, -0.3489565582685610900 ) ) ;
#2757 = CARTESIAN_POINT ( 'NONE',  ( 0.7185353860044062500, -0.9227378993279339300, 0.3255688699892387800 ) ) ;
#2758 = CARTESIAN_POINT ( 'NONE',  ( 0.6215709830210693900, -0.6727585223522222200, -0.4869928480371949500 ) ) ;
#2759 = CARTESIAN_POINT ( 'NONE',  ( 0.1801713513130614200, 2.845535634711524200, 0.7705363695845542900 ) ) ;
#2760 = CARTESIAN_POINT ( 'NONE',  ( 0.1269505195501287300, 0.007510036950163705800, 1.223568795478752000 ) ) ;
#2761 = CARTESIAN_POINT ( 'NONE',  ( -0.8107975410596232100, -1.845417225565945800, -0.9245476067365198100 ) ) ;
#2762 = CARTESIAN_POINT ( 'NONE',  ( -1.138992234499262000, 0.1856154108366674900, 0.4648531605927704300 ) ) ;
#2763 = CARTESIAN_POINT ( 'NONE',  ( -1.102888513652327000, -0.04291616595407198000, -0.5438787747213743600 ) ) ;
#2764 = CARTESIAN_POINT ( 'NONE',  ( 0.2003143261477854100, 0.7510419400733611100, 1.213270992236052900 ) ) ;
#2765 = CARTESIAN_POINT ( 'NONE',  ( 0.3191250568542223200, -2.408333291755288700, -1.190991643212853800 ) ) ;
#2766 = CARTESIAN_POINT ( 'NONE',  ( 0.1207346484427787900, 2.367909834257674100, 0.7802813040525569100 ) ) ;
#2767 = CARTESIAN_POINT ( 'NONE',  ( -0.3191250568542146600, -2.188333336318497100, 1.190990977631106700 ) ) ;
#2768 = CARTESIAN_POINT ( 'NONE',  ( 0.5004862537460306200, -0.9656415047845491300, 0.6097617274596816000 ) ) ;
#2769 = CARTESIAN_POINT ( 'NONE',  ( 0.6706389713279989900, 2.500000000000000000, 1.004788461913603600 ) ) ;
#2770 = CARTESIAN_POINT ( 'NONE',  ( 0.4383163541429286900, -0.3862659575484465000, 0.6558904719982097100 ) ) ;
#2771 = CARTESIAN_POINT ( 'NONE',  ( 0.7820000036282621600, 2.499943779930883500, -3.229687328048993600E-006 ) ) ;
#2772 = B_SPLINE_CURVE_WITH_KNOTS ( 'NONE', 3,
 ( #1996, #2376, #898, #217, #1979, #947, #3457, #2739, #1657, #2343, #184, #2709, #568, #201, #2027, #3062, #914, #3791, #3133, #277, #639, #3119, #3181, #972, #2467, #1366, #612, #3836, #261, #292, #988, #3500, #2825 ),
 .UNSPECIFIED., .F., .F.,
 ( 4, 1, 1, 1, 1, 1, 1, 1, 1, 1, 1, 1, 1, 1, 1, 1, 1, 1, 1, 1, 1, 1, 1, 1, 1, 1, 1, 1, 1, 1, 4 ),
 ( 0.0000000000000000000, 0.03125000000000000700, 0.04166666666666663000, 0.06250000000000000000, 0.08333333333333337000, 0.09375000000000001400, 0.1249999999999986800, 0.1666666666666666600, 0.2083333333333333100, 0.2500000000000000000, 0.2916666666666666900, 0.3333333333333333700, 0.3750000000000000000, 0.4166666666666666900, 0.4583333333333333700, 0.5000000000000000000, 0.5416666666666666300, 0.5833333333333332600, 0.6250000000000000000, 0.6666666666666666300, 0.7083333333333332600, 0.7500000000000000000, 0.7916666666666666300, 0.8333333333333332600, 0.8750000000000013300, 0.9062500000000000000, 0.9166666666666666300, 0.9375000000000000000, 0.9583333333333332600, 0.9687500000000000000, 1.000000000000000000 ),
 .UNSPECIFIED. ) ;
#2773 = CARTESIAN_POINT ( 'NONE',  ( 0.5075043379639869700, -1.952705678080958200, -1.120118421566930400 ) ) ;
#2774 = CARTESIAN_POINT ( 'NONE',  ( 0.4014889125968976700, -0.02896728079090803800, -1.162845753794015300 ) ) ;
#2775 = CARTESIAN_POINT ( 'NONE',  ( -0.8695246996967935800, 0.5150000000017203000, -0.8695246996650476400 ) ) ;
#2776 = CARTESIAN_POINT ( 'NONE',  ( -0.07407344058624107400, -2.346466345490992600, -1.227980795290880800 ) ) ;
#2777 = CARTESIAN_POINT ( 'NONE',  ( 0.5338484521726097900, -1.108352050660070100, 0.5817170473128687700 ) ) ;
#2778 = CARTESIAN_POINT ( 'NONE',  ( -0.6957384218811806200, 1.223088703547102500, 0.3718442750267496600 ) ) ;
#2779 = CARTESIAN_POINT ( 'NONE',  ( 0.9721274378397609700, -1.559047136641775500, -0.7526634812812527100 ) ) ;
#2780 = CARTESIAN_POINT ( 'NONE',  ( -0.1605179022805947000, -1.630834093459834700, 1.219185301701684300 ) ) ;
#2781 = CARTESIAN_POINT ( 'NONE',  ( 0.6412585577140536000, -0.2360825640290977700, -0.4594547491197713600 ) ) ;
#2782 = CARTESIAN_POINT ( 'NONE',  ( 1.219000000000000700, -2.060000000000000500, -4.251167974598269000E-015 ) ) ;
#2783 = CARTESIAN_POINT ( 'NONE',  ( 0.05160411754454331100, -1.330447704202423000, -0.7871629390798120500 ) ) ;
#2784 = CARTESIAN_POINT ( 'NONE',  ( -0.6976728663566750300, 2.753861562647181000, 0.3734666594194127100 ) ) ;
#2785 = CARTESIAN_POINT ( 'NONE',  ( 0.7492064774466428200, -2.500000000000000400, -0.2290442842045286000 ) ) ;
#2786 = CARTESIAN_POINT ( 'NONE',  ( -1.068573251774083100, 0.7864497614462154800, 0.6095588420866452400 ) ) ;
#2787 = CARTESIAN_POINT ( 'NONE',  ( 0.2114900196050982800, 2.500000000000001300, 0.7740828030552463500 ) ) ;
#2788 = CARTESIAN_POINT ( 'NONE',  ( -0.1205265572557187300, 0.4506244747475820500, -1.223782262022816900 ) ) ;
#2789 = CARTESIAN_POINT ( 'NONE',  ( 1.214801807934301900, -1.895841850038494800, -0.1940852849066279100 ) ) ;
#2790 = CARTESIAN_POINT ( 'NONE',  ( 0.7820000035976124600, 2.499999999999970200, -1.524398158656182000E-014 ) ) ;
#2791 = CARTESIAN_POINT ( 'NONE',  ( -0.7158633430637428900, -1.365838617698733600, -0.3330951868543407500 ) ) ;
#2792 = CARTESIAN_POINT ( 'NONE',  ( -0.3419728565542424800, -1.430235128857940500, -0.7116661524616988400 ) ) ;
#2793 = CARTESIAN_POINT ( 'NONE',  ( -1.138938959782965800, -0.1856154113037139500, -0.4648331118334116900 ) ) ;
#2794 = CARTESIAN_POINT ( 'NONE',  ( 0.7820564308866802000, 2.062701256752332800, -0.02512160205261759100 ) ) ;
#2795 = CARTESIAN_POINT ( 'NONE',  ( 0.5070665287282942700, 1.537505997788031400, 0.6050050104420545700 ) ) ;
#2796 = CARTESIAN_POINT ( 'NONE',  ( 0.7185353860044062500, -0.9227378993279339300, 0.3255688699892387800 ) ) ;
#2797 = CARTESIAN_POINT ( 'NONE',  ( -1.005530623024306400, 2.500000000000000000, 0.4744673634145955600 ) ) ;
#2798 = CARTESIAN_POINT ( 'NONE',  ( -0.7469772529038437600, 0.5578762067535796300, -0.2536189270951678700 ) ) ;
#2799 = CARTESIAN_POINT ( 'NONE',  ( 0.6402719132092500300, 2.895830189975478100, 0.4590991443039008600 ) ) ;
#2800 = CARTESIAN_POINT ( 'NONE',  ( 1.187801319993479200, -0.8583327726321368100, -0.3182765988111604400 ) ) ;
#2801 = CARTESIAN_POINT ( 'NONE',  ( -0.006405727621018617600, 1.473114470038071400, 1.230178922429334000 ) ) ;
#2802 = CARTESIAN_POINT ( 'NONE',  ( 0.2736277345192376100, 2.500000000000000400, 0.7516731315441340700 ) ) ;
#2803 = CARTESIAN_POINT ( 'NONE',  ( 1.176743586231536500, 0.3218751183376872800, -0.3569623215934738000 ) ) ;
#2804 = CARTESIAN_POINT ( 'NONE',  ( -1.199485926783871600, -1.595426251519224600, 0.2731042426760713100 ) ) ;
#2805 = CARTESIAN_POINT ( 'NONE',  ( 0.7820000000000000300, -2.063000000000000200, 0.0000000000000000000 ) ) ;
#2806 = CARTESIAN_POINT ( 'NONE',  ( 0.7670527942475260400, -0.4646104443063809900, 0.1871250225293106500 ) ) ;
#2807 = CARTESIAN_POINT ( 'NONE',  ( 0.3255685407559141300, 1.952669621476010900, 0.7185542056327490800 ) ) ;
#2808 = CARTESIAN_POINT ( 'NONE',  ( -0.6887429803983553500, -0.8293651013907832300, -1.019245208104198700 ) ) ;
#2809 = CARTESIAN_POINT ( 'NONE',  ( -0.6831915652582435400, -1.716705367745774000, 0.3943900840666683100 ) ) ;
#2810 = CARTESIAN_POINT ( 'NONE',  ( -0.5989583206434592200, 1.258518007692628100, -0.5145211900398553000 ) ) ;
#2811 = CARTESIAN_POINT ( 'NONE',  ( -0.7469758525558047900, -0.5579323635797461800, 0.2536230489875999600 ) ) ;
#2812 = CARTESIAN_POINT ( 'NONE',  ( -1.045633951964128900, 2.499999999999999600, 0.3152390057425132300 ) ) ;
#2813 = CARTESIAN_POINT ( 'NONE',  ( -0.7682522216554684700, -0.02149762127599430900, -0.1791772467190401700 ) ) ;
#2814 = CARTESIAN_POINT ( 'NONE',  ( -0.1791772467190483100, -1.051497621276013900, 0.7682522216554731300 ) ) ;
#2815 = CARTESIAN_POINT ( 'NONE',  ( -0.2047195084537566400, 2.371619910291269000, 0.7640320911397989700 ) ) ;
#2816 = CARTESIAN_POINT ( 'NONE',  ( -0.5438787747213866800, -1.072916165954077600, 1.102888513652329200 ) ) ;
#2817 = CARTESIAN_POINT ( 'NONE',  ( -0.7671077746592066500, -1.595445713633461700, 0.1871403922565218200 ) ) ;
#2818 = CARTESIAN_POINT ( 'NONE',  ( -1.002162344762822100, 2.499999999999999100, 0.007458987442697144000 ) ) ;
#2819 = CARTESIAN_POINT ( 'NONE',  ( -1.120083624685112500, 1.137291706417956800, -0.5075029183094966800 ) ) ;
#2820 = CARTESIAN_POINT ( 'NONE',  ( -1.149065046483055400, -2.239176444234401300, -0.4393228259460902300 ) ) ;
#2821 = CARTESIAN_POINT ( 'NONE',  ( -0.6850045933004680300, -1.879675302387165700, -0.3954877989586066400 ) ) ;
#2822 = CARTESIAN_POINT ( 'NONE',  ( -0.2705432648047551000, -0.8508655691027451300, -0.7417531377282518000 ) ) ;
#2823 = CARTESIAN_POINT ( 'NONE',  ( -0.2778952660025533800, 1.652266844553993900, -0.7383066083374747500 ) ) ;
#2824 = CARTESIAN_POINT ( 'NONE',  ( -0.9961625100187390100, -0.6791571540638698900, 0.7217164919079875900 ) ) ;
#2825 = CARTESIAN_POINT ( 'NONE',  ( 0.7820000003448878100, -2.060017323587906500, -1.163102699448087900E-006 ) ) ;
#2826 = CARTESIAN_POINT ( 'NONE',  ( -1.067813251959267400, -2.316666666723799400, -0.6165022674776060600 ) ) ;
#2827 = CARTESIAN_POINT ( 'NONE',  ( 0.6957404734146586100, 0.8368551396282113400, 0.3718404353056482500 ) ) ;
#2828 = CARTESIAN_POINT ( 'NONE',  ( -0.7619999099558378800, 1.201625269805296900, 0.2041203490315535200 ) ) ;
#2829 = CARTESIAN_POINT ( 'NONE',  ( -0.2536189270952044500, -0.4721237932464288400, 0.7469772529038372100 ) ) ;
#2830 = CARTESIAN_POINT ( 'NONE',  ( 1.218999999999975900, 2.060000000000008900, -3.687864663890029200E-015 ) ) ;
#2831 = CARTESIAN_POINT ( 'NONE',  ( -0.6148508074738106000, -0.6866663537285815400, -1.064947164947468700 ) ) ;
#2832 = CARTESIAN_POINT ( 'NONE',  ( -0.06936549219354250200, -2.067527403913051600, 0.7865681743641085300 ) ) ;
#2833 = CARTESIAN_POINT ( 'NONE',  ( -0.7181828884517339500, 2.500000000000001800, 0.4958246258670210300 ) ) ;
#2834 = CARTESIAN_POINT ( 'NONE',  ( -0.2730931423548746400, 0.5654262504094249600, 1.199430096379603000 ) ) ;
#2835 = CARTESIAN_POINT ( 'NONE',  ( 1.138992234499266700, -1.874384589163343100, -0.4648531605927294600 ) ) ;
#2836 = CARTESIAN_POINT ( 'NONE',  ( -1.067805343194932600, -1.879666666809612000, -0.6164984834988526100 ) ) ;
#2837 = CARTESIAN_POINT ( 'NONE',  ( 0.3878381874844936100, -1.129803268499133500, 0.6877342925573516300 ) ) ;
#2838 = CARTESIAN_POINT ( 'NONE',  ( -0.5201571487949158100, 1.845382684409006900, 0.5930919404796576300 ) ) ;
#2839 = CARTESIAN_POINT ( 'NONE',  ( -0.3718403903627536300, 1.866854884794032500, 0.6957405839258640200 ) ) ;
#2840 = CARTESIAN_POINT ( 'NONE',  ( 1.026356793715207600, -1.086865451755865400, 0.6780892297460651100 ) ) ;
#2841 = CARTESIAN_POINT ( 'NONE',  ( -0.7620010355392726800, -1.201681426629834300, -0.2041161437249696700 ) ) ;
#2842 = CARTESIAN_POINT ( 'NONE',  ( 0.9861685091820915300, -2.455695463883769100, -0.7228861873228118500 ) ) ;
#2843 = ORIENTED_EDGE ( 'NONE', *, *, #115, .T. ) ;
#2844 = CARTESIAN_POINT ( 'NONE',  ( 0.6831915652455518000, 0.3432946322260092600, -0.3943900840515949800 ) ) ;
#2845 = CARTESIAN_POINT ( 'NONE',  ( 0.4383127350510299700, 0.3862098007239943000, -0.6558928914996726700 ) ) ;
#2846 = CARTESIAN_POINT ( 'NONE',  ( 0.3718404353056858300, -0.1931448603718039800, -0.6957404734146458400 ) ) ;
#2847 = CARTESIAN_POINT ( 'NONE',  ( 0.7776059535743221600, 2.048552464297536300, 0.1222832326726273300 ) ) ;
#2848 = APPROVAL_PERSON_ORGANIZATION ( #945, #2594, #3325 ) ;
#2849 = CARTESIAN_POINT ( 'NONE',  ( -0.7485916255371006800, 0.08583317647099637800, 0.9755813789846820000 ) ) ;
#2850 = CARTESIAN_POINT ( 'NONE',  ( 0.9721714487896181400, 1.558793689402999000, 0.7559979219766186400 ) ) ;
#2851 = CARTESIAN_POINT ( 'NONE',  ( -1.023607374978745100, 2.499999999999999100, 0.02618658636797168600 ) ) ;
#2852 = CARTESIAN_POINT ( 'NONE',  ( 0.9798237938011041800, 0.6727170197687948300, 0.7437860155409918800 ) ) ;
#2853 = CARTESIAN_POINT ( 'NONE',  ( -0.9755813789847207500, 1.115833176471001700, -0.7485916255370419500 ) ) ;
#2854 = DATE_AND_TIME ( #3813, #2011 ) ;
#2855 = CARTESIAN_POINT ( 'NONE',  ( 0.4014889125968976700, -0.02896728079090803800, -1.162845753794015300 ) ) ;
#2856 = CARTESIAN_POINT ( 'NONE',  ( 0.7245854338549763100, -2.035520344717903100, -0.3001035238196836400 ) ) ;
#2857 = CARTESIAN_POINT ( 'NONE',  ( -0.7865111723545149500, 1.037471245705746900, 0.06936237217052104700 ) ) ;
#2858 = CARTESIAN_POINT ( 'NONE',  ( 0.6519775382175799800, -1.086900848214074300, 0.4453212078512411900 ) ) ;
#2859 = CARTESIAN_POINT ( 'NONE',  ( -1.207735263333438600, -1.344365926559917300, -0.2337092919279299700 ) ) ;
#2860 = CARTESIAN_POINT ( 'NONE',  ( 1.219000000000000700, -2.060000000000000500, -4.251167974598269000E-015 ) ) ;
#2861 = CARTESIAN_POINT ( 'NONE',  ( 0.5930919767610318700, 0.8153825974660347000, 0.5201571295916092000 ) ) ;
#2862 = CARTESIAN_POINT ( 'NONE',  ( 0.7820000036282621600, 2.499943779930883500, -3.229687328048993600E-006 ) ) ;
#2863 = CARTESIAN_POINT ( 'NONE',  ( -0.3255688699892171400, 0.1072621006720829200, 0.7185353860044073600 ) ) ;
#2864 = CARTESIAN_POINT ( 'NONE',  ( 1.142988959839967400, 2.035055052312524400, 0.4496793119188413100 ) ) ;
#2865 = CARTESIAN_POINT ( 'NONE',  ( 1.229040584140789000, -0.8797912423156846200, -0.04023867202516740600 ) ) ;
#2866 = CARTESIAN_POINT ( 'NONE',  ( 0.3650812805011126000, -1.810026798472703200, -0.7001374513546646500 ) ) ;
#2867 = CARTESIAN_POINT ( 'NONE',  ( -0.2292487348141211400, 2.808862479476709000, 0.7574086213657044200 ) ) ;
#2868 = CARTESIAN_POINT ( 'NONE',  ( 0.8934404109184608300, 1.981676027755660400, -0.8455687376249785300 ) ) ;
#2869 = CARTESIAN_POINT ( 'NONE',  ( 0.9755813789592887600, 0.9441668235321526400, -0.7485916255693531000 ) ) ;
#2870 = CARTESIAN_POINT ( 'NONE',  ( 0.4648531605927185800, -0.8443845891633410300, 1.138992234499294200 ) ) ;
#2871 = CARTESIAN_POINT ( 'NONE',  ( 0.2047133354966494400, -1.714672066466450500, 0.7640501894739202300 ) ) ;
#2872 = CARTESIAN_POINT ( 'NONE',  ( -0.1871250225292861700, 0.5653895556936094900, 0.7670527942475070500 ) ) ;
#2873 = CARTESIAN_POINT ( 'NONE',  ( 0.3330951880159572800, -0.3358386118442126500, -0.7158633428923519800 ) ) ;
#2874 = CARTESIAN_POINT ( 'NONE',  ( -1.189862167469250900, 0.4152183460767297500, -0.3121884341851665600 ) ) ;
#2875 = CARTESIAN_POINT ( 'NONE',  ( -1.067820518222011300, -2.680333333189346900, 0.6165072675409566400 ) ) ;
#2876 = CARTESIAN_POINT ( 'NONE',  ( -0.3182765679337749600, -1.888332822701462000, -1.187800724911579600 ) ) ;
#2877 = CARTESIAN_POINT ( 'NONE',  ( 0.7820000017367421100, 2.055994500676320900, 0.05161590168925032200 ) ) ;
#2878 = CARTESIAN_POINT ( 'NONE',  ( -1.233004539824354100, 2.279999999999974000, 5.523325065871266500E-013 ) ) ;
#2879 = CARTESIAN_POINT ( 'NONE',  ( 1.120083624666769600, 0.9227082935854713500, -0.5075029183502747200 ) ) ;
#2880 = CARTESIAN_POINT ( 'NONE',  ( 0.03385488924956286300, -1.466704012644588700, 0.7889028105679256600 ) ) ;
#2881 = CARTESIAN_POINT ( 'NONE',  ( -0.8897975641187492200, 2.772242508435040200, 0.8538655768400392800 ) ) ;
#2882 = CARTESIAN_POINT ( 'NONE',  ( 0.4393010449497558600, 1.209176441070967800, 1.149012459229642700 ) ) ;
#2883 = CARTESIAN_POINT ( 'NONE',  ( 1.219185301701689600, 1.459165906540214300, 0.1605179022803303600 ) ) ;
#2884 = CARTESIAN_POINT ( 'NONE',  ( -0.3893643071843974100, -1.144800906313525400, -1.166947447045518100 ) ) ;
#2885 = CARTESIAN_POINT ( 'NONE',  ( -0.3954970821896272000, -2.790341777455236400, -0.6850189867553343500 ) ) ;
#2886 = CARTESIAN_POINT ( 'NONE',  ( -0.7883588060757948900, -0.1427134729219915200, 0.04369241558920251800 ) ) ;
#2887 = CARTESIAN_POINT ( 'NONE',  ( 0.1462089390251079000, -0.5718825859732803400, 0.7759181577673874800 ) ) ;
#2888 = CARTESIAN_POINT ( 'NONE',  ( 1.123120999566078000, 0.6941755348084129900, 0.5018569905261099900 ) ) ;
#2889 = CARTESIAN_POINT ( 'NONE',  ( 1.070497880175409900, -2.464861069317631200, -0.5873451371529127000 ) ) ;
#2890 = CARTESIAN_POINT ( 'NONE',  ( 0.3943900840516216300, 1.373294632226060200, 0.6831915652455303700 ) ) ;
#2891 = CARTESIAN_POINT ( 'NONE',  ( -0.8898658429310386500, 1.787757517383861800, -0.8539343047794120100 ) ) ;
#2892 = CARTESIAN_POINT ( 'NONE',  ( -0.8695246996967934700, 0.5150000000017203000, -0.8695246996650475300 ) ) ;
#2893 = CARTESIAN_POINT ( 'NONE',  ( 0.1205265572642235900, 1.609375525251768100, -1.223782262019949400 ) ) ;
#2894 = CARTESIAN_POINT ( 'NONE',  ( 0.05959083917388431600, -0.2865087590184372500, 0.7873687501155778300 ) ) ;
#2895 = CARTESIAN_POINT ( 'NONE',  ( -0.5772400462597164800, 2.772195027810942400, 0.5413120176631395200 ) ) ;
#2896 = CARTESIAN_POINT ( 'NONE',  ( 0.5742223989119048500, 1.423759809449909800, -1.087882369904004100 ) ) ;
#2897 = CARTESIAN_POINT ( 'NONE',  ( -0.8718658692940466400, -2.225000000214246500, 0.8718658729890017600 ) ) ;
#2898 = CARTESIAN_POINT ( 'NONE',  ( 1.186594196822192900, -0.7585511435688712100, 0.3245768623991937600 ) ) ;
#2899 = CARTESIAN_POINT ( 'NONE',  ( 1.208481432485340800, -2.926313393131904700, -0.1860184459050781000 ) ) ;
#2900 = CARTESIAN_POINT ( 'NONE',  ( -0.2856615555998136000, -0.03544779513026364400, 0.7360612092185876400 ) ) ;
#2901 = CARTESIAN_POINT ( 'NONE',  ( 0.4869561460517124500, -0.3572976327386378500, -0.6215272529186147700 ) ) ;
#2902 = CARTESIAN_POINT ( 'NONE',  ( -0.8653114926824119200, 1.101883836911253100, 0.8743570037595968000 ) ) ;
#2903 = CARTESIAN_POINT ( 'NONE',  ( -0.9755813789593389400, -1.115833176467857500, 0.7485916255693098000 ) ) ;
#2904 = CARTESIAN_POINT ( 'NONE',  ( 0.6831815811535765200, -0.3862506638907806700, 1.022467019816284600 ) ) ;
#2905 = CARTESIAN_POINT ( 'NONE',  ( 0.4165928773177196600, 1.566423132201266700, -0.6698812358309868000 ) ) ;
#2906 = CARTESIAN_POINT ( 'NONE',  ( 0.7288353661821137500, 0.2574853993170436200, 0.3018281107065367000 ) ) ;
#2907 = CARTESIAN_POINT ( 'NONE',  ( 1.000499999999999900, -2.500000000000000000, 0.0000000000000000000 ) ) ;
#2908 = CARTESIAN_POINT ( 'NONE',  ( -0.7801092823900650500, 1.094374647304460900, -0.9505710321984152100 ) ) ;
#2909 = CARTESIAN_POINT ( 'NONE',  ( 0.5438787747213143000, 0.9870838340459330300, -1.102888513652349900 ) ) ;
#2910 = CARTESIAN_POINT ( 'NONE',  ( 0.4664743867521193300, -0.8229419122155322600, 0.6370999716271922300 ) ) ;
#2911 = CARTESIAN_POINT ( 'NONE',  ( -0.02540457215604477800, 2.827192365395315000, 0.7909416002183121700 ) ) ;
#2912 = CARTESIAN_POINT ( 'NONE',  ( -0.8653114926824119200, 1.101883836911253100, 0.8743570037595968000 ) ) ;
#2913 = CARTESIAN_POINT ( 'NONE',  ( -0.8718658692940585200, -2.334999999785754000, -0.8718658729889893200 ) ) ;
#2914 = CARTESIAN_POINT ( 'NONE',  ( 1.227970396035243300, -1.316467235005041300, -0.07407286008634853000 ) ) ;
#2915 = CARTESIAN_POINT ( 'NONE',  ( 0.7516777438846334900, -2.079878245014152000, 0.2193044273327345600 ) ) ;
#2916 = CARTESIAN_POINT ( 'NONE',  ( 0.5989138052758776800, 0.8014258336603614600, -0.5144854500651583300 ) ) ;
#2917 = CARTESIAN_POINT ( 'NONE',  ( -0.2856615555998136000, -0.03544779513026364400, 0.7360612092185876400 ) ) ;
#2918 = CARTESIAN_POINT ( 'NONE',  ( 0.3509698115047771800, 0.2650087382957979600, -1.179021272115840200 ) ) ;
#2919 = CARTESIAN_POINT ( 'NONE',  ( 0.1205265572557566700, -1.609375525252416200, 1.223782262022836500 ) ) ;
#2920 = CARTESIAN_POINT ( 'NONE',  ( 0.9995576334112169500, -0.2360410597139035400, -0.7162810793157693400 ) ) ;
#2921 = CARTESIAN_POINT ( 'NONE',  ( 0.7783260238142242200, 0.2789398087073113900, 0.1284578436379419900 ) ) ;
#2922 = CARTESIAN_POINT ( 'NONE',  ( 0.8695246996649930200, 1.545000000001725000, -0.8695246996968383200 ) ) ;
#2923 = CARTESIAN_POINT ( 'NONE',  ( 1.219185301701689600, 1.459165906540214300, 0.1605179022803303600 ) ) ;
#2924 = CARTESIAN_POINT ( 'NONE',  ( 0.5707867514296222100, -1.252114691752839400, -0.5456281356036444300 ) ) ;
#2925 = CARTESIAN_POINT ( 'NONE',  ( 0.2292431421118184300, 2.588853950286491100, -0.7573742273565217100 ) ) ;
#2926 = CARTESIAN_POINT ( 'NONE',  ( 1.218960963146409300, 2.487327472860015200, 0.1552106969711908900 ) ) ;
#2927 = CARTESIAN_POINT ( 'NONE',  ( -1.190982286815484700, -1.861333333405547700, -0.3191234264092843700 ) ) ;
#2928 = CARTESIAN_POINT ( 'NONE',  ( -0.9962076681942002600, 0.6791571532990440300, -0.7217511472676736400 ) ) ;
#2929 = CARTESIAN_POINT ( 'NONE',  ( 0.7820000003448878100, -2.060017323587906500, -1.163102699448087900E-006 ) ) ;
#2930 = CARTESIAN_POINT ( 'NONE',  ( -0.6153914604489074700, 1.681237183171363500, 0.4946926690271694100 ) ) ;
#2931 = CARTESIAN_POINT ( 'NONE',  ( -1.176743586260778500, 1.738124881652660200, -0.3569623215266555200 ) ) ;
#2932 = CARTESIAN_POINT ( 'NONE',  ( 1.224816661789805300, 0.1362594389087933300, 0.1142010897282624600 ) ) ;
#2933 = CARTESIAN_POINT ( 'NONE',  ( 1.164439485758842500, -1.502082942787644500, 0.3952700781400859100 ) ) ;
#2934 = CARTESIAN_POINT ( 'NONE',  ( -0.6493608992126367300, -0.4935414713405233400, 1.044260491328573800 ) ) ;
#2935 = CARTESIAN_POINT ( 'NONE',  ( -0.7888743494250372000, -2.807841234435904100E-005, 2.176718546724912800E-006 ) ) ;
#2936 = APPROVAL_ROLE ( '' ) ;
#2937 = CARTESIAN_POINT ( 'NONE',  ( 0.9755813789592887600, 0.9441668235321525300, -0.7485916255693531000 ) ) ;
#2938 = CARTESIAN_POINT ( 'NONE',  ( -0.4743389123536602700, -1.531090655286994500, 0.6312673978617612300 ) ) ;
#2939 = CARTESIAN_POINT ( 'NONE',  ( 0.8690737316737122700, 2.006225310666127200, 0.8708403370388799700 ) ) ;
#2940 = CARTESIAN_POINT ( 'NONE',  ( 0.7485875887253757900, -1.974177034447310400, -0.9754466618832811100 ) ) ;
#2941 = CARTESIAN_POINT ( 'NONE',  ( -1.067805985696502100, -1.806333333363054500, 0.6164972674142876800 ) ) ;
#2942 = CARTESIAN_POINT ( 'NONE',  ( -1.081890875306890800, 1.279990344319475100, -0.5855457744931393800 ) ) ;
#2943 = CARTESIAN_POINT ( 'NONE',  ( -0.7640320523458571400, -2.298342002955180400, -0.2047212487310738600 ) ) ;
#2944 = CARTESIAN_POINT ( 'NONE',  ( 0.2947158450852504500, 2.389349402095599200, 0.7324468054136165100 ) ) ;
#2945 = CARTESIAN_POINT ( 'NONE',  ( -0.9993224272877163600, -2.500000000000001300, -0.4867081492146830300 ) ) ;
#2946 = CARTESIAN_POINT ( 'NONE',  ( 1.175355529444051600, -1.938758940903809500, 0.3632274496354635500 ) ) ;
#2947 = CARTESIAN_POINT ( 'NONE',  ( -0.04023864898589386100, -1.909791061818562500, -1.229042911272103100 ) ) ;
#2948 = CARTESIAN_POINT ( 'NONE',  ( -0.7162810793157798900, -1.266041059713907300, -0.9995576334112178400 ) ) ;
#2949 = CARTESIAN_POINT ( 'NONE',  ( 1.120083624685090000, -0.9227082935820557500, 0.5075029183095822700 ) ) ;
#2950 = CARTESIAN_POINT ( 'NONE',  ( -0.7884389382211320900, 1.180167233670913500, 0.02575665111274291400 ) ) ;
#2951 = ORIENTED_EDGE ( 'NONE', *, *, #1565, .T. ) ;
#2952 = CARTESIAN_POINT ( 'NONE',  ( -0.9755813789847207500, 1.115833176471001700, -0.7485916255370419500 ) ) ;
#2953 = CARTESIAN_POINT ( 'NONE',  ( 0.7865681743644350500, 1.022472596086317000, 0.06936549219400264800 ) ) ;
#2954 = CARTESIAN_POINT ( 'NONE',  ( 1.124085858873469500, 1.650489912530140000, -0.4969290482336289300 ) ) ;
#2955 = CARTESIAN_POINT ( 'NONE',  ( 0.3952700781599195500, -1.587917057210782800, 1.164439485753306900 ) ) ;
#2956 = CARTESIAN_POINT ( 'NONE',  ( -1.190990926148282900, -2.298333333319051400, -0.3191250571005480600 ) ) ;
#2957 = CARTESIAN_POINT ( 'NONE',  ( 1.230167664556708100, 0.4431152478913796300, 0.006406354208108763200 ) ) ;
#2958 = CARTESIAN_POINT ( 'NONE',  ( -0.4016849260566424100, 2.303530845588329900, 0.6797621548274431800 ) ) ;
#2959 = CARTESIAN_POINT ( 'NONE',  ( 0.2682420881259901500, -2.500000000000001300, -1.167701021484663000 ) ) ;
#2960 = CARTESIAN_POINT ( 'NONE',  ( 0.8934806617686280600, -1.981676027752222500, 0.8456089884116148000 ) ) ;
#2961 = CARTESIAN_POINT ( 'NONE',  ( 1.062115847366935700, 1.960217491873099000, -0.6206025129760465200 ) ) ;
#2962 = CALENDAR_DATE ( 2025, 20, 3 ) ;
#2963 = CARTESIAN_POINT ( 'NONE',  ( 0.9505793753376812200, -1.995585499201438600, -0.7806309308624916900 ) ) ;
#2964 = CARTESIAN_POINT ( 'NONE',  ( -0.2003143261477358900, -1.308958059926650800, -1.213270992236074700 ) ) ;
#2965 = CARTESIAN_POINT ( 'NONE',  ( 0.7671077746591842300, 0.4645542863665488900, -0.1871403922565607100 ) ) ;
#2966 = CARTESIAN_POINT ( 'NONE',  ( -0.2536230489876349400, 0.4720676364202702200, -0.7469758525557860200 ) ) ;
#2967 = CARTESIAN_POINT ( 'NONE',  ( -3.270641415683585700E-006, 2.170000476965883200, -1.233011127782315900 ) ) ;
#2968 = CARTESIAN_POINT ( 'NONE',  ( -0.7777441848100547000, 0.1641193587170895800, 0.1364971375269909100 ) ) ;
#2969 = CARTESIAN_POINT ( 'NONE',  ( 0.5640365731999635900, 2.006216364762462200, 0.5523857988437261800 ) ) ;
#2970 = CARTESIAN_POINT ( 'NONE',  ( 1.197590302837162800, -2.037952603205367600, -0.2869049855897291600 ) ) ;
#2971 = CARTESIAN_POINT ( 'NONE',  ( 2.316295566781683500E-006, -1.733010102894448900, 0.7909675806806982800 ) ) ;
#2972 = CARTESIAN_POINT ( 'NONE',  ( -0.7853673174123634300, 1.408741300757603700, 0.9468925437003983300 ) ) ;
#2973 = CARTESIAN_POINT ( 'NONE',  ( 1.219000000000000100, -2.500000000000000000, 0.0000000000000000000 ) ) ;
#2974 = CARTESIAN_POINT ( 'NONE',  ( -0.6662500307252811100, 2.153325220336666800, -0.4236913465652504300 ) ) ;
#2975 = CARTESIAN_POINT ( 'NONE',  ( -0.9813639816347290400, -2.499999999999997300, -0.5327179597173770100 ) ) ;
#2976 = CARTESIAN_POINT ( 'NONE',  ( -1.224873463013507000, -2.196259439404685000, 0.1142048116905462300 ) ) ;
#2977 = CARTESIAN_POINT ( 'NONE',  ( -0.8362277648024881700, 2.282093150364588500, 0.9022026696831682000 ) ) ;
#2978 = CARTESIAN_POINT ( 'NONE',  ( 1.176743586244281400, -0.3218751183344194500, 0.3569623215527536500 ) ) ;
#2979 = CARTESIAN_POINT ( 'NONE',  ( 0.5796874517534851300, 0.1931257010584284100, 1.084501027665788000 ) ) ;
#2980 = CARTESIAN_POINT ( 'NONE',  ( -0.7532748432581608500, 0.7649493059325440700, 0.2368283023104327300 ) ) ;
#2981 = CARTESIAN_POINT ( 'NONE',  ( -0.5944747642644937500, 2.643909241502954400, -1.080476793915359400 ) ) ;
#2982 = CARTESIAN_POINT ( 'NONE',  ( -0.7325325339570328800, 0.7005860733313736800, -0.2947479409807369800 ) ) ;
#2983 = CARTESIAN_POINT ( 'NONE',  ( -0.3735099782432874700, 1.916043032197182200, 0.6977592625148074700 ) ) ;
#2984 = CARTESIAN_POINT ( 'NONE',  ( -0.2003143261477358700, -1.308958059926650800, -1.213270992236074900 ) ) ;
#2985 = CARTESIAN_POINT ( 'NONE',  ( 0.7516755820373355300, -2.043139078803017900, -0.2193031723457352400 ) ) ;
#2986 = CARTESIAN_POINT ( 'NONE',  ( 1.220483189299258900, 1.043948503329652100, -0.1542169454720788700 ) ) ;
#2987 = CARTESIAN_POINT ( 'NONE',  ( 1.219000000000000100, -2.495429701408549600, -0.07955646403931107600 ) ) ;
#2988 = CARTESIAN_POINT ( 'NONE',  ( 0.6370550573947512100, 1.852885753740271000, 0.4664391494088175300 ) ) ;
#2989 = CARTESIAN_POINT ( 'NONE',  ( 0.9621587934080164700, -2.500000000000001300, -0.7406426319256445000 ) ) ;
#2990 = CARTESIAN_POINT ( 'NONE',  ( 1.062164188941983900, -1.960217490925183900, 0.6206325686791672700 ) ) ;
#2991 = CARTESIAN_POINT ( 'NONE',  ( 0.9289873003750125400, 2.432377307471424100, 0.8052639595952801900 ) ) ;
#2992 = CARTESIAN_POINT ( 'NONE',  ( -1.197584530349421700, -0.02145760195670292800, -0.2792288058570445200 ) ) ;
#2993 = CARTESIAN_POINT ( 'NONE',  ( -0.3650812805010876200, 0.2499732015272902700, 0.7001374513546838600 ) ) ;
#2994 = CARTESIAN_POINT ( 'NONE',  ( 0.7324788875420275000, 1.359357770037887200, -0.2947284142847049800 ) ) ;
#2995 = CARTESIAN_POINT ( 'NONE',  ( -0.5578044142444647000, 0.5149719215859869200, -0.5578013360593790900 ) ) ;
#2996 = CARTESIAN_POINT ( 'NONE',  ( -1.067813272475109900, 2.316666663928506100, 0.6165022988552946200 ) ) ;
#2997 = CARTESIAN_POINT ( 'NONE',  ( -0.6370999716271702500, 0.2070580877844641900, 0.4664743867521565200 ) ) ;
#2998 = CARTESIAN_POINT ( 'NONE',  ( -0.3191240921756243200, 2.371666800028122700, 1.190989200620927700 ) ) ;
#2999 = CARTESIAN_POINT ( 'NONE',  ( 0.6831815811800902000, 0.3862506638882601300, -1.022467019795835200 ) ) ;
#3000 = CARTESIAN_POINT ( 'NONE',  ( 0.7752716931703195200, -2.052297942793270400, -0.1194704358315395500 ) ) ;
#3001 = CARTESIAN_POINT ( 'NONE',  ( 0.4331610122151273700, 0.4077086539526914600, -1.150892356788499700 ) ) ;
#3002 = CARTESIAN_POINT ( 'NONE',  ( -0.3186129340779780800, -1.509634501076743800, 0.7224906015210415000 ) ) ;
#3003 = CARTESIAN_POINT ( 'NONE',  ( 0.6165028677475678000, -2.863666821884622000, -1.067812922591613500 ) ) ;
#3004 = CARTESIAN_POINT ( 'NONE',  ( -1.179021272115828900, -0.7649912617042069500, -0.3509698115047759100 ) ) ;
#3005 = CARTESIAN_POINT ( 'NONE',  ( -0.9841592066091199300, -2.499999999999994200, -0.02885748732505849900 ) ) ;
#3006 = CARTESIAN_POINT ( 'NONE',  ( 1.068573251774147100, -1.273550238553796700, -0.6095588420865633000 ) ) ;
#3007 = VERTEX_POINT ( 'NONE', #2790 ) ;
#3008 = CARTESIAN_POINT ( 'NONE',  ( -0.6095320102096955000, 2.303550268602444700, 1.068522441970825200 ) ) ;
#3009 = CARTESIAN_POINT ( 'NONE',  ( 0.6831815811800902000, 0.3862506638882601300, -1.022467019795835200 ) ) ;
#3010 = CARTESIAN_POINT ( 'NONE',  ( -0.7801092823900649400, 1.094374647304460900, -0.9505710321984153200 ) ) ;
#3011 = ORIENTED_EDGE ( 'NONE', *, *, #269, .F. ) ;
#3012 = CARTESIAN_POINT ( 'NONE',  ( 0.6609949321139853000, -0.2006495528521067000, 0.4319462736436812700 ) ) ;
#3013 = CARTESIAN_POINT ( 'NONE',  ( 0.7893502009764624700, 0.7370675740695364900, -0.01782880313309340500 ) ) ;
#3014 = CARTESIAN_POINT ( 'NONE',  ( -0.2289715063218939500, 0.7081013201750822100, 0.7548913879874305000 ) ) ;
#3015 = CARTESIAN_POINT ( 'NONE',  ( -1.136093021626293900, 1.802500454471249100, 0.4705899113667929600 ) ) ;
#3016 = CARTESIAN_POINT ( 'NONE',  ( 0.1462176183908755800, 0.5718264306905803700, -0.7759745845356373900 ) ) ;
#3017 = CARTESIAN_POINT ( 'NONE',  ( -0.3191240922089518800, 2.188333199994331000, -1.190989201012616400 ) ) ;
#3018 = CARTESIAN_POINT ( 'NONE',  ( 0.8975113652244659500, 0.3647921461735484400, -0.8406176375675652500 ) ) ;
#3019 = CARTESIAN_POINT ( 'NONE',  ( 0.7836113990190499700, -2.495423079846702300, -0.05103360071351569600 ) ) ;
#3020 = CARTESIAN_POINT ( 'NONE',  ( 0.7820000003448878100, -2.060017323587906500, -1.163102699448087900E-006 ) ) ;
#3021 = CARTESIAN_POINT ( 'NONE',  ( 0.3793292552032097600, -1.423773608400239900, 0.6925274438503649100 ) ) ;
#3022 = CARTESIAN_POINT ( 'NONE',  ( 0.9861685091821029700, -2.104304536116233100, 0.7228861873227974100 ) ) ;
#3023 = CARTESIAN_POINT ( 'NONE',  ( 0.7754012757499624300, -1.537464107010112000, -0.9552957253692259100 ) ) ;
#3024 = CARTESIAN_POINT ( 'NONE',  ( -0.02874618121864131600, -2.499999999999999600, -0.8128217969866293700 ) ) ;
#3025 = CARTESIAN_POINT ( 'NONE',  ( 1.218806721506053600, -0.1577179536888135800, 0.1669193584597456500 ) ) ;
#3026 = CARTESIAN_POINT ( 'NONE',  ( 0.1205265572557566700, -1.609375525252416200, 1.223782262022836500 ) ) ;
#3027 = CARTESIAN_POINT ( 'NONE',  ( 0.8107975517130259200, -0.2145827788885101800, -0.9245476424500732600 ) ) ;
#3028 = CARTESIAN_POINT ( 'NONE',  ( 0.6148508074739026400, 1.373333646271430700, 1.064947164947402300 ) ) ;
#3029 = CARTESIAN_POINT ( 'NONE',  ( -0.7264064860240397900, 0.1855909093464682100, 0.3095874144438276500 ) ) ;
#3030 = CARTESIAN_POINT ( 'NONE',  ( -0.04369241558924350000, 0.8872865270780105900, -0.7883588060757801300 ) ) ;
#3031 = CARTESIAN_POINT ( 'NONE',  ( -1.190990920325092400, 2.298333334019910400, 0.3191250493005639600 ) ) ;
#3032 = CARTESIAN_POINT ( 'NONE',  ( -0.2778952660025533800, 1.652266844553993900, -0.7383066083374747500 ) ) ;
#3033 = CARTESIAN_POINT ( 'NONE',  ( 0.04369365452710696800, 1.172657317925767800, -0.7884158836305691400 ) ) ;
#3034 = CARTESIAN_POINT ( 'NONE',  ( 1.218999999999971700, 2.496240796553745900, 0.06543750431274048000 ) ) ;
#3035 = CARTESIAN_POINT ( 'NONE',  ( -1.022467019795810100, -0.6437493361117480100, -0.6831815811801385000 ) ) ;
#3036 = CARTESIAN_POINT ( 'NONE',  ( 0.6868415920121616600, -2.532139419512348300, 0.3760891496233278500 ) ) ;
#3037 = CARTESIAN_POINT ( 'NONE',  ( -0.7849751071869226500, -2.196284479520157700, 0.08538812011876460700 ) ) ;
#3038 = CARTESIAN_POINT ( 'NONE',  ( 0.6164677714198181200, 2.426660661098265900, 1.067905162091495900 ) ) ;
#3039 = CARTESIAN_POINT ( 'NONE',  ( -1.229248557115038000, -1.322907385885199200, 0.04664549391186937500 ) ) ;
#3040 = CARTESIAN_POINT ( 'NONE',  ( -0.9560786620327950100, -2.500000000000000000, -0.07466112269969559000 ) ) ;
#3041 = CARTESIAN_POINT ( 'NONE',  ( 1.207791424921551300, -0.7156340722757096300, -0.2337185719338756300 ) ) ;
#3042 = CARTESIAN_POINT ( 'NONE',  ( -1.150892356788485900, -0.6222913460473157300, -0.4331610122151832700 ) ) ;
#3043 = CARTESIAN_POINT ( 'NONE',  ( 0.04023867202520179500, 0.1502087576843228700, 1.229040584140780100 ) ) ;
#3044 = CARTESIAN_POINT ( 'NONE',  ( -1.213270992568735900, 1.781041939936350600, 0.2003143265794188100 ) ) ;
#3045 = CARTESIAN_POINT ( 'NONE',  ( -0.1714230826955637200, 1.451643356848202600, 0.7707792649408291600 ) ) ;
#3046 = CARTESIAN_POINT ( 'NONE',  ( -0.7224376186637555500, 0.4795783460958396600, 0.3185916689904089700 ) ) ;
#3047 = CARTESIAN_POINT ( 'NONE',  ( 0.6544200936612403200, 2.458627997528954400, 0.4374098664266556900 ) ) ;
#3048 = CARTESIAN_POINT ( 'NONE',  ( 0.2289715063219296400, -1.351898679824912000, -0.7548913879874347100 ) ) ;
#3049 = CARTESIAN_POINT ( 'NONE',  ( 0.3191357952347539900, 2.151664971393430800, -1.190966106723250700 ) ) ;
#3050 = CARTESIAN_POINT ( 'NONE',  ( -0.9505710322136278200, -0.06437464730251563100, -0.7801092823698795300 ) ) ;
#3051 = CARTESIAN_POINT ( 'NONE',  ( 0.7752413635297906700, -2.926297942820927900, -0.1194650981448890100 ) ) ;
#3052 = CARTESIAN_POINT ( 'NONE',  ( 0.5383570335973806300, 1.516021348329087400, 1.106285020603932500 ) ) ;
#3053 = CARTESIAN_POINT ( 'NONE',  ( -1.190990920325257100, 2.261666665980228700, -0.3191250493027064600 ) ) ;
#3054 = CARTESIAN_POINT ( 'NONE',  ( 1.218982609595065300, -1.623000000344695600, 0.02934010443042284900 ) ) ;
#3055 = CARTESIAN_POINT ( 'NONE',  ( 0.1195339877874442000, -2.500000000000001300, -0.7997115989635134000 ) ) ;
#3056 = CARTESIAN_POINT ( 'NONE',  ( 0.1669193584597928000, -1.187717953688822300, -1.218806721506050500 ) ) ;
#3057 = CARTESIAN_POINT ( 'NONE',  ( -0.1605179022805946800, -1.630834093459834700, 1.219185301701684500 ) ) ;
#3058 = CARTESIAN_POINT ( 'NONE',  ( -0.5796874745158069300, 1.866874284353181100, 1.084501176293607900 ) ) ;
#3059 = CARTESIAN_POINT ( 'NONE',  ( -1.219185301706502400, 0.6008340934558440400, 0.1605179022284312100 ) ) ;
#3060 = CARTESIAN_POINT ( 'NONE',  ( 0.008080529342694254400, 1.473098597167896000, 0.7895721582045065500 ) ) ;
#3061 = CARTESIAN_POINT ( 'NONE',  ( 0.5455873343891516300, 0.2220585340829822900, -0.5707468231297121400 ) ) ;
#3062 = CARTESIAN_POINT ( 'NONE',  ( -0.7640320523458571400, -2.298342002955180400, -0.2047212487310738600 ) ) ;
#3063 = CARTESIAN_POINT ( 'NONE',  ( 0.8505855692247923400, -2.443471704304668500, -0.8882037499754517100 ) ) ;
#3064 = CARTESIAN_POINT ( 'NONE',  ( -0.4383127350518160600, -1.673790199270209800, 0.6558928915011182900 ) ) ;
#3065 = CARTESIAN_POINT ( 'NONE',  ( -0.6165025432195319100, 2.353333296371164200, 1.067813699918197100 ) ) ;
#3066 = CARTESIAN_POINT ( 'NONE',  ( 1.064947164947435400, 0.3433336462714263200, -0.6148508074738551200 ) ) ;
#3067 = CARTESIAN_POINT ( 'NONE',  ( -0.6850192650020743300, -2.680342021198236900, 0.3954974547877754800 ) ) ;
#3068 = ORIENTED_EDGE ( 'NONE', *, *, #747, .F. ) ;
#3069 = CARTESIAN_POINT ( 'NONE',  ( 0.7777441848100831200, -1.895880641282931900, -0.1364971375269676000 ) ) ;
#3070 = CARTESIAN_POINT ( 'NONE',  ( 1.203260228517470300, 2.074125675918066400, -0.2458867099239280300 ) ) ;
#3071 = CARTESIAN_POINT ( 'NONE',  ( -0.5855173073676902500, -0.2499903457206641100, -1.081841581513079300 ) ) ;
#3072 = CARTESIAN_POINT ( 'NONE',  ( -0.6434648890522277600, -2.499999999999998700, -0.5737986245649130400 ) ) ;
#3073 = CARTESIAN_POINT ( 'NONE',  ( -1.189917604720618600, -0.4152183476218422900, 0.3122013529440452200 ) ) ;
#3074 = CARTESIAN_POINT ( 'NONE',  ( -1.136093021631525300, -1.802500454470457900, -0.4705899113579885000 ) ) ;
#3075 = CARTESIAN_POINT ( 'NONE',  ( -1.229040584140772800, 1.180208757684328100, 0.04023867202526913000 ) ) ;
#3076 = CARTESIAN_POINT ( 'NONE',  ( 0.4705899132255828000, 0.7725004540311390900, 1.136093022850631600 ) ) ;
#3077 = CARTESIAN_POINT ( 'NONE',  ( 0.4237235841577241500, 0.9366186242181425700, 0.6662971486798841000 ) ) ;
#3078 = CARTESIAN_POINT ( 'NONE',  ( 0.5817170473128140400, 1.981647949339929700, -0.5338484521726322200 ) ) ;
#3079 = CARTESIAN_POINT ( 'NONE',  ( 0.7718467376352682300, 2.074677408196663900, -0.1569482878201466900 ) ) ;
#3080 = CARTESIAN_POINT ( 'NONE',  ( -0.1029254385721803000, -1.630851459035422800, 0.7821282459283559500 ) ) ;
#3081 = CARTESIAN_POINT ( 'NONE',  ( 1.132799666801898000, 2.499999999999999600, 0.4466553951883641700 ) ) ;
#3082 = CARTESIAN_POINT ( 'NONE',  ( -0.3943900840515653900, -0.6867053677739901600, -0.6831915652455764500 ) ) ;
#3083 = CARTESIAN_POINT ( 'NONE',  ( -0.2047237964028887400, -2.625341415562095100, 0.7640393924850408200 ) ) ;
#3084 = CARTESIAN_POINT ( 'NONE',  ( 0.7894072874373538900, -0.7371237305051474600, 0.01782818046893418900 ) ) ;
#3085 = CARTESIAN_POINT ( 'NONE',  ( 1.197500680538907200, 2.921981015497004300, 0.2904369514163434000 ) ) ;
#3086 = CARTESIAN_POINT ( 'NONE',  ( -1.138938959782965800, -0.1856154113037139500, -0.4648331118334116900 ) ) ;
#3087 = CARTESIAN_POINT ( 'NONE',  ( -1.084501027639217500, -1.223125701062947900, -0.5796874518068035900 ) ) ;
#3088 = CARTESIAN_POINT ( 'NONE',  ( -1.062164188941964600, 0.09978250907482587300, -0.6206325686791226400 ) ) ;
#3089 = CARTESIAN_POINT ( 'NONE',  ( -0.4705899132255336700, -1.287499545968873800, -1.136093022850667200 ) ) ;
#3090 = CARTESIAN_POINT ( 'NONE',  ( 1.229040584142544500, 0.8797912423168878800, 0.04023867200962116100 ) ) ;
#3091 = CARTESIAN_POINT ( 'NONE',  ( 1.070497880175409900, -2.464861069317631200, -0.5873451371529127000 ) ) ;
#3092 = CARTESIAN_POINT ( 'NONE',  ( -0.6609461190901209100, 2.260593370579805600, 0.4319166249833190600 ) ) ;
#3093 = CARTESIAN_POINT ( 'NONE',  ( 0.7820000003448878100, -2.060017323587906500, -1.163102699448087900E-006 ) ) ;
#3094 = CARTESIAN_POINT ( 'NONE',  ( -0.1714230826955637200, 1.451643356848202600, 0.7707792649408291600 ) ) ;
#3095 = CARTESIAN_POINT ( 'NONE',  ( -0.2262821696245824700, 2.500000000000000000, 1.159682483460543300 ) ) ;
#3096 = CARTESIAN_POINT ( 'NONE',  ( 0.3718404353056858300, -0.1931448603718039500, -0.6957404734146459500 ) ) ;
#3097 = CARTESIAN_POINT ( 'NONE',  ( -0.3878645467843518400, -0.9302528873833712000, 0.6877849334443217900 ) ) ;
#3098 = CARTESIAN_POINT ( 'NONE',  ( -1.189862167469250900, 0.4152183460767297500, -0.3121884341851665600 ) ) ;
#3099 = CARTESIAN_POINT ( 'NONE',  ( -1.120083624666812700, -1.137291706414540000, 0.5075029183502151000 ) ) ;
#3100 = CARTESIAN_POINT ( 'NONE',  ( 1.026405135250226100, 1.086865450813908200, -0.6781192855159072800 ) ) ;
#3101 = EDGE_CURVE ( 'NONE', #23, #3862, #514, .T. ) ;
#3102 = CARTESIAN_POINT ( 'NONE',  ( -0.3952700781401099500, -0.4720829427876435700, 1.164439485758826700 ) ) ;
#3103 = CARTESIAN_POINT ( 'NONE',  ( -0.7162810793369381900, 1.266041059712067300, 0.9995576333988167600 ) ) ;
#3104 = CARTESIAN_POINT ( 'NONE',  ( 1.218982609595065300, -1.623000000344695600, 0.02934010443042284900 ) ) ;
#3105 = CARTESIAN_POINT ( 'NONE',  ( 1.219000000000000700, -2.060000000000000500, -4.251167974598269000E-015 ) ) ;
#3106 = CARTESIAN_POINT ( 'NONE',  ( -0.6698789364989720100, -0.5364792890287604100, 0.4165965737543911900 ) ) ;
#3107 = CARTESIAN_POINT ( 'NONE',  ( 1.092284274949007600, 2.500000000000001300, 0.5362243949898846100 ) ) ;
#3108 = CARTESIAN_POINT ( 'NONE',  ( 0.7619999099558642000, -0.8583747301947553000, -0.2041203490314991700 ) ) ;
#3109 = CARTESIAN_POINT ( 'NONE',  ( -0.1871403922565139900, -0.5654457136334347700, -0.7671077746591801200 ) ) ;
#3110 = CARTESIAN_POINT ( 'NONE',  ( 0.7271500174559736300, 2.472728225340498700, 0.3002808173468619600 ) ) ;
#3111 = CARTESIAN_POINT ( 'NONE',  ( -0.4273127066447190400, -0.03540694467147857000, 1.153523442073576900 ) ) ;
#3112 = CARTESIAN_POINT ( 'NONE',  ( 0.7820000000000000300, -2.500000000000000000, 0.0000000000000000000 ) ) ;
#3113 = CARTESIAN_POINT ( 'NONE',  ( -1.227970396035220200, 0.7435327649949702300, 0.07407286008645400100 ) ) ;
#3114 = CARTESIAN_POINT ( 'NONE',  ( 0.9995576334112169500, -0.2360410597139035400, -0.7162810793157693400 ) ) ;
#3115 = CARTESIAN_POINT ( 'NONE',  ( -0.3569623215526911400, 0.7081248816655875100, 1.176743586244294500 ) ) ;
#3116 = CARTESIAN_POINT ( 'NONE',  ( -1.233004536925860000, -2.279999999999999800, 9.607453586772824200E-015 ) ) ;
#3117 = VERTEX_POINT ( 'NONE', #2403 ) ;
#3118 = CARTESIAN_POINT ( 'NONE',  ( 0.5144854500651752100, 1.831425833660349700, 0.5989138052758361500 ) ) ;
#3119 = CARTESIAN_POINT ( 'NONE',  ( -0.2047221794368804500, -2.188341415637071300, 0.7640324938202819300 ) ) ;
#3120 = CARTESIAN_POINT ( 'NONE',  ( 0.7820000035976124600, 2.499999999999970200, -1.524398158656182000E-014 ) ) ;
#3122 = ORIENTED_EDGE ( 'NONE', *, *, #1710, .F. ) ;
#3121 = CARTESIAN_POINT ( 'NONE',  ( 0.6258561278850379700, -0.9441889544118822200, 0.4802017660167089400 ) ) ;
#3123 = CARTESIAN_POINT ( 'NONE',  ( 0.9295130161229805400, 2.500000000000000000, 0.7804565601663219200 ) ) ;
#3124 = CARTESIAN_POINT ( 'NONE',  ( 0.2289715063219296400, -1.351898679824912000, -0.7548913879874347100 ) ) ;
#3125 = CARTESIAN_POINT ( 'NONE',  ( 0.5639659604400559800, 2.553655848070735000, -0.5517514497704046900 ) ) ;
#3126 = CARTESIAN_POINT ( 'NONE',  ( -0.04023864898589386100, -1.909791061818562500, -1.229042911272103100 ) ) ;
#3127 = CARTESIAN_POINT ( 'NONE',  ( 0.2337185719339335300, 0.3143659277242947200, 1.207791424921535400 ) ) ;
#3128 = CARTESIAN_POINT ( 'NONE',  ( 0.4331610121514535300, -0.4077086539578738100, 1.150892356813197000 ) ) ;
#3129 = CARTESIAN_POINT ( 'NONE',  ( 0.7217739017007890300, -2.410889961884506800, -0.9955975983973353000 ) ) ;
#3130 = CARTESIAN_POINT ( 'NONE',  ( 0.7360612092186380500, -1.065447795130224600, 0.2856615555998171500 ) ) ;
#3131 = CARTESIAN_POINT ( 'NONE',  ( 0.5070284249499960000, -1.537528200281949900, -0.6054043954561568700 ) ) ;
#3132 = CARTESIAN_POINT ( 'NONE',  ( -0.4869561460516555500, 1.702702367261374400, 0.6215272529186423000 ) ) ;
#3133 = CARTESIAN_POINT ( 'NONE',  ( -0.6850119987393199500, -2.243342021285090700, 0.3954924547244410000 ) ) ;
#3134 = DIRECTION ( 'NONE',  ( -1.000000000000000000, -4.386277598095675400E-047, 1.630970723747445000E-014 ) ) ;
#3135 = CARTESIAN_POINT ( 'NONE',  ( -0.4165928773178057500, -0.4935768677987125700, 0.6698812358309516000 ) ) ;
#3136 = CARTESIAN_POINT ( 'NONE',  ( 1.046095449974075800, 2.500000000000000400, 0.6224251460418319700 ) ) ;
#3137 = CARTESIAN_POINT ( 'NONE',  ( 0.6831937410584638700, -0.3433507890527614000, 0.3943863135581653900 ) ) ;
#3138 = CARTESIAN_POINT ( 'NONE',  ( 0.7660887757076886300, 2.921901858232799600, 0.1916090455448327100 ) ) ;
#3139 = CARTESIAN_POINT ( 'NONE',  ( 0.7713909300180542500, -2.500000000000000400, -0.1322604071747796900 ) ) ;
#3140 = CARTESIAN_POINT ( 'NONE',  ( -0.4273309969844285600, 0.03540694302388603500, -1.153577346618740200 ) ) ;
#3141 = CARTESIAN_POINT ( 'NONE',  ( -1.021428463119556900, 2.499999999999999100, 0.02262724057857924700 ) ) ;
#3142 = CARTESIAN_POINT ( 'NONE',  ( -1.150892356813170100, 0.6222913460421341000, 0.4331610121515082100 ) ) ;
#3143 = CARTESIAN_POINT ( 'NONE',  ( 0.9962076681941326500, -1.380842846700968800, 0.7217511472677408100 ) ) ;
#3144 = CARTESIAN_POINT ( 'NONE',  ( 1.208496597305605400, -2.489313393118077300, -0.1860211147484033800 ) ) ;
#3145 = CARTESIAN_POINT ( 'NONE',  ( 0.4869561460517124500, -0.3572976327386378500, -0.6215272529186147700 ) ) ;
#3146 = CARTESIAN_POINT ( 'NONE',  ( -0.6215272538382250500, -1.387297609316103400, -0.4869561505110426300 ) ) ;
#3147 = CARTESIAN_POINT ( 'NONE',  ( -0.4273127066447190400, -0.03540694467147857000, 1.153523442073576900 ) ) ;
#3148 = CARTESIAN_POINT ( 'NONE',  ( 0.7820000003448878100, -2.060017323587906500, -1.163102699448087900E-006 ) ) ;
#3149 = CARTESIAN_POINT ( 'NONE',  ( -0.7783260233487759900, -1.781060189992921500, -0.1284578445542057800 ) ) ;
#3150 = CARTESIAN_POINT ( 'NONE',  ( -0.7850597333522155700, -0.5793894443399233400, 0.07738280380550421900 ) ) ;
#3151 = CARTESIAN_POINT ( 'NONE',  ( -0.9554365567013081200, 2.500000000000000000, 0.5963916555946662300 ) ) ;
#3152 = CARTESIAN_POINT ( 'NONE',  ( 0.7871626541057587000, 0.3003915473744845400, -0.05160846142018360400 ) ) ;
#3153 = CARTESIAN_POINT ( 'NONE',  ( -0.5593082756174083700, 2.334952535659351500, 0.5593120867910481600 ) ) ;
#3154 =( BOUNDED_CURVE ( )  B_SPLINE_CURVE ( 3, ( #3105, #1294, #2740, #3093 ),
 .UNSPECIFIED., .F., .T. ) 
 B_SPLINE_CURVE_WITH_KNOTS ( ( 4, 4 ),
 ( 0.0000000000000000000, 0.5000000000000001100 ),
 .UNSPECIFIED. ) 
 CURVE ( )  GEOMETRIC_REPRESENTATION_ITEM ( )  RATIONAL_B_SPLINE_CURVE ( ( 1.000000000000000000, 0.3333333333333332000, 0.3333333333333333700, 1.000000000000000200 ) ) 
 REPRESENTATION_ITEM ( '' )  );
#3155 = CARTESIAN_POINT ( 'NONE',  ( 0.9995576334112169500, -0.2360410597139035400, -0.7162810793157693400 ) ) ;
#3156 = CARTESIAN_POINT ( 'NONE',  ( -0.3331210013563905600, -1.724217543182401800, -0.7159142649701992800 ) ) ;
#3157 = CARTESIAN_POINT ( 'NONE',  ( -0.7889755862996845600, 2.500000000000000000, 0.4031787535753160200 ) ) ;
#3158 = CARTESIAN_POINT ( 'NONE',  ( 0.4705899132255828000, 0.7725004540311390900, 1.136093022850631600 ) ) ;
#3159 = CARTESIAN_POINT ( 'NONE',  ( -0.6095588479891939100, -2.303550173664052500, -1.068573861445754300 ) ) ;
#3160 = CARTESIAN_POINT ( 'NONE',  ( 1.218982609595065300, -1.623000000344695600, 0.02934010443042284500 ) ) ;
#3161 = CARTESIAN_POINT ( 'NONE',  ( 0.7895091263266920100, -0.4431567736397458200, 0.008077536948499202500 ) ) ;
#3162 = CARTESIAN_POINT ( 'NONE',  ( 0.6558928914996921000, 1.416209800724004000, 0.4383127350509925500 ) ) ;
#3163 = CARTESIAN_POINT ( 'NONE',  ( -1.068523053232980100, -0.7864497602990580000, -0.6095320043153267300 ) ) ;
#3164 = CARTESIAN_POINT ( 'NONE',  ( -0.4383127350518159500, -1.673790199270209600, 0.6558928915011182900 ) ) ;
#3165 = CARTESIAN_POINT ( 'NONE',  ( -0.4383127350518160600, -1.673790199270209800, 0.6558928915011182900 ) ) ;
#3166 = CARTESIAN_POINT ( 'NONE',  ( -0.5578044142444648100, 0.5149719215859869200, -0.5578013360593792000 ) ) ;
#3167 = CARTESIAN_POINT ( 'NONE',  ( -1.054469542439797400, 2.499999999999994700, 0.2166746760440896600 ) ) ;
#3168 = CARTESIAN_POINT ( 'NONE',  ( 0.7548901246866192000, 0.3218425229971076900, -0.2289756722025803300 ) ) ;
#3169 = CARTESIAN_POINT ( 'NONE',  ( 0.3436868574796103600, 1.971090174463803200, 1.184474523206079400 ) ) ;
#3170 = CARTESIAN_POINT ( 'NONE',  ( -1.164439485753312500, -0.5579170572107777800, 0.3952700781599074500 ) ) ;
#3171 = CARTESIAN_POINT ( 'NONE',  ( -1.207791425276572000, 1.344365927348000400, 0.2337185763832724300 ) ) ;
#3172 = CARTESIAN_POINT ( 'NONE',  ( -1.013393477777596100, 2.499999999999994700, 0.01285155811326272300 ) ) ;
#3173 = CARTESIAN_POINT ( 'NONE',  ( 0.1205265572642235900, 1.609375525251768100, -1.223782262019949400 ) ) ;
#3174 = EDGE_LOOP ( 'NONE', ( #364, #875 ) ) ;
#3175 = CARTESIAN_POINT ( 'NONE',  ( 0.5742475678267676700, -1.423759811294103700, 1.087933426248150800 ) ) ;
#3176 = CARTESIAN_POINT ( 'NONE',  ( 1.070498226676764000, -1.658138930620214800, 0.5879684833968591400 ) ) ;
#3177 = CARTESIAN_POINT ( 'NONE',  ( -0.03385053581250312100, -0.5933521441801046200, 0.7888458882821634000 ) ) ;
#3178 = PRODUCT_DEFINITION_SHAPE ( 'NONE', 'NONE',  #3644 ) ;
#3179 = CARTESIAN_POINT ( 'NONE',  ( -0.6831937410711709200, 1.716649210919023000, -0.3943863135731774900 ) ) ;
#3180 = CARTESIAN_POINT ( 'NONE',  ( 1.199430096379620300, -0.4645737495905836200, 0.2730931423549088900 ) ) ;
#3181 = CARTESIAN_POINT ( 'NONE',  ( 3.213256131426406100E-006, -2.170010102779838000, 0.7909821489002741800 ) ) ;
#3182 = CARTESIAN_POINT ( 'NONE',  ( -1.233004536925860000, -2.279999999999999800, 9.607453586772824200E-015 ) ) ;
#3183 = CARTESIAN_POINT ( 'NONE',  ( 0.7185335892839462800, 0.9226817424999406200, -0.3255728351181055900 ) ) ;
#3184 = PERSON_AND_ORGANIZATION ( #3954, #766 ) ;
#3185 = CARTESIAN_POINT ( 'NONE',  ( -0.4802052199692954400, -0.08586720241578949000, -0.6258534782177780400 ) ) ;
#3186 = CARTESIAN_POINT ( 'NONE',  ( -0.07737847156263372200, -0.4506667124848191000, 0.7850601612559305900 ) ) ;
#3187 = CARTESIAN_POINT ( 'NONE',  ( 0.8507709100056443100, 2.116502539559191700, -0.8878286714432068700 ) ) ;
#3188 = CARTESIAN_POINT ( 'NONE',  ( -0.3952700781401099500, -0.4720829427876435700, 1.164439485758826700 ) ) ;
#3189 = CARTESIAN_POINT ( 'NONE',  ( 0.1110731920216685200, -2.046065415758020900, 0.7817606606287277300 ) ) ;
#3190 = CARTESIAN_POINT ( 'NONE',  ( -1.029548342604157800, 2.499999999999998700, 0.03725023042996252600 ) ) ;
#3191 = CARTESIAN_POINT ( 'NONE',  ( -1.175301624887849800, -0.1212410574454331300, 0.3632091593354377400 ) ) ;
#3192 = CARTESIAN_POINT ( 'NONE',  ( 1.187801319991360800, 0.8583327726309164500, 0.3182765988274386400 ) ) ;
#3193 = CARTESIAN_POINT ( 'NONE',  ( -0.9468927960813790000, -1.681258715505467700, -0.7853673469155300100 ) ) ;
#3194 = CARTESIAN_POINT ( 'NONE',  ( -0.8718591781235356400, -1.897999999873648800, -0.8718600836123870900 ) ) ;
#3195 = CARTESIAN_POINT ( 'NONE',  ( 0.08538005462015602100, -0.8937716778997004700, -0.7849185907222686600 ) ) ;
#3196 = CARTESIAN_POINT ( 'NONE',  ( -0.5004862537460612600, 1.094358495215511000, -0.6097617274596390800 ) ) ;
#3197 = CARTESIAN_POINT ( 'NONE',  ( 0.2337092937709363000, -0.3143659264528338400, -1.207735262978549600 ) ) ;
#3198 = CARTESIAN_POINT ( 'NONE',  ( 0.3943863135581627800, -1.373350789052730800, -0.6831937410584735200 ) ) ;
#3199 = CARTESIAN_POINT ( 'NONE',  ( 0.3191250568542223200, -2.408333291755288700, -1.190991643212853800 ) ) ;
#3200 = CARTESIAN_POINT ( 'NONE',  ( 0.7288353661821137500, 0.2574853993170436200, 0.3018281107065367600 ) ) ;
#3201 = CARTESIAN_POINT ( 'NONE',  ( 0.6258534782177483900, 0.9441327975842214200, -0.4802052199693236900 ) ) ;
#3202 = CARTESIAN_POINT ( 'NONE',  ( 0.2041161437249703100, -0.1716814266298125900, -0.7620010355392654600 ) ) ;
#3203 = CARTESIAN_POINT ( 'NONE',  ( -0.6723488965747878000, 1.879376592942178000, 0.4175222019181663000 ) ) ;
#3204 = CARTESIAN_POINT ( 'NONE',  ( 0.4705899132167597500, -0.7725004540303498400, -1.136093022855818100 ) ) ;
#3205 = CARTESIAN_POINT ( 'NONE',  ( 0.7777441848100831200, -1.895880641282931900, -0.1364971375269676000 ) ) ;
#3206 = CARTESIAN_POINT ( 'NONE',  ( -0.1801706293608214800, 2.625527354020948900, -0.7705575841503929900 ) ) ;
#3207 = CARTESIAN_POINT ( 'NONE',  ( -1.149012459567449100, 2.239176440632388900, 0.4393010584723920900 ) ) ;
#3208 = CARTESIAN_POINT ( 'NONE',  ( -1.229040584140772800, 1.180208757684328100, 0.04023867202526913000 ) ) ;
#3209 = CARTESIAN_POINT ( 'NONE',  ( -0.4766819893011132200, -0.3293843209227777000, 1.134080772637728400 ) ) ;
#3210 = CARTESIAN_POINT ( 'NONE',  ( 0.6868414591502146600, -2.464877904139212800, -0.3767133732486351300 ) ) ;
#3211 = CARTESIAN_POINT ( 'NONE',  ( -0.7360612092185974100, 0.9945522048697443800, -0.2856615555997782400 ) ) ;
#3212 = CARTESIAN_POINT ( 'NONE',  ( -0.7873119990932363500, -0.7435473960712483100, -0.05958461792514063700 ) ) ;
#3213 = CARTESIAN_POINT ( 'NONE',  ( 1.230110772246333600, -0.4431152496263274200, -0.006404483963986110400 ) ) ;
#3214 = CARTESIAN_POINT ( 'NONE',  ( 0.7783260238142243300, 0.2789398087073114400, 0.1284578436379419900 ) ) ;
#3215 = CARTESIAN_POINT ( 'NONE',  ( 1.208496597305608800, -2.070686606881923200, 0.1860211147483855600 ) ) ;
#3216 = CARTESIAN_POINT ( 'NONE',  ( -0.1791814861535945000, 1.051441464451459400, -0.7682512321266605800 ) ) ;
#3217 = CARTESIAN_POINT ( 'NONE',  ( 0.6957384218812218100, -0.8369112964529126200, -0.3718442750266980300 ) ) ;
#3218 = CARTESIAN_POINT ( 'NONE',  ( -0.02541170571630520200, 1.732757280579806200, -1.233045555605974100 ) ) ;
#3219 = CARTESIAN_POINT ( 'NONE',  ( -0.2398996534053763600, -0.1287502341851098600, -1.206067579022645200 ) ) ;
#3220 = CARTESIAN_POINT ( 'NONE',  ( -0.7450939855738449900, -2.174833501667909000, 0.2613776577085131200 ) ) ;
#3221 = CARTESIAN_POINT ( 'NONE',  ( 0.6544170351007050400, 2.101276872893230100, -0.4374143136918475800 ) ) ;
#3222 = CARTESIAN_POINT ( 'NONE',  ( 0.2066971523947192000, 2.367924236107653800, 1.212671493663632200 ) ) ;
#3223 = CARTESIAN_POINT ( 'NONE',  ( 1.022467019795868700, 1.416250663888264600, 0.6831815811800314700 ) ) ;
#3224 = CARTESIAN_POINT ( 'NONE',  ( -1.026405135250306300, -0.9731345491861019800, 0.6781192855158236800 ) ) ;
#3225 = CARTESIAN_POINT ( 'NONE',  ( 0.8505845770681288400, -1.679528295642545000, 0.8884106044468311800 ) ) ;
#3226 = CARTESIAN_POINT ( 'NONE',  ( -0.008077536948478321700, 0.5868432263602765300, 0.7895091263267006700 ) ) ;
#3227 = CARTESIAN_POINT ( 'NONE',  ( 0.7670527942475260400, -0.4646104443063809900, 0.1871250225293106500 ) ) ;
#3228 = CARTESIAN_POINT ( 'NONE',  ( -1.087882369903991500, 0.3937598094499049100, -0.5742223989119681300 ) ) ;
#3229 = CARTESIAN_POINT ( 'NONE',  ( 1.219000000000000100, -2.495429701408549600, -0.07955646403931107600 ) ) ;
#3230 = CARTESIAN_POINT ( 'NONE',  ( -1.233004536925860000, -2.279999999999999800, 9.607453586772824200E-015 ) ) ;
#3231 = CARTESIAN_POINT ( 'NONE',  ( 0.7819826099399526100, -1.623017323932601300, 0.02933894132772764700 ) ) ;
#3232 = CARTESIAN_POINT ( 'NONE',  ( 0.5004862537460306200, -0.9656415047845491300, 0.6097617274596816000 ) ) ;
#3233 = CARTESIAN_POINT ( 'NONE',  ( 1.203260228517470300, 2.074125675918066400, -0.2458867099239280300 ) ) ;
#3234 = VERTEX_POINT ( 'NONE', #4209 ) ;
#3235 = CARTESIAN_POINT ( 'NONE',  ( -0.5438787747204285600, 1.072916165953945700, -1.102888513654807400 ) ) ;
#3236 = CARTESIAN_POINT ( 'NONE',  ( -0.7045882910258769400, -1.573994285037990000, 0.3564172559514561800 ) ) ;
#3237 = CARTESIAN_POINT ( 'NONE',  ( 0.7819435763698441300, 2.935873160230821500, 0.04797338751916010300 ) ) ;
#3238 = CARTESIAN_POINT ( 'NONE',  ( 1.134028922924851000, 1.359384321123417800, -0.4766584975168737200 ) ) ;
#3239 = CARTESIAN_POINT ( 'NONE',  ( -0.6165022684629192200, -2.206666665866814400, 1.067813238164828400 ) ) ;
#3240 = CARTESIAN_POINT ( 'NONE',  ( 0.7113396137627670000, -0.8229266185578673100, 1.003676519445267000 ) ) ;
#3241 = CARTESIAN_POINT ( 'NONE',  ( -0.2047221794368804500, -2.188341415637071300, 0.7640324938202819300 ) ) ;
#3242 = CARTESIAN_POINT ( 'NONE',  ( -0.7817044388810391300, 1.016009257104820500, -0.1110632885981240000 ) ) ;
#3243 = CARTESIAN_POINT ( 'NONE',  ( -0.4453212078512595600, -0.05690084821405293200, 0.6519775382175815300 ) ) ;
#3244 = CARTESIAN_POINT ( 'NONE',  ( 1.212649231261405000, 1.337925783149007900, -0.2066950641347464800 ) ) ;
#3245 = CARTESIAN_POINT ( 'NONE',  ( -1.067813251959257100, -2.243333333276201500, 0.6165022674776221600 ) ) ;
#3246 = CARTESIAN_POINT ( 'NONE',  ( 1.102877190384368400, -2.017238101827105300, -0.5418681919314941600 ) ) ;
#3247 = CARTESIAN_POINT ( 'NONE',  ( -0.6831937410711709200, 1.716649210919023000, -0.3943863135731774900 ) ) ;
#3248 = DIRECTION ( 'NONE',  ( 1.000000000000000000, 0.0000000000000000000, 0.0000000000000000000 ) ) ;
#3249 = CARTESIAN_POINT ( 'NONE',  ( -0.2003143261152468000, 1.308958059929185000, 1.213270992242306400 ) ) ;
#3250 = CARTESIAN_POINT ( 'NONE',  ( -1.150892356813170100, 0.6222913460421341000, 0.4331610121515082100 ) ) ;
#3251 = CARTESIAN_POINT ( 'NONE',  ( 0.2368283023104090800, -0.2650506940674999300, 0.7532748432582161400 ) ) ;
#3252 = CARTESIAN_POINT ( 'NONE',  ( 1.005870224230222000, 2.895880444169682400, 0.7045105422890177700 ) ) ;
#3253 = CARTESIAN_POINT ( 'NONE',  ( 1.175301624887801900, 1.938758942554578800, -0.3632091593355552500 ) ) ;
#3254 = CARTESIAN_POINT ( 'NONE',  ( 1.129380110045587600, -2.035497048108047700, -0.4678569791401809800 ) ) ;
#3255 = CARTESIAN_POINT ( 'NONE',  ( 0.6887761431330230400, -1.230634900344677300, -1.019291472996443300 ) ) ;
#3256 = CARTESIAN_POINT ( 'NONE',  ( 2.206591208439739800E-006, -2.390007220806906800, -0.7909821488142918500 ) ) ;
#3257 = CARTESIAN_POINT ( 'NONE',  ( 0.7450407774095122400, 0.1147773454095390600, 0.2613569654754947500 ) ) ;
#3258 = CARTESIAN_POINT ( 'NONE',  ( 0.08538005462015602100, -0.8937716778997004700, -0.7849185907222686600 ) ) ;
#3259 = CARTESIAN_POINT ( 'NONE',  ( -0.9290681242800689100, 0.3723013559425615800, -0.8062532592946372000 ) ) ;
#3260 = CARTESIAN_POINT ( 'NONE',  ( -0.2792288058570603400, -1.051457601956709500, 1.197584530349424100 ) ) ;
#3261 = CARTESIAN_POINT ( 'NONE',  ( 0.6698789364989220500, 1.523520710971259000, -0.4165965737544485300 ) ) ;
#3262 = CARTESIAN_POINT ( 'NONE',  ( 0.4383127350510299700, 0.3862098007239943600, -0.6558928914996725600 ) ) ;
#3263 = DIRECTION ( 'NONE',  ( 0.0000000000000000000, 0.0000000000000000000, 1.000000000000000000 ) ) ;
#3264 = CARTESIAN_POINT ( 'NONE',  ( 1.022467019795868700, 1.416250663888264600, 0.6831815811800314700 ) ) ;
#3265 = CARTESIAN_POINT ( 'NONE',  ( -0.2003143261152468300, 1.308958059929185000, 1.213270992242306400 ) ) ;
#3266 = CARTESIAN_POINT ( 'NONE',  ( -0.3564172559514796600, -0.5439942850380250500, -0.7045882910259009300 ) ) ;
#3267 = CARTESIAN_POINT ( 'NONE',  ( -0.7640326367731061800, 2.261619099454406100, -0.2047190618934784100 ) ) ;
#3268 = CARTESIAN_POINT ( 'NONE',  ( -0.1142010897282005300, 1.166259438908802600, 1.224816661789830200 ) ) ;
#3269 = CARTESIAN_POINT ( 'NONE',  ( -1.067813251959267400, -2.316666666723799400, -0.6165022674776060600 ) ) ;
#3270 = CARTESIAN_POINT ( 'NONE',  ( 1.149065046145578000, -0.1791764428690979200, 0.4393228359073249600 ) ) ;
#3271 = CARTESIAN_POINT ( 'NONE',  ( 0.3955081935537900200, -2.133348397660412000, 0.6849880396598908600 ) ) ;
#3272 = CARTESIAN_POINT ( 'NONE',  ( 0.7324788875420275000, 1.359357770037887200, -0.2947284142847049800 ) ) ;
#3273 = CARTESIAN_POINT ( 'NONE',  ( 0.7865111723545186200, -1.022528754294274900, -0.06936237217049530400 ) ) ;
#3274 = CARTESIAN_POINT ( 'NONE',  ( 1.019245208104201400, 0.2006348986092212100, -0.6887429803983455800 ) ) ;
#3275 = CARTESIAN_POINT ( 'NONE',  ( 0.6493608992459210000, -1.566458528656507100, 1.044260491308644000 ) ) ;
#3276 = CARTESIAN_POINT ( 'NONE',  ( -0.6148508074738106000, -0.6866663537285816500, -1.064947164947468700 ) ) ;
#3277 = CARTESIAN_POINT ( 'NONE',  ( -0.7682522216554684700, -0.02149762127599430900, -0.1791772467190401700 ) ) ;
#3278 = DIRECTION ( 'NONE',  ( 0.0000000000000000000, -1.000000000000000000, 0.0000000000000000000 ) ) ;
#3279 = CARTESIAN_POINT ( 'NONE',  ( 0.2792288058569797300, 1.008542398043301000, -1.197584530349429200 ) ) ;
#3280 = CARTESIAN_POINT ( 'NONE',  ( 0.8695246996649929100, 1.545000000001724800, -0.8695246996968382100 ) ) ;
#3281 = CARTESIAN_POINT ( 'NONE',  ( -0.7361137134212679700, -0.9946083633450904000, 0.2856839678120693900 ) ) ;
#3282 = CARTESIAN_POINT ( 'NONE',  ( 0.3954948016262168600, 2.426602071729314900, 0.6850397984158199700 ) ) ;
#3283 = CARTESIAN_POINT ( 'NONE',  ( 1.223782262019955000, -1.480624474748231600, 0.1205265572642542200 ) ) ;
#3284 = CARTESIAN_POINT ( 'NONE',  ( 1.208511762125870100, -2.052313393104247700, -0.1860237835917286400 ) ) ;
#3285 = CARTESIAN_POINT ( 'NONE',  ( -0.3245768623991338000, 0.2714488564311350900, 1.186594196822214900 ) ) ;
#3286 = CARTESIAN_POINT ( 'NONE',  ( 0.7752413635297906700, -2.926297942820927900, -0.1194650981448890100 ) ) ;
#3287 = CARTESIAN_POINT ( 'NONE',  ( -0.7116661977728512300, 1.659764643159319800, 0.3419728846936430600 ) ) ;
#3288 = CARTESIAN_POINT ( 'NONE',  ( -0.7767063856815974400, -2.499999999999997300, -0.8447494185693109600 ) ) ;
#3289 = CARTESIAN_POINT ( 'NONE',  ( -0.6095588479891939100, -2.303550173664052500, -1.068573861445754300 ) ) ;
#3290 = CARTESIAN_POINT ( 'NONE',  ( 1.207735262978550300, 0.7156340735471737900, 0.2337092937708893900 ) ) ;
#3291 = CARTESIAN_POINT ( 'NONE',  ( -0.5796874744620733600, -1.866874284358000400, -1.084501176316412700 ) ) ;
#3292 = CARTESIAN_POINT ( 'NONE',  ( 1.223782262019955000, -1.480624474748231600, 0.1205265572642542200 ) ) ;
#3293 = CARTESIAN_POINT ( 'NONE',  ( 0.7548901246866193100, 0.3218425229971076900, -0.2289756722025803300 ) ) ;
#3294 = CARTESIAN_POINT ( 'NONE',  ( 0.8507709159174721100, 2.443497464343363600, 0.8878286034729034900 ) ) ;
#3295 = CARTESIAN_POINT ( 'NONE',  ( -1.206067579028955000, 1.158750234187890400, -0.2398996533697149400 ) ) ;
#3296 = DATE_AND_TIME ( #2576, #1837 ) ;
#3297 = CARTESIAN_POINT ( 'NONE',  ( 0.7532748432582279100, -1.295050694067507900, -0.2368283023103930900 ) ) ;
#3298 = CARTESIAN_POINT ( 'NONE',  ( 1.142988959839967400, 2.035055052312524400, 0.4496793119188413100 ) ) ;
#3299 = CARTESIAN_POINT ( 'NONE',  ( -1.227061010064273400, -1.759583412644943000, 0.08042515280120780800 ) ) ;
#3300 = CARTESIAN_POINT ( 'NONE',  ( -0.8718591781235356400, -1.897999999873648800, -0.8718600836123870900 ) ) ;
#3301 = CARTESIAN_POINT ( 'NONE',  ( 0.5135351505307231800, 0.5504078586419566300, -1.117894657400695600 ) ) ;
#3302 = CARTESIAN_POINT ( 'NONE',  ( -0.7640317918050119100, -2.261675320631184600, 0.2047222210818331900 ) ) ;
#3303 = CARTESIAN_POINT ( 'NONE',  ( 0.5881429931576363000, 2.432200373114701300, 0.5262383191595576500 ) ) ;
#3304 = CARTESIAN_POINT ( 'NONE',  ( -1.046426910566400100, -2.500000000000000000, -0.2968814154538752000 ) ) ;
#3305 = CARTESIAN_POINT ( 'NONE',  ( -1.230167664556707200, -1.616884752108632500, -0.006406354208184868200 ) ) ;
#3306 = CARTESIAN_POINT ( 'NONE',  ( -0.7539291991593779500, 1.531050652089514000, -0.9720299335951480000 ) ) ;
#3307 = CARTESIAN_POINT ( 'NONE',  ( 1.223782262019955000, -1.480624474748231600, 0.1205265572642542200 ) ) ;
#3308 = CARTESIAN_POINT ( 'NONE',  ( 1.187801319993479200, -0.8583327726321365900, -0.3182765988111604400 ) ) ;
#3309 = CC_DESIGN_PERSON_AND_ORGANIZATION_ASSIGNMENT ( #3184, #1148, ( #3644 ) ) ;
#3310 = CARTESIAN_POINT ( 'NONE',  ( -0.3943863135581249800, 0.6866492109472609500, 0.6831937410584801900 ) ) ;
#3311 = PLANE ( 'NONE',  #3707 ) ;
#3312 = CARTESIAN_POINT ( 'NONE',  ( -0.8406176375654985700, 0.6652078538268010300, 0.8975113652285780000 ) ) ;
#3313 = CARTESIAN_POINT ( 'NONE',  ( -0.03385488924961853300, 0.5932959873554086700, -0.7889028105679251100 ) ) ;
#3314 = CARTESIAN_POINT ( 'NONE',  ( 0.7271500174559736300, 2.472728225340498700, 0.3002808173468619600 ) ) ;
#3315 = CARTESIAN_POINT ( 'NONE',  ( -1.064947164945457800, -1.716666353732538000, 0.6148508074799720100 ) ) ;
#3316 = CARTESIAN_POINT ( 'NONE',  ( -0.7640320523458571400, -2.298342002955180400, -0.2047212487310738600 ) ) ;
#3317 = CARTESIAN_POINT ( 'NONE',  ( 0.8653504108362769500, 0.9581161649246451300, 0.8743985441465621500 ) ) ;
#3318 = CARTESIAN_POINT ( 'NONE',  ( -0.7849185906742453000, 2.196228322235217200, -0.08538005418862874800 ) ) ;
#3319 = CARTESIAN_POINT ( 'NONE',  ( -1.041519650523391200, -2.500000000000000000, -0.3292244018769232600 ) ) ;
#3320 = CARTESIAN_POINT ( 'NONE',  ( -0.3182765679477885200, 1.888332822701388700, 1.187800724895594400 ) ) ;
#3321 = CARTESIAN_POINT ( 'NONE',  ( -0.9468499970034594000, 1.681258716345688500, 0.7853298183767867300 ) ) ;
#3322 = CARTESIAN_POINT ( 'NONE',  ( 1.197590302837162800, -2.037952603205367600, -0.2869049855897291600 ) ) ;
#3323 = CARTESIAN_POINT ( 'NONE',  ( 0.9245476424938676700, -0.8154172211164237800, -0.8107975516649822400 ) ) ;
#3324 = CARTESIAN_POINT ( 'NONE',  ( -0.6464824170945495700, 0.6791350224161456500, -0.4533612877472811300 ) ) ;
#3325 = APPROVAL_ROLE ( '' ) ;
#3326 = CARTESIAN_POINT ( 'NONE',  ( 1.218960963146396900, 2.496999998263915700, 0.02934010433700462800 ) ) ;
#3327 = CARTESIAN_POINT ( 'NONE',  ( -0.7264064860240397900, 0.1855909093464682100, 0.3095874144438276500 ) ) ;
#3328 = CARTESIAN_POINT ( 'NONE',  ( 0.2946097278549790200, 1.714425124647306100, -1.197638105023384400 ) ) ;
#3329 = CARTESIAN_POINT ( 'NONE',  ( 1.022467019816279100, -1.416250663890784800, -0.6831815811535990600 ) ) ;
#3330 = CARTESIAN_POINT ( 'NONE',  ( 1.129408019037025300, -1.650502952195832300, 0.4688010766543851400 ) ) ;
#3331 = CARTESIAN_POINT ( 'NONE',  ( -1.175355529444087800, 0.1212410590961992100, -0.3632274496354369100 ) ) ;
#3332 = CARTESIAN_POINT ( 'NONE',  ( 1.172271530027170900, -2.480136716431908400, -0.3416785573042520600 ) ) ;
#3333 = CARTESIAN_POINT ( 'NONE',  ( 0.6877342925572771400, 1.960196731500853900, -0.3878381874845181500 ) ) ;
#3334 = CARTESIAN_POINT ( 'NONE',  ( -1.019821812864494000, -2.500000000000002200, -0.4245820448511746800 ) ) ;
#3335 = CARTESIAN_POINT ( 'NONE',  ( 0.9290313128356022500, -2.432123861761101400, -0.8085983804437315600 ) ) ;
#3336 = CARTESIAN_POINT ( 'NONE',  ( -1.199430096379612500, 1.595426250409429900, -0.2730931423548166300 ) ) ;
#3337 = CARTESIAN_POINT ( 'NONE',  ( 0.7162810793370290000, -0.7939589402879452300, -0.9995576333987668000 ) ) ;
#3338 = CARTESIAN_POINT ( 'NONE',  ( 0.3182765988111872500, 0.1716672273678709600, 1.187801319993466100 ) ) ;
#3339 = CARTESIAN_POINT ( 'NONE',  ( -0.1110731920218476800, 0.01393458424214735100, -0.7817606606286303700 ) ) ;
#3340 = CARTESIAN_POINT ( 'NONE',  ( 0.7884390795073735700, 0.8797766095032389900, 0.02575230012358373600 ) ) ;
#3341 = ORIENTED_EDGE ( 'NONE', *, *, #607, .F. ) ;
#3342 = CARTESIAN_POINT ( 'NONE',  ( 1.133493067586246500, 2.472601537442110400, 0.4677338647063621900 ) ) ;
#3343 = CARTESIAN_POINT ( 'NONE',  ( -0.3793292552032606600, 0.6362263915997501400, -0.6925274438503470400 ) ) ;
#3344 = CARTESIAN_POINT ( 'NONE',  ( 0.7718473646410049000, 2.485227161265167100, 0.1569461391087299500 ) ) ;
#3345 = CARTESIAN_POINT ( 'NONE',  ( 0.9755813789846700100, -0.9441668235290108200, 0.7485916255371259900 ) ) ;
#3346 = CARTESIAN_POINT ( 'NONE',  ( 1.218982609595065300, -1.623000000344695600, 0.02934010443042284500 ) ) ;
#3347 = CARTESIAN_POINT ( 'NONE',  ( -1.214801807934271500, 0.1641581499615153700, 0.1940852849066660400 ) ) ;
#3348 = CARTESIAN_POINT ( 'NONE',  ( -4.296591298824353900E-015, -2.390000011140804400, -1.233004344789011100 ) ) ;
#3349 = CARTESIAN_POINT ( 'NONE',  ( 0.9549550897752072700, -0.5074908003570525200, 0.7754321038065115100 ) ) ;
#3350 = CARTESIAN_POINT ( 'NONE',  ( 0.9200669520942287300, -2.500000000000000400, -0.7910313164161689700 ) ) ;
#3351 = CARTESIAN_POINT ( 'NONE',  ( -0.8362652932416068100, -2.282093176343063900, -0.9022451417088310800 ) ) ;
#3352 = CARTESIAN_POINT ( 'NONE',  ( 1.218960963146396900, 2.496999998263922400, 0.02934010433688866500 ) ) ;
#3353 = FACE_OUTER_BOUND ( 'NONE', #2401, .T. ) ;
#3354 = CARTESIAN_POINT ( 'NONE',  ( -0.6493608992459376500, 0.4935414713435015100, -1.044260491308612600 ) ) ;
#3355 = CARTESIAN_POINT ( 'NONE',  ( 0.06936549219403373400, -0.007527403913672198900, -0.7865681743644237200 ) ) ;
#3356 = CARTESIAN_POINT ( 'NONE',  ( 0.5266268662031425900, 1.402261351203153900, -0.5882615819946783700 ) ) ;
#3357 = CARTESIAN_POINT ( 'NONE',  ( -0.8718657934764412200, 2.335000010137894900, 0.8718657529453414100 ) ) ;
#3358 = CARTESIAN_POINT ( 'NONE',  ( 0.3186129340779291800, 0.5503654989232508200, -0.7224906015210647000 ) ) ;
#3359 = CARTESIAN_POINT ( 'NONE',  ( 1.219056427258389300, 2.062757476821453800, -0.02511837236530995600 ) ) ;
#3360 = CARTESIAN_POINT ( 'NONE',  ( 0.4331610122151273700, 0.4077086539526914600, -1.150892356788499700 ) ) ;
#3361 = CARTESIAN_POINT ( 'NONE',  ( 0.6868259022970131200, -2.027877904401023600, -0.3767068608617564200 ) ) ;
#3362 = CARTESIAN_POINT ( 'NONE',  ( -0.8695246996967935800, 0.5150000000017203000, -0.8695246996650476400 ) ) ;
#3363 = CARTESIAN_POINT ( 'NONE',  ( -0.7045882910258769400, -1.573994285037990000, 0.3564172559514561800 ) ) ;
#3364 = CARTESIAN_POINT ( 'NONE',  ( -1.190999565481081200, -2.735333333232555100, -0.3191266877918118600 ) ) ;
#3365 = CARTESIAN_POINT ( 'NONE',  ( 0.9468499970035390000, -0.3787412836543224700, -0.7853298183767264400 ) ) ;
#3366 = CARTESIAN_POINT ( 'NONE',  ( -1.014039603397491000, -2.500000000000000000, -0.02768091512243420900 ) ) ;
#3367 = CARTESIAN_POINT ( 'NONE',  ( -0.2067061643846654100, -0.3079257820336525600, 1.212705061678292600 ) ) ;
#3368 = CARTESIAN_POINT ( 'NONE',  ( -0.5135099816140116200, 1.509592143201984100, -1.117843601061494700 ) ) ;
#3369 = CARTESIAN_POINT ( 'NONE',  ( 1.213270992236068300, -0.2789580599266448500, -0.2003143261477257600 ) ) ;
#3370 = CARTESIAN_POINT ( 'NONE',  ( -0.5438787747204285600, 1.072916165953945700, -1.102888513654807400 ) ) ;
#3371 = CARTESIAN_POINT ( 'NONE',  ( -0.3793292552032606600, 0.6362263915997501400, -0.6925274438503470400 ) ) ;
#3372 = CARTESIAN_POINT ( 'NONE',  ( 0.6662500307622464300, 0.09332522036721001300, 0.4236913466151945300 ) ) ;
#3373 = SECURITY_CLASSIFICATION ( '', '', #2596 ) ;
#3374 = CARTESIAN_POINT ( 'NONE',  ( -2.176718584379546900E-006, 1.029971921587649700, -0.7888743494250319800 ) ) ;
#3375 = CARTESIAN_POINT ( 'NONE',  ( -1.176743586260778500, 1.738124881652660200, -0.3569623215266555200 ) ) ;
#3376 = CARTESIAN_POINT ( 'NONE',  ( 0.2536189270951450000, 1.587876206753543500, -0.7469772529038531900 ) ) ;
#3377 = CARTESIAN_POINT ( 'NONE',  ( 0.7820390385903157600, 1.622961126829642200, -0.02934271439160495200 ) ) ;
#3378 = CARTESIAN_POINT ( 'NONE',  ( -1.233004539824354100, 2.279999999999974000, 5.523325065871266500E-013 ) ) ;
#3379 = CARTESIAN_POINT ( 'NONE',  ( -1.102888513652327000, -0.04291616595407198000, -0.5438787747213743600 ) ) ;
#3380 = CARTESIAN_POINT ( 'NONE',  ( 0.7516774649438987500, -2.480139078572893000, -0.2193053655136884500 ) ) ;
#3381 = CARTESIAN_POINT ( 'NONE',  ( 1.218993500791315300, -2.932429701414475300, -0.07955532024931449800 ) ) ;
#3382 = CARTESIAN_POINT ( 'NONE',  ( 0.5145211900667794300, -1.831481992321177600, -0.5989583206650679300 ) ) ;
#3383 = CARTESIAN_POINT ( 'NONE',  ( -0.2945698743549823300, 2.625575495196063300, -1.197514633652867700 ) ) ;
#3384 = CARTESIAN_POINT ( 'NONE',  ( -0.9798238048584243500, -1.387282982344907100, -0.7437859947799285700 ) ) ;
#3385 = CARTESIAN_POINT ( 'NONE',  ( -0.6186179196335838100, -2.499999999999999100, -0.5958754449949249500 ) ) ;
#3386 = CARTESIAN_POINT ( 'NONE',  ( 0.8062893656207245100, -1.402301357480604900, 0.9291121308017864500 ) ) ;
#3387 = CARTESIAN_POINT ( 'NONE',  ( -1.120083624666812700, -1.137291706414540000, 0.5075029183502151000 ) ) ;
#3388 = CARTESIAN_POINT ( 'NONE',  ( 0.1605179022803889500, 0.4291659065402108600, -1.219185301701688000 ) ) ;
#3389 = CARTESIAN_POINT ( 'NONE',  ( 0.5075043379267173400, 1.952705678027410100, 1.120118422273419100 ) ) ;
#3390 = CARTESIAN_POINT ( 'NONE',  ( -0.1207380445590768800, -0.3079624767494683600, 0.7803277595461967100 ) ) ;
#3391 = CARTESIAN_POINT ( 'NONE',  ( -0.6519775382176025100, 0.9730991517859616200, -0.4453212078512265300 ) ) ;
#3392 = DATE_TIME_ROLE ( 'classification_date' ) ;
#3393 = CARTESIAN_POINT ( 'NONE',  ( -0.8107975411074260800, 1.845417225561095000, 0.9245476066917834900 ) ) ;
#3394 = CARTESIAN_POINT ( 'NONE',  ( 0.6558904719982088200, -1.416265957548452200, -0.4383163541429436800 ) ) ;
#3395 = CARTESIAN_POINT ( 'NONE',  ( -3.270641415683585700E-006, 2.170000476965883200, -1.233011127782315900 ) ) ;
#3396 = CARTESIAN_POINT ( 'NONE',  ( 0.2003143261153645100, -0.7510419400708277000, -1.213270992242300200 ) ) ;
#3397 = CARTESIAN_POINT ( 'NONE',  ( 0.7246018643573276500, -2.524496979452004900, 0.2991736992377345700 ) ) ;
#3398 = CARTESIAN_POINT ( 'NONE',  ( 1.219000000000000100, -2.500000000000000000, -0.06583314703652073900 ) ) ;
#3399 = CARTESIAN_POINT ( 'NONE',  ( -0.4101863206881957700, -2.110466152286655000, 0.6747307256027385000 ) ) ;
#3400 = CARTESIAN_POINT ( 'NONE',  ( -0.02541170493359381700, 2.827241377402912800, 1.232972347851808400 ) ) ;
#3401 = CARTESIAN_POINT ( 'NONE',  ( -0.1284578436378915300, 1.308939808707257900, 0.7783260238142254400 ) ) ;
#3402 = CARTESIAN_POINT ( 'NONE',  ( -0.9022024888187822900, -0.8079068422715616200, -0.8362277565105265000 ) ) ;
#3403 = CARTESIAN_POINT ( 'NONE',  ( -1.029489962616135100, -2.499999999999999600, -0.05246887655622898400 ) ) ;
#3404 = CARTESIAN_POINT ( 'NONE',  ( -0.2731042426760655900, -0.5654262515192205500, -1.199485926783845100 ) ) ;
#3405 = CARTESIAN_POINT ( 'NONE',  ( -0.3182765679337749600, -1.888332822701462000, -1.187800724911579600 ) ) ;
#3406 = CARTESIAN_POINT ( 'NONE',  ( 1.176743586231536500, 0.3218751183376872800, -0.3569623215934738000 ) ) ;
#3407 = CARTESIAN_POINT ( 'NONE',  ( -0.2792288058156743900, 1.051457601953453600, -1.197584530361312200 ) ) ;
#3408 = CARTESIAN_POINT ( 'NONE',  ( -0.1029254385721803000, -1.630851459035422800, 0.7821282459283559500 ) ) ;
#3409 = CARTESIAN_POINT ( 'NONE',  ( 0.4101583215337381600, 0.05040999711864029000, 0.6746809723692275300 ) ) ;
#3410 = CARTESIAN_POINT ( 'NONE',  ( 0.7271500174559737400, 2.472728225340498300, 0.3002808173468619100 ) ) ;
#3411 = LOCAL_TIME ( 9, 41, 6.000000000000000000, #3636 ) ;
#3412 = CARTESIAN_POINT ( 'NONE',  ( -0.5201604215212433100, -1.845438841233671100, -0.5930890696659182300 ) ) ;
#3413 = CARTESIAN_POINT ( 'NONE',  ( 1.020018420973799500, 2.101281393212785600, -0.6821187925401502900 ) ) ;
#3414 = CARTESIAN_POINT ( 'NONE',  ( 0.04023867202520179500, 0.1502087576843228700, 1.229040584140780100 ) ) ;
#3415 = CARTESIAN_POINT ( 'NONE',  ( 0.7836114645760528000, -2.064594243739974500, 0.05103251231493003600 ) ) ;
#3416 = CARTESIAN_POINT ( 'NONE',  ( -0.6154371303923122900, -1.681293339150935500, -0.4947269247941522000 ) ) ;
#3417 = CARTESIAN_POINT ( 'NONE',  ( 1.133493067586246500, 2.472601537442110400, 0.4677338647063621900 ) ) ;
#3418 = LOCAL_TIME ( 9, 41, 6.000000000000000000, #1612 ) ;
#3419 = CARTESIAN_POINT ( 'NONE',  ( 1.117516147286042600, -1.580048663332756400, -0.5181811787065010400 ) ) ;
#3420 = CARTESIAN_POINT ( 'NONE',  ( -0.9425651246280085700, -2.499999999999999600, -0.1049754526091537000 ) ) ;
#3421 = CARTESIAN_POINT ( 'NONE',  ( -1.026405135250306300, -0.9731345491861019800, 0.6781192855158236800 ) ) ;
#3422 = CARTESIAN_POINT ( 'NONE',  ( 0.6493608992459210000, -1.566458528656507100, 1.044260491308644000 ) ) ;
#3423 = CARTESIAN_POINT ( 'NONE',  ( -0.8975113652280399800, 1.695207853825588100, -0.8406176375642208100 ) ) ;
#3424 = CARTESIAN_POINT ( 'NONE',  ( 1.229040584142544500, 0.8797912423168878800, 0.04023867200962116100 ) ) ;
#3425 = CARTESIAN_POINT ( 'NONE',  ( 0.7502615391169621400, 1.001001063879782600, 0.2462190920826203600 ) ) ;
#3426 = CARTESIAN_POINT ( 'NONE',  ( -0.3563897989976533300, 0.5439381280128136000, 0.7045382380517751800 ) ) ;
#3427 = CARTESIAN_POINT ( 'NONE',  ( -0.02575239201435152200, 1.909774862311944400, 0.7884403976494569500 ) ) ;
#3428 = CARTESIAN_POINT ( 'NONE',  ( -4.296591298824353900E-015, -2.390000011140804000, -1.233004344789011300 ) ) ;
#3429 = CARTESIAN_POINT ( 'NONE',  ( 0.7820000003448878100, -2.060017323587906500, -1.163102699458413900E-006 ) ) ;
#3430 = CARTESIAN_POINT ( 'NONE',  ( -0.8718657934788351900, 2.224999989863727800, -0.8718657529734765700 ) ) ;
#3431 = CARTESIAN_POINT ( 'NONE',  ( -0.08042515269639924400, -0.7295834126027167500, -1.227061010144732800 ) ) ;
#3432 = CARTESIAN_POINT ( 'NONE',  ( 0.7246077943405732100, -2.087496979313887100, 0.3001101965992278300 ) ) ;
#3433 = CARTESIAN_POINT ( 'NONE',  ( -0.6662971486429589700, -2.153381375756017400, 0.4237235841683645900 ) ) ;
#3434 = CARTESIAN_POINT ( 'NONE',  ( -3.270766437965237500E-006, 2.389999522950336800, 1.233011129243778200 ) ) ;
#3435 = CARTESIAN_POINT ( 'NONE',  ( -0.7754321038064885300, 0.5225091996429543900, 0.9549550897752228100 ) ) ;
#3436 = CARTESIAN_POINT ( 'NONE',  ( -0.3047445728627829500, -2.499999999999998700, -0.7719141085223939500 ) ) ;
#3437 = CARTESIAN_POINT ( 'NONE',  ( 0.2855833861502143400, -0.6083431930339758800, -1.196581367866861800 ) ) ;
#3438 = CARTESIAN_POINT ( 'NONE',  ( 0.08042515265263973400, -1.330416587393932200, -1.227061010147361100 ) ) ;
#3439 = CARTESIAN_POINT ( 'NONE',  ( -0.2792288058156743900, 1.051457601953453600, -1.197584530361312200 ) ) ;
#3440 = CARTESIAN_POINT ( 'NONE',  ( 0.5438787747213143000, 0.9870838340459330300, -1.102888513652349900 ) ) ;
#3441 = CARTESIAN_POINT ( 'NONE',  ( 0.7820000003448874800, -2.056050681933340800, -0.05161989915961073800 ) ) ;
#3442 = CARTESIAN_POINT ( 'NONE',  ( 0.6877342925572771400, 1.960196731500853900, -0.3878381874845181500 ) ) ;
#3443 = CARTESIAN_POINT ( 'NONE',  ( -0.6850136450147962200, 2.243285805662632800, -0.3954896440473976700 ) ) ;
#3444 = CARTESIAN_POINT ( 'NONE',  ( 0.6313271415722414600, 1.558743480155406100, 0.4753231812365106300 ) ) ;
#3445 = CARTESIAN_POINT ( 'NONE',  ( 0.9507185456490471200, 2.499999999999999600, 0.7551718607646796800 ) ) ;
#3446 = CARTESIAN_POINT ( 'NONE',  ( 0.1029297548487125200, -0.4292046977885850000, 0.7821276785822971500 ) ) ;
#3447 = CARTESIAN_POINT ( 'NONE',  ( 0.6798106459895553200, -1.273587236065129000, -0.4017156653598096300 ) ) ;
#3448 = CARTESIAN_POINT ( 'NONE',  ( 1.203259269472223300, 2.485874035919222200, 0.2458916298149168000 ) ) ;
#3449 = CARTESIAN_POINT ( 'NONE',  ( 1.019245208104201400, 0.2006348986092212100, -0.6887429803983455800 ) ) ;
#3450 = CARTESIAN_POINT ( 'NONE',  ( -0.6831815811807694400, -1.673749336112126300, 1.022467019795990900 ) ) ;
#3451 = CARTESIAN_POINT ( 'NONE',  ( 0.1269579559022073800, -0.007510038337403724000, -1.223625230137891200 ) ) ;
#3452 = CARTESIAN_POINT ( 'NONE',  ( -1.044260491328600200, 0.5364585286594849600, -0.6493608992125808900 ) ) ;
#3453 = CARTESIAN_POINT ( 'NONE',  ( -1.187801319993443600, 1.201667227367876300, 0.3182765988112471500 ) ) ;
#3454 = CARTESIAN_POINT ( 'NONE',  ( 0.6165022684629432000, -2.133333178161958400, 1.067810575837817600 ) ) ;
#3455 = CARTESIAN_POINT ( 'NONE',  ( -0.5498161009349529200, -1.430198395051948600, -1.100428491187071400 ) ) ;
#3456 = ADVANCED_FACE ( 'NONE', ( #2691 ), #2185, .F. ) ;
#3457 = CARTESIAN_POINT ( 'NONE',  ( 0.6326359914151048500, -2.455703906121375500, -0.4636681537123212800 ) ) ;
#3458 = CARTESIAN_POINT ( 'NONE',  ( -0.3954942632776064500, 2.206619386798420300, -0.6850110577458306000 ) ) ;
#3459 = CARTESIAN_POINT ( 'NONE',  ( -0.7821282459282209400, -0.6008514590360724000, -0.1029254385722553600 ) ) ;
#3460 = CARTESIAN_POINT ( 'NONE',  ( -0.3824527227807208400, 2.499999999999999600, 1.112084521892422500 ) ) ;
#3461 = CARTESIAN_POINT ( 'NONE',  ( -0.7185335892839785900, -1.137318257500044900, 0.3255728351180677800 ) ) ;
#3462 = CARTESIAN_POINT ( 'NONE',  ( 0.4319462736437011400, -1.230649552852104400, -0.6609949321139685400 ) ) ;
#3463 = CARTESIAN_POINT ( 'NONE',  ( 3.862011111018198300E-006, 2.389950191374003100, 0.7909859444325096900 ) ) ;
#3464 = B_SPLINE_CURVE_WITH_KNOTS ( 'NONE', 3,
 ( #2517, #3486, #2041, #3246, #1336, #973, #1085, #1444, #4559, #2876, #1101, #246, #3852, #2501, #1687, #4214, #2056, #4571, #3501, #2421, #262, #2780, #625, #2201, #85, #1489, #1504, #3660, #3292, #793, #4046, #1519, #1878, #4400, #435, #1131, #2964, #2247, #2608, #3690, #1533, #450, #3643, #779, #1146, #4012, #2231, #808, #3260, #4028, #3676, #763, #1849, #388, #2949, #2578, #2561, #3308, #1163, #3323, #4371, #1116, #1179, #2186, #1817, #3276, #2217, #54, #1864, #68, #420, #41, #4340, #404, #2934, #24, #4386, #2546, #2593, #2904, #745, #3627, #1473, #3997, #1833, #4356, #2920, #116, #1895, #4061, #3705, #2277, #1549, #4075, #4414, #2638, #2262, #1194, #1910, #482, #466, #4431, #101, #826, #2623, #3338, #2979, #733, #4359, #3678, #1490, #376, #4033, #1506, #28, #3663, #2549, #1521, #43, #765, #4015, #2892, #392, #2234, #1852, #56, #1461, #4049, #3312, #3985, #1103, #1149, #1866, #2172, #4374, #2580, #438, #1820, #2565, #4388, #423, #2937, #4344, #2219, #3279, #1882, #781, #2534, #2908, #2952, #1836, #3295, #71, #3647, #2597, #796, #1165, #10, #3249, #3613, #1477, #2189, #750, #3264, #1119, #3999, #3630, #2205, #408, #2922, #1133, #1599, #1536, #881, #863, #4063, #2250, #119, #3375, #1552, #1914, #3015, #1229, #3393, #4079, #4435, #1584, #502, #136, #2312, #2280, #2642, #4128, #3742, #4417 ),
 .UNSPECIFIED., .F., .F.,
 ( 4, 1, 1, 1, 1, 1, 1, 1, 1, 1, 1, 1, 1, 1, 1, 1, 1, 1, 1, 1, 1, 1, 1, 1, 1, 1, 1, 1, 1, 1, 1, 1, 1, 1, 1, 1, 1, 1, 1, 1, 1, 1, 1, 1, 1, 1, 1, 1, 1, 1, 1, 1, 1, 1, 1, 1, 1, 1, 1, 1, 1, 1, 1, 1, 1, 1, 1, 1, 1, 1, 1, 1, 1, 1, 1, 1, 1, 1, 1, 1, 1, 1, 1, 1, 1, 1, 1, 1, 1, 1, 1, 1, 1, 1, 1, 1, 1, 1, 1, 1, 1, 1, 1, 1, 1, 1, 1, 1, 1, 1, 1, 1, 1, 1, 1, 1, 1, 1, 1, 1, 1, 1, 1, 1, 1, 1, 1, 1, 1, 1, 1, 1, 1, 1, 1, 1, 1, 1, 1, 1, 1, 1, 1, 1, 1, 1, 1, 1, 1, 1, 1, 1, 1, 1, 1, 1, 1, 1, 1, 1, 1, 1, 1, 1, 1, 1, 1, 1, 1, 1, 1, 1, 1, 1, 1, 1, 1, 1, 1, 1, 1, 1, 1, 1, 1, 1, 1, 1, 1, 1, 1, 1, 4 ),
 ( 0.0000000000000000000, 0.005208851659441637200, 0.01041690951606768200, 0.01562538916034818600, 0.02083337273892411900, 0.02604139099910195500, 0.03124940158143988900, 0.03645752905059201900, 0.04166586087781853900, 0.04687447224936534800, 0.05208336789322275800, 0.05729204391634482700, 0.06250042526690541300, 0.06770858711751791300, 0.07291661659047797600, 0.07812460764471305900, 0.08333265622714758300, 0.08854085532161350100, 0.09374929004155721500, 0.09895803276482567600, 0.1041669002305377300, 0.1093754503388006500, 0.1145837340718805500, 0.1197918320298004500, 0.1249998346368247400, 0.1302078372446655600, 0.1354159352048116800, 0.1406242189408585000, 0.1458327690517221000, 0.1510416365181620200, 0.1562503792397705600, 0.1614588139567868500, 0.1666670130485285700, 0.1718750616290778400, 0.1770830526837117200, 0.1822910821560668500, 0.1874992440167551300, 0.1927076253443534000, 0.1979163014495511100, 0.2031251968833324200, 0.2083338087327634700, 0.2135421396928474700, 0.2187502678160196100, 0.2239582819519105300, 0.2291662768604117200, 0.2343743482877161700, 0.2395825880361720200, 0.2447910790588610800, 0.2499998906095332600, 0.2552087021589879400, 0.2604171931788942200, 0.2656254329244563400, 0.2708335043497772100, 0.2760414992577849300, 0.2812495133948065300, 0.2864576415204206900, 0.2916659724835009600, 0.2968745843352871800, 0.3020834797693120500, 0.3072921558724641700, 0.3125005371970848200, 0.3177086990551455400, 0.3229167285260682900, 0.3281247195808672500, 0.3333327681631342300, 0.3385409672576552600, 0.3437494019775790800, 0.3489581447008549600, 0.3541670121665641500, 0.3593755622748279800, 0.3645838460079075500, 0.3697919439658274900, 0.3749999465728517900, 0.3802079491806925600, 0.3854160471408386600, 0.3906243308768854700, 0.3958328809877491000, 0.4010417484541888800, 0.4062504911757974800, 0.4114589258928137400, 0.4166671249845553800, 0.4218751735651047300, 0.4270831646197385500, 0.4322911940920936600, 0.4374993559527820500, 0.4427077372803802600, 0.4479164133855779200, 0.4531253088193593600, 0.4583339206687903600, 0.4635422516288743600, 0.4687503797520465300, 0.4739583938879373700, 0.4791663887964386400, 0.4843744602237430900, 0.4895826999721989400, 0.4947911909948879400, 0.5000000025455602100, 0.5052088140950149500, 0.5104173051149211200, 0.5156255448604831800, 0.5208336162858041600, 0.5260416111938118800, 0.5312496253308333100, 0.5364577534564475300, 0.5416660844195279000, 0.5468746962713139100, 0.5520835917053389400, 0.5572922678084911700, 0.5625006491331117100, 0.5677088109911724300, 0.5729168404620953400, 0.5781248315168943100, 0.5833328800991612900, 0.5885410791936823700, 0.5937495139136060900, 0.5989582566368820700, 0.6041671241025914400, 0.6093756742108551400, 0.6145839579439348300, 0.6197920559018547100, 0.6250000585088788500, 0.6302080611167197900, 0.6354161590768659900, 0.6406244428129126400, 0.6458329929237761600, 0.6510418603902160500, 0.6562506031118245900, 0.6614590378288408600, 0.6666672369205825000, 0.6718752855011317400, 0.6770832765557656100, 0.6822913060281208300, 0.6874994678888091100, 0.6927078492164073800, 0.6979165253216049700, 0.7031254207553862000, 0.7083340326048174200, 0.7135423635649013100, 0.7187504916880733700, 0.7239585058239642600, 0.7291665007324654700, 0.7343745721597697600, 0.7395828119082257200, 0.7447913029309147800, 0.7500001144815868800, 0.7552089260310415100, 0.7604174170509477900, 0.7656256567965098500, 0.7708337282218307200, 0.7760417231298385500, 0.7812497372668599800, 0.7864578653924740900, 0.7916661963555545700, 0.7968748082073405800, 0.8020837036413655000, 0.8072923797445176200, 0.8125007610691380400, 0.8177089229271987700, 0.8229169523981217900, 0.8281249434529205400, 0.8333329920351875100, 0.8385411911297086000, 0.8437496258496323100, 0.8489583685729083000, 0.8541672360386175500, 0.8593757861468811500, 0.8645840698799607300, 0.8697921678378808300, 0.8750001704449048600, 0.8802081730527456800, 0.8854162710128917800, 0.8906245547489386500, 0.8958331048598011700, 0.9010419723262439500, 0.9062507150478449300, 0.9114591497648810700, 0.9166673488565676400, 0.9218753974372843100, 0.9270833884913544100, 0.9322914179657466600, 0.9374995798189867900, 0.9427079611725245300, 0.9479166371976925900, 0.9531255328413058600, 0.9583341442104966700, 0.9635424760347381900, 0.9687506035013956400, 0.9739586140827809500, 0.9791666323429650800, 0.9843746159245995200, 0.9895830955699587200, 0.9947911534315271300, 1.000000000000000000 ),
 .UNSPECIFIED. ) ;
#3465 = CARTESIAN_POINT ( 'NONE',  ( 0.07407098981120607800, 0.2864672367423896100, -1.227913503728379700 ) ) ;
#3466 = CARTESIAN_POINT ( 'NONE',  ( 0.8695246996967769300, -1.544999999998287300, 0.8695246996650806100 ) ) ;
#3467 = CARTESIAN_POINT ( 'NONE',  ( 0.6206325686791016600, 1.129782509074826800, -1.062164188942020600 ) ) ;
#3468 = CARTESIAN_POINT ( 'NONE',  ( -0.3952700781599617900, 0.4720829427892297400, -1.164439485753287800 ) ) ;
#3469 = ORIENTED_EDGE ( 'NONE', *, *, #517, .F. ) ;
#3470 = CARTESIAN_POINT ( 'NONE',  ( 0.7162810793158157500, 0.7939589402861043600, 0.9995576334111760900 ) ) ;
#3471 = CARTESIAN_POINT ( 'NONE',  ( -0.3330951880159120400, 1.724161388155845100, 0.7158633428924136000 ) ) ;
#3472 = CARTESIAN_POINT ( 'NONE',  ( 0.7820000036282621600, 2.499943779930883500, -3.229687328048993600E-006 ) ) ;
#3473 = CARTESIAN_POINT ( 'NONE',  ( -0.6558928914996590100, -0.6437901992760153300, -0.4383127350510619400 ) ) ;
#3474 = CARTESIAN_POINT ( 'NONE',  ( -0.7736894268979860300, -1.158769696299351000, 0.1539358029858271200 ) ) ;
#3475 = CARTESIAN_POINT ( 'NONE',  ( -0.5070803536305964500, -0.5225432248197768900, -0.6052723471583509900 ) ) ;
#3476 = CARTESIAN_POINT ( 'NONE',  ( 0.7820000036282628300, 2.497407606768448300, 0.04414464488965172400 ) ) ;
#3477 = CARTESIAN_POINT ( 'NONE',  ( 0.006404483964020457100, 0.5868847503736797100, 1.230110772246341800 ) ) ;
#3478 = CARTESIAN_POINT ( 'NONE',  ( 1.150892356813198600, -1.437708653957875400, -0.4331610121514716200 ) ) ;
#3479 = CARTESIAN_POINT ( 'NONE',  ( 1.100479002045467800, 0.4001983581731766700, 0.5498428992982104000 ) ) ;
#3480 = CARTESIAN_POINT ( 'NONE',  ( 0.8107975517130259200, -0.2145827788885101800, -0.9245476424500732600 ) ) ;
#3481 = CARTESIAN_POINT ( 'NONE',  ( 1.150892356788515900, 1.437708653952696000, 0.4331610122150666400 ) ) ;
#3482 = CARTESIAN_POINT ( 'NONE',  ( -0.8718658692940466400, -2.225000000214246500, 0.8718658729890017600 ) ) ;
#3483 = CARTESIAN_POINT ( 'NONE',  ( -0.6215272538382250500, -1.387297609316103400, -0.4869561505110426300 ) ) ;
#3484 = CARTESIAN_POINT ( 'NONE',  ( 0.01782880313312734000, 1.767067574069615800, 0.7893502009765320800 ) ) ;
#3485 = CARTESIAN_POINT ( 'NONE',  ( 0.6097322939261806700, -1.995528083258885100, -0.5007841206232471800 ) ) ;
#3486 = CARTESIAN_POINT ( 'NONE',  ( 1.219000000000000700, -2.054131401692277600, -0.07636929509922944800 ) ) ;
#3487 = CARTESIAN_POINT ( 'NONE',  ( 0.3018281107065667900, -0.7725146006829684000, -0.7288353661821080900 ) ) ;
#3488 = CARTESIAN_POINT ( 'NONE',  ( 1.207585306162011000, 2.499999999999999600, 0.1630331240592218200 ) ) ;
#3489 = CARTESIAN_POINT ( 'NONE',  ( 0.7548913879874240600, -0.3218986798249133800, 0.2289715063219350500 ) ) ;
#3490 = CARTESIAN_POINT ( 'NONE',  ( 0.02540676988484235800, 2.607197568809943800, -0.7909459526830133800 ) ) ;
#3491 = CARTESIAN_POINT ( 'NONE',  ( 0.3569623215527417700, -1.351875118334423300, -1.176743586244293900 ) ) ;
#3492 = CARTESIAN_POINT ( 'NONE',  ( 0.2462691775288571000, 0.5718664500098683500, -1.205306893229594900 ) ) ;
#3493 = CARTESIAN_POINT ( 'NONE',  ( -0.8655771084178369700, 2.499999999999999100, 0.2759120016115657600 ) ) ;
#3494 = CARTESIAN_POINT ( 'NONE',  ( -1.197584530349421700, -0.02145760195670292800, -0.2792288058570445200 ) ) ;
#3495 = CARTESIAN_POINT ( 'NONE',  ( 1.188748191080654100, -2.472712867743704900, -0.3448099303857639600 ) ) ;
#3496 = PLANE ( 'NONE',  #243 ) ;
#3497 = CARTESIAN_POINT ( 'NONE',  ( 0.6519775382175799800, -1.086900848214074300, 0.4453212078512411900 ) ) ;
#3498 = CARTESIAN_POINT ( 'NONE',  ( 0.4165928773177196600, 1.566423132201266700, -0.6698812358309868000 ) ) ;
#3499 = CARTESIAN_POINT ( 'NONE',  ( -0.5455873724899783500, 2.282058615497102300, 0.5707469216882109500 ) ) ;
#3500 = CARTESIAN_POINT ( 'NONE',  ( 0.7836114645760528000, -2.064594243739974500, 0.05103251231493003600 ) ) ;
#3501 = CARTESIAN_POINT ( 'NONE',  ( -0.8975113652239133900, -1.695207853825244600, 0.8406176375663307900 ) ) ;
#3502 = CARTESIAN_POINT ( 'NONE',  ( -0.7383081421114382500, -0.6223230013766368800, -0.2778911917009303000 ) ) ;
#3503 = CARTESIAN_POINT ( 'NONE',  ( 0.6141842781747196600, 2.499999999999999600, 1.038805334177253600 ) ) ;
#3504 = CARTESIAN_POINT ( 'NONE',  ( 0.7871629390798053900, -0.3004477042024251700, 0.05160411754454719700 ) ) ;
#3505 = CARTESIAN_POINT ( 'NONE',  ( -0.5772400462597164800, 2.772195027810942400, 0.5413120176631395200 ) ) ;
#3506 = CARTESIAN_POINT ( 'NONE',  ( 0.6524811380204548200, -2.500000000000001800, -0.4384614397466217700 ) ) ;
#3507 = CARTESIAN_POINT ( 'NONE',  ( -0.3245768623991338000, 0.2714488564311350900, 1.186594196822214900 ) ) ;
#3508 = CARTESIAN_POINT ( 'NONE',  ( -1.044379766136726900, 2.500000000000001800, 0.08489908457722579500 ) ) ;
#3509 = CARTESIAN_POINT ( 'NONE',  ( -0.8406176375654985700, 0.6652078538268009200, 0.8975113652285780000 ) ) ;
#3510 = CARTESIAN_POINT ( 'NONE',  ( -1.224873463013507000, -2.196259439404685000, 0.1142048116905462300 ) ) ;
#3511 = CARTESIAN_POINT ( 'NONE',  ( 1.197590262216154900, 2.037952585903549900, 0.2869052059757588000 ) ) ;
#3512 = CARTESIAN_POINT ( 'NONE',  ( 0.1618528112935415100, -0.3143841776746985100, -0.7727902945504758800 ) ) ;
#3513 = CARTESIAN_POINT ( 'NONE',  ( -0.7783253150574652700, 1.781004033165842500, 0.1284621397871400000 ) ) ;
#3514 = CARTESIAN_POINT ( 'NONE',  ( -0.7727902941072026800, -1.344384176498143700, -0.1618528115082743800 ) ) ;
#3515 = CARTESIAN_POINT ( 'NONE',  ( -0.4648331118313038200, -1.215615411303693700, 1.138938959782194600 ) ) ;
#3516 = CARTESIAN_POINT ( 'NONE',  ( -0.2041204090087364300, -1.888375406024681100, -0.7619995490369502200 ) ) ;
#3517 = CARTESIAN_POINT ( 'NONE',  ( 0.4165965737544016800, -1.566479289028729300, 0.6698789364989724500 ) ) ;
#3518 = CARTESIAN_POINT ( 'NONE',  ( 0.7619999099558642000, -0.8583747301947553000, -0.2041203490314991700 ) ) ;
#3519 = CARTESIAN_POINT ( 'NONE',  ( -1.050130689059557900, 2.499999999999999600, 0.2827051827095941100 ) ) ;
#3520 = CARTESIAN_POINT ( 'NONE',  ( -0.7383066083379484800, 0.6222668445519353700, 0.2778952660025653700 ) ) ;
#3521 = CARTESIAN_POINT ( 'NONE',  ( 0.6684853431394266500, 2.538567753088957000, -0.4172152272120460700 ) ) ;
#3522 = CARTESIAN_POINT ( 'NONE',  ( -1.150892356788485900, -0.6222913460473157300, -0.4331610122151832700 ) ) ;
#3523 = CARTESIAN_POINT ( 'NONE',  ( -0.6662971486429589700, -2.153381375756017400, 0.4237235841683645900 ) ) ;
#3524 = CARTESIAN_POINT ( 'NONE',  ( 0.1798156090406376500, 2.499999999999997800, 0.7834108162040224200 ) ) ;
#3525 = CARTESIAN_POINT ( 'NONE',  ( 1.218999999999975900, 2.060000000000015600, -1.196809669476056900E-013 ) ) ;
#3526 = CARTESIAN_POINT ( 'NONE',  ( 0.3245768623991827600, -1.788551143568874100, -1.186594196822198000 ) ) ;
#3527 = CARTESIAN_POINT ( 'NONE',  ( 0.7835876670828506600, -1.627594244340675500, 0.06796988360600253500 ) ) ;
#3528 = CARTESIAN_POINT ( 'NONE',  ( 0.3185916689903941500, -0.5504216539041624200, 0.7224376186637740900 ) ) ;
#3529 = CARTESIAN_POINT ( 'NONE',  ( 0.7383081421114540100, 1.437676998623383100, 0.2778911917008523600 ) ) ;
#3530 = CARTESIAN_POINT ( 'NONE',  ( 1.153523442073632700, -1.065406944671480200, 0.4273127066447082200 ) ) ;
#3531 = CARTESIAN_POINT ( 'NONE',  ( 0.2536230489876381600, -1.587932363579710200, 0.7469758525558073400 ) ) ;
#3532 = CARTESIAN_POINT ( 'NONE',  ( 0.7865681743644350500, 1.022472596086317000, 0.06936549219400264800 ) ) ;
#3533 = CARTESIAN_POINT ( 'NONE',  ( -0.6698812358309660400, 0.5364231322013020000, -0.4165928773177683400 ) ) ;
#3534 = CARTESIAN_POINT ( 'NONE',  ( -1.049972818721767600, 2.500000000000001300, 0.1175953602371878300 ) ) ;
#3535 = CARTESIAN_POINT ( 'NONE',  ( -0.05160411754451019900, 0.7295522957976079400, 0.7871629390798013900 ) ) ;
#3536 = CARTESIAN_POINT ( 'NONE',  ( 0.1284578436379698000, -0.7510601912926933000, -0.7783260238142261100 ) ) ;
#3537 = CARTESIAN_POINT ( 'NONE',  ( 0.2292734748627512900, 1.971048311097367800, 0.7575116919230313600 ) ) ;
#3538 = CARTESIAN_POINT ( 'NONE',  ( 1.206067579028947500, -0.9012497658121226800, 0.2398996533698027900 ) ) ;
#3539 = CARTESIAN_POINT ( 'NONE',  ( 0.6928912845485399900, -2.454449892786360300, -0.3746455391708775600 ) ) ;
#3540 = CARTESIAN_POINT ( 'NONE',  ( -1.040686560837976100, 2.500000000000001300, 0.06855790562475924700 ) ) ;
#3541 = CARTESIAN_POINT ( 'NONE',  ( 0.5438787747213143000, 0.9870838340459330300, -1.102888513652349900 ) ) ;
#3542 = CARTESIAN_POINT ( 'NONE',  ( -0.8362652932416068100, -2.282093176343063900, -0.9022451417088310800 ) ) ;
#3543 = CARTESIAN_POINT ( 'NONE',  ( -0.3191234398882064600, -1.751333336393472200, 1.190984078966348400 ) ) ;
#3544 = CARTESIAN_POINT ( 'NONE',  ( -0.6797624990084153400, -0.7864689196079163200, -0.4016849878142133600 ) ) ;
#3545 = CARTESIAN_POINT ( 'NONE',  ( -0.7185353860044152400, 1.137262100672103800, -0.3255688699891833300 ) ) ;
#3546 = CARTESIAN_POINT ( 'NONE',  ( 0.3632091593354133700, -1.151241057445435000, 1.175301624887857200 ) ) ;
#3547 = CARTESIAN_POINT ( 'NONE',  ( 0.5392150451836675900, -1.394806009236726300, -0.5758039591960633100 ) ) ;
#3548 = CARTESIAN_POINT ( 'NONE',  ( 1.070497880175419700, -2.095138930682370200, 0.5873451371528977100 ) ) ;
#3549 = CARTESIAN_POINT ( 'NONE',  ( 0.6258534782177483900, 0.9441327975842214200, -0.4802052199693236900 ) ) ;
#3550 = CARTESIAN_POINT ( 'NONE',  ( 0.7185335892839462800, 0.9226817424999406200, -0.3255728351181055900 ) ) ;
#3551 = CARTESIAN_POINT ( 'NONE',  ( 0.5758039591960474300, -0.3648060092366908200, 0.5392150451836740200 ) ) ;
#3552 = CARTESIAN_POINT ( 'NONE',  ( 1.020018420973799500, 2.101281393212785600, -0.6821187925401502900 ) ) ;
#3553 = CARTESIAN_POINT ( 'NONE',  ( 1.213270992236068300, -0.2789580599266448500, -0.2003143261477257600 ) ) ;
#3554 = CARTESIAN_POINT ( 'NONE',  ( -0.4101863206881957700, -2.110466152286655000, 0.6747307256027385000 ) ) ;
#3555 = CARTESIAN_POINT ( 'NONE',  ( -0.4031785014324039100, 2.499999999999999100, 0.7337248337504145300 ) ) ;
#3556 = CARTESIAN_POINT ( 'NONE',  ( -1.220426539645054900, 1.016051494841398600, -0.1542113742997424400 ) ) ;
#3557 = CARTESIAN_POINT ( 'NONE',  ( -0.5438787747204285600, 1.072916165953945700, -1.102888513654807400 ) ) ;
#3558 = CARTESIAN_POINT ( 'NONE',  ( 0.9505793745823155600, 1.995585498437209400, 0.7806309407859489700 ) ) ;
#3559 = CARTESIAN_POINT ( 'NONE',  ( 1.218976202506800300, -1.627570299192152600, 0.09649383533037338100 ) ) ;
#3560 = CARTESIAN_POINT ( 'NONE',  ( 0.7838048828374650800, 0.1576800468147546200, -0.09505789308450973700 ) ) ;
#3561 = CARTESIAN_POINT ( 'NONE',  ( -0.7619999099558378800, 1.201625269805296900, 0.2041203490315535200 ) ) ;
#3562 = CARTESIAN_POINT ( 'NONE',  ( -0.8158848642988582000, -0.2285318725775515000, -0.9206241863023713100 ) ) ;
#3563 = CARTESIAN_POINT ( 'NONE',  ( 0.05160411754454330400, -1.330447704202423000, -0.7871629390798119400 ) ) ;
#3564 = CARTESIAN_POINT ( 'NONE',  ( -4.296591298824353900E-015, -2.390000011140804400, -1.233004344789011100 ) ) ;
#3565 = CARTESIAN_POINT ( 'NONE',  ( 0.7620010355392704500, 0.8583185733701858000, 0.2041161437249281500 ) ) ;
#3566 = CARTESIAN_POINT ( 'NONE',  ( -0.7736902768968546600, 1.158713539472075800, -0.1539315335441447700 ) ) ;
#3567 = CARTESIAN_POINT ( 'NONE',  ( -0.6558928914996591300, -0.6437901992760154400, -0.4383127350510619400 ) ) ;
#3568 = CARTESIAN_POINT ( 'NONE',  ( 1.219039036853554900, 1.623000001736102600, -0.02934010433701199300 ) ) ;
#3569 = CARTESIAN_POINT ( 'NONE',  ( 1.120083624685090000, -0.9227082935820557500, 0.5075029183095822700 ) ) ;
#3570 = CARTESIAN_POINT ( 'NONE',  ( -1.081890875306890800, 1.279990344319475100, -0.5855457744931393800 ) ) ;
#3571 = CARTESIAN_POINT ( 'NONE',  ( 0.5944286935363992700, 2.863894282413368900, 1.080714513614917900 ) ) ;
#3572 = CARTESIAN_POINT ( 'NONE',  ( -1.019245204924065700, 2.260634900431235800, 0.6887429299568298400 ) ) ;
#3573 = CARTESIAN_POINT ( 'NONE',  ( -0.9245476424937950600, 1.244582778883587000, 0.8107975516650469700 ) ) ;
#3574 = CARTESIAN_POINT ( 'NONE',  ( -0.1542169454720206900, 0.01394850332965080900, -1.220483189299241600 ) ) ;
#3575 = CARTESIAN_POINT ( 'NONE',  ( -1.232995775620368700, -1.843000000086337100, -6.704739299161536500E-007 ) ) ;
#3576 = CARTESIAN_POINT ( 'NONE',  ( -0.04369241558924350000, 0.8872865270780105900, -0.7883588060757801300 ) ) ;
#3577 = CARTESIAN_POINT ( 'NONE',  ( -0.7532209876637444600, -0.7650054609649477000, -0.2368093564022489000 ) ) ;
#3578 = CARTESIAN_POINT ( 'NONE',  ( -0.7113079955443888400, -1.237073383095511200, 1.003629185692196400 ) ) ;
#3579 = CARTESIAN_POINT ( 'NONE',  ( -0.6165061108750034000, -2.643666665776200000, 1.067821674446255400 ) ) ;
#3580 = LENGTH_MEASURE_WITH_UNIT ( LENGTH_MEASURE( 0.02539999999999999900 ), #391 );
#3581 = CARTESIAN_POINT ( 'NONE',  ( 0.3191250568542408600, -2.151666708244711800, 1.190991643212850000 ) ) ;
#3582 = CARTESIAN_POINT ( 'NONE',  ( 0.4594547491197965000, 0.7939174359709065800, 0.6412585577140286200 ) ) ;
#3583 = CARTESIAN_POINT ( 'NONE',  ( -1.197613533180316200, 1.824424180564979500, -0.2945956985558110300 ) ) ;
#3584 = CARTESIAN_POINT ( 'NONE',  ( -1.197584530349421700, -0.02145760195670292800, -0.2792288058570445200 ) ) ;
#3585 = CARTESIAN_POINT ( 'NONE',  ( -0.5639509966024771600, -1.101926128837466400, -0.5526881631201701100 ) ) ;
#3587 = CARTESIAN_POINT ( 'NONE',  ( -1.665190047187642100E-006, 2.169954691979321600, -0.7909859430977483900 ) ) ;
#3586 = B_SPLINE_CURVE_WITH_KNOTS ( 'NONE', 3,
 ( #1949, #4470, #901, #1586, #4114, #2314, #1965, #155, #3395, #4145, #1248, #1982, #1601, #3727, #4130, #4504, #4488, #4161, #204, #2346, #187, #4454, #138, #2712, #555, #3793, #3839, #1675, #280 ),
 .UNSPECIFIED., .F., .F.,
 ( 4, 1, 1, 1, 1, 1, 1, 1, 1, 1, 1, 1, 1, 1, 1, 1, 1, 1, 1, 1, 1, 1, 1, 1, 1, 1, 4 ),
 ( 0.0000000000000000000, 0.03127834569134398800, 0.06256254350986367700, 0.09383128350989790300, 0.1251177538367214100, 0.1667700907992237000, 0.2084242988343915400, 0.2500779239171467800, 0.2917317157799177400, 0.3333854633344309200, 0.3750392218049231600, 0.4166929778175634800, 0.4583467343172302800, 0.5000004907394540700, 0.5416542471616778700, 0.5833080036613447200, 0.6249617596739859300, 0.6666155181444732800, 0.7082692656990067200, 0.7499230575616974100, 0.7915766826447495600, 0.8332308906788924400, 0.8748832276446547600, 0.9061696979505987600, 0.9374384379290202600, 0.9687226357772174000, 1.000000000000000000 ),
 .UNSPECIFIED. ) ;
#3588 = CARTESIAN_POINT ( 'NONE',  ( 1.062115847366935700, 1.960217491873099000, -0.6206025129760465200 ) ) ;
#3589 = CARTESIAN_POINT ( 'NONE',  ( -0.3182765679477885200, 1.888332822701388700, 1.187800724895594400 ) ) ;
#3590 = CARTESIAN_POINT ( 'NONE',  ( -0.6206325686791828200, -0.9302174909251826900, 1.062164188941944000 ) ) ;
#3591 = CARTESIAN_POINT ( 'NONE',  ( -0.3954921632839621900, -2.353341777537191900, -0.6850119296944469100 ) ) ;
#3592 = CARTESIAN_POINT ( 'NONE',  ( 0.5526495977270649000, 0.07186997384776147600, 0.5639089003005844900 ) ) ;
#3593 = CARTESIAN_POINT ( 'NONE',  ( -0.7776883174920096200, -0.1641755141584580700, -0.1364853849504361600 ) ) ;
#3594 = CARTESIAN_POINT ( 'NONE',  ( 0.1940778486585705300, 0.8658418514178254400, -1.214745373265484300 ) ) ;
#3595 = CARTESIAN_POINT ( 'NONE',  ( -0.6165022684629192200, -2.206666665866814400, 1.067813238164828400 ) ) ;
#3596 = CARTESIAN_POINT ( 'NONE',  ( 1.218982609595065300, -1.623000000344695800, 0.02934010443042282500 ) ) ;
#3597 = CARTESIAN_POINT ( 'NONE',  ( 0.7850597333521958100, 1.480610555660052200, -0.07738280380558577900 ) ) ;
#3598 = CARTESIAN_POINT ( 'NONE',  ( -0.6165025432106663300, 2.206666703622838000, -1.067813699813197100 ) ) ;
#3599 = CARTESIAN_POINT ( 'NONE',  ( 1.022467019795868700, 1.416250663888264600, 0.6831815811800314700 ) ) ;
#3600 = CARTESIAN_POINT ( 'NONE',  ( -0.7502615391169571400, -1.058998936120237700, -0.2462190920827018500 ) ) ;
#3601 = CARTESIAN_POINT ( 'NONE',  ( 0.2047170747320436200, 2.151612910941321100, -0.7640254657519595100 ) ) ;
#3602 = CARTESIAN_POINT ( 'NONE',  ( 0.9022024888188181500, 1.252093157728450900, 0.8362277565104746500 ) ) ;
#3603 = CARTESIAN_POINT ( 'NONE',  ( 0.8505744720584503800, -2.006471704600915300, -0.8881903882191507500 ) ) ;
#3604 = CARTESIAN_POINT ( 'NONE',  ( -0.9291121308017530300, -0.3723013574805985600, 0.8062893656207278400 ) ) ;
#3605 = CARTESIAN_POINT ( 'NONE',  ( 0.5456358797401668100, -2.116528152649456400, 0.5698489651209923700 ) ) ;
#3606 = CARTESIAN_POINT ( 'NONE',  ( -0.2215621301631682800, 0.9087436361856149300, -0.7578379916903329500 ) ) ;
#3607 = CARTESIAN_POINT ( 'NONE',  ( 0.7502067306519041300, -1.001057220242582500, -0.2462031175612861300 ) ) ;
#3608 = CARTESIAN_POINT ( 'NONE',  ( -0.1542113742998043900, -0.01394850515860861200, 1.220426539645042000 ) ) ;
#3609 = CARTESIAN_POINT ( 'NONE',  ( 1.219023797493204100, -2.501570297990749500, 0.06261909274822839700 ) ) ;
#3610 = CARTESIAN_POINT ( 'NONE',  ( 0.2536189270951450000, 1.587876206753543200, -0.7469772529038531900 ) ) ;
#3611 = CARTESIAN_POINT ( 'NONE',  ( -0.6097617274596682800, 0.06435849521547278000, 0.5004862537460342800 ) ) ;
#3612 = CARTESIAN_POINT ( 'NONE',  ( -1.190990920325092400, 2.298333334019910400, 0.3191250493005639600 ) ) ;
#3613 = CARTESIAN_POINT ( 'NONE',  ( 0.08042515269649822000, 1.330416587397293500, 1.227061010144715200 ) ) ;
#3614 = CARTESIAN_POINT ( 'NONE',  ( -0.9245476424937950600, 1.244582778883587000, 0.8107975516650469700 ) ) ;
#3615 = CARTESIAN_POINT ( 'NONE',  ( 0.7728457482084311000, -0.7156719778833772200, -0.1618663846568095300 ) ) ;
#3616 = CC_DESIGN_APPROVAL ( #2594, ( #3373 ) ) ;
#3617 = CARTESIAN_POINT ( 'NONE',  ( 0.3954900136953338800, 2.133302810285736300, -0.6850425466511916900 ) ) ;
#3618 = CARTESIAN_POINT ( 'NONE',  ( -0.6550235485393429700, 2.110425290776370800, -1.041257520177542000 ) ) ;
#3619 = CARTESIAN_POINT ( 'NONE',  ( 1.219006499208684600, -2.058429701402622000, -0.07955760782930758300 ) ) ;
#3620 = CARTESIAN_POINT ( 'NONE',  ( -1.229736525430218400, -0.4366759342348746100, 0.03385271249631917300 ) ) ;
#3621 = CARTESIAN_POINT ( 'NONE',  ( 0.6868570160034158700, -2.901877903877400700, -0.3767198856355136700 ) ) ;
#3622 = CARTESIAN_POINT ( 'NONE',  ( 0.05958461792513854900, 0.2864526039287370000, -0.7873119990932099200 ) ) ;
#3623 = CARTESIAN_POINT ( 'NONE',  ( 0.5639089003005559600, -0.9581300261522735000, -0.5526495977270583500 ) ) ;
#3624 = CARTESIAN_POINT ( 'NONE',  ( -1.229679603144448600, 0.4366759342296091500, -0.03385271256574571400 ) ) ;
#3625 = CARTESIAN_POINT ( 'NONE',  ( -0.2792288058570603400, -1.051457601956709500, 1.197584530349424100 ) ) ;
#3626 = ORIENTED_EDGE ( 'NONE', *, *, #747, .T. ) ;
#3627 = CARTESIAN_POINT ( 'NONE',  ( 1.064947164962951800, -0.3433336462691711200, 0.6148508074489287300 ) ) ;
#3628 = CARTESIAN_POINT ( 'NONE',  ( -0.2778952660025533800, 1.652266844553993900, -0.7383066083374747500 ) ) ;
#3629 = CARTESIAN_POINT ( 'NONE',  ( -0.8718657934764412200, 2.335000010137894900, 0.8718657529453414100 ) ) ;
#3630 = CARTESIAN_POINT ( 'NONE',  ( 1.223782262022805400, 1.480624474747584300, -0.1205265572557761400 ) ) ;
#3631 = CARTESIAN_POINT ( 'NONE',  ( 0.9755813789592887600, 0.9441668235321526400, -0.7485916255693531000 ) ) ;
#3632 = CARTESIAN_POINT ( 'NONE',  ( -0.5338856248059377100, -0.9517041061679322200, 0.5817603763162836300 ) ) ;
#3633 = CARTESIAN_POINT ( 'NONE',  ( -0.7909840431297530100, 2.279952441728904800, 2.763552177977159000E-006 ) ) ;
#3634 = CARTESIAN_POINT ( 'NONE',  ( 1.068523053233003500, 1.273550239700954200, 0.6095320043152679900 ) ) ;
#3635 = CARTESIAN_POINT ( 'NONE',  ( -1.190990926148278100, -2.261666666680950000, 0.3191250571005656000 ) ) ;
#3636 = COORDINATED_UNIVERSAL_TIME_OFFSET ( 6, 0, .BEHIND. ) ;
#3637 = CARTESIAN_POINT ( 'NONE',  ( -0.2731042426760655900, -0.5654262515192205500, -1.199485926783845100 ) ) ;
#3638 = CARTESIAN_POINT ( 'NONE',  ( 3.213256131426406100E-006, -2.170010102779838000, 0.7909821489002741800 ) ) ;
#3639 = CARTESIAN_POINT ( 'NONE',  ( 0.2705432648047813600, 1.209134430897248500, 0.7417531377282070600 ) ) ;
#3640 = CARTESIAN_POINT ( 'NONE',  ( 0.7895091263266920100, -0.4431567736397458200, 0.008077536948499202500 ) ) ;
#3641 = CARTESIAN_POINT ( 'NONE',  ( 0.9798237938011041800, 0.6727170197687948300, 0.7437860155409918800 ) ) ;
#3642 = FACE_OUTER_BOUND ( 'NONE', #1045, .T. ) ;
#3643 = CARTESIAN_POINT ( 'NONE',  ( -1.229040584142556700, -1.180208757683124200, -0.04023867200969550400 ) ) ;
#3644 = PRODUCT_DEFINITION ( 'UNKNOWN', '', #1306, #552 ) ;
#3645 = CARTESIAN_POINT ( 'NONE',  ( -0.6097644899282127500, -0.06441465204192951800, -0.5004828892784205500 ) ) ;
#3646 = CARTESIAN_POINT ( 'NONE',  ( -1.067813272475109900, 2.316666663928506100, 0.6165022988552946200 ) ) ;
#3647 = CARTESIAN_POINT ( 'NONE',  ( -1.187801319993443600, 1.201667227367876300, 0.3182765988112472000 ) ) ;
#3648 = CARTESIAN_POINT ( 'NONE',  ( 0.1605179022803889500, 0.4291659065402108600, -1.219185301701688000 ) ) ;
#3649 = CARTESIAN_POINT ( 'NONE',  ( 0.09506287598239812600, -1.187736204910686500, -0.7838617530779763400 ) ) ;
#3650 = CARTESIAN_POINT ( 'NONE',  ( -1.080558881526776800, 1.806090845971574800, -0.5945227167996084400 ) ) ;
#3651 = CARTESIAN_POINT ( 'NONE',  ( 1.164439485758842500, -1.502082942787644500, 0.3952700781400859100 ) ) ;
#3652 = CARTESIAN_POINT ( 'NONE',  ( 1.172269647120608000, -2.043136716662033800, -0.3416763641362988200 ) ) ;
#3653 = CARTESIAN_POINT ( 'NONE',  ( -0.5855457743918294200, 0.2499903443108660900, 1.081890875259184500 ) ) ;
#3654 = CARTESIAN_POINT ( 'NONE',  ( -0.6850192650020743300, -2.680342021198236900, 0.3954974547877754800 ) ) ;
#3655 = CARTESIAN_POINT ( 'NONE',  ( 0.2856615555997919500, 2.024552204869706900, -0.7360612092185611100 ) ) ;
#3656 = CARTESIAN_POINT ( 'NONE',  ( -0.7991315260664212400, -2.499999999999992900, -0.8204293892718037600 ) ) ;
#3657 = CARTESIAN_POINT ( 'NONE',  ( 0.2398993122448805400, 1.931250443757048600, 1.206058573427552000 ) ) ;
#3658 = CARTESIAN_POINT ( 'NONE',  ( -0.3509696889647259100, 2.325008627525519500, 1.179023273533781100 ) ) ;
#3659 = CARTESIAN_POINT ( 'NONE',  ( 0.8695246996967769300, -1.544999999998287300, 0.8695246996650806100 ) ) ;
#3660 = CARTESIAN_POINT ( 'NONE',  ( 1.164439485758842500, -1.502082942787644500, 0.3952700781400859700 ) ) ;
#3661 = CARTESIAN_POINT ( 'NONE',  ( -0.7074825312570545100, 0.04290236884780095100, 0.3489604620968182500 ) ) ;
#3662 = APPROVAL_STATUS ( 'not_yet_approved' ) ;
#3663 = CARTESIAN_POINT ( 'NONE',  ( 0.6831815811800902000, 0.3862506638882601800, -1.022467019795835000 ) ) ;
#3664 = CARTESIAN_POINT ( 'NONE',  ( 0.4743389123536265200, 0.5289093447130003300, -0.6312673978617906500 ) ) ;
#3665 = CARTESIAN_POINT ( 'NONE',  ( -0.5945230447912525100, 1.916090854859958700, 1.080558741634642700 ) ) ;
#3666 = CARTESIAN_POINT ( 'NONE',  ( -1.187801319991358200, -1.201667227369093400, -0.3182765988274967600 ) ) ;
#3667 = CARTESIAN_POINT ( 'NONE',  ( -8.969605504119662200E-007, -1.732999988973810800, 1.232989776569435500 ) ) ;
#3668 = CARTESIAN_POINT ( 'NONE',  ( -0.7113396137693139800, 1.237073381442840500, -1.003676519455177100 ) ) ;
#3669 = CARTESIAN_POINT ( 'NONE',  ( -1.190990926148278100, -2.261666666680950000, 0.3191250571005656000 ) ) ;
#3670 = CARTESIAN_POINT ( 'NONE',  ( 0.6928421244905372800, 2.453920757546118400, 0.3807719554259770800 ) ) ;
#3671 = CARTESIAN_POINT ( 'NONE',  ( -0.9876337021533836400, -2.500000000000000400, -0.5174264395881590400 ) ) ;
#3672 = CARTESIAN_POINT ( 'NONE',  ( -1.199485926783871600, -1.595426251519224600, 0.2731042426760713100 ) ) ;
#3673 = ADVANCED_FACE ( 'NONE', ( #1665 ), #2676, .F. ) ;
#3674 = CARTESIAN_POINT ( 'NONE',  ( 1.188692700470084500, 2.476243094108320000, 0.2988554372298583000 ) ) ;
#3675 = CARTESIAN_POINT ( 'NONE',  ( 0.5075043379639869700, -1.952705678080958200, -1.120118421566930400 ) ) ;
#3676 = CARTESIAN_POINT ( 'NONE',  ( 0.2792288058155946200, -1.008542398046557800, 1.197584530361343900 ) ) ;
#3677 = DIRECTION ( 'NONE',  ( -1.628286114644711700E-014, 0.05735267205980419000, -0.9983539808142203300 ) ) ;
#3678 = CARTESIAN_POINT ( 'NONE',  ( 1.136093022855828600, 0.2574995459696571300, 0.4705899132167175600 ) ) ;
#3679 = CARTESIAN_POINT ( 'NONE',  ( 0.7045882910258645100, 0.4860057149619950200, -0.3564172559515065800 ) ) ;
#3680 = CARTESIAN_POINT ( 'NONE',  ( 0.7177407744974320100, 1.650116179991660200, -0.3268360418015858700 ) ) ;
#3681 = CARTESIAN_POINT ( 'NONE',  ( 1.044260491328596000, -1.523541471340525800, 0.6493608992126164200 ) ) ;
#3682 = CARTESIAN_POINT ( 'NONE',  ( 0.6868422850148486700, -1.658139419388036100, 0.3773358421112500400 ) ) ;
#3683 = CARTESIAN_POINT ( 'NONE',  ( -0.8159237824485859900, 0.2285318707423497400, 0.9206657266975596400 ) ) ;
#3684 = CARTESIAN_POINT ( 'NONE',  ( 1.208496597305608800, -2.070686606881923200, 0.1860211147483855600 ) ) ;
#3685 = CARTESIAN_POINT ( 'NONE',  ( 0.1965736866116329400, 1.788518547648237300, 0.7646862638725663300 ) ) ;
#3686 = CARTESIAN_POINT ( 'NONE',  ( -1.051622339515099400, -2.499999999999998700, -0.2311013303411763000 ) ) ;
#3687 = CARTESIAN_POINT ( 'NONE',  ( -0.07407344058624107400, -2.346466345490992600, -1.227980795290880800 ) ) ;
#3688 = CARTESIAN_POINT ( 'NONE',  ( 0.04664549440941367200, 1.767092614092346200, 1.229248557015493600 ) ) ;
#3689 = CARTESIAN_POINT ( 'NONE',  ( -0.2003143261477358700, -1.308958059926650800, -1.213270992236074900 ) ) ;
#3690 = CARTESIAN_POINT ( 'NONE',  ( -0.9245476424500809200, -1.244582778888515100, -0.8107975517130284700 ) ) ;
#3691 = CARTESIAN_POINT ( 'NONE',  ( -0.7325325339570328800, 0.7005860733313736800, -0.2947479409807369800 ) ) ;
#3692 = CARTESIAN_POINT ( 'NONE',  ( -0.6698812358309660400, 0.5364231322013020000, -0.4165928773177682800 ) ) ;
#3693 = CARTESIAN_POINT ( 'NONE',  ( 1.142900153405032500, 2.524307092542947800, -0.4385400729602656500 ) ) ;
#3694 = CARTESIAN_POINT ( 'NONE',  ( 0.1618663846568468600, 0.3143280221166254200, 0.7728457482084186700 ) ) ;
#3695 = CARTESIAN_POINT ( 'NONE',  ( 0.6403487270619833100, 1.663985992697502900, -0.4576134001716492500 ) ) ;
#3696 = CARTESIAN_POINT ( 'NONE',  ( 0.8406176375655406400, -1.394792146173208500, -0.8975113652285557900 ) ) ;
#3697 = CARTESIAN_POINT ( 'NONE',  ( -0.7640235055958949400, -1.824675320717370500, 0.2047193222718904100 ) ) ;
#3698 = CARTESIAN_POINT ( 'NONE',  ( -0.6781192855158781900, 0.05686545081390615600, -1.026405135250276100 ) ) ;
#3699 = CARTESIAN_POINT ( 'NONE',  ( -0.8718725604645808400, -2.771999999697857900, -0.8718716623655916600 ) ) ;
#3700 = CARTESIAN_POINT ( 'NONE',  ( 0.6797624990084262200, 1.273531080392100100, 0.4016849878141770000 ) ) ;
#3701 = CARTESIAN_POINT ( 'NONE',  ( -1.050119812690362600, -2.500000000000001800, -0.1489343694548485900 ) ) ;
#3702 = CARTESIAN_POINT ( 'NONE',  ( -0.9468927960813790000, -1.681258715505467700, -0.7853673469155300100 ) ) ;
#3703 = CARTESIAN_POINT ( 'NONE',  ( 0.8934404109184608300, 1.981676027755660400, -0.8455687376249785300 ) ) ;
#3704 = CARTESIAN_POINT ( 'NONE',  ( -0.1205265572642740700, -0.4506244747482301400, 1.223782262019944800 ) ) ;
#3705 = CARTESIAN_POINT ( 'NONE',  ( 0.04023867200969395700, -0.1502087576831190300, -1.229040584142548700 ) ) ;
#3706 = CARTESIAN_POINT ( 'NONE',  ( -0.4319462736436344200, 0.8293504471479085100, 0.6609949321139986200 ) ) ;
#3707 = AXIS2_PLACEMENT_3D ( 'NONE', #2907, #3263, #2610 ) ;
#3708 = CARTESIAN_POINT ( 'NONE',  ( 0.1029254385722153200, 0.4291485409639419500, -0.7821282459282201700 ) ) ;
#3709 = CARTESIAN_POINT ( 'NONE',  ( 1.203259269472223300, 2.485874035919222200, 0.2458916298149168000 ) ) ;
#3710 =( BOUNDED_CURVE ( )  B_SPLINE_CURVE ( 3, ( #3981, #2153, #3596, #2408 ),
 .UNSPECIFIED., .F., .F. ) 
 B_SPLINE_CURVE_WITH_KNOTS ( ( 4, 4 ),
 ( 0.5000000000000001100, 1.000000000000000000 ),
 .UNSPECIFIED. ) 
 CURVE ( )  GEOMETRIC_REPRESENTATION_ITEM ( )  RATIONAL_B_SPLINE_CURVE ( ( 0.9999999999999998900, 0.3333333333333333700, 0.3333333333333335400, 1.000000000000000000 ) ) 
 REPRESENTATION_ITEM ( '' )  );
#3711 = CARTESIAN_POINT ( 'NONE',  ( 0.6052723471583163500, 0.5074567751802349100, -0.5070803536306195400 ) ) ;
#3712 = CARTESIAN_POINT ( 'NONE',  ( 0.7776059535743221600, 2.048552464297536300, 0.1222832326726273300 ) ) ;
#3713 = CARTESIAN_POINT ( 'NONE',  ( -3.473398348951371600E-011, -1.030000000002639900, 1.229708064287341300 ) ) ;
#3714 = CARTESIAN_POINT ( 'NONE',  ( -0.7909840390914720800, -2.280008661793254900, 5.033260167737496100E-007 ) ) ;
#3715 = CARTESIAN_POINT ( 'NONE',  ( -1.068573251774083100, 0.7864497614462154800, 0.6095588420866452400 ) ) ;
#3716 = CARTESIAN_POINT ( 'NONE',  ( 0.3191250568542408100, -2.151666708244711800, 1.190991643212850000 ) ) ;
#3717 = CARTESIAN_POINT ( 'NONE',  ( 1.106086476732448100, -0.4860322662413246200, 0.5383238473180165200 ) ) ;
#3718 = CARTESIAN_POINT ( 'NONE',  ( 1.145102821252941900, -2.499999999999999600, -0.4153150137757363700 ) ) ;
#3719 = CARTESIAN_POINT ( 'NONE',  ( 1.188748191080654100, -2.472712867743704900, -0.3448099303857639600 ) ) ;
#3720 = CARTESIAN_POINT ( 'NONE',  ( 1.219000000000000700, -2.060000000000000500, -4.256115602960911500E-015 ) ) ;
#3721 = CARTESIAN_POINT ( 'NONE',  ( 0.3182765988274959300, -0.1716672273690894300, -1.187801319991352000 ) ) ;
#3722 = CARTESIAN_POINT ( 'NONE',  ( 0.1618663846568468600, 0.3143280221166254200, 0.7728457482084186700 ) ) ;
#3723 = CARTESIAN_POINT ( 'NONE',  ( -0.4533300863079937600, 0.3508088199881984100, -0.6464346092772048600 ) ) ;
#3724 = CARTESIAN_POINT ( 'NONE',  ( -0.07738280380554565800, 0.4506105556600787400, -0.7850597333522053600 ) ) ;
#3725 = CARTESIAN_POINT ( 'NONE',  ( -0.6165025432195319100, 2.353333296371164200, 1.067813699918197100 ) ) ;
#3726 = CARTESIAN_POINT ( 'NONE',  ( -0.1965860471683366900, 0.2714252949406290000, 0.7647419985653508600 ) ) ;
#3727 = CARTESIAN_POINT ( 'NONE',  ( -1.190990920325257100, 2.261666665980228700, -0.3191250493027064600 ) ) ;
#3728 = CARTESIAN_POINT ( 'NONE',  ( -0.3952700781599617900, 0.4720829427892297400, -1.164439485753287800 ) ) ;
#3729 = CARTESIAN_POINT ( 'NONE',  ( -0.5593042121328519700, -1.788008584476241000, 0.5593040373145192800 ) ) ;
#3730 = CARTESIAN_POINT ( 'NONE',  ( 0.4705899132255828000, 0.7725004540311390900, 1.136093022850631600 ) ) ;
#3731 = CARTESIAN_POINT ( 'NONE',  ( 0.2947353715264800500, -2.389396461227165000, -0.7326188570886235100 ) ) ;
#3732 = CARTESIAN_POINT ( 'NONE',  ( 0.3191268781446096000, -2.588666708221524000, 1.190980364877901200 ) ) ;
#3733 = CARTESIAN_POINT ( 'NONE',  ( -1.068523053232980100, -0.7864497602990580000, -0.6095320043153267300 ) ) ;
#3734 = CARTESIAN_POINT ( 'NONE',  ( -0.8113744110310138200, -2.499999999999999600, -0.3725820399258917300 ) ) ;
#3735 = CARTESIAN_POINT ( 'NONE',  ( 0.006406354208181938200, -0.5868847521086273400, -1.230167664556717900 ) ) ;
#3736 = CARTESIAN_POINT ( 'NONE',  ( -0.8406176375675312700, -0.6652078538264586400, -0.8975113652245072500 ) ) ;
#3737 = CARTESIAN_POINT ( 'NONE',  ( 0.9995576333987873400, 0.2360410597120616800, 0.7162810793369905900 ) ) ;
#3738 = CARTESIAN_POINT ( 'NONE',  ( -0.5796874745158069300, 1.866874284353181100, 1.084501176293607900 ) ) ;
#3739 = CARTESIAN_POINT ( 'NONE',  ( -0.2947479409807811600, -0.3294139266686469900, 0.7325325339570393200 ) ) ;
#3740 = CARTESIAN_POINT ( 'NONE',  ( -0.6312206288563746400, 0.5010345000005271800, 0.4743061705153270900 ) ) ;
#3741 = CARTESIAN_POINT ( 'NONE',  ( -0.6258561278850702800, 1.115811045588103200, -0.4802017660166493800 ) ) ;
#3742 = CARTESIAN_POINT ( 'NONE',  ( 1.218999999999983700, 2.054131408587227500, 0.07636920537387900700 ) ) ;
#3743 = CARTESIAN_POINT ( 'NONE',  ( 0.5578044142444618100, -1.545028078414006200, 0.5578013360594020800 ) ) ;
#3744 = CARTESIAN_POINT ( 'NONE',  ( -0.8718657934764412200, 2.335000010137894900, 0.8718657529453414100 ) ) ;
#3745 = CARTESIAN_POINT ( 'NONE',  ( -1.229708064287333300, -2.632905100741331900E-012, -3.471319005552333700E-011 ) ) ;
#3746 = CARTESIAN_POINT ( 'NONE',  ( -0.6850047324765651300, -1.806342021371943900, 0.3954874546611063000 ) ) ;
#3747 = CARTESIAN_POINT ( 'NONE',  ( 0.7774470607051514600, 2.499999999999998700, 0.08328523196178447300 ) ) ;
#3748 = CARTESIAN_POINT ( 'NONE',  ( 1.219039036853557500, 1.620935344314440300, -0.002472286223432819700 ) ) ;
#3749 = CARTESIAN_POINT ( 'NONE',  ( -0.8538657440266306200, 2.662242462343593600, -0.8897972011675414600 ) ) ;
#3750 = CARTESIAN_POINT ( 'NONE',  ( 0.2730903719279136300, -1.494571777056658900, -1.199453275101638700 ) ) ;
#3751 = CARTESIAN_POINT ( 'NONE',  ( 0.03761297773285771800, -2.500000000000001300, -0.8091326715136842900 ) ) ;
#3752 = CARTESIAN_POINT ( 'NONE',  ( -1.220483189299248900, -1.016051496670357100, 0.1542169454719574700 ) ) ;
#3753 = CARTESIAN_POINT ( 'NONE',  ( -1.227061010064273400, -1.759583412644943000, 0.08042515280120780800 ) ) ;
#3754 = CARTESIAN_POINT ( 'NONE',  ( -1.219185301701685800, -0.6008340934597968800, -0.1605179022804488500 ) ) ;
#3755 = CARTESIAN_POINT ( 'NONE',  ( 0.7162810793158157500, 0.7939589402861043600, 0.9995576334111760900 ) ) ;
#3756 = CARTESIAN_POINT ( 'NONE',  ( 0.7045882910258645100, 0.4860057149619950200, -0.3564172559515065800 ) ) ;
#3757 = CARTESIAN_POINT ( 'NONE',  ( -0.7605298587752986600, 0.4151783267574383800, -0.2121368750471622800 ) ) ;
#3758 = CARTESIAN_POINT ( 'NONE',  ( 0.3191357952347539900, 2.151664971393430800, -1.190966106723250700 ) ) ;
#3759 = CARTESIAN_POINT ( 'NONE',  ( 0.7075302414502157000, -2.017496941973710500, -0.3478810623670476300 ) ) ;
#3760 = CARTESIAN_POINT ( 'NONE',  ( 1.219056427258391300, 2.056552212807550200, 0.08289839141901331200 ) ) ;
#3761 = CARTESIAN_POINT ( 'NONE',  ( -1.219185301701685800, -0.6008340934597968800, -0.1605179022804488500 ) ) ;
#3762 = CARTESIAN_POINT ( 'NONE',  ( 0.7836352620692547100, -2.501594243139273000, 0.03409514102385753600 ) ) ;
#3763 = CARTESIAN_POINT ( 'NONE',  ( -0.2855834469308511900, 1.451657017877260500, 1.196578176257407900 ) ) ;
#3764 = CARTESIAN_POINT ( 'NONE',  ( -1.219000000000000100, 2.500000000000000000, -1.219000002030445000 ) ) ;
#3765 = CARTESIAN_POINT ( 'NONE',  ( 0.5392182233338487200, 1.394749852411443000, 0.5758009841979766500 ) ) ;
#3766 = CARTESIAN_POINT ( 'NONE',  ( -0.5742223989119789000, -0.6362401905501000600, 1.087882369903996800 ) ) ;
#3767 = CARTESIAN_POINT ( 'NONE',  ( -0.5670720243048436000, -2.499999999999997300, -0.6375583824004155100 ) ) ;
#3768 = CARTESIAN_POINT ( 'NONE',  ( -0.5383473391836265400, -0.5439677339524806600, -1.106138326408734100 ) ) ;
#3769 = CARTESIAN_POINT ( 'NONE',  ( -0.6831815811807694400, -1.673749336112126300, 1.022467019795990900 ) ) ;
#3770 = CARTESIAN_POINT ( 'NONE',  ( -0.08042515269639924400, -0.7295834126027167500, -1.227061010144732800 ) ) ;
#3771 = CARTESIAN_POINT ( 'NONE',  ( -0.9755813789847207500, 1.115833176471001700, -0.7485916255370419500 ) ) ;
#3772 = CARTESIAN_POINT ( 'NONE',  ( -0.4664743867587370900, 1.237058087778834400, -0.6370999716362437700 ) ) ;
#3773 = CARTESIAN_POINT ( 'NONE',  ( 0.09505789308455035700, 1.187680046814758800, 0.7838048828374526400 ) ) ;
#3774 = CARTESIAN_POINT ( 'NONE',  ( 0.7718473646410049000, 2.485227161265167100, 0.1569461391087299500 ) ) ;
#3775 = CARTESIAN_POINT ( 'NONE',  ( -0.6831937410711709200, 1.716649210919023200, -0.3943863135731775500 ) ) ;
#3776 = CARTESIAN_POINT ( 'NONE',  ( -0.3018321330805731600, -1.287541556142574000, -0.7288337013492258700 ) ) ;
#3777 = CARTESIAN_POINT ( 'NONE',  ( 0.8507709100056443100, 2.116502539559191700, -0.8878286714432068700 ) ) ;
#3778 = CARTESIAN_POINT ( 'NONE',  ( -0.7485916255371006800, 0.08583317647099637800, 0.9755813789846820000 ) ) ;
#3779 = CARTESIAN_POINT ( 'NONE',  ( 0.3955079208767746700, -2.863668925974091300, -0.6849908891294072000 ) ) ;
#3780 = CARTESIAN_POINT ( 'NONE',  ( 0.03385488924956286300, -1.466704012644588700, 0.7889028105679256600 ) ) ;
#3781 = CARTESIAN_POINT ( 'NONE',  ( 0.6384585776111353400, 2.570591646753037200, -1.055337412405730200 ) ) ;
#3782 = CARTESIAN_POINT ( 'NONE',  ( -0.006403857385546652500, -1.473115778146133300, -1.230105027253324900 ) ) ;
#3783 = CARTESIAN_POINT ( 'NONE',  ( 0.1835348763327835900, -2.500000000000000400, -0.7846898985306304300 ) ) ;
#3784 = CARTESIAN_POINT ( 'NONE',  ( 0.03385271249629894600, -1.466675934234880100, 1.229736525430221900 ) ) ;
#3785 = CARTESIAN_POINT ( 'NONE',  ( 1.164439485758842500, -1.502082942787644500, 0.3952700781400859100 ) ) ;
#3786 = CARTESIAN_POINT ( 'NONE',  ( -0.04023864897806436100, 1.909791061815504500, 1.229042911325850800 ) ) ;
#3787 = CARTESIAN_POINT ( 'NONE',  ( -0.4705899132166611000, 1.287499545969662100, 1.136093022855848100 ) ) ;
#3788 = CARTESIAN_POINT ( 'NONE',  ( 0.7820000003448878100, -2.060017323587906500, -1.163102699458413900E-006 ) ) ;
#3789 = CARTESIAN_POINT ( 'NONE',  ( 0.7417531377282248200, 0.1791344308972347700, -0.2705432648047396700 ) ) ;
#3790 = ADVANCED_FACE ( 'NONE', ( #824 ), #3496, .F. ) ;
#3791 = CARTESIAN_POINT ( 'NONE',  ( -0.7640317918050120200, -2.261675320631184600, 0.2047222210818332200 ) ) ;
#3792 = CARTESIAN_POINT ( 'NONE',  ( -0.6215709839428271700, 1.387241450860472200, 0.4869928963248966700 ) ) ;
#3793 = CARTESIAN_POINT ( 'NONE',  ( 1.133493067586246200, 2.472601537442110000, 0.4677338647063621900 ) ) ;
#3794 = CARTESIAN_POINT ( 'NONE',  ( -0.3952700781401099500, -0.4720829427876435700, 1.164439485758826700 ) ) ;
#3795 = CARTESIAN_POINT ( 'NONE',  ( 0.7820000000000000300, -2.936999999999999400, 0.0000000000000000000 ) ) ;
#3796 = CARTESIAN_POINT ( 'NONE',  ( 0.7593618460270296100, -2.472727465447868600, -0.2294823941231911300 ) ) ;
#3797 = CARTESIAN_POINT ( 'NONE',  ( 0.02540516443347379600, 2.607243673351961300, -1.232976699958657100 ) ) ;
#3798 = CARTESIAN_POINT ( 'NONE',  ( 1.224816661789805300, 0.1362594389087933300, 0.1142010897282624600 ) ) ;
#3799 = CARTESIAN_POINT ( 'NONE',  ( 0.2615292121134568700, -2.500000000000001800, -0.7561333582037667000 ) ) ;
#3800 = CARTESIAN_POINT ( 'NONE',  ( 1.199485926783844200, 0.4645737484807859200, -0.2731042426761301500 ) ) ;
#3801 = CARTESIAN_POINT ( 'NONE',  ( 1.187801319993479200, -0.8583327726321368100, -0.3182765988111604400 ) ) ;
#3802 = CARTESIAN_POINT ( 'NONE',  ( -0.7801092823900649400, 1.094374647304460900, -0.9505710321984153200 ) ) ;
#3803 = CARTESIAN_POINT ( 'NONE',  ( -1.190990926148278100, -2.261666666680950000, 0.3191250571005656000 ) ) ;
#3804 = CC_DESIGN_APPROVAL ( #1865, ( #1306 ) ) ;
#3805 = CARTESIAN_POINT ( 'NONE',  ( -0.7647419984108617700, 1.301425294954232900, -0.1965860469132753900 ) ) ;
#3806 = CARTESIAN_POINT ( 'NONE',  ( 0.5881429931576363000, 2.432200373114701300, 0.5262383191595576500 ) ) ;
#3807 = CARTESIAN_POINT ( 'NONE',  ( 0.7075321290329715800, 2.017440784403369000, 0.3478771822990738800 ) ) ;
#3808 = CARTESIAN_POINT ( 'NONE',  ( -0.6412610863178597200, -1.823973567544612500, -0.4594512213797267200 ) ) ;
#3809 = CARTESIAN_POINT ( 'NONE',  ( 0.7389895365132369600, 2.500000000000000400, 0.9596244673835842000 ) ) ;
#3810 = CARTESIAN_POINT ( 'NONE',  ( 0.2778952660025315000, -0.4077331554480775900, 0.7383066083379672400 ) ) ;
#3811 = CARTESIAN_POINT ( 'NONE',  ( 0.7159142649702143800, -0.6942175431824220100, -0.3331210013563983300 ) ) ;
#3812 = CARTESIAN_POINT ( 'NONE',  ( -1.232956259395974400, 2.717242486416149300, -0.02540761588986195600 ) ) ;
#3813 = CALENDAR_DATE ( 2025, 20, 3 ) ;
#3814 = CARTESIAN_POINT ( 'NONE',  ( -1.227081334746408200, -0.1426995538344940400, 0.08683616903935426100 ) ) ;
#3815 = CARTESIAN_POINT ( 'NONE',  ( -1.187801319991358200, -1.201667227369093400, -0.3182765988274967600 ) ) ;
#3816 = CARTESIAN_POINT ( 'NONE',  ( 1.230167664556708100, 0.4431152478913796300, 0.006406354208108763200 ) ) ;
#3817 = ADVANCED_FACE ( 'NONE', ( #603 ), #764, .T. ) ;
#3818 = CARTESIAN_POINT ( 'NONE',  ( 0.8107975516650075500, 0.2145827788835834600, 0.9245476424938381400 ) ) ;
#3819 = CARTESIAN_POINT ( 'NONE',  ( -0.4331610121511816900, 1.652291346042017900, -1.150892356813155500 ) ) ;
#3820 = CARTESIAN_POINT ( 'NONE',  ( 1.129402089053771300, -2.472497047666052200, -0.4678645792929072600 ) ) ;
#3821 = CARTESIAN_POINT ( 'NONE',  ( -0.6052298386755905500, 1.552487068760061800, -0.5070422442860173000 ) ) ;
#3822 = CARTESIAN_POINT ( 'NONE',  ( -0.7909840431297529000, 2.279952441728904300, 2.763552177977159400E-006 ) ) ;
#3823 = CARTESIAN_POINT ( 'NONE',  ( 0.6831937410584638700, -0.3433507890527614000, 0.3943863135581653900 ) ) ;
#3824 = CARTESIAN_POINT ( 'NONE',  ( -0.5008458211582348400, 2.500000000000001300, 1.055560498839134700 ) ) ;
#3825 = CARTESIAN_POINT ( 'NONE',  ( -0.1539358029858247700, -0.1287696962993239400, -0.7736894268979801500 ) ) ;
#3826 = CARTESIAN_POINT ( 'NONE',  ( 0.2705610333971763000, -1.209190589521723000, -0.7418073894718639800 ) ) ;
#3827 = CARTESIAN_POINT ( 'NONE',  ( -0.1801706293608214800, 2.625527354020948900, -0.7705575841503929900 ) ) ;
#3828 = CARTESIAN_POINT ( 'NONE',  ( -1.117843601061536500, 0.4795921432019790200, 0.5135099816139746500 ) ) ;
#3829 = CARTESIAN_POINT ( 'NONE',  ( 1.164439485758842500, -1.502082942787644500, 0.3952700781400859100 ) ) ;
#3830 = CARTESIAN_POINT ( 'NONE',  ( -0.4393228359072548500, 0.8508235571309069600, 1.149065046145555800 ) ) ;
#3831 = CARTESIAN_POINT ( 'NONE',  ( 0.04023867200969395700, -0.1502087576831190300, -1.229040584142548700 ) ) ;
#3832 = CARTESIAN_POINT ( 'NONE',  ( 0.6493608992125299300, 1.566458528659486100, -1.044260491328629500 ) ) ;
#3833 = CARTESIAN_POINT ( 'NONE',  ( 1.219000000000000700, -2.060000000000000500, -4.251167974598269000E-015 ) ) ;
#3834 = CARTESIAN_POINT ( 'NONE',  ( 0.4453212078511473200, 2.003099151785926200, -0.6519775382175935200 ) ) ;
#3835 = ADVANCED_FACE ( 'NONE', ( #998 ), #4014, .F. ) ;
#3836 = CARTESIAN_POINT ( 'NONE',  ( 0.6868419385135048300, -2.095139419450192400, 0.3767124958672887200 ) ) ;
#3837 = CARTESIAN_POINT ( 'NONE',  ( 0.7820000017367364500, 2.062497289315210500, -0.04415032899703032900 ) ) ;
#3838 = CARTESIAN_POINT ( 'NONE',  ( -0.6097617274596682800, 0.06435849521547278000, 0.5004862537460342800 ) ) ;
#3839 = CARTESIAN_POINT ( 'NONE',  ( 1.203259269472223300, 2.485874035919222200, 0.2458916298149168000 ) ) ;
#3840 = CARTESIAN_POINT ( 'NONE',  ( 0.3489604620968018200, -0.9870976311522016200, 0.7074825312570697200 ) ) ;
#3841 = CARTESIAN_POINT ( 'NONE',  ( 0.3095874144437963900, -0.8444090906535444100, 0.7264064860240651000 ) ) ;
#3842 = CARTESIAN_POINT ( 'NONE',  ( -0.5413121344219966600, 2.662194826425649600, -0.5772397337406882700 ) ) ;
#3843 = CARTESIAN_POINT ( 'NONE',  ( -1.136093021631525300, -1.802500454470457900, -0.4705899113579885000 ) ) ;
#3844 = CARTESIAN_POINT ( 'NONE',  ( -0.3122013529441070600, 0.6147816523781618500, -1.189917604720588400 ) ) ;
#3845 = CARTESIAN_POINT ( 'NONE',  ( 0.3182765988274959300, -0.1716672273690894300, -1.187801319991352000 ) ) ;
#3846 = CARTESIAN_POINT ( 'NONE',  ( 1.219185301701689600, 1.459165906540214300, 0.1605179022803303600 ) ) ;
#3847 = CARTESIAN_POINT ( 'NONE',  ( 1.172269647120608000, -2.043136716662033800, -0.3416763641362988200 ) ) ;
#3848 = CARTESIAN_POINT ( 'NONE',  ( 0.5070284249499960000, -1.537528200281949900, -0.6054043954561568700 ) ) ;
#3849 = CARTESIAN_POINT ( 'NONE',  ( -0.7417531410232833800, 2.239134436798261100, 0.2705432709215228600 ) ) ;
#3850 = CARTESIAN_POINT ( 'NONE',  ( -0.4594512098476449300, 1.266026407204639400, 0.6412610925163199100 ) ) ;
#3851 = CARTESIAN_POINT ( 'NONE',  ( 0.07738280380548792600, -1.609389444340093300, 0.7850597333521928100 ) ) ;
#3852 = CARTESIAN_POINT ( 'NONE',  ( -0.9995576373380594700, -1.823958938889608000, -0.7162810875603673500 ) ) ;
#3853 = CARTESIAN_POINT ( 'NONE',  ( -0.5392182233338053100, -0.6652501475885592700, -0.5758009841980349400 ) ) ;
#3854 = CARTESIAN_POINT ( 'NONE',  ( 0.7902635435285381100, 2.499999999999999100, 0.9193158145000354100 ) ) ;
#3855 = CARTESIAN_POINT ( 'NONE',  ( -0.6258534782177858100, -1.115867202415828900, 0.4802052199692981600 ) ) ;
#3856 = CARTESIAN_POINT ( 'NONE',  ( -0.3734664843314336500, 2.643861901736084700, -0.6976737524823430900 ) ) ;
#3857 =( BOUNDED_SURFACE ( )  B_SPLINE_SURFACE ( 3, 3, ( 
 ( #1832, #1177, #3322, #4385, #2963, #2230, #3675, #1848, #2216, #1532, #3291, #4370, #2577, #1115, #1145, #1877, #1518, #449, #1488, #4011, #419, #67, #2919, #4355, #3275, #3659, #762, #2933, #3307, #1503, #1162, #4027, #387, #1863, #2592, #434, #3689, #4060, #2948, #792, #4045, #2560, #4399, #2246, #40, #2903, #84, #22, #3625, #1130, #403, #807, #1893, #4413, #744, #2545, #2200, #1472, #3996, #825, #3337, #1193, #4448, #3770, #1580, #465, #4124, #1595, #114, #3754, #2637, #1610, #131, #858, #4108, #4074, #3704, #4464, #2292, #1548, #149, #2654, #2978, #2622, #3369, #1959, #2670, #3027, #4481, #3721, #4139, #2324, #481, #532, #1241, #1909, #2992, #498, #1943, #1224, #1975, #2308, #4430, #840, #3043, #1927, #515, #877, #3737, #165, #2689, #894, #3406, #1258, #2261, #3009, #1563, #3388, #100, #2276, #3354, #4091, #1207, #2721, #609, #228, #1626, #1682, #4154, #969, #3115, #4182, #2764, #2024, #3470, #1642, #2009, #1332, #3090, #4170, #4529, #910, #943, #1670, #1319, #241, #3439, #1290, #3802, #4542, #564, #1992, #3075, #3453, #926, #2372, #3103, #214, #957, #580, #180, #2736, #2387, #1304, #3481, #3846, #1654, #2751, #593, #2356, #3832, #4195, #4514, #2704, #3819, #4497, #3423, #2038, #196, #4556, #2402, #4208, #547, #2339, #3058, #1274, #3786, #620, #1046, #4239, #3558, #1376, #256, #3910, #1393 ),
 ( #3894, #3863, #3495, #4254, #2081, #3129, #4612, #4597, #2776, #2415, #3159, #3542, #2462, #2820, #1747, #3510, #1409, #2113, #2430, #318, #1030, #982, #272, #287, #1730, #649, #3927, #2097, #1345, #2789, #2835, #1713, #301, #664, #3526, #4270, #4627, #2479, #679, #3193, #1763, #2445, #1361, #2804, #2050, #4567, #1696, #3879, #4224, #634, #2066, #3175, #4580, #3143, #999, #1014, #2914, #3973, #2555, #1811, #3255, #1438, #1797, #1125, #2884, #3958, #4319, #695, #725, #1467, #1110, #34, #3224, #1079, #3590, #4334, #2511, #3942, #2870, #3240, #350, #2161, #2898, #1, #739, #366, #4643, #2526, #2179, #1094, #757, #3637, #1453, #17, #382, #2147, #2540, #3620, #4304, #2494, #3604, #4287, #3209, #710, #4660, #3991, #1827, #4350, #335, #3270, #1782, #2195, #398, #1483, #4006, #2130, #2855, #1063, #3574, #1424, #3698, #1187, #4379, #3331, #2224, #3347, #4393, #443, #3683, #3653, #3285, #4054, #4038, #414, #4407, #1871, #2571, #2211, #2957, #1541, #2255, #2616, #4068, #3301, #1201, #1903, #61, #108, #818, #2928, #2585, #77, #1171, #801, #3715, #1887, #49, #428, #2631, #1512, #1526, #94, #3317, #4422, #2270, #475, #2986, #834, #1557, #2240, #1155, #2602, #1843, #4365, #773, #3668, #1139, #2942, #1496, #459, #4021, #1857, #786, #2972, #2715, #3763, #2349, #1604, #3052, #1235, #1589, #920, #2682, #3748, #4118 ),
 ( #1953, #4474, #3796, #2318, #159, #190, #3731, #4084, #526, #1937, #1968, #1920, #1620, #1283, #1574, #3037, #4133, #3433, #887, #3399, #1252, #4491, #558, #2286, #4441, #2333, #904, #4507, #174, #3069, #2698, #125, #3382, #541, #1267, #851, #2664, #2648, #1217, #3416, #4148, #4102, #4458, #492, #3363, #2302, #142, #3002, #1985, #3780, #508, #3021, #870, #587, #4202, #1312, #2395, #4164, #3447, #601, #3462, #3826, #2730, #1677, #1327, #574, #2366, #4550, #234, #1636, #1663, #4536, #207, #1298, #3097, #951, #4189, #936, #3841, #4176, #2003, #2744, #4523, #3084, #2032, #3811, #2758, #1648, #2018, #2381, #222, #3109, #963, #3475, #4110, #2672, #2609, #2656, #1226, #483, #2294, #151, #3739, #3390, #4432, #1566, #1929, #2278, #3012, #518, #4062, #2624, #1896, #1961, #1945, #1180, #1582, #3355, #3339, #4466, #2310, #1597, #117, #1911, #4076, #1208, #3029, #879, #2639, #2993, #2326, #842, #3722, #1244, #2263, #451, #4094, #467, #500, #2965, #3756, #4483, #102, #4450, #133, #809, #860, #3371, #4126, #3324, #3691, #1534, #4415, #2980, #827, #1195, #3706, #1551, #2723, #167, #4157, #3077, #2087, #1613, #3425, #3532, #1977, #928, #2451, #2341, #2706, #4260, #4141, #182, #4499, #3772, #2810, #2359, #3805, #640, #2102, #1292, #4618, #2435, #4244, #3045, #3060, #293, #2072, #2795, #550, #2692, #1382, #912, #1276 ),
 ( #3788, #3441, #1702, #4230, #1628, #1020, #1994, #3899, #199, #655, #1736, #4516, #1719, #4587, #3149, #534, #278, #896, #4603, #3165, #1005, #3408, #1260, #566, #3517, #1367, #3885, #413, #1029, #2438, #1326, #2031, #4574, #2394, #3124, #2783, #4175, #2743, #2017, #2075, #4217, #1297, #1339, #3474, #3461, #3855, #1690, #1705, #4549, #233, #4188, #3840, #2060, #628, #2757, #600, #2728, #3108, #962, #991, #2380, #572, #1676, #586, #615, #3082, #265, #4590, #221, #4201, #249, #933, #2044, #4562, #2410, #976, #1354, #3446, #3810, #2770, #2424, #3137, #3489, #3504, #3872, #1647, #4233, #4535, #3096, #950, #1311, #3825, #1662, #3185, #2502, #2454, #2813, #4311, #1723, #296, #4247, #3888, #2863, #2470, #3918, #687, #2154, #1401, #4666, #2487, #4296, #3152, #3168, #342, #2122, #2845, #2090, #281, #1431, #4606, #658, #3935, #2139, #2798, #326, #2104, #3520, #1023, #1037, #1755, #4278, #3535, #1071, #3902, #3582, #309, #702, #3949, #1385, #1773, #3550, #3201, #643, #4635, #1789, #4652, #3216, #1055, #1008, #1370, #1738, #3566, #1417, #2828, #4262, #4620, #672, #405, #1460, #374, #1117, #2890, #2547, #1474, #1086, #3965, #3597, #2562, #3261, #717, #2905, #3610, #2169, #746, #3628, #42, #732, #3247, #2532, #3982, #3998, #1834, #1102, #1818, #2518, #4341, #2187, #4357, #1804, #356, #25, #8, #389, #2877, #2202 ),
 ( #3231, #1445, #4326, #2115, #1684, #3848, #2083, #303, #3912, #4599, #1749, #1363, #3483, #2791, #1715, #666, #258, #2068, #4629, #622, #4241, #1032, #983, #1347, #2837, #2777, #3497, #3130, #2417, #1395, #1001, #2447, #3896, #681, #289, #3195, #1016, #2822, #4210, #1698, #3544, #651, #1378, #3866, #1334, #2481, #4226, #4583, #2464, #3177, #2052, #3528, #636, #4568, #2432, #2806, #3161, #1732, #274, #4272, #3145, #320, #3512, #3881, #4256, #2099, #4614, #3960, #3975, #759, #2886, #36, #2542, #384, #1813, #2900, #1112, #1048, #1096, #4336, #3592, #727, #3257, #2181, #3560, #4321, #352, #741, #712, #1455, #3622, #2496, #1065, #337, #400, #1469, #4289, #19, #1799, #1784, #3993, #1829, #2557, #2872, #3226, #2513, #2163, #4352, #2197, #1081, #1440, #1411, #3, #2528, #2916, #697, #3929, #368, #3576, #3606, #1765, #2132, #4645, #3211, #3242, #2857, #1426, #3944, #4306, #2149, #4662, #1905, #1485, #3639, #1873, #96, #3700, #4395, #1543, #1157, #3272, #2587, #1514, #461, #51, #1859, #4425, #416, #4040, #820, #775, #1141, #2633, #2573, #3287, #2930, #2213, #1189, #788, #2242, #3685, #477, #79, #2988, #803, #2618, #4008, #1498, #3333, #445, #1173, #3655, #1127, #2272, #4023, #4381, #2257, #2974, #1845, #3318, #430, #4367, #2226, #2604, #2958, #1528, #63, #4070, #2944, #110, #3303, #3670, #4056, #1889, #4409 ),
 ( #3054, #543, #906, #3419, #176, #3023, #145, #3750, #3782, #2717, #560, #2666, #3384, #510, #4120, #3039, #2650, #836, #494, #1988, #4150, #528, #1622, #890, #4493, #872, #1237, #2352, #1955, #1591, #4476, #1923, #2320, #2700, #2335, #1270, #4460, #2304, #161, #3402, #3733, #3004, #4104, #2684, #1576, #1254, #4135, #3766, #1971, #1606, #1203, #4510, #192, #3349, #3717, #1559, #4087, #4444, #2288, #3365, #127, #853, #1220, #1939, #1314, #3071, #2005, #1300, #3086, #3908, #3814, #3191, #1286, #2128, #2732, #3111, #953, #2760, #938, #4641, #589, #2492, #2397, #3798, #315, #2477, #3449, #4626, #1650, #333, #3465, #1666, #237, #210, #4525, #604, #3098, #1638, #965, #3828, #4166, #3435, #4191, #2834, #3477, #1744, #677, #4538, #2852, #1043, #4178, #1407, #2110, #2368, #2020, #2034, #1391, #4552, #922, #4268, #576, #2383, #3924, #2747, #3556, #1761, #4285, #224, #2912, #396, #754, #3268, #32, #2882, #4671, #3602, #3634, #2569, #412, #2524, #3238, #362, #3970, #2896, #2509, #693, #348, #1841, #4003, #380, #1481, #737, #4348, #723, #1092, #2209, #1809, #1451, #4332, #1779, #2177, #2553, #2193, #1123, #4317, #2159, #14, #3253, #3588, #2868, #3956, #2538, #1436, #1108, #3989, #3618, #1824, #1465, #1061, #4363, #47, #3207, #3572, #1422, #3940, #4302, #2145, #3222, #4658, #708, #1077, #1795, #1169, #2926, #1855 ),
 ( #1917, #2583, #2970, #799, #2614, #2940, #4438, #441, #2283, #2253, #1137, #106, #2268, #784, #4420, #3299, #122, #3315, #1524, #92, #59, #4377, #457, #2955, #1494, #816, #3681, #3651, #3283, #4052, #2629, #3329, #3696, #473, #4391, #2645, #2984, #1152, #1199, #1901, #4019, #3666, #1885, #1185, #4405, #771, #1539, #2222, #1509, #3713, #2600, #4066, #832, #3345, #1555, #4082, #426, #4036, #1869, #2238, #75, #4471, #3396, #3431, #2364, #205, #2315, #3035, #156, #3761, #2696, #2299, #489, #139, #1634, #3794, #172, #1281, #539, #4146, #2679, #523, #2000, #1602, #884, #1249, #1571, #4131, #2347, #1983, #918, #4115, #1950, #1966, #3050, #3379, #2661, #3745, #4489, #1232, #2331, #3778, #902, #1618, #3414, #848, #1265, #4505, #188, #4162, #4521, #2713, #556, #3066, #3018, #2999, #3360, #505, #1214, #3728, #4099, #1934, #1587, #867, #4455, #3059, #4449, #565, #1225, #1611, #4125, #1259, #1581, #3076, #3755, #927, #895, #2293, #3424, #911, #4109, #1275, #1944, #3440, #1960, #166, #3407, #3370, #3010, #3771, #1596, #132, #4140, #4482, #2655, #1928, #2690, #3787, #1976, #2340, #1627, #3028, #1291, #4155, #4465, #4515, #548, #499, #2309, #2325, #4498, #533, #1564, #181, #859, #150, #2357, #1242, #2705, #1993, #3044, #197, #2722, #4092, #3738, #2671, #516, #878, #3389, #2039, #2067, #1000, #3511, #958, #1671 ) ),
 .UNSPECIFIED., .T., .F., .F. ) 
 B_SPLINE_SURFACE_WITH_KNOTS ( ( 4, 3, 4 ),
 ( 4, 1, 1, 1, 1, 1, 1, 1, 1, 1, 1, 1, 1, 1, 1, 1, 1, 1, 1, 1, 1, 1, 1, 1, 1, 1, 1, 1, 1, 1, 1, 1, 1, 1, 1, 1, 1, 1, 1, 1, 1, 1, 1, 1, 1, 1, 1, 1, 1, 1, 1, 1, 1, 1, 1, 1, 1, 1, 1, 1, 1, 1, 1, 1, 1, 1, 1, 1, 1, 1, 1, 1, 1, 1, 1, 1, 1, 1, 1, 1, 1, 1, 1, 1, 1, 1, 1, 1, 1, 1, 1, 1, 1, 1, 1, 1, 1, 1, 1, 1, 1, 1, 1, 1, 1, 1, 1, 1, 1, 1, 1, 1, 1, 1, 1, 1, 1, 1, 1, 1, 1, 1, 1, 1, 1, 1, 1, 1, 1, 1, 1, 1, 1, 1, 1, 1, 1, 1, 1, 1, 1, 1, 1, 1, 1, 1, 1, 1, 1, 1, 1, 1, 1, 1, 1, 1, 1, 1, 1, 1, 1, 1, 1, 1, 1, 1, 1, 1, 1, 1, 1, 1, 1, 1, 1, 1, 1, 1, 1, 1, 1, 1, 1, 1, 1, 1, 1, 1, 1, 1, 1, 1, 4 ),
 ( 0.0000000000000000000, 0.5000000000000000000, 1.000000000000000000 ),
 ( 0.0000000000000000000, 0.005208851659441637200, 0.01041690951606768200, 0.01562538916034818600, 0.02083337273892411900, 0.02604139099910195500, 0.03124940158143988900, 0.03645752905059201900, 0.04166586087781853900, 0.04687447224936534800, 0.05208336789322275800, 0.05729204391634482700, 0.06250042526690541300, 0.06770858711751791300, 0.07291661659047797600, 0.07812460764471305900, 0.08333265622714758300, 0.08854085532161350100, 0.09374929004155721500, 0.09895803276482567600, 0.1041669002305377300, 0.1093754503388006500, 0.1145837340718805500, 0.1197918320298004500, 0.1249998346368247400, 0.1302078372446655600, 0.1354159352048116800, 0.1406242189408585000, 0.1458327690517221000, 0.1510416365181620200, 0.1562503792397705600, 0.1614588139567868500, 0.1666670130485285700, 0.1718750616290778400, 0.1770830526837117200, 0.1822910821560668500, 0.1874992440167551300, 0.1927076253443534000, 0.1979163014495511100, 0.2031251968833324200, 0.2083338087327634700, 0.2135421396928474700, 0.2187502678160196100, 0.2239582819519105300, 0.2291662768604117200, 0.2343743482877161700, 0.2395825880361720200, 0.2447910790588610800, 0.2499998906095332600, 0.2552087021589879400, 0.2604171931788942200, 0.2656254329244563400, 0.2708335043497772100, 0.2760414992577849300, 0.2812495133948065300, 0.2864576415204206900, 0.2916659724835009600, 0.2968745843352871800, 0.3020834797693120500, 0.3072921558724641700, 0.3125005371970848200, 0.3177086990551455400, 0.3229167285260682900, 0.3281247195808672500, 0.3333327681631342300, 0.3385409672576552600, 0.3437494019775790800, 0.3489581447008549600, 0.3541670121665641500, 0.3593755622748279800, 0.3645838460079075500, 0.3697919439658274900, 0.3749999465728517900, 0.3802079491806925600, 0.3854160471408386600, 0.3906243308768854700, 0.3958328809877491000, 0.4010417484541888800, 0.4062504911757974800, 0.4114589258928137400, 0.4166671249845553800, 0.4218751735651047300, 0.4270831646197385500, 0.4322911940920936600, 0.4374993559527820500, 0.4427077372803802600, 0.4479164133855779200, 0.4531253088193593600, 0.4583339206687903600, 0.4635422516288743600, 0.4687503797520465300, 0.4739583938879373700, 0.4791663887964386400, 0.4843744602237430900, 0.4895826999721989400, 0.4947911909948879400, 0.5000000025455602100, 0.5052088140950149500, 0.5104173051149211200, 0.5156255448604831800, 0.5208336162858041600, 0.5260416111938118800, 0.5312496253308333100, 0.5364577534564475300, 0.5416660844195279000, 0.5468746962713139100, 0.5520835917053389400, 0.5572922678084911700, 0.5625006491331117100, 0.5677088109911724300, 0.5729168404620953400, 0.5781248315168943100, 0.5833328800991612900, 0.5885410791936823700, 0.5937495139136060900, 0.5989582566368820700, 0.6041671241025914400, 0.6093756742108551400, 0.6145839579439348300, 0.6197920559018547100, 0.6250000585088788500, 0.6302080611167197900, 0.6354161590768659900, 0.6406244428129126400, 0.6458329929237761600, 0.6510418603902160500, 0.6562506031118245900, 0.6614590378288408600, 0.6666672369205825000, 0.6718752855011317400, 0.6770832765557656100, 0.6822913060281208300, 0.6874994678888091100, 0.6927078492164073800, 0.6979165253216049700, 0.7031254207553862000, 0.7083340326048174200, 0.7135423635649013100, 0.7187504916880733700, 0.7239585058239642600, 0.7291665007324654700, 0.7343745721597697600, 0.7395828119082257200, 0.7447913029309147800, 0.7500001144815868800, 0.7552089260310415100, 0.7604174170509477900, 0.7656256567965098500, 0.7708337282218307200, 0.7760417231298385500, 0.7812497372668599800, 0.7864578653924740900, 0.7916661963555545700, 0.7968748082073405800, 0.8020837036413655000, 0.8072923797445176200, 0.8125007610691380400, 0.8177089229271987700, 0.8229169523981217900, 0.8281249434529205400, 0.8333329920351875100, 0.8385411911297086000, 0.8437496258496323100, 0.8489583685729083000, 0.8541672360386175500, 0.8593757861468811500, 0.8645840698799607300, 0.8697921678378808300, 0.8750001704449048600, 0.8802081730527456800, 0.8854162710128917800, 0.8906245547489386500, 0.8958331048598011700, 0.9010419723262439500, 0.9062507150478449300, 0.9114591497648810700, 0.9166673488565676400, 0.9218753974372843100, 0.9270833884913544100, 0.9322914179657466600, 0.9374995798189867900, 0.9427079611725245300, 0.9479166371976925900, 0.9531255328413058600, 0.9583341442104966700, 0.9635424760347381900, 0.9687506035013956400, 0.9739586140827809500, 0.9791666323429650800, 0.9843746159245995200, 0.9895830955699587200, 0.9947911534315271300, 1.000000000000000000 ),
 .UNSPECIFIED. ) 
 GEOMETRIC_REPRESENTATION_ITEM ( )  RATIONAL_B_SPLINE_SURFACE ( (
 ( 1.000000000000000000, 1.000000000000000000, 1.000000000000000400, 0.9999999999999996700, 1.000000000000000400, 1.000000000000000000, 1.000000000000000000, 0.9999999999999996700, 1.000000000000000400, 0.9999999999999997800, 1.000000000000000200, 0.9999999999999997800, 0.9999999999999997800, 1.000000000000000200, 0.9999999999999997800, 1.000000000000000200, 1.000000000000000000, 1.000000000000000000, 1.000000000000000400, 0.9999999999999996700, 1.000000000000000200, 0.9999999999999996700, 1.000000000000000400, 0.9999999999999997800, 1.000000000000000000, 1.000000000000000200, 0.9999999999999996700, 1.000000000000000200, 1.000000000000000000, 0.9999999999999997800, 1.000000000000000000, 0.9999999999999997800, 1.000000000000000200, 1.000000000000000200, 0.9999999999999997800, 0.9999999999999997800, 1.000000000000000200, 0.9999999999999996700, 1.000000000000000400, 1.000000000000000000, 1.000000000000000200, 1.000000000000000000, 1.000000000000000000, 1.000000000000000200, 0.9999999999999996700, 1.000000000000000000, 0.9999999999999997800, 1.000000000000000200, 1.000000000000000000, 0.9999999999999997800, 1.000000000000000200, 1.000000000000000000, 1.000000000000000000, 1.000000000000000000, 1.000000000000000000, 0.9999999999999997800, 1.000000000000000200, 0.9999999999999996700, 1.000000000000000000, 1.000000000000000000, 1.000000000000000000, 1.000000000000000000, 1.000000000000000200, 0.9999999999999997800, 0.9999999999999997800, 1.000000000000000400, 0.9999999999999996700, 1.000000000000000400, 0.9999999999999997800, 1.000000000000000200, 0.9999999999999997800, 1.000000000000000200, 1.000000000000000200, 1.000000000000000000, 0.9999999999999996700, 1.000000000000000400, 0.9999999999999997800, 1.000000000000000000, 1.000000000000000000, 1.000000000000000200, 1.000000000000000000, 1.000000000000000200, 0.9999999999999997800, 1.000000000000000000, 1.000000000000000000, 1.000000000000000000, 1.000000000000000000, 1.000000000000000200, 1.000000000000000200, 0.9999999999999997800, 1.000000000000000200, 1.000000000000000000, 0.9999999999999997800, 1.000000000000000000, 1.000000000000000000, 1.000000000000000000, 1.000000000000000000, 1.000000000000000000, 1.000000000000000200, 1.000000000000000200, 1.000000000000000000, 1.000000000000000200, 1.000000000000000200, 0.9999999999999996700, 1.000000000000000200, 0.9999999999999996700, 1.000000000000000400, 1.000000000000000000, 1.000000000000000000, 0.9999999999999996700, 1.000000000000000400, 0.9999999999999997800, 1.000000000000000200, 1.000000000000000200, 0.9999999999999997800, 1.000000000000000200, 1.000000000000000200, 1.000000000000000000, 0.9999999999999997800, 1.000000000000000200, 0.9999999999999997800, 1.000000000000000400, 0.9999999999999996700, 1.000000000000000000, 1.000000000000000000, 1.000000000000000200, 1.000000000000000000, 0.9999999999999997800, 1.000000000000000400, 1.000000000000000000, 0.9999999999999996700, 1.000000000000000000, 1.000000000000000000, 1.000000000000000000, 1.000000000000000000, 1.000000000000000200, 1.000000000000000000, 1.000000000000000000, 1.000000000000000200, 1.000000000000000000, 0.9999999999999997800, 1.000000000000000200, 0.9999999999999996700, 1.000000000000000200, 1.000000000000000200, 1.000000000000000000, 1.000000000000000000, 1.000000000000000000, 1.000000000000000200, 1.000000000000000000, 1.000000000000000200, 0.9999999999999994400, 1.000000000000000400, 0.9999999999999994400, 1.000000000000000400, 1.000000000000000000, 1.000000000000000000, 0.9999999999999997800, 1.000000000000000400, 0.9999999999999997800, 1.000000000000000200, 1.000000000000000000, 0.9999999999999997800, 1.000000000000000000, 1.000000000000000000, 0.9999999999999997800, 1.000000000000000000, 1.000000000000000000, 0.9999999999999996700, 1.000000000000000200, 0.9999999999999996700, 1.000000000000000200, 1.000000000000000000, 1.000000000000000200, 1.000000000000000000, 1.000000000000000200, 0.9999999999999996700, 1.000000000000000200, 1.000000000000000000, 1.000000000000000400, 1.000000000000000000, 1.000000000000000200, 0.9999999999999997800, 1.000000000000000000, 1.000000000000000000, 1.000000000000000200, 0.9999999999999997800, 1.000000000000000400, 0.9999999999999996700, 1.000000000000000000, 1.000000000000000200, 0.9999999999999996700, 1.000000000000000400, 1.000000000000000000, 1.000000000000000000),
 ( 0.3333333333333333700, 0.3333333333333333700, 0.3333333333333334800, 0.3333333333333333700, 0.3333333333333334300, 0.3333333333333333700, 0.3333333333333333700, 0.3333333333333333100, 0.3333333333333334800, 0.3333333333333333700, 0.3333333333333333700, 0.3333333333333333100, 0.3333333333333333100, 0.3333333333333334800, 0.3333333333333332600, 0.3333333333333335400, 0.3333333333333333700, 0.3333333333333333700, 0.3333333333333334300, 0.3333333333333333100, 0.3333333333333333700, 0.3333333333333332600, 0.3333333333333334800, 0.3333333333333333100, 0.3333333333333333700, 0.3333333333333335400, 0.3333333333333332600, 0.3333333333333334800, 0.3333333333333333700, 0.3333333333333334300, 0.3333333333333332600, 0.3333333333333334300, 0.3333333333333333700, 0.3333333333333334300, 0.3333333333333333100, 0.3333333333333333100, 0.3333333333333334300, 0.3333333333333333100, 0.3333333333333334800, 0.3333333333333333100, 0.3333333333333334300, 0.3333333333333333700, 0.3333333333333333700, 0.3333333333333334300, 0.3333333333333333100, 0.3333333333333333700, 0.3333333333333333100, 0.3333333333333335400, 0.3333333333333333100, 0.3333333333333333700, 0.3333333333333334300, 0.3333333333333333100, 0.3333333333333334300, 0.3333333333333333700, 0.3333333333333333700, 0.3333333333333332600, 0.3333333333333334800, 0.3333333333333332600, 0.3333333333333333700, 0.3333333333333333700, 0.3333333333333333700, 0.3333333333333334300, 0.3333333333333333700, 0.3333333333333333100, 0.3333333333333333700, 0.3333333333333334300, 0.3333333333333333100, 0.3333333333333334800, 0.3333333333333333700, 0.3333333333333333100, 0.3333333333333333700, 0.3333333333333334300, 0.3333333333333333700, 0.3333333333333334300, 0.3333333333333333100, 0.3333333333333334800, 0.3333333333333333700, 0.3333333333333333700, 0.3333333333333334300, 0.3333333333333333700, 0.3333333333333333700, 0.3333333333333334300, 0.3333333333333333100, 0.3333333333333333100, 0.3333333333333333700, 0.3333333333333333100, 0.3333333333333334300, 0.3333333333333334300, 0.3333333333333333700, 0.3333333333333333100, 0.3333333333333334300, 0.3333333333333333100, 0.3333333333333333100, 0.3333333333333334300, 0.3333333333333333100, 0.3333333333333333700, 0.3333333333333333700, 0.3333333333333333700, 0.3333333333333334300, 0.3333333333333334300, 0.3333333333333333100, 0.3333333333333333700, 0.3333333333333334300, 0.3333333333333332600, 0.3333333333333334300, 0.3333333333333332600, 0.3333333333333334800, 0.3333333333333333700, 0.3333333333333333700, 0.3333333333333332600, 0.3333333333333335400, 0.3333333333333332600, 0.3333333333333334800, 0.3333333333333334300, 0.3333333333333333100, 0.3333333333333333700, 0.3333333333333333700, 0.3333333333333333100, 0.3333333333333334300, 0.3333333333333333700, 0.3333333333333333100, 0.3333333333333334300, 0.3333333333333332000, 0.3333333333333334800, 0.3333333333333333100, 0.3333333333333334300, 0.3333333333333333100, 0.3333333333333333700, 0.3333333333333334300, 0.3333333333333333100, 0.3333333333333333100, 0.3333333333333333100, 0.3333333333333334300, 0.3333333333333333700, 0.3333333333333333700, 0.3333333333333334300, 0.3333333333333333700, 0.3333333333333333100, 0.3333333333333333100, 0.3333333333333334800, 0.3333333333333332600, 0.3333333333333334800, 0.3333333333333332600, 0.3333333333333334300, 0.3333333333333334300, 0.3333333333333333100, 0.3333333333333334800, 0.3333333333333334300, 0.3333333333333334300, 0.3333333333333333700, 0.3333333333333334800, 0.3333333333333332000, 0.3333333333333336500, 0.3333333333333331500, 0.3333333333333335900, 0.3333333333333333700, 0.3333333333333333100, 0.3333333333333333700, 0.3333333333333334800, 0.3333333333333333100, 0.3333333333333334800, 0.3333333333333333700, 0.3333333333333333100, 0.3333333333333333100, 0.3333333333333333100, 0.3333333333333332600, 0.3333333333333334300, 0.3333333333333333100, 0.3333333333333333100, 0.3333333333333334300, 0.3333333333333332600, 0.3333333333333334800, 0.3333333333333333100, 0.3333333333333334300, 0.3333333333333333700, 0.3333333333333333700, 0.3333333333333333100, 0.3333333333333333700, 0.3333333333333334300, 0.3333333333333334300, 0.3333333333333333700, 0.3333333333333334300, 0.3333333333333333100, 0.3333333333333333700, 0.3333333333333334300, 0.3333333333333334300, 0.3333333333333333100, 0.3333333333333334300, 0.3333333333333332600, 0.3333333333333334300, 0.3333333333333333100, 0.3333333333333333700, 0.3333333333333334800, 0.3333333333333333700, 0.3333333333333333700),
 ( 0.3333333333333333700, 0.3333333333333333700, 0.3333333333333334800, 0.3333333333333333700, 0.3333333333333334300, 0.3333333333333333700, 0.3333333333333333700, 0.3333333333333333100, 0.3333333333333334800, 0.3333333333333333700, 0.3333333333333333700, 0.3333333333333333100, 0.3333333333333333100, 0.3333333333333334800, 0.3333333333333332600, 0.3333333333333335400, 0.3333333333333333700, 0.3333333333333333700, 0.3333333333333334300, 0.3333333333333333100, 0.3333333333333333700, 0.3333333333333332600, 0.3333333333333334800, 0.3333333333333333100, 0.3333333333333333700, 0.3333333333333335400, 0.3333333333333332600, 0.3333333333333334800, 0.3333333333333333700, 0.3333333333333334300, 0.3333333333333332600, 0.3333333333333334300, 0.3333333333333333700, 0.3333333333333334300, 0.3333333333333333100, 0.3333333333333333100, 0.3333333333333334300, 0.3333333333333333100, 0.3333333333333334800, 0.3333333333333333100, 0.3333333333333334300, 0.3333333333333333700, 0.3333333333333333700, 0.3333333333333334300, 0.3333333333333333100, 0.3333333333333333700, 0.3333333333333333100, 0.3333333333333335400, 0.3333333333333333100, 0.3333333333333333700, 0.3333333333333334300, 0.3333333333333333100, 0.3333333333333334300, 0.3333333333333333700, 0.3333333333333333700, 0.3333333333333332600, 0.3333333333333334800, 0.3333333333333332600, 0.3333333333333333700, 0.3333333333333333700, 0.3333333333333333700, 0.3333333333333334300, 0.3333333333333333700, 0.3333333333333333100, 0.3333333333333333700, 0.3333333333333334300, 0.3333333333333333100, 0.3333333333333334800, 0.3333333333333333700, 0.3333333333333333100, 0.3333333333333333700, 0.3333333333333334300, 0.3333333333333333700, 0.3333333333333334300, 0.3333333333333333100, 0.3333333333333334800, 0.3333333333333333700, 0.3333333333333333700, 0.3333333333333334300, 0.3333333333333333700, 0.3333333333333333700, 0.3333333333333334300, 0.3333333333333333100, 0.3333333333333333100, 0.3333333333333333700, 0.3333333333333333100, 0.3333333333333334300, 0.3333333333333334300, 0.3333333333333333700, 0.3333333333333333100, 0.3333333333333334300, 0.3333333333333333100, 0.3333333333333333100, 0.3333333333333334300, 0.3333333333333333100, 0.3333333333333333700, 0.3333333333333333700, 0.3333333333333333700, 0.3333333333333334300, 0.3333333333333334300, 0.3333333333333333100, 0.3333333333333333700, 0.3333333333333334300, 0.3333333333333332600, 0.3333333333333334300, 0.3333333333333332600, 0.3333333333333334800, 0.3333333333333333700, 0.3333333333333333700, 0.3333333333333332600, 0.3333333333333335400, 0.3333333333333332600, 0.3333333333333334800, 0.3333333333333334300, 0.3333333333333333100, 0.3333333333333333700, 0.3333333333333333700, 0.3333333333333333100, 0.3333333333333334300, 0.3333333333333333700, 0.3333333333333333100, 0.3333333333333334300, 0.3333333333333332000, 0.3333333333333334800, 0.3333333333333333100, 0.3333333333333334300, 0.3333333333333333100, 0.3333333333333333700, 0.3333333333333334300, 0.3333333333333333100, 0.3333333333333333100, 0.3333333333333333100, 0.3333333333333334300, 0.3333333333333333700, 0.3333333333333333700, 0.3333333333333334300, 0.3333333333333333700, 0.3333333333333333100, 0.3333333333333333100, 0.3333333333333334800, 0.3333333333333332600, 0.3333333333333334800, 0.3333333333333332600, 0.3333333333333334300, 0.3333333333333334300, 0.3333333333333333100, 0.3333333333333334800, 0.3333333333333334300, 0.3333333333333334300, 0.3333333333333333700, 0.3333333333333334800, 0.3333333333333332000, 0.3333333333333336500, 0.3333333333333331500, 0.3333333333333335900, 0.3333333333333333700, 0.3333333333333333100, 0.3333333333333333700, 0.3333333333333334800, 0.3333333333333333100, 0.3333333333333334800, 0.3333333333333333700, 0.3333333333333333100, 0.3333333333333333100, 0.3333333333333333100, 0.3333333333333332600, 0.3333333333333334300, 0.3333333333333333100, 0.3333333333333333100, 0.3333333333333334300, 0.3333333333333332600, 0.3333333333333334800, 0.3333333333333333100, 0.3333333333333334300, 0.3333333333333333700, 0.3333333333333333700, 0.3333333333333333100, 0.3333333333333333700, 0.3333333333333334300, 0.3333333333333334300, 0.3333333333333333700, 0.3333333333333334300, 0.3333333333333333100, 0.3333333333333333700, 0.3333333333333334300, 0.3333333333333334300, 0.3333333333333333100, 0.3333333333333334300, 0.3333333333333332600, 0.3333333333333334300, 0.3333333333333333100, 0.3333333333333333700, 0.3333333333333334800, 0.3333333333333333700, 0.3333333333333333700),
 ( 1.000000000000000000, 1.000000000000000000, 1.000000000000000400, 0.9999999999999996700, 1.000000000000000400, 1.000000000000000000, 1.000000000000000000, 0.9999999999999996700, 1.000000000000000400, 0.9999999999999997800, 1.000000000000000200, 0.9999999999999997800, 0.9999999999999997800, 1.000000000000000200, 0.9999999999999997800, 1.000000000000000200, 1.000000000000000000, 1.000000000000000000, 1.000000000000000400, 0.9999999999999996700, 1.000000000000000200, 0.9999999999999996700, 1.000000000000000400, 0.9999999999999997800, 1.000000000000000000, 1.000000000000000200, 0.9999999999999996700, 1.000000000000000200, 1.000000000000000000, 0.9999999999999997800, 1.000000000000000000, 0.9999999999999997800, 1.000000000000000200, 1.000000000000000200, 0.9999999999999997800, 0.9999999999999997800, 1.000000000000000200, 0.9999999999999996700, 1.000000000000000400, 1.000000000000000000, 1.000000000000000200, 1.000000000000000000, 1.000000000000000000, 1.000000000000000200, 0.9999999999999996700, 1.000000000000000000, 0.9999999999999997800, 1.000000000000000200, 1.000000000000000000, 0.9999999999999997800, 1.000000000000000200, 1.000000000000000000, 1.000000000000000000, 1.000000000000000000, 1.000000000000000000, 0.9999999999999997800, 1.000000000000000200, 0.9999999999999996700, 1.000000000000000000, 1.000000000000000000, 1.000000000000000000, 1.000000000000000000, 1.000000000000000200, 0.9999999999999997800, 0.9999999999999997800, 1.000000000000000400, 0.9999999999999996700, 1.000000000000000400, 0.9999999999999997800, 1.000000000000000200, 0.9999999999999997800, 1.000000000000000200, 1.000000000000000200, 1.000000000000000000, 0.9999999999999996700, 1.000000000000000400, 0.9999999999999997800, 1.000000000000000000, 1.000000000000000000, 1.000000000000000200, 1.000000000000000000, 1.000000000000000200, 0.9999999999999997800, 1.000000000000000000, 1.000000000000000000, 1.000000000000000000, 1.000000000000000000, 1.000000000000000200, 1.000000000000000200, 0.9999999999999997800, 1.000000000000000200, 1.000000000000000000, 0.9999999999999997800, 1.000000000000000000, 1.000000000000000000, 1.000000000000000000, 1.000000000000000000, 1.000000000000000000, 1.000000000000000200, 1.000000000000000200, 1.000000000000000000, 1.000000000000000200, 1.000000000000000200, 0.9999999999999996700, 1.000000000000000200, 0.9999999999999996700, 1.000000000000000400, 1.000000000000000000, 1.000000000000000000, 0.9999999999999996700, 1.000000000000000400, 0.9999999999999997800, 1.000000000000000200, 1.000000000000000200, 0.9999999999999997800, 1.000000000000000200, 1.000000000000000200, 1.000000000000000000, 0.9999999999999997800, 1.000000000000000200, 0.9999999999999997800, 1.000000000000000400, 0.9999999999999996700, 1.000000000000000000, 1.000000000000000000, 1.000000000000000200, 1.000000000000000000, 0.9999999999999997800, 1.000000000000000400, 1.000000000000000000, 0.9999999999999996700, 1.000000000000000000, 1.000000000000000000, 1.000000000000000000, 1.000000000000000000, 1.000000000000000200, 1.000000000000000000, 1.000000000000000000, 1.000000000000000200, 1.000000000000000000, 0.9999999999999997800, 1.000000000000000200, 0.9999999999999996700, 1.000000000000000200, 1.000000000000000200, 1.000000000000000000, 1.000000000000000000, 1.000000000000000000, 1.000000000000000200, 1.000000000000000000, 1.000000000000000200, 0.9999999999999994400, 1.000000000000000400, 0.9999999999999994400, 1.000000000000000400, 1.000000000000000000, 1.000000000000000000, 0.9999999999999997800, 1.000000000000000400, 0.9999999999999997800, 1.000000000000000200, 1.000000000000000000, 0.9999999999999997800, 1.000000000000000000, 1.000000000000000000, 0.9999999999999997800, 1.000000000000000000, 1.000000000000000000, 0.9999999999999996700, 1.000000000000000200, 0.9999999999999996700, 1.000000000000000200, 1.000000000000000000, 1.000000000000000200, 1.000000000000000000, 1.000000000000000200, 0.9999999999999996700, 1.000000000000000200, 1.000000000000000000, 1.000000000000000400, 1.000000000000000000, 1.000000000000000200, 0.9999999999999997800, 1.000000000000000000, 1.000000000000000000, 1.000000000000000200, 0.9999999999999997800, 1.000000000000000400, 0.9999999999999996700, 1.000000000000000000, 1.000000000000000200, 0.9999999999999996700, 1.000000000000000400, 1.000000000000000000, 1.000000000000000000),
 ( 0.3333333333333333700, 0.3333333333333333700, 0.3333333333333334800, 0.3333333333333333700, 0.3333333333333334300, 0.3333333333333333700, 0.3333333333333333700, 0.3333333333333333100, 0.3333333333333334800, 0.3333333333333333700, 0.3333333333333333700, 0.3333333333333333100, 0.3333333333333333100, 0.3333333333333334800, 0.3333333333333332600, 0.3333333333333335400, 0.3333333333333333700, 0.3333333333333333700, 0.3333333333333334300, 0.3333333333333333100, 0.3333333333333333700, 0.3333333333333332600, 0.3333333333333334800, 0.3333333333333333100, 0.3333333333333333700, 0.3333333333333335400, 0.3333333333333332600, 0.3333333333333334800, 0.3333333333333333700, 0.3333333333333334300, 0.3333333333333332600, 0.3333333333333334300, 0.3333333333333333700, 0.3333333333333334300, 0.3333333333333333100, 0.3333333333333333100, 0.3333333333333334300, 0.3333333333333333100, 0.3333333333333334800, 0.3333333333333333100, 0.3333333333333334300, 0.3333333333333333700, 0.3333333333333333700, 0.3333333333333334300, 0.3333333333333333100, 0.3333333333333333700, 0.3333333333333333100, 0.3333333333333335400, 0.3333333333333333100, 0.3333333333333333700, 0.3333333333333334300, 0.3333333333333333100, 0.3333333333333334300, 0.3333333333333333700, 0.3333333333333333700, 0.3333333333333332600, 0.3333333333333334800, 0.3333333333333332600, 0.3333333333333333700, 0.3333333333333333700, 0.3333333333333333700, 0.3333333333333334300, 0.3333333333333333700, 0.3333333333333333100, 0.3333333333333333700, 0.3333333333333334300, 0.3333333333333333100, 0.3333333333333334800, 0.3333333333333333700, 0.3333333333333333100, 0.3333333333333333700, 0.3333333333333334300, 0.3333333333333333700, 0.3333333333333334300, 0.3333333333333333100, 0.3333333333333334800, 0.3333333333333333700, 0.3333333333333333700, 0.3333333333333334300, 0.3333333333333333700, 0.3333333333333333700, 0.3333333333333334300, 0.3333333333333333100, 0.3333333333333333100, 0.3333333333333333700, 0.3333333333333333100, 0.3333333333333334300, 0.3333333333333334300, 0.3333333333333333700, 0.3333333333333333100, 0.3333333333333334300, 0.3333333333333333100, 0.3333333333333333100, 0.3333333333333334300, 0.3333333333333333100, 0.3333333333333333700, 0.3333333333333333700, 0.3333333333333333700, 0.3333333333333334300, 0.3333333333333334300, 0.3333333333333333100, 0.3333333333333333700, 0.3333333333333334300, 0.3333333333333332600, 0.3333333333333334300, 0.3333333333333332600, 0.3333333333333334800, 0.3333333333333333700, 0.3333333333333333700, 0.3333333333333332600, 0.3333333333333335400, 0.3333333333333332600, 0.3333333333333334800, 0.3333333333333334300, 0.3333333333333333100, 0.3333333333333333700, 0.3333333333333333700, 0.3333333333333333100, 0.3333333333333334300, 0.3333333333333333700, 0.3333333333333333100, 0.3333333333333334300, 0.3333333333333332000, 0.3333333333333334800, 0.3333333333333333100, 0.3333333333333334300, 0.3333333333333333100, 0.3333333333333333700, 0.3333333333333334300, 0.3333333333333333100, 0.3333333333333333100, 0.3333333333333333100, 0.3333333333333334300, 0.3333333333333333700, 0.3333333333333333700, 0.3333333333333334300, 0.3333333333333333700, 0.3333333333333333100, 0.3333333333333333100, 0.3333333333333334800, 0.3333333333333332600, 0.3333333333333334800, 0.3333333333333332600, 0.3333333333333334300, 0.3333333333333334300, 0.3333333333333333100, 0.3333333333333334800, 0.3333333333333334300, 0.3333333333333334300, 0.3333333333333333700, 0.3333333333333334800, 0.3333333333333332000, 0.3333333333333336500, 0.3333333333333331500, 0.3333333333333335900, 0.3333333333333333700, 0.3333333333333333100, 0.3333333333333333700, 0.3333333333333334800, 0.3333333333333333100, 0.3333333333333334800, 0.3333333333333333700, 0.3333333333333333100, 0.3333333333333333100, 0.3333333333333333100, 0.3333333333333332600, 0.3333333333333334300, 0.3333333333333333100, 0.3333333333333333100, 0.3333333333333334300, 0.3333333333333332600, 0.3333333333333334800, 0.3333333333333333100, 0.3333333333333334300, 0.3333333333333333700, 0.3333333333333333700, 0.3333333333333333100, 0.3333333333333333700, 0.3333333333333334300, 0.3333333333333334300, 0.3333333333333333700, 0.3333333333333334300, 0.3333333333333333100, 0.3333333333333333700, 0.3333333333333334300, 0.3333333333333334300, 0.3333333333333333100, 0.3333333333333334300, 0.3333333333333332600, 0.3333333333333334300, 0.3333333333333333100, 0.3333333333333333700, 0.3333333333333334800, 0.3333333333333333700, 0.3333333333333333700),
 ( 0.3333333333333333700, 0.3333333333333333700, 0.3333333333333334800, 0.3333333333333333700, 0.3333333333333334300, 0.3333333333333333700, 0.3333333333333333700, 0.3333333333333333100, 0.3333333333333334800, 0.3333333333333333700, 0.3333333333333333700, 0.3333333333333333100, 0.3333333333333333100, 0.3333333333333334800, 0.3333333333333332600, 0.3333333333333335400, 0.3333333333333333700, 0.3333333333333333700, 0.3333333333333334300, 0.3333333333333333100, 0.3333333333333333700, 0.3333333333333332600, 0.3333333333333334800, 0.3333333333333333100, 0.3333333333333333700, 0.3333333333333335400, 0.3333333333333332600, 0.3333333333333334800, 0.3333333333333333700, 0.3333333333333334300, 0.3333333333333332600, 0.3333333333333334300, 0.3333333333333333700, 0.3333333333333334300, 0.3333333333333333100, 0.3333333333333333100, 0.3333333333333334300, 0.3333333333333333100, 0.3333333333333334800, 0.3333333333333333100, 0.3333333333333334300, 0.3333333333333333700, 0.3333333333333333700, 0.3333333333333334300, 0.3333333333333333100, 0.3333333333333333700, 0.3333333333333333100, 0.3333333333333335400, 0.3333333333333333100, 0.3333333333333333700, 0.3333333333333334300, 0.3333333333333333100, 0.3333333333333334300, 0.3333333333333333700, 0.3333333333333333700, 0.3333333333333332600, 0.3333333333333334800, 0.3333333333333332600, 0.3333333333333333700, 0.3333333333333333700, 0.3333333333333333700, 0.3333333333333334300, 0.3333333333333333700, 0.3333333333333333100, 0.3333333333333333700, 0.3333333333333334300, 0.3333333333333333100, 0.3333333333333334800, 0.3333333333333333700, 0.3333333333333333100, 0.3333333333333333700, 0.3333333333333334300, 0.3333333333333333700, 0.3333333333333334300, 0.3333333333333333100, 0.3333333333333334800, 0.3333333333333333700, 0.3333333333333333700, 0.3333333333333334300, 0.3333333333333333700, 0.3333333333333333700, 0.3333333333333334300, 0.3333333333333333100, 0.3333333333333333100, 0.3333333333333333700, 0.3333333333333333100, 0.3333333333333334300, 0.3333333333333334300, 0.3333333333333333700, 0.3333333333333333100, 0.3333333333333334300, 0.3333333333333333100, 0.3333333333333333100, 0.3333333333333334300, 0.3333333333333333100, 0.3333333333333333700, 0.3333333333333333700, 0.3333333333333333700, 0.3333333333333334300, 0.3333333333333334300, 0.3333333333333333100, 0.3333333333333333700, 0.3333333333333334300, 0.3333333333333332600, 0.3333333333333334300, 0.3333333333333332600, 0.3333333333333334800, 0.3333333333333333700, 0.3333333333333333700, 0.3333333333333332600, 0.3333333333333335400, 0.3333333333333332600, 0.3333333333333334800, 0.3333333333333334300, 0.3333333333333333100, 0.3333333333333333700, 0.3333333333333333700, 0.3333333333333333100, 0.3333333333333334300, 0.3333333333333333700, 0.3333333333333333100, 0.3333333333333334300, 0.3333333333333332000, 0.3333333333333334800, 0.3333333333333333100, 0.3333333333333334300, 0.3333333333333333100, 0.3333333333333333700, 0.3333333333333334300, 0.3333333333333333100, 0.3333333333333333100, 0.3333333333333333100, 0.3333333333333334300, 0.3333333333333333700, 0.3333333333333333700, 0.3333333333333334300, 0.3333333333333333700, 0.3333333333333333100, 0.3333333333333333100, 0.3333333333333334800, 0.3333333333333332600, 0.3333333333333334800, 0.3333333333333332600, 0.3333333333333334300, 0.3333333333333334300, 0.3333333333333333100, 0.3333333333333334800, 0.3333333333333334300, 0.3333333333333334300, 0.3333333333333333700, 0.3333333333333334800, 0.3333333333333332000, 0.3333333333333336500, 0.3333333333333331500, 0.3333333333333335900, 0.3333333333333333700, 0.3333333333333333100, 0.3333333333333333700, 0.3333333333333334800, 0.3333333333333333100, 0.3333333333333334800, 0.3333333333333333700, 0.3333333333333333100, 0.3333333333333333100, 0.3333333333333333100, 0.3333333333333332600, 0.3333333333333334300, 0.3333333333333333100, 0.3333333333333333100, 0.3333333333333334300, 0.3333333333333332600, 0.3333333333333334800, 0.3333333333333333100, 0.3333333333333334300, 0.3333333333333333700, 0.3333333333333333700, 0.3333333333333333100, 0.3333333333333333700, 0.3333333333333334300, 0.3333333333333334300, 0.3333333333333333700, 0.3333333333333334300, 0.3333333333333333100, 0.3333333333333333700, 0.3333333333333334300, 0.3333333333333334300, 0.3333333333333333100, 0.3333333333333334300, 0.3333333333333332600, 0.3333333333333334300, 0.3333333333333333100, 0.3333333333333333700, 0.3333333333333334800, 0.3333333333333333700, 0.3333333333333333700),
 ( 1.000000000000000000, 1.000000000000000000, 1.000000000000000400, 0.9999999999999996700, 1.000000000000000400, 1.000000000000000000, 1.000000000000000000, 0.9999999999999996700, 1.000000000000000400, 0.9999999999999997800, 1.000000000000000200, 0.9999999999999997800, 0.9999999999999997800, 1.000000000000000200, 0.9999999999999997800, 1.000000000000000200, 1.000000000000000000, 1.000000000000000000, 1.000000000000000400, 0.9999999999999996700, 1.000000000000000200, 0.9999999999999996700, 1.000000000000000400, 0.9999999999999997800, 1.000000000000000000, 1.000000000000000200, 0.9999999999999996700, 1.000000000000000200, 1.000000000000000000, 0.9999999999999997800, 1.000000000000000000, 0.9999999999999997800, 1.000000000000000200, 1.000000000000000200, 0.9999999999999997800, 0.9999999999999997800, 1.000000000000000200, 0.9999999999999996700, 1.000000000000000400, 1.000000000000000000, 1.000000000000000200, 1.000000000000000000, 1.000000000000000000, 1.000000000000000200, 0.9999999999999996700, 1.000000000000000000, 0.9999999999999997800, 1.000000000000000200, 1.000000000000000000, 0.9999999999999997800, 1.000000000000000200, 1.000000000000000000, 1.000000000000000000, 1.000000000000000000, 1.000000000000000000, 0.9999999999999997800, 1.000000000000000200, 0.9999999999999996700, 1.000000000000000000, 1.000000000000000000, 1.000000000000000000, 1.000000000000000000, 1.000000000000000200, 0.9999999999999997800, 0.9999999999999997800, 1.000000000000000400, 0.9999999999999996700, 1.000000000000000400, 0.9999999999999997800, 1.000000000000000200, 0.9999999999999997800, 1.000000000000000200, 1.000000000000000200, 1.000000000000000000, 0.9999999999999996700, 1.000000000000000400, 0.9999999999999997800, 1.000000000000000000, 1.000000000000000000, 1.000000000000000200, 1.000000000000000000, 1.000000000000000200, 0.9999999999999997800, 1.000000000000000000, 1.000000000000000000, 1.000000000000000000, 1.000000000000000000, 1.000000000000000200, 1.000000000000000200, 0.9999999999999997800, 1.000000000000000200, 1.000000000000000000, 0.9999999999999997800, 1.000000000000000000, 1.000000000000000000, 1.000000000000000000, 1.000000000000000000, 1.000000000000000000, 1.000000000000000200, 1.000000000000000200, 1.000000000000000000, 1.000000000000000200, 1.000000000000000200, 0.9999999999999996700, 1.000000000000000200, 0.9999999999999996700, 1.000000000000000400, 1.000000000000000000, 1.000000000000000000, 0.9999999999999996700, 1.000000000000000400, 0.9999999999999997800, 1.000000000000000200, 1.000000000000000200, 0.9999999999999997800, 1.000000000000000200, 1.000000000000000200, 1.000000000000000000, 0.9999999999999997800, 1.000000000000000200, 0.9999999999999997800, 1.000000000000000400, 0.9999999999999996700, 1.000000000000000000, 1.000000000000000000, 1.000000000000000200, 1.000000000000000000, 0.9999999999999997800, 1.000000000000000400, 1.000000000000000000, 0.9999999999999996700, 1.000000000000000000, 1.000000000000000000, 1.000000000000000000, 1.000000000000000000, 1.000000000000000200, 1.000000000000000000, 1.000000000000000000, 1.000000000000000200, 1.000000000000000000, 0.9999999999999997800, 1.000000000000000200, 0.9999999999999996700, 1.000000000000000200, 1.000000000000000200, 1.000000000000000000, 1.000000000000000000, 1.000000000000000000, 1.000000000000000200, 1.000000000000000000, 1.000000000000000200, 0.9999999999999994400, 1.000000000000000400, 0.9999999999999994400, 1.000000000000000400, 1.000000000000000000, 1.000000000000000000, 0.9999999999999997800, 1.000000000000000400, 0.9999999999999997800, 1.000000000000000200, 1.000000000000000000, 0.9999999999999997800, 1.000000000000000000, 1.000000000000000000, 0.9999999999999997800, 1.000000000000000000, 1.000000000000000000, 0.9999999999999996700, 1.000000000000000200, 0.9999999999999996700, 1.000000000000000200, 1.000000000000000000, 1.000000000000000200, 1.000000000000000000, 1.000000000000000200, 0.9999999999999996700, 1.000000000000000200, 1.000000000000000000, 1.000000000000000400, 1.000000000000000000, 1.000000000000000200, 0.9999999999999997800, 1.000000000000000000, 1.000000000000000000, 1.000000000000000200, 0.9999999999999997800, 1.000000000000000400, 0.9999999999999996700, 1.000000000000000000, 1.000000000000000200, 0.9999999999999996700, 1.000000000000000400, 1.000000000000000000, 1.000000000000000000) ) ) 
 REPRESENTATION_ITEM ( '' )  SURFACE ( )  );
#3858 = CARTESIAN_POINT ( 'NONE',  ( 0.7741715390606320700, -2.499999999999999600, -0.1158151788252434200 ) ) ;
#3859 = CARTESIAN_POINT ( 'NONE',  ( 0.9468927960814058600, 0.3787412844945449700, 0.7853673469154698300 ) ) ;
#3860 = CARTESIAN_POINT ( 'NONE',  ( -0.9736564906148186300, 2.500000000000001800, 0.02933585068591939100 ) ) ;
#3861 = CARTESIAN_POINT ( 'NONE',  ( 0.8975113652244659500, 0.3647921461735484400, -0.8406176375675652500 ) ) ;
#3862 = VERTEX_POINT ( 'NONE', #2249 ) ;
#3863 = CARTESIAN_POINT ( 'NONE',  ( 1.219017390404935700, -2.494935314653897100, -0.05620828144502865200 ) ) ;
#3864 = CARTESIAN_POINT ( 'NONE',  ( -1.067813251959257100, -2.243333333276201500, 0.6165022674776221600 ) ) ;
#3865 = CC_DESIGN_SECURITY_CLASSIFICATION ( #3373, ( #1306 ) ) ;
#3866 = CARTESIAN_POINT ( 'NONE',  ( -0.7802710791367655200, -0.7220936789652385700, 0.1207312137151323600 ) ) ;
#3867 = CARTESIAN_POINT ( 'NONE',  ( 0.7075321290329715800, 2.017440784403369900, 0.3478771822990738800 ) ) ;
#3868 = CARTESIAN_POINT ( 'NONE',  ( 1.196526386691114900, -0.4216568087593829400, -0.2855686455322664600 ) ) ;
#3869 = CARTESIAN_POINT ( 'NONE',  ( 1.219000000000000700, -2.060000000000000500, -4.251167974598269000E-015 ) ) ;
#3870 = CARTESIAN_POINT ( 'NONE',  ( 0.4383163541429286900, -0.3862659575484465000, 0.6558904719982097100 ) ) ;
#3871 = CARTESIAN_POINT ( 'NONE',  ( 0.5412546782649468900, 2.500000000000001300, 1.077067633388294900 ) ) ;
#3872 = CARTESIAN_POINT ( 'NONE',  ( 0.7783253155229472600, -0.2789959655343116100, -0.1284621388706597100 ) ) ;
#3873 = CARTESIAN_POINT ( 'NONE',  ( 0.7177407744974320100, 1.650116179991660200, -0.3268360418015858700 ) ) ;
#3874 = CARTESIAN_POINT ( 'NONE',  ( 0.5578013360593462300, 1.544971921585993400, -0.5578044142444906800 ) ) ;
#3875 = CARTESIAN_POINT ( 'NONE',  ( 0.7485875887253757900, -1.974177034447310400, -0.9754466618832811100 ) ) ;
#3876 = CARTESIAN_POINT ( 'NONE',  ( -0.7838617525903498500, -2.217736203487698600, -0.09506287760013737400 ) ) ;
#3877 = CARTESIAN_POINT ( 'NONE',  ( -0.9564882461622863400, 2.500000000000000400, 0.06253158039561956800 ) ) ;
#3878 = CARTESIAN_POINT ( 'NONE',  ( -0.08042515265258612400, 0.7295834126060792800, 1.227061010147352000 ) ) ;
#3879 = CARTESIAN_POINT ( 'NONE',  ( -0.5135351505307943500, -1.509592141358052400, 1.117894657400661400 ) ) ;
#3880 = CARTESIAN_POINT ( 'NONE',  ( -0.3954874490871150300, -1.769675546139884800, 0.6850039967492830300 ) ) ;
#3881 = CARTESIAN_POINT ( 'NONE',  ( -0.01782880313306555600, -0.2929324259304847400, -0.7893502009764553600 ) ) ;
#3882 = CARTESIAN_POINT ( 'NONE',  ( 0.7821282459282195000, 1.459148540963930400, 0.1029254385721787400 ) ) ;
#3883 = CARTESIAN_POINT ( 'NONE',  ( -0.3245603360024575400, -0.2714488570111101600, -1.186539725417594400 ) ) ;
#3884 = CARTESIAN_POINT ( 'NONE',  ( -0.3718442300813627500, -1.866911041618796200, -0.6957385323687751400 ) ) ;
#3885 = CARTESIAN_POINT ( 'NONE',  ( 0.6698812358309673700, -1.523576867798734000, 0.4165928773177925400 ) ) ;
#3886 = CARTESIAN_POINT ( 'NONE',  ( -0.05160846142015460700, -0.7296084526255364200, -0.7871626541057676900 ) ) ;
#3887 = CARTESIAN_POINT ( 'NONE',  ( -1.051828659767769700, 2.499999999999999600, 0.1340193574793669100 ) ) ;
#3888 = CARTESIAN_POINT ( 'NONE',  ( -0.4802017660166880700, 0.08581104558812732700, 0.6258561278850464100 ) ) ;
#3889 = CARTESIAN_POINT ( 'NONE',  ( -0.5593121838742002300, 2.224952347800483600, -0.5593081785736782100 ) ) ;
#3890 = CARTESIAN_POINT ( 'NONE',  ( -0.08042515269639924400, -0.7295834126027167500, -1.227061010144732800 ) ) ;
#3891 = CARTESIAN_POINT ( 'NONE',  ( -0.6609949187974951700, -2.260649525773122700, -0.4319462922484106300 ) ) ;
#3892 = CARTESIAN_POINT ( 'NONE',  ( 0.6159519247432512200, 2.500000000000001800, 0.4946471514785894000 ) ) ;
#3893 = CARTESIAN_POINT ( 'NONE',  ( 1.120083624666769600, 0.9227082935854713500, -0.5075029183502747200 ) ) ;
#3894 = CARTESIAN_POINT ( 'NONE',  ( 1.219017390404936000, -2.496999999655304900, -0.02934010443043131100 ) ) ;
#3895 = CARTESIAN_POINT ( 'NONE',  ( 0.7819826099399526100, -1.623017323932601300, 0.02933894132772764700 ) ) ;
#3896 = CARTESIAN_POINT ( 'NONE',  ( 0.5639089003005559600, -0.9581300261522735000, -0.5526495977270583500 ) ) ;
#3897 = CARTESIAN_POINT ( 'NONE',  ( -0.1284578436378915300, 1.308939808707257700, 0.7783260238142255500 ) ) ;
#3898 = CARTESIAN_POINT ( 'NONE',  ( 1.041257520187292000, -0.9795747092236972700, -0.6550235485444106900 ) ) ;
#3899 = CARTESIAN_POINT ( 'NONE',  ( 0.1539325391473106400, -1.931290979787786900, -0.7736850964356117900 ) ) ;
#3900 = CARTESIAN_POINT ( 'NONE',  ( 0.2041203490315172700, 0.1716252698052533900, 0.7619999099558532100 ) ) ;
#3901 = CARTESIAN_POINT ( 'NONE',  ( -0.9940405024523095700, 2.500000000000000000, 0.5057042903329868100 ) ) ;
#3902 = CARTESIAN_POINT ( 'NONE',  ( 0.3018321330806082400, 0.7724584438574201300, 0.7288337013491960100 ) ) ;
#3903 = CARTESIAN_POINT ( 'NONE',  ( -0.7821282459282210600, -0.6008514590360724000, -0.1029254385722553800 ) ) ;
#3904 = CARTESIAN_POINT ( 'NONE',  ( 1.034166585134202300, 2.021556748179249600, 0.6597274122707435000 ) ) ;
#3905 = CARTESIAN_POINT ( 'NONE',  ( -1.102888513652327000, -0.04291616595407198000, -0.5438787747213743600 ) ) ;
#3906 = CARTESIAN_POINT ( 'NONE',  ( -0.7113396137693139800, 1.237073381442840500, -1.003676519455177100 ) ) ;
#3907 = CARTESIAN_POINT ( 'NONE',  ( -0.9809045978289047100, 2.500000000000000000, 0.01916820404153157800 ) ) ;
#3908 = CARTESIAN_POINT ( 'NONE',  ( -1.214745373265475400, -0.1641581485821825600, -0.1940778486586297300 ) ) ;
#3909 = CARTESIAN_POINT ( 'NONE',  ( 1.164439485753259000, 1.502082942789234400, -0.3952700781600259100 ) ) ;
#3910 = CARTESIAN_POINT ( 'NONE',  ( 1.218999999999983700, 2.054131408587227500, 0.07636920537387900700 ) ) ;
#3911 = CARTESIAN_POINT ( 'NONE',  ( 1.129408019037025300, -1.650502952195832300, 0.4688010766543851400 ) ) ;
#3912 = CARTESIAN_POINT ( 'NONE',  ( 0.008078048524238459100, -1.473155408833536100, -0.7895066227471118100 ) ) ;
#3913 = CARTESIAN_POINT ( 'NONE',  ( 0.07737847156251728700, 1.609333287515390300, -0.7850601612558997200 ) ) ;
#3914 = CARTESIAN_POINT ( 'NONE',  ( -1.179021272115828900, -0.7649912617042069500, -0.3509698115047759100 ) ) ;
#3915 = CARTESIAN_POINT ( 'NONE',  ( -0.3018321330805731100, -1.287541556142574000, -0.7288337013492259800 ) ) ;
#3916 = CARTESIAN_POINT ( 'NONE',  ( -0.3191279750340010900, -2.808666663583435000, -1.190999816502896500 ) ) ;
#3917 = CARTESIAN_POINT ( 'NONE',  ( 0.3489565582685200700, 0.9870414743272275500, -0.7074844577727191800 ) ) ;
#3918 = CARTESIAN_POINT ( 'NONE',  ( 0.02575665111270301900, 0.1501672336709194100, 0.7884389382211388600 ) ) ;
#3919 = CARTESIAN_POINT ( 'NONE',  ( 0.3489604620968018200, -0.9870976311522016200, 0.7074825312570697200 ) ) ;
#3920 = CARTESIAN_POINT ( 'NONE',  ( -0.7706552496281656700, 1.824376613629471000, -0.1801897040150761700 ) ) ;
#3921 = CARTESIAN_POINT ( 'NONE',  ( 0.8107975517130259200, -0.2145827788885101800, -0.9245476424500732600 ) ) ;
#3922 = CARTESIAN_POINT ( 'NONE',  ( -0.7418073927668038500, -2.239190596324336400, -0.2705610277721969300 ) ) ;
#3923 = CARTESIAN_POINT ( 'NONE',  ( 0.08221712631394088900, 2.499999999999999600, 0.8034132446265814800 ) ) ;
#3924 = CARTESIAN_POINT ( 'NONE',  ( -1.026356793715236200, 0.9731345482441451400, -0.6780892297460391300 ) ) ;
#3925 = CARTESIAN_POINT ( 'NONE',  ( 0.9505793745823155600, 1.995585498437209400, 0.7806309407859489700 ) ) ;
#3926 = APPROVAL_PERSON_ORGANIZATION ( #39, #4283, #2936 ) ;
#3927 = CARTESIAN_POINT ( 'NONE',  ( 1.062164188941983900, -1.960217490925183900, 0.6206325686791672700 ) ) ;
#3928 = CARTESIAN_POINT ( 'NONE',  ( 0.7246137243238194300, -1.650496979175770700, 0.3010466939607214200 ) ) ;
#3929 = CARTESIAN_POINT ( 'NONE',  ( 0.3095632913191244700, 0.8443529333669740300, -0.7263547451059293400 ) ) ;
#3930 = CARTESIAN_POINT ( 'NONE',  ( -0.1791814861535945000, 1.051441464451459400, -0.7682512321266605800 ) ) ;
#3931 = CARTESIAN_POINT ( 'NONE',  ( -1.227081334746408200, -0.1426995538344940400, 0.08683616903935426100 ) ) ;
#3932 = CARTESIAN_POINT ( 'NONE',  ( -0.6258534782177858100, -1.115867202415828900, 0.4802052199692981600 ) ) ;
#3933 = CARTESIAN_POINT ( 'NONE',  ( 1.172271530027170900, -2.480136716431908400, -0.3416785573042520600 ) ) ;
#3934 = CARTESIAN_POINT ( 'NONE',  ( 0.5758009841980074000, 0.3647498524114541300, -0.5392182233338250800 ) ) ;
#3935 = CARTESIAN_POINT ( 'NONE',  ( -0.5578044142444648100, 0.5149719215859869200, -0.5578013360593792000 ) ) ;
#3936 = CARTESIAN_POINT ( 'NONE',  ( -0.6977592540670851700, 1.806043317201879300, -0.3735100905254223300 ) ) ;
#3937 = CARTESIAN_POINT ( 'NONE',  ( -1.229708064287333300, -2.632905100741331900E-012, -3.471319005552333700E-011 ) ) ;
#3938 = CARTESIAN_POINT ( 'NONE',  ( 0.7593618460270296100, -2.472727465447868600, -0.2294823941231911300 ) ) ;
#3939 = CARTESIAN_POINT ( 'NONE',  ( 0.7775109608403063500, 2.512600105416643800, -0.1439879420042196300 ) ) ;
#3940 = CARTESIAN_POINT ( 'NONE',  ( -0.6095320102096955000, 2.303550268602444700, 1.068522441970825200 ) ) ;
#3941 = CARTESIAN_POINT ( 'NONE',  ( 0.8695246996649929100, 1.545000000001724800, -0.8695246996968382100 ) ) ;
#3942 = CARTESIAN_POINT ( 'NONE',  ( 0.1940852849065970400, -0.8658418500384934500, 1.214801807934282800 ) ) ;
#3943 = CARTESIAN_POINT ( 'NONE',  ( -0.8718601701113117800, -1.788000000299062100, 0.8718593572716605300 ) ) ;
#3944 = CARTESIAN_POINT ( 'NONE',  ( -0.6746809723691885600, 1.080409997118636300, 0.4101583215337669100 ) ) ;
#3945 = CARTESIAN_POINT ( 'NONE',  ( -0.01782880313306555600, -0.2929324259304847400, -0.7893502009764553600 ) ) ;
#3946 = CARTESIAN_POINT ( 'NONE',  ( 1.179021272115844200, 1.295008738295803300, 0.3509698115047171800 ) ) ;
#3947 = CARTESIAN_POINT ( 'NONE',  ( 1.413668158359510100E-014, -2.169999988859198800, 1.233004344789011600 ) ) ;
#3948 = CARTESIAN_POINT ( 'NONE',  ( -0.8718658692940585200, -2.334999999785754000, -0.8718658729889893200 ) ) ;
#3949 = CARTESIAN_POINT ( 'NONE',  ( 0.7620010355392704500, 0.8583185733701858000, 0.2041161437249281500 ) ) ;
#3950 = CARTESIAN_POINT ( 'NONE',  ( -1.233052820252733600, 1.842757513583798600, 0.02540761589096651700 ) ) ;
#3951 = CARTESIAN_POINT ( 'NONE',  ( 0.9995576333987873400, 0.2360410597120616800, 0.7162810793369905900 ) ) ;
#3952 = CARTESIAN_POINT ( 'NONE',  ( -0.1871403922565139900, -0.5654457136334347700, -0.7671077746591801200 ) ) ;
#3953 =( GEOMETRIC_REPRESENTATION_CONTEXT ( 3 ) GLOBAL_UNCERTAINTY_ASSIGNED_CONTEXT ( ( #767 ) ) GLOBAL_UNIT_ASSIGNED_CONTEXT ( ( #1520, #4373, #2218 ) ) REPRESENTATION_CONTEXT ( 'NONE', 'WORKASPACE' ) );
#3955 = CARTESIAN_POINT ( 'NONE',  ( -1.080475257366053200, 2.753909147142193300, 0.5944745561332278600 ) ) ;
#3954 = PERSON ( 'UNSPECIFIED', 'UNSPECIFIED', 'UNSPECIFIED', ('UNSPECIFIED'), ('UNSPECIFIED'), ('UNSPECIFIED') ) ;
#3956 = CARTESIAN_POINT ( 'NONE',  ( 0.6780892297459572000, 2.003134548244146700, -1.026356793715238700 ) ) ;
#3957 = CARTESIAN_POINT ( 'NONE',  ( 1.044260491308581600, 1.523541471343503600, -0.6493608992459769500 ) ) ;
#3958 = CARTESIAN_POINT ( 'NONE',  ( -0.6441843075799309500, -1.123342361736499300, -1.048052748381858200 ) ) ;
#3959 = CARTESIAN_POINT ( 'NONE',  ( -0.5593173142974473500, -2.772008739107103500, -0.5593156306013544700 ) ) ;
#3960 = CARTESIAN_POINT ( 'NONE',  ( -0.6370550573947108000, -0.2071142462597488900, -0.4664391494088804300 ) ) ;
#3961 = CARTESIAN_POINT ( 'NONE',  ( 0.04369241558930726100, -1.172713472922165300, 0.7883588060756587800 ) ) ;
#3962 = CARTESIAN_POINT ( 'NONE',  ( 0.6095320043153262800, 0.2435502397009479400, -1.068523053232967000 ) ) ;
#3963 = CARTESIAN_POINT ( 'NONE',  ( -0.3191250568542146600, -2.188333336318497100, 1.190990977631106700 ) ) ;
#3964 = CARTESIAN_POINT ( 'NONE',  ( -1.067813251959257100, -2.243333333276201500, 0.6165022674776221600 ) ) ;
#3965 = CARTESIAN_POINT ( 'NONE',  ( 0.7821282459282195000, 1.459148540963930400, 0.1029254385721787400 ) ) ;
#3966 = CARTESIAN_POINT ( 'NONE',  ( 0.7820564308866810900, 2.062701256752332400, -0.02512160205261759100 ) ) ;
#3967 = CARTESIAN_POINT ( 'NONE',  ( 1.164439485753259000, 1.502082942789234400, -0.3952700781600259100 ) ) ;
#3968 = CARTESIAN_POINT ( 'NONE',  ( -0.04369365452710335200, -0.8873426820744388900, 0.7884158836308328100 ) ) ;
#3969 = CARTESIAN_POINT ( 'NONE',  ( 0.2945847339299204100, 2.845579883375169300, 1.197457679332871700 ) ) ;
#3970 = CARTESIAN_POINT ( 'NONE',  ( 0.8062532592945819100, 1.402301355942567400, -0.9290681242801088800 ) ) ;
#3971 = CARTESIAN_POINT ( 'NONE',  ( -1.067805343194932600, -1.879666666809612000, -0.6164984834988526100 ) ) ;
#3972 = ORIENTED_EDGE ( 'NONE', *, *, #1178, .F. ) ;
#3973 = CARTESIAN_POINT ( 'NONE',  ( 1.179076253295842500, -1.295008736504888300, -0.3509845520900545800 ) ) ;
#3974 = CARTESIAN_POINT ( 'NONE',  ( 0.6326442837802915800, -2.541313417366863000, 0.4640771808600399600 ) ) ;
#3975 = CARTESIAN_POINT ( 'NONE',  ( -0.7263547451059186900, -0.1856470666330361500, -0.3095632913191589400 ) ) ;
#3976 = CARTESIAN_POINT ( 'NONE',  ( -0.7802710791367655200, -0.7220936789652385700, 0.1207312137151323600 ) ) ;
#3977 = CARTESIAN_POINT ( 'NONE',  ( -0.4766584975168163300, 0.3293843211234114800, -1.134028922924864800 ) ) ;
#3978 = EDGE_LOOP ( 'NONE', ( #3341, #4200, #4196, #2167, #3972 ) ) ;
#3979 = CARTESIAN_POINT ( 'NONE',  ( 0.8505855692248059900, -2.116528295695332400, 0.8882037499754384900 ) ) ;
#3980 = CALENDAR_DATE ( 2025, 20, 3 ) ;
#3981 = CARTESIAN_POINT ( 'NONE',  ( 0.7820000003448878100, -2.060017323587906500, -1.163102699448087900E-006 ) ) ;
#3982 = CARTESIAN_POINT ( 'NONE',  ( -0.7871629392117355200, 1.759552295964955900, -0.05160411777524765600 ) ) ;
#3983 = CARTESIAN_POINT ( 'NONE',  ( -0.4802017660166880100, 0.08581104558812732700, 0.6258561278850463000 ) ) ;
#3984 = CARTESIAN_POINT ( 'NONE',  ( -1.219000000000000100, -2.500000000000000000, -1.219000002030445000 ) ) ;
#3985 = CARTESIAN_POINT ( 'NONE',  ( -0.6148508074488670000, 0.6866663537308371800, 1.064947164962981100 ) ) ;
#3986 = CARTESIAN_POINT ( 'NONE',  ( -0.9755813789847207500, 1.115833176471001700, -0.7485916255370419500 ) ) ;
#3987 = CARTESIAN_POINT ( 'NONE',  ( 0.4017156653598282200, -0.2435872360651205000, 0.6798106459895357800 ) ) ;
#3988 = CARTESIAN_POINT ( 'NONE',  ( -0.3954942632776064500, 2.206619386798420300, -0.6850110577458306000 ) ) ;
#3989 = CARTESIAN_POINT ( 'NONE',  ( -0.4014688637116068900, 2.088967281247569500, -1.162792479130174300 ) ) ;
#3990 = CARTESIAN_POINT ( 'NONE',  ( 1.172271530027170900, -2.480136716431908400, -0.3416785573042520600 ) ) ;
#3991 = CARTESIAN_POINT ( 'NONE',  ( 0.3509845520900791700, -0.2650087365048813800, 1.179076253295828300 ) ) ;
#3992 = CARTESIAN_POINT ( 'NONE',  ( 0.3955079208767746700, -2.863668925974091300, -0.6849908891294072000 ) ) ;
#3993 = CARTESIAN_POINT ( 'NONE',  ( -0.6312206288563746400, 0.5010345000005271800, 0.4743061705153270900 ) ) ;
#3994 = CARTESIAN_POINT ( 'NONE',  ( 0.7045382380517645200, -0.4860618719872031900, 0.3563897989976730400 ) ) ;
#3995 = CARTESIAN_POINT ( 'NONE',  ( -0.9720299335951646500, 0.5010506520895088300, 0.7539291991593125600 ) ) ;
#3996 = CARTESIAN_POINT ( 'NONE',  ( 1.084501027665813800, -0.8368742989415793900, -0.5796874517534520400 ) ) ;
#3997 = CARTESIAN_POINT ( 'NONE',  ( 1.227061010147353600, -0.3004165873939290700, 0.08042515265264933700 ) ) ;
#3998 = CARTESIAN_POINT ( 'NONE',  ( -0.7783253150574652700, 1.781004033165842500, 0.1284621397871400000 ) ) ;
#3999 = CARTESIAN_POINT ( 'NONE',  ( 1.219185301701689600, 1.459165906540214500, 0.1605179022803303600 ) ) ;
#4000 = CARTESIAN_POINT ( 'NONE',  ( -0.7162810793369381900, 1.266041059712067300, 0.9995576333988167600 ) ) ;
#4001 = CARTESIAN_POINT ( 'NONE',  ( 0.7325325339570475400, -1.359413926668664200, 0.2947479409808046500 ) ) ;
#4002 = CARTESIAN_POINT ( 'NONE',  ( -0.6850108814657313000, 2.316619077794679800, 0.3954944306687895300 ) ) ;
#4003 = CARTESIAN_POINT ( 'NONE',  ( -0.7539291991593779500, 1.531050652089514000, -0.9720299335951480000 ) ) ;
#4004 = CARTESIAN_POINT ( 'NONE',  ( 1.208496597305605400, -2.489313393118077300, -0.1860211147484033800 ) ) ;
#4005 = MANIFOLD_SOLID_BREP ( 'Extrude1', #1546 ) ;
#4006 = CARTESIAN_POINT ( 'NONE',  ( 0.8743985441465957900, -0.07188383507535788000, -0.8653504108362318800 ) ) ;
#4007 = CARTESIAN_POINT ( 'NONE',  ( -0.7909928003969634000, -2.717008661706916700, 1.173799956273338100E-006 ) ) ;
#4008 = CARTESIAN_POINT ( 'NONE',  ( 0.7883588060757418200, 1.917286527077983100, -0.04369241558928287100 ) ) ;
#4009 = CARTESIAN_POINT ( 'NONE',  ( -0.5796874745158069300, 1.866874284353181100, 1.084501176293607900 ) ) ;
#4010 = CARTESIAN_POINT ( 'NONE',  ( -0.6441558405059045800, 1.123342363150809500, 1.048003454666777400 ) ) ;
#4011 = CARTESIAN_POINT ( 'NONE',  ( -0.6831815811807694400, -1.673749336112126300, 1.022467019795990900 ) ) ;
#4012 = CARTESIAN_POINT ( 'NONE',  ( -0.9755813789593389400, -1.115833176467857500, 0.7485916255693098000 ) ) ;
#4013 = CARTESIAN_POINT ( 'NONE',  ( -0.7074844577727053000, -0.04295852567276483400, -0.3489565582685610900 ) ) ;
#4014 = PLANE ( 'NONE',  #4582 ) ;
#4015 = CARTESIAN_POINT ( 'NONE',  ( -0.6493608992459376500, 0.4935414713435015700, -1.044260491308612600 ) ) ;
#4016 = CARTESIAN_POINT ( 'NONE',  ( 1.176743586231536500, 0.3218751183376872800, -0.3569623215934738000 ) ) ;
#4017 = CARTESIAN_POINT ( 'NONE',  ( 0.7159142649702143800, -0.6942175431824220100, -0.3331210013563983300 ) ) ;
#4018 = CARTESIAN_POINT ( 'NONE',  ( -0.7706552496281656700, 1.824376613629471000, -0.1801897040150761700 ) ) ;
#4019 = CARTESIAN_POINT ( 'NONE',  ( -1.084501027639217500, -1.223125701062947900, -0.5796874518068035900 ) ) ;
#4020 = CARTESIAN_POINT ( 'NONE',  ( 1.219000000000000100, -2.063000000000000200, 0.0000000000000000000 ) ) ;
#4021 = CARTESIAN_POINT ( 'NONE',  ( -1.207791425276572000, 1.344365927348000400, 0.2337185763832724300 ) ) ;
#4022 = CARTESIAN_POINT ( 'NONE',  ( 0.7820000000000000300, -2.936999999999999400, 0.0000000000000000000 ) ) ;
#4023 = CARTESIAN_POINT ( 'NONE',  ( -0.2462031175629784400, 2.088942779759500800, -0.7502067306539114100 ) ) ;
#4024 = DIRECTION ( 'NONE',  ( 1.000000000000000000, 0.0000000000000000000, 0.0000000000000000000 ) ) ;
#4025 = CARTESIAN_POINT ( 'NONE',  ( -1.213270992568735900, 1.781041939936350600, 0.2003143265794188100 ) ) ;
#4026 = CARTESIAN_POINT ( 'NONE',  ( -1.218750559860899600, 2.217717952524701300, 0.1669100767755651300 ) ) ;
#4027 = CARTESIAN_POINT ( 'NONE',  ( 1.022467019816279100, -1.416250663890784800, -0.6831815811535990600 ) ) ;
#4028 = CARTESIAN_POINT ( 'NONE',  ( -3.473398348951372300E-011, -1.030000000002639900, 1.229708064287341300 ) ) ;
#4029 = CARTESIAN_POINT ( 'NONE',  ( 0.1791772467189982900, 1.008502378724012200, -0.7682522216554712500 ) ) ;
#4030 = ADVANCED_FACE ( 'NONE', ( #3642 ), #3311, .T. ) ;
#4031 = CARTESIAN_POINT ( 'NONE',  ( -0.7682512321266773400, 0.02144146445144688000, 0.1791814861535502600 ) ) ;
#4032 = PERSON_AND_ORGANIZATION_ROLE ( 'creator' ) ;
#4033 = CARTESIAN_POINT ( 'NONE',  ( 1.176743586231536300, 0.3218751183376872800, -0.3569623215934737400 ) ) ;
#4034 = CARTESIAN_POINT ( 'NONE',  ( -0.6798106459895096900, 0.7864127639348859100, 0.4017156653598568700 ) ) ;
#4035 = CARTESIAN_POINT ( 'NONE',  ( 0.02540516340071767600, 1.952757668497760100, 1.233049910635747800 ) ) ;
#4036 = CARTESIAN_POINT ( 'NONE',  ( 1.187801319993479200, -0.8583327726321368100, -0.3182765988111604400 ) ) ;
#4037 = CARTESIAN_POINT ( 'NONE',  ( 0.6164941072066541000, -1.696333178375336100, 1.067735993978369700 ) ) ;
#4038 = CARTESIAN_POINT ( 'NONE',  ( 0.2337185719339335300, 0.3143659277242947200, 1.207791424921535400 ) ) ;
#4039 = CARTESIAN_POINT ( 'NONE',  ( 1.129402089053779000, -2.087502952333948800, 0.4678645792928914900 ) ) ;
#4040 = CARTESIAN_POINT ( 'NONE',  ( -0.4743061705153739900, 1.531034500000563800, -0.6312206288563723100 ) ) ;
#4041 = CARTESIAN_POINT ( 'NONE',  ( -1.004756908388648500, -2.500000000000001800, -0.4712508050709328700 ) ) ;
#4042 = CARTESIAN_POINT ( 'NONE',  ( 1.197590262216154900, 2.037952585903549900, 0.2869052059757588000 ) ) ;
#4043 = CARTESIAN_POINT ( 'NONE',  ( 1.003629185690928100, 1.852926616904532000, 0.7113079955378565100 ) ) ;
#4044 = PERSON_AND_ORGANIZATION ( #3954, #766 ) ;
#4045 = CARTESIAN_POINT ( 'NONE',  ( -1.084501027639217500, -1.223125701062947900, -0.5796874518068035900 ) ) ;
#4046 = CARTESIAN_POINT ( 'NONE',  ( 1.150892356813198600, -1.437708653957875400, -0.4331610121514716200 ) ) ;
#4047 = AXIS2_PLACEMENT_3D ( 'NONE', #1132, #749, #3248 ) ;
#4048 = CARTESIAN_POINT ( 'NONE',  ( -0.6165025432195319100, 2.353333296371164200, 1.067813699918197100 ) ) ;
#4049 = CARTESIAN_POINT ( 'NONE',  ( -1.022467019816242700, 0.6437493361092271300, 0.6831815811536281500 ) ) ;
#4050 = CARTESIAN_POINT ( 'NONE',  ( 0.7361137134212230000, 1.065391636654924100, -0.2856839678121440000 ) ) ;
#4051 = CARTESIAN_POINT ( 'NONE',  ( 0.7820000036282621600, 2.499943779930883500, -3.229687328048993600E-006 ) ) ;
#4052 = CARTESIAN_POINT ( 'NONE',  ( 1.219185301706520800, -1.459165906544167600, -0.1605179022283918800 ) ) ;
#4053 = CARTESIAN_POINT ( 'NONE',  ( 0.7245854338549763100, -2.035520344717903100, -0.3001035238196836400 ) ) ;
#4054 = CARTESIAN_POINT ( 'NONE',  ( -0.04664921557697175600, 0.2929073863033583300, 1.229305358504873900 ) ) ;
#4055 = CARTESIAN_POINT ( 'NONE',  ( 0.6165022684629271100, -2.426666821838042500, -1.067810575837826200 ) ) ;
#4056 = CARTESIAN_POINT ( 'NONE',  ( 0.7593075106460580600, 2.474436425877713400, 0.2064933176602561400 ) ) ;
#4057 = CARTESIAN_POINT ( 'NONE',  ( -1.052264510301020900, -2.499999999999999100, -0.1981853849050057000 ) ) ;
#4058 = CARTESIAN_POINT ( 'NONE',  ( -0.8743985441640963500, -2.131883835072886600, 0.8653504108330121200 ) ) ;
#4059 = CARTESIAN_POINT ( 'NONE',  ( 0.8158848642989294800, 1.831468127422459600, 0.9206241863022803800 ) ) ;
#4060 = CARTESIAN_POINT ( 'NONE',  ( -0.4705899132255336700, -1.287499545968873800, -1.136093022850667200 ) ) ;
#4061 = CARTESIAN_POINT ( 'NONE',  ( 0.3182765988274959800, -0.1716672273690894600, -1.187801319991352000 ) ) ;
#4062 = CARTESIAN_POINT ( 'NONE',  ( 0.7838617530779761200, -0.1577362049106818000, 0.09506287598237016200 ) ) ;
#4063 = CARTESIAN_POINT ( 'NONE',  ( -0.6831815811543285900, 1.673749336109605200, -1.022467019816359700 ) ) ;
#4064 = CARTESIAN_POINT ( 'NONE',  ( 0.6154371303923253900, 0.3787066608490819400, 0.4947269247941065200 ) ) ;
#4065 = CARTESIAN_POINT ( 'NONE',  ( -0.02541170571630520200, 1.732757280579806200, -1.233045555605974100 ) ) ;
#4066 = CARTESIAN_POINT ( 'NONE',  ( 0.5438787747203598400, -0.9870838340460661400, 1.102888513654854700 ) ) ;
#4067 = CARTESIAN_POINT ( 'NONE',  ( -0.2047205624708718900, -1.751341415712047000, 0.7640255951555233700 ) ) ;
#4068 = CARTESIAN_POINT ( 'NONE',  ( 0.7539653054450655700, 0.5289493494524142300, -0.9720739401472211500 ) ) ;
#4069 = CARTESIAN_POINT ( 'NONE',  ( 1.070497880175409900, -2.464861069317631200, -0.5873451371529127000 ) ) ;
#4070 = CARTESIAN_POINT ( 'NONE',  ( 0.1207346484427787900, 2.367909834257674100, 0.7802813040525569100 ) ) ;
#4071 = CARTESIAN_POINT ( 'NONE',  ( 0.8871572810489605200, -2.500000000000000400, -0.8272807321065522900 ) ) ;
#4072 = CARTESIAN_POINT ( 'NONE',  ( -0.8107975411074260800, 1.845417225561095000, 0.9245476066917834900 ) ) ;
#4073 = CARTESIAN_POINT ( 'NONE',  ( 0.03385271256568975200, 1.466675934229614100, -1.229679603144435000 ) ) ;
#4074 = CARTESIAN_POINT ( 'NONE',  ( -0.3952700781401099500, -0.4720829427876435700, 1.164439485758826700 ) ) ;
#4075 = CARTESIAN_POINT ( 'NONE',  ( -0.7485916255693069200, -0.08583317646785303100, -0.9755813789593316100 ) ) ;
#4076 = CARTESIAN_POINT ( 'NONE',  ( -0.7884158836308189400, 0.1426573179255793100, -0.04369365452706391200 ) ) ;
#4077 = CARTESIAN_POINT ( 'NONE',  ( -0.2947284142846698400, 0.3293577700378663200, -0.7324788875420320500 ) ) ;
#4078 = CARTESIAN_POINT ( 'NONE',  ( 0.6957404734146586100, 0.8368551396282113400, 0.3718404353056482500 ) ) ;
#4079 = CARTESIAN_POINT ( 'NONE',  ( -0.5796874745158069300, 1.866874284353181100, 1.084501176293607900 ) ) ;
#4080 = CARTESIAN_POINT ( 'NONE',  ( -0.3650812805010876200, 0.2499732015272902700, 0.7001374513546838600 ) ) ;
#4081 = CARTESIAN_POINT ( 'NONE',  ( 0.02541229617826678800, 1.952708017352689600, 0.7910302886467074400 ) ) ;
#4082 = CARTESIAN_POINT ( 'NONE',  ( 1.206067579028947500, -0.9012497658121226800, 0.2398996533698027900 ) ) ;
#4083 = CARTESIAN_POINT ( 'NONE',  ( 0.3955000322975005800, -1.696348397873789400, 0.6849134578004432200 ) ) ;
#4084 = CARTESIAN_POINT ( 'NONE',  ( 0.1207414794031587700, -2.367968427528259800, -0.7803062573032638600 ) ) ;
#4085 = CARTESIAN_POINT ( 'NONE',  ( 1.070497880175419700, -2.095138930682370200, 0.5873451371528977100 ) ) ;
#4086 = CARTESIAN_POINT ( 'NONE',  ( 0.7821282459282193900, 1.459148540963930400, 0.1029254385721787300 ) ) ;
#4087 = CARTESIAN_POINT ( 'NONE',  ( 1.230110772246333600, -0.4431152496263274200, -0.006404483963986110400 ) ) ;
#4088 = CARTESIAN_POINT ( 'NONE',  ( 0.5457494691478679300, -2.500000000000001800, -1.074763662949059100 ) ) ;
#4089 = CARTESIAN_POINT ( 'NONE',  ( 0.7853673469155234600, -0.6512587155054628800, -0.9468927960813655600 ) ) ;
#4090 = CARTESIAN_POINT ( 'NONE',  ( 0.9505793753376812200, -1.995585499201438600, -0.7806309308624916900 ) ) ;
#4091 = CARTESIAN_POINT ( 'NONE',  ( -0.8695246996967935800, 0.5150000000017203000, -0.8695246996650476400 ) ) ;
#4092 = CARTESIAN_POINT ( 'NONE',  ( -0.8107975411074260800, 1.845417225561095000, 0.9245476066917834900 ) ) ;
#4093 = EDGE_LOOP ( 'NONE', ( #1770, #2173, #3011, #1706 ) ) ;
#4094 = CARTESIAN_POINT ( 'NONE',  ( 0.7117184478208906700, 0.4001791988643235200, 0.3419958827971197900 ) ) ;
#4095 = CARTESIAN_POINT ( 'NONE',  ( 0.7532209876637544500, 1.294994539035072800, 0.2368093564022067900 ) ) ;
#4096 = CARTESIAN_POINT ( 'NONE',  ( -1.067813272474487500, 2.243333336071073900, -0.6165022988476960300 ) ) ;
#4097 = CARTESIAN_POINT ( 'NONE',  ( 0.7117184478208906700, 0.4001791988643235200, 0.3419958827971197900 ) ) ;
#4098 = CARTESIAN_POINT ( 'NONE',  ( 1.133493067586246500, 2.472601537442110400, 0.4677338647063621900 ) ) ;
#4099 = CARTESIAN_POINT ( 'NONE',  ( -0.6493608992459376500, 0.4935414713435015100, -1.044260491308612600 ) ) ;
#4100 = CARTESIAN_POINT ( 'NONE',  ( 0.7752565283500549900, -2.489297942807100500, -0.1194677669882142800 ) ) ;
#4101 = CARTESIAN_POINT ( 'NONE',  ( -1.219185301706502400, 0.6008340934558440400, 0.1605179022284312100 ) ) ;
#4102 = CARTESIAN_POINT ( 'NONE',  ( -0.7707810834148006700, -1.638357392294720500, -0.1714229310476904400 ) ) ;
#4103 = CARTESIAN_POINT ( 'NONE',  ( 1.208496597305605400, -2.489313393118077300, -0.1860211147484033800 ) ) ;
#4104 = CARTESIAN_POINT ( 'NONE',  ( -1.227913503728406100, -0.7435327632576146400, -0.07407098981120620300 ) ) ;
#4105 = CARTESIAN_POINT ( 'NONE',  ( -0.9169854418634143500, -2.499999999999993300, -0.1662156304240250700 ) ) ;
#4106 = CARTESIAN_POINT ( 'NONE',  ( 1.123173586471658300, -0.6941755330086978300, -0.5018787815013524600 ) ) ;
#4107 = CARTESIAN_POINT ( 'NONE',  ( -0.9995576373380594700, -1.823958938889608300, -0.7162810875603673500 ) ) ;
#4108 = CARTESIAN_POINT ( 'NONE',  ( -0.6493608992126366200, -0.4935414713405234500, 1.044260491328573800 ) ) ;
#4109 = CARTESIAN_POINT ( 'NONE',  ( 1.120083624666769600, 0.9227082935854713500, -0.5075029183502747200 ) ) ;
#4110 = CARTESIAN_POINT ( 'NONE',  ( -0.6312673978617721100, -0.5010906552870058000, -0.4743389123536626600 ) ) ;
#4111 = CARTESIAN_POINT ( 'NONE',  ( -0.5070422442860759200, 0.5224870687600855500, 0.6052298386755872200 ) ) ;
#4112 = CARTESIAN_POINT ( 'NONE',  ( 1.133493006139250500, 2.087398502536543800, -0.4677345605969472400 ) ) ;
#4113 = CARTESIAN_POINT ( 'NONE',  ( 0.7469772529038482000, -1.502123793246389800, 0.2536189270951947300 ) ) ;
#4114 = CARTESIAN_POINT ( 'NONE',  ( 1.020018420973799500, 2.101281393212785600, -0.6821187925401502900 ) ) ;
#4115 = CARTESIAN_POINT ( 'NONE',  ( -0.2398996534053763600, -0.1287502341851098600, -1.206067579022645200 ) ) ;
#4116 = CARTESIAN_POINT ( 'NONE',  ( 0.2047141844937607800, -2.408345257142465700, -0.7640391719102317400 ) ) ;
#4117 = CARTESIAN_POINT ( 'NONE',  ( 0.7813163880630703600, 2.500000000000001800, 0.03341423034014130700 ) ) ;
#4118 = CARTESIAN_POINT ( 'NONE',  ( 1.219039036853554900, 1.623000001736109300, -0.02934010433712797400 ) ) ;
#4119 = CARTESIAN_POINT ( 'NONE',  ( 1.005870224230222000, 2.895880444169682400, 0.7045105422890177700 ) ) ;
#4120 = CARTESIAN_POINT ( 'NONE',  ( -1.207735263333438600, -1.344365926559917300, -0.2337092919279299700 ) ) ;
#4121 = CARTESIAN_POINT ( 'NONE',  ( 0.3665067780721331700, -2.500000000000001300, -0.7071507142414706900 ) ) ;
#4122 = CARTESIAN_POINT ( 'NONE',  ( -0.5135351505307943500, -1.509592141358052400, 1.117894657400661400 ) ) ;
#4123 = CARTESIAN_POINT ( 'NONE',  ( -0.9245476424500809200, -1.244582778888515100, -0.8107975517130284700 ) ) ;
#4124 = CARTESIAN_POINT ( 'NONE',  ( -0.8406176375675312700, -0.6652078538264586400, -0.8975113652245072500 ) ) ;
#4125 = CARTESIAN_POINT ( 'NONE',  ( -0.3569623215526911400, 0.7081248816655875100, 1.176743586244294500 ) ) ;
#4126 = CARTESIAN_POINT ( 'NONE',  ( -0.5266663369767486900, 0.6576824904304577900, -0.5883028260629066300 ) ) ;
#4127 = CARTESIAN_POINT ( 'NONE',  ( 0.5989138052758776800, 0.8014258336603614600, -0.5144854500651583300 ) ) ;
#4128 = CARTESIAN_POINT ( 'NONE',  ( 1.197590262216154700, 2.037952585903549900, 0.2869052059757588000 ) ) ;
#4129 = CARTESIAN_POINT ( 'NONE',  ( -0.7783260233487759900, -1.781060189992921500, -0.1284578445542057800 ) ) ;
#4130 = CARTESIAN_POINT ( 'NONE',  ( -1.233004539824354100, 2.279999999999974000, 5.523325065871265500E-013 ) ) ;
#4131 = CARTESIAN_POINT ( 'NONE',  ( 0.8107975517130259200, -0.2145827788885101800, -0.9245476424500732600 ) ) ;
#4132 = CARTESIAN_POINT ( 'NONE',  ( 0.7820173907498231300, -2.497017323243210900, -0.02934126753312649900 ) ) ;
#4133 = CARTESIAN_POINT ( 'NONE',  ( -0.7450939855738449900, -2.174833501667909000, 0.2613776577085131200 ) ) ;
#4134 = CARTESIAN_POINT ( 'NONE',  ( -0.6165025432195319100, 2.353333296371164200, 1.067813699918197100 ) ) ;
#4135 = CARTESIAN_POINT ( 'NONE',  ( -0.8062532592946641800, -0.6576986440574442700, 0.9290681242800759000 ) ) ;
#4136 = CARTESIAN_POINT ( 'NONE',  ( -1.039977138834034200, -2.500000000000002200, -0.08365405078001519900 ) ) ;
#4137 = CARTESIAN_POINT ( 'NONE',  ( 0.9798700587182319600, -0.6727170180370275500, -0.7438191782331928800 ) ) ;
#4138 = CARTESIAN_POINT ( 'NONE',  ( 0.2003143261153645100, -0.7510419400708277000, -1.213270992242300200 ) ) ;
#4139 = CARTESIAN_POINT ( 'NONE',  ( 0.04023867200969395700, -0.1502087576831190300, -1.229040584142548700 ) ) ;
#4140 = CARTESIAN_POINT ( 'NONE',  ( -1.229040584140772800, 1.180208757684328100, 0.04023867202526913000 ) ) ;
#4141 = CARTESIAN_POINT ( 'NONE',  ( 0.04369365452710696800, 1.172657317925767800, -0.7884158836305691400 ) ) ;
#4142 = CARTESIAN_POINT ( 'NONE',  ( 0.5707468231297381200, 1.252058534082988000, 0.5455873343891117800 ) ) ;
#4143 = CARTESIAN_POINT ( 'NONE',  ( 0.6931918685000910700, 2.500000000000000000, 0.3676701895999458000 ) ) ;
#4144 = CARTESIAN_POINT ( 'NONE',  ( 0.6097322939261806700, -1.995528083258884900, -0.5007841206232471800 ) ) ;
#4145 = CARTESIAN_POINT ( 'NONE',  ( -0.3191240922089518800, 2.188333199994331000, -1.190989201012616400 ) ) ;
#4146 = CARTESIAN_POINT ( 'NONE',  ( 0.6831815811535765200, -0.3862506638907806100, 1.022467019816284600 ) ) ;
#4147 = CARTESIAN_POINT ( 'NONE',  ( 0.6326365817679813200, -2.104313417466201900, 0.4636673508854117800 ) ) ;
#4148 = CARTESIAN_POINT ( 'NONE',  ( -0.7117184478208897800, -1.659820801135694500, -0.3419958827971668100 ) ) ;
#4149 = CARTESIAN_POINT ( 'NONE',  ( 1.208924451722508600, 2.512616074464378600, -0.2428084996511877800 ) ) ;
#4150 = CARTESIAN_POINT ( 'NONE',  ( -0.4648331118313038200, -1.215615411303693700, 1.138938959782194600 ) ) ;
#4151 = CARTESIAN_POINT ( 'NONE',  ( 0.4758129171473646200, -2.499999999999998700, -0.6338167146714207600 ) ) ;
#4152 = CARTESIAN_POINT ( 'NONE',  ( -0.3632274496355009100, -0.9087589409038073800, 1.175355529444076100 ) ) ;
#4153 = CARTESIAN_POINT ( 'NONE',  ( -1.187801319991358200, -1.201667227369093400, -0.3182765988274967600 ) ) ;
#4154 = CARTESIAN_POINT ( 'NONE',  ( -0.8406176375654985700, 0.6652078538268009200, 0.8975113652285780000 ) ) ;
#4155 = CARTESIAN_POINT ( 'NONE',  ( 1.022467019795868700, 1.416250663888264600, 0.6831815811800314700 ) ) ;
#4156 = DATE_AND_TIME ( #2962, #3418 ) ;
#4157 = CARTESIAN_POINT ( 'NONE',  ( 0.2613776577936156600, 0.9151664983458222000, 0.7450939855006325500 ) ) ;
#4158 = CARTESIAN_POINT ( 'NONE',  ( 0.5383335410506026000, -1.516039544191190000, -1.105996369107864300 ) ) ;
#4159 = CARTESIAN_POINT ( 'NONE',  ( 0.7271479217632136300, 2.087176707155435900, -0.3002863666984502700 ) ) ;
#4160 = CARTESIAN_POINT ( 'NONE',  ( 0.2536230489876381600, -1.587932363579710200, 0.7469758525558073400 ) ) ;
#4161 = CARTESIAN_POINT ( 'NONE',  ( -0.8718657934764412200, 2.335000010137894900, 0.8718657529453414100 ) ) ;
#4162 = CARTESIAN_POINT ( 'NONE',  ( 1.136093022855828800, 0.2574995459696571300, 0.4705899132167176700 ) ) ;
#4163 = CARTESIAN_POINT ( 'NONE',  ( -0.6850204108291374500, -2.753675302215537800, -0.3954953669161134800 ) ) ;
#4164 = CARTESIAN_POINT ( 'NONE',  ( 0.7532748432582279100, -1.295050694067507900, -0.2368283023103930900 ) ) ;
#4165 = CARTESIAN_POINT ( 'NONE',  ( -1.197520262557762300, 2.735575821156893900, 0.2945706768266135900 ) ) ;
#4166 = CARTESIAN_POINT ( 'NONE',  ( -0.9720299335951646500, 0.5010506520895088300, 0.7539291991593125600 ) ) ;
#4167 = CARTESIAN_POINT ( 'NONE',  ( -0.1114041583368973000, -2.500000000000001800, -0.8106104038354746700 ) ) ;
#4168 = CARTESIAN_POINT ( 'NONE',  ( 1.162845753794023300, 1.001032719209095800, 0.4014889125968345000 ) ) ;
#4169 = CARTESIAN_POINT ( 'NONE',  ( -1.084501027639217500, -1.223125701062947900, -0.5796874518068035900 ) ) ;
#4170 = CARTESIAN_POINT ( 'NONE',  ( 1.206067579022625400, 0.9012497658148962400, -0.2398996534054383700 ) ) ;
#4171 = CARTESIAN_POINT ( 'NONE',  ( 1.129402089053779000, -2.087502952333948800, 0.4678645792928914900 ) ) ;
#4172 = CARTESIAN_POINT ( 'NONE',  ( 0.3650565839455189300, 1.809970640233978400, 0.7000859818111765400 ) ) ;
#4173 = CARTESIAN_POINT ( 'NONE',  ( -0.3718442300813627500, -1.866911041618796400, -0.6957385323687751400 ) ) ;
#4174 = CARTESIAN_POINT ( 'NONE',  ( 0.3898767880584904100, 2.500000000000000400, 1.138036391616895800 ) ) ;
#4175 = CARTESIAN_POINT ( 'NONE',  ( -0.1284621388706680100, -1.308995965534315700, -0.7783253155229535900 ) ) ;
#4176 = CARTESIAN_POINT ( 'NONE',  ( 0.4664743867521193300, -0.8229419122155322600, 0.6370999716271922300 ) ) ;
#4177 = CARTESIAN_POINT ( 'NONE',  ( -1.080475257366053200, 2.753909147142193300, 0.5944745561332278600 ) ) ;
#4178 = CARTESIAN_POINT ( 'NONE',  ( 1.207735262978550300, 0.7156340735471737900, 0.2337092937708893900 ) ) ;
#4179 = CARTESIAN_POINT ( 'NONE',  ( -1.229040584142556700, -1.180208757683124200, -0.04023867200969550400 ) ) ;
#4180 = CARTESIAN_POINT ( 'NONE',  ( 0.7539653054450655700, 0.5289493494524142300, -0.9720739401472211500 ) ) ;
#4181 = CARTESIAN_POINT ( 'NONE',  ( 1.084501027639235700, 0.8368742989370647800, 0.5796874518067393100 ) ) ;
#4182 = CARTESIAN_POINT ( 'NONE',  ( -0.08042515265258612400, 0.7295834126060792800, 1.227061010147352000 ) ) ;
#4183 = CARTESIAN_POINT ( 'NONE',  ( 0.7820000017367367800, 2.059961125093549200, -2.610054596602660800E-006 ) ) ;
#4184 = CARTESIAN_POINT ( 'NONE',  ( 0.7776883174920036200, 1.895824485841546500, 0.1364853849503547800 ) ) ;
#4185 = CARTESIAN_POINT ( 'NONE',  ( 1.172271530027170900, -2.480136716431908400, -0.3416785573042520600 ) ) ;
#4186 = CARTESIAN_POINT ( 'NONE',  ( -0.6258534782177858100, -1.115867202415828900, 0.4802052199692981600 ) ) ;
#4187 = CARTESIAN_POINT ( 'NONE',  ( -0.5858935361935608800, 2.499999999999991600, 1.004889040528018400 ) ) ;
#4188 = CARTESIAN_POINT ( 'NONE',  ( 0.1791814861535460400, -1.008558535548572700, 0.7682512321266857800 ) ) ;
#4189 = CARTESIAN_POINT ( 'NONE',  ( -0.04369365452710335200, -0.8873426820744388900, 0.7884158836308328100 ) ) ;
#4190 = CARTESIAN_POINT ( 'NONE',  ( 0.7819435763698438000, 2.937186303109433200, 0.02511514267796148900 ) ) ;
#4191 = CARTESIAN_POINT ( 'NONE',  ( -0.5383238473179852200, 0.5439677337586834600, 1.106086476732463900 ) ) ;
#4192 = CARTESIAN_POINT ( 'NONE',  ( -0.1605179022805946800, -1.630834093459834700, 1.219185301701684500 ) ) ;
#4193 = CARTESIAN_POINT ( 'NONE',  ( 0.08684174022881331600, 1.172699555662141800, -1.227137984394577600 ) ) ;
#4194 = CARTESIAN_POINT ( 'NONE',  ( -0.7485916255371006800, 0.08583317647099637800, 0.9755813789846820000 ) ) ;
#4195 = CARTESIAN_POINT ( 'NONE',  ( 0.3952700781399677800, 1.587917057212370400, -1.164439485758853800 ) ) ;
#4196 = ORIENTED_EDGE ( 'NONE', *, *, #1475, .T. ) ;
#4197 = CARTESIAN_POINT ( 'NONE',  ( -0.06936237217004390100, 2.067471245705089000, -0.7865111723538637000 ) ) ;
#4198 = CARTESIAN_POINT ( 'NONE',  ( 0.3255645746130953500, -1.952725778289910600, -0.7185560023343344800 ) ) ;
#4200 = ORIENTED_EDGE ( 'NONE', *, *, #1565, .F. ) ;
#4199 = CARTESIAN_POINT ( 'NONE',  ( -0.4802017660166880700, 0.08581104558812732700, 0.6258561278850464100 ) ) ;
#4201 = CARTESIAN_POINT ( 'NONE',  ( -0.7821282459282209400, -0.6008514590360724000, -0.1029254385722553600 ) ) ;
#4202 = CARTESIAN_POINT ( 'NONE',  ( 0.7325325339570475400, -1.359413926668664200, 0.2947479409808046500 ) ) ;
#4203 = CARTESIAN_POINT ( 'NONE',  ( 0.7820390385903154300, 1.626720326699586700, -0.09478015645047796500 ) ) ;
#4204 =( BOUNDED_CURVE ( )  B_SPLINE_CURVE ( 3, ( #2862, #4295, #4651, #3120 ),
 .UNSPECIFIED., .F., .F. ) 
 B_SPLINE_CURVE_WITH_KNOTS ( ( 4, 4 ),
 ( 0.5000000000000008900, 0.5000642810778169700 ),
 .UNSPECIFIED. ) 
 CURVE ( )  GEOMETRIC_REPRESENTATION_ITEM ( )  RATIONAL_B_SPLINE_CURVE ( ( 0.9999999999999987800, 0.9999142918962428100, 0.9998285948113053700, 0.9997429087451865600 ) ) 
 REPRESENTATION_ITEM ( '' )  );
#4205 = CARTESIAN_POINT ( 'NONE',  ( 1.223782262019955000, -1.480624474748231600, 0.1205265572642542200 ) ) ;
#4206 = CARTESIAN_POINT ( 'NONE',  ( -1.003676519445232200, 0.2070733814421403000, 0.7113396137628227300 ) ) ;
#4207 = CARTESIAN_POINT ( 'NONE',  ( 0.5796874517534852400, 0.1931257010584284400, 1.084501027665788000 ) ) ;
#4208 = CARTESIAN_POINT ( 'NONE',  ( -1.136093021626293900, 1.802500454471248800, 0.4705899113667929600 ) ) ;
#4209 = CARTESIAN_POINT ( 'NONE',  ( 1.219000000000000100, -2.500000000000000000, 0.0000000000000000000 ) ) ;
#4210 = CARTESIAN_POINT ( 'NONE',  ( -0.4319166502023548100, -0.8294066057059815700, -0.6609461324070379200 ) ) ;
#4211 = CARTESIAN_POINT ( 'NONE',  ( 0.1539368082929402600, 1.931234822957160300, 0.7736842462661294200 ) ) ;
#4212 = CARTESIAN_POINT ( 'NONE',  ( -0.4016849260566424100, 2.303530845588329900, 0.6797621548274431800 ) ) ;
#4213 = CARTESIAN_POINT ( 'NONE',  ( 0.7820000000000000300, -2.500000000000000000, 0.0000000000000000000 ) ) ;
#4214 = CARTESIAN_POINT ( 'NONE',  ( -1.227061010064273400, -1.759583412644943200, 0.08042515280120780800 ) ) ;
#4215 = CARTESIAN_POINT ( 'NONE',  ( -0.5578013360594145100, -0.5150280784139972300, 0.5578044142444379400 ) ) ;
#4216 = CARTESIAN_POINT ( 'NONE',  ( 0.2624146103780572400, 2.500000000000000000, 1.169036494565970800 ) ) ;
#4217 = CARTESIAN_POINT ( 'NONE',  ( -0.6957404734146525000, -1.223144860371805600, -0.3718404353056900000 ) ) ;
#4218 = CARTESIAN_POINT ( 'NONE',  ( 0.6544200936612403200, 2.458627997528954400, 0.4374098664266557500 ) ) ;
#4219 = B_SPLINE_CURVE_WITH_KNOTS ( 'NONE', 3,
 ( #3148, #1701, #2071, #2407, #3485, #306, #4198, #4259, #1004, #3516, #3884, #2086, #4602, #2450, #2055, #4617, #2420, #2809, #654, #3164, #1019, #1322, #3851, #3531, #1381, #669, #245, #2484, #323, #1051, #4292, #1398, #3547, #3198, #1768, #3563, #1414, #3915, #2135, #1752, #684, #2841, #4275, #2118, #4648, #3932, #4632, #2140, #2814, #659, #1024, #3919, #3232, #1056, #2455, #1790, #1072, #4263, #3217, #2105, #1446, #1724, #3536, #1386, #4248, #2091, #2519, #3567, #4297, #3903, #1739, #4621, #2472, #310, #357, #2829, #3186, #4653, #2503, #1038, #3551, #1402, #1756, #4636, #343, #4279, #2123, #327, #2846, #3202, #4327, #4342, #2170, #2563, #3645, #4013, #3277, #2935, #4031, #3661, #3611, #3983, #2188, #26, #1850, #406, #4372, #390, #421, #2906, #2921, #55, #3293, #1147, #748, #3262, #469, #3708, #3724, #2966, #1181, #2995, #3692, #1897, #862, #2625, #4416, #2264, #436, #3310, #3014, #2232, #2296, #811, #468, #828, #4078, #4434, #3340, #4401, #135, #1913, #1879, #2641, #4029, #3374, #1228, #2248, #485, #3741, #69, #2595, #2950, #794, #87, #452, #3850, #4545, #3401, #1970, #1253, #1987, #3765, #1269, #4509, #4086, #1922, #4443, #1356, #3874, #4608, #3376, #1980, #864, #3032, #882, #4486, #3775, #4502, #1631, #3513, #2404, #984, #2838, #1154, #1511, #3427, #1308, #169, #185, #2028, #3807, #4532, #1262, #1323 ),
 .UNSPECIFIED., .F., .F.,
 ( 4, 1, 1, 1, 1, 1, 1, 1, 1, 1, 1, 1, 1, 1, 1, 1, 1, 1, 1, 1, 1, 1, 1, 1, 1, 1, 1, 1, 1, 1, 1, 1, 1, 1, 1, 1, 1, 1, 1, 1, 1, 1, 1, 1, 1, 1, 1, 1, 1, 1, 1, 1, 1, 1, 1, 1, 1, 1, 1, 1, 1, 1, 1, 1, 1, 1, 1, 1, 1, 1, 1, 1, 1, 1, 1, 1, 1, 1, 1, 1, 1, 1, 1, 1, 1, 1, 1, 1, 1, 1, 1, 1, 1, 1, 1, 1, 1, 1, 1, 1, 1, 1, 1, 1, 1, 1, 1, 1, 1, 1, 1, 1, 1, 1, 1, 1, 1, 1, 1, 1, 1, 1, 1, 1, 1, 1, 1, 1, 1, 1, 1, 1, 1, 1, 1, 1, 1, 1, 1, 1, 1, 1, 1, 1, 1, 1, 1, 1, 1, 1, 1, 1, 1, 1, 1, 1, 1, 1, 1, 1, 1, 1, 1, 1, 1, 1, 1, 1, 1, 1, 1, 1, 1, 1, 1, 1, 1, 1, 1, 1, 1, 1, 1, 1, 1, 1, 1, 1, 1, 1, 1, 1, 4 ),
 ( 0.0000000000000000000, 0.005208851659441637200, 0.01041690951606768200, 0.01562538916034818600, 0.02083337273892411900, 0.02604139099910195500, 0.03124940158143988900, 0.03645752905059201900, 0.04166586087781853900, 0.04687447224936534800, 0.05208336789322275800, 0.05729204391634482700, 0.06250042526690541300, 0.06770858711751791300, 0.07291661659047797600, 0.07812460764471305900, 0.08333265622714758300, 0.08854085532161350100, 0.09374929004155721500, 0.09895803276482567600, 0.1041669002305377300, 0.1093754503388006500, 0.1145837340718805500, 0.1197918320298004500, 0.1249998346368247400, 0.1302078372446655600, 0.1354159352048116800, 0.1406242189408585000, 0.1458327690517221000, 0.1510416365181620200, 0.1562503792397705600, 0.1614588139567868500, 0.1666670130485285700, 0.1718750616290778400, 0.1770830526837117200, 0.1822910821560668500, 0.1874992440167551300, 0.1927076253443534000, 0.1979163014495511100, 0.2031251968833324200, 0.2083338087327634700, 0.2135421396928474700, 0.2187502678160196100, 0.2239582819519105300, 0.2291662768604117200, 0.2343743482877161700, 0.2395825880361720200, 0.2447910790588610800, 0.2499998906095332600, 0.2552087021589879400, 0.2604171931788942200, 0.2656254329244563400, 0.2708335043497772100, 0.2760414992577849300, 0.2812495133948065300, 0.2864576415204206900, 0.2916659724835009600, 0.2968745843352871800, 0.3020834797693120500, 0.3072921558724641700, 0.3125005371970848200, 0.3177086990551455400, 0.3229167285260682900, 0.3281247195808672500, 0.3333327681631342300, 0.3385409672576552600, 0.3437494019775790800, 0.3489581447008549600, 0.3541670121665641500, 0.3593755622748279800, 0.3645838460079075500, 0.3697919439658274900, 0.3749999465728517900, 0.3802079491806925600, 0.3854160471408386600, 0.3906243308768854700, 0.3958328809877491000, 0.4010417484541888800, 0.4062504911757974800, 0.4114589258928137400, 0.4166671249845553800, 0.4218751735651047300, 0.4270831646197385500, 0.4322911940920936600, 0.4374993559527820500, 0.4427077372803802600, 0.4479164133855779200, 0.4531253088193593600, 0.4583339206687903600, 0.4635422516288743600, 0.4687503797520465300, 0.4739583938879373700, 0.4791663887964386400, 0.4843744602237430900, 0.4895826999721989400, 0.4947911909948879400, 0.5000000025455602100, 0.5052088140950149500, 0.5104173051149211200, 0.5156255448604831800, 0.5208336162858041600, 0.5260416111938118800, 0.5312496253308333100, 0.5364577534564475300, 0.5416660844195279000, 0.5468746962713139100, 0.5520835917053389400, 0.5572922678084911700, 0.5625006491331117100, 0.5677088109911724300, 0.5729168404620953400, 0.5781248315168943100, 0.5833328800991612900, 0.5885410791936823700, 0.5937495139136060900, 0.5989582566368820700, 0.6041671241025914400, 0.6093756742108551400, 0.6145839579439348300, 0.6197920559018547100, 0.6250000585088788500, 0.6302080611167197900, 0.6354161590768659900, 0.6406244428129126400, 0.6458329929237761600, 0.6510418603902160500, 0.6562506031118245900, 0.6614590378288408600, 0.6666672369205825000, 0.6718752855011317400, 0.6770832765557656100, 0.6822913060281208300, 0.6874994678888091100, 0.6927078492164073800, 0.6979165253216049700, 0.7031254207553862000, 0.7083340326048174200, 0.7135423635649013100, 0.7187504916880733700, 0.7239585058239642600, 0.7291665007324654700, 0.7343745721597697600, 0.7395828119082257200, 0.7447913029309147800, 0.7500001144815868800, 0.7552089260310415100, 0.7604174170509477900, 0.7656256567965098500, 0.7708337282218307200, 0.7760417231298385500, 0.7812497372668599800, 0.7864578653924740900, 0.7916661963555545700, 0.7968748082073405800, 0.8020837036413655000, 0.8072923797445176200, 0.8125007610691380400, 0.8177089229271987700, 0.8229169523981217900, 0.8281249434529205400, 0.8333329920351875100, 0.8385411911297086000, 0.8437496258496323100, 0.8489583685729083000, 0.8541672360386175500, 0.8593757861468811500, 0.8645840698799607300, 0.8697921678378808300, 0.8750001704449048600, 0.8802081730527456800, 0.8854162710128917800, 0.8906245547489386500, 0.8958331048598011700, 0.9010419723262439500, 0.9062507150478449300, 0.9114591497648810700, 0.9166673488565676400, 0.9218753974372843100, 0.9270833884913544100, 0.9322914179657466600, 0.9374995798189867900, 0.9427079611725245300, 0.9479166371976925900, 0.9531255328413058600, 0.9583341442104966700, 0.9635424760347381900, 0.9687506035013956400, 0.9739586140827809500, 0.9791666323429650800, 0.9843746159245995200, 0.9895830955699587200, 0.9947911534315271300, 1.000000000000000000 ),
 .UNSPECIFIED. ) ;
#4220 = CARTESIAN_POINT ( 'NONE',  ( 0.7393337514798940000, -2.500000000000000400, -0.2604330450830843500 ) ) ;
#4221 = CARTESIAN_POINT ( 'NONE',  ( -0.1669193584596832800, 0.8722820463111915500, 1.218806721506114000 ) ) ;
#4222 = CARTESIAN_POINT ( 'NONE',  ( -0.01726157290098592400, 2.500000000000001300, 0.8147117073966084800 ) ) ;
#4223 = CARTESIAN_POINT ( 'NONE',  ( 0.6831815811800902000, 0.3862506638882601300, -1.022467019795835200 ) ) ;
#4224 = CARTESIAN_POINT ( 'NONE',  ( -0.2462691775289404500, -1.488133549990141600, 1.205306893229607600 ) ) ;
#4225 = CARTESIAN_POINT ( 'NONE',  ( -4.296591298824353900E-015, -2.390000011140804400, -1.233004344789011100 ) ) ;
#4226 = CARTESIAN_POINT ( 'NONE',  ( -0.5266268662032013200, -0.6577386487968414100, 0.5882615819946651600 ) ) ;
#4227 = CARTESIAN_POINT ( 'NONE',  ( 0.5578013360593462300, 1.544971921585993200, -0.5578044142444906800 ) ) ;
#4228 = CARTESIAN_POINT ( 'NONE',  ( 0.7539291991592906900, -0.5289493479104975200, 0.9720299335951719800 ) ) ;
#4229 = CARTESIAN_POINT ( 'NONE',  ( -1.184368307470197600, 2.698909151395477000, -0.3436544000496019000 ) ) ;
#4230 = CARTESIAN_POINT ( 'NONE',  ( 0.7075302414502157000, -2.017496941973710500, -0.3478810623670476300 ) ) ;
#4231 = CARTESIAN_POINT ( 'NONE',  ( -0.5004828892784306500, -1.094414652041918500, 0.6097644899282135300 ) ) ;
#4232 = CARTESIAN_POINT ( 'NONE',  ( 1.126452339657701800, 2.500000000000000400, 0.4618241468278707100 ) ) ;
#4233 = CARTESIAN_POINT ( 'NONE',  ( 0.6412585577140536000, -0.2360825640290977700, -0.4594547491197713600 ) ) ;
#4234 = CARTESIAN_POINT ( 'NONE',  ( -0.02541010026493670900, 1.732711815148700200, -0.7910259335124830700 ) ) ;
#4235 = CARTESIAN_POINT ( 'NONE',  ( 0.9505793753376812200, -1.995585499201438600, -0.7806309308624916900 ) ) ;
#4236 = CARTESIAN_POINT ( 'NONE',  ( 0.6877849334443555400, -1.960252887383392700, 0.3878645467843437900 ) ) ;
#4237 = CARTESIAN_POINT ( 'NONE',  ( -0.9434652442970185000, 2.500000000000001800, 0.09304741897724194700 ) ) ;
#4238 = CARTESIAN_POINT ( 'NONE',  ( 0.2003143261477854100, 0.7510419400733611100, 1.213270992236052900 ) ) ;
#4239 = CARTESIAN_POINT ( 'NONE',  ( 0.7485875889966865400, 1.974177034658750800, 0.9754466591716612900 ) ) ;
#4240 = CARTESIAN_POINT ( 'NONE',  ( -0.7909752777859805400, -1.843008661879592200, -1.671479227601514700E-007 ) ) ;
#4241 = CARTESIAN_POINT ( 'NONE',  ( -0.3095632913173893600, -1.215647066635171100, 0.7263547451040979200 ) ) ;
#4242 = CARTESIAN_POINT ( 'NONE',  ( -0.7288337030821280300, 1.802458450185974200, 0.3018321296867899600 ) ) ;
#4243 = CARTESIAN_POINT ( 'NONE',  ( 0.1142010897282524100, -0.8937405610912098100, -1.224816661789817100 ) ) ;
#4244 = CARTESIAN_POINT ( 'NONE',  ( -0.3419958546688646200, 1.430178923999734000, 0.7117190130242843100 ) ) ;
#4245 = CARTESIAN_POINT ( 'NONE',  ( 0.5758039591960474300, -0.3648060092366908200, 0.5392150451836740200 ) ) ;
#4246 = CARTESIAN_POINT ( 'NONE',  ( -0.7850864064922411500, 2.500000000000000000, 0.8363715799284535700 ) ) ;
#4247 = CARTESIAN_POINT ( 'NONE',  ( -0.6097617274596682800, 0.06435849521547278000, 0.5004862537460342800 ) ) ;
#4248 = CARTESIAN_POINT ( 'NONE',  ( -0.2289756722025502200, -0.7081574770029038800, -0.7548901246866346300 ) ) ;
#4249 = CARTESIAN_POINT ( 'NONE',  ( -0.6722680359625075000, 2.680528294123387700, -0.4174691975693729000 ) ) ;
#4250 = CARTESIAN_POINT ( 'NONE',  ( 0.6831815811535765200, -0.3862506638907806100, 1.022467019816284600 ) ) ;
#4251 = CARTESIAN_POINT ( 'NONE',  ( -0.6154371303923122900, -1.681293339150935500, -0.4947269247941522000 ) ) ;
#4252 = CARTESIAN_POINT ( 'NONE',  ( 0.6540085637707856400, 2.499999999999999100, 0.4406067396211482700 ) ) ;
#4253 = CARTESIAN_POINT ( 'NONE',  ( -1.084501027665753800, 1.223125701058432700, 0.5796874517535386400 ) ) ;
#4254 = CARTESIAN_POINT ( 'NONE',  ( 1.088238233482692100, -2.454427540321453700, -0.5655552051564859400 ) ) ;
#4255 = CARTESIAN_POINT ( 'NONE',  ( 0.7836113990190499700, -2.495423079846702300, -0.05103360071351569600 ) ) ;
#4256 = CARTESIAN_POINT ( 'NONE',  ( -0.1965736866115802600, -0.2714814523516949600, -0.7646862638726723600 ) ) ;
#4257 = CARTESIAN_POINT ( 'NONE',  ( 0.7819826099399526100, -1.623017323932601300, 0.02933894132772764700 ) ) ;
#4258 = CARTESIAN_POINT ( 'NONE',  ( 0.3893477807063006100, -0.9151990930999702700, -1.166892975666388800 ) ) ;
#4259 = CARTESIAN_POINT ( 'NONE',  ( 0.1539325391473106400, -1.931290979787786400, -0.7736850964356116700 ) ) ;
#4260 = CARTESIAN_POINT ( 'NONE',  ( 0.2215762985904982700, 1.151200208637379200, -0.7578932965891451700 ) ) ;
#4261 = CARTESIAN_POINT ( 'NONE',  ( -0.4165965737544229900, 0.4935207109712369500, -0.6698789364989452500 ) ) ;
#4262 = CARTESIAN_POINT ( 'NONE',  ( -0.6957384218811806200, 1.223088703547102500, 0.3718442750267496600 ) ) ;
#4263 = CARTESIAN_POINT ( 'NONE',  ( 0.7619999099558642000, -0.8583747301947551900, -0.2041203490314991400 ) ) ;
#4264 = CARTESIAN_POINT ( 'NONE',  ( -0.5413765049751001500, 1.897710043507761000, 0.5773121559189570200 ) ) ;
#4265 = CARTESIAN_POINT ( 'NONE',  ( -0.5075029183502217700, -0.1072917064145349300, -1.120083624666799800 ) ) ;
#4266 = CARTESIAN_POINT ( 'NONE',  ( 0.1207414794031587700, -2.367968427528259800, -0.7803062573032638600 ) ) ;
#4267 = CARTESIAN_POINT ( 'NONE',  ( -0.9373232960154828100, 2.499999999999998700, 0.1084719535515480500 ) ) ;
#4268 = CARTESIAN_POINT ( 'NONE',  ( -0.3632091593354951400, 0.9087589425545745700, -1.175301624887834500 ) ) ;
#4269 = CARTESIAN_POINT ( 'NONE',  ( 0.3952700781399677800, 1.587917057212370400, -1.164439485758853800 ) ) ;
#4270 = CARTESIAN_POINT ( 'NONE',  ( 0.04664921557702702400, -1.767092613696653600, -1.229305358504904300 ) ) ;
#4271 = CARTESIAN_POINT ( 'NONE',  ( 0.3191232355638719500, -1.714666708267897000, 1.191002921547798000 ) ) ;
#4272 = CARTESIAN_POINT ( 'NONE',  ( 0.6153914604489647600, -0.3787628168286372200, -0.4946926690271334900 ) ) ;
#4273 = CARTESIAN_POINT ( 'NONE',  ( 0.7469758525557664800, 1.502067636420267000, -0.2536230489876734600 ) ) ;
#4274 = CARTESIAN_POINT ( 'NONE',  ( -1.081841581560742700, -1.279990345719967300, 0.5855173073480137700 ) ) ;
#4275 = CARTESIAN_POINT ( 'NONE',  ( -0.7884390795073866800, -1.180223390496757600, -0.02575230012362992100 ) ) ;
#4276 = CARTESIAN_POINT ( 'NONE',  ( 1.070513437028611600, -2.901861069055818200, -0.5873516495397915800 ) ) ;
#4277 = CARTESIAN_POINT ( 'NONE',  ( -0.3943863135581249800, 0.6866492109472609500, 0.6831937410584801900 ) ) ;
#4278 = CARTESIAN_POINT ( 'NONE',  ( -0.2289715063218940000, 0.7081013201750820900, 0.7548913879874303800 ) ) ;
#4279 = CARTESIAN_POINT ( 'NONE',  ( 0.7288337013492196500, -0.2575415561425939400, -0.3018321330805690500 ) ) ;
#4280 = CARTESIAN_POINT ( 'NONE',  ( 0.6164677731863776900, 2.133339337733255000, -1.067905141736215800 ) ) ;
#4281 = CARTESIAN_POINT ( 'NONE',  ( 0.5796874517534852400, 0.1931257010584284400, 1.084501027665788000 ) ) ;
#4282 = CARTESIAN_POINT ( 'NONE',  ( 0.7820173907498227900, -2.494952638241802600, -0.05620944454772385700 ) ) ;
#4283 = APPROVAL ( #4358, 'UNSPECIFIED' ) ;
#4284 = CARTESIAN_POINT ( 'NONE',  ( 0.3636041995328779800, 2.500000000000001300, 0.7080685439020311100 ) ) ;
#4285 = CARTESIAN_POINT ( 'NONE',  ( -1.162792479127078700, 1.058967281247602100, 0.4014688637102458700 ) ) ;
#4286 = CARTESIAN_POINT ( 'NONE',  ( -0.7801092823900649400, 1.094374647304460900, -0.9505710321984153200 ) ) ;
#4287 = CARTESIAN_POINT ( 'NONE',  ( -0.7217511472677129400, -0.3508428467009613300, 0.9962076681941416400 ) ) ;
#4288 = CARTESIAN_POINT ( 'NONE',  ( 0.7516774649438987500, -2.480139078572893000, -0.2193053655136884500 ) ) ;
#4289 = CARTESIAN_POINT ( 'NONE',  ( -0.7605298587752986600, 0.4151783267574383800, -0.2121368750471622800 ) ) ;
#4290 = CARTESIAN_POINT ( 'NONE',  ( 0.06936237217047834500, 0.007471245705743844900, 0.7865111723545310500 ) ) ;
#4291 = CARTESIAN_POINT ( 'NONE',  ( -1.062115847366998500, -0.09978250812691071000, 0.6206025129759458200 ) ) ;
#4292 = CARTESIAN_POINT ( 'NONE',  ( 0.7383066083379713500, -1.437733155448049900, -0.2778952660025436100 ) ) ;
#4293 = CARTESIAN_POINT ( 'NONE',  ( 1.129402089053779000, -2.087502952333948800, 0.4678645792928914900 ) ) ;
#4294 = CARTESIAN_POINT ( 'NONE',  ( -0.7821276785822847100, 0.6007953022114183000, 0.1029297548487560100 ) ) ;
#4295 = CARTESIAN_POINT ( 'NONE',  ( 0.7820000012099181900, 2.499962519150758000, -2.153171029430892300E-006 ) ) ;
#4296 = CARTESIAN_POINT ( 'NONE',  ( 0.7783260238142243300, 0.2789398087073114400, 0.1284578436379419900 ) ) ;
#4297 = CARTESIAN_POINT ( 'NONE',  ( -0.7383081421114382500, -0.6223230013766368800, -0.2778911917009303000 ) ) ;
#4298 = CARTESIAN_POINT ( 'NONE',  ( -0.2945948658152595700, 1.934424145214604900, 1.197614160946850700 ) ) ;
#4299 = CARTESIAN_POINT ( 'NONE',  ( -1.044260491308652600, -0.5364585286565067800, 0.6493608992458846900 ) ) ;
#4300 = CARTESIAN_POINT ( 'NONE',  ( -0.05959153467645594100, -2.346506629440678400, -0.7873738897461849400 ) ) ;
#4301 = CARTESIAN_POINT ( 'NONE',  ( -0.7705605484853854700, 2.735528270730779100, 0.1801700353199967000 ) ) ;
#4302 = CARTESIAN_POINT ( 'NONE',  ( -0.3509696889647259100, 2.325008627525519500, 1.179023273533781100 ) ) ;
#4303 = CARTESIAN_POINT ( 'NONE',  ( -1.136093021626293900, 1.802500454471248800, 0.4705899113667929600 ) ) ;
#4304 = CARTESIAN_POINT ( 'NONE',  ( -1.189917604720618600, -0.4152183476218422900, 0.3122013529440452200 ) ) ;
#4305 = CARTESIAN_POINT ( 'NONE',  ( 8.970780807911165500E-007, -1.953000011197849800, -1.232996956683525000 ) ) ;
#4306 = CARTESIAN_POINT ( 'NONE',  ( -0.5639089003005534100, 1.101869973847769700, 0.5526495977270901000 ) ) ;
#4307 = CARTESIAN_POINT ( 'NONE',  ( 0.2613569654754885900, -0.9152226545904590400, -0.7450407774095295600 ) ) ;
#4308 = CARTESIAN_POINT ( 'NONE',  ( 1.149012459229668400, 0.1791764410709585600, -0.4393010449496935200 ) ) ;
#4309 = CARTESIAN_POINT ( 'NONE',  ( 0.9861748209976750600, -2.892695463793113000, -0.7228923342533329900 ) ) ;
#4310 = CARTESIAN_POINT ( 'NONE',  ( 1.219000000000002300, -2.064570298591450900, 0.07955646403930087500 ) ) ;
#4311 = CARTESIAN_POINT ( 'NONE',  ( -0.7888743494250372000, -2.807841234435904100E-005, 2.176718546724912800E-006 ) ) ;
#4312 = CARTESIAN_POINT ( 'NONE',  ( 1.005950112935077400, 1.663950170242135800, -0.7016156210693581500 ) ) ;
#4313 = ORIENTED_EDGE ( 'NONE', *, *, #517, .T. ) ;
#4314 = CARTESIAN_POINT ( 'NONE',  ( -0.8406176375675312700, -0.6652078538264586400, -0.8975113652245072500 ) ) ;
#4315 = CARTESIAN_POINT ( 'NONE',  ( -0.7224906015210401700, -0.4796345010767413800, -0.3186129340779669800 ) ) ;
#4316 = CARTESIAN_POINT ( 'NONE',  ( -0.2047195084537566400, 2.371619910291269000, 0.7640320911397989700 ) ) ;
#4317 = CARTESIAN_POINT ( 'NONE',  ( 1.138938959783007700, 1.874384588696296900, 0.4648331118332989500 ) ) ;
#4318 = CARTESIAN_POINT ( 'NONE',  ( 0.2398993122448805400, 1.931250443757048600, 1.206058573427552000 ) ) ;
#4319 = CARTESIAN_POINT ( 'NONE',  ( -0.8653504108362022300, -1.101883835075365200, -0.8743985441466417500 ) ) ;
#4320 = CARTESIAN_POINT ( 'NONE',  ( 0.7752566808565444200, -2.070719380777936300, 0.1194667781951137800 ) ) ;
#4321 = CARTESIAN_POINT ( 'NONE',  ( 0.7417531377282248200, 0.1791344308972347700, -0.2705432648047396700 ) ) ;
#4322 = CARTESIAN_POINT ( 'NONE',  ( -0.4319166502023548100, -0.8294066057059815700, -0.6609461324070379200 ) ) ;
#4323 = CARTESIAN_POINT ( 'NONE',  ( 1.186539725417580500, 0.7585511429888959200, -0.3245603360025076700 ) ) ;
#4324 = CARTESIAN_POINT ( 'NONE',  ( 0.3191277710669491200, -2.845333291601141100, -1.191003300238655700 ) ) ;
#4325 = CARTESIAN_POINT ( 'NONE',  ( -0.8718658692940466400, -2.225000000214246500, 0.8718658729890017600 ) ) ;
#4326 = CARTESIAN_POINT ( 'NONE',  ( 0.7770460695400475100, -1.601441819290073000, -0.1366423416513981000 ) ) ;
#4327 = CARTESIAN_POINT ( 'NONE',  ( 0.02575230012362641000, -0.1502233904967718900, -0.7884390795073793500 ) ) ;
#4328 = CARTESIAN_POINT ( 'NONE',  ( 0.6685682741132301700, 2.021425805082428100, 0.4157205885494106900 ) ) ;
#4329 = CARTESIAN_POINT ( 'NONE',  ( 3.465562724221880300E-011, 1.029999999997371500, -1.229708064287328200 ) ) ;
#4330 = CARTESIAN_POINT ( 'NONE',  ( 0.4947269247941469800, -0.6512933391509238000, -0.6154371303922971900 ) ) ;
#4331 = CARTESIAN_POINT ( 'NONE',  ( 0.5639659604400559800, 2.553655848070735000, -0.5517514497704046900 ) ) ;
#4332 = CARTESIAN_POINT ( 'NONE',  ( -0.2337092937708104000, 1.745634073547179400, 1.207735262978498100 ) ) ;
#4333 = CARTESIAN_POINT ( 'NONE',  ( -0.8718601701113117800, -1.788000000299062100, 0.8718593572716605300 ) ) ;
#4334 = CARTESIAN_POINT ( 'NONE',  ( -0.3632274496355009100, -0.9087589409038073800, 1.175355529444076100 ) ) ;
#4335 = CARTESIAN_POINT ( 'NONE',  ( 4.110216695975052800E-006, -2.607010102665225500, 0.7909967171198503100 ) ) ;
#4336 = CARTESIAN_POINT ( 'NONE',  ( 0.4101583215337381600, 0.05040999711864029000, 0.6746809723692275300 ) ) ;
#4337 = CARTESIAN_POINT ( 'NONE',  ( -0.5266268662032013200, -0.6577386487968414100, 0.5882615819946651600 ) ) ;
#4338 = CARTESIAN_POINT ( 'NONE',  ( -0.7754321038064885300, 0.5225091996429543900, 0.9549550897752228100 ) ) ;
#4339 = CARTESIAN_POINT ( 'NONE',  ( -0.8718715684767813800, -2.662000000129427500, 0.8718723887063426500 ) ) ;
#4340 = CARTESIAN_POINT ( 'NONE',  ( -1.044260491308652600, -0.5364585286565067800, 0.6493608992458846900 ) ) ;
#4341 = CARTESIAN_POINT ( 'NONE',  ( -0.2041162037125009400, 1.888319249200014500, 0.7620006745629984700 ) ) ;
#4342 = CARTESIAN_POINT ( 'NONE',  ( -0.1539358029858247700, -0.1287696962993239400, -0.7736894268979801500 ) ) ;
#4343 = CARTESIAN_POINT ( 'NONE',  ( 1.218999999999970600, 2.500000000000003600, -2.046260484904555200E-014 ) ) ;
#4344 = CARTESIAN_POINT ( 'NONE',  ( 0.7801092823698235800, 0.9656253526974903900, -0.9505710322136650100 ) ) ;
#4345 = CARTESIAN_POINT ( 'NONE',  ( -0.1205265572557187300, 0.4506244747475820500, -1.223782262022816900 ) ) ;
#4346 = CARTESIAN_POINT ( 'NONE',  ( 0.1364971375269466700, -0.8658806412829136400, 0.7777441848100624700 ) ) ;
#4347 = CARTESIAN_POINT ( 'NONE',  ( -0.02541170493359381700, 2.827241377402912800, 1.232972347851808400 ) ) ;
#4348 = CARTESIAN_POINT ( 'NONE',  ( -1.230110772246324900, 1.616884750373684500, 0.006404483964084124900 ) ) ;
#4349 = CARTESIAN_POINT ( 'NONE',  ( -0.6164973495572715300, -1.916333334215142700, -1.067806181103931700 ) ) ;
#4350 = CARTESIAN_POINT ( 'NONE',  ( 0.8362652849532621300, -0.2220931585785168900, 0.9022452879841669200 ) ) ;
#4351 = CARTESIAN_POINT ( 'NONE',  ( -0.2047260699670905300, -2.808675907851184000, -0.7640410721820578600 ) ) ;
#4352 = CARTESIAN_POINT ( 'NONE',  ( 0.4946926690271511400, 0.6512371831713695800, 0.6153914604489421100 ) ) ;
#4353 = CARTESIAN_POINT ( 'NONE',  ( 0.7707249766535007000, -0.4216987663220017600, -0.1714123957526050600 ) ) ;
#4354 = CARTESIAN_POINT ( 'NONE',  ( 0.5498160614203736500, 0.6298016406706452600, 1.100428803557456300 ) ) ;
#4355 = CARTESIAN_POINT ( 'NONE',  ( 0.3952700781599195500, -1.587917057210782800, 1.164439485753306900 ) ) ;
#4356 = CARTESIAN_POINT ( 'NONE',  ( 1.136093022850663400, -0.2574995459688695900, -0.4705899132255230200 ) ) ;
#4357 = CARTESIAN_POINT ( 'NONE',  ( 0.1539368082929402600, 1.931234822957160300, 0.7736842462661294200 ) ) ;
#4358 = APPROVAL_STATUS ( 'not_yet_approved' ) ;
#4359 = CARTESIAN_POINT ( 'NONE',  ( 0.9995576333987873400, 0.2360410597120616800, 0.7162810793369905900 ) ) ;
#4360 = CARTESIAN_POINT ( 'NONE',  ( 1.150892356788515900, 1.437708653952696000, 0.4331610122150666400 ) ) ;
#4361 = CARTESIAN_POINT ( 'NONE',  ( -0.7759745845356379500, -0.4581735693094257700, -0.1462176183909180400 ) ) ;
#4362 = CARTESIAN_POINT ( 'NONE',  ( 0.7819609648831578100, 2.496961123357449800, 0.02933749428252772600 ) ) ;
#4363 = CARTESIAN_POINT ( 'NONE',  ( -1.224816661529394100, 2.196259438886178000, -0.1142010887492129600 ) ) ;
#4364 = CARTESIAN_POINT ( 'NONE',  ( 1.129402089053779000, -2.087502952333948800, 0.4678645792928914900 ) ) ;
#4365 = CARTESIAN_POINT ( 'NONE',  ( -0.1940852849073620400, 1.194158149961575400, -1.214801807935167200 ) ) ;
#4366 = CARTESIAN_POINT ( 'NONE',  ( -0.7640400780141293200, -2.698675320544999600, 0.2047251198917760800 ) ) ;
#4367 = CARTESIAN_POINT ( 'NONE',  ( -0.7417531410232833800, 2.239134436798261100, 0.2705432709215228600 ) ) ;
#4368 = CARTESIAN_POINT ( 'NONE',  ( -0.2337185719338862300, -1.745634072275715500, -1.207791424921555100 ) ) ;
#4369 = CARTESIAN_POINT ( 'NONE',  ( 1.081841581513040200, 0.7800096542793443200, -0.5855173073677306700 ) ) ;
#4370 = CARTESIAN_POINT ( 'NONE',  ( -0.8107975410596232100, -1.845417225565945800, -0.9245476067365198100 ) ) ;
#4371 = CARTESIAN_POINT ( 'NONE',  ( 0.7162810793370290000, -0.7939589402879452300, -0.9995576333987668000 ) ) ;
#4372 = CARTESIAN_POINT ( 'NONE',  ( 0.3718442750267166300, 0.1930887035470952900, 0.6957384218812040500 ) ) ;
#4373 =( NAMED_UNIT ( * ) PLANE_ANGLE_UNIT ( ) SI_UNIT ( $, .RADIAN. ) );
#4374 = CARTESIAN_POINT ( 'NONE',  ( 0.7162810793158157500, 0.7939589402861043600, 0.9995576334111760900 ) ) ;
#4375 = CARTESIAN_POINT ( 'NONE',  ( 0.7894072874373538900, -0.7371237305051474600, 0.01782818046893418900 ) ) ;
#4376 = CARTESIAN_POINT ( 'NONE',  ( -0.8539340228341334400, 1.897757511840751900, 0.8898659290506439900 ) ) ;
#4377 = CARTESIAN_POINT ( 'NONE',  ( -0.1605179022805946800, -1.630834093459834700, 1.219185301701684500 ) ) ;
#4378 = CARTESIAN_POINT ( 'NONE',  ( 1.129402089053771300, -2.472497047666052200, -0.4678645792929072600 ) ) ;
#4379 = CARTESIAN_POINT ( 'NONE',  ( -1.062164188941964600, 0.09978250907482587300, -0.6206325686791226400 ) ) ;
#4380 = CARTESIAN_POINT ( 'NONE',  ( 0.6326423032306888200, -2.892703906030720700, -0.4636743006428419300 ) ) ;
#4381 = CARTESIAN_POINT ( 'NONE',  ( -0.4101583215287664100, 2.110409997112697900, -0.6746809723629548800 ) ) ;
#4382 = CARTESIAN_POINT ( 'NONE',  ( -0.6568028001754718800, -2.500000000000000400, -0.9551700865694718900 ) ) ;
#4383 = CARTESIAN_POINT ( 'NONE',  ( -0.1269579559019569900, -2.067510038337474500, 1.223625230137593200 ) ) ;
#4384 = CARTESIAN_POINT ( 'NONE',  ( 0.7485875887253757900, -1.974177034447310400, -0.9754466618832811100 ) ) ;
#4385 = CARTESIAN_POINT ( 'NONE',  ( 1.102877190384368600, -2.017238101827105700, -0.5418681919314942700 ) ) ;
#4386 = CARTESIAN_POINT ( 'NONE',  ( -0.1205265572642740700, -0.4506244747482300900, 1.223782262019944800 ) ) ;
#4387 = MECHANICAL_CONTEXT ( 'NONE', #1164, 'mechanical' ) ;
#4388 = CARTESIAN_POINT ( 'NONE',  ( 1.206067579022625400, 0.9012497658148962400, -0.2398996534054383700 ) ) ;
#4389 = CARTESIAN_POINT ( 'NONE',  ( -0.1110731920218476800, 0.01393458424214735100, -0.7817606606286303700 ) ) ;
#4390 = CARTESIAN_POINT ( 'NONE',  ( -1.233052820252733600, 1.842757513583798600, 0.02540761589096651700 ) ) ;
#4391 = CARTESIAN_POINT ( 'NONE',  ( 0.3569623215527417700, -1.351875118334423300, -1.176743586244293900 ) ) ;
#4392 = CARTESIAN_POINT ( 'NONE',  ( 1.070498226676764000, -1.658138930620214800, 0.5879684833968591400 ) ) ;
#4393 = CARTESIAN_POINT ( 'NONE',  ( -1.138992234499262000, 0.1856154108366674900, 0.4648531605927704300 ) ) ;
#4394 = CARTESIAN_POINT ( 'NONE',  ( 1.172286312522231100, -2.516863283088389900, 0.3451130410055513500 ) ) ;
#4395 = CARTESIAN_POINT ( 'NONE',  ( 0.7532209876637544500, 1.294994539035072800, 0.2368093564022067900 ) ) ;
#4396 = CARTESIAN_POINT ( 'NONE',  ( -0.8609280840655260100, -2.499999999999999600, -0.7444831610477838900 ) ) ;
#4397 = CARTESIAN_POINT ( 'NONE',  ( -1.106138326408710100, -1.573967733952485300, 0.5383473391836030000 ) ) ;
#4398 = CARTESIAN_POINT ( 'NONE',  ( 0.6780892297459572000, 2.003134548244146700, -1.026356793715238700 ) ) ;
#4399 = CARTESIAN_POINT ( 'NONE',  ( -1.229040584142556700, -1.180208757683124200, -0.04023867200969550400 ) ) ;
#4400 = CARTESIAN_POINT ( 'NONE',  ( 0.6148508074489197300, -1.373333646269173900, -1.064947164962966000 ) ) ;
#4401 = CARTESIAN_POINT ( 'NONE',  ( 0.7736894268979643800, 0.9012303037006607100, -0.1539358029858689800 ) ) ;
#4402 = CARTESIAN_POINT ( 'NONE',  ( -0.3191240922089518800, 2.188333199994331000, -1.190989201012616400 ) ) ;
#4403 = CARTESIAN_POINT ( 'NONE',  ( 0.6520235804405676300, 1.086844690441662400, -0.4453549600243788000 ) ) ;
#4404 = CARTESIAN_POINT ( 'NONE',  ( 0.4175338795096356600, 1.989363999403556600, 0.6723079268780234300 ) ) ;
#4405 = CARTESIAN_POINT ( 'NONE',  ( -1.120083624666812700, -1.137291706414540000, 0.5075029183502151000 ) ) ;
#4406 = CARTESIAN_POINT ( 'NONE',  ( -0.6850119987393199500, -2.243342021285090700, 0.3954924547244410000 ) ) ;
#4407 = CARTESIAN_POINT ( 'NONE',  ( 0.7438191782332397300, 0.3572829819629809700, 0.9798700587181928800 ) ) ;
#4408 = CARTESIAN_POINT ( 'NONE',  ( -0.3191250568542318100, -2.371666663681502500, -1.190990977631101400 ) ) ;
#4409 = CARTESIAN_POINT ( 'NONE',  ( 0.7819609648831578100, 2.496961123357456500, 0.02933749428241174200 ) ) ;
#4410 = CARTESIAN_POINT ( 'NONE',  ( 0.3955542417365488000, -2.499999999999999600, -1.136063147994303700 ) ) ;
#4411 = CARTESIAN_POINT ( 'NONE',  ( 0.5075043379267173400, 1.952705678027410100, 1.120118422273419100 ) ) ;
#4412 = CARTESIAN_POINT ( 'NONE',  ( -1.048003454615110900, 2.153342363150110700, -0.6441558404167606600 ) ) ;
#4413 = CARTESIAN_POINT ( 'NONE',  ( 0.9755813789846700100, -0.9441668235290108200, 0.7485916255371259900 ) ) ;
#4414 = CARTESIAN_POINT ( 'NONE',  ( -0.9505710322136278200, -0.06437464730251563100, -0.7801092823698795300 ) ) ;
#4415 = CARTESIAN_POINT ( 'NONE',  ( -0.7873687501155795000, 0.7434912409815566100, 0.05959083917392785100 ) ) ;
#4416 = CARTESIAN_POINT ( 'NONE',  ( -0.7383066083379484800, 0.6222668445519353700, 0.2778952660025653700 ) ) ;
#4417 = CARTESIAN_POINT ( 'NONE',  ( 1.218999999999975900, 2.060000000000015600, -1.196809669476056900E-013 ) ) ;
#4418 = CARTESIAN_POINT ( 'NONE',  ( 0.7671077746591842300, 0.4645542863665488900, -0.1871403922565607100 ) ) ;
#4419 = CARTESIAN_POINT ( 'NONE',  ( 1.197596005312431500, 1.635635277371752600, -0.2489649201966682700 ) ) ;
#4420 = CARTESIAN_POINT ( 'NONE',  ( -1.213270992575011600, -1.781041939933817300, -0.2003143265468724000 ) ) ;
#4421 = CARTESIAN_POINT ( 'NONE',  ( 3.213256131426406100E-006, -2.170010102779838000, 0.7909821489002741800 ) ) ;
#4422 = CARTESIAN_POINT ( 'NONE',  ( 1.041304853900810100, 0.9795747108719986600, 0.6550551668222065500 ) ) ;
#4423 = ORIENTED_EDGE ( 'NONE', *, *, #1243, .T. ) ;
#4424 = CARTESIAN_POINT ( 'NONE',  ( -1.067820518222011300, -2.680333333189346900, 0.6165072675409566400 ) ) ;
#4425 = CARTESIAN_POINT ( 'NONE',  ( -0.1462089390251612400, 1.488117414026751200, -0.7759181577673839300 ) ) ;
#4426 = CARTESIAN_POINT ( 'NONE',  ( 1.012093615087390900, -2.500000000000001300, -0.6755920540375457400 ) ) ;
#4427 = CARTESIAN_POINT ( 'NONE',  ( 1.138992234499266700, -1.874384589163343100, -0.4648531605927294600 ) ) ;
#4428 = CARTESIAN_POINT ( 'NONE',  ( 0.4766516422560532200, 2.389390007725732600, 1.133951823942905400 ) ) ;
#4429 = PERSON_AND_ORGANIZATION ( #3954, #766 ) ;
#4430 = CARTESIAN_POINT ( 'NONE',  ( -0.5075029183095493000, 0.1072917064179521600, 1.120083624685096500 ) ) ;
#4431 = CARTESIAN_POINT ( 'NONE',  ( -0.7485916255371005700, 0.08583317647099637800, 0.9755813789846818900 ) ) ;
#4432 = CARTESIAN_POINT ( 'NONE',  ( 0.05959083917388431600, -0.2865087590184372500, 0.7873687501155778300 ) ) ;
#4433 = CARTESIAN_POINT ( 'NONE',  ( -0.7865111723545149500, 1.037471245705746900, 0.06936237217052104700 ) ) ;
#4434 = CARTESIAN_POINT ( 'NONE',  ( 0.7620010355392704500, 0.8583185733701858000, 0.2041161437249281500 ) ) ;
#4435 = CARTESIAN_POINT ( 'NONE',  ( -0.3182765679477885200, 1.888332822701388500, 1.187800724895594400 ) ) ;
#4436 = CARTESIAN_POINT ( 'NONE',  ( -0.2856839678121018100, 0.03539163665492624900, -0.7361137134212385500 ) ) ;
#4437 = CARTESIAN_POINT ( 'NONE',  ( 0.5457337574437229900, 2.443473655026184000, 0.5696327968680513500 ) ) ;
#4438 = CARTESIAN_POINT ( 'NONE',  ( 0.5075043379639869700, -1.952705678080958200, -1.120118421566930400 ) ) ;
#4439 = CARTESIAN_POINT ( 'NONE',  ( -0.6850125020648030200, -2.316675302301352400, -0.3954915829373600300 ) ) ;
#4440 = CARTESIAN_POINT ( 'NONE',  ( 0.6148508074739026400, 1.373333646271430700, 1.064947164947402300 ) ) ;
#4441 = CARTESIAN_POINT ( 'NONE',  ( 0.4453549600243098000, -2.003155309558323900, 0.6520235804405935000 ) ) ;
#4442 = CARTESIAN_POINT ( 'NONE',  ( -0.6165071873686013300, -2.790333334051231100, -1.067820295225706300 ) ) ;
#4443 = CARTESIAN_POINT ( 'NONE',  ( 0.7469758525557664800, 1.502067636420267000, -0.2536230489876734600 ) ) ;
#4444 = CARTESIAN_POINT ( 'NONE',  ( 1.196526386691114900, -0.4216568087593829400, -0.2855686455322664600 ) ) ;
#4445 = CARTESIAN_POINT ( 'NONE',  ( 0.1714709962403553600, -2.499999999999999600, -1.182892518869267400 ) ) ;
#4446 = CARTESIAN_POINT ( 'NONE',  ( -1.087933426248133900, -0.3937598112940979300, 0.5742475678267928700 ) ) ;
#4447 = CARTESIAN_POINT ( 'NONE',  ( 0.3121884341851026100, 1.445218346076734100, -1.189862167469262700 ) ) ;
#4448 = CARTESIAN_POINT ( 'NONE',  ( 0.2003143261153645100, -0.7510419400708277000, -1.213270992242300200 ) ) ;
#4449 = CARTESIAN_POINT ( 'NONE',  ( -1.150892356813170100, 0.6222913460421341000, 0.4331610121515082100 ) ) ;
#4450 = CARTESIAN_POINT ( 'NONE',  ( 0.3186129340779291800, 0.5503654989232508200, -0.7224906015210647000 ) ) ;
#4451 = CARTESIAN_POINT ( 'NONE',  ( 0.6215272529186189900, 0.6727023672613602300, 0.4869561460516838000 ) ) ;
#4452 = CARTESIAN_POINT ( 'NONE',  ( 1.218960963146396500, 2.498313126837300200, 0.006482108510894213500 ) ) ;
#4453 = CARTESIAN_POINT ( 'NONE',  ( -0.7532748432581608500, 0.7649493059325440700, 0.2368283023104327300 ) ) ;
#4454 = CARTESIAN_POINT ( 'NONE',  ( 0.3191357957047653000, 2.408335028919486500, 1.190966101269475900 ) ) ;
#4455 = CARTESIAN_POINT ( 'NONE',  ( -1.223782262019944800, 0.5793755252517772700, -0.1205265572642124500 ) ) ;
#4456 = CARTESIAN_POINT ( 'NONE',  ( 0.5456351549431097700, -2.443489170934566100, -0.5698496610512779900 ) ) ;
#4457 = CARTESIAN_POINT ( 'NONE',  ( 0.9245476424501120100, 0.8154172211114978400, 0.8107975517129723000 ) ) ;
#4458 = CARTESIAN_POINT ( 'NONE',  ( -0.7895661599215373400, -1.616899384922266100, 0.008080017677880723900 ) ) ;
#4459 = CARTESIAN_POINT ( 'NONE',  ( -1.233004536925860000, -2.279999999999999800, 9.607453586772824200E-015 ) ) ;
#4460 = CARTESIAN_POINT ( 'NONE',  ( -0.1669100803615854700, -0.8722820475775837600, -1.218750559550593900 ) ) ;
#4461 = CARTESIAN_POINT ( 'NONE',  ( -0.3987229778792585300, -2.499999999999999100, -0.7384769011731277000 ) ) ;
#4462 = CARTESIAN_POINT ( 'NONE',  ( 0.3509845520900791700, -0.2650087365048813800, 1.179076253295828300 ) ) ;
#4463 = CARTESIAN_POINT ( 'NONE',  ( 1.044260491328596000, -1.523541471340525800, 0.6493608992126164200 ) ) ;
#4464 = CARTESIAN_POINT ( 'NONE',  ( 0.1605179022283630400, -0.4291659065441651400, 1.219185301706517500 ) ) ;
#4465 = CARTESIAN_POINT ( 'NONE',  ( 1.150892356788515900, 1.437708653952696000, 0.4331610122150666400 ) ) ;
#4466 = CARTESIAN_POINT ( 'NONE',  ( -0.2856839678121018100, 0.03539163665492624900, -0.7361137134212385500 ) ) ;
#4467 = CARTESIAN_POINT ( 'NONE',  ( 0.1714123957526252400, 0.6083012336780063700, 0.7707249766534913800 ) ) ;
#4468 = CARTESIAN_POINT ( 'NONE',  ( 0.8507709100056443100, 2.116502539559191700, -0.8878286714432068700 ) ) ;
#4469 = CARTESIAN_POINT ( 'NONE',  ( 0.6698812358309673700, -1.523576867798734000, 0.4165928773177925400 ) ) ;
#4470 = CARTESIAN_POINT ( 'NONE',  ( 1.218999999999975700, 2.063759199869959800, -0.06543744205899269800 ) ) ;
#4471 = CARTESIAN_POINT ( 'NONE',  ( 0.4705899132167597500, -0.7725004540303498400, -1.136093022855818100 ) ) ;
#4472 = CARTESIAN_POINT ( 'NONE',  ( -0.2047231517873213100, -2.371675907949250700, -0.7640322333102627100 ) ) ;
#4473 = CARTESIAN_POINT ( 'NONE',  ( 1.219000000000000100, -2.500000000000000000, 0.0000000000000000000 ) ) ;
#4474 = CARTESIAN_POINT ( 'NONE',  ( 0.7820173907498227900, -2.494952638241802600, -0.05620944454772385700 ) ) ;
#4475 = CARTESIAN_POINT ( 'NONE',  ( 0.7819609648831576900, 2.498274251930834700, 0.006479498456417311300 ) ) ;
#4476 = CARTESIAN_POINT ( 'NONE',  ( 1.162792479127131600, -1.001032718752408600, -0.4014688637102140600 ) ) ;
#4477 = CARTESIAN_POINT ( 'NONE',  ( 0.4495164166081063700, -2.499999999999998700, -0.6538367469625719900 ) ) ;
#4478 = CARTESIAN_POINT ( 'NONE',  ( 0.1940852849065970400, -0.8658418500384934500, 1.214801807934282800 ) ) ;
#4479 = FACE_OUTER_BOUND ( 'NONE', #3978, .T. ) ;
#4480 = CARTESIAN_POINT ( 'NONE',  ( -1.206067579022651200, -1.158750234185114600, 0.2398996534053765000 ) ) ;
#4481 = CARTESIAN_POINT ( 'NONE',  ( 0.5796874518068031400, -0.1931257010629412200, -1.084501027639208600 ) ) ;
#4482 = CARTESIAN_POINT ( 'NONE',  ( -1.187801319993443600, 1.201667227367876300, 0.3182765988112471500 ) ) ;
#4483 = CARTESIAN_POINT ( 'NONE',  ( 0.6052723471583163500, 0.5074567751802349100, -0.5070803536306195400 ) ) ;
#4484 = CARTESIAN_POINT ( 'NONE',  ( 0.05958461792513854900, 0.2864526039287370000, -0.7873119990932099200 ) ) ;
#4485 = CARTESIAN_POINT ( 'NONE',  ( -0.7640312062527160300, 2.298285784003499800, 0.2047244006620982900 ) ) ;
#4486 = CARTESIAN_POINT ( 'NONE',  ( -0.5758039591925309100, 1.695193990777687000, -0.5392150451791114500 ) ) ;
#4487 = CARTESIAN_POINT ( 'NONE',  ( -0.1284621388706680100, -1.308995965534315700, -0.7783253155229535900 ) ) ;
#4488 = CARTESIAN_POINT ( 'NONE',  ( -1.067813272475109900, 2.316666663928506100, 0.6165022988552946200 ) ) ;
#4489 = CARTESIAN_POINT ( 'NONE',  ( -1.197584530361333700, 0.02145760195344891700, 0.2792288058156091600 ) ) ;
#4490 = CARTESIAN_POINT ( 'NONE',  ( 0.5456368718968431800, -2.553528152702242900, 0.5696421106495991300 ) ) ;
#4491 = CARTESIAN_POINT ( 'NONE',  ( -0.06936549219354250200, -2.067527403913051600, 0.7865681743641085300 ) ) ;
#4492 = CARTESIAN_POINT ( 'NONE',  ( -0.8718657934764412200, 2.335000010137894900, 0.8718657529453414100 ) ) ;
#4493 = CARTESIAN_POINT ( 'NONE',  ( 0.6206025129760129900, -1.129782508126911500, 1.062115847367026000 ) ) ;
#4494 = CARTESIAN_POINT ( 'NONE',  ( -1.000980538966071500, -2.500000000000000000, -0.02125640516608162300 ) ) ;
#4495 = CARTESIAN_POINT ( 'NONE',  ( -0.6206325686791828200, -0.9302174909251826900, 1.062164188941944000 ) ) ;
#4496 = CARTESIAN_POINT ( 'NONE',  ( -0.4331610122147706600, -1.652291346047198900, 1.150892356788517200 ) ) ;
#4497 = CARTESIAN_POINT ( 'NONE',  ( -0.6831815811543285900, 1.673749336109605000, -1.022467019816359700 ) ) ;
#4498 = CARTESIAN_POINT ( 'NONE',  ( 0.6493608992125299300, 1.566458528659486100, -1.044260491328629500 ) ) ;
#4499 = CARTESIAN_POINT ( 'NONE',  ( -0.3095874144421282300, 1.215590909348487800, -0.7264064860210377500 ) ) ;
#4500 = CARTESIAN_POINT ( 'NONE',  ( 0.7802710791367444300, 1.337906321034771500, -0.1207312137151770600 ) ) ;
#4501 = CARTESIAN_POINT ( 'NONE',  ( 1.219000000000000100, -2.500000000000000000, 0.0000000000000000000 ) ) ;
#4502 = CARTESIAN_POINT ( 'NONE',  ( -0.7548913879467971100, 1.738101320197456900, -0.2289715062647630100 ) ) ;
#4503 = CARTESIAN_POINT ( 'NONE',  ( -0.3419958546688646200, 1.430178923999734000, 0.7117190130242843100 ) ) ;
#4504 = CARTESIAN_POINT ( 'NONE',  ( -1.190990920325092400, 2.298333334019910400, 0.3191250493005639600 ) ) ;
#4505 = CARTESIAN_POINT ( 'NONE',  ( 0.8107975516650075500, 0.2145827788835834600, 0.9245476424938381400 ) ) ;
#4506 = CARTESIAN_POINT ( 'NONE',  ( 0.2047168987064875700, -2.845345256988318200, -0.7640508289360339300 ) ) ;
#4507 = CARTESIAN_POINT ( 'NONE',  ( 0.7578932965890578000, -1.938799791362554100, 0.2215762985905722600 ) ) ;
#4508 = CARTESIAN_POINT ( 'NONE',  ( 0.8690070911126235300, 2.553712291598184700, -0.8696847421707382100 ) ) ;
#4509 = CARTESIAN_POINT ( 'NONE',  ( 0.7383081421114540100, 1.437676998623383100, 0.2778911917008523600 ) ) ;
#4510 = CARTESIAN_POINT ( 'NONE',  ( 0.5135099816139517800, -0.5504078567980278400, 1.117843601061559100 ) ) ;
#4511 = CARTESIAN_POINT ( 'NONE',  ( -1.007074606090879300, -2.499999999999995600, -0.02291888993418742300 ) ) ;
#4512 = CARTESIAN_POINT ( 'NONE',  ( 1.081890875259168900, -0.7800096556891426000, 0.5855457743918999200 ) ) ;
#4513 = CARTESIAN_POINT ( 'NONE',  ( 0.9755813789846700100, -0.9441668235290108200, 0.7485916255371259900 ) ) ;
#4514 = CARTESIAN_POINT ( 'NONE',  ( 0.1205265572642235900, 1.609375525251768100, -1.223782262019949400 ) ) ;
#4515 = CARTESIAN_POINT ( 'NONE',  ( 1.219185301701689600, 1.459165906540214300, 0.1605179022803303600 ) ) ;
#4516 = CARTESIAN_POINT ( 'NONE',  ( -0.5201604215212433100, -1.845438841233671100, -0.5930890696659182300 ) ) ;
#4517 = CARTESIAN_POINT ( 'NONE',  ( -0.1618528112934551300, 1.745615822325252300, 0.7727902945504174800 ) ) ;
#4518 = CARTESIAN_POINT ( 'NONE',  ( 0.7820000036282628300, 2.497407606768448300, 0.04414464488965172400 ) ) ;
#4519 = CARTESIAN_POINT ( 'NONE',  ( 0.7383066083379713500, -1.437733155448049900, -0.2778952660025436100 ) ) ;
#4520 = CARTESIAN_POINT ( 'NONE',  ( 1.218999999999970600, 2.500000000000003600, -2.046260484904555200E-014 ) ) ;
#4521 = CARTESIAN_POINT ( 'NONE',  ( 1.213270992242302200, 0.2789580599291793800, 0.2003143261153175800 ) ) ;
#4522 = CARTESIAN_POINT ( 'NONE',  ( 0.7836048998103651900, -2.932423079852628100, -0.05103245692351915400 ) ) ;
#4523 = CARTESIAN_POINT ( 'NONE',  ( 0.7647419985653360900, -0.7585747050593653100, 0.1965860471683753000 ) ) ;
#4524 = CARTESIAN_POINT ( 'NONE',  ( -0.3436533185359886800, 2.808909454841638500, 1.184364240295003600 ) ) ;
#4525 = CARTESIAN_POINT ( 'NONE',  ( -0.9290681242800689100, 0.3723013559425615800, -0.8062532592946372000 ) ) ;
#4526 = CARTESIAN_POINT ( 'NONE',  ( -0.8610557263517592000, -2.500000000000000400, -0.2865371676888039400 ) ) ;
#4527 = CARTESIAN_POINT ( 'NONE',  ( 0.5018787815014094100, 0.3358244669913115800, 1.123173586471620600 ) ) ;
#4528 = CARTESIAN_POINT ( 'NONE',  ( 0.9245476424938676700, -0.8154172211164237800, -0.8107975516649822400 ) ) ;
#4529 = CARTESIAN_POINT ( 'NONE',  ( 1.120083624666769600, 0.9227082935854713500, -0.5075029183502747200 ) ) ;
#4530 = CARTESIAN_POINT ( 'NONE',  ( 1.219000000000000100, -2.063000000000000200, 0.0000000000000000000 ) ) ;
#4531 = CARTESIAN_POINT ( 'NONE',  ( -0.2368093247294383900, 2.324995141551827500, 0.7532220841851680100 ) ) ;
#4532 = CARTESIAN_POINT ( 'NONE',  ( 0.7682050723921268800, 2.037028481911897800, 0.1830580936916087500 ) ) ;
#4533 = CARTESIAN_POINT ( 'NONE',  ( -0.02575674307610875700, -1.909831019137107500, -0.7884402562466482600 ) ) ;
#4534 = CARTESIAN_POINT ( 'NONE',  ( 0.06669351175002051500, 2.500000000000001800, 1.191714232574918200 ) ) ;
#4535 = CARTESIAN_POINT ( 'NONE',  ( 0.5201571295916492800, -0.2146174025339713500, -0.5930919767610046700 ) ) ;
#4536 = CARTESIAN_POINT ( 'NONE',  ( -0.7361137134212679700, -0.9946083633450904000, 0.2856839678120693900 ) ) ;
#4537 = CARTESIAN_POINT ( 'NONE',  ( 1.218999999999975900, 2.060000000000008900, -3.687864663890029200E-015 ) ) ;
#4538 = CARTESIAN_POINT ( 'NONE',  ( 0.7853298183767527500, 0.6512587163456852200, 0.9468499970035088000 ) ) ;
#4539 = CARTESIAN_POINT ( 'NONE',  ( -1.064947164945457800, -1.716666353732538000, 0.6148508074799720100 ) ) ;
#4540 = CARTESIAN_POINT ( 'NONE',  ( -0.9962076681942002600, 0.6791571532990440300, -0.7217511472676736400 ) ) ;
#4541 = CARTESIAN_POINT ( 'NONE',  ( 0.5796874518068031400, -0.1931257010629412200, -1.084501027639208600 ) ) ;
#4542 = CARTESIAN_POINT ( 'NONE',  ( -0.9755813789847207500, 1.115833176471001700, -0.7485916255370419500 ) ) ;
#4543 = CARTESIAN_POINT ( 'NONE',  ( -1.067813251959267400, -2.316666666723799400, -0.6165022674776060600 ) ) ;
#4544 = CARTESIAN_POINT ( 'NONE',  ( -0.2462031175629784400, 2.088942779759500800, -0.7502067306539114100 ) ) ;
#4545 = CARTESIAN_POINT ( 'NONE',  ( -0.3018281107065058900, 1.287485399317090500, 0.7288353661821225200 ) ) ;
#4546 = CARTESIAN_POINT ( 'NONE',  ( 1.070497880175409900, -2.464861069317631200, -0.5873451371529127000 ) ) ;
#4547 = CARTESIAN_POINT ( 'NONE',  ( -0.4802052199692954400, -0.08586720241578949000, -0.6258534782177780400 ) ) ;
#4548 = CARTESIAN_POINT ( 'NONE',  ( -0.6662523293769854200, 2.499999999999990700, 0.9485446123413156000 ) ) ;
#4549 = CARTESIAN_POINT ( 'NONE',  ( -0.1791772467190483100, -1.051497621276013900, 0.7682522216554731300 ) ) ;
#4550 = CARTESIAN_POINT ( 'NONE',  ( -0.6747307256046076700, -1.080466152292281400, -0.4101863206932432900 ) ) ;
#4551 = CARTESIAN_POINT ( 'NONE',  ( 0.7365550690289957000, 2.524237234319212800, -0.2737366915953146600 ) ) ;
#4552 = CARTESIAN_POINT ( 'NONE',  ( 0.1940778486585705300, 0.8658418514178254400, -1.214745373265484300 ) ) ;
#4553 = CARTESIAN_POINT ( 'NONE',  ( 0.3952700781599195500, -1.587917057210782800, 1.164439485753306900 ) ) ;
#4554 = CARTESIAN_POINT ( 'NONE',  ( -1.134080772637729600, 0.7006156790772268800, -0.4766819893010503200 ) ) ;
#4555 = CARTESIAN_POINT ( 'NONE',  ( -1.223782262019944800, 0.5793755252517772700, -0.1205265572642124500 ) ) ;
#4556 = CARTESIAN_POINT ( 'NONE',  ( -1.227061010066884400, 1.759583412648304300, -0.08042515275731351700 ) ) ;
#4557 = CARTESIAN_POINT ( 'NONE',  ( 1.219039036853555100, 1.623000001736103300, -0.02934010433701195900 ) ) ;
#4558 = CARTESIAN_POINT ( 'NONE',  ( -0.7849185906742453000, 2.196228322235217200, -0.08538005418862874800 ) ) ;
#4559 = CARTESIAN_POINT ( 'NONE',  ( -0.04023864898589386800, -1.909791061818562500, -1.229042911272103100 ) ) ;
#4560 = CARTESIAN_POINT ( 'NONE',  ( -0.1539315335441815400, 0.1287135394720703400, 0.7736902768968518800 ) ) ;
#4561 = CARTESIAN_POINT ( 'NONE',  ( 1.010998485384923700, 2.499999999999998700, 0.6773368344252084200 ) ) ;
#4562 = CARTESIAN_POINT ( 'NONE',  ( -0.5578013360594145100, -0.5150280784139972300, 0.5578044142444379400 ) ) ;
#4563 = CARTESIAN_POINT ( 'NONE',  ( 0.5274935982260979800, 1.679206618400951100, -0.5875218666367022500 ) ) ;
#4564 = CARTESIAN_POINT ( 'NONE',  ( 0.7830534477622771400, -2.500000000000000000, -0.03336307881352267700 ) ) ;
#4565 = CARTESIAN_POINT ( 'NONE',  ( 1.223625230137905400, 1.022489961662601500, 0.1269579559021542500 ) ) ;
#4566 = CARTESIAN_POINT ( 'NONE',  ( 0.9995576333987873400, 0.2360410597120616800, 0.7162810793369905900 ) ) ;
#4567 = CARTESIAN_POINT ( 'NONE',  ( -0.9550002478999397600, -1.552509198871844700, 0.7754667592306316900 ) ) ;
#4568 = CARTESIAN_POINT ( 'NONE',  ( 0.6052298386755755600, -0.5075129312399241400, 0.5070422442860944600 ) ) ;
#4569 = CARTESIAN_POINT ( 'NONE',  ( 0.7682050723921267600, 2.037028481911897800, 0.1830580936916087200 ) ) ;
#4570 = CARTESIAN_POINT ( 'NONE',  ( -0.05958531337139728200, 2.346451127455991600, 0.7873086370944071300 ) ) ;
#4571 = CARTESIAN_POINT ( 'NONE',  ( -1.064947164945457800, -1.716666353732538000, 0.6148508074799720100 ) ) ;
#4572 = CARTESIAN_POINT ( 'NONE',  ( 0.1029297548487125200, -0.4292046977885850000, 0.7821276785822971500 ) ) ;
#4573 = CARTESIAN_POINT ( 'NONE',  ( 0.8852513361986600300, 2.499999999999998700, 0.8294271127838049900 ) ) ;
#4574 = CARTESIAN_POINT ( 'NONE',  ( 0.5392150451836675900, -1.394806009236726300, -0.5758039591960633100 ) ) ;
#4575 = CARTESIAN_POINT ( 'NONE',  ( 0.4174808181200918600, 2.570550668479815800, -0.6723973405545918800 ) ) ;
#4576 = CARTESIAN_POINT ( 'NONE',  ( 0.6148508074489197300, -1.373333646269173900, -1.064947164962966000 ) ) ;
#4577 = CARTESIAN_POINT ( 'NONE',  ( -0.6887761431329275700, 0.8293650996553352300, 1.019291472996495000 ) ) ;
#4578 = CARTESIAN_POINT ( 'NONE',  ( -0.4621880130647220700, 2.499999999999999600, 0.7040294123531341000 ) ) ;
#4579 = CARTESIAN_POINT ( 'NONE',  ( -0.2398996534053763600, -0.1287502341851098600, -1.206067579022645200 ) ) ;
#4580 = CARTESIAN_POINT ( 'NONE',  ( 0.8062893656207245100, -1.402301357480604900, 0.9291121308017864500 ) ) ;
#4581 = CARTESIAN_POINT ( 'NONE',  ( 1.070497880175419700, -2.095138930682370200, 0.5873451371528977100 ) ) ;
#4582 = AXIS2_PLACEMENT_3D ( 'NONE', #3984, #407, #780 ) ;
#4583 = CARTESIAN_POINT ( 'NONE',  ( -0.3793001824591625800, -0.6362825502687911000, 0.6924783140243768700 ) ) ;
#4584 = ORIENTED_EDGE ( 'NONE', *, *, #841, .T. ) ;
#4585 = CARTESIAN_POINT ( 'NONE',  ( 0.1871235988914623800, -1.494613532047313300, -0.7670639355679583800 ) ) ;
#4586 = CARTESIAN_POINT ( 'NONE',  ( -0.8934404109185754000, -0.07832397224435061500, 0.8455687376249053600 ) ) ;
#4587 = CARTESIAN_POINT ( 'NONE',  ( -0.7288353679152737000, -1.802514607011535000, -0.3018281073132688700 ) ) ;
#4588 = CARTESIAN_POINT ( 'NONE',  ( 0.1791814861535460400, -1.008558535548572700, 0.7682512321266857800 ) ) ;
#4589 = CARTESIAN_POINT ( 'NONE',  ( 0.6567539338377050800, 2.499999999999999100, 1.013557690533740900 ) ) ;
#4590 = CARTESIAN_POINT ( 'NONE',  ( -0.6558928914996590100, -0.6437901992760153300, -0.4383127350510619400 ) ) ;
#4591 = CARTESIAN_POINT ( 'NONE',  ( 0.5274309416874828300, 2.880730945289906600, 0.5868797948923767400 ) ) ;
#4592 = CARTESIAN_POINT ( 'NONE',  ( -0.8975113652239132800, -1.695207853825244900, 0.8406176375663309000 ) ) ;
#4593 = CARTESIAN_POINT ( 'NONE',  ( 1.117567197597445500, 1.580994620826773300, 0.5058958971953460000 ) ) ;
#4594 = CARTESIAN_POINT ( 'NONE',  ( -0.7496704963715026300, 2.500000000000002200, 0.4569343689512738200 ) ) ;
#4595 = CARTESIAN_POINT ( 'NONE',  ( -0.1205265572642740700, -0.4506244747482301400, 1.223782262019944800 ) ) ;
#4596 = COORDINATED_UNIVERSAL_TIME_OFFSET ( 6, 0, .BEHIND. ) ;
#4597 = CARTESIAN_POINT ( 'NONE',  ( 0.2067082524396101100, -2.367929110420675900, -1.212663872155528300 ) ) ;
#4598 = CARTESIAN_POINT ( 'NONE',  ( 0.6868259022970131200, -2.027877904401023600, -0.3767068608617564200 ) ) ;
#4599 = CARTESIAN_POINT ( 'NONE',  ( -0.1714125474015079600, -1.451699340479756500, -0.7707254364381809200 ) ) ;
#4600 = CARTESIAN_POINT ( 'NONE',  ( -0.2041162037125009400, 1.888319249200014500, 0.7620006745629984700 ) ) ;
#4601 = CARTESIAN_POINT ( 'NONE',  ( -1.227913503728406100, -0.7435327632576146400, -0.07407098981120620300 ) ) ;
#4602 = CARTESIAN_POINT ( 'NONE',  ( -0.6412610863178597200, -1.823973567544612500, -0.4594512213797267200 ) ) ;
#4603 = CARTESIAN_POINT ( 'NONE',  ( -0.5758009841944615700, -1.695250147602924000, 0.5392182233293343300 ) ) ;
#4604 = CARTESIAN_POINT ( 'NONE',  ( 0.3489604620968018200, -0.9870976311522016200, 0.7074825312570697200 ) ) ;
#4605 = CARTESIAN_POINT ( 'NONE',  ( -0.8494796763533778400, 2.500000000000000000, 0.7610722310531015100 ) ) ;
#4606 = CARTESIAN_POINT ( 'NONE',  ( -0.2536230489876349400, 0.4720676364202702200, -0.7469758525557860200 ) ) ;
#4607 = CARTESIAN_POINT ( 'NONE',  ( -1.665190047187642100E-006, 2.169954691979321600, -0.7909859430977483900 ) ) ;
#4608 = CARTESIAN_POINT ( 'NONE',  ( 0.4165928773177196000, 1.566423132201266500, -0.6698812358309868000 ) ) ;
#4609 = CARTESIAN_POINT ( 'NONE',  ( 0.4331610121514535300, -0.4077086539578738100, 1.150892356813197000 ) ) ;
#4610 = CARTESIAN_POINT ( 'NONE',  ( -0.7117184478208897800, -1.659820801135694500, -0.3419958827971668100 ) ) ;
#4611 = CARTESIAN_POINT ( 'NONE',  ( -0.3111394508310277300, 2.499999999999999100, 0.7697741455060890200 ) ) ;
#4612 = CARTESIAN_POINT ( 'NONE',  ( 0.4766751348773714500, -2.389371811970725500, -1.134240474025996100 ) ) ;
#4613 = CARTESIAN_POINT ( 'NONE',  ( 0.6326288797556708400, -1.667313417565539100, 0.4632575209107835400 ) ) ;
#4614 = CARTESIAN_POINT ( 'NONE',  ( -0.5144854500651328000, -0.2285741663396519400, -0.5989138052758996600 ) ) ;
#4615 = CARTESIAN_POINT ( 'NONE',  ( 0.7850597333521958100, 1.480610555660052200, -0.07738280380558577900 ) ) ;
#4616 = CARTESIAN_POINT ( 'NONE',  ( -0.03385271256576707900, -0.5933240657703973100, 1.229679603144459000 ) ) ;
#4617 = CARTESIAN_POINT ( 'NONE',  ( -0.7871626542376882800, -1.759608452792804000, 0.05160846165090500500 ) ) ;
#4618 = CARTESIAN_POINT ( 'NONE',  ( -0.6215709839428271700, 1.387241450860472200, 0.4869928963248966700 ) ) ;
#4619 = CARTESIAN_POINT ( 'NONE',  ( -0.2289715063218940000, 0.7081013201750820900, 0.7548913879874303800 ) ) ;
#4620 = CARTESIAN_POINT ( 'NONE',  ( -0.5930891059392423600, 1.244561245709262500, 0.5201604023154295900 ) ) ;
#4621 = CARTESIAN_POINT ( 'NONE',  ( -0.7469758525558046800, -0.5579323635797460700, 0.2536230489875999100 ) ) ;
#4622 = CARTESIAN_POINT ( 'NONE',  ( 0.6385068493032369800, 1.989427039783163700, 1.055095810568074300 ) ) ;
#4623 = CARTESIAN_POINT ( 'NONE',  ( -0.9505710321984589500, 0.06437464730445410800, 0.7801092823900202000 ) ) ;
#4624 = CARTESIAN_POINT ( 'NONE',  ( -0.5456281737032270300, -2.282114785726229800, -0.5707866864204994600 ) ) ;
#4625 = CARTESIAN_POINT ( 'NONE',  ( -0.7598772660480214200, 2.500000000000000400, 0.4436635206462516400 ) ) ;
#4626 = CARTESIAN_POINT ( 'NONE',  ( 0.8362277565105276100, 0.2220931577284434600, -0.9022024888187804000 ) ) ;
#4627 = CARTESIAN_POINT ( 'NONE',  ( -0.2337185719338862300, -1.745634072275715500, -1.207791424921555100 ) ) ;
#4628 = CARTESIAN_POINT ( 'NONE',  ( 1.208464257028050800, -1.633686607823966000, 0.1864215085203185200 ) ) ;
#4629 = CARTESIAN_POINT ( 'NONE',  ( -0.5989138052542786200, -1.258574166354659900, 0.5144854500545437100 ) ) ;
#4630 = CARTESIAN_POINT ( 'NONE',  ( -0.6412585515164741500, 1.823917410720139200, 0.4594547606541079500 ) ) ;
#4631 = CARTESIAN_POINT ( 'NONE',  ( 0.7437860155410341800, -0.3572829802312119700, -0.9798237938010899700 ) ) ;
#4632 = CARTESIAN_POINT ( 'NONE',  ( -0.5004828892784306500, -1.094414652041918500, 0.6097644899282135300 ) ) ;
#4633 = CARTESIAN_POINT ( 'NONE',  ( -0.6165071873686013300, -2.790333334051231100, -1.067820295225706300 ) ) ;
#4634 = CARTESIAN_POINT ( 'NONE',  ( 0.6412610925163019200, 0.2360264072046265900, 0.4594512098476824000 ) ) ;
#4635 = CARTESIAN_POINT ( 'NONE',  ( 0.3489565582685200700, 0.9870414743272275500, -0.7074844577727191800 ) ) ;
#4636 = CARTESIAN_POINT ( 'NONE',  ( 0.7871629390798053900, -0.3004477042024251700, 0.05160411754454719700 ) ) ;
#4637 = CARTESIAN_POINT ( 'NONE',  ( -0.1801902820933918600, 1.934377341105826500, 0.7706555609138933100 ) ) ;
#4638 = CARTESIAN_POINT ( 'NONE',  ( -1.022467019795810100, -0.6437493361117480100, -0.6831815811801385000 ) ) ;
#4639 = CARTESIAN_POINT ( 'NONE',  ( 1.206487823962225200, 1.599662077698778700, 0.2749549747216594200 ) ) ;
#4640 = CARTESIAN_POINT ( 'NONE',  ( -0.9635460358405862900, 2.500000000000001300, 0.04751987587907348400 ) ) ;
#4641 = CARTESIAN_POINT ( 'NONE',  ( 0.6550235485443857100, 0.05042529077630656500, 1.041257520187302400 ) ) ;
#4642 = CARTESIAN_POINT ( 'NONE',  ( -0.4331610121511816900, 1.652291346042017900, -1.150892356813155500 ) ) ;
#4643 = CARTESIAN_POINT ( 'NONE',  ( 0.9798700587182319600, -0.6727170180370275500, -0.7438191782331928800 ) ) ;
#4644 = CARTESIAN_POINT ( 'NONE',  ( 0.6326296795995207700, -2.018703906212025800, -0.4636620067817999700 ) ) ;
#4645 = CARTESIAN_POINT ( 'NONE',  ( -0.6519775382176025100, 0.9730991517859616200, -0.4453212078512265300 ) ) ;
#4646 = CARTESIAN_POINT ( 'NONE',  ( 0.6746809723692224200, -0.9795900028813655500, -0.4101583215337558100 ) ) ;
#4647 = CARTESIAN_POINT ( 'NONE',  ( -1.186539725320187300, -1.301448857015453200, 0.3245603361174219700 ) ) ;
#4648 = CARTESIAN_POINT ( 'NONE',  ( -0.7185335892839785900, -1.137318257500044700, 0.3255728351180677800 ) ) ;
#4649 = CARTESIAN_POINT ( 'NONE',  ( -1.233013298231351100, -2.716999999913661100, 6.704739490967484500E-007 ) ) ;
#4650 = CARTESIAN_POINT ( 'NONE',  ( 0.1029254385722153200, 0.4291485409639419500, -0.7821282459282201700 ) ) ;
#4651 = CARTESIAN_POINT ( 'NONE',  ( 0.7820000011994952000, 2.499981259173925000, -1.076608583900802300E-006 ) ) ;
#4652 = CARTESIAN_POINT ( 'NONE',  ( -2.176718584379546900E-006, 1.029971921587649700, -0.7888743494250319800 ) ) ;
#4653 = CARTESIAN_POINT ( 'NONE',  ( 0.1029297548487125200, -0.4292046977885850000, 0.7821276785822971500 ) ) ;
#4654 = CARTESIAN_POINT ( 'NONE',  ( 0.02540516340071767600, 1.952757668497760100, 1.233049910635747800 ) ) ;
#4655 = CARTESIAN_POINT ( 'NONE',  ( -1.219185301701685800, -0.6008340934597968800, -0.1605179022804488500 ) ) ;
#4656 = CARTESIAN_POINT ( 'NONE',  ( 0.5817603763163131700, -1.981704106167941700, 0.5338856248059358200 ) ) ;
#4657 = CARTESIAN_POINT ( 'NONE',  ( 0.3734557237427979500, 2.863840144055074300, 0.6977716699536166100 ) ) ;
#4658 = CARTESIAN_POINT ( 'NONE',  ( 0.4766516422560532200, 2.389390007725732600, 1.133951823942905400 ) ) ;
#4659 = CARTESIAN_POINT ( 'NONE',  ( -0.5796874745158069300, 1.866874284353181100, 1.084501176293607900 ) ) ;
#4660 = CARTESIAN_POINT ( 'NONE',  ( 0.07407286008638309900, -0.2864672350050337900, 1.227970396035219100 ) ) ;
#4661 = CARTESIAN_POINT ( 'NONE',  ( -0.5593039319564023800, -1.898008739282893700, -0.5593040518481501300 ) ) ;
#4662 = CARTESIAN_POINT ( 'NONE',  ( -0.2613569654754511200, 1.144777345409534000, 0.7450407774095093600 ) ) ;
#4663 = CARTESIAN_POINT ( 'NONE',  ( -0.7893502012884535700, -1.322932426065449100, 0.01782880318304537100 ) ) ;
#4664 = CARTESIAN_POINT ( 'NONE',  ( 0.6550235485443857100, 0.05042529077630656500, 1.041257520187302400 ) ) ;
#4665 = CARTESIAN_POINT ( 'NONE',  ( 8.969605787711097700E-007, -2.606999988744586300, 1.233018913008587300 ) ) ;
#4666 = CARTESIAN_POINT ( 'NONE',  ( 0.6412610925163019200, 0.2360264072046265900, 0.4594512098476824000 ) ) ;
#4667 = CARTESIAN_POINT ( 'NONE',  ( -0.2292790650687605000, 1.751042592368449200, -0.7575037378901068300 ) ) ;
#4668 = CARTESIAN_POINT ( 'NONE',  ( -0.7485916255693069200, -0.08583317646785303100, -0.9755813789593316100 ) ) ;
#4669 = CARTESIAN_POINT ( 'NONE',  ( -0.7889028105679222200, -0.4367040126445857500, 0.03385488924957910700 ) ) ;
#4670 = CARTESIAN_POINT ( 'NONE',  ( -0.3436533185359886800, 2.808909454841638500, 1.184364240295003600 ) ) ;
#4671 = CARTESIAN_POINT ( 'NONE',  ( 0.6887429803983916600, 1.230634898609229500, 1.019245208104158800 ) ) ;
#4672 = CARTESIAN_POINT ( 'NONE',  ( 0.7485875889966865400, 1.974177034658750800, 0.9754466591716612900 ) ) ;
ENDSEC;
END-ISO-10303-21;
