ISO-10303-21;
HEADER;
FILE_DESCRIPTION (( 'STEP AP203' ),
    '1' );
FILE_NAME ('90237A130_NO THREADS_High-Strength Steel Nylon-Insert Locknuts.STEP',
    '2023-02-02T19:57:56',
    ( 'Administrator' ),
    ( 'Managed by Terraform' ),
    'SwSTEP 2.0',
    'SolidWorks 2017',
    '' );
FILE_SCHEMA (( 'CONFIG_CONTROL_DESIGN' ));
ENDSEC;

DATA;
#1 = CONICAL_SURFACE ( 'NONE', #1526, 5.386751345948130000, 0.3490658503988624000 ) ;
#2 = CARTESIAN_POINT ( 'NONE',  ( 5.000000000000003600, 1.722376112906162800, 0.6841637286778152700 ) ) ;
#3 = CARTESIAN_POINT ( 'NONE',  ( -4.900000000000232200, 0.4652386494296843500, 2.944486372866960400 ) ) ;
#4 = ORIENTED_EDGE ( 'NONE', *, *, #1372, .F. ) ;
#5 = CONICAL_SURFACE ( 'NONE', #663, 5.773502691896257300, 1.047197551196596700 ) ;
#6 = CARTESIAN_POINT ( 'NONE',  ( 5.000000000000002700, 1.371606792142444200, -2.004267961893807300 ) ) ;
#7 = APPLICATION_PROTOCOL_DEFINITION ( 'international standard', 'config_control_design', 1994, #20 ) ;
#8 = ORIENTED_EDGE ( 'NONE', *, *, #1085, .T. ) ;
#9 = DIRECTION ( 'NONE',  ( 0.0000000000000000000, -0.0000000000000000000, 1.000000000000000000 ) ) ;
#10 = CARTESIAN_POINT ( 'NONE',  ( -0.09999999999976501300, 0.4652386494296909500, -5.715767664977428300 ) ) ;
#11 = EDGE_CURVE ( 'NONE', #705, #1012, #913, .T. ) ;
#12 = DATE_AND_TIME ( #1118, #593 ) ;
#13 = ORIENTED_EDGE ( 'NONE', *, *, #544, .F. ) ;
#14 = DIRECTION ( 'NONE',  ( 1.224646799147353000E-016, -1.000000000000000000, -0.0000000000000000000 ) ) ;
#15 = CARTESIAN_POINT ( 'NONE',  ( 5.000000000000001800, -2.644743683952035500, -1.857713546976494700 ) ) ;
#16 = DIRECTION ( 'NONE',  ( 1.224646799147353000E-016, -1.000000000000000000, -0.0000000000000000000 ) ) ;
#17 = CARTESIAN_POINT ( 'NONE',  ( -5.000000000000000000, -2.826794919243111900, -1.263163524485145200E-024 ) ) ;
#18 = VERTEX_POINT ( 'NONE', #195 ) ;
#19 = CARTESIAN_POINT ( 'NONE',  ( -4.899999999999999500, 3.000000000000000900, -2.944486372867094000 ) ) ;
#20 = APPLICATION_CONTEXT ( 'configuration controlled 3d designs of mechanical parts and assemblies' ) ;
#21 = CARTESIAN_POINT ( 'NONE',  ( 0.0000000000000000000, -2.999999999999999100, 0.0000000000000000000 ) ) ;
#22 = EDGE_CURVE ( 'NONE', #349, #745, #711, .T. ) ;
#23 = CARTESIAN_POINT ( 'NONE',  ( -0.09080578355433630000, 0.4510983759288891800, 5.721075948317185600 ) ) ;
#24 = CARTESIAN_POINT ( 'NONE',  ( 5.000000000000002700, -2.413041253328154200, 2.771281292110201000 ) ) ;
#25 = ORIENTED_EDGE ( 'NONE', *, *, #1495, .T. ) ;
#26 = DIRECTION ( 'NONE',  ( 1.000000000000000000, 1.341148044034611600E-016, 0.0000000000000000000 ) ) ;
#27 = CARTESIAN_POINT ( 'NONE',  ( 5.000000000000000900, -2.999999999999998700, 0.0000000000000000000 ) ) ;
#28 = APPROVAL_PERSON_ORGANIZATION ( #735, #293, #1745 ) ;
#29 = PLANE ( 'NONE',  #1389 ) ;
#30 = CARTESIAN_POINT ( 'NONE',  ( -3.965298448408815200, 2.456942932043189000, 4.856090052507821300E-016 ) ) ;
#31 = EDGE_LOOP ( 'NONE', ( #624, #1689, #1567, #701 ) ) ;
#32 = CIRCLE ( 'NONE', #725, 3.233653964774448200 ) ;
#33 = DIRECTION ( 'NONE',  ( 1.224646799147353000E-016, -1.000000000000000000, -0.0000000000000000000 ) ) ;
#34 = FACE_OUTER_BOUND ( 'NONE', #261, .T. ) ;
#35 = CARTESIAN_POINT ( 'NONE',  ( -5.000000000000000000, 0.4652386494300531600, 2.771281292110197000 ) ) ;
#36 = CARTESIAN_POINT ( 'NONE',  ( 2.878508968398380700E-016, 1.500000000000000400, 2.350480947161671900 ) ) ;
#37 = EDGE_CURVE ( 'NONE', #1721, #505, #1047, .T. ) ;
#38 = FACE_OUTER_BOUND ( 'NONE', #1122, .T. ) ;
#39 = CARTESIAN_POINT ( 'NONE',  ( 4.992506928359470700, 0.4086977981574683200, 2.826786364735855100 ) ) ;
#40 = CARTESIAN_POINT ( 'NONE',  ( 5.000000000000002700, 1.758358138090576800, 0.0000000000000000000 ) ) ;
#41 = AXIS2_PLACEMENT_3D ( 'NONE', #111, #1701, #761 ) ;
#42 = CARTESIAN_POINT ( 'NONE',  ( 4.999183800422856400, 0.4373533600799570100, 2.793646567371024700 ) ) ;
#43 = ADVANCED_FACE ( 'NONE', ( #38 ), #1404, .F. ) ;
#44 = DIRECTION ( 'NONE',  ( -0.0000000000000000000, 1.000000000000000000, -0.0000000000000000000 ) ) ;
#45 = EDGE_LOOP ( 'NONE', ( #671, #754, #736, #607 ) ) ;
#46 = ORIENTED_EDGE ( 'NONE', *, *, #11, .F. ) ;
#47 = EDGE_CURVE ( 'NONE', #1008, #1202, #1150, .T. ) ;
#48 = CARTESIAN_POINT ( 'NONE',  ( 4.936121740625871700, 0.4171035487530129200, 2.918115320616610800 ) ) ;
#49 = VECTOR ( 'NONE', #778, 1000.000000000000000 ) ;
#50 = AXIS2_PLACEMENT_3D ( 'NONE', #1737, #926, #1174 ) ;
#51 = PERSON_AND_ORGANIZATION ( #796, #1278 ) ;
#52 = FACE_OUTER_BOUND ( 'NONE', #931, .T. ) ;
#53 = ORIENTED_EDGE ( 'NONE', *, *, #601, .T. ) ;
#54 = EDGE_LOOP ( 'NONE', ( #904, #1452 ) ) ;
#55 = ORIENTED_EDGE ( 'NONE', *, *, #721, .T. ) ;
#56 = EDGE_CURVE ( 'NONE', #1576, #365, #808, .T. ) ;
#57 = DIRECTION ( 'NONE',  ( 1.224646799147353000E-016, -1.000000000000000000, -0.0000000000000000000 ) ) ;
#58 = AXIS2_PLACEMENT_3D ( 'NONE', #1317, #132, #404 ) ;
#59 = ORIENTED_EDGE ( 'NONE', *, *, #1010, .F. ) ;
#60 = ORIENTED_EDGE ( 'NONE', *, *, #1543, .T. ) ;
#61 = EDGE_CURVE ( 'NONE', #858, #705, #1282, .T. ) ;
#62 = CALENDAR_DATE ( 2023, 2, 2 ) ;
#63 = EDGE_CURVE ( 'NONE', #1721, #243, #1655, .T. ) ;
#64 = EDGE_LOOP ( 'NONE', ( #1237, #1662, #454, #180 ) ) ;
#65 = CIRCLE ( 'NONE', #1621, 3.965298448408814300 ) ;
#66 = VERTEX_POINT ( 'NONE', #1393 ) ;
#67 = CONICAL_SURFACE ( 'NONE', #396, 5.773502691896257300, 1.047197551196596700 ) ;
#68 = CARTESIAN_POINT ( 'NONE',  ( 0.09999999999977084200, 0.4652386494296907900, 5.715767664977428300 ) ) ;
#69 = ORIENTED_EDGE ( 'NONE', *, *, #442, .T. ) ;
#70 = EDGE_CURVE ( 'NONE', #1672, #115, #591, .T. ) ;
#71 = DIRECTION ( 'NONE',  ( 1.224646799147353000E-016, -1.000000000000000000, -0.0000000000000000000 ) ) ;
#72 = B_SPLINE_CURVE_WITH_KNOTS ( 'NONE', 3,
 ( #434, #1359, #1486, #309 ),
 .UNSPECIFIED., .F., .F.,
 ( 4, 4 ),
 ( 0.01011932072191469900, 0.01131202726519314200 ),
 .UNSPECIFIED. ) ;
#73 = CARTESIAN_POINT ( 'NONE',  ( 4.986413432147561900, 0.3996348065977542400, -2.844171999505646900 ) ) ;
#74 = ORIENTED_EDGE ( 'NONE', *, *, #934, .T. ) ;
#75 = ORIENTED_EDGE ( 'NONE', *, *, #1053, .T. ) ;
#76 = CARTESIAN_POINT ( 'NONE',  ( 0.0000000000000000000, 1.500000000000000400, -2.350480947161671900 ) ) ;
#77 = FACE_OUTER_BOUND ( 'NONE', #1596, .T. ) ;
#78 = DIRECTION ( 'NONE',  ( 1.224646799147353000E-016, -1.000000000000000000, -0.0000000000000000000 ) ) ;
#79 = LINE ( 'NONE', #27, #203 ) ;
#80 = DIRECTION ( 'NONE',  ( -0.0000000000000000000, -1.000000000000000000, -0.0000000000000000000 ) ) ;
#81 = FACE_OUTER_BOUND ( 'NONE', #1384, .T. ) ;
#82 = AXIS2_PLACEMENT_3D ( 'NONE', #888, #1184, #389 ) ;
#83 = B_SPLINE_CURVE_WITH_KNOTS ( 'NONE', 3,
 ( #191, #178, #1512, #1653, #48, #1248, #844, #847, #1517, #447, #1379, #592, #587, #186, #977, #1107, #39, #323, #1242, #42, #1256, #1104 ),
 .UNSPECIFIED., .F., .F.,
 ( 4, 3, 3, 3, 3, 3, 3, 4 ),
 ( 5.922811001915738500E-018, 5.304648343468787700E-005, 9.131488733033426400E-005, 0.0001179609969533222300, 0.0001448720566386399500, 0.0001687983737155235400, 0.0002082957057885120500, 0.0002616183590332249500 ),
 .UNSPECIFIED. ) ;
#84 = ORIENTED_EDGE ( 'NONE', *, *, #764, .T. ) ;
#85 = CARTESIAN_POINT ( 'NONE',  ( -4.235746970991301400, 1.371606792142444600, 3.327993037975291600 ) ) ;
#86 = CARTESIAN_POINT ( 'NONE',  ( -2.499999999999997800, 1.758358138090576000, -4.330127018922196300 ) ) ;
#87 = CARTESIAN_POINT ( 'NONE',  ( -4.989008921034837000, 0.4036240720279506400, 2.836669576758506000 ) ) ;
#88 = ORIENTED_EDGE ( 'NONE', *, *, #37, .F. ) ;
#89 = CARTESIAN_POINT ( 'NONE',  ( 4.475156888662789700, 1.089005272467545400, -3.189769657560988400 ) ) ;
#90 = CARTESIAN_POINT ( 'NONE',  ( 5.000000000000002700, 0.4510983759288834100, -2.781897858789981600 ) ) ;
#91 = EDGE_CURVE ( 'NONE', #1012, #634, #617, .T. ) ;
#92 = CARTESIAN_POINT ( 'NONE',  ( 3.233653964774447300, 2.546942932043189300, 0.0000000000000000000 ) ) ;
#93 = CARTESIAN_POINT ( 'NONE',  ( -3.233653964774449100, 2.546942932043188900, 3.960083977511176400E-016 ) ) ;
#94 = VERTEX_POINT ( 'NONE', #1633 ) ;
#95 = CC_DESIGN_DATE_AND_TIME_ASSIGNMENT ( #433, #1493, ( #181 ) ) ;
#96 = B_SPLINE_CURVE_WITH_KNOTS ( 'NONE', 3,
 ( #964, #1206, #1606, #1054 ),
 .UNSPECIFIED., .F., .F.,
 ( 4, 4 ),
 ( 0.004290138835191270100, 0.005478702049249926400 ),
 .UNSPECIFIED. ) ;
#97 = DIRECTION ( 'NONE',  ( 1.224646799147353000E-016, -1.000000000000000000, -0.0000000000000000000 ) ) ;
#98 = ORIENTED_EDGE ( 'NONE', *, *, #1604, .F. ) ;
#99 = CARTESIAN_POINT ( 'NONE',  ( 2.500000000000001300, 1.758358138090576400, 4.330127018922194500 ) ) ;
#100 = CARTESIAN_POINT ( 'NONE',  ( -4.979259761412416600, 0.3951145159000454300, 2.859971415226389500 ) ) ;
#101 = ADVANCED_FACE ( 'NONE', ( #270 ), #1089, .F. ) ;
#102 = APPROVAL_DATE_TIME ( #471, #329 ) ;
#103 = CARTESIAN_POINT ( 'NONE',  ( 0.008599767180154134100, 0.3943951849853728500, -5.742422396757433500 ) ) ;
#104 = CARTESIAN_POINT ( 'NONE',  ( 5.000000000000002700, 0.4652386494296859000, 2.771281292110469300 ) ) ;
#105 = ORIENTED_EDGE ( 'NONE', *, *, #1422, .F. ) ;
#106 = FACE_OUTER_BOUND ( 'NONE', #914, .T. ) ;
#107 = EDGE_CURVE ( 'NONE', #378, #1202, #1330, .T. ) ;
#108 = ORIENTED_EDGE ( 'NONE', *, *, #1241, .F. ) ;
#109 = CARTESIAN_POINT ( 'NONE',  ( -4.909194216445660800, 0.4510983759288829700, -2.939178089527204800 ) ) ;
#110 = FACE_BOUND ( 'NONE', #1323, .T. ) ;
#111 = CARTESIAN_POINT ( 'NONE',  ( -5.827308063009380900E-016, 1.758358138090576200, 0.0000000000000000000 ) ) ;
#112 = EDGE_LOOP ( 'NONE', ( #1352, #1487, #1015, #864, #728, #1732 ) ) ;
#113 = CARTESIAN_POINT ( 'NONE',  ( 0.08033115725889901400, 0.4374951621074735200, -5.726190138045208900 ) ) ;
#114 = CARTESIAN_POINT ( 'NONE',  ( -4.983225152272441800, 0.3967837607443569500, -2.851844302101589800 ) ) ;
#115 = VERTEX_POINT ( 'NONE', #173 ) ;
#116 = ADVANCED_FACE ( 'NONE', ( #739 ), #1668, .T. ) ;
#117 = DIRECTION ( 'NONE',  ( -0.0000000000000000000, -1.000000000000000000, -0.0000000000000000000 ) ) ;
#118 = CARTESIAN_POINT ( 'NONE',  ( 4.814824860968089600E-032, -2.399999999999999000, -2.350480947161671900 ) ) ;
#119 = EDGE_CURVE ( 'NONE', #431, #1397, #439, .T. ) ;
#120 = DIRECTION ( 'NONE',  ( 1.000000000000000000, 1.469865004250909200E-016, 0.0000000000000000000 ) ) ;
#121 = DIRECTION ( 'NONE',  ( 0.0000000000000000000, 0.0000000000000000000, -1.000000000000000000 ) ) ;
#122 = CARTESIAN_POINT ( 'NONE',  ( 4.961382189394103500, 0.3967837607443540100, -2.889677423594715100 ) ) ;
#123 = AXIS2_PLACEMENT_3D ( 'NONE', #1700, #1301, #1043 ) ;
#124 = DIRECTION ( 'NONE',  ( 1.000000000000000000, 9.225364483764354300E-017, 0.0000000000000000000 ) ) ;
#125 = DIRECTION ( 'NONE',  ( -0.8660254037844381500, 0.5000000000000007800, 0.0000000000000000000 ) ) ;
#126 = ADVANCED_FACE ( 'NONE', ( #872 ), #1524, .T. ) ;
#127 = B_SPLINE_CURVE_WITH_KNOTS ( 'NONE', 3,
 ( #375, #1310, #1018, #215, #747, #85 ),
 .UNSPECIFIED., .F., .F.,
 ( 4, 2, 4 ),
 ( 0.002992633471964828100, 0.004004991649330658100, 0.005017349826696488100 ),
 .UNSPECIFIED. ) ;
#128 = ORIENTED_EDGE ( 'NONE', *, *, #1066, .T. ) ;
#129 = PLANE ( 'NONE',  #1702 ) ;
#130 = CARTESIAN_POINT ( 'NONE',  ( 0.7642530290086985100, 1.371606792142444600, 5.332260999869101100 ) ) ;
#131 = CARTESIAN_POINT ( 'NONE',  ( 3.959785322676865800, 1.490169184552817500, 3.487319569915640700 ) ) ;
#132 = DIRECTION ( 'NONE',  ( 1.224646799147353000E-016, -1.000000000000000000, -0.0000000000000000000 ) ) ;
#133 = TOROIDAL_SURFACE ( 'NONE', #1556, 3.965298448408814300, 1.034701551591187000 ) ;
#134 = CIRCLE ( 'NONE', #1674, 3.233653964774448200 ) ;
#135 = CIRCLE ( 'NONE', #982, 5.000000000000000900 ) ;
#136 = CARTESIAN_POINT ( 'NONE',  ( 5.000000000000002700, 1.371606792142444600, 2.004267961893808600 ) ) ;
#137 = EDGE_CURVE ( 'NONE', #1576, #952, #72, .T. ) ;
#138 = ORIENTED_EDGE ( 'NONE', *, *, #291, .F. ) ;
#139 = CARTESIAN_POINT ( 'NONE',  ( 3.097469444179522300, 1.713881854207385500, 3.985177874492571400 ) ) ;
#140 = CARTESIAN_POINT ( 'NONE',  ( 0.0000000000000000000, -2.999999999999999100, 0.0000000000000000000 ) ) ;
#141 = DIRECTION ( 'NONE',  ( 1.000000000000000000, 1.093690360603823500E-016, 0.0000000000000000000 ) ) ;
#142 = AXIS2_PLACEMENT_3D ( 'NONE', #400, #1196, #541 ) ;
#143 = DIRECTION ( 'NONE',  ( -0.5000000000000003300, 0.0000000000000000000, 0.8660254037844386000 ) ) ;
#144 = DIRECTION ( 'NONE',  ( 1.000000000000000000, 8.673617379884034200E-017, 0.0000000000000000000 ) ) ;
#145 = CARTESIAN_POINT ( 'NONE',  ( 0.0000000000000000000, -2.999999999999999100, 0.0000000000000000000 ) ) ;
#146 = CARTESIAN_POINT ( 'NONE',  ( 4.990766960848835900, -2.398058488699064100, -2.840926831920632400 ) ) ;
#147 = CARTESIAN_POINT ( 'NONE',  ( 3.369960114714635100E-014, -2.398076211353160400, -5.742562584220682900 ) ) ;
#148 = CARTESIAN_POINT ( 'NONE',  ( 0.0000000000000000000, 2.456942932043189500, -2.350480947161671900 ) ) ;
#149 = ORIENTED_EDGE ( 'NONE', *, *, #980, .F. ) ;
#150 = EDGE_CURVE ( 'NONE', #168, #1263, #214, .T. ) ;
#151 = ADVANCED_FACE ( 'NONE', ( #315 ), #1041, .T. ) ;
#152 = CARTESIAN_POINT ( 'NONE',  ( 4.900000000000258800, -2.413041253328071600, -2.944486372866942100 ) ) ;
#153 = DIRECTION ( 'NONE',  ( 1.224646799147353000E-016, -1.000000000000000000, -0.0000000000000000000 ) ) ;
#154 = AXIS2_PLACEMENT_3D ( 'NONE', #1684, #881, #1715 ) ;
#155 = DIRECTION ( 'NONE',  ( 0.0000000000000000000, 0.0000000000000000000, -1.000000000000000000 ) ) ;
#156 = CARTESIAN_POINT ( 'NONE',  ( 0.0000000000000000000, 1.371606792142444600, -5.386751345948130000 ) ) ;
#157 = PLANE ( 'NONE',  #605 ) ;
#158 = ORIENTED_EDGE ( 'NONE', *, *, #544, .T. ) ;
#159 = CARTESIAN_POINT ( 'NONE',  ( 4.955462143262976400, -2.398094025201658500, -2.901949025614190400 ) ) ;
#160 = CARTESIAN_POINT ( 'NONE',  ( -5.000000000000002700, 1.965298448408812100, 6.123233995736767300E-016 ) ) ;
#161 = ORIENTED_EDGE ( 'NONE', *, *, #1529, .F. ) ;
#162 = FACE_OUTER_BOUND ( 'NONE', #1626, .T. ) ;
#163 = VERTEX_POINT ( 'NONE', #295 ) ;
#164 = VECTOR ( 'NONE', #125, 1000.000000000000100 ) ;
#165 = DIRECTION ( 'NONE',  ( 1.224646799147353000E-016, -1.000000000000000000, -0.0000000000000000000 ) ) ;
#166 = EDGE_CURVE ( 'NONE', #168, #374, #475, .T. ) ;
#167 = CARTESIAN_POINT ( 'NONE',  ( 0.09999999999977084200, 0.4652386494296907900, 5.715767664977428300 ) ) ;
#168 = VERTEX_POINT ( 'NONE', #30 ) ;
#169 = EDGE_CURVE ( 'NONE', #391, #1271, #1129, .T. ) ;
#170 = ORIENTED_EDGE ( 'NONE', *, *, #273, .F. ) ;
#171 = CARTESIAN_POINT ( 'NONE',  ( -5.000000000000000900, -2.999999999999999600, 6.123233995736767300E-016 ) ) ;
#172 = SECURITY_CLASSIFICATION_LEVEL ( 'unclassified' ) ;
#173 = CARTESIAN_POINT ( 'NONE',  ( -3.965298448408815200, 2.546942932043188900, 4.856090052507821300E-016 ) ) ;
#174 = CARTESIAN_POINT ( 'NONE',  ( 5.000000000000003600, -2.788282123067868000, -0.9327178985830570900 ) ) ;
#175 = ADVANCED_FACE ( 'NONE', ( #110, #387 ), #157, .T. ) ;
#176 = CARTESIAN_POINT ( 'NONE',  ( -0.07025788492561370300, -2.403429111358250200, 5.732939283121974800 ) ) ;
#177 = EDGE_CURVE ( 'NONE', #505, #705, #483, .T. ) ;
#178 = CARTESIAN_POINT ( 'NONE',  ( 4.909194216445663500, 0.4510983759288841900, 2.939178089527199100 ) ) ;
#179 = CARTESIAN_POINT ( 'NONE',  ( 0.0000000000000000000, -2.999999999999999100, 0.0000000000000000000 ) ) ;
#180 = ORIENTED_EDGE ( 'NONE', *, *, #336, .T. ) ;
#181 = PRODUCT_DEFINITION ( 'UNKNOWN', '', #536, #730 ) ;
#182 = ADVANCED_FACE ( 'NONE', ( #1143 ), #1447, .T. ) ;
#183 = ORIENTED_EDGE ( 'NONE', *, *, #1727, .T. ) ;
#184 = CIRCLE ( 'NONE', #1199, 5.386751345948130000 ) ;
#185 = DIRECTION ( 'NONE',  ( 1.224646799147353000E-016, -1.000000000000000000, -0.0000000000000000000 ) ) ;
#186 = CARTESIAN_POINT ( 'NONE',  ( 4.983225152272443600, 0.3967837607443547900, 2.851844302101585800 ) ) ;
#187 = LINE ( 'NONE', #1333, #1538 ) ;
#188 = CIRCLE ( 'NONE', #1502, 5.386751345948130000 ) ;
#189 = ORIENTED_EDGE ( 'NONE', *, *, #273, .T. ) ;
#190 = CARTESIAN_POINT ( 'NONE',  ( 0.0000000000000000000, 1.371606792142444600, 0.0000000000000000000 ) ) ;
#191 = CARTESIAN_POINT ( 'NONE',  ( 4.899999999999995900, 0.4652386494300535500, 2.944486372867092700 ) ) ;
#192 = AXIS2_PLACEMENT_3D ( 'NONE', #684, #558, #1084 ) ;
#193 = ORIENTED_EDGE ( 'NONE', *, *, #70, .F. ) ;
#194 = ORIENTED_EDGE ( 'NONE', *, *, #61, .F. ) ;
#195 = CARTESIAN_POINT ( 'NONE',  ( -3.965298448408815200, 1.500000000000000000, 4.856090052507821300E-016 ) ) ;
#196 = EDGE_CURVE ( 'NONE', #894, #993, #348, .T. ) ;
#197 = ORIENTED_EDGE ( 'NONE', *, *, #690, .F. ) ;
#198 = LINE ( 'NONE', #925, #49 ) ;
#199 = APPROVAL ( #700, 'UNSPECIFIED' ) ;
#200 = ORIENTED_EDGE ( 'NONE', *, *, #11, .T. ) ;
#201 = CYLINDRICAL_SURFACE ( 'NONE', #82, 0.2000000000000000900 ) ;
#202 = EDGE_LOOP ( 'NONE', ( #688, #1645, #883, #683, #612, #794, #1344, #1175 ) ) ;
#203 = VECTOR ( 'NONE', #959, 1000.000000000000000 ) ;
#204 = ORIENTED_EDGE ( 'NONE', *, *, #56, .F. ) ;
#205 = EDGE_CURVE ( 'NONE', #335, #768, #1045, .T. ) ;
#206 = CC_DESIGN_DATE_AND_TIME_ASSIGNMENT ( #12, #301, ( #756 ) ) ;
#207 = DIRECTION ( 'NONE',  ( 1.224646799147353000E-016, -1.000000000000000000, -0.0000000000000000000 ) ) ;
#208 = ORIENTED_EDGE ( 'NONE', *, *, #713, .T. ) ;
#209 = CARTESIAN_POINT ( 'NONE',  ( 4.900000000000258800, -2.413041253328071600, -2.944486372866942100 ) ) ;
#210 = AXIS2_PLACEMENT_3D ( 'NONE', #902, #652, #1694 ) ;
#211 = EDGE_LOOP ( 'NONE', ( #726, #384, #138, #835 ) ) ;
#212 = CONICAL_SURFACE ( 'NONE', #1262, 5.000000000000000900, 0.7853981633974432800 ) ;
#213 = B_SPLINE_CURVE_WITH_KNOTS ( 'NONE', 3,
 ( #257, #131, #1183, #1320, #139, #1048, #265, #792 ),
 .UNSPECIFIED., .F., .F.,
 ( 4, 2, 2, 4 ),
 ( 0.0009567858133892418500, 0.001974709642677037300, 0.002483671557320934000, 0.002992633471964831100 ),
 .UNSPECIFIED. ) ;
#214 = LINE ( 'NONE', #1615, #865 ) ;
#215 = CARTESIAN_POINT ( 'NONE',  ( -3.668986759647520300, 1.589758171695556200, 3.655212198560590800 ) ) ;
#216 = CARTESIAN_POINT ( 'NONE',  ( -0.7642530290086930700, 1.371606792142444600, 5.332260999869102000 ) ) ;
#217 = VECTOR ( 'NONE', #826, 1000.000000000000000 ) ;
#218 = APPROVAL_PERSON_ORGANIZATION ( #1424, #199, #937 ) ;
#219 = CARTESIAN_POINT ( 'NONE',  ( 0.0000000000000000000, -2.999999999999999100, 0.0000000000000000000 ) ) ;
#220 = EDGE_CURVE ( 'NONE', #378, #894, #987, .T. ) ;
#221 = CARTESIAN_POINT ( 'NONE',  ( -7.590202491531367800E-017, -2.380212931857906200, 0.0000000000000000000 ) ) ;
#222 = CARTESIAN_POINT ( 'NONE',  ( -5.510910596163087600E-016, 1.500000000000000400, 0.0000000000000000000 ) ) ;
#223 = CC_DESIGN_PERSON_AND_ORGANIZATION_ASSIGNMENT ( #410, #954, ( #536 ) ) ;
#224 = B_SPLINE_CURVE_WITH_KNOTS ( 'NONE', 3,
 ( #645, #90, #1286, #771, #492, #765, #1712, #73, #275, #1590, #786, #656, #918, #122, #1040, #1205, #533, #250, #1476, #1605, #1611, #409 ),
 .UNSPECIFIED., .F., .F.,
 ( 4, 3, 3, 3, 3, 3, 3, 4 ),
 ( 5.344852800672684700E-018, 5.304648343468817500E-005, 9.131488733033400600E-005, 0.0001179609969533216000, 0.0001448720566386393000, 0.0001687983737155229700, 0.0002082957057885093900, 0.0002616183590332277600 ),
 .UNSPECIFIED. ) ;
#225 = CARTESIAN_POINT ( 'NONE',  ( 1.489149831073297100, -2.751967716706537300, -4.913741636062405300 ) ) ;
#226 = ORIENTED_EDGE ( 'NONE', *, *, #422, .T. ) ;
#227 = CARTESIAN_POINT ( 'NONE',  ( -2.203694115650200600, 1.758358138090576600, -4.501199301014020500 ) ) ;
#228 = DIRECTION ( 'NONE',  ( 0.0000000000000000000, 0.0000000000000000000, -1.000000000000000000 ) ) ;
#229 = EDGE_LOOP ( 'NONE', ( #821, #462, #1268, #1677 ) ) ;
#230 = CARTESIAN_POINT ( 'NONE',  ( 3.320222642411679600, -2.826202291771452200, -3.856571255530383700 ) ) ;
#231 = EDGE_CURVE ( 'NONE', #328, #940, #707, .T. ) ;
#232 = DIRECTION ( 'NONE',  ( 1.224646799147353000E-016, -1.000000000000000000, -0.0000000000000000000 ) ) ;
#233 = CYLINDRICAL_SURFACE ( 'NONE', #1484, 2.350480947161671900 ) ;
#234 = CARTESIAN_POINT ( 'NONE',  ( -5.000000000000000900, 1.721882651540588500, -0.6876956500145668900 ) ) ;
#235 = ORIENTED_EDGE ( 'NONE', *, *, #595, .T. ) ;
#236 = DIRECTION ( 'NONE',  ( 0.4999999999999993300, 0.0000000000000000000, -0.8660254037844390400 ) ) ;
#237 = CONICAL_SURFACE ( 'NONE', #1741, 5.000000000000000900, 0.7853981633974432800 ) ;
#238 = AXIS2_PLACEMENT_3D ( 'NONE', #352, #876, #244 ) ;
#239 = VERTEX_POINT ( 'NONE', #393 ) ;
#240 = FACE_BOUND ( 'NONE', #540, .T. ) ;
#241 = CARTESIAN_POINT ( 'NONE',  ( 2.300827354521541900, -2.826940944696617400, -4.445119399404392300 ) ) ;
#242 = ADVANCED_FACE ( 'NONE', ( #488 ), #998, .T. ) ;
#243 = VERTEX_POINT ( 'NONE', #924 ) ;
#244 = DIRECTION ( 'NONE',  ( 1.000000000000000000, 9.225364483764354300E-017, 0.0000000000000000000 ) ) ;
#245 = ORIENTED_EDGE ( 'NONE', *, *, #468, .F. ) ;
#246 = CARTESIAN_POINT ( 'NONE',  ( 1.910797490861390300, 1.722956960824695300, 4.670303246180575100 ) ) ;
#247 = CARTESIAN_POINT ( 'NONE',  ( -4.975351344415218900, 0.3936160398721448300, 2.867871076133388500 ) ) ;
#248 = ORIENTED_EDGE ( 'NONE', *, *, #1646, .T. ) ;
#249 = CARTESIAN_POINT ( 'NONE',  ( 0.8840642604513799800, -2.666437387599148100, 5.263087953143728900 ) ) ;
#250 = CARTESIAN_POINT ( 'NONE',  ( 4.936507393797181300, 0.4166655486935710300, -2.917777108939172000 ) ) ;
#251 = AXIS2_PLACEMENT_3D ( 'NONE', #1471, #930, #804 ) ;
#252 = CARTESIAN_POINT ( 'NONE',  ( -4.900000000000256200, -2.413041253328073000, 2.944486372866946600 ) ) ;
#253 = DIRECTION ( 'NONE',  ( 1.224646799147353000E-016, -1.000000000000000000, -0.0000000000000000000 ) ) ;
#254 = ADVANCED_FACE ( 'NONE', ( #896 ), #129, .F. ) ;
#255 = CARTESIAN_POINT ( 'NONE',  ( -2.350480947161672300, 1.500000000000000200, 2.878508968398380200E-016 ) ) ;
#256 = CARTESIAN_POINT ( 'NONE',  ( -5.000000000000000000, 3.000000000000000900, -2.886751345948132200 ) ) ;
#257 = CARTESIAN_POINT ( 'NONE',  ( 4.235746970991304900, 1.371606792142444600, 3.327993037975287600 ) ) ;
#258 = VERTEX_POINT ( 'NONE', #1459 ) ;
#259 = CARTESIAN_POINT ( 'NONE',  ( -4.900000000000000400, 3.000000000000000900, 2.944486372867094000 ) ) ;
#260 = DIRECTION ( 'NONE',  ( 0.0000000000000000000, -1.000000000000000000, 0.0000000000000000000 ) ) ;
#261 = EDGE_LOOP ( 'NONE', ( #197, #866, #1100, #1255, #194, #597 ) ) ;
#262 = CIRCLE ( 'NONE', #1215, 3.965298448408814300 ) ;
#263 = EDGE_CURVE ( 'NONE', #1665, #337, #1373, .T. ) ;
#264 = ADVANCED_FACE ( 'NONE', ( #1280 ), #67, .T. ) ;
#265 = CARTESIAN_POINT ( 'NONE',  ( 2.648967444122722400, 1.758358138090576400, 4.244120624957447200 ) ) ;
#266 = CIRCLE ( 'NONE', #1154, 4.700000000000000200 ) ;
#267 = CARTESIAN_POINT ( 'NONE',  ( 0.0000000000000000000, 1.371606792142444600, 0.0000000000000000000 ) ) ;
#268 = AXIS2_PLACEMENT_3D ( 'NONE', #1059, #1454, #1719 ) ;
#269 = CARTESIAN_POINT ( 'NONE',  ( -5.000000000000000000, -2.826794919243111900, -1.263163524485145200E-024 ) ) ;
#270 = FACE_OUTER_BOUND ( 'NONE', #1711, .T. ) ;
#271 = CARTESIAN_POINT ( 'NONE',  ( -5.000000000000000000, 1.371606792142444600, -2.004267961893815300 ) ) ;
#272 = DIRECTION ( 'NONE',  ( 1.000000000000000000, 1.301042606982605100E-016, 0.0000000000000000000 ) ) ;
#273 = EDGE_CURVE ( 'NONE', #341, #243, #1428, .T. ) ;
#274 = DIRECTION ( 'NONE',  ( -0.7071067811865473500, -0.7071067811865477900, 8.659560562354932900E-017 ) ) ;
#275 = CARTESIAN_POINT ( 'NONE',  ( 4.983143930467666600, 0.3966036953355475700, -2.852120764064057100 ) ) ;
#276 = AXIS2_PLACEMENT_3D ( 'NONE', #1179, #398, #887 ) ;
#277 = DIRECTION ( 'NONE',  ( -1.224646799147353000E-016, 1.000000000000000000, 0.0000000000000000000 ) ) ;
#278 = ORIENTED_EDGE ( 'NONE', *, *, #1151, .F. ) ;
#279 = DIRECTION ( 'NONE',  ( 1.224646799147353000E-016, -1.000000000000000000, -0.0000000000000000000 ) ) ;
#280 = CARTESIAN_POINT ( 'NONE',  ( -0.08022300367291768100, 0.4373533600799626200, -5.726243453039338700 ) ) ;
#281 = CARTESIAN_POINT ( 'NONE',  ( -4.700000000000000200, -2.999999999999999600, 0.0000000000000000000 ) ) ;
#282 = DIRECTION ( 'NONE',  ( 1.000000000000000000, 1.301042606982605100E-016, 0.0000000000000000000 ) ) ;
#283 = CYLINDRICAL_SURFACE ( 'NONE', #1412, 3.233653964774448200 ) ;
#284 = ADVANCED_FACE ( 'NONE', ( #240, #1401 ), #1289, .F. ) ;
#285 = ORIENTED_EDGE ( 'NONE', *, *, #1453, .T. ) ;
#286 = LINE ( 'NONE', #877, #1501 ) ;
#287 = DIRECTION ( 'NONE',  ( 0.0000000000000000000, 1.000000000000000000, 0.0000000000000000000 ) ) ;
#288 = ORIENTED_EDGE ( 'NONE', *, *, #614, .T. ) ;
#289 = VECTOR ( 'NONE', #1465, 1000.000000000000000 ) ;
#290 = CARTESIAN_POINT ( 'NONE',  ( -0.02948728386947896400, 0.3994729253612339700, -5.740507774946042500 ) ) ;
#291 = EDGE_CURVE ( 'NONE', #1012, #163, #1687, .T. ) ;
#292 = VERTEX_POINT ( 'NONE', #1017 ) ;
#293 = APPROVAL ( #695, 'UNSPECIFIED' ) ;
#294 = DIRECTION ( 'NONE',  ( -0.0000000000000000000, -1.000000000000000000, -0.0000000000000000000 ) ) ;
#295 = CARTESIAN_POINT ( 'NONE',  ( 4.900000000000233900, 0.4652386494296850700, -2.944486372866956800 ) ) ;
#296 = EDGE_LOOP ( 'NONE', ( #596, #1743, #741, #278 ) ) ;
#297 = CARTESIAN_POINT ( 'NONE',  ( -0.03787654490210020500, 0.4036240720279540300, 5.738943253702612600 ) ) ;
#298 = ADVANCED_FACE ( 'NONE', ( #923 ), #1095, .F. ) ;
#299 = CARTESIAN_POINT ( 'NONE',  ( -0.05861540202344805300, 0.4166655486935793000, -5.734029363467653800 ) ) ;
#300 = DIRECTION ( 'NONE',  ( 1.224646799147353000E-016, -1.000000000000000000, -0.0000000000000000000 ) ) ;
#301 = DATE_TIME_ROLE ( 'classification_date' ) ;
#302 = CARTESIAN_POINT ( 'NONE',  ( -5.827308063009380900E-016, 1.758358138090576200, 0.0000000000000000000 ) ) ;
#303 = EDGE_CURVE ( 'NONE', #870, #310, #1155, .T. ) ;
#304 = DIRECTION ( 'NONE',  ( -0.0000000000000000000, -1.000000000000000000, -0.0000000000000000000 ) ) ;
#305 = CARTESIAN_POINT ( 'NONE',  ( 5.000000000000002700, -2.826794919243109200, 0.4679208143586584500 ) ) ;
#306 = AXIS2_PLACEMENT_3D ( 'NONE', #1218, #33, #811 ) ;
#307 = DIRECTION ( 'NONE',  ( -0.0000000000000000000, 1.000000000000000000, 0.0000000000000000000 ) ) ;
#308 = CARTESIAN_POINT ( 'NONE',  ( 0.0000000000000000000, 1.371606792142444600, 0.0000000000000000000 ) ) ;
#309 = CARTESIAN_POINT ( 'NONE',  ( 0.09999999999977084200, 0.4652386494296907900, 5.715767664977428300 ) ) ;
#310 = VERTEX_POINT ( 'NONE', #1441 ) ;
#311 = DIRECTION ( 'NONE',  ( 0.0000000000000000000, 0.0000000000000000000, -1.000000000000000000 ) ) ;
#312 = CARTESIAN_POINT ( 'NONE',  ( -0.004688764830166277500, 0.3940234494002161100, -5.742562584220764600 ) ) ;
#313 = ORIENTED_EDGE ( 'NONE', *, *, #408, .T. ) ;
#314 = CIRCLE ( 'NONE', #566, 5.386751345948130000 ) ;
#315 = FACE_OUTER_BOUND ( 'NONE', #1427, .T. ) ;
#316 = CARTESIAN_POINT ( 'NONE',  ( 0.03543050504133876000, -2.398094025202165600, 5.742530616364003700 ) ) ;
#317 = CARTESIAN_POINT ( 'NONE',  ( 3.965298448408814300, -2.999999999999998700, 0.0000000000000000000 ) ) ;
#318 = CARTESIAN_POINT ( 'NONE',  ( -4.999999999999999100, -2.539435911604941400, -2.319685630237675600 ) ) ;
#319 = CARTESIAN_POINT ( 'NONE',  ( -0.4925903411269985100, -2.539919724662526200, 5.489105525846373900 ) ) ;
#320 = AXIS2_PLACEMENT_3D ( 'NONE', #1185, #1739, #669 ) ;
#321 = ORIENTED_EDGE ( 'NONE', *, *, #879, .T. ) ;
#322 = DIRECTION ( 'NONE',  ( 0.0000000000000000000, 0.0000000000000000000, -1.000000000000000000 ) ) ;
#323 = CARTESIAN_POINT ( 'NONE',  ( 4.995122795820632800, 0.4166655486935733600, 2.816252254528476900 ) ) ;
#324 = DIRECTION ( 'NONE',  ( 0.0000000000000000000, 0.0000000000000000000, -1.000000000000000000 ) ) ;
#325 = AXIS2_PLACEMENT_3D ( 'NONE', #190, #1652, #322 ) ;
#326 = CARTESIAN_POINT ( 'NONE',  ( -5.000000000000000900, -2.787286060575550700, 0.9421959305420610800 ) ) ;
#327 = ORIENTED_EDGE ( 'NONE', *, *, #1617, .F. ) ;
#328 = VERTEX_POINT ( 'NONE', #626 ) ;
#329 = APPROVAL ( #1506, 'UNSPECIFIED' ) ;
#330 = FACE_OUTER_BOUND ( 'NONE', #1535, .T. ) ;
#331 = CARTESIAN_POINT ( 'NONE',  ( 0.0000000000000000000, 1.371606792142444600, -5.386751345948130000 ) ) ;
#332 = EDGE_LOOP ( 'NONE', ( #680, #321, #402, #415 ) ) ;
#333 = CIRCLE ( 'NONE', #590, 2.350480947161671900 ) ;
#334 = ORIENTED_EDGE ( 'NONE', *, *, #381, .F. ) ;
#335 = VERTEX_POINT ( 'NONE', #909 ) ;
#336 = EDGE_CURVE ( 'NONE', #94, #875, #1300, .T. ) ;
#337 = VERTEX_POINT ( 'NONE', #255 ) ;
#338 = AXIS2_PLACEMENT_3D ( 'NONE', #418, #153, #26 ) ;
#339 = ORIENTED_EDGE ( 'NONE', *, *, #476, .F. ) ;
#340 = CARTESIAN_POINT ( 'NONE',  ( -4.929049635198086100, 0.4254584048153475800, 2.924075898216707400 ) ) ;
#341 = VERTEX_POINT ( 'NONE', #757 ) ;
#342 = EDGE_CURVE ( 'NONE', #115, #1672, #613, .T. ) ;
#343 = EDGE_CURVE ( 'NONE', #349, #1271, #657, .T. ) ;
#344 = ORIENTED_EDGE ( 'NONE', *, *, #732, .F. ) ;
#345 = ORIENTED_EDGE ( 'NONE', *, *, #196, .T. ) ;
#346 = CIRCLE ( 'NONE', #623, 5.000000000000000900 ) ;
#347 = CARTESIAN_POINT ( 'NONE',  ( -5.827308063009380900E-016, 1.758358138090576200, 0.0000000000000000000 ) ) ;
#348 = CIRCLE ( 'NONE', #1027, 2.350480947161671900 ) ;
#349 = VERTEX_POINT ( 'NONE', #933 ) ;
#350 = EDGE_CURVE ( 'NONE', #610, #349, #134, .T. ) ;
#351 = AXIS2_PLACEMENT_3D ( 'NONE', #1706, #97, #1024 ) ;
#352 = CARTESIAN_POINT ( 'NONE',  ( -5.510910596163087600E-016, 1.500000000000000400, 0.0000000000000000000 ) ) ;
#353 = CARTESIAN_POINT ( 'NONE',  ( -3.965298448408814300, -2.999999999999999600, 4.856090052507821300E-016 ) ) ;
#354 = ORIENTED_EDGE ( 'NONE', *, *, #91, .F. ) ;
#355 = ORIENTED_EDGE ( 'NONE', *, *, #820, .F. ) ;
#356 = EDGE_CURVE ( 'NONE', #1573, #875, #900, .T. ) ;
#357 = CARTESIAN_POINT ( 'NONE',  ( 0.0000000000000000000, -2.999999999999999100, 0.0000000000000000000 ) ) ;
#358 = AXIS2_PLACEMENT_3D ( 'NONE', #495, #80, #228 ) ;
#359 = FACE_OUTER_BOUND ( 'NONE', #202, .T. ) ;
#360 = B_SPLINE_CURVE_WITH_KNOTS ( 'NONE', 3,
 ( #710, #318, #452, #456, #973, #1523 ),
 .UNSPECIFIED., .F., .F.,
 ( 4, 2, 4 ),
 ( 0.005243234646559791200, 0.006643516322689660900, 0.008043797998819530700 ),
 .UNSPECIFIED. ) ;
#361 = CARTESIAN_POINT ( 'NONE',  ( 4.235746970991304900, 1.371606792142444600, -3.327993037975287600 ) ) ;
#362 = ORIENTED_EDGE ( 'NONE', *, *, #422, .F. ) ;
#363 = CONICAL_SURFACE ( 'NONE', #1396, 5.000000000000000900, 0.7853981633974432800 ) ;
#364 = CARTESIAN_POINT ( 'NONE',  ( 0.0000000000000000000, -2.999999999999999100, 0.0000000000000000000 ) ) ;
#365 = VERTEX_POINT ( 'NONE', #833 ) ;
#366 = DIRECTION ( 'NONE',  ( 0.0000000000000000000, 0.0000000000000000000, -1.000000000000000000 ) ) ;
#367 = CARTESIAN_POINT ( 'NONE',  ( 0.0000000000000000000, 1.371606792142444600, 0.0000000000000000000 ) ) ;
#368 = ORIENTED_EDGE ( 'NONE', *, *, #879, .F. ) ;
#369 = DIRECTION ( 'NONE',  ( 1.000000000000000000, 1.845072896752870900E-016, 0.0000000000000000000 ) ) ;
#370 = EDGE_CURVE ( 'NONE', #870, #1022, #1134, .T. ) ;
#371 = CARTESIAN_POINT ( 'NONE',  ( -5.510910596163087600E-016, 1.500000000000000400, 0.0000000000000000000 ) ) ;
#372 = B_SPLINE_CURVE_WITH_KNOTS ( 'NONE', 3,
 ( #834, #1620, #1213, #560, #1499, #939, #554, #1490 ),
 .UNSPECIFIED., .F., .F.,
 ( 4, 2, 2, 4 ),
 ( 0.0009567858133892420600, 0.001974709642677036900, 0.002483671557320934000, 0.002992633471964831100 ),
 .UNSPECIFIED. ) ;
#373 = DIRECTION ( 'NONE',  ( -1.224646799147353000E-016, 1.000000000000000000, 0.0000000000000000000 ) ) ;
#374 = VERTEX_POINT ( 'NONE', #1354 ) ;
#375 = CARTESIAN_POINT ( 'NONE',  ( -2.499999999999997800, 1.758358138090576000, 4.330127018922196300 ) ) ;
#376 = CARTESIAN_POINT ( 'NONE',  ( 1.331013240352480600, 1.589758171695556200, 5.005041839283797400 ) ) ;
#377 = DIRECTION ( 'NONE',  ( 1.224646799147353000E-016, -1.000000000000000000, -0.0000000000000000000 ) ) ;
#378 = VERTEX_POINT ( 'NONE', #1642 ) ;
#379 = CARTESIAN_POINT ( 'NONE',  ( 0.05910112851362746300, 0.4171035487530210300, -5.733864483862969800 ) ) ;
#380 = CARTESIAN_POINT ( 'NONE',  ( 0.09999999999998772400, -2.413041253328156000, 5.715767664977303000 ) ) ;
#381 = EDGE_CURVE ( 'NONE', #431, #1500, #1029, .T. ) ;
#382 = ADVANCED_FACE ( 'NONE', ( #34 ), #1724, .T. ) ;
#383 = LOCAL_TIME ( 13, 57, 56.00000000000000000, #772 ) ;
#384 = ORIENTED_EDGE ( 'NONE', *, *, #1387, .T. ) ;
#385 = CARTESIAN_POINT ( 'NONE',  ( 4.899999999999995900, 0.4652386494300535500, 2.944486372867092700 ) ) ;
#386 = VECTOR ( 'NONE', #1013, 1000.000000000000000 ) ;
#387 = FACE_OUTER_BOUND ( 'NONE', #491, .T. ) ;
#388 = CARTESIAN_POINT ( 'NONE',  ( -4.943677352870232700, 0.4093438169092759600, -2.910874905032411000 ) ) ;
#389 = DIRECTION ( 'NONE',  ( 0.0000000000000000000, 0.0000000000000000000, -1.000000000000000000 ) ) ;
#390 = DIRECTION ( 'NONE',  ( 1.000000000000000000, 1.845072896752870900E-016, 0.0000000000000000000 ) ) ;
#391 = VERTEX_POINT ( 'NONE', #1498 ) ;
#392 = ADVANCED_FACE ( 'NONE', ( #588 ), #1170, .F. ) ;
#393 = CARTESIAN_POINT ( 'NONE',  ( 5.000000000000002700, -2.826794919243109200, 6.123233983106226600E-016 ) ) ;
#394 = CARTESIAN_POINT ( 'NONE',  ( 5.000000000000001800, 1.721882651540585400, -0.6876956500145650100 ) ) ;
#395 = DIRECTION ( 'NONE',  ( -0.0000000000000000000, -1.000000000000000000, -0.0000000000000000000 ) ) ;
#396 = AXIS2_PLACEMENT_3D ( 'NONE', #524, #373, #784 ) ;
#397 = CARTESIAN_POINT ( 'NONE',  ( 0.09999999999998772400, -2.413041253328156000, 5.715767664977303000 ) ) ;
#398 = DIRECTION ( 'NONE',  ( 1.224646799147353000E-016, -1.000000000000000000, -0.0000000000000000000 ) ) ;
#399 = CARTESIAN_POINT ( 'NONE',  ( -5.000000000000000000, 0.4652386494300531600, 2.771281292110197000 ) ) ;
#400 = CARTESIAN_POINT ( 'NONE',  ( 0.0000000000000000000, -2.999999999999999100, 0.0000000000000000000 ) ) ;
#401 = ORIENTED_EDGE ( 'NONE', *, *, #205, .T. ) ;
#402 = ORIENTED_EDGE ( 'NONE', *, *, #619, .T. ) ;
#403 = CARTESIAN_POINT ( 'NONE',  ( -4.961581001574391100, 0.3966036953355490100, -2.889468852467203900 ) ) ;
#404 = DIRECTION ( 'NONE',  ( 1.000000000000000000, 1.093690360603823500E-016, 0.0000000000000000000 ) ) ;
#405 = CARTESIAN_POINT ( 'NONE',  ( -6.682827694856462000E-016, 2.456942932043189500, 0.0000000000000000000 ) ) ;
#406 = CARTESIAN_POINT ( 'NONE',  ( 5.000000000000000900, -2.826794919243109200, -0.4677748199267377500 ) ) ;
#407 = FACE_BOUND ( 'NONE', #1390, .T. ) ;
#408 = EDGE_CURVE ( 'NONE', #243, #1076, #1295, .T. ) ;
#409 = CARTESIAN_POINT ( 'NONE',  ( 4.900000000000233900, 0.4652386494296850700, -2.944486372866956800 ) ) ;
#410 = PERSON_AND_ORGANIZATION ( #796, #1278 ) ;
#411 = VECTOR ( 'NONE', #1135, 1000.000000000000000 ) ;
#412 = CARTESIAN_POINT ( 'NONE',  ( -4.952004542907772600, 0.4029639796291316600, 2.901260594060278900 ) ) ;
#413 = CC_DESIGN_APPROVAL ( #199, ( #756 ) ) ;
#414 = DIRECTION ( 'NONE',  ( 0.0000000000000000000, 0.0000000000000000000, -1.000000000000000000 ) ) ;
#415 = ORIENTED_EDGE ( 'NONE', *, *, #461, .F. ) ;
#416 = CARTESIAN_POINT ( 'NONE',  ( 4.899999999999995900, 0.4652386494300535500, 2.944486372867092700 ) ) ;
#417 = CARTESIAN_POINT ( 'NONE',  ( -5.000000000000000000, 1.371606792142444600, 2.004267961893815300 ) ) ;
#418 = CARTESIAN_POINT ( 'NONE',  ( 0.0000000000000000000, -2.999999999999999100, 0.0000000000000000000 ) ) ;
#419 = ORIENTED_EDGE ( 'NONE', *, *, #1395, .T. ) ;
#420 = CARTESIAN_POINT ( 'NONE',  ( -6.976742926651825100E-016, 2.696942932043188400, 0.0000000000000000000 ) ) ;
#421 = DIRECTION ( 'NONE',  ( -0.0000000000000000000, -1.000000000000000000, -0.0000000000000000000 ) ) ;
#422 = EDGE_CURVE ( 'NONE', #1189, #239, #1171, .T. ) ;
#423 = CARTESIAN_POINT ( 'NONE',  ( 5.000000000000002700, -2.826794919243109200, 6.123233983106226600E-016 ) ) ;
#424 = DIRECTION ( 'NONE',  ( 1.000000000000000000, 0.0000000000000000000, -1.224646799147353000E-016 ) ) ;
#425 = CARTESIAN_POINT ( 'NONE',  ( -6.080736851655169900E-016, 1.965298448408812500, 0.0000000000000000000 ) ) ;
#426 = ORIENTED_EDGE ( 'NONE', *, *, #1664, .T. ) ;
#427 = CARTESIAN_POINT ( 'NONE',  ( -5.827308063009380900E-016, 1.758358138090576200, 0.0000000000000000000 ) ) ;
#428 = MANIFOLD_SOLID_BREP ( 'Revolve1', #991 ) ;
#429 = DIRECTION ( 'NONE',  ( 0.0000000000000000000, 0.0000000000000000000, 1.000000000000000000 ) ) ;
#430 = CARTESIAN_POINT ( 'NONE',  ( -0.004026465497479931300, 0.3936160398721487700, 5.742716195083332300 ) ) ;
#431 = VERTEX_POINT ( 'NONE', #40 ) ;
#432 = CARTESIAN_POINT ( 'NONE',  ( 3.266159044612582100E-015, 3.000000000000000900, 5.542562584220407400 ) ) ;
#433 = DATE_AND_TIME ( #1497, #1035 ) ;
#434 = CARTESIAN_POINT ( 'NONE',  ( 0.7642530290086985100, 1.371606792142444600, 5.332260999869101100 ) ) ;
#435 = ORIENTED_EDGE ( 'NONE', *, *, #867, .T. ) ;
#436 = LINE ( 'NONE', #1375, #1536 ) ;
#437 = CARTESIAN_POINT ( 'NONE',  ( -0.03008151176950324100, 0.3996348065977597400, 5.740446705764562700 ) ) ;
#438 = ORIENTED_EDGE ( 'NONE', *, *, #63, .F. ) ;
#439 = CIRCLE ( 'NONE', #1713, 5.000000000000000900 ) ;
#440 = ADVANCED_FACE ( 'NONE', ( #633 ), #968, .T. ) ;
#441 = CARTESIAN_POINT ( 'NONE',  ( -6.976742926651825100E-016, 2.696942932043188400, 0.0000000000000000000 ) ) ;
#442 = EDGE_CURVE ( 'NONE', #1688, #561, #874, .T. ) ;
#443 = CARTESIAN_POINT ( 'NONE',  ( 5.000000000000002700, -2.413041253328154200, 2.771281292110201000 ) ) ;
#444 = PERSON_AND_ORGANIZATION_ROLE ( 'design_owner' ) ;
#445 = CARTESIAN_POINT ( 'NONE',  ( -7.347880794884120200E-017, -2.399999999999999000, 0.0000000000000000000 ) ) ;
#446 = EDGE_LOOP ( 'NONE', ( #989, #1318, #1445, #344 ) ) ;
#447 = CARTESIAN_POINT ( 'NONE',  ( 4.966437780389595600, 0.3951145159000454300, 2.882179737811600100 ) ) ;
#448 = DIRECTION ( 'NONE',  ( 1.224646799147353000E-016, -1.000000000000000000, -0.0000000000000000000 ) ) ;
#449 = CARTESIAN_POINT ( 'NONE',  ( 0.09999999999141047400, -2.413041253325399100, -5.715767664982255500 ) ) ;
#450 = DIRECTION ( 'NONE',  ( 0.0000000000000000000, 0.0000000000000000000, -1.000000000000000000 ) ) ;
#451 = EDGE_CURVE ( 'NONE', #1007, #501, #1197, .T. ) ;
#452 = CARTESIAN_POINT ( 'NONE',  ( -5.000000000000000900, -2.644743683952039100, -1.857713546976497200 ) ) ;
#453 = CARTESIAN_POINT ( 'NONE',  ( -0.09999999999140286900, -2.413041253325399100, 5.715767664982256400 ) ) ;
#454 = ORIENTED_EDGE ( 'NONE', *, *, #1228, .F. ) ;
#455 = ORIENTED_EDGE ( 'NONE', *, *, #381, .T. ) ;
#456 = CARTESIAN_POINT ( 'NONE',  ( -5.000000000000000000, -2.788282123067869400, -0.9327178985830573100 ) ) ;
#457 = ADVANCED_FACE ( 'NONE', ( #1679 ), #1599, .T. ) ;
#458 = LINE ( 'NONE', #1467, #983 ) ;
#459 = CYLINDRICAL_SURFACE ( 'NONE', #1108, 3.965298448408814300 ) ;
#460 = CIRCLE ( 'NONE', #1468, 2.350480947161671900 ) ;
#461 = EDGE_CURVE ( 'NONE', #1672, #292, #1325, .T. ) ;
#462 = ORIENTED_EDGE ( 'NONE', *, *, #576, .F. ) ;
#463 = CARTESIAN_POINT ( 'NONE',  ( -4.900000000008593500, -2.413041253325398600, -2.944486372862132700 ) ) ;
#464 = AXIS2_PLACEMENT_3D ( 'NONE', #575, #1087, #1491 ) ;
#465 = ORIENTED_EDGE ( 'NONE', *, *, #897, .F. ) ;
#466 = ORIENTED_EDGE ( 'NONE', *, *, #442, .F. ) ;
#467 = DIRECTION ( 'NONE',  ( 0.0000000000000000000, -0.9396926207859095400, -0.3420201433256654400 ) ) ;
#468 = EDGE_CURVE ( 'NONE', #1259, #1277, #537, .T. ) ;
#469 = AXIS2_PLACEMENT_3D ( 'NONE', #256, #1306, #121 ) ;
#470 = EDGE_LOOP ( 'NONE', ( #1519, #1634, #1110, #774 ) ) ;
#471 = DATE_AND_TIME ( #62, #383 ) ;
#472 = ORIENTED_EDGE ( 'NONE', *, *, #1697, .F. ) ;
#473 = LINE ( 'NONE', #353, #1039 ) ;
#474 = ORIENTED_EDGE ( 'NONE', *, *, #1212, .T. ) ;
#475 = CIRCLE ( 'NONE', #609, 3.965298448408814300 ) ;
#476 = EDGE_CURVE ( 'NONE', #555, #1259, #266, .T. ) ;
#477 = ORIENTED_EDGE ( 'NONE', *, *, #370, .T. ) ;
#478 = ORIENTED_EDGE ( 'NONE', *, *, #461, .T. ) ;
#479 = CARTESIAN_POINT ( 'NONE',  ( -0.1000000000000037100, 0.4652386494300587100, 5.715767664977291500 ) ) ;
#480 = CARTESIAN_POINT ( 'NONE',  ( -0.3065529594887387300, 0.7829074096674748500, 5.596514258214556400 ) ) ;
#481 = AXIS2_PLACEMENT_3D ( 'NONE', #1588, #642, #120 ) ;
#482 = ORIENTED_EDGE ( 'NONE', *, *, #738, .T. ) ;
#483 = B_SPLINE_CURVE_WITH_KNOTS ( 'NONE', 3,
 ( #955, #1364, #1746, #810, #1074, #945, #1246, #580 ),
 .UNSPECIFIED., .F., .F.,
 ( 4, 2, 2, 4 ),
 ( 0.0009567858133892383800, 0.001974709642677033400, 0.002483671557320930100, 0.002992633471964826800 ),
 .UNSPECIFIED. ) ;
#484 = ORIENTED_EDGE ( 'NONE', *, *, #1254, .F. ) ;
#485 = CARTESIAN_POINT ( 'NONE',  ( -6.080736851655169900E-016, 1.965298448408813000, 0.0000000000000000000 ) ) ;
#486 = FACE_OUTER_BOUND ( 'NONE', #332, .T. ) ;
#487 = DIRECTION ( 'NONE',  ( 1.000000000000000000, 1.301042606982605100E-016, 0.0000000000000000000 ) ) ;
#488 = FACE_OUTER_BOUND ( 'NONE', #229, .T. ) ;
#489 = PLANE ( 'NONE',  #743 ) ;
#490 = FACE_OUTER_BOUND ( 'NONE', #831, .T. ) ;
#491 = EDGE_LOOP ( 'NONE', ( #1226, #1217 ) ) ;
#492 = CARTESIAN_POINT ( 'NONE',  ( 4.995222869139496400, 0.4171035487530121400, -2.815749163246355800 ) ) ;
#493 = AXIS2_PLACEMENT_3D ( 'NONE', #1539, #1130, #828 ) ;
#494 = DIRECTION ( 'NONE',  ( 1.000000000000000000, 9.227252531791526600E-017, 0.0000000000000000000 ) ) ;
#495 = CARTESIAN_POINT ( 'NONE',  ( 0.0000000000000000000, 1.371606792142444600, 0.0000000000000000000 ) ) ;
#496 = PRODUCT_RELATED_PRODUCT_CATEGORY ( 'detail', '', ( #551 ) ) ;
#497 = B_SPLINE_CURVE_WITH_KNOTS ( 'NONE', 3,
 ( #1221, #1638, #813, #3 ),
 .UNSPECIFIED., .F., .F.,
 ( 4, 4 ),
 ( 0.01011932072191469200, 0.01131202726519314100 ),
 .UNSPECIFIED. ) ;
#498 = CARTESIAN_POINT ( 'NONE',  ( 0.4925903411270060000, -2.539919724662525400, -5.489105525846373000 ) ) ;
#499 = CARTESIAN_POINT ( 'NONE',  ( 5.000000000000002700, 0.4652386494300528900, -2.771281292110193900 ) ) ;
#500 = CARTESIAN_POINT ( 'NONE',  ( -4.992730291431796800, 0.4093438169092765700, 2.825912723183225500 ) ) ;
#501 = VERTEX_POINT ( 'NONE', #385 ) ;
#502 = CARTESIAN_POINT ( 'NONE',  ( 0.06799117024695726400, 0.4256425053369297700, -5.730650863409860700 ) ) ;
#503 = EDGE_CURVE ( 'NONE', #335, #1475, #1187, .T. ) ;
#504 = CARTESIAN_POINT ( 'NONE',  ( -5.000000000000000000, 1.758358138090575500, 0.0000000000000000000 ) ) ;
#505 = VERTEX_POINT ( 'NONE', #1191 ) ;
#506 = CARTESIAN_POINT ( 'NONE',  ( -0.09999999999999678600, 3.000000000000000900, -5.715767664977295000 ) ) ;
#507 = CARTESIAN_POINT ( 'NONE',  ( -0.5248431113372079600, 1.089005272467546700, -5.470484380283397600 ) ) ;
#508 = AXIS2_PLACEMENT_3D ( 'NONE', #367, #1030, #1717 ) ;
#509 = FACE_OUTER_BOUND ( 'NONE', #986, .T. ) ;
#510 = B_SPLINE_CURVE_WITH_KNOTS ( 'NONE', 3,
 ( #935, #227, #1162, #752, #880, #1558 ),
 .UNSPECIFIED., .F., .F.,
 ( 4, 2, 4 ),
 ( 0.002992633471964831100, 0.004004991649330661600, 0.005017349826696491600 ),
 .UNSPECIFIED. ) ;
#511 = CARTESIAN_POINT ( 'NONE',  ( 4.900000000000233900, 0.4652386494296850700, -2.944486372866956800 ) ) ;
#512 = ORIENTED_EDGE ( 'NONE', *, *, #177, .F. ) ;
#513 = FACE_OUTER_BOUND ( 'NONE', #637, .T. ) ;
#514 = ORIENTED_EDGE ( 'NONE', *, *, #56, .T. ) ;
#515 = CARTESIAN_POINT ( 'NONE',  ( -5.000000000000000000, 1.722376112906164800, 0.6841637286778175000 ) ) ;
#516 = VECTOR ( 'NONE', #1201, 1000.000000000000000 ) ;
#517 = CARTESIAN_POINT ( 'NONE',  ( -4.990766960848882900, -2.398058488699074300, 2.840926831920514300 ) ) ;
#518 = ADVANCED_FACE ( 'NONE', ( #943 ), #832, .T. ) ;
#519 = CARTESIAN_POINT ( 'NONE',  ( 2.095958118832188100, -2.817345571190673000, -4.563400707778313900 ) ) ;
#520 = CARTESIAN_POINT ( 'NONE',  ( -4.979779088479347100, 0.3953240014665082600, -2.858913930696153700 ) ) ;
#521 = ORIENTED_EDGE ( 'NONE', *, *, #1664, .F. ) ;
#522 = EDGE_CURVE ( 'NONE', #1356, #1688, #1252, .T. ) ;
#523 = DIRECTION ( 'NONE',  ( 0.0000000000000000000, 0.0000000000000000000, -1.000000000000000000 ) ) ;
#524 = CARTESIAN_POINT ( 'NONE',  ( -7.590202491531367800E-017, -2.380212931857906200, 0.0000000000000000000 ) ) ;
#525 = CARTESIAN_POINT ( 'NONE',  ( -4.988567648908817100, 0.4029639796291325000, -2.837931436783943000 ) ) ;
#526 = DIRECTION ( 'NONE',  ( 1.224646799147353000E-016, -1.000000000000000000, -0.0000000000000000000 ) ) ;
#527 = CARTESIAN_POINT ( 'NONE',  ( -0.7642530290086930700, 1.371606792142444600, -5.332260999869102000 ) ) ;
#528 = DIRECTION ( 'NONE',  ( -0.0000000000000000000, 1.000000000000000000, -0.0000000000000000000 ) ) ;
#529 = CLOSED_SHELL ( 'NONE', ( #687, #1423, #298, #976, #908, #1367, #1253, #126, #1571, #1349, #382, #457, #1192, #917, #116, #788, #698, #1640, #284, #620, #1309, #43, #1723, #254, #1492, #779, #101, #1736, #264, #392, #1631, #893, #1656, #644, #1101, #825, #518, #151, #715, #182, #1044, #1444, #242 ) ) ;
#530 = CARTESIAN_POINT ( 'NONE',  ( -7.347880794884120200E-017, -2.399999999999999000, 0.0000000000000000000 ) ) ;
#531 = CARTESIAN_POINT ( 'NONE',  ( -4.975927635032602900, 0.3936925183484786300, -2.866815219544112600 ) ) ;
#532 = EDGE_CURVE ( 'NONE', #582, #1263, #1630, .T. ) ;
#533 = CARTESIAN_POINT ( 'NONE',  ( 4.944322267112454500, 0.4086977981574663200, -2.910244646161183700 ) ) ;
#534 = ORIENTED_EDGE ( 'NONE', *, *, #1308, .T. ) ;
#535 = PERSON_AND_ORGANIZATION ( #796, #1278 ) ;
#536 = PRODUCT_DEFINITION_FORMATION_WITH_SPECIFIED_SOURCE ( 'ANY', '', #551, .NOT_KNOWN. ) ;
#537 = LINE ( 'NONE', #1477, #164 ) ;
#538 = CARTESIAN_POINT ( 'NONE',  ( -2.350480947161671900, -2.999999999999999600, 2.878508968398380200E-016 ) ) ;
#539 = CARTESIAN_POINT ( 'NONE',  ( 5.000000000000002700, 1.371606792142444600, 2.004267961893808600 ) ) ;
#540 = EDGE_LOOP ( 'NONE', ( #1541, #978 ) ) ;
#541 = DIRECTION ( 'NONE',  ( 1.000000000000000000, 1.845072896752870900E-016, 0.0000000000000000000 ) ) ;
#542 = CARTESIAN_POINT ( 'NONE',  ( 5.000000000000003600, -2.403432709413094100, 2.805611672904078500 ) ) ;
#543 = DIRECTION ( 'NONE',  ( 1.224646799147353000E-016, -1.000000000000000000, -0.0000000000000000000 ) ) ;
#544 = EDGE_CURVE ( 'NONE', #585, #1136, #777, .T. ) ;
#545 = CARTESIAN_POINT ( 'NONE',  ( -0.04905293856156303600, 0.4093438169092799600, 5.736787628215631200 ) ) ;
#546 = CARTESIAN_POINT ( 'NONE',  ( -4.899999999999994100, 0.4652386494300517200, -2.944486372867097600 ) ) ;
#547 = AXIS2_PLACEMENT_3D ( 'NONE', #1469, #1332, #845 ) ;
#548 = CARTESIAN_POINT ( 'NONE',  ( -0.09999999999140286900, -2.413041253325399100, 5.715767664982256400 ) ) ;
#549 = CARTESIAN_POINT ( 'NONE',  ( -5.000000000000000000, -2.413041253328155600, 2.771281292110206400 ) ) ;
#550 = DIRECTION ( 'NONE',  ( 1.000000000000000000, 1.093690360603823500E-016, 0.0000000000000000000 ) ) ;
#551 = PRODUCT ( '90237A130_NO THREADS_High-Strength Steel Nylon-Insert Locknuts', '90237A130_NO THREADS_High-Strength Steel Nylon-Insert Locknuts', '', ( #1062 ) ) ;
#552 = ORIENTED_EDGE ( 'NONE', *, *, #468, .T. ) ;
#553 = CARTESIAN_POINT ( 'NONE',  ( -2.350480947161672800, 2.456942932043189000, 2.878508968398380700E-016 ) ) ;
#554 = CARTESIAN_POINT ( 'NONE',  ( -2.648967444122718900, 1.758358138090576200, -4.244120624957449900 ) ) ;
#555 = VERTEX_POINT ( 'NONE', #1462 ) ;
#556 = CARTESIAN_POINT ( 'NONE',  ( 4.235746970991304900, 1.371606792142444600, 3.327993037975287600 ) ) ;
#557 = FACE_OUTER_BOUND ( 'NONE', #31, .T. ) ;
#558 = DIRECTION ( 'NONE',  ( 1.224646799147353000E-016, -1.000000000000000000, -0.0000000000000000000 ) ) ;
#559 = AXIS2_PLACEMENT_3D ( 'NONE', #1121, #594, #717 ) ;
#560 = CARTESIAN_POINT ( 'NONE',  ( -3.244088979809418100, 1.687713024558106200, -3.900527046128191300 ) ) ;
#561 = VERTEX_POINT ( 'NONE', #548 ) ;
#562 = FACE_OUTER_BOUND ( 'NONE', #64, .T. ) ;
#563 = EDGE_LOOP ( 'NONE', ( #60, #1230, #226, #1542, #763, #1069, #599, #455 ) ) ;
#564 = DIRECTION ( 'NONE',  ( 1.000000000000000000, 1.301042606982605100E-016, 0.0000000000000000000 ) ) ;
#565 = VECTOR ( 'NONE', #44, 1000.000000000000000 ) ;
#566 = AXIS2_PLACEMENT_3D ( 'NONE', #308, #294, #1240 ) ;
#567 =( NAMED_UNIT ( * ) SI_UNIT ( $, .STERADIAN. ) SOLID_ANGLE_UNIT ( ) );
#568 = DIRECTION ( 'NONE',  ( 1.224646799147353000E-016, -1.000000000000000000, -0.0000000000000000000 ) ) ;
#569 = B_SPLINE_CURVE_WITH_KNOTS ( 'NONE', 3,
 ( #718, #1658, #967, #1258, #1113, #463 ),
 .UNSPECIFIED., .F., .F.,
 ( 4, 2, 4 ),
 ( 1.848304922439622500E-016, 0.0001055411715037147200, 0.0002110823430072446200 ),
 .UNSPECIFIED. ) ;
#570 = CARTESIAN_POINT ( 'NONE',  ( 0.01399745302358325500, 0.3953240014665108100, 5.742072161205706000 ) ) ;
#571 = DIRECTION ( 'NONE',  ( 1.224646799147353000E-016, -1.000000000000000000, -0.0000000000000000000 ) ) ;
#572 = VERTEX_POINT ( 'NONE', #118 ) ;
#573 = ORIENTED_EDGE ( 'NONE', *, *, #336, .F. ) ;
#574 = ORIENTED_EDGE ( 'NONE', *, *, #1138, .T. ) ;
#575 = CARTESIAN_POINT ( 'NONE',  ( 3.442341897641476600E-015, 3.000000000000000900, -5.542562584220406500 ) ) ;
#576 = EDGE_CURVE ( 'NONE', #1022, #1126, #1269, .T. ) ;
#577 = CARTESIAN_POINT ( 'NONE',  ( 5.000000000000002700, -2.539435911604938300, -2.319685630237673400 ) ) ;
#578 = CARTESIAN_POINT ( 'NONE',  ( 5.000000000000002700, -2.413041253328100500, -2.771281292110393300 ) ) ;
#579 = DIRECTION ( 'NONE',  ( 1.000000000000000000, 1.093690360603823500E-016, 0.0000000000000000000 ) ) ;
#580 = CARTESIAN_POINT ( 'NONE',  ( 2.500000000000001800, 1.758358138090576400, -4.330127018922195400 ) ) ;
#581 = CARTESIAN_POINT ( 'NONE',  ( -2.095958118832181400, -2.817345571190672500, 4.563400707778315600 ) ) ;
#582 = VERTEX_POINT ( 'NONE', #1207 ) ;
#583 = CARTESIAN_POINT ( 'NONE',  ( 2.950480947161672000, -2.999999999999998700, 0.0000000000000000000 ) ) ;
#584 = CARTESIAN_POINT ( 'NONE',  ( -3.309452953768156700, -2.779840548110882500, -3.862789138167810800 ) ) ;
#585 = VERTEX_POINT ( 'NONE', #1177 ) ;
#586 = PERSON_AND_ORGANIZATION ( #796, #1278 ) ;
#587 = CARTESIAN_POINT ( 'NONE',  ( 4.979779088479348900, 0.3953240014665062000, 2.858913930696149700 ) ) ;
#588 = FACE_OUTER_BOUND ( 'NONE', #1533, .T. ) ;
#589 = CARTESIAN_POINT ( 'NONE',  ( -4.900000000000256200, -2.413041253328073000, 2.944486372866946600 ) ) ;
#590 = AXIS2_PLACEMENT_3D ( 'NONE', #1692, #1147, #630 ) ;
#591 = CIRCLE ( 'NONE', #493, 3.965298448408814300 ) ;
#592 = CARTESIAN_POINT ( 'NONE',  ( 4.975927635032604700, 0.3936925183484766800, 2.866815219544108600 ) ) ;
#593 = LOCAL_TIME ( 13, 57, 56.00000000000000000, #928 ) ;
#594 = DIRECTION ( 'NONE',  ( 1.224646799147353000E-016, -1.000000000000000000, -0.0000000000000000000 ) ) ;
#595 = EDGE_CURVE ( 'NONE', #555, #239, #187, .T. ) ;
#596 = ORIENTED_EDGE ( 'NONE', *, *, #1646, .F. ) ;
#597 = ORIENTED_EDGE ( 'NONE', *, *, #1453, .F. ) ;
#598 = DIRECTION ( 'NONE',  ( 1.000000000000000000, 1.301042606982605100E-016, 0.0000000000000000000 ) ) ;
#599 = ORIENTED_EDGE ( 'NONE', *, *, #1564, .T. ) ;
#600 = FACE_OUTER_BOUND ( 'NONE', #1160, .T. ) ;
#601 = EDGE_CURVE ( 'NONE', #1699, #1665, #603, .T. ) ;
#602 = ORIENTED_EDGE ( 'NONE', *, *, #37, .T. ) ;
#603 = CIRCLE ( 'NONE', #1680, 2.350480947161671900 ) ;
#604 = DIRECTION ( 'NONE',  ( 0.0000000000000000000, 0.0000000000000000000, -1.000000000000000000 ) ) ;
#605 = AXIS2_PLACEMENT_3D ( 'NONE', #148, #277, #1209 ) ;
#606 = ORIENTED_EDGE ( 'NONE', *, *, #820, .T. ) ;
#607 = ORIENTED_EDGE ( 'NONE', *, *, #1522, .F. ) ;
#608 = ORIENTED_EDGE ( 'NONE', *, *, #1010, .T. ) ;
#609 = AXIS2_PLACEMENT_3D ( 'NONE', #405, #817, #550 ) ;
#610 = VERTEX_POINT ( 'NONE', #1587 ) ;
#611 = CARTESIAN_POINT ( 'NONE',  ( -5.000000000000000000, 3.000000000000000900, 2.771281292110206400 ) ) ;
#612 = ORIENTED_EDGE ( 'NONE', *, *, #1340, .T. ) ;
#613 = CIRCLE ( 'NONE', #276, 3.965298448408814300 ) ;
#614 = EDGE_CURVE ( 'NONE', #310, #341, #1231, .T. ) ;
#615 = AXIS2_PLACEMENT_3D ( 'NONE', #667, #780, #799 ) ;
#616 = B_SPLINE_CURVE_WITH_KNOTS ( 'NONE', 3,
 ( #664, #760, #234, #1158, #1430, #1738 ),
 .UNSPECIFIED., .F., .F.,
 ( 4, 2, 4 ),
 ( 0.006061572310131202300, 0.007079230452943564300, 0.008096888595755925500 ),
 .UNSPECIFIED. ) ;
#617 = CIRCLE ( 'NONE', #1164, 5.386751345948130000 ) ;
#618 = DIRECTION ( 'NONE',  ( 1.224646799147353000E-016, -1.000000000000000000, -0.0000000000000000000 ) ) ;
#619 = EDGE_CURVE ( 'NONE', #18, #292, #750, .T. ) ;
#620 = ADVANCED_FACE ( 'NONE', ( #852 ), #459, .F. ) ;
#621 = DIRECTION ( 'NONE',  ( 1.000000000000000000, 1.224646799147353000E-016, 0.0000000000000000000 ) ) ;
#622 = CARTESIAN_POINT ( 'NONE',  ( -4.965781635455764200, 0.3953240014665074800, 2.883158230509557600 ) ) ;
#623 = AXIS2_PLACEMENT_3D ( 'NONE', #425, #958, #1343 ) ;
#624 = ORIENTED_EDGE ( 'NONE', *, *, #263, .F. ) ;
#625 = B_SPLINE_CURVE_WITH_KNOTS ( 'NONE', 3,
 ( #1026, #1159, #1574, #647, #899, #500, #87, #1418, #1006, #100, #247, #1167, #622, #1560, #1581, #412, #1561, #1586, #340, #1513, #1416, #1152 ),
 .UNSPECIFIED., .F., .F.,
 ( 4, 3, 3, 3, 3, 3, 3, 4 ),
 ( 5.956455174320855300E-018, 5.304648343468772800E-005, 9.131488733033347800E-005, 0.0001179609969533226300, 0.0001448720566386421200, 0.0001687983737155253300, 0.0002082957057885148700, 0.0002616183590332251600 ),
 .UNSPECIFIED. ) ;
#626 = CARTESIAN_POINT ( 'NONE',  ( -5.000000000000000000, 0.4652386494296855100, -2.771281292110474100 ) ) ;
#627 = LINE ( 'NONE', #1058, #1223 ) ;
#628 = CARTESIAN_POINT ( 'NONE',  ( 5.000000000000002700, 1.371606792142444200, -2.004267961893807300 ) ) ;
#629 = ORIENTED_EDGE ( 'NONE', *, *, #342, .T. ) ;
#630 = DIRECTION ( 'NONE',  ( 1.000000000000000000, 1.845072896752870900E-016, 0.0000000000000000000 ) ) ;
#631 = LINE ( 'NONE', #1139, #411 ) ;
#632 = ORIENTED_EDGE ( 'NONE', *, *, #839, .T. ) ;
#633 = FACE_OUTER_BOUND ( 'NONE', #446, .T. ) ;
#634 = VERTEX_POINT ( 'NONE', #6 ) ;
#635 = CARTESIAN_POINT ( 'NONE',  ( 4.115935739548830500, -2.666437387599100500, -3.397166084700540700 ) ) ;
#636 = ORIENTED_EDGE ( 'NONE', *, *, #1372, .T. ) ;
#637 = EDGE_LOOP ( 'NONE', ( #1649, #1082, #69, #8, #435, #1420, #1676 ) ) ;
#638 = AXIS2_PLACEMENT_3D ( 'NONE', #1265, #1112, #324 ) ;
#639 = CARTESIAN_POINT ( 'NONE',  ( 5.000000000000002700, -2.413041253328100500, -2.771281292110393300 ) ) ;
#640 = CARTESIAN_POINT ( 'NONE',  ( -6.793045906779723800E-016, 2.546942932043188900, 0.0000000000000000000 ) ) ;
#641 = EDGE_LOOP ( 'NONE', ( #401, #966, #1494, #949, #1194, #632, #1510 ) ) ;
#642 = DIRECTION ( 'NONE',  ( 1.224646799147353000E-016, -1.000000000000000000, -0.0000000000000000000 ) ) ;
#643 = DIRECTION ( 'NONE',  ( 0.0000000000000000000, 0.0000000000000000000, -1.000000000000000000 ) ) ;
#644 = ADVANCED_FACE ( 'NONE', ( #800 ), #661, .T. ) ;
#645 = CARTESIAN_POINT ( 'NONE',  ( 5.000000000000002700, 0.4652386494300528900, -2.771281292110193900 ) ) ;
#646 = CARTESIAN_POINT ( 'NONE',  ( -4.929730981890484600, -2.403432709412562500, 2.927321182469351700 ) ) ;
#647 = CARTESIAN_POINT ( 'NONE',  ( -4.996884813055644700, 0.4256425053369213300, 2.806443351038037100 ) ) ;
#648 = CARTESIAN_POINT ( 'NONE',  ( 5.000000000000002700, 1.371606792142444200, -2.004267961893807300 ) ) ;
#649 = EDGE_CURVE ( 'NONE', #1397, #1670, #1472, .T. ) ;
#650 = CARTESIAN_POINT ( 'NONE',  ( -4.928893642808689400, 0.4256425053369223300, -2.924207512371829000 ) ) ;
#651 = ORIENTED_EDGE ( 'NONE', *, *, #1564, .F. ) ;
#652 = DIRECTION ( 'NONE',  ( -1.224646799147353000E-016, 1.000000000000000000, 0.0000000000000000000 ) ) ;
#653 = PLANE ( 'NONE',  #469 ) ;
#654 = ORIENTED_EDGE ( 'NONE', *, *, #946, .F. ) ;
#655 = FACE_OUTER_BOUND ( 'NONE', #45, .T. ) ;
#656 = CARTESIAN_POINT ( 'NONE',  ( 4.970698625597367300, 0.3936925183484762900, -2.875872129559197800 ) ) ;
#657 = CIRCLE ( 'NONE', #1402, 1.034701551591187000 ) ;
#658 = DIRECTION ( 'NONE',  ( 0.0000000000000000000, 0.0000000000000000000, -1.000000000000000000 ) ) ;
#659 = DIRECTION ( 'NONE',  ( 1.000000000000000000, 9.227252531791526600E-017, 0.0000000000000000000 ) ) ;
#660 = DIRECTION ( 'NONE',  ( 0.4999999999999993300, -0.0000000000000000000, 0.8660254037844390400 ) ) ;
#661 = CONICAL_SURFACE ( 'NONE', #1531, 5.386751345948130000, 0.3490658503988624000 ) ;
#662 = CARTESIAN_POINT ( 'NONE',  ( -6.682827694856462000E-016, 2.456942932043189500, 0.0000000000000000000 ) ) ;
#663 = AXIS2_PLACEMENT_3D ( 'NONE', #221, #742, #1678 ) ;
#664 = CARTESIAN_POINT ( 'NONE',  ( -5.000000000000000000, 1.758358138090575500, 0.0000000000000000000 ) ) ;
#665 = DIRECTION ( 'NONE',  ( -0.0000000000000000000, -1.000000000000000000, -0.0000000000000000000 ) ) ;
#666 = CARTESIAN_POINT ( 'NONE',  ( -5.000000000000000000, 0.4652386494296855100, -2.771281292110474100 ) ) ;
#667 = CARTESIAN_POINT ( 'NONE',  ( -5.827308063009380900E-016, 1.758358138090576200, 0.0000000000000000000 ) ) ;
#668 = CARTESIAN_POINT ( 'NONE',  ( 3.369960114714635100E-014, -2.398076211353160400, -5.742562584220682900 ) ) ;
#669 = DIRECTION ( 'NONE',  ( 1.000000000000000000, 9.225364483764354300E-017, 0.0000000000000000000 ) ) ;
#670 = DIRECTION ( 'NONE',  ( -0.8660254037844384900, 0.0000000000000000000, 0.5000000000000002200 ) ) ;
#671 = ORIENTED_EDGE ( 'NONE', *, *, #350, .T. ) ;
#672 = ORIENTED_EDGE ( 'NONE', *, *, #1273, .F. ) ;
#673 = PRODUCT_DEFINITION_SHAPE ( 'NONE', 'NONE',  #181 ) ;
#674 = DIRECTION ( 'NONE',  ( 1.000000000000000000, 1.469865004250909200E-016, 0.0000000000000000000 ) ) ;
#675 = EDGE_CURVE ( 'NONE', #391, #431, #79, .T. ) ;
#676 = CARTESIAN_POINT ( 'NONE',  ( 0.0000000000000000000, 1.371606792142444600, 0.0000000000000000000 ) ) ;
#677 = CARTESIAN_POINT ( 'NONE',  ( -0.03531284238503085100, -2.398076211353308700, -5.742562584220416400 ) ) ;
#678 = PLANE ( 'NONE',  #740 ) ;
#679 = DIRECTION ( 'NONE',  ( 0.0000000000000000000, 0.0000000000000000000, -1.000000000000000000 ) ) ;
#680 = ORIENTED_EDGE ( 'NONE', *, *, #342, .F. ) ;
#681 = LINE ( 'NONE', #1504, #892 ) ;
#682 = CARTESIAN_POINT ( 'NONE',  ( -4.999999999999999100, -2.826794919243112300, 0.4679208143586599500 ) ) ;
#683 = ORIENTED_EDGE ( 'NONE', *, *, #356, .T. ) ;
#684 = CARTESIAN_POINT ( 'NONE',  ( 0.0000000000000000000, -2.999999999999999100, 0.0000000000000000000 ) ) ;
#685 = ORIENTED_EDGE ( 'NONE', *, *, #1260, .T. ) ;
#686 = DIRECTION ( 'NONE',  ( 1.224646799147353000E-016, -1.000000000000000000, -0.0000000000000000000 ) ) ;
#687 = ADVANCED_FACE ( 'NONE', ( #1577 ), #853, .T. ) ;
#688 = ORIENTED_EDGE ( 'NONE', *, *, #1673, .T. ) ;
#689 = ORIENTED_EDGE ( 'NONE', *, *, #220, .T. ) ;
#690 = EDGE_CURVE ( 'NONE', #1271, #814, #1115, .T. ) ;
#691 = CARTESIAN_POINT ( 'NONE',  ( -0.08033115725889329600, 0.4374951621074700300, 5.726190138045208000 ) ) ;
#692 = CARTESIAN_POINT ( 'NONE',  ( 5.000000000000002700, 1.371606792142444600, 2.004267961893808600 ) ) ;
#693 = DIRECTION ( 'NONE',  ( -0.0000000000000000000, -1.000000000000000000, -0.0000000000000000000 ) ) ;
#694 = AXIS2_PLACEMENT_3D ( 'NONE', #530, #1046, #1327 ) ;
#695 = APPROVAL_STATUS ( 'not_yet_approved' ) ;
#696 = ORIENTED_EDGE ( 'NONE', *, *, #1495, .F. ) ;
#697 = CARTESIAN_POINT ( 'NONE',  ( 0.02948728386948593800, 0.3994729253612294700, 5.740507774946043400 ) ) ;
#698 = ADVANCED_FACE ( 'NONE', ( #490 ), #363, .T. ) ;
#699 = CARTESIAN_POINT ( 'NONE',  ( -5.000000000000000000, 0.7829074096674730800, 2.532774478584729500 ) ) ;
#700 = APPROVAL_STATUS ( 'not_yet_approved' ) ;
#701 = ORIENTED_EDGE ( 'NONE', *, *, #980, .T. ) ;
#702 = CARTESIAN_POINT ( 'NONE',  ( 4.475473238981769500, 1.088631849838428600, 3.189587012619167000 ) ) ;
#703 = CARTESIAN_POINT ( 'NONE',  ( 0.0000000000000000000, -2.999999999999999100, 0.0000000000000000000 ) ) ;
#704 = EDGE_CURVE ( 'NONE', #768, #1377, #1094, .T. ) ;
#705 = VERTEX_POINT ( 'NONE', #953 ) ;
#706 = CONICAL_SURFACE ( 'NONE', #882, 5.386751345948130000, 0.3490658503988624000 ) ;
#707 = LINE ( 'NONE', #1594, #289 ) ;
#708 = CARTESIAN_POINT ( 'NONE',  ( 0.07030876580388018000, -2.403445555186276100, -5.732909907033214100 ) ) ;
#709 = CARTESIAN_POINT ( 'NONE',  ( -2.699172645478461300, -2.826940944696619200, -4.215134638439993300 ) ) ;
#710 = CARTESIAN_POINT ( 'NONE',  ( -5.000000000000000000, -2.413041253328101800, -2.771281292110396900 ) ) ;
#711 = LINE ( 'NONE', #1516, #1000 ) ;
#712 = CARTESIAN_POINT ( 'NONE',  ( -4.111563078289149700, -2.644098917987151200, -3.399690641855892100 ) ) ;
#713 = EDGE_CURVE ( 'NONE', #349, #610, #737, .T. ) ;
#714 = CARTESIAN_POINT ( 'NONE',  ( 3.965298448408813400, 2.546942932043189300, 0.0000000000000000000 ) ) ;
#715 = ADVANCED_FACE ( 'NONE', ( #1696 ), #1127, .T. ) ;
#716 = CARTESIAN_POINT ( 'NONE',  ( 4.900000000000003000, 3.000000000000000900, 2.944486372867088700 ) ) ;
#717 = DIRECTION ( 'NONE',  ( 1.000000000000000000, 1.469865004250909200E-016, 0.0000000000000000000 ) ) ;
#718 = CARTESIAN_POINT ( 'NONE',  ( -5.000000000000000000, -2.413041253328101800, -2.771281292110396900 ) ) ;
#719 = ORIENTED_EDGE ( 'NONE', *, *, #451, .F. ) ;
#720 = ORIENTED_EDGE ( 'NONE', *, *, #137, .T. ) ;
#721 = EDGE_CURVE ( 'NONE', #292, #18, #65, .T. ) ;
#722 = FACE_OUTER_BOUND ( 'NONE', #54, .T. ) ;
#723 = ORIENTED_EDGE ( 'NONE', *, *, #595, .F. ) ;
#724 = CIRCLE ( 'NONE', #1313, 4.700000000000000200 ) ;
#725 = AXIS2_PLACEMENT_3D ( 'NONE', #640, #377, #1312 ) ;
#726 = ORIENTED_EDGE ( 'NONE', *, *, #860, .F. ) ;
#727 = CARTESIAN_POINT ( 'NONE',  ( 4.235746970991304900, 1.371606792142444600, -3.327993037975287600 ) ) ;
#728 = ORIENTED_EDGE ( 'NONE', *, *, #119, .F. ) ;
#729 = ORIENTED_EDGE ( 'NONE', *, *, #119, .T. ) ;
#730 = DESIGN_CONTEXT ( 'detailed design', #20, 'design' ) ;
#731 = CARTESIAN_POINT ( 'NONE',  ( -4.900000000008593500, -2.413041253325398600, -2.944486372862132700 ) ) ;
#732 = EDGE_CURVE ( 'NONE', #374, #582, #681, .T. ) ;
#733 = ORIENTED_EDGE ( 'NONE', *, *, #22, .T. ) ;
#734 = ORIENTED_EDGE ( 'NONE', *, *, #962, .T. ) ;
#735 = PERSON_AND_ORGANIZATION ( #796, #1278 ) ;
#736 = ORIENTED_EDGE ( 'NONE', *, *, #169, .F. ) ;
#737 = CIRCLE ( 'NONE', #1234, 3.233653964774448200 ) ;
#738 = EDGE_CURVE ( 'NONE', #993, #572, #333, .T. ) ;
#739 = FACE_OUTER_BOUND ( 'NONE', #1220, .T. ) ;
#740 = AXIS2_PLACEMENT_3D ( 'NONE', #836, #1080, #1608 ) ;
#741 = ORIENTED_EDGE ( 'NONE', *, *, #1123, .F. ) ;
#742 = DIRECTION ( 'NONE',  ( -1.224646799147353000E-016, 1.000000000000000000, 0.0000000000000000000 ) ) ;
#743 = AXIS2_PLACEMENT_3D ( 'NONE', #1566, #236, #1021 ) ;
#744 = B_SPLINE_CURVE_WITH_KNOTS ( 'NONE', 3,
 ( #380, #249, #903, #1603, #1740, #1460, #1433, #1315, #1451, #1589 ),
 .UNSPECIFIED., .F., .F.,
 ( 4, 2, 2, 2, 4 ),
 ( 0.0001192028793757460600, 0.002915778497502869600, 0.003614922402034650400, 0.004314066306566432000, 0.005712354115629992800 ),
 .UNSPECIFIED. ) ;
#745 = VERTEX_POINT ( 'NONE', #93 ) ;
#746 = ORIENTED_EDGE ( 'NONE', *, *, #166, .T. ) ;
#747 = CARTESIAN_POINT ( 'NONE',  ( -3.957063155956106900, 1.491338718801234800, 3.488891213604650200 ) ) ;
#748 = DIRECTION ( 'NONE',  ( 1.000000000000000000, 1.093690360603823500E-016, 0.0000000000000000000 ) ) ;
#749 = CIRCLE ( 'NONE', #268, 3.233653964774448200 ) ;
#750 = CIRCLE ( 'NONE', #766, 3.965298448408814300 ) ;
#751 = FACE_OUTER_BOUND ( 'NONE', #1667, .T. ) ;
#752 = CARTESIAN_POINT ( 'NONE',  ( -1.331013240352474800, 1.589758171695556400, -5.005041839283799200 ) ) ;
#753 = EDGE_CURVE ( 'NONE', #745, #1072, #32, .T. ) ;
#754 = ORIENTED_EDGE ( 'NONE', *, *, #343, .T. ) ;
#755 = CARTESIAN_POINT ( 'NONE',  ( 5.000000000000002700, 1.088631849838428900, -2.281080012606047100 ) ) ;
#756 = SECURITY_CLASSIFICATION ( '', '', #172 ) ;
#757 = CARTESIAN_POINT ( 'NONE',  ( 0.1000000000000124100, 0.4652386494300591000, -5.715767664977289700 ) ) ;
#758 = ORIENTED_EDGE ( 'NONE', *, *, #1097, .F. ) ;
#759 = DIRECTION ( 'NONE',  ( 1.000000000000000000, 1.845072896752870900E-016, 0.0000000000000000000 ) ) ;
#760 = CARTESIAN_POINT ( 'NONE',  ( -5.000000000000000000, 1.758358138090581500, -0.3452932346479734600 ) ) ;
#761 = DIRECTION ( 'NONE',  ( 1.000000000000000000, 1.301042606982605100E-016, 0.0000000000000000000 ) ) ;
#762 = CARTESIAN_POINT ( 'NONE',  ( 0.8884369217108532000, -2.644098917987151200, -5.260563395988496500 ) ) ;
#763 = ORIENTED_EDGE ( 'NONE', *, *, #576, .T. ) ;
#764 = EDGE_CURVE ( 'NONE', #1202, #1008, #1014, .T. ) ;
#765 = CARTESIAN_POINT ( 'NONE',  ( 4.992730291431799500, 0.4093438169092744100, -2.825912723183220600 ) ) ;
#766 = AXIS2_PLACEMENT_3D ( 'NONE', #1329, #543, #141 ) ;
#767 = B_SPLINE_CURVE_WITH_KNOTS ( 'NONE', 3,
 ( #546, #109, #1446, #650, #912, #388, #1511, #1245, #403, #1319, #1173, #531, #520, #114, #1203, #525, #1031, #1180, #916, #770, #797, #666 ),
 .UNSPECIFIED., .F., .F.,
 ( 4, 3, 3, 3, 3, 3, 3, 4 ),
 ( 5.086514588753142400E-018, 5.304648343468558000E-005, 9.131488733033445400E-005, 0.0001179609969533222800, 0.0001448720566386403800, 0.0001687983737155238100, 0.0002082957057885139500, 0.0002616183590332246700 ),
 .UNSPECIFIED. ) ;
#768 = VERTEX_POINT ( 'NONE', #1409 ) ;
#769 = CARTESIAN_POINT ( 'NONE',  ( 0.01282198102282825800, 0.3951145159000518100, -5.742151153037987400 ) ) ;
#770 = CARTESIAN_POINT ( 'NONE',  ( -4.999183800422853700, 0.4373533600799597300, -2.793646567371029600 ) ) ;
#771 = CARTESIAN_POINT ( 'NONE',  ( 4.996884813055647400, 0.4256425053369208300, -2.806443351038033600 ) ) ;
#772 = COORDINATED_UNIVERSAL_TIME_OFFSET ( 6, 0, .BEHIND. ) ;
#773 = DIRECTION ( 'NONE',  ( -0.0000000000000000000, -1.000000000000000000, -0.0000000000000000000 ) ) ;
#774 = ORIENTED_EDGE ( 'NONE', *, *, #231, .F. ) ;
#775 = CIRCLE ( 'NONE', #849, 5.000000000000000900 ) ;
#776 = ORIENTED_EDGE ( 'NONE', *, *, #1117, .F. ) ;
#777 = CIRCLE ( 'NONE', #320, 2.350480947161671900 ) ;
#778 = DIRECTION ( 'NONE',  ( 0.0000000000000000000, -1.000000000000000000, 0.0000000000000000000 ) ) ;
#779 = ADVANCED_FACE ( 'NONE', ( #513 ), #489, .F. ) ;
#780 = DIRECTION ( 'NONE',  ( 1.224646799147353000E-016, -1.000000000000000000, -0.0000000000000000000 ) ) ;
#781 = AXIS2_PLACEMENT_3D ( 'NONE', #21, #165, #144 ) ;
#782 = CARTESIAN_POINT ( 'NONE',  ( -5.000000000000000000, -2.413041253328155600, 2.771281292110206400 ) ) ;
#783 = EDGE_LOOP ( 'NONE', ( #1548, #1019, #1591, #1742, #854 ) ) ;
#784 = DIRECTION ( 'NONE',  ( -1.000000000000000000, -1.502314598737159500E-016, 0.0000000000000000000 ) ) ;
#785 = CARTESIAN_POINT ( 'NONE',  ( 5.000000000000002700, 0.4652386494296859000, 2.771281292110469300 ) ) ;
#786 = CARTESIAN_POINT ( 'NONE',  ( 4.975351344415223300, 0.3936160398721429400, -2.867871076133382800 ) ) ;
#787 = DIRECTION ( 'NONE',  ( -0.0000000000000000000, 1.000000000000000000, -0.0000000000000000000 ) ) ;
#788 = ADVANCED_FACE ( 'NONE', ( #106 ), #1575, .T. ) ;
#789 = CARTESIAN_POINT ( 'NONE',  ( 4.800000000000003400, 3.000000000000000900, -2.771281292110202400 ) ) ;
#790 = CARTESIAN_POINT ( 'NONE',  ( 5.000000000000002700, 1.758358138090578400, -0.3452932346479723500 ) ) ;
#791 = AXIS2_PLACEMENT_3D ( 'NONE', #1528, #981, #604 ) ;
#792 = CARTESIAN_POINT ( 'NONE',  ( 2.500000000000001300, 1.758358138090576400, 4.330127018922194500 ) ) ;
#793 = EDGE_LOOP ( 'NONE', ( #1537, #606, #1463, #758 ) ) ;
#794 = ORIENTED_EDGE ( 'NONE', *, *, #1117, .T. ) ;
#795 = AXIS2_PLACEMENT_3D ( 'NONE', #219, #618, #1690 ) ;
#796 = PERSON ( 'UNSPECIFIED', 'UNSPECIFIED', 'UNSPECIFIED', ('UNSPECIFIED'), ('UNSPECIFIED'), ('UNSPECIFIED') ) ;
#797 = CARTESIAN_POINT ( 'NONE',  ( -4.999999999999992000, 0.4510256806740543500, -2.781952438640948000 ) ) ;
#798 = CIRCLE ( 'NONE', #615, 5.000000000000000900 ) ;
#799 = DIRECTION ( 'NONE',  ( 1.000000000000000000, 1.301042606982605100E-016, 0.0000000000000000000 ) ) ;
#800 = FACE_OUTER_BOUND ( 'NONE', #1481, .T. ) ;
#801 = CYLINDRICAL_SURFACE ( 'NONE', #1003, 3.965298448408814300 ) ;
#802 = CARTESIAN_POINT ( 'NONE',  ( -0.03506867368146882700, -2.398058488698564500, 5.742594388424361500 ) ) ;
#803 =( NAMED_UNIT ( * ) PLANE_ANGLE_UNIT ( ) SI_UNIT ( $, .RADIAN. ) );
#804 = DIRECTION ( 'NONE',  ( 1.000000000000000000, 8.673617379884034200E-017, 0.0000000000000000000 ) ) ;
#805 = ORIENTED_EDGE ( 'NONE', *, *, #303, .T. ) ;
#806 = EDGE_CURVE ( 'NONE', #1699, #258, #1627, .T. ) ;
#807 = AXIS2_PLACEMENT_3D ( 'NONE', #427, #1357, #564 ) ;
#808 = CIRCLE ( 'NONE', #638, 5.386751345948130000 ) ;
#809 = DIRECTION ( 'NONE',  ( 1.000000000000000000, 0.0000000000000000000, 0.0000000000000000000 ) ) ;
#810 = CARTESIAN_POINT ( 'NONE',  ( 1.755911020190579700, 1.687713024558106200, -4.759726991716196800 ) ) ;
#811 = DIRECTION ( 'NONE',  ( 1.000000000000000000, 1.224646799147353000E-016, 0.0000000000000000000 ) ) ;
#812 = CARTESIAN_POINT ( 'NONE',  ( -0.04818466124701206000, 0.4086977981574759800, -5.737031010897044100 ) ) ;
#813 = CARTESIAN_POINT ( 'NONE',  ( -4.693225207877990400, 0.7832485778490254600, 3.063867854760365300 ) ) ;
#814 = VERTEX_POINT ( 'NONE', #1034 ) ;
#815 = DIRECTION ( 'NONE',  ( 0.0000000000000000000, -1.000000000000000000, 0.0000000000000000000 ) ) ;
#816 = DIRECTION ( 'NONE',  ( 0.8660254037844384900, 0.0000000000000000000, 0.5000000000000002200 ) ) ;
#817 = DIRECTION ( 'NONE',  ( 1.224646799147353000E-016, -1.000000000000000000, -0.0000000000000000000 ) ) ;
#818 = CARTESIAN_POINT ( 'NONE',  ( -2.499999999999997800, 1.758358138090576000, 4.330127018922196300 ) ) ;
#819 = CARTESIAN_POINT ( 'NONE',  ( 5.000000000000002700, -2.826794919243109200, 6.123233983106226600E-016 ) ) ;
#820 = EDGE_CURVE ( 'NONE', #243, #1475, #1198, .T. ) ;
#821 = ORIENTED_EDGE ( 'NONE', *, *, #1387, .F. ) ;
#822 = DIRECTION ( 'NONE',  ( 0.0000000000000000000, 0.0000000000000000000, -1.000000000000000000 ) ) ;
#823 = CARTESIAN_POINT ( 'NONE',  ( 0.0000000000000000000, 1.371606792142444600, 0.0000000000000000000 ) ) ;
#824 = APPROVAL_DATE_TIME ( #1163, #293 ) ;
#825 = ADVANCED_FACE ( 'NONE', ( #1345 ), #941, .T. ) ;
#826 = DIRECTION ( 'NONE',  ( 0.7071067811865475700, -0.7071067811865474600, 0.0000000000000000000 ) ) ;
#827 = ORIENTED_EDGE ( 'NONE', *, *, #1340, .F. ) ;
#828 = DIRECTION ( 'NONE',  ( 1.000000000000000000, 1.093690360603823500E-016, 0.0000000000000000000 ) ) ;
#829 = FACE_OUTER_BOUND ( 'NONE', #920, .T. ) ;
#830 = CARTESIAN_POINT ( 'NONE',  ( 5.000000000000002700, -2.413041253328100500, -2.771281292110393300 ) ) ;
#831 = EDGE_LOOP ( 'NONE', ( #1602, #484, #334, #729 ) ) ;
#832 = CONICAL_SURFACE ( 'NONE', #1284, 5.386751345948130000, 0.3490658503988624000 ) ;
#833 = CARTESIAN_POINT ( 'NONE',  ( -0.7642530290086930700, 1.371606792142444600, 5.332260999869102000 ) ) ;
#834 = CARTESIAN_POINT ( 'NONE',  ( -4.235746970991301400, 1.371606792142444600, -3.327993037975291600 ) ) ;
#835 = ORIENTED_EDGE ( 'NONE', *, *, #91, .T. ) ;
#836 = CARTESIAN_POINT ( 'NONE',  ( 5.000000000000002700, 3.000000000000000900, 2.886751345948127800 ) ) ;
#837 = CARTESIAN_POINT ( 'NONE',  ( 2.950480947161672000, -2.999999999999998700, 0.0000000000000000000 ) ) ;
#838 = EDGE_LOOP ( 'NONE', ( #1028, #1366 ) ) ;
#839 = EDGE_CURVE ( 'NONE', #1056, #1076, #1585, .T. ) ;
#840 = CARTESIAN_POINT ( 'NONE',  ( -2.351032555877274000, 1.758358138090576000, 4.416133412886939200 ) ) ;
#841 = DIRECTION ( 'NONE',  ( 1.000000000000000000, 1.341148044034611600E-016, 0.0000000000000000000 ) ) ;
#842 = CARTESIAN_POINT ( 'NONE',  ( 5.000000000000002700, 0.4652386494300528900, -2.771281292110193900 ) ) ;
#843 = DIRECTION ( 'NONE',  ( 1.224646799147353000E-016, -1.000000000000000000, -0.0000000000000000000 ) ) ;
#844 = CARTESIAN_POINT ( 'NONE',  ( 4.951132376132737700, 0.4036240720279494800, 2.902273676944106700 ) ) ;
#845 = DIRECTION ( 'NONE',  ( 1.000000000000000000, 9.225364483764354300E-017, 0.0000000000000000000 ) ) ;
#846 = ORIENTED_EDGE ( 'NONE', *, *, #732, .T. ) ;
#847 = CARTESIAN_POINT ( 'NONE',  ( 4.956331920378056900, 0.3996348065977553500, 2.896274706258911400 ) ) ;
#848 = CARTESIAN_POINT ( 'NONE',  ( -0.8884369217108466500, -2.644098917987150400, 5.260563395988495600 ) ) ;
#849 = AXIS2_PLACEMENT_3D ( 'NONE', #1279, #868, #871 ) ;
#850 = EDGE_LOOP ( 'NONE', ( #339, #235, #362, #474, #696, #1705, #466, #75, #472, #245 ) ) ;
#851 = CYLINDRICAL_SURFACE ( 'NONE', #338, 3.233653964774448200 ) ;
#852 = FACE_OUTER_BOUND ( 'NONE', #857, .T. ) ;
#853 = CYLINDRICAL_SURFACE ( 'NONE', #464, 0.1999999999999996500 ) ;
#854 = ORIENTED_EDGE ( 'NONE', *, *, #1331, .F. ) ;
#855 = CARTESIAN_POINT ( 'NONE',  ( -4.900000000000256200, -2.413041253328073000, 2.944486372866946600 ) ) ;
#856 = EDGE_CURVE ( 'NONE', #1573, #1356, #625, .T. ) ;
#857 = EDGE_LOOP ( 'NONE', ( #368, #193, #478, #55 ) ) ;
#858 = VERTEX_POINT ( 'NONE', #86 ) ;
#859 = ORIENTED_EDGE ( 'NONE', *, *, #753, .T. ) ;
#860 = EDGE_CURVE ( 'NONE', #1126, #634, #1276, .T. ) ;
#861 = VERTEX_POINT ( 'NONE', #1565 ) ;
#862 = LINE ( 'NONE', #1448, #1267 ) ;
#863 = AXIS2_PLACEMENT_3D ( 'NONE', #1219, #16, #1378 ) ;
#864 = ORIENTED_EDGE ( 'NONE', *, *, #649, .F. ) ;
#865 = VECTOR ( 'NONE', #1339, 1000.000000000000000 ) ;
#866 = ORIENTED_EDGE ( 'NONE', *, *, #1244, .T. ) ;
#867 = EDGE_CURVE ( 'NONE', #901, #365, #1326, .T. ) ;
#868 = DIRECTION ( 'NONE',  ( 1.224646799147353000E-016, -1.000000000000000000, -0.0000000000000000000 ) ) ;
#869 = ORIENTED_EDGE ( 'NONE', *, *, #47, .F. ) ;
#870 = VERTEX_POINT ( 'NONE', #209 ) ;
#871 = DIRECTION ( 'NONE',  ( 1.000000000000000000, 1.301042606982605100E-016, 0.0000000000000000000 ) ) ;
#872 = FACE_OUTER_BOUND ( 'NONE', #112, .T. ) ;
#873 = AXIS2_PLACEMENT_3D ( 'NONE', #1624, #429, #809 ) ;
#874 = B_SPLINE_CURVE_WITH_KNOTS ( 'NONE', 3,
 ( #589, #1105, #974, #1518, #581, #1648, #1249, #848, #319, #453 ),
 .UNSPECIFIED., .F., .F.,
 ( 4, 2, 2, 2, 4 ),
 ( 0.0001192028793754577200, 0.002915778497502726900, 0.003614922402034542400, 0.004314066306566360100, 0.005712354115629993600 ),
 .UNSPECIFIED. ) ;
#875 = VERTEX_POINT ( 'NONE', #1683 ) ;
#876 = DIRECTION ( 'NONE',  ( 1.224646799147353000E-016, -1.000000000000000000, -0.0000000000000000000 ) ) ;
#877 = CARTESIAN_POINT ( 'NONE',  ( 3.233653964774448200, -2.999999999999998700, 0.0000000000000000000 ) ) ;
#878 = DIRECTION ( 'NONE',  ( 1.224646799147353000E-016, -1.000000000000000000, -0.0000000000000000000 ) ) ;
#879 = EDGE_CURVE ( 'NONE', #115, #18, #473, .T. ) ;
#880 = CARTESIAN_POINT ( 'NONE',  ( -1.042936844043886400, 1.491338718801235300, -5.171362824239739800 ) ) ;
#881 = DIRECTION ( 'NONE',  ( 1.224646799147353000E-016, -1.000000000000000000, -0.0000000000000000000 ) ) ;
#882 = AXIS2_PLACEMENT_3D ( 'NONE', #1408, #1675, #366 ) ;
#883 = ORIENTED_EDGE ( 'NONE', *, *, #897, .T. ) ;
#884 = CARTESIAN_POINT ( 'NONE',  ( 0.03008151176950925700, 0.3996348065977617900, -5.740446705764561800 ) ) ;
#885 = ORIENTED_EDGE ( 'NONE', *, *, #220, .F. ) ;
#886 = PLANE ( 'NONE',  #1582 ) ;
#887 = DIRECTION ( 'NONE',  ( 1.000000000000000000, 1.093690360603823500E-016, 0.0000000000000000000 ) ) ;
#888 = CARTESIAN_POINT ( 'NONE',  ( 4.800000000000003400, 3.000000000000000900, 2.771281292110201900 ) ) ;
#889 = CARTESIAN_POINT ( 'NONE',  ( 2.350480947161671900, -2.999999999999998700, 0.0000000000000000000 ) ) ;
#890 = CIRCLE ( 'NONE', #238, 2.350480947161671900 ) ;
#891 = ORIENTED_EDGE ( 'NONE', *, *, #1617, .T. ) ;
#892 = VECTOR ( 'NONE', #1639, 1000.000000000000000 ) ;
#893 = ADVANCED_FACE ( 'NONE', ( #751 ), #706, .T. ) ;
#894 = VERTEX_POINT ( 'NONE', #1691 ) ;
#895 = CARTESIAN_POINT ( 'NONE',  ( -4.900000000000232200, 0.4652386494296843500, 2.944486372866960400 ) ) ;
#896 = FACE_OUTER_BOUND ( 'NONE', #641, .T. ) ;
#897 = EDGE_CURVE ( 'NONE', #1392, #1573, #1525, .T. ) ;
#898 = CARTESIAN_POINT ( 'NONE',  ( -4.235746970991301400, 1.371606792142444600, -3.327993037975291600 ) ) ;
#899 = CARTESIAN_POINT ( 'NONE',  ( -4.995222869139493800, 0.4171035487530126400, 2.815749163246358900 ) ) ;
#900 = B_SPLINE_CURVE_WITH_KNOTS ( 'NONE', 3,
 ( #35, #699, #1610, #417 ),
 .UNSPECIFIED., .F., .F.,
 ( 4, 4 ),
 ( 0.004290138835191268300, 0.005478702049249932500 ),
 .UNSPECIFIED. ) ;
#901 = VERTEX_POINT ( 'NONE', #1547 ) ;
#902 = CARTESIAN_POINT ( 'NONE',  ( 0.0000000000000000000, 2.546942932043188900, -3.233653964774448200 ) ) ;
#903 = CARTESIAN_POINT ( 'NONE',  ( 1.679777357588492400, -2.826202291771470000, 4.803682782313904600 ) ) ;
#904 = ORIENTED_EDGE ( 'NONE', *, *, #972, .T. ) ;
#905 = CARTESIAN_POINT ( 'NONE',  ( 3.369960114714635100E-014, -2.398076211353160400, -5.742562584220682900 ) ) ;
#906 = CARTESIAN_POINT ( 'NONE',  ( 0.7642530290086985100, 1.371606792142444600, 5.332260999869101100 ) ) ;
#907 = CARTESIAN_POINT ( 'NONE',  ( 4.990892648301814600, -2.398094025202164700, 2.840581590747278500 ) ) ;
#908 = ADVANCED_FACE ( 'NONE', ( #600 ), #985, .F. ) ;
#909 = CARTESIAN_POINT ( 'NONE',  ( -0.09999999999974101800, -2.413041253328073400, -5.715767664977442500 ) ) ;
#910 = CARTESIAN_POINT ( 'NONE',  ( 5.000000000000002700, 1.758358138090576800, 0.0000000000000000000 ) ) ;
#911 = EDGE_CURVE ( 'NONE', #163, #870, #631, .T. ) ;
#912 = CARTESIAN_POINT ( 'NONE',  ( -4.936121740625869100, 0.4171035487530129800, -2.918115320616615700 ) ) ;
#913 = B_SPLINE_CURVE_WITH_KNOTS ( 'NONE', 3,
 ( #1106, #970, #1530, #1657, #1521, #727 ),
 .UNSPECIFIED., .F., .F.,
 ( 4, 2, 4 ),
 ( 0.002992633471964826800, 0.004004991649330657200, 0.005017349826696487200 ),
 .UNSPECIFIED. ) ;
#914 = EDGE_LOOP ( 'NONE', ( #651, #354, #46, #685 ) ) ;
#915 = CARTESIAN_POINT ( 'NONE',  ( 0.004291631389643360700, 0.3940234494020351000, -5.742562584220078000 ) ) ;
#916 = CARTESIAN_POINT ( 'NONE',  ( -4.996848828048510600, 0.4254584048153489100, -2.806644251487613300 ) ) ;
#917 = ADVANCED_FACE ( 'NONE', ( #52 ), #237, .T. ) ;
#918 = CARTESIAN_POINT ( 'NONE',  ( 4.965781635455768700, 0.3953240014665055900, -2.883158230509550900 ) ) ;
#919 = CARTESIAN_POINT ( 'NONE',  ( -4.475473238981767700, 1.088631849838429500, -3.189587012619170100 ) ) ;
#920 = EDGE_LOOP ( 'NONE', ( #1032, #746, #846, #1093 ) ) ;
#921 = DIRECTION ( 'NONE',  ( 0.8660254037844380400, 0.5000000000000010000, 1.060575238724906300E-016 ) ) ;
#922 = FACE_OUTER_BOUND ( 'NONE', #1124, .T. ) ;
#923 = FACE_OUTER_BOUND ( 'NONE', #783, .T. ) ;
#924 = CARTESIAN_POINT ( 'NONE',  ( 1.462012587019952100E-011, 0.3940234493272168300, -5.742562584248292800 ) ) ;
#925 = CARTESIAN_POINT ( 'NONE',  ( 5.000000000000002700, 3.000000000000000900, 2.771281292110201900 ) ) ;
#926 = DIRECTION ( 'NONE',  ( 0.0000000000000000000, -1.000000000000000000, 0.0000000000000000000 ) ) ;
#927 = DIRECTION ( 'NONE',  ( 1.224646799147353000E-016, -1.000000000000000000, -0.0000000000000000000 ) ) ;
#928 = COORDINATED_UNIVERSAL_TIME_OFFSET ( 6, 0, .BEHIND. ) ;
#929 = DIRECTION ( 'NONE',  ( 0.0000000000000000000, -1.000000000000000000, 0.0000000000000000000 ) ) ;
#930 = DIRECTION ( 'NONE',  ( 1.224646799147353000E-016, -1.000000000000000000, -0.0000000000000000000 ) ) ;
#931 = EDGE_LOOP ( 'NONE', ( #512, #88, #59, #672, #1382 ) ) ;
#932 = CARTESIAN_POINT ( 'NONE',  ( 0.05861540202345456900, 0.4166655486935766900, 5.734029363467654700 ) ) ;
#933 = CARTESIAN_POINT ( 'NONE',  ( -3.233653964774449100, 2.696942932043187900, 5.041658986623971100E-016 ) ) ;
#934 = EDGE_CURVE ( 'NONE', #610, #1072, #286, .T. ) ;
#935 = CARTESIAN_POINT ( 'NONE',  ( -2.499999999999997800, 1.758358138090576000, -4.330127018922196300 ) ) ;
#936 = EDGE_LOOP ( 'NONE', ( #108, #1417, #776, #285 ) ) ;
#937 = APPROVAL_ROLE ( '' ) ;
#938 = CARTESIAN_POINT ( 'NONE',  ( 0.09999999999998772400, -2.413041253328156000, 5.715767664977303000 ) ) ;
#939 = CARTESIAN_POINT ( 'NONE',  ( -2.799816969370606300, 1.749302842942347600, -4.157027610948455600 ) ) ;
#940 = VERTEX_POINT ( 'NONE', #1011 ) ;
#941 = CONICAL_SURFACE ( 'NONE', #358, 5.386751345948130000, 0.3490658503988624000 ) ;
#942 = ORIENTED_EDGE ( 'NONE', *, *, #1244, .F. ) ;
#943 = FACE_OUTER_BOUND ( 'NONE', #1660, .T. ) ;
#944 = APPLICATION_PROTOCOL_DEFINITION ( 'international standard', 'config_control_design', 1994, #1208 ) ;
#945 = CARTESIAN_POINT ( 'NONE',  ( 2.200183030629392400, 1.749302842942347200, -4.503226426895934300 ) ) ;
#946 = EDGE_CURVE ( 'NONE', #1436, #328, #1403, .T. ) ;
#947 = CARTESIAN_POINT ( 'NONE',  ( 0.0000000000000000000, -2.999999999999999100, 0.0000000000000000000 ) ) ;
#948 = CARTESIAN_POINT ( 'NONE',  ( -0.03656310600103880600, 0.4029639796291393200, -5.739192030844216100 ) ) ;
#949 = ORIENTED_EDGE ( 'NONE', *, *, #1241, .T. ) ;
#950 = CARTESIAN_POINT ( 'NONE',  ( -3.965298448408815200, 1.500000000000000000, 4.856090052507821300E-016 ) ) ;
#951 = AXIS2_PLACEMENT_3D ( 'NONE', #1157, #1281, #369 ) ;
#952 = VERTEX_POINT ( 'NONE', #68 ) ;
#953 = CARTESIAN_POINT ( 'NONE',  ( 2.500000000000001800, 1.758358138090576400, -4.330127018922195400 ) ) ;
#954 = PERSON_AND_ORGANIZATION_ROLE ( 'design_supplier' ) ;
#955 = CARTESIAN_POINT ( 'NONE',  ( 0.7642530290086985100, 1.371606792142444600, -5.332260999869101100 ) ) ;
#956 = CARTESIAN_POINT ( 'NONE',  ( 0.04818466124701930400, 0.4086977981574715400, 5.737031010897045000 ) ) ;
#957 = CARTESIAN_POINT ( 'NONE',  ( 5.000000000000001800, -2.787286060575547600, 0.9421959305420599700 ) ) ;
#958 = DIRECTION ( 'NONE',  ( 1.224646799147353000E-016, -1.000000000000000000, -0.0000000000000000000 ) ) ;
#959 = DIRECTION ( 'NONE',  ( 1.224646799147353000E-016, -1.000000000000000000, -0.0000000000000000000 ) ) ;
#960 = CARTESIAN_POINT ( 'NONE',  ( -0.7642530290086930700, 1.371606792142444600, 5.332260999869102000 ) ) ;
#961 = CARTESIAN_POINT ( 'NONE',  ( 5.000000000000002700, 1.758358138090576800, 0.0000000000000000000 ) ) ;
#962 = EDGE_CURVE ( 'NONE', #1670, #814, #775, .T. ) ;
#963 = ORIENTED_EDGE ( 'NONE', *, *, #1673, .F. ) ;
#964 = CARTESIAN_POINT ( 'NONE',  ( 0.1000000000000124100, 0.4652386494300591000, -5.715767664977289700 ) ) ;
#965 = CARTESIAN_POINT ( 'NONE',  ( -2.904041881167814100, -2.817345571190672500, -4.096853330066072600 ) ) ;
#966 = ORIENTED_EDGE ( 'NONE', *, *, #704, .T. ) ;
#967 = CARTESIAN_POINT ( 'NONE',  ( -4.990892648301762200, -2.398094025202156800, -2.840581590747404600 ) ) ;
#968 = CYLINDRICAL_SURFACE ( 'NONE', #1514, 3.965298448408814300 ) ;
#969 = DIRECTION ( 'NONE',  ( 1.224646799147353000E-016, -1.000000000000000000, -0.0000000000000000000 ) ) ;
#970 = CARTESIAN_POINT ( 'NONE',  ( 2.796305884349796800, 1.758358138090575500, -4.159054736830369400 ) ) ;
#971 = VECTOR ( 'NONE', #467, 1000.000000000000200 ) ;
#972 = EDGE_CURVE ( 'NONE', #1259, #555, #724, .T. ) ;
#973 = CARTESIAN_POINT ( 'NONE',  ( -5.000000000000000000, -2.826794919243111400, -0.4677748199267374700 ) ) ;
#974 = CARTESIAN_POINT ( 'NONE',  ( -3.320222642411676100, -2.826202291771454400, 3.856571255530386400 ) ) ;
#975 = CC_DESIGN_PERSON_AND_ORGANIZATION_ASSIGNMENT ( #1439, #1358, ( #181 ) ) ;
#976 = ADVANCED_FACE ( 'NONE', ( #1144 ), #5, .T. ) ;
#977 = CARTESIAN_POINT ( 'NONE',  ( 4.986169205660102600, 0.3994729253612258100, 2.844717150553443700 ) ) ;
#978 = ORIENTED_EDGE ( 'NONE', *, *, #753, .F. ) ;
#979 = ORIENTED_EDGE ( 'NONE', *, *, #196, .F. ) ;
#980 = EDGE_CURVE ( 'NONE', #258, #337, #460, .T. ) ;
#981 = DIRECTION ( 'NONE',  ( -0.0000000000000000000, -1.000000000000000000, -0.0000000000000000000 ) ) ;
#982 = AXIS2_PLACEMENT_3D ( 'NONE', #1086, #300, #1362 ) ;
#983 = VECTOR ( 'NONE', #1728, 1000.000000000000000 ) ;
#984 = ORIENTED_EDGE ( 'NONE', *, *, #451, .T. ) ;
#985 = CYLINDRICAL_SURFACE ( 'NONE', #1380, 2.350480947161671900 ) ;
#986 = EDGE_LOOP ( 'NONE', ( #608, #1612, #313, #1716 ) ) ;
#987 = CIRCLE ( 'NONE', #694, 2.350480947161671900 ) ;
#988 = ORIENTED_EDGE ( 'NONE', *, *, #1727, .F. ) ;
#989 = ORIENTED_EDGE ( 'NONE', *, *, #1435, .T. ) ;
#990 = ORIENTED_EDGE ( 'NONE', *, *, #1422, .T. ) ;
#991 = CLOSED_SHELL ( 'NONE', ( #440, #1457, #1360, #175, #1182, #1584 ) ) ;
#992 = AXIS2_PLACEMENT_3D ( 'NONE', #1261, #57, #598 ) ;
#993 = VERTEX_POINT ( 'NONE', #1729 ) ;
#994 = EDGE_CURVE ( 'NONE', #1377, #861, #1458, .T. ) ;
#995 = CARTESIAN_POINT ( 'NONE',  ( -5.000000000000000000, 1.371606792142444600, -2.004267961893815300 ) ) ;
#996 = EDGE_LOOP ( 'NONE', ( #827, #573, #1128, #734 ) ) ;
#997 = CC_DESIGN_SECURITY_CLASSIFICATION ( #756, ( #536 ) ) ;
#998 = CYLINDRICAL_SURFACE ( 'NONE', #1426, 0.2000000000000000900 ) ;
#999 = DIRECTION ( 'NONE',  ( 0.0000000000000000000, 0.0000000000000000000, -1.000000000000000000 ) ) ;
#1000 = VECTOR ( 'NONE', #185, 1000.000000000000000 ) ;
#1001 = DIRECTION ( 'NONE',  ( 1.000000000000000000, 1.224646799147353000E-016, 0.0000000000000000000 ) ) ;
#1002 = CARTESIAN_POINT ( 'NONE',  ( 5.000000000000002700, 0.7829074096674720800, -2.532774478584723700 ) ) ;
#1003 = AXIS2_PLACEMENT_3D ( 'NONE', #140, #1060, #579 ) ;
#1004 = B_SPLINE_CURVE_WITH_KNOTS ( 'NONE', 3,
 ( #423, #406, #174, #15, #577, #830 ),
 .UNSPECIFIED., .F., .F.,
 ( 4, 2, 4 ),
 ( 0.005059341612510491300, 0.006456186905957901600, 0.007853032199405311100 ),
 .UNSPECIFIED. ) ;
#1005 = CARTESIAN_POINT ( 'NONE',  ( -5.000000000000000000, 1.089005272467545900, -2.280714722722410000 ) ) ;
#1006 = CARTESIAN_POINT ( 'NONE',  ( -4.983143930467663000, 0.3966036953355494000, 2.852120764064062000 ) ) ;
#1007 = VERTEX_POINT ( 'NONE', #1020 ) ;
#1008 = VERTEX_POINT ( 'NONE', #1714 ) ;
#1009 = FACE_OUTER_BOUND ( 'NONE', #1335, .T. ) ;
#1010 = EDGE_CURVE ( 'NONE', #1056, #1721, #188, .T. ) ;
#1011 = CARTESIAN_POINT ( 'NONE',  ( -5.000000000000000000, -2.413041253328101800, -2.771281292110396900 ) ) ;
#1012 = VERTEX_POINT ( 'NONE', #1033 ) ;
#1013 = DIRECTION ( 'NONE',  ( 1.224646799147353000E-016, -1.000000000000000000, -0.0000000000000000000 ) ) ;
#1014 = CIRCLE ( 'NONE', #154, 2.950480947161672000 ) ;
#1015 = ORIENTED_EDGE ( 'NONE', *, *, #962, .F. ) ;
#1016 = ORIENTED_EDGE ( 'NONE', *, *, #649, .T. ) ;
#1017 = CARTESIAN_POINT ( 'NONE',  ( 3.965298448408813400, 1.500000000000000900, 0.0000000000000000000 ) ) ;
#1018 = CARTESIAN_POINT ( 'NONE',  ( -3.089202509138608800, 1.722956960824695700, 3.989950791663817100 ) ) ;
#1019 = ORIENTED_EDGE ( 'NONE', *, *, #1580, .T. ) ;
#1020 = CARTESIAN_POINT ( 'NONE',  ( 4.900000000008596100, -2.413041253325397300, 2.944486372862127800 ) ) ;
#1021 = DIRECTION ( 'NONE',  ( -0.8660254037844389300, 0.0000000000000000000, -0.4999999999999992800 ) ) ;
#1022 = VERTEX_POINT ( 'NONE', #639 ) ;
#1023 = EDGE_CURVE ( 'NONE', #1397, #1576, #1544, .T. ) ;
#1024 = DIRECTION ( 'NONE',  ( 1.000000000000000000, 1.845072896752870900E-016, 0.0000000000000000000 ) ) ;
#1025 = CARTESIAN_POINT ( 'NONE',  ( -4.955462143263020800, -2.398094025201649600, 2.901949025614146900 ) ) ;
#1026 = CARTESIAN_POINT ( 'NONE',  ( -5.000000000000000000, 0.4652386494300531600, 2.771281292110197000 ) ) ;
#1027 = AXIS2_PLACEMENT_3D ( 'NONE', #445, #843, #1369 ) ;
#1028 = ORIENTED_EDGE ( 'NONE', *, *, #721, .F. ) ;
#1029 = B_SPLINE_CURVE_WITH_KNOTS ( 'NONE', 3,
 ( #961, #1636, #2, #1342, #1489, #692 ),
 .UNSPECIFIED., .F., .F.,
 ( 4, 2, 4 ),
 ( 0.006740978739294228200, 0.007758953373905503600, 0.008776928008516779100 ),
 .UNSPECIFIED. ) ;
#1030 = DIRECTION ( 'NONE',  ( -0.0000000000000000000, -1.000000000000000000, -0.0000000000000000000 ) ) ;
#1031 = CARTESIAN_POINT ( 'NONE',  ( -4.992506928359468100, 0.4086977981574697600, -2.826786364735859100 ) ) ;
#1032 = ORIENTED_EDGE ( 'NONE', *, *, #150, .F. ) ;
#1033 = CARTESIAN_POINT ( 'NONE',  ( 4.235746970991304900, 1.371606792142444600, -3.327993037975287600 ) ) ;
#1034 = CARTESIAN_POINT ( 'NONE',  ( -5.000000000000000000, 1.758358138090575500, 0.0000000000000000000 ) ) ;
#1035 = LOCAL_TIME ( 13, 57, 56.00000000000000000, #1092 ) ;
#1036 = CARTESIAN_POINT ( 'NONE',  ( 0.04905293856156935100, 0.4093438169092819000, -5.736787628215630300 ) ) ;
#1037 = CARTESIAN_POINT ( 'NONE',  ( 3.965298448408813400, 1.965298448408813400, 0.0000000000000000000 ) ) ;
#1038 = ORIENTED_EDGE ( 'NONE', *, *, #350, .F. ) ;
#1039 = VECTOR ( 'NONE', #71, 1000.000000000000000 ) ;
#1040 = CARTESIAN_POINT ( 'NONE',  ( 4.956681921790618600, 0.3994729253612245300, -2.895790624392595300 ) ) ;
#1041 = CYLINDRICAL_SURFACE ( 'NONE', #1042, 0.2000000000000000900 ) ;
#1042 = AXIS2_PLACEMENT_3D ( 'NONE', #1236, #1625, #679 ) ;
#1043 = DIRECTION ( 'NONE',  ( 1.000000000000000000, 1.093690360603823500E-016, 0.0000000000000000000 ) ) ;
#1044 = ADVANCED_FACE ( 'NONE', ( #81 ), #201, .T. ) ;
#1045 = B_SPLINE_CURVE_WITH_KNOTS ( 'NONE', 3,
 ( #1103, #1644, #1376, #709, #965, #584, #1515, #712, #1651, #731 ),
 .UNSPECIFIED., .F., .F.,
 ( 4, 2, 2, 2, 4 ),
 ( 0.0001192028793754592100, 0.002915778497502724300, 0.003614922402034541500, 0.004314066306566359200, 0.005712354115629992800 ),
 .UNSPECIFIED. ) ;
#1046 = DIRECTION ( 'NONE',  ( 1.224646799147353000E-016, -1.000000000000000000, -0.0000000000000000000 ) ) ;
#1047 = CIRCLE ( 'NONE', #325, 5.386751345948130000 ) ;
#1048 = CARTESIAN_POINT ( 'NONE',  ( 2.799816969370610800, 1.749302842942348300, 4.157027610948453900 ) ) ;
#1049 = DIRECTION ( 'NONE',  ( 1.224646799147353000E-016, -1.000000000000000000, -0.0000000000000000000 ) ) ;
#1050 = CARTESIAN_POINT ( 'NONE',  ( 0.0000000000000000000, -2.999999999999999100, 0.0000000000000000000 ) ) ;
#1051 = CARTESIAN_POINT ( 'NONE',  ( 3.035766082959412400E-015, 3.000000000000000900, -5.773502691896257300 ) ) ;
#1052 = DIRECTION ( 'NONE',  ( 1.000000000000000000, 1.224646799147353000E-016, 0.0000000000000000000 ) ) ;
#1053 = EDGE_CURVE ( 'NONE', #1688, #1392, #1733, .T. ) ;
#1054 = CARTESIAN_POINT ( 'NONE',  ( 0.7642530290086985100, 1.371606792142444600, -5.332260999869101100 ) ) ;
#1055 = CC_DESIGN_APPROVAL ( #293, ( #536 ) ) ;
#1056 = VERTEX_POINT ( 'NONE', #527 ) ;
#1057 = ORIENTED_EDGE ( 'NONE', *, *, #1682, .T. ) ;
#1058 = CARTESIAN_POINT ( 'NONE',  ( -2.950480947161672000, -2.999999999999999600, 3.613297047886792500E-016 ) ) ;
#1059 = CARTESIAN_POINT ( 'NONE',  ( -6.793045906779723800E-016, 2.546942932043188900, 0.0000000000000000000 ) ) ;
#1060 = DIRECTION ( 'NONE',  ( 1.224646799147353000E-016, -1.000000000000000000, -0.0000000000000000000 ) ) ;
#1061 = FACE_BOUND ( 'NONE', #1235, .T. ) ;
#1062 = MECHANICAL_CONTEXT ( 'NONE', #1208, 'mechanical' ) ;
#1063 = DIRECTION ( 'NONE',  ( 1.000000000000000000, 1.301042606982605100E-016, 0.0000000000000000000 ) ) ;
#1064 = ORIENTED_EDGE ( 'NONE', *, *, #1543, .F. ) ;
#1065 = FACE_OUTER_BOUND ( 'NONE', #936, .T. ) ;
#1066 = EDGE_CURVE ( 'NONE', #1263, #582, #1666, .T. ) ;
#1067 = CARTESIAN_POINT ( 'NONE',  ( 0.06779919285042447500, 0.4254584048153486900, 5.730720149704315400 ) ) ;
#1068 = CARTESIAN_POINT ( 'NONE',  ( 1.462012587019952100E-011, 0.3940234493272168300, -5.742562584248292800 ) ) ;
#1069 = ORIENTED_EDGE ( 'NONE', *, *, #860, .T. ) ;
#1070 = AXIS2_PLACEMENT_3D ( 'NONE', #703, #571, #674 ) ;
#1071 = CARTESIAN_POINT ( 'NONE',  ( -5.827308063009380900E-016, 1.758358138090576200, 0.0000000000000000000 ) ) ;
#1072 = VERTEX_POINT ( 'NONE', #92 ) ;
#1073 = CARTESIAN_POINT ( 'NONE',  ( 2.350480947161671000, 2.456942932043189900, 0.0000000000000000000 ) ) ;
#1074 = CARTESIAN_POINT ( 'NONE',  ( 1.902530555820481500, 1.713881854207383900, -4.675076163351817200 ) ) ;
#1075 = B_SPLINE_CURVE_WITH_KNOTS ( 'NONE', 3,
 ( #269, #682, #326, #1647, #1338, #549 ),
 .UNSPECIFIED., .F., .F.,
 ( 4, 2, 4 ),
 ( 0.008043797998819530700, 0.009444516708579958600, 0.01084523541834038800 ),
 .UNSPECIFIED. ) ;
#1076 = VERTEX_POINT ( 'NONE', #1322 ) ;
#1077 = PLANE ( 'NONE',  #1294 ) ;
#1078 = CARTESIAN_POINT ( 'NONE',  ( 4.929730981890458900, -2.403432709412569600, -2.927321182469363700 ) ) ;
#1079 = CARTESIAN_POINT ( 'NONE',  ( 4.900000000008596100, -2.413041253325397300, 2.944486372862127800 ) ) ;
#1080 = DIRECTION ( 'NONE',  ( -1.000000000000000000, 0.0000000000000000000, 0.0000000000000000000 ) ) ;
#1081 = CARTESIAN_POINT ( 'NONE',  ( -4.800000000000000700, 3.000000000000000900, -2.771281292110206400 ) ) ;
#1082 = ORIENTED_EDGE ( 'NONE', *, *, #522, .T. ) ;
#1083 = CARTESIAN_POINT ( 'NONE',  ( -0.05910112851362183500, 0.4171035487530171900, 5.733864483862969800 ) ) ;
#1084 = DIRECTION ( 'NONE',  ( 1.000000000000000000, 8.673617379884034200E-017, 0.0000000000000000000 ) ) ;
#1085 = EDGE_CURVE ( 'NONE', #561, #901, #862, .T. ) ;
#1086 = CARTESIAN_POINT ( 'NONE',  ( -5.827308063009380900E-016, 1.758358138090576200, 0.0000000000000000000 ) ) ;
#1087 = DIRECTION ( 'NONE',  ( 0.0000000000000000000, -1.000000000000000000, 0.0000000000000000000 ) ) ;
#1088 = PERSON_AND_ORGANIZATION_ROLE ( 'classification_officer' ) ;
#1089 = PLANE ( 'NONE',  #1361 ) ;
#1090 = ORIENTED_EDGE ( 'NONE', *, *, #1133, .F. ) ;
#1091 = CARTESIAN_POINT ( 'NONE',  ( 0.0000000000000000000, 1.371606792142444600, 0.0000000000000000000 ) ) ;
#1092 = COORDINATED_UNIVERSAL_TIME_OFFSET ( 6, 0, .BEHIND. ) ;
#1093 = ORIENTED_EDGE ( 'NONE', *, *, #1066, .F. ) ;
#1094 = LINE ( 'NONE', #19, #1297 ) ;
#1095 = CONICAL_SURFACE ( 'NONE', #481, 2.950480947161672000, 0.7853981633974482800 ) ;
#1096 = CARTESIAN_POINT ( 'NONE',  ( 3.035766082959412400E-015, 3.000000000000000900, 5.773502691896257300 ) ) ;
#1097 = EDGE_CURVE ( 'NONE', #1076, #335, #1551, .T. ) ;
#1098 = CARTESIAN_POINT ( 'NONE',  ( -0.1000000000000037100, 0.4652386494300587100, 5.715767664977291500 ) ) ;
#1099 = CARTESIAN_POINT ( 'NONE',  ( -0.02184296287833770900, 0.3967837607443617800, -5.741521725696305400 ) ) ;
#1100 = ORIENTED_EDGE ( 'NONE', *, *, #675, .T. ) ;
#1101 = ADVANCED_FACE ( 'NONE', ( #562 ), #1473, .T. ) ;
#1102 = CARTESIAN_POINT ( 'NONE',  ( -5.827308063009380900E-016, 1.758358138090576200, 0.0000000000000000000 ) ) ;
#1103 = CARTESIAN_POINT ( 'NONE',  ( -0.09999999999974101800, -2.413041253328073400, -5.715767664977442500 ) ) ;
#1104 = CARTESIAN_POINT ( 'NONE',  ( 5.000000000000002700, 0.4652386494296859000, 2.771281292110469300 ) ) ;
#1105 = CARTESIAN_POINT ( 'NONE',  ( -4.115935739548827000, -2.666437387599101900, 3.397166084700544300 ) ) ;
#1106 = CARTESIAN_POINT ( 'NONE',  ( 2.500000000000001800, 1.758358138090576400, -4.330127018922195400 ) ) ;
#1107 = CARTESIAN_POINT ( 'NONE',  ( 4.988567648908819800, 0.4029639796291312200, 2.837931436783939000 ) ) ;
#1108 = AXIS2_PLACEMENT_3D ( 'NONE', #1456, #927, #1744 ) ;
#1109 = ORIENTED_EDGE ( 'NONE', *, *, #522, .F. ) ;
#1110 = ORIENTED_EDGE ( 'NONE', *, *, #1682, .F. ) ;
#1111 = CYLINDRICAL_SURFACE ( 'NONE', #795, 3.965298448408814300 ) ;
#1112 = DIRECTION ( 'NONE',  ( -0.0000000000000000000, -1.000000000000000000, -0.0000000000000000000 ) ) ;
#1113 = CARTESIAN_POINT ( 'NONE',  ( -4.929742115074547300, -2.403429111358258200, -2.927314754722752700 ) ) ;
#1114 = VECTOR ( 'NONE', #528, 1000.000000000000000 ) ;
#1115 = LINE ( 'NONE', #171, #1419 ) ;
#1116 = ORIENTED_EDGE ( 'NONE', *, *, #806, .F. ) ;
#1117 = EDGE_CURVE ( 'NONE', #814, #1436, #616, .T. ) ;
#1118 = CALENDAR_DATE ( 2023, 2, 2 ) ;
#1119 = EDGE_LOOP ( 'NONE', ( #1570, #629 ) ) ;
#1120 = AXIS2_PLACEMENT_3D ( 'NONE', #676, #395, #1328 ) ;
#1121 = CARTESIAN_POINT ( 'NONE',  ( 0.0000000000000000000, -2.999999999999999100, 0.0000000000000000000 ) ) ;
#1122 = EDGE_LOOP ( 'NONE', ( #988, #13, #990, #1388, #689 ) ) ;
#1123 = EDGE_CURVE ( 'NONE', #1629, #561, #1569, .T. ) ;
#1124 = EDGE_LOOP ( 'NONE', ( #1410, #1038, #74, #1562 ) ) ;
#1125 = CALENDAR_DATE ( 2023, 2, 2 ) ;
#1126 = VERTEX_POINT ( 'NONE', #842 ) ;
#1127 = CYLINDRICAL_SURFACE ( 'NONE', #1659, 0.1999999999999996500 ) ;
#1128 = ORIENTED_EDGE ( 'NONE', *, *, #1292, .F. ) ;
#1129 = CIRCLE ( 'NONE', #251, 5.000000000000000900 ) ;
#1130 = DIRECTION ( 'NONE',  ( 1.224646799147353000E-016, -1.000000000000000000, -0.0000000000000000000 ) ) ;
#1131 = ORIENTED_EDGE ( 'NONE', *, *, #503, .T. ) ;
#1132 = CARTESIAN_POINT ( 'NONE',  ( -5.000000000000000000, 0.7832485778490266800, -2.532518328323663400 ) ) ;
#1133 = EDGE_CURVE ( 'NONE', #1475, #310, #1703, .T. ) ;
#1134 = B_SPLINE_CURVE_WITH_KNOTS ( 'NONE', 3,
 ( #152, #1078, #159, #146, #1211, #578 ),
 .UNSPECIFIED., .F., .F.,
 ( 4, 2, 4 ),
 ( 2.865826711131496700E-016, 0.0001055411715087437100, 0.0002110823430172008500 ),
 .UNSPECIFIED. ) ;
#1135 = DIRECTION ( 'NONE',  ( 0.0000000000000000000, -1.000000000000000000, 0.0000000000000000000 ) ) ;
#1136 = VERTEX_POINT ( 'NONE', #36 ) ;
#1137 = DIRECTION ( 'NONE',  ( 1.224646799147353000E-016, -1.000000000000000000, -0.0000000000000000000 ) ) ;
#1138 = EDGE_CURVE ( 'NONE', #337, #258, #1385, .T. ) ;
#1139 = CARTESIAN_POINT ( 'NONE',  ( 4.900000000000003000, 3.000000000000000900, -2.944486372867090000 ) ) ;
#1140 = CYLINDRICAL_SURFACE ( 'NONE', #50, 0.1999999999999996500 ) ;
#1141 = CC_DESIGN_APPROVAL ( #329, ( #181 ) ) ;
#1142 = B_SPLINE_CURVE_WITH_KNOTS ( 'NONE', 3,
 ( #1145, #1552, #1406, #515, #1434, #504 ),
 .UNSPECIFIED., .F., .F.,
 ( 4, 2, 4 ),
 ( 0.004027032746132243500, 0.005044302528131722900, 0.006061572310131202300 ),
 .UNSPECIFIED. ) ;
#1143 = FACE_OUTER_BOUND ( 'NONE', #470, .T. ) ;
#1144 = FACE_OUTER_BOUND ( 'NONE', #850, .T. ) ;
#1145 = CARTESIAN_POINT ( 'NONE',  ( -5.000000000000000000, 1.371606792142444600, 2.004267961893815300 ) ) ;
#1146 = ORIENTED_EDGE ( 'NONE', *, *, #1522, .T. ) ;
#1147 = DIRECTION ( 'NONE',  ( 1.224646799147353000E-016, -1.000000000000000000, -0.0000000000000000000 ) ) ;
#1148 = DATE_AND_TIME ( #1204, #1270 ) ;
#1149 = CARTESIAN_POINT ( 'NONE',  ( 0.09080578355434411300, 0.4510983759288899600, -5.721075948317184700 ) ) ;
#1150 = CIRCLE ( 'NONE', #559, 2.950480947161672000 ) ;
#1151 = EDGE_CURVE ( 'NONE', #952, #1629, #436, .T. ) ;
#1152 = CARTESIAN_POINT ( 'NONE',  ( -4.900000000000232200, 0.4652386494296843500, 2.944486372866960400 ) ) ;
#1153 = CARTESIAN_POINT ( 'NONE',  ( 3.442341897641476600E-015, 3.000000000000000900, -5.742562584220405800 ) ) ;
#1154 = AXIS2_PLACEMENT_3D ( 'NONE', #1050, #1613, #659 ) ;
#1155 = B_SPLINE_CURVE_WITH_KNOTS ( 'NONE', 3,
 ( #1709, #635, #230, #241, #519, #1578, #225, #762, #498, #1421 ),
 .UNSPECIFIED., .F., .F.,
 ( 4, 2, 2, 2, 4 ),
 ( 0.0001192028793754579200, 0.002915778497502725600, 0.003614922402034542000, 0.004314066306566358300, 0.005712354115629990200 ),
 .UNSPECIFIED. ) ;
#1156 = ORIENTED_EDGE ( 'NONE', *, *, #1023, .F. ) ;
#1157 = CARTESIAN_POINT ( 'NONE',  ( -7.347880794884120200E-017, -2.399999999999999000, 0.0000000000000000000 ) ) ;
#1158 = CARTESIAN_POINT ( 'NONE',  ( -5.000000000000000000, 1.588351094994447000, -1.354921697403058900 ) ) ;
#1159 = CARTESIAN_POINT ( 'NONE',  ( -5.000000000000000000, 0.4510983759288838000, 2.781897858789985600 ) ) ;
#1160 = EDGE_LOOP ( 'NONE', ( #1681, #183, #345, #482, #105 ) ) ;
#1161 = CARTESIAN_POINT ( 'NONE',  ( 0.1000000000000124100, 0.4652386494300591000, -5.715767664977289700 ) ) ;
#1162 = CARTESIAN_POINT ( 'NONE',  ( -1.910797490861385000, 1.722956960824696000, -4.670303246180576900 ) ) ;
#1163 = DATE_AND_TIME ( #1125, #1534 ) ;
#1164 = AXIS2_PLACEMENT_3D ( 'NONE', #1545, #421, #414 ) ;
#1165 = CARTESIAN_POINT ( 'NONE',  ( -4.693447040511259200, 0.7829074096674716300, -3.063739779629832200 ) ) ;
#1166 = ORIENTED_EDGE ( 'NONE', *, *, #1053, .F. ) ;
#1167 = CARTESIAN_POINT ( 'NONE',  ( -4.970698625597362900, 0.3936925183484777400, 2.875872129559204000 ) ) ;
#1168 = PERSON_AND_ORGANIZATION ( #796, #1278 ) ;
#1169 = ORIENTED_EDGE ( 'NONE', *, *, #1133, .T. ) ;
#1170 = CONICAL_SURFACE ( 'NONE', #1070, 2.950480947161672000, 0.7853981633974482800 ) ;
#1171 = B_SPLINE_CURVE_WITH_KNOTS ( 'NONE', 3,
 ( #24, #1474, #1239, #957, #305, #819 ),
 .UNSPECIFIED., .F., .F.,
 ( 4, 2, 4 ),
 ( 0.002264779103372694700, 0.003662060357941593000, 0.005059341612510491300 ),
 .UNSPECIFIED. ) ;
#1172 = DIRECTION ( 'NONE',  ( 1.224646799147353000E-016, -1.000000000000000000, -0.0000000000000000000 ) ) ;
#1173 = CARTESIAN_POINT ( 'NONE',  ( -4.971324878917737800, 0.3936160398721448800, -2.874845118949948200 ) ) ;
#1174 = DIRECTION ( 'NONE',  ( 0.0000000000000000000, 0.0000000000000000000, -1.000000000000000000 ) ) ;
#1175 = ORIENTED_EDGE ( 'NONE', *, *, #231, .T. ) ;
#1176 = DIRECTION ( 'NONE',  ( 0.0000000000000000000, 0.0000000000000000000, -1.000000000000000000 ) ) ;
#1177 = CARTESIAN_POINT ( 'NONE',  ( 0.0000000000000000000, 1.500000000000000400, -2.350480947161671900 ) ) ;
#1178 = ORIENTED_EDGE ( 'NONE', *, *, #911, .T. ) ;
#1179 = CARTESIAN_POINT ( 'NONE',  ( -6.793045906779723800E-016, 2.546942932043188900, 0.0000000000000000000 ) ) ;
#1180 = CARTESIAN_POINT ( 'NONE',  ( -4.995122795820630100, 0.4166655486935764200, -2.816252254528481800 ) ) ;
#1181 = EDGE_CURVE ( 'NONE', #341, #505, #96, .T. ) ;
#1182 = ADVANCED_FACE ( 'NONE', ( #829 ), #801, .T. ) ;
#1183 = CARTESIAN_POINT ( 'NONE',  ( 3.678138826366457600, 1.586941432535708500, 3.649928250376769600 ) ) ;
#1184 = DIRECTION ( 'NONE',  ( 0.0000000000000000000, -1.000000000000000000, 0.0000000000000000000 ) ) ;
#1185 = CARTESIAN_POINT ( 'NONE',  ( -5.510910596163087600E-016, 1.500000000000000400, 0.0000000000000000000 ) ) ;
#1186 = CC_DESIGN_PERSON_AND_ORGANIZATION_ASSIGNMENT ( #586, #444, ( #551 ) ) ;
#1187 = B_SPLINE_CURVE_WITH_KNOTS ( 'NONE', 3,
 ( #1601, #1449, #677, #147 ),
 .UNSPECIFIED., .F., .F.,
 ( 4, 4 ),
 ( 2.860807820717495700E-016, 0.0001057217244832952100 ),
 .UNSPECIFIED. ) ;
#1188 = CARTESIAN_POINT ( 'NONE',  ( 5.000000000000000900, 1.491488907909432400, -1.682067956335310900 ) ) ;
#1189 = VERTEX_POINT ( 'NONE', #443 ) ;
#1190 = CARTESIAN_POINT ( 'NONE',  ( 1.042936844043892000, 1.491338718801235300, 5.171362824239738900 ) ) ;
#1191 = CARTESIAN_POINT ( 'NONE',  ( 0.7642530290086985100, 1.371606792142444600, -5.332260999869101100 ) ) ;
#1192 = ADVANCED_FACE ( 'NONE', ( #1065 ), #212, .T. ) ;
#1193 = DIRECTION ( 'NONE',  ( 0.8660254037844389300, 0.0000000000000000000, -0.4999999999999992800 ) ) ;
#1194 = ORIENTED_EDGE ( 'NONE', *, *, #1273, .T. ) ;
#1195 = CONICAL_SURFACE ( 'NONE', #1120, 5.386751345948130000, 0.3490658503988624000 ) ;
#1196 = DIRECTION ( 'NONE',  ( 1.224646799147353000E-016, -1.000000000000000000, -0.0000000000000000000 ) ) ;
#1197 = LINE ( 'NONE', #716, #565 ) ;
#1198 = LINE ( 'NONE', #1153, #1400 ) ;
#1199 = AXIS2_PLACEMENT_3D ( 'NONE', #1355, #693, #822 ) ;
#1200 = CARTESIAN_POINT ( 'NONE',  ( 5.000000000000002700, -2.413041253328154200, 2.771281292110201000 ) ) ;
#1201 = DIRECTION ( 'NONE',  ( 1.224646799147353000E-016, -1.000000000000000000, -0.0000000000000000000 ) ) ;
#1202 = VERTEX_POINT ( 'NONE', #583 ) ;
#1203 = CARTESIAN_POINT ( 'NONE',  ( -4.986169205660099900, 0.3994729253612270800, -2.844717150553446800 ) ) ;
#1204 = CALENDAR_DATE ( 2023, 2, 2 ) ;
#1205 = CARTESIAN_POINT ( 'NONE',  ( 4.952004542907777000, 0.4029639796291298300, -2.901260594060272700 ) ) ;
#1206 = CARTESIAN_POINT ( 'NONE',  ( 0.3065529594887462200, 0.7829074096674755200, -5.596514258214556400 ) ) ;
#1207 = CARTESIAN_POINT ( 'NONE',  ( 3.965298448408813400, 1.500000000000000900, 0.0000000000000000000 ) ) ;
#1208 = APPLICATION_CONTEXT ( 'configuration controlled 3d designs of mechanical parts and assemblies' ) ;
#1209 = DIRECTION ( 'NONE',  ( -1.000000000000000000, -1.224646799147353000E-016, 0.0000000000000000000 ) ) ;
#1210 = DIRECTION ( 'NONE',  ( 1.000000000000000000, 1.341148044034611600E-016, 0.0000000000000000000 ) ) ;
#1211 = CARTESIAN_POINT ( 'NONE',  ( 5.000000000000002700, -2.403429111357585900, -2.805624528401936300 ) ) ;
#1212 = EDGE_CURVE ( 'NONE', #1189, #1007, #1593, .T. ) ;
#1213 = CARTESIAN_POINT ( 'NONE',  ( -3.678138826366454100, 1.586941432535708500, -3.649928250376771400 ) ) ;
#1214 = ORIENTED_EDGE ( 'NONE', *, *, #994, .F. ) ;
#1215 = AXIS2_PLACEMENT_3D ( 'NONE', #662, #526, #1598 ) ;
#1216 = DIRECTION ( 'NONE',  ( 1.224646799147353000E-016, -1.000000000000000000, -0.0000000000000000000 ) ) ;
#1217 = ORIENTED_EDGE ( 'NONE', *, *, #166, .F. ) ;
#1218 = CARTESIAN_POINT ( 'NONE',  ( 0.0000000000000000000, 1.500000000000000400, -2.350480947161671900 ) ) ;
#1219 = CARTESIAN_POINT ( 'NONE',  ( -5.827308063009380900E-016, 1.758358138090576200, 0.0000000000000000000 ) ) ;
#1220 = EDGE_LOOP ( 'NONE', ( #1336, #204, #1156, #1016 ) ) ;
#1221 = CARTESIAN_POINT ( 'NONE',  ( -4.235746970991301400, 1.371606792142444600, 3.327993037975291600 ) ) ;
#1222 = DIRECTION ( 'NONE',  ( -0.0000000000000000000, -1.000000000000000000, -0.0000000000000000000 ) ) ;
#1223 = VECTOR ( 'NONE', #274, 999.9999999999998900 ) ;
#1224 = APPROVAL_ROLE ( '' ) ;
#1225 = DIRECTION ( 'NONE',  ( 0.0000000000000000000, -1.000000000000000000, -0.0000000000000000000 ) ) ;
#1226 = ORIENTED_EDGE ( 'NONE', *, *, #1435, .F. ) ;
#1227 = VECTOR ( 'NONE', #1311, 1000.000000000000000 ) ;
#1228 = EDGE_CURVE ( 'NONE', #94, #1356, #497, .T. ) ;
#1229 = CARTESIAN_POINT ( 'NONE',  ( -0.01282198102282210000, 0.3951145159000494800, 5.742151153037988300 ) ) ;
#1230 = ORIENTED_EDGE ( 'NONE', *, *, #1529, .T. ) ;
#1231 = LINE ( 'NONE', #1324, #1114 ) ;
#1232 = DIRECTION ( 'NONE',  ( 1.224646799147353200E-016, 1.499759782661857300E-032, 1.000000000000000000 ) ) ;
#1233 = ADVANCED_BREP_SHAPE_REPRESENTATION ( '90237A130_NO THREADS_High-Strength Steel Nylon-Insert Locknuts', ( #428, #1414, #873 ), #1568 ) ;
#1234 = AXIS2_PLACEMENT_3D ( 'NONE', #420, #1363, #1348 ) ;
#1235 = EDGE_LOOP ( 'NONE', ( #1616, #869 ) ) ;
#1236 = CARTESIAN_POINT ( 'NONE',  ( -4.800000000000000700, 3.000000000000000900, 2.771281292110206400 ) ) ;
#1237 = ORIENTED_EDGE ( 'NONE', *, *, #356, .F. ) ;
#1238 = CARTESIAN_POINT ( 'NONE',  ( -1.321861173633539900, 1.586941432535708300, 5.010325787467617300 ) ) ;
#1239 = CARTESIAN_POINT ( 'NONE',  ( 5.000000000000003600, -2.642609718231337700, 1.868339006320752800 ) ) ;
#1240 = DIRECTION ( 'NONE',  ( 0.0000000000000000000, 0.0000000000000000000, -1.000000000000000000 ) ) ;
#1241 = EDGE_CURVE ( 'NONE', #861, #858, #372, .T. ) ;
#1242 = CARTESIAN_POINT ( 'NONE',  ( 4.996848828048513300, 0.4254584048153456900, 2.806644251487608900 ) ) ;
#1243 = CARTESIAN_POINT ( 'NONE',  ( -0.09075851601686263400, 0.4510256806740594600, -5.721103238242658800 ) ) ;
#1244 = EDGE_CURVE ( 'NONE', #1271, #391, #346, .T. ) ;
#1245 = CARTESIAN_POINT ( 'NONE',  ( -4.956331920378055100, 0.3996348065977558500, -2.896274706258914900 ) ) ;
#1246 = CARTESIAN_POINT ( 'NONE',  ( 2.351032555877278400, 1.758358138090575700, -4.416133412886940100 ) ) ;
#1247 = ORIENTED_EDGE ( 'NONE', *, *, #205, .F. ) ;
#1248 = CARTESIAN_POINT ( 'NONE',  ( 4.943677352870235400, 0.4093438169092754000, 2.910874905032406500 ) ) ;
#1249 = CARTESIAN_POINT ( 'NONE',  ( -1.489149831073292200, -2.751967716706538600, 4.913741636062408000 ) ) ;
#1250 = ORIENTED_EDGE ( 'NONE', *, *, #1181, .T. ) ;
#1251 = CIRCLE ( 'NONE', #1257, 1.034701551591187000 ) ;
#1252 = LINE ( 'NONE', #259, #1550 ) ;
#1253 = ADVANCED_FACE ( 'NONE', ( #162 ), #851, .F. ) ;
#1254 = EDGE_CURVE ( 'NONE', #1500, #66, #184, .T. ) ;
#1255 = ORIENTED_EDGE ( 'NONE', *, *, #1260, .F. ) ;
#1256 = CARTESIAN_POINT ( 'NONE',  ( 4.999999999999994700, 0.4510256806740542400, 2.781952438640944900 ) ) ;
#1257 = AXIS2_PLACEMENT_3D ( 'NONE', #1037, #643, #1726 ) ;
#1258 = CARTESIAN_POINT ( 'NONE',  ( -4.955698287164677800, -2.398058488698573000, -2.901667556497409700 ) ) ;
#1259 = VERTEX_POINT ( 'NONE', #281 ) ;
#1260 = EDGE_CURVE ( 'NONE', #705, #431, #135, .T. ) ;
#1261 = CARTESIAN_POINT ( 'NONE',  ( -5.827308063009380900E-016, 1.758358138090576200, 0.0000000000000000000 ) ) ;
#1262 = AXIS2_PLACEMENT_3D ( 'NONE', #1102, #1368, #272 ) ;
#1263 = VERTEX_POINT ( 'NONE', #950 ) ;
#1264 = FACE_BOUND ( 'NONE', #1442, .T. ) ;
#1265 = CARTESIAN_POINT ( 'NONE',  ( 0.0000000000000000000, 1.371606792142444600, 0.0000000000000000000 ) ) ;
#1266 = ORIENTED_EDGE ( 'NONE', *, *, #972, .F. ) ;
#1267 = VECTOR ( 'NONE', #787, 1000.000000000000000 ) ;
#1268 = ORIENTED_EDGE ( 'NONE', *, *, #370, .F. ) ;
#1269 = LINE ( 'NONE', #1607, #1650 ) ;
#1270 = LOCAL_TIME ( 13, 57, 56.00000000000000000, #1391 ) ;
#1271 = VERTEX_POINT ( 'NONE', #160 ) ;
#1272 = UNCERTAINTY_MEASURE_WITH_UNIT (LENGTH_MEASURE( 1.000000000000000100E-005 ), #1485, 'distance_accuracy_value', 'NONE');
#1273 = EDGE_CURVE ( 'NONE', #858, #1056, #510, .T. ) ;
#1274 = CARTESIAN_POINT ( 'NONE',  ( -5.000000000000000000, 0.4652386494296855100, -2.771281292110474100 ) ) ;
#1275 = ORIENTED_EDGE ( 'NONE', *, *, #1708, .T. ) ;
#1276 = B_SPLINE_CURVE_WITH_KNOTS ( 'NONE', 3,
 ( #499, #1002, #755, #628 ),
 .UNSPECIFIED., .F., .F.,
 ( 4, 4 ),
 ( 0.004290138835191262300, 0.005478702049249929000 ),
 .UNSPECIFIED. ) ;
#1277 = VERTEX_POINT ( 'NONE', #17 ) ;
#1278 = ORGANIZATION ( 'UNSPECIFIED', 'UNSPECIFIED', '' ) ;
#1279 = CARTESIAN_POINT ( 'NONE',  ( -5.827308063009380900E-016, 1.758358138090576200, 0.0000000000000000000 ) ) ;
#1280 = FACE_OUTER_BOUND ( 'NONE', #1411, .T. ) ;
#1281 = DIRECTION ( 'NONE',  ( 1.224646799147353000E-016, -1.000000000000000000, -0.0000000000000000000 ) ) ;
#1282 = CIRCLE ( 'NONE', #992, 5.000000000000000900 ) ;
#1283 = CARTESIAN_POINT ( 'NONE',  ( -0.3067747921220050400, 0.7832485778490297900, -5.596386183084024200 ) ) ;
#1284 = AXIS2_PLACEMENT_3D ( 'NONE', #1592, #665, #523 ) ;
#1285 = B_SPLINE_CURVE_WITH_KNOTS ( 'NONE', 3,
 ( #416, #1641, #702, #556 ),
 .UNSPECIFIED., .F., .F.,
 ( 4, 4 ),
 ( 0.004290138835191261400, 0.005478702049249927300 ),
 .UNSPECIFIED. ) ;
#1286 = CARTESIAN_POINT ( 'NONE',  ( 4.999191705076524000, 0.4374951621074649700, -2.793526246120996000 ) ) ;
#1287 = DIRECTION ( 'NONE',  ( 1.224646799147353000E-016, -1.000000000000000000, -0.0000000000000000000 ) ) ;
#1288 = ORIENTED_EDGE ( 'NONE', *, *, #1483, .T. ) ;
#1289 = PLANE ( 'NONE',  #210 ) ;
#1290 = ORIENTED_EDGE ( 'NONE', *, *, #1023, .T. ) ;
#1291 = CARTESIAN_POINT ( 'NONE',  ( 2.500000000000001300, 1.758358138090576400, 4.330127018922194500 ) ) ;
#1292 = EDGE_CURVE ( 'NONE', #1670, #94, #127, .T. ) ;
#1293 = FACE_OUTER_BOUND ( 'NONE', #563, .T. ) ;
#1294 = AXIS2_PLACEMENT_3D ( 'NONE', #145, #287, #9 ) ;
#1295 = B_SPLINE_CURVE_WITH_KNOTS ( 'NONE', 3,
 ( #1068, #312, #1509, #1374, #1099, #290, #948, #812, #299, #1619, #280, #1243, #10 ),
 .UNSPECIFIED., .F., .F.,
 ( 4, 3, 3, 3, 4 ),
 ( 0.0001308161196919877600, 0.0001448720566386381100, 0.0001687983737155221000, 0.0002082957057885095000, 0.0002616183590332240200 ),
 .UNSPECIFIED. ) ;
#1296 = ORIENTED_EDGE ( 'NONE', *, *, #532, .T. ) ;
#1297 = VECTOR ( 'NONE', #307, 1000.000000000000000 ) ;
#1298 = ORIENTED_EDGE ( 'NONE', *, *, #263, .T. ) ;
#1299 = DIRECTION ( 'NONE',  ( 1.224646799147353000E-016, -1.000000000000000000, -0.0000000000000000000 ) ) ;
#1300 = CIRCLE ( 'NONE', #508, 5.386751345948130000 ) ;
#1301 = DIRECTION ( 'NONE',  ( 1.224646799147353000E-016, -1.000000000000000000, -0.0000000000000000000 ) ) ;
#1302 = CARTESIAN_POINT ( 'NONE',  ( -0.7642530290086930700, 1.371606792142444600, -5.332260999869102000 ) ) ;
#1303 = EDGE_LOOP ( 'NONE', ( #1553, #208, #1146, #942 ) ) ;
#1304 = SHAPE_DEFINITION_REPRESENTATION ( #673, #1233 ) ;
#1305 = CARTESIAN_POINT ( 'NONE',  ( 4.693225207877993000, 0.7832485778490264600, -3.063867854760361300 ) ) ;
#1306 = DIRECTION ( 'NONE',  ( 1.000000000000000000, 0.0000000000000000000, 0.0000000000000000000 ) ) ;
#1307 = ORIENTED_EDGE ( 'NONE', *, *, #713, .F. ) ;
#1308 = EDGE_CURVE ( 'NONE', #1136, #585, #890, .T. ) ;
#1309 = ADVANCED_FACE ( 'NONE', ( #1470, #1264 ), #886, .F. ) ;
#1310 = CARTESIAN_POINT ( 'NONE',  ( -2.796305884349794100, 1.758358138090577300, 4.159054736830371200 ) ) ;
#1311 = DIRECTION ( 'NONE',  ( 0.0000000000000000000, -1.000000000000000000, 0.0000000000000000000 ) ) ;
#1312 = DIRECTION ( 'NONE',  ( 1.000000000000000000, 1.341148044034611600E-016, 0.0000000000000000000 ) ) ;
#1313 = AXIS2_PLACEMENT_3D ( 'NONE', #357, #1287, #494 ) ;
#1314 = B_SPLINE_CURVE_WITH_KNOTS ( 'NONE', 3,
 ( #136, #1579, #1710, #104 ),
 .UNSPECIFIED., .F., .F.,
 ( 4, 4 ),
 ( 0.01011932072191467800, 0.01131202726519312700 ),
 .UNSPECIFIED. ) ;
#1315 = CARTESIAN_POINT ( 'NONE',  ( 4.111563078289195900, -2.644098917987140100, 3.399690641855865400 ) ) ;
#1316 = CARTESIAN_POINT ( 'NONE',  ( -5.000000000000001800, -2.403429111357580500, 2.805624528401961600 ) ) ;
#1317 = CARTESIAN_POINT ( 'NONE',  ( -5.510910596163087600E-016, 1.500000000000000400, 0.0000000000000000000 ) ) ;
#1318 = ORIENTED_EDGE ( 'NONE', *, *, #150, .T. ) ;
#1319 = CARTESIAN_POINT ( 'NONE',  ( -4.966437780389592900, 0.3951145159000452600, -2.882179737811603200 ) ) ;
#1320 = CARTESIAN_POINT ( 'NONE',  ( 3.244088979809422600, 1.687713024558106500, 3.900527046128189100 ) ) ;
#1321 = AXIS2_PLACEMENT_3D ( 'NONE', #1455, #117, #658 ) ;
#1322 = CARTESIAN_POINT ( 'NONE',  ( -0.09999999999976501300, 0.4652386494296909500, -5.715767664977428300 ) ) ;
#1323 = EDGE_LOOP ( 'NONE', ( #53, #636 ) ) ;
#1324 = CARTESIAN_POINT ( 'NONE',  ( 0.1000000000000028600, 3.000000000000000900, -5.715767664977295900 ) ) ;
#1325 = LINE ( 'NONE', #317, #516 ) ;
#1326 = B_SPLINE_CURVE_WITH_KNOTS ( 'NONE', 3,
 ( #479, #480, #1425, #216 ),
 .UNSPECIFIED., .F., .F.,
 ( 4, 4 ),
 ( 0.004290138835191269200, 0.005478702049249928100 ),
 .UNSPECIFIED. ) ;
#1327 = DIRECTION ( 'NONE',  ( 1.000000000000000000, 1.845072896752870900E-016, 0.0000000000000000000 ) ) ;
#1328 = DIRECTION ( 'NONE',  ( 0.0000000000000000000, 0.0000000000000000000, -1.000000000000000000 ) ) ;
#1329 = CARTESIAN_POINT ( 'NONE',  ( -5.510910596163087600E-016, 1.500000000000000400, 0.0000000000000000000 ) ) ;
#1330 = LINE ( 'NONE', #837, #217 ) ;
#1331 = EDGE_CURVE ( 'NONE', #572, #378, #1693, .T. ) ;
#1332 = DIRECTION ( 'NONE',  ( 1.224646799147353000E-016, -1.000000000000000000, -0.0000000000000000000 ) ) ;
#1333 = CARTESIAN_POINT ( 'NONE',  ( 5.773502691896257300, -2.380212931857905300, 7.070501591499378800E-016 ) ) ;
#1334 = CARTESIAN_POINT ( 'NONE',  ( -0.06799117024695132400, 0.4256425053369257700, 5.730650863409860700 ) ) ;
#1335 = EDGE_LOOP ( 'NONE', ( #805, #288, #1250, #1695, #200, #1464, #1178 ) ) ;
#1336 = ORIENTED_EDGE ( 'NONE', *, *, #1637, .F. ) ;
#1337 = DIRECTION ( 'NONE',  ( 0.0000000000000000000, -1.000000000000000000, 0.0000000000000000000 ) ) ;
#1338 = CARTESIAN_POINT ( 'NONE',  ( -5.000000000000000000, -2.538578541130627200, 2.322748930475959700 ) ) ;
#1339 = DIRECTION ( 'NONE',  ( 1.224646799147353000E-016, -1.000000000000000000, -0.0000000000000000000 ) ) ;
#1340 = EDGE_CURVE ( 'NONE', #875, #814, #1142, .T. ) ;
#1341 = FACE_OUTER_BOUND ( 'NONE', #1303, .T. ) ;
#1342 = CARTESIAN_POINT ( 'NONE',  ( 5.000000000000001800, 1.589208717858603000, 1.351691820772160400 ) ) ;
#1343 = DIRECTION ( 'NONE',  ( 1.000000000000000000, 8.673617379884034200E-017, 0.0000000000000000000 ) ) ;
#1344 = ORIENTED_EDGE ( 'NONE', *, *, #946, .T. ) ;
#1345 = FACE_OUTER_BOUND ( 'NONE', #1399, .T. ) ;
#1346 = AXIS2_PLACEMENT_3D ( 'NONE', #1081, #1225, #450 ) ;
#1347 = ORIENTED_EDGE ( 'NONE', *, *, #1254, .T. ) ;
#1348 = DIRECTION ( 'NONE',  ( 1.000000000000000000, 1.341148044034611600E-016, 0.0000000000000000000 ) ) ;
#1349 = ADVANCED_FACE ( 'NONE', ( #1341 ), #133, .T. ) ;
#1350 = CARTESIAN_POINT ( 'NONE',  ( 2.878508968398380200E-016, 3.000000000000000900, 2.350480947161671900 ) ) ;
#1351 = DIRECTION ( 'NONE',  ( 1.000000000000000000, 1.301042606982605100E-016, 0.0000000000000000000 ) ) ;
#1352 = ORIENTED_EDGE ( 'NONE', *, *, #169, .T. ) ;
#1353 = CARTESIAN_POINT ( 'NONE',  ( -2.200183030629387900, 1.749302842942347200, 4.503226426895933400 ) ) ;
#1354 = CARTESIAN_POINT ( 'NONE',  ( 3.965298448408813400, 2.456942932043189900, 0.0000000000000000000 ) ) ;
#1355 = CARTESIAN_POINT ( 'NONE',  ( 0.0000000000000000000, 1.371606792142444600, 0.0000000000000000000 ) ) ;
#1356 = VERTEX_POINT ( 'NONE', #895 ) ;
#1357 = DIRECTION ( 'NONE',  ( 1.224646799147353000E-016, -1.000000000000000000, -0.0000000000000000000 ) ) ;
#1358 = PERSON_AND_ORGANIZATION_ROLE ( 'creator' ) ;
#1359 = CARTESIAN_POINT ( 'NONE',  ( 0.5248431113372137300, 1.089005272467547400, 5.470484380283396700 ) ) ;
#1360 = ADVANCED_FACE ( 'NONE', ( #557 ), #233, .F. ) ;
#1361 = AXIS2_PLACEMENT_3D ( 'NONE', #1096, #1507, #670 ) ;
#1362 = DIRECTION ( 'NONE',  ( 1.000000000000000000, 1.301042606982605100E-016, 0.0000000000000000000 ) ) ;
#1363 = DIRECTION ( 'NONE',  ( 1.224646799147353000E-016, -1.000000000000000000, -0.0000000000000000000 ) ) ;
#1364 = CARTESIAN_POINT ( 'NONE',  ( 1.040214677323138000, 1.490169184552818200, -5.172934467928747000 ) ) ;
#1365 = CARTESIAN_POINT ( 'NONE',  ( 0.09075851601686989200, 0.4510256806740580200, 5.721103238242659600 ) ) ;
#1366 = ORIENTED_EDGE ( 'NONE', *, *, #619, .F. ) ;
#1367 = ADVANCED_FACE ( 'NONE', ( #486 ), #1111, .F. ) ;
#1368 = DIRECTION ( 'NONE',  ( 1.224646799147353000E-016, -1.000000000000000000, -0.0000000000000000000 ) ) ;
#1369 = DIRECTION ( 'NONE',  ( 1.000000000000000000, 1.845072896752870900E-016, 0.0000000000000000000 ) ) ;
#1370 = EDGE_LOOP ( 'NONE', ( #355, #170, #1432, #1090 ) ) ;
#1371 = FACE_OUTER_BOUND ( 'NONE', #1370, .T. ) ;
#1372 = EDGE_CURVE ( 'NONE', #1665, #1699, #1597, .T. ) ;
#1373 = LINE ( 'NONE', #538, #1505 ) ;
#1374 = CARTESIAN_POINT ( 'NONE',  ( -0.01399745302357677800, 0.3953240014665133100, -5.742072161205705100 ) ) ;
#1375 = CARTESIAN_POINT ( 'NONE',  ( 0.1000000000000029800, 3.000000000000000900, 5.715767664977295000 ) ) ;
#1376 = CARTESIAN_POINT ( 'NONE',  ( -1.679777357588321700, -2.826202291771455300, -4.803682782314003100 ) ) ;
#1377 = VERTEX_POINT ( 'NONE', #1572 ) ;
#1378 = DIRECTION ( 'NONE',  ( 1.000000000000000000, 1.301042606982605100E-016, 0.0000000000000000000 ) ) ;
#1379 = CARTESIAN_POINT ( 'NONE',  ( 4.971324878917740400, 0.3936160398721449400, 2.874845118949945100 ) ) ;
#1380 = AXIS2_PLACEMENT_3D ( 'NONE', #1554, #1559, #999 ) ;
#1381 = ORIENTED_EDGE ( 'NONE', *, *, #856, .F. ) ;
#1382 = ORIENTED_EDGE ( 'NONE', *, *, #61, .T. ) ;
#1383 = TOROIDAL_SURFACE ( 'NONE', #1669, 3.965298448408814300, 1.034701551591187000 ) ;
#1384 = EDGE_LOOP ( 'NONE', ( #521, #719, #1386, #161 ) ) ;
#1385 = CIRCLE ( 'NONE', #547, 2.350480947161671900 ) ;
#1386 = ORIENTED_EDGE ( 'NONE', *, *, #1212, .F. ) ;
#1387 = EDGE_CURVE ( 'NONE', #1126, #163, #224, .T. ) ;
#1388 = ORIENTED_EDGE ( 'NONE', *, *, #1331, .T. ) ;
#1389 = AXIS2_PLACEMENT_3D ( 'NONE', #1614, #143, #816 ) ;
#1390 = EDGE_LOOP ( 'NONE', ( #149, #1546 ) ) ;
#1391 = COORDINATED_UNIVERSAL_TIME_OFFSET ( 6, 0, .BEHIND. ) ;
#1392 = VERTEX_POINT ( 'NONE', #1563 ) ;
#1393 = CARTESIAN_POINT ( 'NONE',  ( 4.235746970991304900, 1.371606792142444600, 3.327993037975287600 ) ) ;
#1394 = ORIENTED_EDGE ( 'NONE', *, *, #107, .T. ) ;
#1395 = EDGE_CURVE ( 'NONE', #66, #1397, #213, .T. ) ;
#1396 = AXIS2_PLACEMENT_3D ( 'NONE', #1071, #686, #282 ) ;
#1397 = VERTEX_POINT ( 'NONE', #1291 ) ;
#1398 = COORDINATED_UNIVERSAL_TIME_OFFSET ( 6, 0, .BEHIND. ) ;
#1399 = EDGE_LOOP ( 'NONE', ( #1214, #1288, #654, #1275 ) ) ;
#1400 = VECTOR ( 'NONE', #1707, 1000.000000000000000 ) ;
#1401 = FACE_OUTER_BOUND ( 'NONE', #1119, .T. ) ;
#1402 = AXIS2_PLACEMENT_3D ( 'NONE', #1685, #1232, #424 ) ;
#1403 = B_SPLINE_CURVE_WITH_KNOTS ( 'NONE', 3,
 ( #995, #1005, #1132, #1274 ),
 .UNSPECIFIED., .F., .F.,
 ( 4, 4 ),
 ( 0.01011932072191470600, 0.01131202726519315400 ),
 .UNSPECIFIED. ) ;
#1404 = CYLINDRICAL_SURFACE ( 'NONE', #791, 2.350480947161671900 ) ;
#1405 = DIRECTION ( 'NONE',  ( -0.0000000000000000000, 1.000000000000000000, -0.0000000000000000000 ) ) ;
#1406 = CARTESIAN_POINT ( 'NONE',  ( -5.000000000000000900, 1.589208717858604300, 1.351691820772164700 ) ) ;
#1407 = EDGE_CURVE ( 'NONE', #1072, #745, #749, .T. ) ;
#1408 = CARTESIAN_POINT ( 'NONE',  ( 0.0000000000000000000, 1.371606792142444600, 0.0000000000000000000 ) ) ;
#1409 = CARTESIAN_POINT ( 'NONE',  ( -4.900000000008593500, -2.413041253325398600, -2.944486372862132700 ) ) ;
#1410 = ORIENTED_EDGE ( 'NONE', *, *, #22, .F. ) ;
#1411 = EDGE_LOOP ( 'NONE', ( #723, #1266, #552, #963, #1057, #1247, #1131, #1169, #1583, #477, #98 ) ) ;
#1412 = AXIS2_PLACEMENT_3D ( 'NONE', #947, #279, #1210 ) ;
#1413 = B_SPLINE_CURVE_WITH_KNOTS ( 'NONE', 3,
 ( #960, #1488, #1238, #1508, #1628, #1353, #840, #818 ),
 .UNSPECIFIED., .F., .F.,
 ( 4, 2, 2, 4 ),
 ( 0.0009567858133892387000, 0.001974709642677032100, 0.002483671557320929700, 0.002992633471964828100 ),
 .UNSPECIFIED. ) ;
#1414 = MANIFOLD_SOLID_BREP ( 'Fillet1', #529 ) ;
#1415 = FACE_OUTER_BOUND ( 'NONE', #211, .T. ) ;
#1416 = CARTESIAN_POINT ( 'NONE',  ( -4.909241483983126200, 0.4510256806740539600, 2.939150799601715700 ) ) ;
#1417 = ORIENTED_EDGE ( 'NONE', *, *, #1708, .F. ) ;
#1418 = CARTESIAN_POINT ( 'NONE',  ( -4.986413432147559300, 0.3996348065977563000, 2.844171999505651800 ) ) ;
#1419 = VECTOR ( 'NONE', #14, 1000.000000000000000 ) ;
#1420 = ORIENTED_EDGE ( 'NONE', *, *, #1637, .T. ) ;
#1421 = CARTESIAN_POINT ( 'NONE',  ( 0.09999999999141047400, -2.413041253325399100, -5.715767664982255500 ) ) ;
#1422 = EDGE_CURVE ( 'NONE', #585, #572, #458, .T. ) ;
#1423 = ADVANCED_FACE ( 'NONE', ( #509 ), #1195, .T. ) ;
#1424 = PERSON_AND_ORGANIZATION ( #796, #1278 ) ;
#1425 = CARTESIAN_POINT ( 'NONE',  ( -0.5245267610182283700, 1.088631849838430600, 5.470667025225219900 ) ) ;
#1426 = AXIS2_PLACEMENT_3D ( 'NONE', #789, #260, #1734 ) ;
#1427 = EDGE_LOOP ( 'NONE', ( #1381, #465, #1166, #1109 ) ) ;
#1428 = B_SPLINE_CURVE_WITH_KNOTS ( 'NONE', 3,
 ( #1161, #1149, #113, #502, #379, #1036, #1725, #884, #1429, #769, #103, #915, #1450 ),
 .UNSPECIFIED., .F., .F.,
 ( 4, 3, 3, 3, 4 ),
 ( 6.500750464064168300E-018, 5.304648343468700300E-005, 9.131488733033312500E-005, 0.0001179609969533206800, 0.0001308161196919877600 ),
 .UNSPECIFIED. ) ;
#1429 = CARTESIAN_POINT ( 'NONE',  ( 0.02156292889327648600, 0.3966036953355557800, -5.741589616531261000 ) ) ;
#1430 = CARTESIAN_POINT ( 'NONE',  ( -4.999999999999999100, 1.491488907909433100, -1.682067956335316700 ) ) ;
#1431 = CARTESIAN_POINT ( 'NONE',  ( 4.929742115074577500, -2.403429111358248000, 2.927314754722732700 ) ) ;
#1432 = ORIENTED_EDGE ( 'NONE', *, *, #614, .F. ) ;
#1433 = CARTESIAN_POINT ( 'NONE',  ( 3.510850168926781000, -2.751967716706525700, 3.746512401781936700 ) ) ;
#1434 = CARTESIAN_POINT ( 'NONE',  ( -5.000000000000000000, 1.758358138090581700, 0.3451614631270194000 ) ) ;
#1435 = EDGE_CURVE ( 'NONE', #374, #168, #262, .T. ) ;
#1436 = VERTEX_POINT ( 'NONE', #271 ) ;
#1437 = CARTESIAN_POINT ( 'NONE',  ( -4.899999999999994100, 0.4652386494300517200, -2.944486372867097600 ) ) ;
#1438 = CARTESIAN_POINT ( 'NONE',  ( -0.09999999999976501300, 0.4652386494296909500, -5.715767664977428300 ) ) ;
#1439 = PERSON_AND_ORGANIZATION ( #796, #1278 ) ;
#1440 = B_SPLINE_CURVE_WITH_KNOTS ( 'NONE', 3,
 ( #648, #1188, #1718, #394, #790, #910 ),
 .UNSPECIFIED., .F., .F.,
 ( 4, 2, 4 ),
 ( 0.004704252210265901800, 0.005722615474780064600, 0.006740978739294228200 ),
 .UNSPECIFIED. ) ;
#1441 = CARTESIAN_POINT ( 'NONE',  ( 0.09999999999141047400, -2.413041253325399100, -5.715767664982255500 ) ) ;
#1442 = EDGE_LOOP ( 'NONE', ( #158, #534 ) ) ;
#1443 = VECTOR ( 'NONE', #1405, 1000.000000000000000 ) ;
#1444 = ADVANCED_FACE ( 'NONE', ( #1371 ), #1140, .T. ) ;
#1445 = ORIENTED_EDGE ( 'NONE', *, *, #532, .F. ) ;
#1446 = CARTESIAN_POINT ( 'NONE',  ( -4.918860547817624600, 0.4374951621074659200, -2.932663891924213800 ) ) ;
#1447 = CYLINDRICAL_SURFACE ( 'NONE', #1346, 0.2000000000000000900 ) ;
#1448 = CARTESIAN_POINT ( 'NONE',  ( -0.09999999999999678600, 3.000000000000000900, 5.715767664977295900 ) ) ;
#1449 = CARTESIAN_POINT ( 'NONE',  ( -0.07021815627865583800, -2.403416271740332000, -5.732962220466774300 ) ) ;
#1450 = CARTESIAN_POINT ( 'NONE',  ( 1.462012587019952100E-011, 0.3940234493272168300, -5.742562584248292800 ) ) ;
#1451 = CARTESIAN_POINT ( 'NONE',  ( 4.507409658873021900, -2.539919724662518300, 3.171148511998000100 ) ) ;
#1452 = ORIENTED_EDGE ( 'NONE', *, *, #476, .T. ) ;
#1453 = EDGE_CURVE ( 'NONE', #814, #858, #798, .T. ) ;
#1454 = DIRECTION ( 'NONE',  ( 1.224646799147353000E-016, -1.000000000000000000, -0.0000000000000000000 ) ) ;
#1455 = CARTESIAN_POINT ( 'NONE',  ( 0.0000000000000000000, 1.371606792142444600, 0.0000000000000000000 ) ) ;
#1456 = CARTESIAN_POINT ( 'NONE',  ( 0.0000000000000000000, -2.999999999999999100, 0.0000000000000000000 ) ) ;
#1457 = ADVANCED_FACE ( 'NONE', ( #77 ), #1520, .F. ) ;
#1458 = B_SPLINE_CURVE_WITH_KNOTS ( 'NONE', 3,
 ( #1437, #1165, #919, #898 ),
 .UNSPECIFIED., .F., .F.,
 ( 4, 4 ),
 ( 0.004290138835191260500, 0.005478702049249928100 ),
 .UNSPECIFIED. ) ;
#1459 = CARTESIAN_POINT ( 'NONE',  ( 2.350480947161671400, 1.500000000000000700, 0.0000000000000000000 ) ) ;
#1460 = CARTESIAN_POINT ( 'NONE',  ( 3.309452953768243300, -2.779840548110871400, 3.862789138167760200 ) ) ;
#1461 = CARTESIAN_POINT ( 'NONE',  ( 0.07026901811090946500, -2.403432709413011900, 5.732932855374235400 ) ) ;
#1462 = CARTESIAN_POINT ( 'NONE',  ( 4.700000000000000200, -2.999999999999998700, 6.398649452601654400E-016 ) ) ;
#1463 = ORIENTED_EDGE ( 'NONE', *, *, #503, .F. ) ;
#1464 = ORIENTED_EDGE ( 'NONE', *, *, #291, .T. ) ;
#1465 = DIRECTION ( 'NONE',  ( 0.0000000000000000000, -1.000000000000000000, -0.0000000000000000000 ) ) ;
#1466 = PLANE ( 'NONE',  #306 ) ;
#1467 = CARTESIAN_POINT ( 'NONE',  ( 0.0000000000000000000, 3.000000000000000900, -2.350480947161671900 ) ) ;
#1468 = AXIS2_PLACEMENT_3D ( 'NONE', #371, #1049, #124 ) ;
#1469 = CARTESIAN_POINT ( 'NONE',  ( -5.510910596163087600E-016, 1.500000000000000400, 0.0000000000000000000 ) ) ;
#1470 = FACE_OUTER_BOUND ( 'NONE', #838, .T. ) ;
#1471 = CARTESIAN_POINT ( 'NONE',  ( -6.080736851655169900E-016, 1.965298448408812500, 0.0000000000000000000 ) ) ;
#1472 = CIRCLE ( 'NONE', #807, 5.000000000000000900 ) ;
#1473 = CONICAL_SURFACE ( 'NONE', #1321, 5.386751345948130000, 0.3490658503988624000 ) ;
#1474 = CARTESIAN_POINT ( 'NONE',  ( 5.000000000000000900, -2.538578541130626300, 2.322748930475954800 ) ) ;
#1475 = VERTEX_POINT ( 'NONE', #905 ) ;
#1476 = CARTESIAN_POINT ( 'NONE',  ( 4.929049635198092400, 0.4254584048153425300, -2.924075898216700800 ) ) ;
#1477 = CARTESIAN_POINT ( 'NONE',  ( -5.773502691896257300, -2.380212931857907100, 0.0000000000000000000 ) ) ;
#1478 = DIRECTION ( 'NONE',  ( -0.0000000000000000000, -1.000000000000000000, -0.0000000000000000000 ) ) ;
#1479 = CARTESIAN_POINT ( 'NONE',  ( -5.827308063009380900E-016, 1.758358138090576200, 0.0000000000000000000 ) ) ;
#1480 = APPROVAL_DATE_TIME ( #1148, #199 ) ;
#1481 = EDGE_LOOP ( 'NONE', ( #1527, #248, #1503, #514 ) ) ;
#1482 = CARTESIAN_POINT ( 'NONE',  ( -2.499999999999997800, 1.758358138090576000, 4.330127018922196300 ) ) ;
#1483 = EDGE_CURVE ( 'NONE', #1377, #328, #767, .T. ) ;
#1484 = AXIS2_PLACEMENT_3D ( 'NONE', #364, #1299, #759 ) ;
#1485 =( LENGTH_UNIT ( ) NAMED_UNIT ( * ) SI_UNIT ( .MILLI., .METRE. ) );
#1486 = CARTESIAN_POINT ( 'NONE',  ( 0.3067747921220117500, 0.7832485778490286800, 5.596386183084023400 ) ) ;
#1487 = ORIENTED_EDGE ( 'NONE', *, *, #690, .T. ) ;
#1488 = CARTESIAN_POINT ( 'NONE',  ( -1.040214677323132700, 1.490169184552817500, 5.172934467928747900 ) ) ;
#1489 = CARTESIAN_POINT ( 'NONE',  ( 5.000000000000002700, 1.491512112288648300, 1.682005591310660000 ) ) ;
#1490 = CARTESIAN_POINT ( 'NONE',  ( -2.499999999999997800, 1.758358138090576000, -4.330127018922196300 ) ) ;
#1491 = DIRECTION ( 'NONE',  ( 0.0000000000000000000, 0.0000000000000000000, -1.000000000000000000 ) ) ;
#1492 = ADVANCED_FACE ( 'NONE', ( #359 ), #653, .F. ) ;
#1493 = DATE_TIME_ROLE ( 'creation_date' ) ;
#1494 = ORIENTED_EDGE ( 'NONE', *, *, #994, .T. ) ;
#1495 = EDGE_CURVE ( 'NONE', #1629, #1007, #744, .T. ) ;
#1496 = CARTESIAN_POINT ( 'NONE',  ( 0.02184296287834411300, 0.3967837607443592300, 5.741521725696306300 ) ) ;
#1497 = CALENDAR_DATE ( 2023, 2, 2 ) ;
#1498 = CARTESIAN_POINT ( 'NONE',  ( 5.000000000000000900, 1.965298448408813000, 0.0000000000000000000 ) ) ;
#1499 = CARTESIAN_POINT ( 'NONE',  ( -3.097469444179517000, 1.713881854207384100, -3.985177874492572300 ) ) ;
#1500 = VERTEX_POINT ( 'NONE', #539 ) ;
#1501 = VECTOR ( 'NONE', #78, 1000.000000000000000 ) ;
#1502 = AXIS2_PLACEMENT_3D ( 'NONE', #267, #773, #1176 ) ;
#1503 = ORIENTED_EDGE ( 'NONE', *, *, #137, .F. ) ;
#1504 = CARTESIAN_POINT ( 'NONE',  ( 3.965298448408814300, -2.999999999999998700, 0.0000000000000000000 ) ) ;
#1505 = VECTOR ( 'NONE', #1172, 1000.000000000000000 ) ;
#1506 = APPROVAL_STATUS ( 'not_yet_approved' ) ;
#1507 = DIRECTION ( 'NONE',  ( -0.5000000000000003300, 0.0000000000000000000, -0.8660254037844386000 ) ) ;
#1508 = CARTESIAN_POINT ( 'NONE',  ( -1.755911020190576300, 1.687713024558106500, 4.759726991716197700 ) ) ;
#1509 = CARTESIAN_POINT ( 'NONE',  ( -0.009398727613133322700, 0.3944683487162846100, -5.742394804578888800 ) ) ;
#1510 = ORIENTED_EDGE ( 'NONE', *, *, #1097, .T. ) ;
#1511 = CARTESIAN_POINT ( 'NONE',  ( -4.951132376132735900, 0.4036240720279498700, -2.902273676944110200 ) ) ;
#1512 = CARTESIAN_POINT ( 'NONE',  ( 4.918860547817628200, 0.4374951621074658100, 2.932663891924209400 ) ) ;
#1513 = CARTESIAN_POINT ( 'NONE',  ( -4.918960796749931100, 0.4373533600799583400, 2.932596885668315800 ) ) ;
#1514 = AXIS2_PLACEMENT_3D ( 'NONE', #179, #969, #1654 ) ;
#1515 = CARTESIAN_POINT ( 'NONE',  ( -3.510850168926705100, -2.751967716706538200, -3.746512401781981500 ) ) ;
#1516 = CARTESIAN_POINT ( 'NONE',  ( -3.233653964774448200, -2.999999999999999600, 3.960083977511176400E-016 ) ) ;
#1517 = CARTESIAN_POINT ( 'NONE',  ( 4.961581001574393700, 0.3966036953355492900, 2.889468852467200300 ) ) ;
#1518 = CARTESIAN_POINT ( 'NONE',  ( -2.300827354521536500, -2.826940944696619200, 4.445119399404393200 ) ) ;
#1519 = ORIENTED_EDGE ( 'NONE', *, *, #1483, .F. ) ;
#1520 = CYLINDRICAL_SURFACE ( 'NONE', #142, 2.350480947161671900 ) ;
#1521 = CARTESIAN_POINT ( 'NONE',  ( 3.957063155956110900, 1.491338718801235000, -3.488891213604647000 ) ) ;
#1522 = EDGE_CURVE ( 'NONE', #610, #391, #1251, .T. ) ;
#1523 = CARTESIAN_POINT ( 'NONE',  ( -5.000000000000000000, -2.826794919243111900, -1.263163524485145200E-024 ) ) ;
#1524 = CYLINDRICAL_SURFACE ( 'NONE', #781, 5.000000000000000900 ) ;
#1525 = LINE ( 'NONE', #611, #1443 ) ;
#1526 = AXIS2_PLACEMENT_3D ( 'NONE', #1091, #304, #311 ) ;
#1527 = ORIENTED_EDGE ( 'NONE', *, *, #867, .F. ) ;
#1528 = CARTESIAN_POINT ( 'NONE',  ( 0.0000000000000000000, 3.000000000000000900, 0.0000000000000000000 ) ) ;
#1529 = EDGE_CURVE ( 'NONE', #1532, #1189, #198, .T. ) ;
#1530 = CARTESIAN_POINT ( 'NONE',  ( 3.089202509138612800, 1.722956960824695100, -3.989950791663813500 ) ) ;
#1531 = AXIS2_PLACEMENT_3D ( 'NONE', #823, #1222, #155 ) ;
#1532 = VERTEX_POINT ( 'NONE', #785 ) ;
#1533 = EDGE_LOOP ( 'NONE', ( #1671, #979, #885, #1394, #84 ) ) ;
#1534 = LOCAL_TIME ( 13, 57, 56.00000000000000000, #1398 ) ;
#1535 = EDGE_LOOP ( 'NONE', ( #1296, #128 ) ) ;
#1536 = VECTOR ( 'NONE', #929, 1000.000000000000000 ) ;
#1537 = ORIENTED_EDGE ( 'NONE', *, *, #408, .F. ) ;
#1538 = VECTOR ( 'NONE', #921, 1000.000000000000000 ) ;
#1539 = CARTESIAN_POINT ( 'NONE',  ( -6.793045906779723800E-016, 2.546942932043188900, 0.0000000000000000000 ) ) ;
#1540 = AXIS2_PLACEMENT_3D ( 'NONE', #302, #568, #1351 ) ;
#1541 = ORIENTED_EDGE ( 'NONE', *, *, #1407, .F. ) ;
#1542 = ORIENTED_EDGE ( 'NONE', *, *, #1604, .T. ) ;
#1543 = EDGE_CURVE ( 'NONE', #1500, #1532, #1314, .T. ) ;
#1544 = B_SPLINE_CURVE_WITH_KNOTS ( 'NONE', 3,
 ( #99, #1720, #246, #376, #1190, #906 ),
 .UNSPECIFIED., .F., .F.,
 ( 4, 2, 4 ),
 ( 0.002992633471964831100, 0.004004991649330660700, 0.005017349826696490700 ),
 .UNSPECIFIED. ) ;
#1545 = CARTESIAN_POINT ( 'NONE',  ( 0.0000000000000000000, 1.371606792142444600, 0.0000000000000000000 ) ) ;
#1546 = ORIENTED_EDGE ( 'NONE', *, *, #1138, .F. ) ;
#1547 = CARTESIAN_POINT ( 'NONE',  ( -0.1000000000000037100, 0.4652386494300587100, 5.715767664977291500 ) ) ;
#1548 = ORIENTED_EDGE ( 'NONE', *, *, #738, .F. ) ;
#1549 = APPROVAL_PERSON_ORGANIZATION ( #535, #329, #1224 ) ;
#1550 = VECTOR ( 'NONE', #1337, 1000.000000000000000 ) ;
#1551 = LINE ( 'NONE', #506, #1227 ) ;
#1552 = CARTESIAN_POINT ( 'NONE',  ( -4.999999999999999100, 1.491512112288649200, 1.682005591310665500 ) ) ;
#1553 = ORIENTED_EDGE ( 'NONE', *, *, #343, .F. ) ;
#1554 = CARTESIAN_POINT ( 'NONE',  ( 0.0000000000000000000, 3.000000000000000900, 0.0000000000000000000 ) ) ;
#1555 = CARTESIAN_POINT ( 'NONE',  ( 4.955698287164730200, -2.398058488698562300, 2.901667556497355100 ) ) ;
#1556 = AXIS2_PLACEMENT_3D ( 'NONE', #485, #1137, #621 ) ;
#1557 = B_SPLINE_CURVE_WITH_KNOTS ( 'NONE', 3,
 ( #1098, #23, #691, #1334, #1083, #545, #297, #437, #1609, #1229, #430, #1747, #570, #1496, #697, #1635, #956, #932, #1067, #1618, #1365, #167 ),
 .UNSPECIFIED., .F., .F.,
 ( 4, 3, 3, 3, 3, 3, 3, 4 ),
 ( 5.584710156685363900E-018, 5.304648343468848000E-005, 9.131488733033361300E-005, 0.0001179609969533217100, 0.0001448720566386396800, 0.0001687983737155233500, 0.0002082957057885116200, 0.0002616183590332274900 ),
 .UNSPECIFIED. ) ;
#1558 = CARTESIAN_POINT ( 'NONE',  ( -0.7642530290086930700, 1.371606792142444600, -5.332260999869102000 ) ) ;
#1559 = DIRECTION ( 'NONE',  ( -0.0000000000000000000, -1.000000000000000000, -0.0000000000000000000 ) ) ;
#1560 = CARTESIAN_POINT ( 'NONE',  ( -4.961382189394099000, 0.3967837607443561700, 2.889677423594721800 ) ) ;
#1561 = CARTESIAN_POINT ( 'NONE',  ( -4.944322267112449200, 0.4086977981574690400, 2.910244646161190400 ) ) ;
#1562 = ORIENTED_EDGE ( 'NONE', *, *, #1407, .T. ) ;
#1563 = CARTESIAN_POINT ( 'NONE',  ( -5.000000000000000000, -2.413041253328155600, 2.771281292110206400 ) ) ;
#1564 = EDGE_CURVE ( 'NONE', #634, #431, #1440, .T. ) ;
#1565 = CARTESIAN_POINT ( 'NONE',  ( -4.235746970991301400, 1.371606792142444600, -3.327993037975291600 ) ) ;
#1566 = CARTESIAN_POINT ( 'NONE',  ( -5.000000000000000000, 3.000000000000000900, 2.886751345948132200 ) ) ;
#1567 = ORIENTED_EDGE ( 'NONE', *, *, #806, .T. ) ;
#1568 =( GEOMETRIC_REPRESENTATION_CONTEXT ( 3 ) GLOBAL_UNCERTAINTY_ASSIGNED_CONTEXT ( ( #1272 ) ) GLOBAL_UNIT_ASSIGNED_CONTEXT ( ( #1485, #803, #567 ) ) REPRESENTATION_CONTEXT ( 'NONE', 'WORKASPACE' ) );
#1569 = B_SPLINE_CURVE_WITH_KNOTS ( 'NONE', 3,
 ( #397, #1461, #316, #802, #176, #1643 ),
 .UNSPECIFIED., .F., .F.,
 ( 4, 2, 4 ),
 ( 4.065758146820641600E-019, 0.0001055411715036214600, 0.0002110823430072425100 ),
 .UNSPECIFIED. ) ;
#1570 = ORIENTED_EDGE ( 'NONE', *, *, #70, .T. ) ;
#1571 = ADVANCED_FACE ( 'NONE', ( #655 ), #1383, .T. ) ;
#1572 = CARTESIAN_POINT ( 'NONE',  ( -4.899999999999994100, 0.4652386494300517200, -2.944486372867097600 ) ) ;
#1573 = VERTEX_POINT ( 'NONE', #399 ) ;
#1574 = CARTESIAN_POINT ( 'NONE',  ( -4.999191705076521300, 0.4374951621074654700, 2.793526246120999500 ) ) ;
#1575 = CONICAL_SURFACE ( 'NONE', #41, 5.000000000000000900, 0.7853981633974432800 ) ;
#1576 = VERTEX_POINT ( 'NONE', #130 ) ;
#1577 = FACE_OUTER_BOUND ( 'NONE', #793, .T. ) ;
#1578 = CARTESIAN_POINT ( 'NONE',  ( 1.690547046231846800, -2.779840548110883000, -4.797464899676576500 ) ) ;
#1579 = CARTESIAN_POINT ( 'NONE',  ( 5.000000000000002700, 1.089005272467545200, 2.280714722722405200 ) ) ;
#1580 = EDGE_CURVE ( 'NONE', #993, #1008, #627, .T. ) ;
#1581 = CARTESIAN_POINT ( 'NONE',  ( -4.956681921790614200, 0.3994729253612263100, 2.895790624392601500 ) ) ;
#1582 = AXIS2_PLACEMENT_3D ( 'NONE', #76, #232, #1001 ) ;
#1583 = ORIENTED_EDGE ( 'NONE', *, *, #303, .F. ) ;
#1584 = ADVANCED_FACE ( 'NONE', ( #330, #407 ), #1466, .T. ) ;
#1585 = B_SPLINE_CURVE_WITH_KNOTS ( 'NONE', 3,
 ( #1302, #507, #1283, #1438 ),
 .UNSPECIFIED., .F., .F.,
 ( 4, 4 ),
 ( 0.01011932072191469600, 0.01131202726519313700 ),
 .UNSPECIFIED. ) ;
#1586 = CARTESIAN_POINT ( 'NONE',  ( -4.936507393797176000, 0.4166655486935750300, 2.917777108939178200 ) ) ;
#1587 = CARTESIAN_POINT ( 'NONE',  ( 3.233653964774447300, 2.696942932043188800, 0.0000000000000000000 ) ) ;
#1588 = CARTESIAN_POINT ( 'NONE',  ( 0.0000000000000000000, -2.999999999999999100, 0.0000000000000000000 ) ) ;
#1589 = CARTESIAN_POINT ( 'NONE',  ( 4.900000000008596100, -2.413041253325397300, 2.944486372862127800 ) ) ;
#1590 = CARTESIAN_POINT ( 'NONE',  ( 4.979259761412420100, 0.3951145159000435400, -2.859971415226384200 ) ) ;
#1591 = ORIENTED_EDGE ( 'NONE', *, *, #47, .T. ) ;
#1592 = CARTESIAN_POINT ( 'NONE',  ( 0.0000000000000000000, 1.371606792142444600, 0.0000000000000000000 ) ) ;
#1593 = B_SPLINE_CURVE_WITH_KNOTS ( 'NONE', 3,
 ( #1200, #542, #907, #1555, #1431, #1079 ),
 .UNSPECIFIED., .F., .F.,
 ( 4, 2, 4 ),
 ( 8.673617379884035500E-019, 0.0001055411715036235000, 0.0002110823430072461400 ),
 .UNSPECIFIED. ) ;
#1594 = CARTESIAN_POINT ( 'NONE',  ( -5.000000000000000000, 3.000000000000000900, -2.771281292110206400 ) ) ;
#1595 = CARTESIAN_POINT ( 'NONE',  ( -6.080736851655169900E-016, 1.965298448408813000, 0.0000000000000000000 ) ) ;
#1596 = EDGE_LOOP ( 'NONE', ( #4, #1298, #574, #1116 ) ) ;
#1597 = CIRCLE ( 'NONE', #351, 2.350480947161671900 ) ;
#1598 = DIRECTION ( 'NONE',  ( 1.000000000000000000, 1.093690360603823500E-016, 0.0000000000000000000 ) ) ;
#1599 = CONICAL_SURFACE ( 'NONE', #863, 5.000000000000000900, 0.7853981633974432800 ) ;
#1600 = CARTESIAN_POINT ( 'NONE',  ( 0.03519222689312086200, -2.398076211353320300, -5.742562584220397800 ) ) ;
#1601 = CARTESIAN_POINT ( 'NONE',  ( -0.09999999999974101800, -2.413041253328073400, -5.715767664977442500 ) ) ;
#1602 = ORIENTED_EDGE ( 'NONE', *, *, #1395, .F. ) ;
#1603 = CARTESIAN_POINT ( 'NONE',  ( 2.699172645478581200, -2.826940944696614300, 4.215134638439924900 ) ) ;
#1604 = EDGE_CURVE ( 'NONE', #239, #1022, #1004, .T. ) ;
#1605 = CARTESIAN_POINT ( 'NONE',  ( 4.918960796749935600, 0.4373533600799545700, -2.932596885668310400 ) ) ;
#1606 = CARTESIAN_POINT ( 'NONE',  ( 0.5245267610182349200, 1.088631849838430600, -5.470667025225219000 ) ) ;
#1607 = CARTESIAN_POINT ( 'NONE',  ( 5.000000000000002700, 3.000000000000000900, -2.771281292110202800 ) ) ;
#1608 = DIRECTION ( 'NONE',  ( 0.0000000000000000000, 0.0000000000000000000, 1.000000000000000000 ) ) ;
#1609 = CARTESIAN_POINT ( 'NONE',  ( -0.02156292889327041800, 0.3966036953355535600, 5.741589616531261900 ) ) ;
#1610 = CARTESIAN_POINT ( 'NONE',  ( -5.000000000000000000, 1.088631849838429100, 2.281080012606052900 ) ) ;
#1611 = CARTESIAN_POINT ( 'NONE',  ( 4.909241483983128900, 0.4510256806740519100, -2.939150799601711700 ) ) ;
#1612 = ORIENTED_EDGE ( 'NONE', *, *, #63, .T. ) ;
#1613 = DIRECTION ( 'NONE',  ( 1.224646799147353000E-016, -1.000000000000000000, -0.0000000000000000000 ) ) ;
#1614 = CARTESIAN_POINT ( 'NONE',  ( 5.000000000000002700, 3.000000000000000900, -2.886751345948127800 ) ) ;
#1615 = CARTESIAN_POINT ( 'NONE',  ( -3.965298448408814300, -2.999999999999999600, 4.856090052507821300E-016 ) ) ;
#1616 = ORIENTED_EDGE ( 'NONE', *, *, #764, .F. ) ;
#1617 = EDGE_CURVE ( 'NONE', #501, #66, #1285, .T. ) ;
#1618 = CARTESIAN_POINT ( 'NONE',  ( 0.08022300367292478600, 0.4373533600799605100, 5.726243453039339600 ) ) ;
#1619 = CARTESIAN_POINT ( 'NONE',  ( -0.06779919285041768900, 0.4254584048153510800, -5.730720149704314500 ) ) ;
#1620 = CARTESIAN_POINT ( 'NONE',  ( -3.959785322676863100, 1.490169184552818700, -3.487319569915645600 ) ) ;
#1621 = AXIS2_PLACEMENT_3D ( 'NONE', #222, #878, #748 ) ;
#1622 = DIRECTION ( 'NONE',  ( 0.0000000000000000000, 0.0000000000000000000, -1.000000000000000000 ) ) ;
#1623 = LINE ( 'NONE', #1350, #1663 ) ;
#1624 = CARTESIAN_POINT ( 'NONE',  ( 0.0000000000000000000, 0.0000000000000000000, 0.0000000000000000000 ) ) ;
#1625 = DIRECTION ( 'NONE',  ( 0.0000000000000000000, -1.000000000000000000, 0.0000000000000000000 ) ) ;
#1626 = EDGE_LOOP ( 'NONE', ( #1307, #733, #859, #1661 ) ) ;
#1627 = LINE ( 'NONE', #889, #386 ) ;
#1628 = CARTESIAN_POINT ( 'NONE',  ( -1.902530555820476800, 1.713881854207384400, 4.675076163351816300 ) ) ;
#1629 = VERTEX_POINT ( 'NONE', #938 ) ;
#1630 = CIRCLE ( 'NONE', #58, 3.965298448408814300 ) ;
#1631 = ADVANCED_FACE ( 'NONE', ( #1061, #722 ), #1077, .F. ) ;
#1632 = PERSON_AND_ORGANIZATION_ROLE ( 'creator' ) ;
#1633 = CARTESIAN_POINT ( 'NONE',  ( -4.235746970991301400, 1.371606792142444600, 3.327993037975291600 ) ) ;
#1634 = ORIENTED_EDGE ( 'NONE', *, *, #704, .F. ) ;
#1635 = CARTESIAN_POINT ( 'NONE',  ( 0.03656310600104571000, 0.4029639796291347700, 5.739192030844217000 ) ) ;
#1636 = CARTESIAN_POINT ( 'NONE',  ( 5.000000000000000900, 1.758358138090577900, 0.3451614631270181200 ) ) ;
#1637 = EDGE_CURVE ( 'NONE', #365, #1670, #1413, .T. ) ;
#1638 = CARTESIAN_POINT ( 'NONE',  ( -4.475156888662787000, 1.089005272467545200, 3.189769657560992400 ) ) ;
#1639 = DIRECTION ( 'NONE',  ( 1.224646799147353000E-016, -1.000000000000000000, -0.0000000000000000000 ) ) ;
#1640 = ADVANCED_FACE ( 'NONE', ( #922 ), #283, .F. ) ;
#1641 = CARTESIAN_POINT ( 'NONE',  ( 4.693447040511261800, 0.7829074096674730800, 3.063739779629827800 ) ) ;
#1642 = CARTESIAN_POINT ( 'NONE',  ( 2.350480947161671900, -2.399999999999998600, 0.0000000000000000000 ) ) ;
#1643 = CARTESIAN_POINT ( 'NONE',  ( -0.09999999999140286900, -2.413041253325399100, 5.715767664982256400 ) ) ;
#1644 = CARTESIAN_POINT ( 'NONE',  ( -0.8840642604511710400, -2.666437387599101000, -5.263087953143844400 ) ) ;
#1645 = ORIENTED_EDGE ( 'NONE', *, *, #1697, .T. ) ;
#1646 = EDGE_CURVE ( 'NONE', #901, #952, #1557, .T. ) ;
#1647 = CARTESIAN_POINT ( 'NONE',  ( -5.000000000000000000, -2.642609718231339500, 1.868339006320755000 ) ) ;
#1648 = CARTESIAN_POINT ( 'NONE',  ( -1.690547046231840400, -2.779840548110883000, 4.797464899676576500 ) ) ;
#1649 = ORIENTED_EDGE ( 'NONE', *, *, #1228, .T. ) ;
#1650 = VECTOR ( 'NONE', #1722, 1000.000000000000000 ) ;
#1651 = CARTESIAN_POINT ( 'NONE',  ( -4.507409658872996200, -2.539919724662525800, -3.171148511998015600 ) ) ;
#1652 = DIRECTION ( 'NONE',  ( -0.0000000000000000000, -1.000000000000000000, -0.0000000000000000000 ) ) ;
#1653 = CARTESIAN_POINT ( 'NONE',  ( 4.928893642808692900, 0.4256425053369217200, 2.924207512371823600 ) ) ;
#1654 = DIRECTION ( 'NONE',  ( 1.000000000000000000, 1.093690360603823500E-016, 0.0000000000000000000 ) ) ;
#1655 = LINE ( 'NONE', #331, #971 ) ;
#1656 = ADVANCED_FACE ( 'NONE', ( #1415 ), #1, .T. ) ;
#1657 = CARTESIAN_POINT ( 'NONE',  ( 3.668986759647523000, 1.589758171695556200, -3.655212198560588100 ) ) ;
#1658 = CARTESIAN_POINT ( 'NONE',  ( -4.999999999999999100, -2.403432709413049200, -2.805611672904055900 ) ) ;
#1659 = AXIS2_PLACEMENT_3D ( 'NONE', #432, #815, #1622 ) ;
#1660 = EDGE_LOOP ( 'NONE', ( #438, #602, #1698, #189 ) ) ;
#1661 = ORIENTED_EDGE ( 'NONE', *, *, #934, .F. ) ;
#1662 = ORIENTED_EDGE ( 'NONE', *, *, #856, .T. ) ;
#1663 = VECTOR ( 'NONE', #1478, 1000.000000000000000 ) ;
#1664 = EDGE_CURVE ( 'NONE', #501, #1532, #83, .T. ) ;
#1665 = VERTEX_POINT ( 'NONE', #553 ) ;
#1666 = CIRCLE ( 'NONE', #123, 3.965298448408814300 ) ;
#1667 = EDGE_LOOP ( 'NONE', ( #327, #426, #1064, #1347 ) ) ;
#1668 = CONICAL_SURFACE ( 'NONE', #1540, 5.000000000000000900, 0.7853981633974432800 ) ;
#1669 = AXIS2_PLACEMENT_3D ( 'NONE', #1595, #1735, #1052 ) ;
#1670 = VERTEX_POINT ( 'NONE', #1482 ) ;
#1671 = ORIENTED_EDGE ( 'NONE', *, *, #1580, .F. ) ;
#1672 = VERTEX_POINT ( 'NONE', #714 ) ;
#1673 = EDGE_CURVE ( 'NONE', #940, #1277, #360, .T. ) ;
#1674 = AXIS2_PLACEMENT_3D ( 'NONE', #441, #448, #841 ) ;
#1675 = DIRECTION ( 'NONE',  ( -0.0000000000000000000, -1.000000000000000000, -0.0000000000000000000 ) ) ;
#1676 = ORIENTED_EDGE ( 'NONE', *, *, #1292, .T. ) ;
#1677 = ORIENTED_EDGE ( 'NONE', *, *, #911, .F. ) ;
#1678 = DIRECTION ( 'NONE',  ( -1.000000000000000000, -1.502314598737159500E-016, 0.0000000000000000000 ) ) ;
#1679 = FACE_OUTER_BOUND ( 'NONE', #996, .T. ) ;
#1680 = AXIS2_PLACEMENT_3D ( 'NONE', #1730, #253, #390 ) ;
#1681 = ORIENTED_EDGE ( 'NONE', *, *, #1308, .F. ) ;
#1682 = EDGE_CURVE ( 'NONE', #940, #768, #569, .T. ) ;
#1683 = CARTESIAN_POINT ( 'NONE',  ( -5.000000000000000000, 1.371606792142444600, 2.004267961893815300 ) ) ;
#1684 = CARTESIAN_POINT ( 'NONE',  ( 0.0000000000000000000, -2.999999999999999100, 0.0000000000000000000 ) ) ;
#1685 = CARTESIAN_POINT ( 'NONE',  ( -3.965298448408815200, 1.965298448408812500, 4.856090052507821300E-016 ) ) ;
#1686 = CC_DESIGN_PERSON_AND_ORGANIZATION_ASSIGNMENT ( #1168, #1632, ( #536 ) ) ;
#1687 = B_SPLINE_CURVE_WITH_KNOTS ( 'NONE', 3,
 ( #361, #89, #1305, #511 ),
 .UNSPECIFIED., .F., .F.,
 ( 4, 4 ),
 ( 0.01011932072191469100, 0.01131202726519313700 ),
 .UNSPECIFIED. ) ;
#1688 = VERTEX_POINT ( 'NONE', #855 ) ;
#1689 = ORIENTED_EDGE ( 'NONE', *, *, #601, .F. ) ;
#1690 = DIRECTION ( 'NONE',  ( 1.000000000000000000, 1.093690360603823500E-016, 0.0000000000000000000 ) ) ;
#1691 = CARTESIAN_POINT ( 'NONE',  ( 2.878508968398380700E-016, -2.399999999999999000, 2.350480947161671900 ) ) ;
#1692 = CARTESIAN_POINT ( 'NONE',  ( -7.347880794884120200E-017, -2.399999999999999000, 0.0000000000000000000 ) ) ;
#1693 = CIRCLE ( 'NONE', #951, 2.350480947161671900 ) ;
#1694 = DIRECTION ( 'NONE',  ( -1.000000000000000000, -1.224646799147353000E-016, 0.0000000000000000000 ) ) ;
#1695 = ORIENTED_EDGE ( 'NONE', *, *, #177, .T. ) ;
#1696 = FACE_OUTER_BOUND ( 'NONE', #296, .T. ) ;
#1697 = EDGE_CURVE ( 'NONE', #1277, #1392, #1075, .T. ) ;
#1698 = ORIENTED_EDGE ( 'NONE', *, *, #1181, .F. ) ;
#1699 = VERTEX_POINT ( 'NONE', #1073 ) ;
#1700 = CARTESIAN_POINT ( 'NONE',  ( -5.510910596163087600E-016, 1.500000000000000400, 0.0000000000000000000 ) ) ;
#1701 = DIRECTION ( 'NONE',  ( 1.224646799147353000E-016, -1.000000000000000000, -0.0000000000000000000 ) ) ;
#1702 = AXIS2_PLACEMENT_3D ( 'NONE', #1051, #660, #1193 ) ;
#1703 = B_SPLINE_CURVE_WITH_KNOTS ( 'NONE', 3,
 ( #668, #1600, #708, #449 ),
 .UNSPECIFIED., .F., .F.,
 ( 4, 4 ),
 ( 0.0001057217244832952100, 0.0002110823430072437500 ),
 .UNSPECIFIED. ) ;
#1704 = ORIENTED_EDGE ( 'NONE', *, *, #1151, .T. ) ;
#1705 = ORIENTED_EDGE ( 'NONE', *, *, #1123, .T. ) ;
#1706 = CARTESIAN_POINT ( 'NONE',  ( -6.682827694856462000E-016, 2.456942932043189500, 0.0000000000000000000 ) ) ;
#1707 = DIRECTION ( 'NONE',  ( 0.0000000000000000000, -1.000000000000000000, 0.0000000000000000000 ) ) ;
#1708 = EDGE_CURVE ( 'NONE', #1436, #861, #314, .T. ) ;
#1709 = CARTESIAN_POINT ( 'NONE',  ( 4.900000000000258800, -2.413041253328071600, -2.944486372866942100 ) ) ;
#1710 = CARTESIAN_POINT ( 'NONE',  ( 5.000000000000002700, 0.7832485778490260200, 2.532518328323659400 ) ) ;
#1711 = EDGE_LOOP ( 'NONE', ( #720, #1704, #25, #984, #891, #419, #1290 ) ) ;
#1712 = CARTESIAN_POINT ( 'NONE',  ( 4.989008921034839600, 0.4036240720279484200, -2.836669576758501500 ) ) ;
#1713 = AXIS2_PLACEMENT_3D ( 'NONE', #1479, #1216, #1063 ) ;
#1714 = CARTESIAN_POINT ( 'NONE',  ( -2.950480947161672000, -2.999999999999999600, 3.613297047886792500E-016 ) ) ;
#1715 = DIRECTION ( 'NONE',  ( 1.000000000000000000, 1.469865004250909200E-016, 0.0000000000000000000 ) ) ;
#1716 = ORIENTED_EDGE ( 'NONE', *, *, #839, .F. ) ;
#1717 = DIRECTION ( 'NONE',  ( 0.0000000000000000000, 0.0000000000000000000, -1.000000000000000000 ) ) ;
#1718 = CARTESIAN_POINT ( 'NONE',  ( 5.000000000000003600, 1.588351094994445500, -1.354921697403055300 ) ) ;
#1719 = DIRECTION ( 'NONE',  ( 1.000000000000000000, 1.341148044034611600E-016, 0.0000000000000000000 ) ) ;
#1720 = CARTESIAN_POINT ( 'NONE',  ( 2.203694115650205000, 1.758358138090576600, 4.501199301014017900 ) ) ;
#1721 = VERTEX_POINT ( 'NONE', #156 ) ;
#1722 = DIRECTION ( 'NONE',  ( -0.0000000000000000000, 1.000000000000000000, -0.0000000000000000000 ) ) ;
#1723 = ADVANCED_FACE ( 'NONE', ( #1009 ), #29, .F. ) ;
#1724 = CYLINDRICAL_SURFACE ( 'NONE', #192, 5.000000000000000900 ) ;
#1725 = CARTESIAN_POINT ( 'NONE',  ( 0.03787654490210616600, 0.4036240720279559200, -5.738943253702611700 ) ) ;
#1726 = DIRECTION ( 'NONE',  ( -1.000000000000000000, 0.0000000000000000000, 0.0000000000000000000 ) ) ;
#1727 = EDGE_CURVE ( 'NONE', #1136, #894, #1623, .T. ) ;
#1728 = DIRECTION ( 'NONE',  ( -0.0000000000000000000, -1.000000000000000000, -0.0000000000000000000 ) ) ;
#1729 = CARTESIAN_POINT ( 'NONE',  ( -2.350480947161671900, -2.399999999999999500, 3.245903008142586900E-016 ) ) ;
#1730 = CARTESIAN_POINT ( 'NONE',  ( -6.682827694856462000E-016, 2.456942932043189500, 0.0000000000000000000 ) ) ;
#1731 = CC_DESIGN_PERSON_AND_ORGANIZATION_ASSIGNMENT ( #51, #1088, ( #756 ) ) ;
#1732 = ORIENTED_EDGE ( 'NONE', *, *, #675, .F. ) ;
#1733 = B_SPLINE_CURVE_WITH_KNOTS ( 'NONE', 3,
 ( #252, #646, #1025, #517, #1316, #782 ),
 .UNSPECIFIED., .F., .F.,
 ( 4, 2, 4 ),
 ( 2.863177388003920900E-016, 0.0001055411715088412300, 0.0002110823430173961100 ),
 .UNSPECIFIED. ) ;
#1734 = DIRECTION ( 'NONE',  ( 0.0000000000000000000, 0.0000000000000000000, -1.000000000000000000 ) ) ;
#1735 = DIRECTION ( 'NONE',  ( 1.224646799147353000E-016, -1.000000000000000000, -0.0000000000000000000 ) ) ;
#1736 = ADVANCED_FACE ( 'NONE', ( #1293 ), #678, .F. ) ;
#1737 = CARTESIAN_POINT ( 'NONE',  ( 3.442341897641476600E-015, 3.000000000000000900, -5.542562584220406500 ) ) ;
#1738 = CARTESIAN_POINT ( 'NONE',  ( -5.000000000000000000, 1.371606792142444600, -2.004267961893815300 ) ) ;
#1739 = DIRECTION ( 'NONE',  ( 1.224646799147353000E-016, -1.000000000000000000, -0.0000000000000000000 ) ) ;
#1740 = CARTESIAN_POINT ( 'NONE',  ( 2.904041881167923800, -2.817345571190665900, 4.096853330066011300 ) ) ;
#1741 = AXIS2_PLACEMENT_3D ( 'NONE', #347, #207, #487 ) ;
#1742 = ORIENTED_EDGE ( 'NONE', *, *, #107, .F. ) ;
#1743 = ORIENTED_EDGE ( 'NONE', *, *, #1085, .F. ) ;
#1744 = DIRECTION ( 'NONE',  ( 1.000000000000000000, 1.093690360603823500E-016, 0.0000000000000000000 ) ) ;
#1745 = APPROVAL_ROLE ( '' ) ;
#1746 = CARTESIAN_POINT ( 'NONE',  ( 1.321861173633544400, 1.586941432535708300, -5.010325787467617300 ) ) ;
#1747 = CARTESIAN_POINT ( 'NONE',  ( 0.005229009435239907200, 0.3936925183484815100, 5.742687349103310800 ) ) ;
ENDSEC;
END-ISO-10303-21;
