SolidWorks IGES file using analytic representation for surfaces         S      1
1H,,1H;,47H91415A280_Fine-Thread Zinc-Plated Steel Hex Nut,105HF:\CAD_WoG      1
rkflows\Generated_Files\91415A280_1671634057\91415A280_Fine-Thread Zinc-G      2
Plated Steel Hex Nut.IGS,15HSolidWorks 2017,15HSolidWorks 2017,32,308,  G      3
15,308,15,47H91415A280_Fine-Thread Zinc-Plated Steel Hex Nut,1.,2,2HMM, G      4
50,0.125,13H221221.144747,1E-008,499990.,9Hintuser33,,11,0,13H221221.144G      5
747;                                                                    G      6
     314       1       0       0       0                        00000200D      1
     314       0       8       1       0                               0D      2
     110       2       0       0       0                        01010000D      3
     110       0       0       1       0                               0D      4
     110       3       0       0       0                        01010000D      5
     110       0       0       1       0                               0D      6
     120       4       0       0       0                        01010000D      7
     120       0       0       1       0                               0D      8
     126       5       0       0       0                        01010500D      9
     126       0       0       2       0                               0D     10
     110       7       0       0       0                        01010000D     11
     110       0       0       1       0                               0D     12
     126       8       0       0       0                        01010500D     13
     126       0       0       2       0                               0D     14
     100      10       0       0       0                        01010000D     15
     100       0       0       1       0                               0D     16
     126      11       0       0       0                        01010500D     17
     126       0       0       2       0                               0D     18
     110      13       0       0       0                        01010000D     19
     110       0       0       1       0                               0D     20
     126      14       0       0       0                        01010500D     21
     126       0       0      14       0                               0D     22
     126      28       0       0       0                        01010000D     23
     126       0       0      16       0                               0D     24
     102      44       0       0       0                        01010500D     25
     102       0       0       1       0                               0D     26
     102      45       0       0       0                        01010000D     27
     102       0       0       1       0                               0D     28
     142      46       0       0       0                        00010500D     29
     142       0       0       1       0                               0D     30
     144      47       0       0       0                        00000000D     31
     144       0      -1       1       0                               0D     32
     110      48       0       0       0                        01010000D     33
     110       0       0       1       0                               0D     34
     110      49       0       0       0                        01010000D     35
     110       0       0       1       0                               0D     36
     120      50       0       0       0                        01010000D     37
     120       0       0       1       0                               0D     38
     126      51       0       0       0                        01010500D     39
     126       0       0       2       0                               0D     40
     100      53       0       0       0                        01010000D     41
     100       0       0       1       0                               0D     42
     126      54       0       0       0                        01010500D     43
     126       0       0       2       0                               0D     44
     110      56       0       0       0                        01010000D     45
     110       0       0       1       0                               0D     46
     126      57       0       0       0                        01010500D     47
     126       0       0       2       0                               0D     48
     126      59       0       0       0                        01010000D     49
     126       0       0       5       0                               0D     50
     126      64       0       0       0                        01010500D     51
     126       0       0       2       0                               0D     52
     124      66       0       0       0                        00000000D     53
     124       0       0       5       0                               0D     54
     100      71       0       0       0              53        01010000D     55
     100       0       0       1       0                               0D     56
     126      72       0       0       0                        01010500D     57
     126       0       0       8       0                               0D     58
     126      80       0       0       0                        01010000D     59
     126       0       0       6       0                               0D     60
     126      86       0       0       0                        01010500D     61
     126       0       0       2       0                               0D     62
     110      88       0       0       0                        01010000D     63
     110       0       0       1       0                               0D     64
     126      89       0       0       0                        01010500D     65
     126       0       0      14       0                               0D     66
     126     103       0       0       0                        01010000D     67
     126       0       0      15       0                               0D     68
     126     118       0       0       0                        01010500D     69
     126       0       0       2       0                               0D     70
     110     120       0       0       0                        01010000D     71
     110       0       0       1       0                               0D     72
     102     121       0       0       0                        01010500D     73
     102       0       0       1       0                               0D     74
     102     122       0       0       0                        01010000D     75
     102       0       0       1       0                               0D     76
     142     123       0       0       0                        00010500D     77
     142       0       0       1       0                               0D     78
     144     124       0       0       0                        00000000D     79
     144       0      -1       1       0                               0D     80
     110     125       0       0       0                        01010000D     81
     110       0       0       1       0                               0D     82
     110     126       0       0       0                        01010000D     83
     110       0       0       1       0                               0D     84
     120     127       0       0       0                        01010000D     85
     120       0       0       1       0                               0D     86
     126     128       0       0       0                        01010500D     87
     126       0       0       2       0                               0D     88
     110     130       0       0       0                        01010000D     89
     110       0       0       1       0                               0D     90
     126     131       0       0       0                        01010500D     91
     126       0       0       2       0                               0D     92
     124     133       0       0       0                        00000000D     93
     124       0       0       4       0                               0D     94
     100     137       0       0       0              93        01010000D     95
     100       0       0       1       0                               0D     96
     126     138       0       0       0                        01010500D     97
     126       0       0       2       0                               0D     98
     110     140       0       0       0                        01010000D     99
     110       0       0       1       0                               0D    100
     126     141       0       0       0                        01010500D    101
     126       0       0      14       0                               0D    102
     126     155       0       0       0                        01010000D    103
     126       0       0      14       0                               0D    104
     102     169       0       0       0                        01010500D    105
     102       0       0       1       0                               0D    106
     102     170       0       0       0                        01010000D    107
     102       0       0       1       0                               0D    108
     142     171       0       0       0                        00010500D    109
     142       0       0       1       0                               0D    110
     144     172       0       0       0                        00000000D    111
     144       0      -1       1       0                               0D    112
     110     173       0       0       0                        01010000D    113
     110       0       0       1       0                               0D    114
     110     174       0       0       0                        01010000D    115
     110       0       0       1       0                               0D    116
     120     175       0       0       0                        01010000D    117
     120       0       0       1       0                               0D    118
     126     176       0       0       0                        01010500D    119
     126       0       0       2       0                               0D    120
     124     178       0       0       0                        00000000D    121
     124       0       0       3       0                               0D    122
     100     181       0       0       0             121        01010000D    123
     100       0       0       1       0                               0D    124
     126     182       0       0       0                        01010500D    125
     126       0       0       2       0                               0D    126
     110     184       0       0       0                        01010000D    127
     110       0       0       1       0                               0D    128
     126     185       0       0       0                        01010500D    129
     126       0       0       8       0                               0D    130
     126     193       0       0       0                        01010000D    131
     126       0       0       6       0                               0D    132
     126     199       0       0       0                        01010500D    133
     126       0       0       2       0                               0D    134
     100     201       0       0       0                        01010000D    135
     100       0       0       2       0                               0D    136
     126     203       0       0       0                        01010500D    137
     126       0       0      15       0                               0D    138
     126     218       0       0       0                        01010000D    139
     126       0       0      10       0                               0D    140
     126     228       0       0       0                        01010500D    141
     126       0       0       2       0                               0D    142
     110     230       0       0       0                        01010000D    143
     110       0       0       1       0                               0D    144
     126     231       0       0       0                        01010500D    145
     126       0       0       2       0                               0D    146
     126     233       0       0       0                        01010000D    147
     126       0       0       4       0                               0D    148
     126     237       0       0       0                        01010500D    149
     126       0       0      16       0                               0D    150
     126     253       0       0       0                        01010000D    151
     126       0       0      10       0                               0D    152
     126     263       0       0       0                        01010500D    153
     126       0       0       2       0                               0D    154
     110     265       0       0       0                        01010000D    155
     110       0       0       1       0                               0D    156
     102     266       0       0       0                        01010500D    157
     102       0       0       1       0                               0D    158
     102     267       0       0       0                        01010000D    159
     102       0       0       1       0                               0D    160
     142     268       0       0       0                        00010500D    161
     142       0       0       1       0                               0D    162
     144     269       0       0       0                        00000000D    163
     144       0      -1       1       0                               0D    164
     110     270       0       0       0                        01010000D    165
     110       0       0       1       0                               0D    166
     110     271       0       0       0                        01010000D    167
     110       0       0       1       0                               0D    168
     120     272       0       0       0                        01010000D    169
     120       0       0       1       0                               0D    170
     126     273       0       0       0                        01010500D    171
     126       0       0       2       0                               0D    172
     110     275       0       0       0                        01010000D    173
     110       0       0       1       0                               0D    174
     126     276       0       0       0                        01010500D    175
     126       0       0      11       0                               0D    176
     126     287       0       0       0                        01010000D    177
     126       0       0      11       0                               0D    178
     126     298       0       0       0                        01010500D    179
     126       0       0       2       0                               0D    180
     110     300       0       0       0                        01010000D    181
     110       0       0       1       0                               0D    182
     126     301       0       0       0                        01010500D    183
     126       0       0      11       0                               0D    184
     126     312       0       0       0                        01010000D    185
     126       0       0      11       0                               0D    186
     102     323       0       0       0                        01010500D    187
     102       0       0       1       0                               0D    188
     102     324       0       0       0                        01010000D    189
     102       0       0       1       0                               0D    190
     142     325       0       0       0                        00010500D    191
     142       0       0       1       0                               0D    192
     144     326       0       0       0                        00000000D    193
     144       0      -1       1       0                               0D    194
     110     327       0       0       0                        01010000D    195
     110       0       0       1       0                               0D    196
     110     328       0       0       0                        01010000D    197
     110       0       0       1       0                               0D    198
     120     329       0       0       0                        01010000D    199
     120       0       0       1       0                               0D    200
     126     330       0       0       0                        01010500D    201
     126       0       0       2       0                               0D    202
     110     332       0       0       0                        01010000D    203
     110       0       0       1       0                               0D    204
     126     333       0       0       0                        01010500D    205
     126       0       0      11       0                               0D    206
     126     344       0       0       0                        01010000D    207
     126       0       0      11       0                               0D    208
     126     355       0       0       0                        01010500D    209
     126       0       0       2       0                               0D    210
     110     357       0       0       0                        01010000D    211
     110       0       0       1       0                               0D    212
     126     358       0       0       0                        01010500D    213
     126       0       0      11       0                               0D    214
     126     369       0       0       0                        01010000D    215
     126       0       0      11       0                               0D    216
     102     380       0       0       0                        01010500D    217
     102       0       0       1       0                               0D    218
     102     381       0       0       0                        01010000D    219
     102       0       0       1       0                               0D    220
     142     382       0       0       0                        00010500D    221
     142       0       0       1       0                               0D    222
     144     383       0       0       0                        00000000D    223
     144       0      -1       1       0                               0D    224
     110     384       0       0       0                        01010000D    225
     110       0       0       1       0                               0D    226
     110     385       0       0       0                        01010000D    227
     110       0       0       1       0                               0D    228
     120     386       0       0       0                        01010000D    229
     120       0       0       1       0                               0D    230
     126     387       0       0       0                        01010500D    231
     126       0       0       2       0                               0D    232
     110     389       0       0       0                        01010000D    233
     110       0       0       1       0                               0D    234
     126     390       0       0       0                        01010500D    235
     126       0       0      11       0                               0D    236
     126     401       0       0       0                        01010000D    237
     126       0       0      10       0                               0D    238
     126     411       0       0       0                        01010500D    239
     126       0       0       2       0                               0D    240
     110     413       0       0       0                        01010000D    241
     110       0       0       1       0                               0D    242
     126     414       0       0       0                        01010500D    243
     126       0       0      11       0                               0D    244
     126     425       0       0       0                        01010000D    245
     126       0       0      11       0                               0D    246
     102     436       0       0       0                        01010500D    247
     102       0       0       1       0                               0D    248
     102     437       0       0       0                        01010000D    249
     102       0       0       1       0                               0D    250
     142     438       0       0       0                        00010500D    251
     142       0       0       1       0                               0D    252
     144     439       0       0       0                        00000000D    253
     144       0      -1       1       0                               0D    254
     110     440       0       0       0                        01010000D    255
     110       0       0       1       0                               0D    256
     110     441       0       0       0                        01010000D    257
     110       0       0       1       0                               0D    258
     120     442       0       0       0                        01010000D    259
     120       0       0       1       0                               0D    260
     126     443       0       0       0                        01010500D    261
     126       0       0       2       0                               0D    262
     110     445       0       0       0                        01010000D    263
     110       0       0       1       0                               0D    264
     126     446       0       0       0                        01010500D    265
     126       0       0      11       0                               0D    266
     126     457       0       0       0                        01010000D    267
     126       0       0      11       0                               0D    268
     126     468       0       0       0                        01010500D    269
     126       0       0       2       0                               0D    270
     110     470       0       0       0                        01010000D    271
     110       0       0       1       0                               0D    272
     126     471       0       0       0                        01010500D    273
     126       0       0      11       0                               0D    274
     126     482       0       0       0                        01010000D    275
     126       0       0      10       0                               0D    276
     102     492       0       0       0                        01010500D    277
     102       0       0       1       0                               0D    278
     102     493       0       0       0                        01010000D    279
     102       0       0       1       0                               0D    280
     142     494       0       0       0                        00010500D    281
     142       0       0       1       0                               0D    282
     144     495       0       0       0                        00000000D    283
     144       0      -1       1       0                               0D    284
     110     496       0       0       0                        01010000D    285
     110       0       0       1       0                               0D    286
     110     497       0       0       0                        01010000D    287
     110       0       0       1       0                               0D    288
     120     498       0       0       0                        01010000D    289
     120       0       0       1       0                               0D    290
     126     499       0       0       0                        01010500D    291
     126       0       0       2       0                               0D    292
     110     501       0       0       0                        01010000D    293
     110       0       0       1       0                               0D    294
     126     502       0       0       0                        01010500D    295
     126       0       0      11       0                               0D    296
     126     513       0       0       0                        01010000D    297
     126       0       0      11       0                               0D    298
     126     524       0       0       0                        01010500D    299
     126       0       0       2       0                               0D    300
     110     526       0       0       0                        01010000D    301
     110       0       0       1       0                               0D    302
     126     527       0       0       0                        01010500D    303
     126       0       0      11       0                               0D    304
     126     538       0       0       0                        01010000D    305
     126       0       0      11       0                               0D    306
     102     549       0       0       0                        01010500D    307
     102       0       0       1       0                               0D    308
     102     550       0       0       0                        01010000D    309
     102       0       0       1       0                               0D    310
     142     551       0       0       0                        00010500D    311
     142       0       0       1       0                               0D    312
     144     552       0       0       0                        00000000D    313
     144       0      -1       1       0                               0D    314
     110     553       0       0       0                        01010000D    315
     110       0       0       1       0                               0D    316
     110     554       0       0       0                        01010000D    317
     110       0       0       1       0                               0D    318
     120     555       0       0       0                        01010000D    319
     120       0       0       1       0                               0D    320
     126     556       0       0       0                        01010500D    321
     126       0       0       2       0                               0D    322
     110     558       0       0       0                        01010000D    323
     110       0       0       1       0                               0D    324
     126     559       0       0       0                        01010500D    325
     126       0       0      11       0                               0D    326
     126     570       0       0       0                        01010000D    327
     126       0       0      10       0                               0D    328
     126     580       0       0       0                        01010500D    329
     126       0       0       2       0                               0D    330
     110     582       0       0       0                        01010000D    331
     110       0       0       1       0                               0D    332
     126     583       0       0       0                        01010500D    333
     126       0       0      11       0                               0D    334
     126     594       0       0       0                        01010000D    335
     126       0       0      11       0                               0D    336
     102     605       0       0       0                        01010500D    337
     102       0       0       1       0                               0D    338
     102     606       0       0       0                        01010000D    339
     102       0       0       1       0                               0D    340
     142     607       0       0       0                        00010500D    341
     142       0       0       1       0                               0D    342
     144     608       0       0       0                        00000000D    343
     144       0      -1       1       0                               0D    344
     110     609       0       0       0                        01010000D    345
     110       0       0       1       0                               0D    346
     110     610       0       0       0                        01010000D    347
     110       0       0       1       0                               0D    348
     120     611       0       0       0                        01010000D    349
     120       0       0       1       0                               0D    350
     126     612       0       0       0                        01010500D    351
     126       0       0       2       0                               0D    352
     110     614       0       0       0                        01010000D    353
     110       0       0       1       0                               0D    354
     126     615       0       0       0                        01010500D    355
     126       0       0      11       0                               0D    356
     126     626       0       0       0                        01010000D    357
     126       0       0      11       0                               0D    358
     126     637       0       0       0                        01010500D    359
     126       0       0       2       0                               0D    360
     110     639       0       0       0                        01010000D    361
     110       0       0       1       0                               0D    362
     126     640       0       0       0                        01010500D    363
     126       0       0      11       0                               0D    364
     126     651       0       0       0                        01010000D    365
     126       0       0      10       0                               0D    366
     102     661       0       0       0                        01010500D    367
     102       0       0       1       0                               0D    368
     102     662       0       0       0                        01010000D    369
     102       0       0       1       0                               0D    370
     142     663       0       0       0                        00010500D    371
     142       0       0       1       0                               0D    372
     144     664       0       0       0                        00000000D    373
     144       0      -1       1       0                               0D    374
     110     665       0       0       0                        01010000D    375
     110       0       0       1       0                               0D    376
     110     666       0       0       0                        01010000D    377
     110       0       0       1       0                               0D    378
     120     667       0       0       0                        01010000D    379
     120       0       0       1       0                               0D    380
     126     668       0       0       0                        01010500D    381
     126       0       0       2       0                               0D    382
     110     670       0       0       0                        01010000D    383
     110       0       0       1       0                               0D    384
     126     671       0       0       0                        01010500D    385
     126       0       0      11       0                               0D    386
     126     682       0       0       0                        01010000D    387
     126       0       0      11       0                               0D    388
     126     693       0       0       0                        01010500D    389
     126       0       0       2       0                               0D    390
     110     695       0       0       0                        01010000D    391
     110       0       0       1       0                               0D    392
     126     696       0       0       0                        01010500D    393
     126       0       0      11       0                               0D    394
     126     707       0       0       0                        01010000D    395
     126       0       0      11       0                               0D    396
     102     718       0       0       0                        01010500D    397
     102       0       0       1       0                               0D    398
     102     719       0       0       0                        01010000D    399
     102       0       0       1       0                               0D    400
     142     720       0       0       0                        00010500D    401
     142       0       0       1       0                               0D    402
     144     721       0       0       0                        00000000D    403
     144       0      -1       1       0                               0D    404
     110     722       0       0       0                        01010000D    405
     110       0       0       1       0                               0D    406
     110     723       0       0       0                        01010000D    407
     110       0       0       1       0                               0D    408
     120     724       0       0       0                        01010000D    409
     120       0       0       1       0                               0D    410
     126     725       0       0       0                        01010500D    411
     126       0       0       2       0                               0D    412
     110     727       0       0       0                        01010000D    413
     110       0       0       1       0                               0D    414
     126     728       0       0       0                        01010500D    415
     126       0       0      11       0                               0D    416
     126     739       0       0       0                        01010000D    417
     126       0       0      10       0                               0D    418
     126     749       0       0       0                        01010500D    419
     126       0       0       2       0                               0D    420
     110     751       0       0       0                        01010000D    421
     110       0       0       1       0                               0D    422
     126     752       0       0       0                        01010500D    423
     126       0       0      11       0                               0D    424
     126     763       0       0       0                        01010000D    425
     126       0       0      11       0                               0D    426
     102     774       0       0       0                        01010500D    427
     102       0       0       1       0                               0D    428
     102     775       0       0       0                        01010000D    429
     102       0       0       1       0                               0D    430
     142     776       0       0       0                        00010500D    431
     142       0       0       1       0                               0D    432
     144     777       0       0       0                        00000000D    433
     144       0      -1       1       0                               0D    434
     110     778       0       0       0                        01010000D    435
     110       0       0       1       0                               0D    436
     110     779       0       0       0                        01010000D    437
     110       0       0       1       0                               0D    438
     120     780       0       0       0                        01010000D    439
     120       0       0       1       0                               0D    440
     126     781       0       0       0                        01010500D    441
     126       0       0       2       0                               0D    442
     110     783       0       0       0                        01010000D    443
     110       0       0       1       0                               0D    444
     126     784       0       0       0                        01010500D    445
     126       0       0      11       0                               0D    446
     126     795       0       0       0                        01010000D    447
     126       0       0      11       0                               0D    448
     126     806       0       0       0                        01010500D    449
     126       0       0       2       0                               0D    450
     110     808       0       0       0                        01010000D    451
     110       0       0       1       0                               0D    452
     126     809       0       0       0                        01010500D    453
     126       0       0      11       0                               0D    454
     126     820       0       0       0                        01010000D    455
     126       0       0      10       0                               0D    456
     102     830       0       0       0                        01010500D    457
     102       0       0       1       0                               0D    458
     102     831       0       0       0                        01010000D    459
     102       0       0       1       0                               0D    460
     142     832       0       0       0                        00010500D    461
     142       0       0       1       0                               0D    462
     144     833       0       0       0                        00000000D    463
     144       0      -1       1       0                               0D    464
     110     834       0       0       0                        01010000D    465
     110       0       0       1       0                               0D    466
     110     835       0       0       0                        01010000D    467
     110       0       0       1       0                               0D    468
     120     836       0       0       0                        01010000D    469
     120       0       0       1       0                               0D    470
     126     837       0       0       0                        01010500D    471
     126       0       0       2       0                               0D    472
     110     839       0       0       0                        01010000D    473
     110       0       0       1       0                               0D    474
     126     840       0       0       0                        01010500D    475
     126       0       0      11       0                               0D    476
     126     851       0       0       0                        01010000D    477
     126       0       0      11       0                               0D    478
     126     862       0       0       0                        01010500D    479
     126       0       0       2       0                               0D    480
     110     864       0       0       0                        01010000D    481
     110       0       0       1       0                               0D    482
     126     865       0       0       0                        01010500D    483
     126       0       0      11       0                               0D    484
     126     876       0       0       0                        01010000D    485
     126       0       0      11       0                               0D    486
     102     887       0       0       0                        01010500D    487
     102       0       0       1       0                               0D    488
     102     888       0       0       0                        01010000D    489
     102       0       0       1       0                               0D    490
     142     889       0       0       0                        00010500D    491
     142       0       0       1       0                               0D    492
     144     890       0       0       0                        00000000D    493
     144       0      -1       1       0                               0D    494
     110     891       0       0       0                        01010000D    495
     110       0       0       1       0                               0D    496
     110     892       0       0       0                        01010000D    497
     110       0       0       1       0                               0D    498
     120     893       0       0       0                        01010000D    499
     120       0       0       1       0                               0D    500
     126     894       0       0       0                        01010500D    501
     126       0       0       2       0                               0D    502
     110     896       0       0       0                        01010000D    503
     110       0       0       1       0                               0D    504
     126     897       0       0       0                        01010500D    505
     126       0       0      11       0                               0D    506
     126     908       0       0       0                        01010000D    507
     126       0       0      11       0                               0D    508
     126     919       0       0       0                        01010500D    509
     126       0       0       2       0                               0D    510
     110     921       0       0       0                        01010000D    511
     110       0       0       1       0                               0D    512
     126     922       0       0       0                        01010500D    513
     126       0       0      11       0                               0D    514
     126     933       0       0       0                        01010000D    515
     126       0       0      10       0                               0D    516
     102     943       0       0       0                        01010500D    517
     102       0       0       1       0                               0D    518
     102     944       0       0       0                        01010000D    519
     102       0       0       1       0                               0D    520
     142     945       0       0       0                        00010500D    521
     142       0       0       1       0                               0D    522
     144     946       0       0       0                        00000000D    523
     144       0      -1       1       0                               0D    524
     110     947       0       0       0                        01010000D    525
     110       0       0       1       0                               0D    526
     110     948       0       0       0                        01010000D    527
     110       0       0       1       0                               0D    528
     120     949       0       0       0                        01010000D    529
     120       0       0       1       0                               0D    530
     126     950       0       0       0                        01010500D    531
     126       0       0      11       0                               0D    532
     126     961       0       0       0                        01010000D    533
     126       0       0      11       0                               0D    534
     126     972       0       0       0                        01010500D    535
     126       0       0       2       0                               0D    536
     110     974       0       0       0                        01010000D    537
     110       0       0       1       0                               0D    538
     126     975       0       0       0                        01010500D    539
     126       0       0      11       0                               0D    540
     126     986       0       0       0                        01010000D    541
     126       0       0      11       0                               0D    542
     126     997       0       0       0                        01010500D    543
     126       0       0       2       0                               0D    544
     110     999       0       0       0                        01010000D    545
     110       0       0       1       0                               0D    546
     102    1000       0       0       0                        01010500D    547
     102       0       0       1       0                               0D    548
     102    1001       0       0       0                        01010000D    549
     102       0       0       1       0                               0D    550
     142    1002       0       0       0                        00010500D    551
     142       0       0       1       0                               0D    552
     144    1003       0       0       0                        00000000D    553
     144       0      -1       1       0                               0D    554
     110    1004       0       0       0                        01010000D    555
     110       0       0       1       0                               0D    556
     110    1005       0       0       0                        01010000D    557
     110       0       0       1       0                               0D    558
     120    1006       0       0       0                        01010000D    559
     120       0       0       1       0                               0D    560
     126    1007       0       0       0                        01010500D    561
     126       0       0      11       0                               0D    562
     126    1018       0       0       0                        01010000D    563
     126       0       0      10       0                               0D    564
     126    1028       0       0       0                        01010500D    565
     126       0       0       2       0                               0D    566
     110    1030       0       0       0                        01010000D    567
     110       0       0       1       0                               0D    568
     126    1031       0       0       0                        01010500D    569
     126       0       0      11       0                               0D    570
     126    1042       0       0       0                        01010000D    571
     126       0       0      11       0                               0D    572
     126    1053       0       0       0                        01010500D    573
     126       0       0       2       0                               0D    574
     110    1055       0       0       0                        01010000D    575
     110       0       0       1       0                               0D    576
     102    1056       0       0       0                        01010500D    577
     102       0       0       1       0                               0D    578
     102    1057       0       0       0                        01010000D    579
     102       0       0       1       0                               0D    580
     142    1058       0       0       0                        00010500D    581
     142       0       0       1       0                               0D    582
     144    1059       0       0       0                        00000000D    583
     144       0      -1       1       0                               0D    584
     110    1060       0       0       0                        01010000D    585
     110       0       0       1       0                               0D    586
     110    1061       0       0       0                        01010000D    587
     110       0       0       1       0                               0D    588
     120    1062       0       0       0                        01010000D    589
     120       0       0       1       0                               0D    590
     126    1063       0       0       0                        01010500D    591
     126       0       0      11       0                               0D    592
     126    1074       0       0       0                        01010000D    593
     126       0       0      11       0                               0D    594
     126    1085       0       0       0                        01010500D    595
     126       0       0       2       0                               0D    596
     110    1087       0       0       0                        01010000D    597
     110       0       0       1       0                               0D    598
     126    1088       0       0       0                        01010500D    599
     126       0       0      11       0                               0D    600
     126    1099       0       0       0                        01010000D    601
     126       0       0      10       0                               0D    602
     126    1109       0       0       0                        01010500D    603
     126       0       0       2       0                               0D    604
     110    1111       0       0       0                        01010000D    605
     110       0       0       1       0                               0D    606
     102    1112       0       0       0                        01010500D    607
     102       0       0       1       0                               0D    608
     102    1113       0       0       0                        01010000D    609
     102       0       0       1       0                               0D    610
     142    1114       0       0       0                        00010500D    611
     142       0       0       1       0                               0D    612
     144    1115       0       0       0                        00000000D    613
     144       0      -1       1       0                               0D    614
     110    1116       0       0       0                        01010000D    615
     110       0       0       1       0                               0D    616
     110    1117       0       0       0                        01010000D    617
     110       0       0       1       0                               0D    618
     120    1118       0       0       0                        01010000D    619
     120       0       0       1       0                               0D    620
     126    1119       0       0       0                        01010500D    621
     126       0       0      11       0                               0D    622
     126    1130       0       0       0                        01010000D    623
     126       0       0      11       0                               0D    624
     126    1141       0       0       0                        01010500D    625
     126       0       0       2       0                               0D    626
     110    1143       0       0       0                        01010000D    627
     110       0       0       1       0                               0D    628
     126    1144       0       0       0                        01010500D    629
     126       0       0      11       0                               0D    630
     126    1155       0       0       0                        01010000D    631
     126       0       0      11       0                               0D    632
     126    1166       0       0       0                        01010500D    633
     126       0       0       2       0                               0D    634
     110    1168       0       0       0                        01010000D    635
     110       0       0       1       0                               0D    636
     102    1169       0       0       0                        01010500D    637
     102       0       0       1       0                               0D    638
     102    1170       0       0       0                        01010000D    639
     102       0       0       1       0                               0D    640
     142    1171       0       0       0                        00010500D    641
     142       0       0       1       0                               0D    642
     144    1172       0       0       0                        00000000D    643
     144       0      -1       1       0                               0D    644
     110    1173       0       0       0                        01010000D    645
     110       0       0       1       0                               0D    646
     110    1174       0       0       0                        01010000D    647
     110       0       0       1       0                               0D    648
     120    1175       0       0       0                        01010000D    649
     120       0       0       1       0                               0D    650
     126    1176       0       0       0                        01010500D    651
     126       0       0      11       0                               0D    652
     126    1187       0       0       0                        01010000D    653
     126       0       0      11       0                               0D    654
     126    1198       0       0       0                        01010500D    655
     126       0       0       2       0                               0D    656
     110    1200       0       0       0                        01010000D    657
     110       0       0       1       0                               0D    658
     126    1201       0       0       0                        01010500D    659
     126       0       0      11       0                               0D    660
     126    1212       0       0       0                        01010000D    661
     126       0       0      11       0                               0D    662
     126    1223       0       0       0                        01010500D    663
     126       0       0       2       0                               0D    664
     110    1225       0       0       0                        01010000D    665
     110       0       0       1       0                               0D    666
     102    1226       0       0       0                        01010500D    667
     102       0       0       1       0                               0D    668
     102    1227       0       0       0                        01010000D    669
     102       0       0       1       0                               0D    670
     142    1228       0       0       0                        00010500D    671
     142       0       0       1       0                               0D    672
     144    1229       0       0       0                        00000000D    673
     144       0      -1       1       0                               0D    674
     110    1230       0       0       0                        01010000D    675
     110       0       0       1       0                               0D    676
     110    1231       0       0       0                        01010000D    677
     110       0       0       1       0                               0D    678
     120    1232       0       0       0                        01010000D    679
     120       0       0       1       0                               0D    680
     126    1233       0       0       0                        01010500D    681
     126       0       0      11       0                               0D    682
     126    1244       0       0       0                        01010000D    683
     126       0       0      11       0                               0D    684
     126    1255       0       0       0                        01010500D    685
     126       0       0       2       0                               0D    686
     110    1257       0       0       0                        01010000D    687
     110       0       0       1       0                               0D    688
     126    1258       0       0       0                        01010500D    689
     126       0       0      11       0                               0D    690
     126    1269       0       0       0                        01010000D    691
     126       0       0      11       0                               0D    692
     126    1280       0       0       0                        01010500D    693
     126       0       0       2       0                               0D    694
     110    1282       0       0       0                        01010000D    695
     110       0       0       1       0                               0D    696
     102    1283       0       0       0                        01010500D    697
     102       0       0       1       0                               0D    698
     102    1284       0       0       0                        01010000D    699
     102       0       0       1       0                               0D    700
     142    1285       0       0       0                        00010500D    701
     142       0       0       1       0                               0D    702
     144    1286       0       0       0                        00000000D    703
     144       0      -1       1       0                               0D    704
     110    1287       0       0       0                        01010000D    705
     110       0       0       1       0                               0D    706
     110    1288       0       0       0                        01010000D    707
     110       0       0       1       0                               0D    708
     120    1289       0       0       0                        01010000D    709
     120       0       0       1       0                               0D    710
     126    1290       0       0       0                        01010500D    711
     126       0       0      11       0                               0D    712
     126    1301       0       0       0                        01010000D    713
     126       0       0      10       0                               0D    714
     126    1311       0       0       0                        01010500D    715
     126       0       0       2       0                               0D    716
     110    1313       0       0       0                        01010000D    717
     110       0       0       1       0                               0D    718
     126    1314       0       0       0                        01010500D    719
     126       0       0      11       0                               0D    720
     126    1325       0       0       0                        01010000D    721
     126       0       0      11       0                               0D    722
     126    1336       0       0       0                        01010500D    723
     126       0       0       2       0                               0D    724
     110    1338       0       0       0                        01010000D    725
     110       0       0       1       0                               0D    726
     102    1339       0       0       0                        01010500D    727
     102       0       0       1       0                               0D    728
     102    1340       0       0       0                        01010000D    729
     102       0       0       1       0                               0D    730
     142    1341       0       0       0                        00010500D    731
     142       0       0       1       0                               0D    732
     144    1342       0       0       0                        00000000D    733
     144       0      -1       1       0                               0D    734
     110    1343       0       0       0                        01010000D    735
     110       0       0       1       0                               0D    736
     110    1344       0       0       0                        01010000D    737
     110       0       0       1       0                               0D    738
     120    1345       0       0       0                        01010000D    739
     120       0       0       1       0                               0D    740
     126    1346       0       0       0                        01010500D    741
     126       0       0      11       0                               0D    742
     126    1357       0       0       0                        01010000D    743
     126       0       0      11       0                               0D    744
     126    1368       0       0       0                        01010500D    745
     126       0       0       2       0                               0D    746
     110    1370       0       0       0                        01010000D    747
     110       0       0       1       0                               0D    748
     126    1371       0       0       0                        01010500D    749
     126       0       0      11       0                               0D    750
     126    1382       0       0       0                        01010000D    751
     126       0       0      11       0                               0D    752
     126    1393       0       0       0                        01010500D    753
     126       0       0       2       0                               0D    754
     110    1395       0       0       0                        01010000D    755
     110       0       0       1       0                               0D    756
     102    1396       0       0       0                        01010500D    757
     102       0       0       1       0                               0D    758
     102    1397       0       0       0                        01010000D    759
     102       0       0       1       0                               0D    760
     142    1398       0       0       0                        00010500D    761
     142       0       0       1       0                               0D    762
     144    1399       0       0       0                        00000000D    763
     144       0      -1       1       0                               0D    764
     110    1400       0       0       0                        01010000D    765
     110       0       0       1       0                               0D    766
     110    1401       0       0       0                        01010000D    767
     110       0       0       1       0                               0D    768
     120    1402       0       0       0                        01010000D    769
     120       0       0       1       0                               0D    770
     126    1403       0       0       0                        01010500D    771
     126       0       0      11       0                               0D    772
     126    1414       0       0       0                        01010000D    773
     126       0       0      10       0                               0D    774
     126    1424       0       0       0                        01010500D    775
     126       0       0       2       0                               0D    776
     110    1426       0       0       0                        01010000D    777
     110       0       0       1       0                               0D    778
     126    1427       0       0       0                        01010500D    779
     126       0       0      11       0                               0D    780
     126    1438       0       0       0                        01010000D    781
     126       0       0      11       0                               0D    782
     126    1449       0       0       0                        01010500D    783
     126       0       0       2       0                               0D    784
     110    1451       0       0       0                        01010000D    785
     110       0       0       1       0                               0D    786
     102    1452       0       0       0                        01010500D    787
     102       0       0       1       0                               0D    788
     102    1453       0       0       0                        01010000D    789
     102       0       0       1       0                               0D    790
     142    1454       0       0       0                        00010500D    791
     142       0       0       1       0                               0D    792
     144    1455       0       0       0                        00000000D    793
     144       0      -1       1       0                               0D    794
     110    1456       0       0       0                        01010000D    795
     110       0       0       1       0                               0D    796
     110    1457       0       0       0                        01010000D    797
     110       0       0       1       0                               0D    798
     120    1458       0       0       0                        01010000D    799
     120       0       0       1       0                               0D    800
     126    1459       0       0       0                        01010500D    801
     126       0       0      11       0                               0D    802
     126    1470       0       0       0                        01010000D    803
     126       0       0      11       0                               0D    804
     126    1481       0       0       0                        01010500D    805
     126       0       0       2       0                               0D    806
     110    1483       0       0       0                        01010000D    807
     110       0       0       1       0                               0D    808
     126    1484       0       0       0                        01010500D    809
     126       0       0      11       0                               0D    810
     126    1495       0       0       0                        01010000D    811
     126       0       0      10       0                               0D    812
     126    1505       0       0       0                        01010500D    813
     126       0       0       2       0                               0D    814
     110    1507       0       0       0                        01010000D    815
     110       0       0       1       0                               0D    816
     102    1508       0       0       0                        01010500D    817
     102       0       0       1       0                               0D    818
     102    1509       0       0       0                        01010000D    819
     102       0       0       1       0                               0D    820
     142    1510       0       0       0                        00010500D    821
     142       0       0       1       0                               0D    822
     144    1511       0       0       0                        00000000D    823
     144       0      -1       1       0                               0D    824
     110    1512       0       0       0                        01010000D    825
     110       0       0       1       0                               0D    826
     110    1513       0       0       0                        01010000D    827
     110       0       0       1       0                               0D    828
     120    1514       0       0       0                        01010000D    829
     120       0       0       1       0                               0D    830
     126    1515       0       0       0                        01010500D    831
     126       0       0      11       0                               0D    832
     126    1526       0       0       0                        01010000D    833
     126       0       0      11       0                               0D    834
     126    1537       0       0       0                        01010500D    835
     126       0       0       2       0                               0D    836
     110    1539       0       0       0                        01010000D    837
     110       0       0       1       0                               0D    838
     126    1540       0       0       0                        01010500D    839
     126       0       0      11       0                               0D    840
     126    1551       0       0       0                        01010000D    841
     126       0       0      11       0                               0D    842
     126    1562       0       0       0                        01010500D    843
     126       0       0       2       0                               0D    844
     110    1564       0       0       0                        01010000D    845
     110       0       0       1       0                               0D    846
     102    1565       0       0       0                        01010500D    847
     102       0       0       1       0                               0D    848
     102    1566       0       0       0                        01010000D    849
     102       0       0       1       0                               0D    850
     142    1567       0       0       0                        00010500D    851
     142       0       0       1       0                               0D    852
     144    1568       0       0       0                        00000000D    853
     144       0      -1       1       0                               0D    854
     110    1569       0       0       0                        01010000D    855
     110       0       0       1       0                               0D    856
     110    1570       0       0       0                        01010000D    857
     110       0       0       1       0                               0D    858
     120    1571       0       0       0                        01010000D    859
     120       0       0       1       0                               0D    860
     126    1572       0       0       0                        01010500D    861
     126       0       0       2       0                               0D    862
     124    1574       0       0       0                        00000000D    863
     124       0       0       5       0                               0D    864
     100    1579       0       0       0             863        01010000D    865
     100       0       0       1       0                               0D    866
     126    1580       0       0       0                        01010500D    867
     126       0       0       7       0                               0D    868
     126    1587       0       0       0                        01010000D    869
     126       0       0       8       0                               0D    870
     126    1595       0       0       0                        01010500D    871
     126       0       0       2       0                               0D    872
     110    1597       0       0       0                        01010000D    873
     110       0       0       1       0                               0D    874
     126    1598       0       0       0                        01010500D    875
     126       0       0      14       0                               0D    876
     126    1612       0       0       0                        01010000D    877
     126       0       0      10       0                               0D    878
     102    1622       0       0       0                        01010500D    879
     102       0       0       1       0                               0D    880
     102    1623       0       0       0                        01010000D    881
     102       0       0       1       0                               0D    882
     142    1624       0       0       0                        00010500D    883
     142       0       0       1       0                               0D    884
     144    1625       0       0       0                        00000000D    885
     144       0      -1       1       0                               0D    886
     110    1626       0       0       0                        01010000D    887
     110       0       0       1       0                               0D    888
     110    1627       0       0       0                        01010000D    889
     110       0       0       1       0                               0D    890
     120    1628       0       0       0                        01010000D    891
     120       0       0       1       0                               0D    892
     126    1629       0       0       0                        01010500D    893
     126       0       0       2       0                               0D    894
     100    1631       0       0       0                        01010000D    895
     100       0       0       1       0                               0D    896
     126    1632       0       0       0                        01010500D    897
     126       0       0       2       0                               0D    898
     110    1634       0       0       0                        01010000D    899
     110       0       0       1       0                               0D    900
     126    1635       0       0       0                        01010500D    901
     126       0       0       7       0                               0D    902
     126    1642       0       0       0                        01010000D    903
     126       0       0       5       0                               0D    904
     126    1647       0       0       0                        01010500D    905
     126       0       0       7       0                               0D    906
     126    1654       0       0       0                        01010000D    907
     126       0       0      15       0                               0D    908
     126    1669       0       0       0                        01010500D    909
     126       0       0      12       0                               0D    910
     126    1681       0       0       0                        01010000D    911
     126       0       0       6       0                               0D    912
     126    1687       0       0       0                        01010500D    913
     126       0       0       7       0                               0D    914
     126    1694       0       0       0                        01010000D    915
     126       0       0      13       0                               0D    916
     126    1707       0       0       0                        01010500D    917
     126       0       0      12       0                               0D    918
     126    1719       0       0       0                        01010000D    919
     126       0       0       6       0                               0D    920
     126    1725       0       0       0                        01010500D    921
     126       0       0       7       0                               0D    922
     126    1732       0       0       0                        01010000D    923
     126       0       0      14       0                               0D    924
     126    1746       0       0       0                        01010500D    925
     126       0       0       6       0                               0D    926
     126    1752       0       0       0                        01010000D    927
     126       0       0       4       0                               0D    928
     126    1756       0       0       0                        01010500D    929
     126       0       0       2       0                               0D    930
     110    1758       0       0       0                        01010000D    931
     110       0       0       1       0                               0D    932
     102    1759       0       0       0                        01010500D    933
     102       0       0       1       0                               0D    934
     102    1760       0       0       0                        01010000D    935
     102       0       0       1       0                               0D    936
     142    1761       0       0       0                        00010500D    937
     142       0       0       1       0                               0D    938
     144    1762       0       0       0                        00000000D    939
     144       0      -1       1       0                               0D    940
     110    1763       0       0       0                        01010000D    941
     110       0       0       1       0                               0D    942
     110    1764       0       0       0                        01010000D    943
     110       0       0       1       0                               0D    944
     120    1765       0       0       0                        01010000D    945
     120       0       0       1       0                               0D    946
     126    1766       0       0       0                        01010500D    947
     126       0       0       2       0                               0D    948
     124    1768       0       0       0                        00000000D    949
     124       0       0       4       0                               0D    950
     100    1772       0       0       0             949        01010000D    951
     100       0       0       1       0                               0D    952
     126    1773       0       0       0                        01010500D    953
     126       0       0       2       0                               0D    954
     110    1775       0       0       0                        01010000D    955
     110       0       0       1       0                               0D    956
     126    1776       0       0       0                        01010500D    957
     126       0       0       7       0                               0D    958
     126    1783       0       0       0                        01010000D    959
     126       0       0       3       0                               0D    960
     126    1786       0       0       0                        01010500D    961
     126       0       0       7       0                               0D    962
     126    1793       0       0       0                        01010000D    963
     126       0       0      15       0                               0D    964
     126    1808       0       0       0                        01010500D    965
     126       0       0      12       0                               0D    966
     126    1820       0       0       0                        01010000D    967
     126       0       0       6       0                               0D    968
     126    1826       0       0       0                        01010500D    969
     126       0       0       7       0                               0D    970
     126    1833       0       0       0                        01010000D    971
     126       0       0      15       0                               0D    972
     126    1848       0       0       0                        01010500D    973
     126       0       0      12       0                               0D    974
     126    1860       0       0       0                        01010000D    975
     126       0       0       6       0                               0D    976
     126    1866       0       0       0                        01010500D    977
     126       0       0       7       0                               0D    978
     126    1873       0       0       0                        01010000D    979
     126       0       0      14       0                               0D    980
     126    1887       0       0       0                        01010500D    981
     126       0       0       6       0                               0D    982
     126    1893       0       0       0                        01010000D    983
     126       0       0       3       0                               0D    984
     126    1896       0       0       0                        01010500D    985
     126       0       0       2       0                               0D    986
     110    1898       0       0       0                        01010000D    987
     110       0       0       1       0                               0D    988
     102    1899       0       0       0                        01010500D    989
     102       0       0       1       0                               0D    990
     102    1900       0       0       0                        01010000D    991
     102       0       0       1       0                               0D    992
     142    1901       0       0       0                        00010500D    993
     142       0       0       1       0                               0D    994
     144    1902       0       0       0                        00000000D    995
     144       0      -1       1       0                               0D    996
     128    1903       0       0       0                        01010000D    997
     128       0       0       3       0                               0D    998
     126    1906       0       0       0                        01010500D    999
     126       0       0      44       0                               0D   1000
     100    1950       0       0       0                        01010000D   1001
     100       0       0       1       0                               0D   1002
     126    1951       0       0       0                        01010500D   1003
     126       0       0      44       0                               0D   1004
     100    1995       0       0       0                        01010000D   1005
     100       0       0       1       0                               0D   1006
     102    1996       0       0       0                        01010500D   1007
     102       0       0       1       0                               0D   1008
     102    1997       0       0       0                        01010000D   1009
     102       0       0       1       0                               0D   1010
     142    1998       0       0       0                        00010500D   1011
     142       0       0       1       0                               0D   1012
     126    1999       0       0       0                        01010500D   1013
     126       0       0      22       0                               0D   1014
     124    2021       0       0       0                        00000000D   1015
     124       0       0       3       0                               0D   1016
     100    2024       0       0       0            1015        01010000D   1017
     100       0       0       1       0                               0D   1018
     126    2025       0       0       0                        01010500D   1019
     126       0       0      22       0                               0D   1020
     124    2047       0       0       0                        00000000D   1021
     124       0       0       4       0                               0D   1022
     100    2051       0       0       0            1021        01010000D   1023
     100       0       0       1       0                               0D   1024
     102    2052       0       0       0                        01010500D   1025
     102       0       0       1       0                               0D   1026
     102    2053       0       0       0                        01010000D   1027
     102       0       0       1       0                               0D   1028
     142    2054       0       0       0                        00010500D   1029
     142       0       0       1       0                               0D   1030
     144    2055       0       0       0                        00000000D   1031
     144       0      -1       1       0                               0D   1032
     128    2056       0       0       0                        01010000D   1033
     128       0       0       3       0                               0D   1034
     126    2059       0       0       0                        01010500D   1035
     126       0       0      44       0                               0D   1036
     100    2103       0       0       0                        01010000D   1037
     100       0       0       1       0                               0D   1038
     126    2104       0       0       0                        01010500D   1039
     126       0       0      44       0                               0D   1040
     100    2148       0       0       0                        01010000D   1041
     100       0       0       1       0                               0D   1042
     102    2149       0       0       0                        01010500D   1043
     102       0       0       1       0                               0D   1044
     102    2150       0       0       0                        01010000D   1045
     102       0       0       1       0                               0D   1046
     142    2151       0       0       0                        00010500D   1047
     142       0       0       1       0                               0D   1048
     126    2152       0       0       0                        01010500D   1049
     126       0       0      22       0                               0D   1050
     124    2174       0       0       0                        00000000D   1051
     124       0       0       3       0                               0D   1052
     100    2177       0       0       0            1051        01010000D   1053
     100       0       0       1       0                               0D   1054
     126    2178       0       0       0                        01010500D   1055
     126       0       0      22       0                               0D   1056
     124    2200       0       0       0                        00000000D   1057
     124       0       0       4       0                               0D   1058
     100    2204       0       0       0            1057        01010000D   1059
     100       0       0       1       0                               0D   1060
     102    2205       0       0       0                        01010500D   1061
     102       0       0       1       0                               0D   1062
     102    2206       0       0       0                        01010000D   1063
     102       0       0       1       0                               0D   1064
     142    2207       0       0       0                        00010500D   1065
     142       0       0       1       0                               0D   1066
     144    2208       0       0       0                        00000000D   1067
     144       0      -1       1       0                               0D   1068
     128    2209       0       0       0                        01010000D   1069
     128       0       0       4       0                               0D   1070
     126    2213       0       0       0                        01010500D   1071
     126       0       0       2       0                               0D   1072
     126    2215       0       0       0                        01010000D   1073
     126       0       0       4       0                               0D   1074
     126    2219       0       0       0                        01010500D   1075
     126       0       0      11       0                               0D   1076
     126    2230       0       0       0                        01010000D   1077
     126       0       0       6       0                               0D   1078
     126    2236       0       0       0                        01010500D   1079
     126       0       0       2       0                               0D   1080
     126    2238       0       0       0                        01010000D   1081
     126       0       0       4       0                               0D   1082
     126    2242       0       0       0                        01010500D   1083
     126       0       0      11       0                               0D   1084
     126    2253       0       0       0                        01010000D   1085
     126       0       0       6       0                               0D   1086
     102    2259       0       0       0                        01010500D   1087
     102       0       0       1       0                               0D   1088
     102    2260       0       0       0                        01010000D   1089
     102       0       0       1       0                               0D   1090
     142    2261       0       0       0                        00010500D   1091
     142       0       0       1       0                               0D   1092
     144    2262       0       0       0                        00000000D   1093
     144       0      -1       1       0                               0D   1094
     128    2263       0       0       0                        01010000D   1095
     128       0       0       4       0                               0D   1096
     126    2267       0       0       0                        01010500D   1097
     126       0       0       2       0                               0D   1098
     126    2269       0       0       0                        01010000D   1099
     126       0       0       4       0                               0D   1100
     126    2273       0       0       0                        01010500D   1101
     126       0       0      11       0                               0D   1102
     126    2284       0       0       0                        01010000D   1103
     126       0       0       6       0                               0D   1104
     126    2290       0       0       0                        01010500D   1105
     126       0       0       2       0                               0D   1106
     126    2292       0       0       0                        01010000D   1107
     126       0       0       4       0                               0D   1108
     126    2296       0       0       0                        01010500D   1109
     126       0       0      11       0                               0D   1110
     126    2307       0       0       0                        01010000D   1111
     126       0       0       6       0                               0D   1112
     102    2313       0       0       0                        01010500D   1113
     102       0       0       1       0                               0D   1114
     102    2314       0       0       0                        01010000D   1115
     102       0       0       1       0                               0D   1116
     142    2315       0       0       0                        00010500D   1117
     142       0       0       1       0                               0D   1118
     144    2316       0       0       0                        00000000D   1119
     144       0      -1       1       0                               0D   1120
     128    2317       0       0       0                        01010000D   1121
     128       0       0       3       0                               0D   1122
     126    2320       0       0       0                        01010500D   1123
     126       0       0       6       0                               0D   1124
     126    2326       0       0       0                        01010000D   1125
     126       0       0       5       0                               0D   1126
     126    2331       0       0       0                        01010500D   1127
     126       0       0       2       0                               0D   1128
     126    2333       0       0       0                        01010000D   1129
     126       0       0       4       0                               0D   1130
     126    2337       0       0       0                        01010500D   1131
     126       0       0       6       0                               0D   1132
     126    2343       0       0       0                        01010000D   1133
     126       0       0       4       0                               0D   1134
     126    2347       0       0       0                        01010500D   1135
     126       0       0       6       0                               0D   1136
     126    2353       0       0       0                        01010000D   1137
     126       0       0       3       0                               0D   1138
     126    2356       0       0       0                        01010500D   1139
     126       0       0       2       0                               0D   1140
     126    2358       0       0       0                        01010000D   1141
     126       0       0       4       0                               0D   1142
     126    2362       0       0       0                        01010500D   1143
     126       0       0       6       0                               0D   1144
     126    2368       0       0       0                        01010000D   1145
     126       0       0       3       0                               0D   1146
     102    2371       0       0       0                        01010500D   1147
     102       0       0       1       0                               0D   1148
     102    2372       0       0       0                        01010000D   1149
     102       0       0       1       0                               0D   1150
     142    2373       0       0       0                        00010500D   1151
     142       0       0       1       0                               0D   1152
     144    2374       0       0       0                        00000000D   1153
     144       0      -1       1       0                               0D   1154
     128    2375       0       0       0                        01010000D   1155
     128       0       0       4       0                               0D   1156
     126    2379       0       0       0                        01010500D   1157
     126       0       0       2       0                               0D   1158
     126    2381       0       0       0                        01010000D   1159
     126       0       0       4       0                               0D   1160
     126    2385       0       0       0                        01010500D   1161
     126       0       0      11       0                               0D   1162
     126    2396       0       0       0                        01010000D   1163
     126       0       0       5       0                               0D   1164
     126    2401       0       0       0                        01010500D   1165
     126       0       0       2       0                               0D   1166
     126    2403       0       0       0                        01010000D   1167
     126       0       0       4       0                               0D   1168
     126    2407       0       0       0                        01010500D   1169
     126       0       0      11       0                               0D   1170
     126    2418       0       0       0                        01010000D   1171
     126       0       0       6       0                               0D   1172
     102    2424       0       0       0                        01010500D   1173
     102       0       0       1       0                               0D   1174
     102    2425       0       0       0                        01010000D   1175
     102       0       0       1       0                               0D   1176
     142    2426       0       0       0                        00010500D   1177
     142       0       0       1       0                               0D   1178
     144    2427       0       0       0                        00000000D   1179
     144       0      -1       1       0                               0D   1180
     128    2428       0       0       0                        01010000D   1181
     128       0       0       4       0                               0D   1182
     126    2432       0       0       0                        01010500D   1183
     126       0       0       2       0                               0D   1184
     126    2434       0       0       0                        01010000D   1185
     126       0       0       4       0                               0D   1186
     126    2438       0       0       0                        01010500D   1187
     126       0       0      11       0                               0D   1188
     126    2449       0       0       0                        01010000D   1189
     126       0       0       6       0                               0D   1190
     126    2455       0       0       0                        01010500D   1191
     126       0       0       2       0                               0D   1192
     126    2457       0       0       0                        01010000D   1193
     126       0       0       4       0                               0D   1194
     126    2461       0       0       0                        01010500D   1195
     126       0       0      11       0                               0D   1196
     126    2472       0       0       0                        01010000D   1197
     126       0       0       6       0                               0D   1198
     102    2478       0       0       0                        01010500D   1199
     102       0       0       1       0                               0D   1200
     102    2479       0       0       0                        01010000D   1201
     102       0       0       1       0                               0D   1202
     142    2480       0       0       0                        00010500D   1203
     142       0       0       1       0                               0D   1204
     144    2481       0       0       0                        00000000D   1205
     144       0      -1       1       0                               0D   1206
     128    2482       0       0       0                        01010000D   1207
     128       0       0       4       0                               0D   1208
     126    2486       0       0       0                        01010500D   1209
     126       0       0       2       0                               0D   1210
     126    2488       0       0       0                        01010000D   1211
     126       0       0       4       0                               0D   1212
     126    2492       0       0       0                        01010500D   1213
     126       0       0       6       0                               0D   1214
     126    2498       0       0       0                        01010000D   1215
     126       0       0       4       0                               0D   1216
     126    2502       0       0       0                        01010500D   1217
     126       0       0       6       0                               0D   1218
     126    2508       0       0       0                        01010000D   1219
     126       0       0       3       0                               0D   1220
     126    2511       0       0       0                        01010500D   1221
     126       0       0       2       0                               0D   1222
     126    2513       0       0       0                        01010000D   1223
     126       0       0       4       0                               0D   1224
     126    2517       0       0       0                        01010500D   1225
     126       0       0       6       0                               0D   1226
     126    2523       0       0       0                        01010000D   1227
     126       0       0       3       0                               0D   1228
     126    2526       0       0       0                        01010500D   1229
     126       0       0       6       0                               0D   1230
     126    2532       0       0       0                        01010000D   1231
     126       0       0       5       0                               0D   1232
     102    2537       0       0       0                        01010500D   1233
     102       0       0       1       0                               0D   1234
     102    2538       0       0       0                        01010000D   1235
     102       0       0       1       0                               0D   1236
     142    2539       0       0       0                        00010500D   1237
     142       0       0       1       0                               0D   1238
     144    2540       0       0       0                        00000000D   1239
     144       0      -1       1       0                               0D   1240
     110    2541       0       0       0                        01010000D   1241
     110       0       0       1       0                               0D   1242
     110    2542       0       0       0                        01010000D   1243
     110       0       0       1       0                               0D   1244
     120    2543       0       0       0                        01010000D   1245
     120       0       0       1       0                               0D   1246
     126    2544       0       0       0                        01010500D   1247
     126       0       0       2       0                               0D   1248
     110    2546       0       0       0                        01010000D   1249
     110       0       0       1       0                               0D   1250
     126    2547       0       0       0                        01010500D   1251
     126       0       0       2       0                               0D   1252
     124    2549       0       0       0                        00000000D   1253
     124       0       0       3       0                               0D   1254
     100    2552       0       0       0            1253        01010000D   1255
     100       0       0       1       0                               0D   1256
     126    2553       0       0       0                        01010500D   1257
     126       0       0       2       0                               0D   1258
     110    2555       0       0       0                        01010000D   1259
     110       0       0       1       0                               0D   1260
     126    2556       0       0       0                        01010500D   1261
     126       0       0       7       0                               0D   1262
     126    2563       0       0       0                        01010000D   1263
     126       0       0       5       0                               0D   1264
     126    2568       0       0       0                        01010500D   1265
     126       0       0       7       0                               0D   1266
     126    2575       0       0       0                        01010000D   1267
     126       0       0      13       0                               0D   1268
     126    2588       0       0       0                        01010500D   1269
     126       0       0      12       0                               0D   1270
     126    2600       0       0       0                        01010000D   1271
     126       0       0       5       0                               0D   1272
     126    2605       0       0       0                        01010500D   1273
     126       0       0       7       0                               0D   1274
     126    2612       0       0       0                        01010000D   1275
     126       0       0      12       0                               0D   1276
     126    2624       0       0       0                        01010500D   1277
     126       0       0      12       0                               0D   1278
     126    2636       0       0       0                        01010000D   1279
     126       0       0       6       0                               0D   1280
     126    2642       0       0       0                        01010500D   1281
     126       0       0       7       0                               0D   1282
     126    2649       0       0       0                        01010000D   1283
     126       0       0      14       0                               0D   1284
     126    2663       0       0       0                        01010500D   1285
     126       0       0       7       0                               0D   1286
     126    2670       0       0       0                        01010000D   1287
     126       0       0       4       0                               0D   1288
     102    2674       0       0       0                        01010500D   1289
     102       0       0       1       0                               0D   1290
     102    2675       0       0       0                        01010000D   1291
     102       0       0       1       0                               0D   1292
     142    2676       0       0       0                        00010500D   1293
     142       0       0       1       0                               0D   1294
     144    2677       0       0       0                        00000000D   1295
     144       0      -1       1       0                               0D   1296
     110    2678       0       0       0                        01010000D   1297
     110       0       0       1       0                               0D   1298
     110    2679       0       0       0                        01010000D   1299
     110       0       0       1       0                               0D   1300
     120    2680       0       0       0                        01010000D   1301
     120       0       0       1       0                               0D   1302
     126    2681       0       0       0                        01010500D   1303
     126       0       0       2       0                               0D   1304
     110    2683       0       0       0                        01010000D   1305
     110       0       0       1       0                               0D   1306
     126    2684       0       0       0                        01010500D   1307
     126       0       0       2       0                               0D   1308
     100    2686       0       0       0                        01010000D   1309
     100       0       0       1       0                               0D   1310
     126    2687       0       0       0                        01010500D   1311
     126       0       0       2       0                               0D   1312
     110    2689       0       0       0                        01010000D   1313
     110       0       0       1       0                               0D   1314
     126    2690       0       0       0                        01010500D   1315
     126       0       0       7       0                               0D   1316
     126    2697       0       0       0                        01010000D   1317
     126       0       0       3       0                               0D   1318
     126    2700       0       0       0                        01010500D   1319
     126       0       0       7       0                               0D   1320
     126    2707       0       0       0                        01010000D   1321
     126       0       0      15       0                               0D   1322
     126    2722       0       0       0                        01010500D   1323
     126       0       0      12       0                               0D   1324
     126    2734       0       0       0                        01010000D   1325
     126       0       0       6       0                               0D   1326
     126    2740       0       0       0                        01010500D   1327
     126       0       0       7       0                               0D   1328
     126    2747       0       0       0                        01010000D   1329
     126       0       0      14       0                               0D   1330
     126    2761       0       0       0                        01010500D   1331
     126       0       0      12       0                               0D   1332
     126    2773       0       0       0                        01010000D   1333
     126       0       0       6       0                               0D   1334
     126    2779       0       0       0                        01010500D   1335
     126       0       0       7       0                               0D   1336
     126    2786       0       0       0                        01010000D   1337
     126       0       0      15       0                               0D   1338
     126    2801       0       0       0                        01010500D   1339
     126       0       0       7       0                               0D   1340
     126    2808       0       0       0                        01010000D   1341
     126       0       0       3       0                               0D   1342
     102    2811       0       0       0                        01010500D   1343
     102       0       0       1       0                               0D   1344
     102    2812       0       0       0                        01010000D   1345
     102       0       0       1       0                               0D   1346
     142    2813       0       0       0                        00010500D   1347
     142       0       0       1       0                               0D   1348
     144    2814       0       0       0                        00000000D   1349
     144       0      -1       1       0                               0D   1350
     128    2815       0       0       0                        01010000D   1351
     128       0       0      13       0                               0D   1352
     126    2828       0       0       0                        01010500D   1353
     126       0       0       6       0                               0D   1354
     126    2834       0       0       0                        01010000D   1355
     126       0       0      15       0                               0D   1356
     126    2849       0       0       0                        01010500D   1357
     126       0       0       2       0                               0D   1358
     126    2851       0       0       0                        01010000D   1359
     126       0       0       4       0                               0D   1360
     126    2855       0       0       0                        01010500D   1361
     126       0       0       6       0                               0D   1362
     126    2861       0       0       0                        01010000D   1363
     126       0       0      14       0                               0D   1364
     126    2875       0       0       0                        01010500D   1365
     126       0       0       2       0                               0D   1366
     126    2877       0       0       0                        01010000D   1367
     126       0       0       4       0                               0D   1368
     102    2881       0       0       0                        01010500D   1369
     102       0       0       1       0                               0D   1370
     102    2882       0       0       0                        01010000D   1371
     102       0       0       1       0                               0D   1372
     142    2883       0       0       0                        00010500D   1373
     142       0       0       1       0                               0D   1374
     144    2884       0       0       0                        00000000D   1375
     144       0      -1       1       0                               0D   1376
     128    2885       0       0       0                        01010000D   1377
     128       0       0      13       0                               0D   1378
     126    2898       0       0       0                        01010500D   1379
     126       0       0       6       0                               0D   1380
     126    2904       0       0       0                        01010000D   1381
     126       0       0      13       0                               0D   1382
     126    2917       0       0       0                        01010500D   1383
     126       0       0       2       0                               0D   1384
     126    2919       0       0       0                        01010000D   1385
     126       0       0       4       0                               0D   1386
     126    2923       0       0       0                        01010500D   1387
     126       0       0       6       0                               0D   1388
     126    2929       0       0       0                        01010000D   1389
     126       0       0      15       0                               0D   1390
     126    2944       0       0       0                        01010500D   1391
     126       0       0       2       0                               0D   1392
     126    2946       0       0       0                        01010000D   1393
     126       0       0       4       0                               0D   1394
     102    2950       0       0       0                        01010500D   1395
     102       0       0       1       0                               0D   1396
     102    2951       0       0       0                        01010000D   1397
     102       0       0       1       0                               0D   1398
     142    2952       0       0       0                        00010500D   1399
     142       0       0       1       0                               0D   1400
     144    2953       0       0       0                        00000000D   1401
     144       0      -1       1       0                               0D   1402
     128    2954       0       0       0                        01010000D   1403
     128       0       0      13       0                               0D   1404
     126    2967       0       0       0                        01010500D   1405
     126       0       0       6       0                               0D   1406
     126    2973       0       0       0                        01010000D   1407
     126       0       0      12       0                               0D   1408
     126    2985       0       0       0                        01010500D   1409
     126       0       0       2       0                               0D   1410
     126    2987       0       0       0                        01010000D   1411
     126       0       0       4       0                               0D   1412
     126    2991       0       0       0                        01010500D   1413
     126       0       0       6       0                               0D   1414
     126    2997       0       0       0                        01010000D   1415
     126       0       0      14       0                               0D   1416
     126    3011       0       0       0                        01010500D   1417
     126       0       0       2       0                               0D   1418
     126    3013       0       0       0                        01010000D   1419
     126       0       0       4       0                               0D   1420
     102    3017       0       0       0                        01010500D   1421
     102       0       0       1       0                               0D   1422
     102    3018       0       0       0                        01010000D   1423
     102       0       0       1       0                               0D   1424
     142    3019       0       0       0                        00010500D   1425
     142       0       0       1       0                               0D   1426
     144    3020       0       0       0                        00000000D   1427
     144       0      -1       1       0                               0D   1428
     128    3021       0       0       0                        01010000D   1429
     128       0       0      13       0                               0D   1430
     126    3034       0       0       0                        01010500D   1431
     126       0       0       6       0                               0D   1432
     126    3040       0       0       0                        01010000D   1433
     126       0       0      14       0                               0D   1434
     126    3054       0       0       0                        01010500D   1435
     126       0       0       2       0                               0D   1436
     126    3056       0       0       0                        01010000D   1437
     126       0       0       4       0                               0D   1438
     126    3060       0       0       0                        01010500D   1439
     126       0       0       6       0                               0D   1440
     126    3066       0       0       0                        01010000D   1441
     126       0       0      15       0                               0D   1442
     126    3081       0       0       0                        01010500D   1443
     126       0       0       2       0                               0D   1444
     126    3083       0       0       0                        01010000D   1445
     126       0       0       4       0                               0D   1446
     102    3087       0       0       0                        01010500D   1447
     102       0       0       1       0                               0D   1448
     102    3088       0       0       0                        01010000D   1449
     102       0       0       1       0                               0D   1450
     142    3089       0       0       0                        00010500D   1451
     142       0       0       1       0                               0D   1452
     144    3090       0       0       0                        00000000D   1453
     144       0      -1       1       0                               0D   1454
     128    3091       0       0       0                        01010000D   1455
     128       0       0      13       0                               0D   1456
     126    3104       0       0       0                        01010500D   1457
     126       0       0       6       0                               0D   1458
     126    3110       0       0       0                        01010000D   1459
     126       0       0      11       0                               0D   1460
     126    3121       0       0       0                        01010500D   1461
     126       0       0       2       0                               0D   1462
     126    3123       0       0       0                        01010000D   1463
     126       0       0       4       0                               0D   1464
     126    3127       0       0       0                        01010500D   1465
     126       0       0       6       0                               0D   1466
     126    3133       0       0       0                        01010000D   1467
     126       0       0      12       0                               0D   1468
     126    3145       0       0       0                        01010500D   1469
     126       0       0       2       0                               0D   1470
     126    3147       0       0       0                        01010000D   1471
     126       0       0       4       0                               0D   1472
     102    3151       0       0       0                        01010500D   1473
     102       0       0       1       0                               0D   1474
     102    3152       0       0       0                        01010000D   1475
     102       0       0       1       0                               0D   1476
     142    3153       0       0       0                        00010500D   1477
     142       0       0       1       0                               0D   1478
     144    3154       0       0       0                        00000000D   1479
     144       0      -1       1       0                               0D   1480
     128    3155       0       0       0                        01010000D   1481
     128       0       0      13       0                               0D   1482
     126    3168       0       0       0                        01010500D   1483
     126       0       0       6       0                               0D   1484
     126    3174       0       0       0                        01010000D   1485
     126       0       0      13       0                               0D   1486
     126    3187       0       0       0                        01010500D   1487
     126       0       0       2       0                               0D   1488
     126    3189       0       0       0                        01010000D   1489
     126       0       0       4       0                               0D   1490
     126    3193       0       0       0                        01010500D   1491
     126       0       0       6       0                               0D   1492
     126    3199       0       0       0                        01010000D   1493
     126       0       0      14       0                               0D   1494
     126    3213       0       0       0                        01010500D   1495
     126       0       0       2       0                               0D   1496
     126    3215       0       0       0                        01010000D   1497
     126       0       0       4       0                               0D   1498
     102    3219       0       0       0                        01010500D   1499
     102       0       0       1       0                               0D   1500
     102    3220       0       0       0                        01010000D   1501
     102       0       0       1       0                               0D   1502
     142    3221       0       0       0                        00010500D   1503
     142       0       0       1       0                               0D   1504
     144    3222       0       0       0                        00000000D   1505
     144       0      -1       1       0                               0D   1506
     110    3223       0       0       0                        01010000D   1507
     110       0       0       1       0                               0D   1508
     110    3224       0       0       0                        01010000D   1509
     110       0       0       1       0                               0D   1510
     120    3225       0       0       0                        01010000D   1511
     120       0       0       1       0                               0D   1512
     126    3226       0       0       0                        01010500D   1513
     126       0       0       8       0                               0D   1514
     126    3234       0       0       0                        01010000D   1515
     126       0       0       9       0                               0D   1516
     126    3243       0       0       0                        01010500D   1517
     126       0       0       2       0                               0D   1518
     100    3245       0       0       0                        01010000D   1519
     100       0       0       2       0                               0D   1520
     126    3247       0       0       0                        01010500D   1521
     126       0       0       2       0                               0D   1522
     126    3249       0       0       0                        01010000D   1523
     126       0       0       6       0                               0D   1524
     126    3255       0       0       0                        01010500D   1525
     126       0       0       2       0                               0D   1526
     110    3257       0       0       0                        01010000D   1527
     110       0       0       1       0                               0D   1528
     102    3258       0       0       0                        01010500D   1529
     102       0       0       1       0                               0D   1530
     102    3259       0       0       0                        01010000D   1531
     102       0       0       1       0                               0D   1532
     142    3260       0       0       0                        00010500D   1533
     142       0       0       1       0                               0D   1534
     144    3261       0       0       0                        00000000D   1535
     144       0      -1       1       0                               0D   1536
     128    3262       0       0       0                        01010000D   1537
     128       0       0     312       0                               0D   1538
     126    3574       0       0       0                        01010500D   1539
     126       0       0       9       0                               0D   1540
     126    3583       0       0       0                        01010000D   1541
     126       0       0       5       0                               0D   1542
     126    3588       0       0       0                        01010500D   1543
     126       0       0       2       0                               0D   1544
     126    3590       0       0       0                        01010000D   1545
     126       0       0     175       0                               0D   1546
     126    3765       0       0       0                        01010500D   1547
     126       0       0      22       0                               0D   1548
     126    3787       0       0       0                        01010000D   1549
     126       0       0      10       0                               0D   1550
     126    3797       0       0       0                        01010500D   1551
     126       0       0      16       0                               0D   1552
     126    3813       0       0       0                        01010000D   1553
     126       0       0      14       0                               0D   1554
     126    3827       0       0       0                        01010500D   1555
     126       0       0       8       0                               0D   1556
     126    3835       0       0       0                        01010000D   1557
     126       0       0       6       0                               0D   1558
     126    3841       0       0       0                        01010500D   1559
     126       0       0       2       0                               0D   1560
     126    3843       0       0       0                        01010000D   1561
     126       0       0       8       0                               0D   1562
     126    3851       0       0       0                        01010500D   1563
     126       0       0       2       0                               0D   1564
     126    3853       0       0       0                        01010000D   1565
     126       0       0      11       0                               0D   1566
     126    3864       0       0       0                        01010500D   1567
     126       0       0       2       0                               0D   1568
     126    3866       0       0       0                        01010000D   1569
     126       0       0      11       0                               0D   1570
     126    3877       0       0       0                        01010500D   1571
     126       0       0       2       0                               0D   1572
     126    3879       0       0       0                        01010000D   1573
     126       0       0      11       0                               0D   1574
     126    3890       0       0       0                        01010500D   1575
     126       0       0       2       0                               0D   1576
     126    3892       0       0       0                        01010000D   1577
     126       0       0      11       0                               0D   1578
     126    3903       0       0       0                        01010500D   1579
     126       0       0       2       0                               0D   1580
     126    3905       0       0       0                        01010000D   1581
     126       0       0      11       0                               0D   1582
     126    3916       0       0       0                        01010500D   1583
     126       0       0       2       0                               0D   1584
     126    3918       0       0       0                        01010000D   1585
     126       0       0      10       0                               0D   1586
     126    3928       0       0       0                        01010500D   1587
     126       0       0       2       0                               0D   1588
     126    3930       0       0       0                        01010000D   1589
     126       0       0      10       0                               0D   1590
     126    3940       0       0       0                        01010500D   1591
     126       0       0       2       0                               0D   1592
     126    3942       0       0       0                        01010000D   1593
     126       0       0      11       0                               0D   1594
     126    3953       0       0       0                        01010500D   1595
     126       0       0       2       0                               0D   1596
     126    3955       0       0       0                        01010000D   1597
     126       0       0      11       0                               0D   1598
     126    3966       0       0       0                        01010500D   1599
     126       0       0       2       0                               0D   1600
     126    3968       0       0       0                        01010000D   1601
     126       0       0      10       0                               0D   1602
     126    3978       0       0       0                        01010500D   1603
     126       0       0       2       0                               0D   1604
     126    3980       0       0       0                        01010000D   1605
     126       0       0      11       0                               0D   1606
     126    3991       0       0       0                        01010500D   1607
     126       0       0       2       0                               0D   1608
     126    3993       0       0       0                        01010000D   1609
     126       0       0      11       0                               0D   1610
     126    4004       0       0       0                        01010500D   1611
     126       0       0       2       0                               0D   1612
     126    4006       0       0       0                        01010000D   1613
     126       0       0      10       0                               0D   1614
     126    4016       0       0       0                        01010500D   1615
     126       0       0       2       0                               0D   1616
     126    4018       0       0       0                        01010000D   1617
     126       0       0      11       0                               0D   1618
     126    4029       0       0       0                        01010500D   1619
     126       0       0       2       0                               0D   1620
     126    4031       0       0       0                        01010000D   1621
     126       0       0      11       0                               0D   1622
     126    4042       0       0       0                        01010500D   1623
     126       0       0       2       0                               0D   1624
     126    4044       0       0       0                        01010000D   1625
     126       0       0      11       0                               0D   1626
     126    4055       0       0       0                        01010500D   1627
     126       0       0       2       0                               0D   1628
     126    4057       0       0       0                        01010000D   1629
     126       0       0      11       0                               0D   1630
     126    4068       0       0       0                        01010500D   1631
     126       0       0       2       0                               0D   1632
     126    4070       0       0       0                        01010000D   1633
     126       0       0      11       0                               0D   1634
     126    4081       0       0       0                        01010500D   1635
     126       0       0       2       0                               0D   1636
     126    4083       0       0       0                        01010000D   1637
     126       0       0      10       0                               0D   1638
     126    4093       0       0       0                        01010500D   1639
     126       0       0       2       0                               0D   1640
     126    4095       0       0       0                        01010000D   1641
     126       0       0      10       0                               0D   1642
     126    4105       0       0       0                        01010500D   1643
     126       0       0       2       0                               0D   1644
     126    4107       0       0       0                        01010000D   1645
     126       0       0      11       0                               0D   1646
     126    4118       0       0       0                        01010500D   1647
     126       0       0       2       0                               0D   1648
     126    4120       0       0       0                        01010000D   1649
     126       0       0      11       0                               0D   1650
     126    4131       0       0       0                        01010500D   1651
     126       0       0       2       0                               0D   1652
     126    4133       0       0       0                        01010000D   1653
     126       0       0      11       0                               0D   1654
     126    4144       0       0       0                        01010500D   1655
     126       0       0       2       0                               0D   1656
     126    4146       0       0       0                        01010000D   1657
     126       0       0       9       0                               0D   1658
     126    4155       0       0       0                        01010500D   1659
     126       0       0       9       0                               0D   1660
     126    4164       0       0       0                        01010000D   1661
     126       0       0       6       0                               0D   1662
     102    4170       0       0       0                        01010500D   1663
     102       0       0       3       0                               0D   1664
     102    4173       0       0       0                        01010000D   1665
     102       0       0       3       0                               0D   1666
     142    4176       0       0       0                        00010500D   1667
     142       0       0       1       0                               0D   1668
     144    4177       0       0       0                        00000000D   1669
     144       0      -1       1       0                               0D   1670
     128    4178       0       0       0                        01010000D   1671
     128       0       0     313       0                               0D   1672
     126    4491       0       0       0                        01010500D   1673
     126       0       0       2       0                               0D   1674
     126    4493       0       0       0                        01010000D   1675
     126       0       0       5       0                               0D   1676
     126    4498       0       0       0                        01010500D   1677
     126       0       0       2       0                               0D   1678
     126    4500       0       0       0                        01010000D   1679
     126       0       0       6       0                               0D   1680
     126    4506       0       0       0                        01010500D   1681
     126       0       0       2       0                               0D   1682
     126    4508       0       0       0                        01010000D   1683
     126       0       0      11       0                               0D   1684
     126    4519       0       0       0                        01010500D   1685
     126       0       0       2       0                               0D   1686
     126    4521       0       0       0                        01010000D   1687
     126       0       0      11       0                               0D   1688
     126    4532       0       0       0                        01010500D   1689
     126       0       0       2       0                               0D   1690
     126    4534       0       0       0                        01010000D   1691
     126       0       0      11       0                               0D   1692
     126    4545       0       0       0                        01010500D   1693
     126       0       0       2       0                               0D   1694
     126    4547       0       0       0                        01010000D   1695
     126       0       0      11       0                               0D   1696
     126    4558       0       0       0                        01010500D   1697
     126       0       0       2       0                               0D   1698
     126    4560       0       0       0                        01010000D   1699
     126       0       0      11       0                               0D   1700
     126    4571       0       0       0                        01010500D   1701
     126       0       0       2       0                               0D   1702
     126    4573       0       0       0                        01010000D   1703
     126       0       0      10       0                               0D   1704
     126    4583       0       0       0                        01010500D   1705
     126       0       0       2       0                               0D   1706
     126    4585       0       0       0                        01010000D   1707
     126       0       0      10       0                               0D   1708
     126    4595       0       0       0                        01010500D   1709
     126       0       0       2       0                               0D   1710
     126    4597       0       0       0                        01010000D   1711
     126       0       0      11       0                               0D   1712
     126    4608       0       0       0                        01010500D   1713
     126       0       0       2       0                               0D   1714
     126    4610       0       0       0                        01010000D   1715
     126       0       0      11       0                               0D   1716
     126    4621       0       0       0                        01010500D   1717
     126       0       0       2       0                               0D   1718
     126    4623       0       0       0                        01010000D   1719
     126       0       0      11       0                               0D   1720
     126    4634       0       0       0                        01010500D   1721
     126       0       0       2       0                               0D   1722
     126    4636       0       0       0                        01010000D   1723
     126       0       0      11       0                               0D   1724
     126    4647       0       0       0                        01010500D   1725
     126       0       0       2       0                               0D   1726
     126    4649       0       0       0                        01010000D   1727
     126       0       0      11       0                               0D   1728
     126    4660       0       0       0                        01010500D   1729
     126       0       0       2       0                               0D   1730
     126    4662       0       0       0                        01010000D   1731
     126       0       0      10       0                               0D   1732
     126    4672       0       0       0                        01010500D   1733
     126       0       0       2       0                               0D   1734
     126    4674       0       0       0                        01010000D   1735
     126       0       0      11       0                               0D   1736
     126    4685       0       0       0                        01010500D   1737
     126       0       0       2       0                               0D   1738
     126    4687       0       0       0                        01010000D   1739
     126       0       0      11       0                               0D   1740
     126    4698       0       0       0                        01010500D   1741
     126       0       0       2       0                               0D   1742
     126    4700       0       0       0                        01010000D   1743
     126       0       0      11       0                               0D   1744
     126    4711       0       0       0                        01010500D   1745
     126       0       0       2       0                               0D   1746
     126    4713       0       0       0                        01010000D   1747
     126       0       0      11       0                               0D   1748
     126    4724       0       0       0                        01010500D   1749
     126       0       0       2       0                               0D   1750
     126    4726       0       0       0                        01010000D   1751
     126       0       0      11       0                               0D   1752
     126    4737       0       0       0                        01010500D   1753
     126       0       0       2       0                               0D   1754
     126    4739       0       0       0                        01010000D   1755
     126       0       0      10       0                               0D   1756
     126    4749       0       0       0                        01010500D   1757
     126       0       0       2       0                               0D   1758
     126    4751       0       0       0                        01010000D   1759
     126       0       0      10       0                               0D   1760
     126    4761       0       0       0                        01010500D   1761
     126       0       0       2       0                               0D   1762
     126    4763       0       0       0                        01010000D   1763
     126       0       0      11       0                               0D   1764
     126    4774       0       0       0                        01010500D   1765
     126       0       0       2       0                               0D   1766
     126    4776       0       0       0                        01010000D   1767
     126       0       0      11       0                               0D   1768
     126    4787       0       0       0                        01010500D   1769
     126       0       0       2       0                               0D   1770
     126    4789       0       0       0                        01010000D   1771
     126       0       0      10       0                               0D   1772
     126    4799       0       0       0                        01010500D   1773
     126       0       0       2       0                               0D   1774
     126    4801       0       0       0                        01010000D   1775
     126       0       0      10       0                               0D   1776
     126    4811       0       0       0                        01010500D   1777
     126       0       0      16       0                               0D   1778
     126    4827       0       0       0                        01010000D   1779
     126       0       0      10       0                               0D   1780
     126    4837       0       0       0                        01010500D   1781
     126       0       0       2       0                               0D   1782
     126    4839       0       0       0                        01010000D   1783
     126       0       0       4       0                               0D   1784
     126    4843       0       0       0                        01010500D   1785
     126       0       0       2       0                               0D   1786
     126    4845       0       0       0                        01010000D   1787
     126       0       0     175       0                               0D   1788
     126    5020       0       0       0                        01010500D   1789
     126       0       0       2       0                               0D   1790
     126    5022       0       0       0                        01010000D   1791
     126       0       0       4       0                               0D   1792
     126    5026       0       0       0                        01010500D   1793
     126       0       0      16       0                               0D   1794
     126    5042       0       0       0                        01010000D   1795
     126       0       0      15       0                               0D   1796
     126    5057       0       0       0                        01010500D   1797
     126       0       0      16       0                               0D   1798
     126    5073       0       0       0                        01010000D   1799
     126       0       0      16       0                               0D   1800
     102    5089       0       0       0                        01010500D   1801
     102       0       0       3       0                               0D   1802
     102    5092       0       0       0                        01010000D   1803
     102       0       0       3       0                               0D   1804
     142    5095       0       0       0                        00010500D   1805
     142       0       0       1       0                               0D   1806
     144    5096       0       0       0                        00000000D   1807
     144       0      -1       1       0                               0D   1808
     128    5097       0       0       0                        01010000D   1809
     128       0       0     305       0                               0D   1810
     126    5402       0       0       0                        01010500D   1811
     126       0       0       7       0                               0D   1812
     126    5409       0       0       0                        01010000D   1813
     126       0       0       5       0                               0D   1814
     126    5414       0       0       0                        01010500D   1815
     126       0       0       2       0                               0D   1816
     126    5416       0       0       0                        01010000D   1817
     126       0       0     176       0                               0D   1818
     126    5592       0       0       0                        01010500D   1819
     126       0       0       2       0                               0D   1820
     126    5594       0       0       0                        01010000D   1821
     126       0       0       4       0                               0D   1822
     126    5598       0       0       0                        01010500D   1823
     126       0       0       5       0                               0D   1824
     126    5603       0       0       0                        01010000D   1825
     126       0       0       4       0                               0D   1826
     126    5607       0       0       0                        01010500D   1827
     126       0       0       2       0                               0D   1828
     126    5609       0       0       0                        01010000D   1829
     126       0       0     175       0                               0D   1830
     102    5784       0       0       0                        01010500D   1831
     102       0       0       1       0                               0D   1832
     102    5785       0       0       0                        01010000D   1833
     102       0       0       1       0                               0D   1834
     142    5786       0       0       0                        00010500D   1835
     142       0       0       1       0                               0D   1836
     144    5787       0       0       0                        00000000D   1837
     144       0      -1       1       0                               0D   1838
     110    5788       0       0       0                        01010000D   1839
     110       0       0       1       0                               0D   1840
     110    5789       0       0       0                        01010000D   1841
     110       0       0       1       0                               0D   1842
     120    5790       0       0       0                        01010000D   1843
     120       0       0       1       0                               0D   1844
     126    5791       0       0       0                        01010500D   1845
     126       0       0       2       0                               0D   1846
     126    5793       0       0       0                        01010000D   1847
     126       0       0       4       0                               0D   1848
     126    5797       0       0       0                        01010500D   1849
     126       0       0       2       0                               0D   1850
     126    5799       0       0       0                        01010000D   1851
     126       0       0       4       0                               0D   1852
     126    5803       0       0       0                        01010500D   1853
     126       0       0       2       0                               0D   1854
     110    5805       0       0       0                        01010000D   1855
     110       0       0       1       0                               0D   1856
     102    5806       0       0       0                        01010500D   1857
     102       0       0       1       0                               0D   1858
     102    5807       0       0       0                        01010000D   1859
     102       0       0       1       0                               0D   1860
     142    5808       0       0       0                        00010500D   1861
     142       0       0       1       0                               0D   1862
     144    5809       0       0       0                        00000000D   1863
     144       0      -1       1       0                               0D   1864
     110    5810       0       0       0                        01010000D   1865
     110       0       0       1       0                               0D   1866
     110    5811       0       0       0                        01010000D   1867
     110       0       0       2       0                               0D   1868
     120    5813       0       0       0                        01010000D   1869
     120       0       0       1       0                               0D   1870
     126    5814       0       0       0                        01010500D   1871
     126       0       0       9       0                               0D   1872
     126    5823       0       0       0                        01010000D   1873
     126       0       0       5       0                               0D   1874
     126    5828       0       0       0                        01010500D   1875
     126       0       0       2       0                               0D   1876
     126    5830       0       0       0                        01010000D   1877
     126       0       0       5       0                               0D   1878
     126    5835       0       0       0                        01010500D   1879
     126       0       0       2       0                               0D   1880
     126    5837       0       0       0                        01010000D   1881
     126       0       0       4       0                               0D   1882
     126    5841       0       0       0                        01010500D   1883
     126       0       0       2       0                               0D   1884
     110    5843       0       0       0                        01010000D   1885
     110       0       0       1       0                               0D   1886
     102    5844       0       0       0                        01010500D   1887
     102       0       0       1       0                               0D   1888
     102    5845       0       0       0                        01010000D   1889
     102       0       0       1       0                               0D   1890
     142    5846       0       0       0                        00010500D   1891
     142       0       0       1       0                               0D   1892
     144    5847       0       0       0                        00000000D   1893
     144       0      -1       1       0                               0D   1894
314,75.2941176470588,75.2941176470588,75.2941176470588,;               1P      1
110,0.,0.,991.,0.,0.,-9.;                                              3P      2
110,-10.504670743,0.,-8.34229098,-11.162379763,0.,-9.;                 5P      3
120,3,5,0.,6.28318530717959;                                           7P      4
126,1,1,1,0,1,0,0.,0.,1.,1.,1.,1.,0.728899331,6.283185307,0.,          9P      5
1.,6.283185307,0.,0.,1.,0.,0.,1.;                                      9P      6
110,-10.984074408,0.,-8.821694645,-11.162379763,0.,-9.;               11P      7
126,1,1,1,0,1,0,0.,0.,1.,1.,1.,1.,1.,6.283185307,0.,1.,               13P      8
3.141592654,0.,0.,1.,0.,0.,1.;                                        13P      9
100,-9.,0.,0.,-11.162379763,0.,11.162379763,0.;                       15P     10
126,1,1,1,0,1,0,0.,0.,1.,1.,1.,1.,1.,3.141592654,0.,                  17P     11
0.005964215,3.141592654,0.,0.,1.,0.,0.,1.;                            17P     12
110,11.162379763,0.,-9.,10.508593461,0.,-8.346213698;                 19P     13
126,20,2,1,0,1,0,0.,0.,0.,0.125,0.125,0.175,0.175,0.25,0.25,          21P     14
0.375,0.375,0.4375,0.4375,0.5,0.5,0.625,0.625,0.75,0.75,0.875,        21P     15
0.875,1.,1.,1.,1.,1.,1.,1.,1.,1.,1.,1.,1.,1.,1.,1.,1.,1.,1.,1.,       21P     16
1.,1.,1.,1.,1.,0.005964215,3.141592654,0.,0.034647297,                21P     17
3.273066932,0.,0.098134437,3.541928518,0.,0.122786935,                21P     18
3.646329339,0.,0.135770229,3.702093925,0.,0.163251789,                21P     19
3.820130056,0.,0.189581199,3.940170934,0.,0.217346263,                21P     20
4.066757233,0.,0.281056674,4.336595037,0.,0.310858737,                21P     21
4.462818101,0.,0.327124395,4.53330147,0.,0.346757106,                 21P     22
4.618375163,0.,0.371380865,4.730424,0.,0.398838855,4.855369818,       21P     23
0.,0.461760981,5.121868374,0.,0.517280345,5.357013487,0.,             21P     24
0.551059326,5.511015443,0.,0.578914675,5.638010934,0.,                21P     25
0.640331334,5.898104201,0.,0.700215294,6.151706649,0.,                21P     26
0.728899331,6.283185307,0.,0.,1.,0.,0.,-1.;                           21P     27
126,17,3,1,0,1,0,0.,0.,0.,0.,0.125,0.125,0.25,0.25,0.375,0.375,       23P     28
0.5,0.5,0.625,0.625,0.75,0.75,0.875,0.875,1.,1.,1.,1.,1.,1.,1.,       23P     29
1.,1.,1.,1.,1.,1.,1.,1.,1.,1.,1.,1.,1.,1.,1.,10.508593461,0.,         23P     30
-8.346213698,10.527717049,-1.40053882,-8.365337286,10.26189988,       23P     31
-2.817563746,-8.386195795,9.205116989,-5.42066709,-8.427473974,       23P     32
8.415406319,-6.614691802,-8.447799716,6.417352901,-8.614307858,       23P     33
-8.486160773,5.231816916,-9.405158604,-8.50658955,2.614532995,        23P     34
-10.481985686,-8.547699429,1.212237953,-10.753635986,                 23P     35
-8.567645845,-1.599931316,-10.740730467,-8.605457205,                 23P     36
-3.009952228,-10.454151578,-8.625866208,-5.596363775,                 23P     37
-9.375503349,-8.666124476,-6.795066766,-8.571908056,                  23P     38
-8.686141867,-8.775291338,-6.591866022,-8.723313472,                  23P     39
-9.580411906,-5.396386648,-8.743507071,-10.670992643,                 23P     40
-2.811840777,-8.783378276,-10.965685816,-1.407644932,                 23P     41
-8.803306053,-10.984074408,0.,-8.821694645,0.,1.,-0.005293934,        23P     42
-0.013725259,0.99989179;                                              23P     43
102,4,9,13,17,21;                                                     25P     44
102,4,11,15,19,23;                                                    27P     45
142,1,7,25,27,1;                                                      29P     46
144,7,1,0,29;                                                         31P     47
110,0.,0.,991.,0.,0.,-9.;                                             33P     48
110,-10.02633691,0.,-7.863957147,-11.162379763,0.,-9.;                35P     49
120,33,35,0.,6.28318530717959;                                        37P     50
126,1,1,1,0,1,0,0.,0.,1.,1.,1.,1.,1.,3.141592654,0.,1.,0.,0.,         39P     51
0.,1.,0.,0.,1.;                                                       39P     52
100,-9.,0.,0.,11.162379763,0.,-11.162379763,0.;                       41P     53
126,1,1,1,0,1,0,0.,0.,1.,1.,1.,1.,1.,0.,0.,0.843046981,0.,0.,         43P     54
0.,1.,0.,0.,1.;                                                       43P     55
110,-11.162379763,0.,-9.,-10.984074408,0.,-8.821694645;               45P     56
126,1,1,1,0,1,0,0.,0.,1.,1.,1.,1.,0.843046981,0.,0.,                  47P     57
0.857065459,0.108755265,0.,0.,1.,0.,0.,1.;                            47P     58
126,3,3,1,0,1,0,0.,0.,0.,0.,1.,1.,1.,1.,1.,1.,1.,1.,                  49P     59
-10.984074408,0.,-8.821694645,-10.98925617,0.396663352,               49P     60
-8.826876406,-10.972802114,0.798202211,-8.832232407,                  49P     61
-10.935011701,1.19395105,-8.837620237,0.,1.,0.005080916,              49P     62
0.013128453,0.999900909;                                              49P     63
126,1,1,1,0,1,0,0.,0.,1.,1.,1.,1.,0.857065459,0.108755265,0.,         51P     64
0.857065459,0.894153429,0.,0.,1.,0.,0.,1.;                            51P     65
124,-0.994091972775138,0.108541004528402,6.82696805575799E-015,       53P     66
6.03341510454885E-014,0.108541004528402,0.994091972775138,            53P     67
2.65118609231546E-015,2.34301758609444E-014,                          53P     68
-6.49887174096966E-015,3.37652878335917E-015,-1.,                     53P     69
-17.6752404735808;                                                    53P     70
100,-8.837620237,0.,0.,11.,0.,7.778174593,7.778174593;                55P     71
126,12,2,1,0,1,0,0.,0.,0.,0.125,0.125,0.25,0.25,0.5,0.5,0.6,          57P     72
0.6,0.75,0.75,1.,1.,1.,1.,1.,1.,1.,1.,1.,1.,1.,1.,1.,1.,1.,1.,        57P     73
0.857065459,0.894153429,0.,0.829289875,0.837444084,0.,                57P     74
0.804349087,0.7845525,0.,0.77965277,0.732179361,0.,0.751125899,       57P     75
0.673981116,0.,0.708499891,0.587018939,0.,0.640041449,                57P     76
0.452603114,0.,0.617115786,0.407589352,0.,0.594128331,                57P     77
0.36257559,0.,0.555773222,0.287469068,0.,0.52575831,0.22783287,       57P     78
0.,0.460811609,0.098791201,0.,0.41424336,0.,0.,0.,1.,0.,0.,1.;        57P     79
126,5,3,1,0,1,0,0.,0.,0.,0.,0.5,0.5,1.,1.,1.,1.,1.,1.,1.,1.,1.,       59P     80
1.,-6.887970042,8.57647181,-8.837620237,-8.084575714,                 59P     81
7.511662517,-8.756699977,-9.045663053,6.185688836,-8.677543013,       59P     82
-10.295748201,3.219452357,-8.504600309,-10.578484895,                 59P     83
1.59852312,-8.416105132,-10.496935118,0.,-8.334555355,0.,1.,          59P     84
-0.040798501,-0.030049132,-0.998715441;                               59P     85
126,1,1,1,0,1,0,0.,0.,1.,1.,1.,1.,0.41424336,0.,0.,0.005964215,       61P     86
0.,0.,0.,1.,0.,0.,1.;                                                 61P     87
110,-10.496935118,0.,-8.334555355,-10.033112514,0.,-7.87073275;       63P     88
126,20,2,1,0,1,0,0.,0.,0.,0.125,0.125,0.175,0.175,0.25,0.25,          65P     89
0.375,0.375,0.4375,0.4375,0.5,0.5,0.625,0.625,0.75,0.75,0.875,        65P     90
0.875,1.,1.,1.,1.,1.,1.,1.,1.,1.,1.,1.,1.,1.,1.,1.,1.,1.,1.,1.,       65P     91
1.,1.,1.,1.,1.,0.005964215,0.,0.,0.022569216,0.131466409,0.,          65P     92
0.059365035,0.400621969,0.,0.073562635,0.504475147,0.,                65P     93
0.081058641,0.560082686,0.,0.096927735,0.67780421,0.,                 65P     94
0.112364145,0.799329129,0.,0.128407829,0.92563488,0.,                 65P     95
0.165281877,1.195394555,0.,0.182602869,1.322109836,0.,                65P     96
0.192070114,1.392989318,0.,0.203278823,1.476906813,0.,                65P     97
0.217574655,1.58925128,0.,0.233449169,1.714001887,0.,                 65P     98
0.269955068,1.981069587,0.,0.301905683,2.214812006,0.,                65P     99
0.321648369,2.370231983,0.,0.337743567,2.496937918,0.,                65P    100
0.373303487,2.757053564,0.,0.407900848,3.010128231,0.,                65P    101
0.424505598,3.141592654,0.,0.,1.,0.,0.,-1.;                           65P    102
126,17,3,1,0,1,0,0.,0.,0.,0.,0.125,0.125,0.25,0.25,0.375,0.375,       67P    103
0.5,0.5,0.625,0.625,0.75,0.75,0.875,0.875,1.,1.,1.,1.,1.,1.,1.,       67P    104
1.,1.,1.,1.,1.,1.,1.,1.,1.,1.,1.,1.,1.,1.,1.,-10.033112514,0.,        67P    105
-7.87073275,-10.052378688,1.347138851,-7.889998925,                   67P    106
-9.799417474,2.69140012,-7.910728408,-8.789660022,5.181567931,        67P    107
-7.952068334,-8.02799873,6.329983951,-7.972535941,-6.130473649,       67P    108
8.228570232,-8.010679321,-4.989099306,8.990511523,-8.03127109,        67P    109
-2.500828772,10.015084396,-8.072177794,-1.16538894,                   67P    110
10.277702655,-8.092066746,1.544561752,10.265820522,                   67P    111
-8.130195812,2.876620091,9.994833784,-8.150369877,5.366233039,        67P    112
8.956165388,-8.19090547,6.501696182,8.193287601,-8.210728968,         67P    113
8.399290366,6.29511846,-8.247997986,9.166789779,5.153347954,          67P    114
-8.268157839,10.207702347,2.68722865,-8.307933972,10.490327467,       67P    115
1.33773187,-8.327947704,10.508593461,0.,-8.346213698,0.,1.,           67P    116
0.005526669,0.014378894,0.999881345;                                  67P    117
126,1,1,1,0,1,0,0.,0.,1.,1.,1.,1.,0.424505598,3.141592654,0.,         69P    118
1.,3.141592654,0.,0.,1.,0.,0.,1.;                                     69P    119
110,10.508593461,0.,-8.346213698,11.162379763,0.,-9.;                 71P    120
102,8,39,43,47,51,57,61,65,69;                                        73P    121
102,8,41,45,49,55,59,63,67,71;                                        75P    122
142,1,37,73,75,1;                                                     77P    123
144,37,1,0,77;                                                        79P    124
110,0.,0.,-991.,0.,0.,9.;                                             81P    125
110,10.385087285,0.,8.222707522,11.162379763,0.,9.;                   83P    126
120,81,83,0.,6.28318530717959;                                        85P    127
126,1,1,1,0,1,0,0.,0.,1.,1.,1.,1.,0.617678544,6.283185307,0.,         87P    128
1.,6.283185307,0.,0.,1.,0.,0.,1.;                                     87P    129
110,10.865204171,0.,8.702824408,11.162379763,0.,9.;                   89P    130
126,1,1,1,0,1,0,0.,0.,1.,1.,1.,1.,1.,6.283185307,0.,1.,               91P    131
3.141592654,0.,0.,1.,0.,0.,1.;                                        91P    132
124,1.,-7.35035671743047E-015,8.55166289179392E-031,                  93P    133
-7.69649660261459E-030,-7.35035671743047E-015,-1.,                    93P    134
6.98296267768627E-015,-6.28466640991764E-014,                         93P    135
-5.04721003363181E-029,-6.98296267768627E-015,-1.,18.;                93P    136
100,9.,0.,0.,11.162379763,0.,-11.162379763,0.;                        95P    137
126,1,1,1,0,1,0,0.,0.,1.,1.,1.,1.,1.,3.141592654,0.,                  97P    138
0.005964215,3.141592654,0.,0.,1.,0.,0.,1.;                            97P    139
110,-11.162379763,0.,9.,-10.389723224,0.,8.227343461;                 99P    140
126,20,2,1,0,1,0,0.,0.,0.,0.125,0.125,0.175,0.175,0.25,0.25,         101P    141
0.375,0.375,0.4375,0.4375,0.5,0.5,0.625,0.625,0.75,0.75,0.875,       101P    142
0.875,1.,1.,1.,1.,1.,1.,1.,1.,1.,1.,1.,1.,1.,1.,1.,1.,1.,1.,1.,      101P    143
1.,1.,1.,1.,1.,0.005964215,3.141592654,0.,0.030233722,               101P    144
3.273062635,0.,0.083985887,3.542086093,0.,0.104707971,               101P    145
3.645797762,0.,0.115639762,3.701280236,0.,0.139013484,               101P    146
3.819909656,0.,0.161318098,3.940093698,0.,0.184823378,               101P    147
4.066747286,0.,0.238604334,4.335942213,0.,0.263982399,               101P    148
4.462969453,0.,0.277777673,4.533621739,0.,0.294468088,               101P    149
4.619101444,0.,0.315034594,4.729733802,0.,0.338307483,               101P    150
4.854924467,0.,0.391605635,5.121704366,0.,0.438592358,               101P    151
5.356892881,0.,0.467224277,5.511154113,0.,0.490785768,               101P    152
5.638097216,0.,0.542774993,5.898297392,0.,0.593408352,               101P    153
6.151711614,0.,0.617678544,6.283185307,0.,0.,1.,0.,0.,-1.;           101P    154
126,15,3,1,0,1,0,0.,0.,0.,0.,0.125,0.125,0.25,0.25,0.375,0.375,      103P    155
0.5,0.5,0.75,0.75,0.875,0.875,1.,1.,1.,1.,1.,1.,1.,1.,1.,1.,1.,      103P    156
1.,1.,1.,1.,1.,1.,1.,1.,1.,-10.389723224,0.,8.227343461,             103P    157
-10.408931531,-1.390830624,8.246551768,-10.14460794,                 103P    158
-2.790466541,8.267399397,-9.102227852,-5.358162249,8.308578843,      103P    159
-8.313057491,-6.548510901,8.329085645,-6.354971525,                  103P    160
-8.509031025,8.367112087,-5.170961702,-9.300441024,8.387754564,      103P    161
-2.600897036,-10.360295078,8.428591186,-1.214042201,                 103P    162
-10.633609451,8.448573916,2.981181014,-10.617868213,                 103P    163
8.505596795,5.73379682,-9.464960224,8.548538857,8.68471369,          103P    164
-6.514367527,8.604546728,9.477544721,-5.334571646,8.624685681,       103P    165
10.555153319,-2.78050486,8.664519201,10.846922587,-1.384308522,      103P    166
8.684542824,10.865204171,0.,8.702824408,0.,1.,0.005350004,           103P    167
-0.013883031,-0.999889313;                                           103P    168
102,4,87,91,97,101;                                                  105P    169
102,4,89,95,99,103;                                                  107P    170
142,1,85,105,107,1;                                                  109P    171
144,85,1,0,109;                                                      111P    172
110,0.,0.,-991.,0.,0.,9.;                                            113P    173
110,10.025721421,0.,7.863341658,11.162379763,0.,9.;                  115P    174
120,113,115,0.,6.28318530717959;                                     117P    175
126,1,1,1,0,1,0,0.,0.,1.,1.,1.,1.,1.,3.141592654,0.,1.,0.,0.,        119P    176
0.,1.,0.,0.,1.;                                                      119P    177
124,-1.,-6.98296267768627E-015,0.,0.,-6.98296267768627E-015,1.,      121P    178
-6.98296267768627E-015,6.28466640991764E-014,                        121P    179
4.87617677579594E-029,-6.98296267768627E-015,-1.,18.;                121P    180
100,9.,0.,0.,11.162379763,0.,-11.162379763,0.;                       123P    181
126,1,1,1,0,1,0,0.,0.,1.,1.,1.,1.,1.,0.,0.,0.738553283,0.,0.,        125P    182
0.,1.,0.,0.,1.;                                                      125P    183
110,11.162379763,0.,9.,10.865204171,0.,8.702824408;                  127P    184
126,10,2,1,0,1,0,0.,0.,0.,0.25,0.25,0.5,0.5,0.75,0.75,0.875,         129P    185
0.875,1.,1.,1.,1.,1.,1.,1.,1.,1.,1.,1.,1.,1.,1.,0.738553283,0.,      129P    186
0.,0.750895259,0.097767795,0.,0.768012197,0.224825512,0.,            129P    187
0.773106997,0.262643823,0.,0.79840257,0.448055355,0.,                129P    188
0.817012972,0.584465914,0.,0.828445516,0.671496324,0.,               129P    189
0.836120082,0.729919071,0.,0.842757605,0.782434422,0.,               129P    190
0.84986781,0.838689575,0.,0.857142857,0.894153429,0.,0.,1.,0.,       129P    191
0.,-1.;                                                              129P    192
126,5,3,1,0,1,0,0.,0.,0.,0.,0.5,0.5,1.,1.,1.,1.,1.,1.,1.,1.,1.,      131P    193
1.,10.865204171,0.,8.702824408,10.886613451,1.621142285,             131P    194
8.724233688,10.539588707,3.256741779,8.747724382,9.168464681,        131P    195
6.216109492,8.793980817,8.147754354,7.5363113,8.815479265,           131P    196
6.887970042,8.57647181,8.837620237,0.,1.,-0.005127967,               131P    197
0.013272677,-0.999898765;                                            131P    198
126,1,1,1,0,1,0,0.,0.,1.,1.,1.,1.,0.857142857,0.894153429,0.,        133P    199
0.857142857,1.679551592,0.,0.,1.,0.,0.,1.;                           133P    200
100,8.837620237,0.,0.,6.887970042,8.57647181,-1.19395105,            135P    201
10.935011701;                                                        135P    202
126,22,2,1,0,1,0,0.,0.,0.,0.0625,0.0625,0.125,0.125,0.25,0.25,       137P    203
0.3125,0.3125,0.375,0.375,0.5,0.5,0.5625,0.5625,0.625,0.625,         137P    204
0.75,0.75,0.875,0.875,1.,1.,1.,1.,1.,1.,1.,1.,1.,1.,1.,1.,1.,        137P    205
1.,1.,1.,1.,1.,1.,1.,1.,1.,1.,1.,1.,1.,0.857142857,1.679551592,      137P    206
0.,0.831285287,1.626729649,0.,0.808621359,1.578780753,0.,            137P    207
0.781221602,1.520812508,0.,0.759891373,1.477042497,0.,               137P    208
0.718763967,1.392648329,0.,0.65843073,1.2737907,0.,0.64245591,       137P    209
1.24232,0.,0.605833736,1.170501625,0.,0.571856971,1.103871062,       137P    210
0.,0.553283134,1.067222623,0.,0.492028646,0.946360073,0.,            137P    211
0.449582431,0.858688469,0.,0.424120759,0.806098015,0.,               137P    212
0.399439394,0.753507561,0.,0.383660056,0.71988533,0.,                137P    213
0.348316319,0.64824963,0.,0.308144482,0.566828195,0.,                137P    214
0.240765109,0.434580869,0.,0.155990318,0.268191086,0.,               137P    215
0.131385594,0.219205693,0.,0.06941418,0.095827185,0.,                137P    216
0.024267569,0.,0.,0.,1.,0.,0.,1.;                                    137P    217
126,11,3,1,0,1,0,0.,0.,0.,0.,0.25,0.25,0.5,0.5,0.625,0.625,          139P    218
0.75,0.75,1.,1.,1.,1.,1.,1.,1.,1.,1.,1.,1.,1.,1.,1.,1.,1.,           139P    219
-1.19395105,10.935011701,8.837620237,0.277061568,11.020743041,       139P    220
8.763179887,1.768449472,10.808655774,8.690593076,4.537827926,        139P    221
9.796163184,8.532911804,5.813512953,9.003379066,8.451782773,         139P    222
7.420792825,7.462564383,8.335653531,7.895621368,6.901755587,         139P    223
8.29877576,8.719426938,5.683248589,8.219740856,9.070478776,          139P    224
5.019368382,8.17827308,9.885119665,2.970326865,8.054481821,          139P    225
10.132096604,1.479178188,7.969716841,10.053305355,0.,                139P    226
7.890925592,0.,1.,0.049977718,0.009634881,0.998703858;               139P    227
126,1,1,1,0,1,0,0.,0.,1.,1.,1.,1.,0.024267569,0.,0.,0.,0.,0.,        141P    228
0.,1.,0.,0.,1.;                                                      141P    229
110,10.053305355,0.,7.890925592,10.025721421,0.,7.863341658;         143P    230
126,1,1,1,0,1,0,0.,0.,1.,1.,1.,1.,0.,0.,0.,0.,0.734404698,0.,        145P    231
0.,1.,0.,0.,1.;                                                      145P    232
126,3,3,1,0,1,0,0.,0.,0.,0.,1.,1.,1.,1.,1.,1.,1.,1.,                 147P    233
10.025721421,0.,7.863341658,10.025721421,2.455241284,                147P    234
7.863341658,9.087791993,4.895192979,7.863341658,7.441389442,         147P    235
6.718691329,7.863341658,0.,1.,0.,0.,-1.;                             147P    236
126,22,2,1,0,1,0,0.,0.,0.,0.0625,0.0625,0.125,0.125,0.25,0.25,       149P    237
0.3125,0.3125,0.375,0.375,0.5,0.5,0.625,0.625,0.6875,0.6875,         149P    238
0.75,0.75,0.875,0.875,1.,1.,1.,1.,1.,1.,1.,1.,1.,1.,1.,1.,1.,        149P    239
1.,1.,1.,1.,1.,1.,1.,1.,1.,1.,1.,1.,1.,0.,0.734404698,0.,            149P    240
0.009846449,0.81088862,0.,0.019624818,0.887372541,0.,                149P    241
0.024704512,0.927104613,0.,0.039905329,1.03943111,0.,                149P    242
0.060515927,1.191733211,0.,0.081361459,1.344035313,0.,               149P    243
0.08943395,1.403014731,0.,0.101535886,1.496263756,0.,                149P    244
0.111336424,1.571779827,0.,0.1208818,1.647295899,0.,                 149P    245
0.129684086,1.71693318,0.,0.161358291,1.948768331,0.,                149P    246
0.189404428,2.154048322,0.,0.201841541,2.248907738,0.,               149P    247
0.202063411,2.250599968,0.,0.221068821,2.398681015,0.,               149P    248
0.229797927,2.46669403,0.,0.240659261,2.547817966,0.,                149P    249
0.241669331,2.555362231,0.,0.281117058,2.845413364,0.,               149P    250
0.305246546,3.022832593,0.,0.320238536,3.141592654,0.,0.,1.,0.,      149P    251
0.,-1.;                                                              149P    252
126,11,3,1,0,1,0,0.,0.,0.,0.,0.125,0.125,0.25,0.25,0.5,0.5,          151P    253
0.75,0.75,1.,1.,1.,1.,1.,1.,1.,1.,1.,1.,1.,1.,1.,1.,1.,1.,           151P    254
7.441389442,6.718691329,7.863341658,6.759979188,7.495907526,         151P    255
7.878426522,5.979498391,8.149177401,7.893033654,4.226751531,         151P    256
9.215703356,7.924367111,3.271200261,9.613330925,7.940286912,         151P    257
0.282001905,10.350856039,7.986891694,-1.857815354,10.2133726,        151P    258
8.015682878,-5.677265901,8.763664747,8.077818931,-7.371666529,       151P    259
7.433999099,8.10678794,-9.701115653,4.090750704,8.166990089,         151P    260
-10.361475222,2.045374776,8.199095459,-10.389723224,0.,              151P    261
8.227343461,0.,1.,-0.009279542,0.011271101,-0.999893421;             151P    262
126,1,1,1,0,1,0,0.,0.,1.,1.,1.,1.,0.320238536,3.141592654,0.,        153P    263
1.,3.141592654,0.,0.,1.,0.,0.,1.;                                    153P    264
110,-10.389723224,0.,8.227343461,-11.162379763,0.,9.;                155P    265
102,9,119,125,129,133,137,141,145,149,153;                           157P    266
102,9,123,127,131,135,139,143,147,151,155;                           159P    267
142,1,117,157,159,1;                                                 161P    268
144,117,1,0,161;                                                     163P    269
110,0.,0.,-9.,0.,0.,991.;                                            165P    270
110,11.,0.,-8.818125,11.,0.,-7.869375;                               167P    271
120,165,167,0.,6.28318530717959;                                     169P    272
126,1,1,1,0,1,0,0.,0.,1.,1.,1.,1.,0.796442688,6.283185307,0.,        171P    273
0.994071146,6.283185307,0.,0.,1.,0.,0.,1.;                           171P    274
110,11.,0.,-8.0625,11.,0.,-7.875;                                    173P    275
126,16,2,1,0,1,0,0.,0.,0.,0.125,0.125,0.25,0.25,0.375,0.375,         175P    276
0.5,0.5,0.625,0.625,0.75,0.75,0.875,0.875,1.,1.,1.,1.,1.,1.,1.,      175P    277
1.,1.,1.,1.,1.,1.,1.,1.,1.,1.,1.,1.,1.,0.994071146,6.283185307,      175P    278
0.,0.962682482,6.151609009,0.,0.895256917,5.890486225,0.,            175P    279
0.827831352,5.629363442,0.,0.796442688,5.497787144,0.,               175P    280
0.765054023,5.366210846,0.,0.697628458,5.105088062,0.,               175P    281
0.630202894,4.843965279,0.,0.598814229,4.71238898,0.,                175P    282
0.567425565,4.580812682,0.,0.5,4.319689899,0.,0.432574435,           175P    283
4.058567115,0.,0.401185771,3.926990817,0.,0.369797106,               175P    284
3.795414519,0.,0.302371542,3.534291735,0.,0.234945977,               175P    285
3.273168952,0.,0.203557312,3.141592654,0.,0.,1.,0.,0.,-1.;           175P    286
126,8,2,1,0,0,0,0.865384615384615,0.865384615384615,                 177P    287
0.865384615384615,0.875,0.875,0.884615384615385,                     177P    288
0.884615384615385,0.894230769230769,0.894230769230769,               177P    289
0.903846153846154,0.903846153846154,0.903846153846154,1.,            177P    290
0.923879532511287,1.,0.923879532511287,1.,0.923879532511287,1.,      177P    291
0.923879532511285,1.,11.,0.,-7.875,11.,-4.556349186,-7.96875,        177P    292
7.778174593,-7.778174593,-8.0625,4.556349186,-11.,-8.15625,0.,       177P    293
-11.,-8.25,-4.556349186,-11.,-8.34375,-7.778174593,                  177P    294
-7.778174593,-8.4375,-11.,-4.556349186,-8.53125,-11.,0.,-8.625,      177P    295
0.865384615384615,0.903846153846154,-0.008520614,-0.020570583,       177P    296
0.999752094;                                                         177P    297
126,1,1,1,0,1,0,0.,0.,1.,1.,1.,1.,0.203557312,3.141592654,0.,        179P    298
0.005928854,3.141592654,0.,0.,1.,0.,0.,1.;                           179P    299
110,-11.,0.,-8.625,-11.,0.,-8.8125;                                  181P    300
126,16,2,1,0,1,0,0.,0.,0.,0.125,0.125,0.25,0.25,0.375,0.375,         183P    301
0.5,0.5,0.625,0.625,0.75,0.75,0.875,0.875,1.,1.,1.,1.,1.,1.,1.,      183P    302
1.,1.,1.,1.,1.,1.,1.,1.,1.,1.,1.,1.,1.,0.005928854,3.141592654,      183P    303
0.,0.037317518,3.273168952,0.,0.104743083,3.534291735,0.,            183P    304
0.172168648,3.795414519,0.,0.203557312,3.926990817,0.,               183P    305
0.234945977,4.058567115,0.,0.302371542,4.319689899,0.,               183P    306
0.369797106,4.580812682,0.,0.401185771,4.71238898,0.,                183P    307
0.432574435,4.843965279,0.,0.5,5.105088062,0.,0.567425565,           183P    308
5.366210846,0.,0.598814229,5.497787144,0.,0.630202894,               183P    309
5.629363442,0.,0.697628458,5.890486225,0.,0.765054023,               183P    310
6.151609009,0.,0.796442688,6.283185307,0.,0.,1.,0.,0.,-1.;           183P    311
126,8,2,1,0,0,0,0.0192307692307693,0.0192307692307693,               185P    312
0.0192307692307693,0.0288461538461539,0.0288461538461539,            185P    313
0.0384615384615384,0.0384615384615384,0.0480769230769231,            185P    314
0.0480769230769231,0.0576923076923077,0.0576923076923077,            185P    315
0.0576923076923077,1.,0.923879532511286,1.,0.923879532511287,        185P    316
1.,0.923879532511287,1.,0.923879532511287,1.,-11.,0.,-8.8125,        185P    317
-11.,-4.556349186,-8.71875,-7.778174593,-7.778174593,-8.625,         185P    318
-4.556349186,-11.,-8.53125,0.,-11.,-8.4375,4.556349186,-11.,         185P    319
-8.34375,7.778174593,-7.778174593,-8.25,11.,-4.556349186,            185P    320
-8.15625,11.,0.,-8.0625,0.0192307692307693,0.0576923076923077,       185P    321
0.008520614,-0.020570583,-0.999752094;                               185P    322
102,4,171,175,179,183;                                               187P    323
102,4,173,177,181,185;                                               189P    324
142,1,169,187,189,1;                                                 191P    325
144,169,1,0,191;                                                     193P    326
110,0.,0.,-9.,0.,0.,991.;                                            195P    327
110,11.,0.,-7.318125,11.,0.,-6.369375;                               197P    328
120,195,197,0.,6.28318530717959;                                     199P    329
126,1,1,1,0,1,0,0.,0.,1.,1.,1.,1.,0.796442688,6.283185307,0.,        201P    330
0.994071146,6.283185307,0.,0.,1.,0.,0.,1.;                           201P    331
110,11.,0.,-6.5625,11.,0.,-6.375;                                    203P    332
126,16,2,1,0,1,0,0.,0.,0.,0.125,0.125,0.25,0.25,0.375,0.375,         205P    333
0.5,0.5,0.625,0.625,0.75,0.75,0.875,0.875,1.,1.,1.,1.,1.,1.,1.,      205P    334
1.,1.,1.,1.,1.,1.,1.,1.,1.,1.,1.,1.,1.,0.994071146,6.283185307,      205P    335
0.,0.962682482,6.151609009,0.,0.895256917,5.890486225,0.,            205P    336
0.827831352,5.629363442,0.,0.796442688,5.497787144,0.,               205P    337
0.765054023,5.366210846,0.,0.697628458,5.105088062,0.,               205P    338
0.630202894,4.843965279,0.,0.598814229,4.71238898,0.,                205P    339
0.567425565,4.580812682,0.,0.5,4.319689899,0.,0.432574435,           205P    340
4.058567115,0.,0.401185771,3.926990817,0.,0.369797106,               205P    341
3.795414519,0.,0.302371542,3.534291735,0.,0.234945977,               205P    342
3.273168952,0.,0.203557312,3.141592654,0.,0.,1.,0.,0.,-1.;           205P    343
126,8,2,1,0,0,0,0.788461538461538,0.788461538461538,                 207P    344
0.788461538461538,0.798076923076923,0.798076923076923,               207P    345
0.807692307692308,0.807692307692308,0.817307692307692,               207P    346
0.817307692307692,0.826923076923077,0.826923076923077,               207P    347
0.826923076923077,0.999999999999999,0.923879532511288,1.,            207P    348
0.923879532511287,1.,0.923879532511287,1.,0.923879532511286,1.,      207P    349
11.,0.,-6.375,11.,-4.556349186,-6.46875,7.778174593,                 207P    350
-7.778174593,-6.5625,4.556349186,-11.,-6.65625,0.,-11.,-6.75,        207P    351
-4.556349186,-11.,-6.84375,-7.778174593,-7.778174593,-6.9375,        207P    352
-11.,-4.556349186,-7.03125,-11.,0.,-7.125,0.788461538461538,         207P    353
0.826923076923077,-0.008520614,-0.020570583,0.999752094;             207P    354
126,1,1,1,0,1,0,0.,0.,1.,1.,1.,1.,0.203557312,3.141592654,0.,        209P    355
0.005928854,3.141592654,0.,0.,1.,0.,0.,1.;                           209P    356
110,-11.,0.,-7.125,-11.,0.,-7.3125;                                  211P    357
126,16,2,1,0,1,0,0.,0.,0.,0.125,0.125,0.25,0.25,0.375,0.375,         213P    358
0.5,0.5,0.625,0.625,0.75,0.75,0.875,0.875,1.,1.,1.,1.,1.,1.,1.,      213P    359
1.,1.,1.,1.,1.,1.,1.,1.,1.,1.,1.,1.,1.,0.005928854,3.141592654,      213P    360
0.,0.037317518,3.273168952,0.,0.104743083,3.534291735,0.,            213P    361
0.172168648,3.795414519,0.,0.203557312,3.926990817,0.,               213P    362
0.234945977,4.058567115,0.,0.302371542,4.319689899,0.,               213P    363
0.369797106,4.580812682,0.,0.401185771,4.71238898,0.,                213P    364
0.432574435,4.843965279,0.,0.5,5.105088062,0.,0.567425565,           213P    365
5.366210846,0.,0.598814229,5.497787144,0.,0.630202894,               213P    366
5.629363442,0.,0.697628458,5.890486225,0.,0.765054023,               213P    367
6.151609009,0.,0.796442688,6.283185307,0.,0.,1.,0.,0.,-1.;           213P    368
126,8,2,1,0,0,0,0.0961538461538461,0.0961538461538461,               215P    369
0.0961538461538461,0.105769230769231,0.105769230769231,              215P    370
0.115384615384615,0.115384615384615,0.125,0.125,                     215P    371
0.134615384615385,0.134615384615385,0.134615384615385,1.,            215P    372
0.923879532511286,1.,0.923879532511287,1.,0.923879532511287,1.,      215P    373
0.923879532511287,1.,-11.,0.,-7.3125,-11.,-4.556349186,              215P    374
-7.21875,-7.778174593,-7.778174593,-7.125,-4.556349186,-11.,         215P    375
-7.03125,0.,-11.,-6.9375,4.556349186,-11.,-6.84375,7.778174593,      215P    376
-7.778174593,-6.75,11.,-4.556349186,-6.65625,11.,0.,-6.5625,         215P    377
0.0961538461538461,0.134615384615385,0.008520614,-0.020570583,       215P    378
-0.999752094;                                                        215P    379
102,4,201,205,209,213;                                               217P    380
102,4,203,207,211,215;                                               219P    381
142,1,199,217,219,1;                                                 221P    382
144,199,1,0,221;                                                     223P    383
110,0.,0.,-9.,0.,0.,991.;                                            225P    384
110,11.,0.,-5.818125,11.,0.,-4.869375;                               227P    385
120,225,227,0.,6.28318530717959;                                     229P    386
126,1,1,1,0,1,0,0.,0.,1.,1.,1.,1.,0.796442688,6.283185307,0.,        231P    387
0.994071146,6.283185307,0.,0.,1.,0.,0.,1.;                           231P    388
110,11.,0.,-5.0625,11.,0.,-4.875;                                    233P    389
126,16,2,1,0,1,0,0.,0.,0.,0.125,0.125,0.25,0.25,0.375,0.375,         235P    390
0.5,0.5,0.625,0.625,0.75,0.75,0.875,0.875,1.,1.,1.,1.,1.,1.,1.,      235P    391
1.,1.,1.,1.,1.,1.,1.,1.,1.,1.,1.,1.,1.,0.994071146,6.283185307,      235P    392
0.,0.962682482,6.151609009,0.,0.895256917,5.890486225,0.,            235P    393
0.827831352,5.629363442,0.,0.796442688,5.497787144,0.,               235P    394
0.765054023,5.366210846,0.,0.697628458,5.105088062,0.,               235P    395
0.630202894,4.843965279,0.,0.598814229,4.71238898,0.,                235P    396
0.567425565,4.580812682,0.,0.5,4.319689899,0.,0.432574435,           235P    397
4.058567115,0.,0.401185771,3.926990817,0.,0.369797106,               235P    398
3.795414519,0.,0.302371542,3.534291735,0.,0.234945977,               235P    399
3.273168952,0.,0.203557312,3.141592654,0.,0.,1.,0.,0.,-1.;           235P    400
126,8,2,1,0,0,0,0.711538461538462,0.711538461538462,                 237P    401
0.711538461538462,0.721153846153846,0.721153846153846,               237P    402
0.730769230769231,0.730769230769231,0.740384615384615,               237P    403
0.740384615384615,0.75,0.75,0.75,1.,0.923879532511286,1.,            237P    404
0.923879532511287,1.,0.923879532511287,1.,0.923879532511287,1.,      237P    405
11.,0.,-4.875,11.,-4.556349186,-4.96875,7.778174593,                 237P    406
-7.778174593,-5.0625,4.556349186,-11.,-5.15625,0.,-11.,-5.25,        237P    407
-4.556349186,-11.,-5.34375,-7.778174593,-7.778174593,-5.4375,        237P    408
-11.,-4.556349186,-5.53125,-11.,0.,-5.625,0.711538461538462,         237P    409
0.75,-0.008520614,-0.020570583,0.999752094;                          237P    410
126,1,1,1,0,1,0,0.,0.,1.,1.,1.,1.,0.203557312,3.141592654,0.,        239P    411
0.005928854,3.141592654,0.,0.,1.,0.,0.,1.;                           239P    412
110,-11.,0.,-5.625,-11.,0.,-5.8125;                                  241P    413
126,16,2,1,0,1,0,0.,0.,0.,0.125,0.125,0.25,0.25,0.375,0.375,         243P    414
0.5,0.5,0.625,0.625,0.75,0.75,0.875,0.875,1.,1.,1.,1.,1.,1.,1.,      243P    415
1.,1.,1.,1.,1.,1.,1.,1.,1.,1.,1.,1.,1.,0.005928854,3.141592654,      243P    416
0.,0.037317518,3.273168952,0.,0.104743083,3.534291735,0.,            243P    417
0.172168648,3.795414519,0.,0.203557312,3.926990817,0.,               243P    418
0.234945977,4.058567115,0.,0.302371542,4.319689899,0.,               243P    419
0.369797106,4.580812682,0.,0.401185771,4.71238898,0.,                243P    420
0.432574435,4.843965279,0.,0.5,5.105088062,0.,0.567425565,           243P    421
5.366210846,0.,0.598814229,5.497787144,0.,0.630202894,               243P    422
5.629363442,0.,0.697628458,5.890486225,0.,0.765054023,               243P    423
6.151609009,0.,0.796442688,6.283185307,0.,0.,1.,0.,0.,-1.;           243P    424
126,8,2,1,0,0,0,0.173076923076923,0.173076923076923,                 245P    425
0.173076923076923,0.182692307692308,0.182692307692308,               245P    426
0.192307692307692,0.192307692307692,0.201923076923077,               245P    427
0.201923076923077,0.211538461538462,0.211538461538462,               245P    428
0.211538461538462,1.,0.923879532511286,1.,0.923879532511287,1.,      245P    429
0.923879532511287,1.,0.923879532511287,1.,-11.,0.,-5.8125,-11.,      245P    430
-4.556349186,-5.71875,-7.778174593,-7.778174593,-5.625,              245P    431
-4.556349186,-11.,-5.53125,0.,-11.,-5.4375,4.556349186,-11.,         245P    432
-5.34375,7.778174593,-7.778174593,-5.25,11.,-4.556349186,            245P    433
-5.15625,11.,0.,-5.0625,0.173076923076923,0.211538461538462,         245P    434
0.008520614,-0.020570583,-0.999752094;                               245P    435
102,4,231,235,239,243;                                               247P    436
102,4,233,237,241,245;                                               249P    437
142,1,229,247,249,1;                                                 251P    438
144,229,1,0,251;                                                     253P    439
110,0.,0.,-9.,0.,0.,991.;                                            255P    440
110,11.,0.,-4.318125,11.,0.,-3.369375;                               257P    441
120,255,257,0.,6.28318530717959;                                     259P    442
126,1,1,1,0,1,0,0.,0.,1.,1.,1.,1.,0.796442688,6.283185307,0.,        261P    443
0.994071146,6.283185307,0.,0.,1.,0.,0.,1.;                           261P    444
110,11.,0.,-3.5625,11.,0.,-3.375;                                    263P    445
126,16,2,1,0,1,0,0.,0.,0.,0.125,0.125,0.25,0.25,0.375,0.375,         265P    446
0.5,0.5,0.625,0.625,0.75,0.75,0.875,0.875,1.,1.,1.,1.,1.,1.,1.,      265P    447
1.,1.,1.,1.,1.,1.,1.,1.,1.,1.,1.,1.,1.,0.994071146,6.283185307,      265P    448
0.,0.962682482,6.151609009,0.,0.895256917,5.890486225,0.,            265P    449
0.827831352,5.629363442,0.,0.796442688,5.497787144,0.,               265P    450
0.765054023,5.366210846,0.,0.697628458,5.105088062,0.,               265P    451
0.630202894,4.843965279,0.,0.598814229,4.71238898,0.,                265P    452
0.567425565,4.580812682,0.,0.5,4.319689899,0.,0.432574435,           265P    453
4.058567115,0.,0.401185771,3.926990817,0.,0.369797106,               265P    454
3.795414519,0.,0.302371542,3.534291735,0.,0.234945977,               265P    455
3.273168952,0.,0.203557312,3.141592654,0.,0.,1.,0.,0.,-1.;           265P    456
126,8,2,1,0,0,0,0.634615384615385,0.634615384615385,                 267P    457
0.634615384615385,0.644230769230769,0.644230769230769,               267P    458
0.653846153846154,0.653846153846154,0.663461538461538,               267P    459
0.663461538461538,0.673076923076923,0.673076923076923,               267P    460
0.673076923076923,0.999999999999999,0.923879532511288,1.,            267P    461
0.923879532511287,1.,0.923879532511287,1.,0.923879532511287,1.,      267P    462
11.,0.,-3.375,11.,-4.556349186,-3.46875,7.778174593,                 267P    463
-7.778174593,-3.5625,4.556349186,-11.,-3.65625,0.,-11.,-3.75,        267P    464
-4.556349186,-11.,-3.84375,-7.778174593,-7.778174593,-3.9375,        267P    465
-11.,-4.556349186,-4.03125,-11.,0.,-4.125,0.634615384615385,         267P    466
0.673076923076923,-0.008520614,-0.020570583,0.999752094;             267P    467
126,1,1,1,0,1,0,0.,0.,1.,1.,1.,1.,0.203557312,3.141592654,0.,        269P    468
0.005928854,3.141592654,0.,0.,1.,0.,0.,1.;                           269P    469
110,-11.,0.,-4.125,-11.,0.,-4.3125;                                  271P    470
126,16,2,1,0,1,0,0.,0.,0.,0.125,0.125,0.25,0.25,0.375,0.375,         273P    471
0.5,0.5,0.625,0.625,0.75,0.75,0.875,0.875,1.,1.,1.,1.,1.,1.,1.,      273P    472
1.,1.,1.,1.,1.,1.,1.,1.,1.,1.,1.,1.,1.,0.005928854,3.141592654,      273P    473
0.,0.037317518,3.273168952,0.,0.104743083,3.534291735,0.,            273P    474
0.172168648,3.795414519,0.,0.203557312,3.926990817,0.,               273P    475
0.234945977,4.058567115,0.,0.302371542,4.319689899,0.,               273P    476
0.369797106,4.580812682,0.,0.401185771,4.71238898,0.,                273P    477
0.432574435,4.843965279,0.,0.5,5.105088062,0.,0.567425565,           273P    478
5.366210846,0.,0.598814229,5.497787144,0.,0.630202894,               273P    479
5.629363442,0.,0.697628458,5.890486225,0.,0.765054023,               273P    480
6.151609009,0.,0.796442688,6.283185307,0.,0.,1.,0.,0.,-1.;           273P    481
126,8,2,1,0,0,0,0.25,0.25,0.25,0.259615384615385,                    275P    482
0.259615384615385,0.269230769230769,0.269230769230769,               275P    483
0.278846153846154,0.278846153846154,0.288461538461538,               275P    484
0.288461538461538,0.288461538461538,1.,0.923879532511287,1.,         275P    485
0.923879532511287,1.,0.923879532511287,1.,0.923879532511286,1.,      275P    486
-11.,0.,-4.3125,-11.,-4.556349186,-4.21875,-7.778174593,             275P    487
-7.778174593,-4.125,-4.556349186,-11.,-4.03125,0.,-11.,-3.9375,      275P    488
4.556349186,-11.,-3.84375,7.778174593,-7.778174593,-3.75,11.,        275P    489
-4.556349186,-3.65625,11.,0.,-3.5625,0.25,0.288461538461538,         275P    490
0.008520614,-0.020570583,-0.999752094;                               275P    491
102,4,261,265,269,273;                                               277P    492
102,4,263,267,271,275;                                               279P    493
142,1,259,277,279,1;                                                 281P    494
144,259,1,0,281;                                                     283P    495
110,0.,0.,-9.,0.,0.,991.;                                            285P    496
110,11.,0.,-2.818125,11.,0.,-1.869375;                               287P    497
120,285,287,0.,6.28318530717959;                                     289P    498
126,1,1,1,0,1,0,0.,0.,1.,1.,1.,1.,0.796442688,6.283185307,0.,        291P    499
0.994071146,6.283185307,0.,0.,1.,0.,0.,1.;                           291P    500
110,11.,0.,-2.0625,11.,0.,-1.875;                                    293P    501
126,16,2,1,0,1,0,0.,0.,0.,0.125,0.125,0.25,0.25,0.375,0.375,         295P    502
0.5,0.5,0.625,0.625,0.75,0.75,0.875,0.875,1.,1.,1.,1.,1.,1.,1.,      295P    503
1.,1.,1.,1.,1.,1.,1.,1.,1.,1.,1.,1.,1.,0.994071146,6.283185307,      295P    504
0.,0.962682482,6.151609009,0.,0.895256917,5.890486225,0.,            295P    505
0.827831352,5.629363442,0.,0.796442688,5.497787144,0.,               295P    506
0.765054023,5.366210846,0.,0.697628458,5.105088062,0.,               295P    507
0.630202894,4.843965279,0.,0.598814229,4.71238898,0.,                295P    508
0.567425565,4.580812682,0.,0.5,4.319689899,0.,0.432574435,           295P    509
4.058567115,0.,0.401185771,3.926990817,0.,0.369797106,               295P    510
3.795414519,0.,0.302371542,3.534291735,0.,0.234945977,               295P    511
3.273168952,0.,0.203557312,3.141592654,0.,0.,1.,0.,0.,-1.;           295P    512
126,8,2,1,0,0,0,0.557692307692308,0.557692307692308,                 297P    513
0.557692307692308,0.567307692307692,0.567307692307692,               297P    514
0.576923076923077,0.576923076923077,0.586538461538462,               297P    515
0.586538461538462,0.596153846153846,0.596153846153846,               297P    516
0.596153846153846,0.999999999999999,0.923879532511288,1.,            297P    517
0.923879532511287,1.,0.923879532511287,1.,0.923879532511287,1.,      297P    518
11.,0.,-1.875,11.,-4.556349186,-1.96875,7.778174593,                 297P    519
-7.778174593,-2.0625,4.556349186,-11.,-2.15625,0.,-11.,-2.25,        297P    520
-4.556349186,-11.,-2.34375,-7.778174593,-7.778174593,-2.4375,        297P    521
-11.,-4.556349186,-2.53125,-11.,0.,-2.625,0.557692307692308,         297P    522
0.596153846153846,-0.008520614,-0.020570583,0.999752094;             297P    523
126,1,1,1,0,1,0,0.,0.,1.,1.,1.,1.,0.203557312,3.141592654,0.,        299P    524
0.005928854,3.141592654,0.,0.,1.,0.,0.,1.;                           299P    525
110,-11.,0.,-2.625,-11.,0.,-2.8125;                                  301P    526
126,16,2,1,0,1,0,0.,0.,0.,0.125,0.125,0.25,0.25,0.375,0.375,         303P    527
0.5,0.5,0.625,0.625,0.75,0.75,0.875,0.875,1.,1.,1.,1.,1.,1.,1.,      303P    528
1.,1.,1.,1.,1.,1.,1.,1.,1.,1.,1.,1.,1.,0.005928854,3.141592654,      303P    529
0.,0.037317518,3.273168952,0.,0.104743083,3.534291735,0.,            303P    530
0.172168648,3.795414519,0.,0.203557312,3.926990817,0.,               303P    531
0.234945977,4.058567115,0.,0.302371542,4.319689899,0.,               303P    532
0.369797106,4.580812682,0.,0.401185771,4.71238898,0.,                303P    533
0.432574435,4.843965279,0.,0.5,5.105088062,0.,0.567425565,           303P    534
5.366210846,0.,0.598814229,5.497787144,0.,0.630202894,               303P    535
5.629363442,0.,0.697628458,5.890486225,0.,0.765054023,               303P    536
6.151609009,0.,0.796442688,6.283185307,0.,0.,1.,0.,0.,-1.;           303P    537
126,8,2,1,0,0,0,0.326923076923077,0.326923076923077,                 305P    538
0.326923076923077,0.336538461538462,0.336538461538462,               305P    539
0.346153846153846,0.346153846153846,0.355769230769231,               305P    540
0.355769230769231,0.365384615384615,0.365384615384615,               305P    541
0.365384615384615,1.,0.923879532511287,1.,0.923879532511287,1.,      305P    542
0.923879532511287,1.,0.923879532511287,1.,-11.,0.,-2.8125,-11.,      305P    543
-4.556349186,-2.71875,-7.778174593,-7.778174593,-2.625,              305P    544
-4.556349186,-11.,-2.53125,0.,-11.,-2.4375,4.556349186,-11.,         305P    545
-2.34375,7.778174593,-7.778174593,-2.25,11.,-4.556349186,            305P    546
-2.15625,11.,0.,-2.0625,0.326923076923077,0.365384615384615,         305P    547
0.008520614,-0.020570583,-0.999752094;                               305P    548
102,4,291,295,299,303;                                               307P    549
102,4,293,297,301,305;                                               309P    550
142,1,289,307,309,1;                                                 311P    551
144,289,1,0,311;                                                     313P    552
110,0.,0.,-9.,0.,0.,991.;                                            315P    553
110,11.,0.,-1.318125,11.,0.,-0.369375;                               317P    554
120,315,317,0.,6.28318530717959;                                     319P    555
126,1,1,1,0,1,0,0.,0.,1.,1.,1.,1.,0.796442688,6.283185307,0.,        321P    556
0.994071146,6.283185307,0.,0.,1.,0.,0.,1.;                           321P    557
110,11.,0.,-0.5625,11.,0.,-0.375;                                    323P    558
126,16,2,1,0,1,0,0.,0.,0.,0.125,0.125,0.25,0.25,0.375,0.375,         325P    559
0.5,0.5,0.625,0.625,0.75,0.75,0.875,0.875,1.,1.,1.,1.,1.,1.,1.,      325P    560
1.,1.,1.,1.,1.,1.,1.,1.,1.,1.,1.,1.,1.,0.994071146,6.283185307,      325P    561
0.,0.962682482,6.151609009,0.,0.895256917,5.890486225,0.,            325P    562
0.827831352,5.629363442,0.,0.796442688,5.497787144,0.,               325P    563
0.765054023,5.366210846,0.,0.697628458,5.105088062,0.,               325P    564
0.630202894,4.843965279,0.,0.598814229,4.71238898,0.,                325P    565
0.567425565,4.580812682,0.,0.5,4.319689899,0.,0.432574435,           325P    566
4.058567115,0.,0.401185771,3.926990817,0.,0.369797106,               325P    567
3.795414519,0.,0.302371542,3.534291735,0.,0.234945977,               325P    568
3.273168952,0.,0.203557312,3.141592654,0.,0.,1.,0.,0.,-1.;           325P    569
126,8,2,1,0,0,0,0.480769230769231,0.480769230769231,                 327P    570
0.480769230769231,0.490384615384615,0.490384615384615,0.5,0.5,       327P    571
0.509615384615385,0.509615384615385,0.519230769230769,               327P    572
0.519230769230769,0.519230769230769,1.,0.923879532511286,1.,         327P    573
0.923879532511287,1.,0.923879532511287,1.,0.923879532511287,1.,      327P    574
11.,0.,-0.375,11.,-4.556349186,-0.46875,7.778174593,                 327P    575
-7.778174593,-0.5625,4.556349186,-11.,-0.65625,0.,-11.,-0.75,        327P    576
-4.556349186,-11.,-0.84375,-7.778174593,-7.778174593,-0.9375,        327P    577
-11.,-4.556349186,-1.03125,-11.,0.,-1.125,0.480769230769231,         327P    578
0.519230769230769,-0.008520614,-0.020570583,0.999752094;             327P    579
126,1,1,1,0,1,0,0.,0.,1.,1.,1.,1.,0.203557312,3.141592654,0.,        329P    580
0.005928854,3.141592654,0.,0.,1.,0.,0.,1.;                           329P    581
110,-11.,0.,-1.125,-11.,0.,-1.3125;                                  331P    582
126,16,2,1,0,1,0,0.,0.,0.,0.125,0.125,0.25,0.25,0.375,0.375,         333P    583
0.5,0.5,0.625,0.625,0.75,0.75,0.875,0.875,1.,1.,1.,1.,1.,1.,1.,      333P    584
1.,1.,1.,1.,1.,1.,1.,1.,1.,1.,1.,1.,1.,0.005928854,3.141592654,      333P    585
0.,0.037317518,3.273168952,0.,0.104743083,3.534291735,0.,            333P    586
0.172168648,3.795414519,0.,0.203557312,3.926990817,0.,               333P    587
0.234945977,4.058567115,0.,0.302371542,4.319689899,0.,               333P    588
0.369797106,4.580812682,0.,0.401185771,4.71238898,0.,                333P    589
0.432574435,4.843965279,0.,0.5,5.105088062,0.,0.567425565,           333P    590
5.366210846,0.,0.598814229,5.497787144,0.,0.630202894,               333P    591
5.629363442,0.,0.697628458,5.890486225,0.,0.765054023,               333P    592
6.151609009,0.,0.796442688,6.283185307,0.,0.,1.,0.,0.,-1.;           333P    593
126,8,2,1,0,0,0,0.403846153846154,0.403846153846154,                 335P    594
0.403846153846154,0.413461538461538,0.413461538461538,               335P    595
0.423076923076923,0.423076923076923,0.432692307692308,               335P    596
0.432692307692308,0.442307692307692,0.442307692307692,               335P    597
0.442307692307692,1.,0.923879532511287,1.,0.923879532511287,1.,      335P    598
0.923879532511287,1.,0.923879532511287,1.,-11.,0.,-1.3125,-11.,      335P    599
-4.556349186,-1.21875,-7.778174593,-7.778174593,-1.125,              335P    600
-4.556349186,-11.,-1.03125,0.,-11.,-0.9375,4.556349186,-11.,         335P    601
-0.84375,7.778174593,-7.778174593,-0.75,11.,-4.556349186,            335P    602
-0.65625,11.,0.,-0.5625,0.403846153846154,0.442307692307692,         335P    603
0.008520614,-0.020570583,-0.999752094;                               335P    604
102,4,321,325,329,333;                                               337P    605
102,4,323,327,331,335;                                               339P    606
142,1,319,337,339,1;                                                 341P    607
144,319,1,0,341;                                                     343P    608
110,0.,0.,-9.,0.,0.,991.;                                            345P    609
110,11.,0.,0.181875,11.,0.,1.130625;                                 347P    610
120,345,347,0.,6.28318530717959;                                     349P    611
126,1,1,1,0,1,0,0.,0.,1.,1.,1.,1.,0.796442688,6.283185307,0.,        351P    612
0.994071146,6.283185307,0.,0.,1.,0.,0.,1.;                           351P    613
110,11.,0.,0.9375,11.,0.,1.125;                                      353P    614
126,16,2,1,0,1,0,0.,0.,0.,0.125,0.125,0.25,0.25,0.375,0.375,         355P    615
0.5,0.5,0.625,0.625,0.75,0.75,0.875,0.875,1.,1.,1.,1.,1.,1.,1.,      355P    616
1.,1.,1.,1.,1.,1.,1.,1.,1.,1.,1.,1.,1.,0.994071146,6.283185307,      355P    617
0.,0.962682482,6.151609009,0.,0.895256917,5.890486225,0.,            355P    618
0.827831352,5.629363442,0.,0.796442688,5.497787144,0.,               355P    619
0.765054023,5.366210846,0.,0.697628458,5.105088062,0.,               355P    620
0.630202894,4.843965279,0.,0.598814229,4.71238898,0.,                355P    621
0.567425565,4.580812682,0.,0.5,4.319689899,0.,0.432574435,           355P    622
4.058567115,0.,0.401185771,3.926990817,0.,0.369797106,               355P    623
3.795414519,0.,0.302371542,3.534291735,0.,0.234945977,               355P    624
3.273168952,0.,0.203557312,3.141592654,0.,0.,1.,0.,0.,-1.;           355P    625
126,8,2,1,0,0,0,0.403846153846154,0.403846153846154,                 357P    626
0.403846153846154,0.413461538461538,0.413461538461538,               357P    627
0.423076923076923,0.423076923076923,0.432692307692308,               357P    628
0.432692307692308,0.442307692307692,0.442307692307692,               357P    629
0.442307692307692,1.,0.923879532511287,1.,0.923879532511287,1.,      357P    630
0.923879532511287,1.,0.923879532511286,1.,11.,0.,1.125,11.,          357P    631
-4.556349186,1.03125,7.778174593,-7.778174593,0.9375,                357P    632
4.556349186,-11.,0.84375,0.,-11.,0.75,-4.556349186,-11.,             357P    633
0.65625,-7.778174593,-7.778174593,0.5625,-11.,-4.556349186,          357P    634
0.46875,-11.,0.,0.375,0.403846153846154,0.442307692307692,           357P    635
-0.008520614,-0.020570583,0.999752094;                               357P    636
126,1,1,1,0,1,0,0.,0.,1.,1.,1.,1.,0.203557312,3.141592654,0.,        359P    637
0.005928854,3.141592654,0.,0.,1.,0.,0.,1.;                           359P    638
110,-11.,0.,0.375,-11.,0.,0.1875;                                    361P    639
126,16,2,1,0,1,0,0.,0.,0.,0.125,0.125,0.25,0.25,0.375,0.375,         363P    640
0.5,0.5,0.625,0.625,0.75,0.75,0.875,0.875,1.,1.,1.,1.,1.,1.,1.,      363P    641
1.,1.,1.,1.,1.,1.,1.,1.,1.,1.,1.,1.,1.,0.005928854,3.141592654,      363P    642
0.,0.037317518,3.273168952,0.,0.104743083,3.534291735,0.,            363P    643
0.172168648,3.795414519,0.,0.203557312,3.926990817,0.,               363P    644
0.234945977,4.058567115,0.,0.302371542,4.319689899,0.,               363P    645
0.369797106,4.580812682,0.,0.401185771,4.71238898,0.,                363P    646
0.432574435,4.843965279,0.,0.5,5.105088062,0.,0.567425565,           363P    647
5.366210846,0.,0.598814229,5.497787144,0.,0.630202894,               363P    648
5.629363442,0.,0.697628458,5.890486225,0.,0.765054023,               363P    649
6.151609009,0.,0.796442688,6.283185307,0.,0.,1.,0.,0.,-1.;           363P    650
126,8,2,1,0,0,0,0.480769230769231,0.480769230769231,                 365P    651
0.480769230769231,0.490384615384615,0.490384615384615,0.5,0.5,       365P    652
0.509615384615385,0.509615384615385,0.519230769230769,               365P    653
0.519230769230769,0.519230769230769,1.,0.923879532511287,1.,         365P    654
0.923879532511287,1.,0.923879532511287,1.,0.923879532511286,1.,      365P    655
-11.,0.,0.1875,-11.,-4.556349186,0.28125,-7.778174593,               365P    656
-7.778174593,0.375,-4.556349186,-11.,0.46875,0.,-11.,0.5625,         365P    657
4.556349186,-11.,0.65625,7.778174593,-7.778174593,0.75,11.,          365P    658
-4.556349186,0.84375,11.,0.,0.9375,0.480769230769231,                365P    659
0.519230769230769,0.008520614,-0.020570583,-0.999752094;             365P    660
102,4,351,355,359,363;                                               367P    661
102,4,353,357,361,365;                                               369P    662
142,1,349,367,369,1;                                                 371P    663
144,349,1,0,371;                                                     373P    664
110,0.,0.,-9.,0.,0.,991.;                                            375P    665
110,11.,0.,1.681875,11.,0.,2.630625;                                 377P    666
120,375,377,0.,6.28318530717959;                                     379P    667
126,1,1,1,0,1,0,0.,0.,1.,1.,1.,1.,0.796442688,6.283185307,0.,        381P    668
0.994071146,6.283185307,0.,0.,1.,0.,0.,1.;                           381P    669
110,11.,0.,2.4375,11.,0.,2.625;                                      383P    670
126,16,2,1,0,1,0,0.,0.,0.,0.125,0.125,0.25,0.25,0.375,0.375,         385P    671
0.5,0.5,0.625,0.625,0.75,0.75,0.875,0.875,1.,1.,1.,1.,1.,1.,1.,      385P    672
1.,1.,1.,1.,1.,1.,1.,1.,1.,1.,1.,1.,1.,0.994071146,6.283185307,      385P    673
0.,0.962682482,6.151609009,0.,0.895256917,5.890486225,0.,            385P    674
0.827831352,5.629363442,0.,0.796442688,5.497787144,0.,               385P    675
0.765054023,5.366210846,0.,0.697628458,5.105088062,0.,               385P    676
0.630202894,4.843965279,0.,0.598814229,4.71238898,0.,                385P    677
0.567425565,4.580812682,0.,0.5,4.319689899,0.,0.432574435,           385P    678
4.058567115,0.,0.401185771,3.926990817,0.,0.369797106,               385P    679
3.795414519,0.,0.302371542,3.534291735,0.,0.234945977,               385P    680
3.273168952,0.,0.203557312,3.141592654,0.,0.,1.,0.,0.,-1.;           385P    681
126,8,2,1,0,0,0,0.326923076923077,0.326923076923077,                 387P    682
0.326923076923077,0.336538461538462,0.336538461538462,               387P    683
0.346153846153846,0.346153846153846,0.355769230769231,               387P    684
0.355769230769231,0.365384615384615,0.365384615384615,               387P    685
0.365384615384615,1.,0.923879532511287,1.,0.923879532511287,1.,      387P    686
0.923879532511287,1.,0.923879532511287,1.,11.,0.,2.625,11.,          387P    687
-4.556349186,2.53125,7.778174593,-7.778174593,2.4375,                387P    688
4.556349186,-11.,2.34375,0.,-11.,2.25,-4.556349186,-11.,             387P    689
2.15625,-7.778174593,-7.778174593,2.0625,-11.,-4.556349186,          387P    690
1.96875,-11.,0.,1.875,0.326923076923077,0.365384615384615,           387P    691
-0.008520614,-0.020570583,0.999752094;                               387P    692
126,1,1,1,0,1,0,0.,0.,1.,1.,1.,1.,0.203557312,3.141592654,0.,        389P    693
0.005928854,3.141592654,0.,0.,1.,0.,0.,1.;                           389P    694
110,-11.,0.,1.875,-11.,0.,1.6875;                                    391P    695
126,16,2,1,0,1,0,0.,0.,0.,0.125,0.125,0.25,0.25,0.375,0.375,         393P    696
0.5,0.5,0.625,0.625,0.75,0.75,0.875,0.875,1.,1.,1.,1.,1.,1.,1.,      393P    697
1.,1.,1.,1.,1.,1.,1.,1.,1.,1.,1.,1.,1.,0.005928854,3.141592654,      393P    698
0.,0.037317518,3.273168952,0.,0.104743083,3.534291735,0.,            393P    699
0.172168648,3.795414519,0.,0.203557312,3.926990817,0.,               393P    700
0.234945977,4.058567115,0.,0.302371542,4.319689899,0.,               393P    701
0.369797106,4.580812682,0.,0.401185771,4.71238898,0.,                393P    702
0.432574435,4.843965279,0.,0.5,5.105088062,0.,0.567425565,           393P    703
5.366210846,0.,0.598814229,5.497787144,0.,0.630202894,               393P    704
5.629363442,0.,0.697628458,5.890486225,0.,0.765054023,               393P    705
6.151609009,0.,0.796442688,6.283185307,0.,0.,1.,0.,0.,-1.;           393P    706
126,8,2,1,0,0,0,0.557692307692308,0.557692307692308,                 395P    707
0.557692307692308,0.567307692307692,0.567307692307692,               395P    708
0.576923076923077,0.576923076923077,0.586538461538462,               395P    709
0.586538461538462,0.596153846153846,0.596153846153846,               395P    710
0.596153846153846,1.,0.923879532511287,1.,0.923879532511287,1.,      395P    711
0.923879532511287,1.,0.923879532511287,1.,-11.,0.,1.6875,-11.,       395P    712
-4.556349186,1.78125,-7.778174593,-7.778174593,1.875,                395P    713
-4.556349186,-11.,1.96875,0.,-11.,2.0625,4.556349186,-11.,           395P    714
2.15625,7.778174593,-7.778174593,2.25,11.,-4.556349186,2.34375,      395P    715
11.,0.,2.4375,0.557692307692308,0.596153846153846,0.008520614,       395P    716
-0.020570583,-0.999752094;                                           395P    717
102,4,381,385,389,393;                                               397P    718
102,4,383,387,391,395;                                               399P    719
142,1,379,397,399,1;                                                 401P    720
144,379,1,0,401;                                                     403P    721
110,0.,0.,-9.,0.,0.,991.;                                            405P    722
110,11.,0.,3.181875,11.,0.,4.130625;                                 407P    723
120,405,407,0.,6.28318530717959;                                     409P    724
126,1,1,1,0,1,0,0.,0.,1.,1.,1.,1.,0.796442688,6.283185307,0.,        411P    725
0.994071146,6.283185307,0.,0.,1.,0.,0.,1.;                           411P    726
110,11.,0.,3.9375,11.,0.,4.125;                                      413P    727
126,16,2,1,0,1,0,0.,0.,0.,0.125,0.125,0.25,0.25,0.375,0.375,         415P    728
0.5,0.5,0.625,0.625,0.75,0.75,0.875,0.875,1.,1.,1.,1.,1.,1.,1.,      415P    729
1.,1.,1.,1.,1.,1.,1.,1.,1.,1.,1.,1.,1.,0.994071146,6.283185307,      415P    730
0.,0.962682482,6.151609009,0.,0.895256917,5.890486225,0.,            415P    731
0.827831352,5.629363442,0.,0.796442688,5.497787144,0.,               415P    732
0.765054023,5.366210846,0.,0.697628458,5.105088062,0.,               415P    733
0.630202894,4.843965279,0.,0.598814229,4.71238898,0.,                415P    734
0.567425565,4.580812682,0.,0.5,4.319689899,0.,0.432574435,           415P    735
4.058567115,0.,0.401185771,3.926990817,0.,0.369797106,               415P    736
3.795414519,0.,0.302371542,3.534291735,0.,0.234945977,               415P    737
3.273168952,0.,0.203557312,3.141592654,0.,0.,1.,0.,0.,-1.;           415P    738
126,8,2,1,0,0,0,0.25,0.25,0.25,0.259615384615385,                    417P    739
0.259615384615385,0.269230769230769,0.269230769230769,               417P    740
0.278846153846154,0.278846153846154,0.288461538461538,               417P    741
0.288461538461538,0.288461538461538,1.,0.923879532511287,1.,         417P    742
0.923879532511287,1.,0.923879532511287,1.,0.923879532511286,1.,      417P    743
11.,0.,4.125,11.,-4.556349186,4.03125,7.778174593,-7.778174593,      417P    744
3.9375,4.556349186,-11.,3.84375,0.,-11.,3.75,-4.556349186,-11.,      417P    745
3.65625,-7.778174593,-7.778174593,3.5625,-11.,-4.556349186,          417P    746
3.46875,-11.,0.,3.375,0.25,0.288461538461538,-0.008520614,           417P    747
-0.020570583,0.999752094;                                            417P    748
126,1,1,1,0,1,0,0.,0.,1.,1.,1.,1.,0.203557312,3.141592654,0.,        419P    749
0.005928854,3.141592654,0.,0.,1.,0.,0.,1.;                           419P    750
110,-11.,0.,3.375,-11.,0.,3.1875;                                    421P    751
126,16,2,1,0,1,0,0.,0.,0.,0.125,0.125,0.25,0.25,0.375,0.375,         423P    752
0.5,0.5,0.625,0.625,0.75,0.75,0.875,0.875,1.,1.,1.,1.,1.,1.,1.,      423P    753
1.,1.,1.,1.,1.,1.,1.,1.,1.,1.,1.,1.,1.,0.005928854,3.141592654,      423P    754
0.,0.037317518,3.273168952,0.,0.104743083,3.534291735,0.,            423P    755
0.172168648,3.795414519,0.,0.203557312,3.926990817,0.,               423P    756
0.234945977,4.058567115,0.,0.302371542,4.319689899,0.,               423P    757
0.369797106,4.580812682,0.,0.401185771,4.71238898,0.,                423P    758
0.432574435,4.843965279,0.,0.5,5.105088062,0.,0.567425565,           423P    759
5.366210846,0.,0.598814229,5.497787144,0.,0.630202894,               423P    760
5.629363442,0.,0.697628458,5.890486225,0.,0.765054023,               423P    761
6.151609009,0.,0.796442688,6.283185307,0.,0.,1.,0.,0.,-1.;           423P    762
126,8,2,1,0,0,0,0.634615384615385,0.634615384615385,                 425P    763
0.634615384615385,0.644230769230769,0.644230769230769,               425P    764
0.653846153846154,0.653846153846154,0.663461538461538,               425P    765
0.663461538461538,0.673076923076923,0.673076923076923,               425P    766
0.673076923076923,1.,0.923879532511286,1.,0.923879532511287,1.,      425P    767
0.923879532511287,1.,0.923879532511287,1.,-11.,0.,3.1875,-11.,       425P    768
-4.556349186,3.28125,-7.778174593,-7.778174593,3.375,                425P    769
-4.556349186,-11.,3.46875,0.,-11.,3.5625,4.556349186,-11.,           425P    770
3.65625,7.778174593,-7.778174593,3.75,11.,-4.556349186,3.84375,      425P    771
11.,0.,3.9375,0.634615384615385,0.673076923076923,0.008520614,       425P    772
-0.020570583,-0.999752094;                                           425P    773
102,4,411,415,419,423;                                               427P    774
102,4,413,417,421,425;                                               429P    775
142,1,409,427,429,1;                                                 431P    776
144,409,1,0,431;                                                     433P    777
110,0.,0.,-9.,0.,0.,991.;                                            435P    778
110,11.,0.,4.681875,11.,0.,5.630625;                                 437P    779
120,435,437,0.,6.28318530717959;                                     439P    780
126,1,1,1,0,1,0,0.,0.,1.,1.,1.,1.,0.796442688,6.283185307,0.,        441P    781
0.994071146,6.283185307,0.,0.,1.,0.,0.,1.;                           441P    782
110,11.,0.,5.4375,11.,0.,5.625;                                      443P    783
126,16,2,1,0,1,0,0.,0.,0.,0.125,0.125,0.25,0.25,0.375,0.375,         445P    784
0.5,0.5,0.625,0.625,0.75,0.75,0.875,0.875,1.,1.,1.,1.,1.,1.,1.,      445P    785
1.,1.,1.,1.,1.,1.,1.,1.,1.,1.,1.,1.,1.,0.994071146,6.283185307,      445P    786
0.,0.962682482,6.151609009,0.,0.895256917,5.890486225,0.,            445P    787
0.827831352,5.629363442,0.,0.796442688,5.497787144,0.,               445P    788
0.765054023,5.366210846,0.,0.697628458,5.105088062,0.,               445P    789
0.630202894,4.843965279,0.,0.598814229,4.71238898,0.,                445P    790
0.567425565,4.580812682,0.,0.5,4.319689899,0.,0.432574435,           445P    791
4.058567115,0.,0.401185771,3.926990817,0.,0.369797106,               445P    792
3.795414519,0.,0.302371542,3.534291735,0.,0.234945977,               445P    793
3.273168952,0.,0.203557312,3.141592654,0.,0.,1.,0.,0.,-1.;           445P    794
126,8,2,1,0,0,0,0.173076923076923,0.173076923076923,                 447P    795
0.173076923076923,0.182692307692308,0.182692307692308,               447P    796
0.192307692307692,0.192307692307692,0.201923076923077,               447P    797
0.201923076923077,0.211538461538462,0.211538461538462,               447P    798
0.211538461538462,1.,0.923879532511286,1.,0.923879532511287,1.,      447P    799
0.923879532511287,1.,0.923879532511287,1.,11.,0.,5.625,11.,          447P    800
-4.556349186,5.53125,7.778174593,-7.778174593,5.4375,                447P    801
4.556349186,-11.,5.34375,0.,-11.,5.25,-4.556349186,-11.,             447P    802
5.15625,-7.778174593,-7.778174593,5.0625,-11.,-4.556349186,          447P    803
4.96875,-11.,0.,4.875,0.173076923076923,0.211538461538462,           447P    804
-0.008520614,-0.020570583,0.999752094;                               447P    805
126,1,1,1,0,1,0,0.,0.,1.,1.,1.,1.,0.203557312,3.141592654,0.,        449P    806
0.005928854,3.141592654,0.,0.,1.,0.,0.,1.;                           449P    807
110,-11.,0.,4.875,-11.,0.,4.6875;                                    451P    808
126,16,2,1,0,1,0,0.,0.,0.,0.125,0.125,0.25,0.25,0.375,0.375,         453P    809
0.5,0.5,0.625,0.625,0.75,0.75,0.875,0.875,1.,1.,1.,1.,1.,1.,1.,      453P    810
1.,1.,1.,1.,1.,1.,1.,1.,1.,1.,1.,1.,1.,0.005928854,3.141592654,      453P    811
0.,0.037317518,3.273168952,0.,0.104743083,3.534291735,0.,            453P    812
0.172168648,3.795414519,0.,0.203557312,3.926990817,0.,               453P    813
0.234945977,4.058567115,0.,0.302371542,4.319689899,0.,               453P    814
0.369797106,4.580812682,0.,0.401185771,4.71238898,0.,                453P    815
0.432574435,4.843965279,0.,0.5,5.105088062,0.,0.567425565,           453P    816
5.366210846,0.,0.598814229,5.497787144,0.,0.630202894,               453P    817
5.629363442,0.,0.697628458,5.890486225,0.,0.765054023,               453P    818
6.151609009,0.,0.796442688,6.283185307,0.,0.,1.,0.,0.,-1.;           453P    819
126,8,2,1,0,0,0,0.711538461538462,0.711538461538462,                 455P    820
0.711538461538462,0.721153846153846,0.721153846153846,               455P    821
0.730769230769231,0.730769230769231,0.740384615384615,               455P    822
0.740384615384615,0.75,0.75,0.75,1.,0.923879532511286,1.,            455P    823
0.923879532511287,1.,0.923879532511287,1.,0.923879532511287,1.,      455P    824
-11.,0.,4.6875,-11.,-4.556349186,4.78125,-7.778174593,               455P    825
-7.778174593,4.875,-4.556349186,-11.,4.96875,0.,-11.,5.0625,         455P    826
4.556349186,-11.,5.15625,7.778174593,-7.778174593,5.25,11.,          455P    827
-4.556349186,5.34375,11.,0.,5.4375,0.711538461538462,0.75,           455P    828
0.008520614,-0.020570583,-0.999752094;                               455P    829
102,4,441,445,449,453;                                               457P    830
102,4,443,447,451,455;                                               459P    831
142,1,439,457,459,1;                                                 461P    832
144,439,1,0,461;                                                     463P    833
110,0.,0.,-9.,0.,0.,991.;                                            465P    834
110,11.,0.,6.181875,11.,0.,7.130625;                                 467P    835
120,465,467,0.,6.28318530717959;                                     469P    836
126,1,1,1,0,1,0,0.,0.,1.,1.,1.,1.,0.796442688,6.283185307,0.,        471P    837
0.994071146,6.283185307,0.,0.,1.,0.,0.,1.;                           471P    838
110,11.,0.,6.9375,11.,0.,7.125;                                      473P    839
126,16,2,1,0,1,0,0.,0.,0.,0.125,0.125,0.25,0.25,0.375,0.375,         475P    840
0.5,0.5,0.625,0.625,0.75,0.75,0.875,0.875,1.,1.,1.,1.,1.,1.,1.,      475P    841
1.,1.,1.,1.,1.,1.,1.,1.,1.,1.,1.,1.,1.,0.994071146,6.283185307,      475P    842
0.,0.962682482,6.151609009,0.,0.895256917,5.890486225,0.,            475P    843
0.827831352,5.629363442,0.,0.796442688,5.497787144,0.,               475P    844
0.765054023,5.366210846,0.,0.697628458,5.105088062,0.,               475P    845
0.630202894,4.843965279,0.,0.598814229,4.71238898,0.,                475P    846
0.567425565,4.580812682,0.,0.5,4.319689899,0.,0.432574435,           475P    847
4.058567115,0.,0.401185771,3.926990817,0.,0.369797106,               475P    848
3.795414519,0.,0.302371542,3.534291735,0.,0.234945977,               475P    849
3.273168952,0.,0.203557312,3.141592654,0.,0.,1.,0.,0.,-1.;           475P    850
126,8,2,1,0,0,0,0.0961538461538461,0.0961538461538461,               477P    851
0.0961538461538461,0.105769230769231,0.105769230769231,              477P    852
0.115384615384615,0.115384615384615,0.125,0.125,                     477P    853
0.134615384615385,0.134615384615385,0.134615384615385,1.,            477P    854
0.923879532511287,1.,0.923879532511287,1.,0.923879532511287,1.,      477P    855
0.923879532511287,1.,11.,0.,7.125,11.,-4.556349186,7.03125,          477P    856
7.778174593,-7.778174593,6.9375,4.556349186,-11.,6.84375,0.,         477P    857
-11.,6.75,-4.556349186,-11.,6.65625,-7.778174593,-7.778174593,       477P    858
6.5625,-11.,-4.556349186,6.46875,-11.,0.,6.375,                      477P    859
0.0961538461538461,0.134615384615385,-0.008520614,-0.020570583,      477P    860
0.999752094;                                                         477P    861
126,1,1,1,0,1,0,0.,0.,1.,1.,1.,1.,0.203557312,3.141592654,0.,        479P    862
0.005928854,3.141592654,0.,0.,1.,0.,0.,1.;                           479P    863
110,-11.,0.,6.375,-11.,0.,6.1875;                                    481P    864
126,16,2,1,0,1,0,0.,0.,0.,0.125,0.125,0.25,0.25,0.375,0.375,         483P    865
0.5,0.5,0.625,0.625,0.75,0.75,0.875,0.875,1.,1.,1.,1.,1.,1.,1.,      483P    866
1.,1.,1.,1.,1.,1.,1.,1.,1.,1.,1.,1.,1.,0.005928854,3.141592654,      483P    867
0.,0.037317518,3.273168952,0.,0.104743083,3.534291735,0.,            483P    868
0.172168648,3.795414519,0.,0.203557312,3.926990817,0.,               483P    869
0.234945977,4.058567115,0.,0.302371542,4.319689899,0.,               483P    870
0.369797106,4.580812682,0.,0.401185771,4.71238898,0.,                483P    871
0.432574435,4.843965279,0.,0.5,5.105088062,0.,0.567425565,           483P    872
5.366210846,0.,0.598814229,5.497787144,0.,0.630202894,               483P    873
5.629363442,0.,0.697628458,5.890486225,0.,0.765054023,               483P    874
6.151609009,0.,0.796442688,6.283185307,0.,0.,1.,0.,0.,-1.;           483P    875
126,8,2,1,0,0,0,0.788461538461538,0.788461538461538,                 485P    876
0.788461538461538,0.798076923076923,0.798076923076923,               485P    877
0.807692307692308,0.807692307692308,0.817307692307692,               485P    878
0.817307692307692,0.826923076923077,0.826923076923077,               485P    879
0.826923076923077,0.999999999999999,0.923879532511288,1.,            485P    880
0.923879532511287,1.,0.923879532511287,1.,0.923879532511286,1.,      485P    881
-11.,0.,6.1875,-11.,-4.556349186,6.28125,-7.778174593,               485P    882
-7.778174593,6.375,-4.556349186,-11.,6.46875,0.,-11.,6.5625,         485P    883
4.556349186,-11.,6.65625,7.778174593,-7.778174593,6.75,11.,          485P    884
-4.556349186,6.84375,11.,0.,6.9375,0.788461538461538,                485P    885
0.826923076923077,0.008520614,-0.020570583,-0.999752094;             485P    886
102,4,471,475,479,483;                                               487P    887
102,4,473,477,481,485;                                               489P    888
142,1,469,487,489,1;                                                 491P    889
144,469,1,0,491;                                                     493P    890
110,0.,0.,-9.,0.,0.,991.;                                            495P    891
110,11.,0.,7.681875,11.,0.,8.630625;                                 497P    892
120,495,497,0.,6.28318530717959;                                     499P    893
126,1,1,1,0,1,0,0.,0.,1.,1.,1.,1.,0.796442688,6.283185307,0.,        501P    894
0.994071146,6.283185307,0.,0.,1.,0.,0.,1.;                           501P    895
110,11.,0.,8.4375,11.,0.,8.625;                                      503P    896
126,16,2,1,0,1,0,0.,0.,0.,0.125,0.125,0.25,0.25,0.375,0.375,         505P    897
0.5,0.5,0.625,0.625,0.75,0.75,0.875,0.875,1.,1.,1.,1.,1.,1.,1.,      505P    898
1.,1.,1.,1.,1.,1.,1.,1.,1.,1.,1.,1.,1.,0.994071146,6.283185307,      505P    899
0.,0.962682482,6.151609009,0.,0.895256917,5.890486225,0.,            505P    900
0.827831352,5.629363442,0.,0.796442688,5.497787144,0.,               505P    901
0.765054023,5.366210846,0.,0.697628458,5.105088062,0.,               505P    902
0.630202894,4.843965279,0.,0.598814229,4.71238898,0.,                505P    903
0.567425565,4.580812682,0.,0.5,4.319689899,0.,0.432574435,           505P    904
4.058567115,0.,0.401185771,3.926990817,0.,0.369797106,               505P    905
3.795414519,0.,0.302371542,3.534291735,0.,0.234945977,               505P    906
3.273168952,0.,0.203557312,3.141592654,0.,0.,1.,0.,0.,-1.;           505P    907
126,8,2,1,0,0,0,0.0192307692307693,0.0192307692307693,               507P    908
0.0192307692307693,0.0288461538461539,0.0288461538461539,            507P    909
0.0384615384615384,0.0384615384615384,0.0480769230769231,            507P    910
0.0480769230769231,0.0576923076923077,0.0576923076923077,            507P    911
0.0576923076923077,1.,0.923879532511286,1.,0.923879532511287,        507P    912
1.,0.923879532511287,1.,0.923879532511287,1.,11.,0.,8.625,11.,       507P    913
-4.556349186,8.53125,7.778174593,-7.778174593,8.4375,                507P    914
4.556349186,-11.,8.34375,0.,-11.,8.25,-4.556349186,-11.,             507P    915
8.15625,-7.778174593,-7.778174593,8.0625,-11.,-4.556349186,          507P    916
7.96875,-11.,0.,7.875,0.0192307692307693,0.0576923076923077,         507P    917
-0.008520614,-0.020570583,0.999752094;                               507P    918
126,1,1,1,0,1,0,0.,0.,1.,1.,1.,1.,0.203557312,3.141592654,0.,        509P    919
0.005928854,3.141592654,0.,0.,1.,0.,0.,1.;                           509P    920
110,-11.,0.,7.875,-11.,0.,7.6875;                                    511P    921
126,16,2,1,0,1,0,0.,0.,0.,0.125,0.125,0.25,0.25,0.375,0.375,         513P    922
0.5,0.5,0.625,0.625,0.75,0.75,0.875,0.875,1.,1.,1.,1.,1.,1.,1.,      513P    923
1.,1.,1.,1.,1.,1.,1.,1.,1.,1.,1.,1.,1.,0.005928854,3.141592654,      513P    924
0.,0.037317518,3.273168952,0.,0.104743083,3.534291735,0.,            513P    925
0.172168648,3.795414519,0.,0.203557312,3.926990817,0.,               513P    926
0.234945977,4.058567115,0.,0.302371542,4.319689899,0.,               513P    927
0.369797106,4.580812682,0.,0.401185771,4.71238898,0.,                513P    928
0.432574435,4.843965279,0.,0.5,5.105088062,0.,0.567425565,           513P    929
5.366210846,0.,0.598814229,5.497787144,0.,0.630202894,               513P    930
5.629363442,0.,0.697628458,5.890486225,0.,0.765054023,               513P    931
6.151609009,0.,0.796442688,6.283185307,0.,0.,1.,0.,0.,-1.;           513P    932
126,8,2,1,0,0,0,0.865384615384615,0.865384615384615,                 515P    933
0.865384615384615,0.875,0.875,0.884615384615385,                     515P    934
0.884615384615385,0.894230769230769,0.894230769230769,               515P    935
0.903846153846154,0.903846153846154,0.903846153846154,1.,            515P    936
0.923879532511287,1.,0.923879532511287,1.,0.923879532511287,1.,      515P    937
0.923879532511285,1.,-11.,0.,7.6875,-11.,-4.556349186,7.78125,       515P    938
-7.778174593,-7.778174593,7.875,-4.556349186,-11.,7.96875,0.,        515P    939
-11.,8.0625,4.556349186,-11.,8.15625,7.778174593,-7.778174593,       515P    940
8.25,11.,-4.556349186,8.34375,11.,0.,8.4375,0.865384615384615,       515P    941
0.903846153846154,0.008520614,-0.020570583,-0.999752094;             515P    942
102,4,501,505,509,513;                                               517P    943
102,4,503,507,511,515;                                               519P    944
142,1,499,517,519,1;                                                 521P    945
144,499,1,0,521;                                                     523P    946
110,0.,0.,-9.,0.,0.,991.;                                            525P    947
110,11.,0.,-8.068125,11.,0.,-7.119375;                               527P    948
120,525,527,0.,6.28318530717959;                                     529P    949
126,16,2,1,0,1,0,0.,0.,0.,0.125,0.125,0.25,0.25,0.375,0.375,         531P    950
0.5,0.5,0.625,0.625,0.75,0.75,0.875,0.875,1.,1.,1.,1.,1.,1.,1.,      531P    951
1.,1.,1.,1.,1.,1.,1.,1.,1.,1.,1.,1.,1.,0.994071146,3.141592654,      531P    952
0.,0.962682482,3.010016355,0.,0.895256917,2.748893572,0.,            531P    953
0.827831352,2.487770788,0.,0.796442688,2.35619449,0.,                531P    954
0.765054023,2.224618192,0.,0.697628458,1.963495408,0.,               531P    955
0.630202894,1.702372625,0.,0.598814229,1.570796327,0.,               531P    956
0.567425565,1.439220029,0.,0.5,1.178097245,0.,0.432574435,           531P    957
0.916974462,0.,0.401185771,0.785398163,0.,0.369797106,               531P    958
0.653821865,0.,0.302371542,0.392699082,0.,0.234945977,               531P    959
0.131576298,0.,0.203557312,0.,0.,0.,1.,0.,0.,-1.;                    531P    960
126,8,2,1,0,0,0,0.826923076923077,0.826923076923077,                 533P    961
0.826923076923077,0.836538461538462,0.836538461538462,               533P    962
0.846153846153846,0.846153846153846,0.855769230769231,               533P    963
0.855769230769231,0.865384615384615,0.865384615384615,               533P    964
0.865384615384615,0.999999999999999,0.923879532511288,1.,            533P    965
0.923879532511287,1.,0.923879532511287,1.,0.923879532511287,1.,      533P    966
-11.,0.,-7.125,-11.,4.556349186,-7.21875,-7.778174593,               533P    967
7.778174593,-7.3125,-4.556349186,11.,-7.40625,0.,11.,-7.5,           533P    968
4.556349186,11.,-7.59375,7.778174593,7.778174593,-7.6875,11.,        533P    969
4.556349186,-7.78125,11.,0.,-7.875,0.826923076923077,                533P    970
0.865384615384615,0.008520614,0.020570583,0.999752094;               533P    971
126,1,1,1,0,1,0,0.,0.,1.,1.,1.,1.,0.203557312,0.,0.,                 535P    972
0.005928854,0.,0.,0.,1.,0.,0.,1.;                                    535P    973
110,11.,0.,-7.875,11.,0.,-8.0625;                                    537P    974
126,16,2,1,0,1,0,0.,0.,0.,0.125,0.125,0.25,0.25,0.375,0.375,         539P    975
0.5,0.5,0.625,0.625,0.75,0.75,0.875,0.875,1.,1.,1.,1.,1.,1.,1.,      539P    976
1.,1.,1.,1.,1.,1.,1.,1.,1.,1.,1.,1.,1.,0.005928854,0.,0.,            539P    977
0.037317518,0.131576298,0.,0.104743083,0.392699082,0.,               539P    978
0.172168648,0.653821865,0.,0.203557312,0.785398163,0.,               539P    979
0.234945977,0.916974462,0.,0.302371542,1.178097245,0.,               539P    980
0.369797106,1.439220029,0.,0.401185771,1.570796327,0.,               539P    981
0.432574435,1.702372625,0.,0.5,1.963495408,0.,0.567425565,           539P    982
2.224618192,0.,0.598814229,2.35619449,0.,0.630202894,                539P    983
2.487770788,0.,0.697628458,2.748893572,0.,0.765054023,               539P    984
3.010016355,0.,0.796442688,3.141592654,0.,0.,1.,0.,0.,-1.;           539P    985
126,8,2,1,0,0,0,0.0576923076923077,0.0576923076923077,               541P    986
0.0576923076923077,0.0673076923076923,0.0673076923076923,            541P    987
0.0769230769230769,0.0769230769230769,0.0865384615384616,            541P    988
0.0865384615384616,0.0961538461538461,0.0961538461538461,            541P    989
0.0961538461538461,1.,0.923879532511287,1.,0.923879532511287,        541P    990
1.,0.923879532511287,1.,0.923879532511287,0.999999999999999,         541P    991
11.,0.,-8.0625,11.,4.556349186,-7.96875,7.778174593,                 541P    992
7.778174593,-7.875,4.556349186,11.,-7.78125,0.,11.,-7.6875,          541P    993
-4.556349186,11.,-7.59375,-7.778174593,7.778174593,-7.5,-11.,        541P    994
4.556349186,-7.40625,-11.,0.,-7.3125,0.0576923076923077,             541P    995
0.0961538461538461,-0.008520614,0.020570583,-0.999752094;            541P    996
126,1,1,1,0,1,0,0.,0.,1.,1.,1.,1.,0.796442688,3.141592654,0.,        543P    997
0.994071146,3.141592654,0.,0.,1.,0.,0.,1.;                           543P    998
110,-11.,0.,-7.3125,-11.,0.,-7.125;                                  545P    999
102,4,531,535,539,543;                                               547P   1000
102,4,533,537,541,545;                                               549P   1001
142,1,529,547,549,1;                                                 551P   1002
144,529,1,0,551;                                                     553P   1003
110,0.,0.,-9.,0.,0.,991.;                                            555P   1004
110,11.,0.,-6.568125,11.,0.,-5.619375;                               557P   1005
120,555,557,0.,6.28318530717959;                                     559P   1006
126,16,2,1,0,1,0,0.,0.,0.,0.125,0.125,0.25,0.25,0.375,0.375,         561P   1007
0.5,0.5,0.625,0.625,0.75,0.75,0.875,0.875,1.,1.,1.,1.,1.,1.,1.,      561P   1008
1.,1.,1.,1.,1.,1.,1.,1.,1.,1.,1.,1.,1.,0.994071146,3.141592654,      561P   1009
0.,0.962682482,3.010016355,0.,0.895256917,2.748893572,0.,            561P   1010
0.827831352,2.487770788,0.,0.796442688,2.35619449,0.,                561P   1011
0.765054023,2.224618192,0.,0.697628458,1.963495408,0.,               561P   1012
0.630202894,1.702372625,0.,0.598814229,1.570796327,0.,               561P   1013
0.567425565,1.439220029,0.,0.5,1.178097245,0.,0.432574435,           561P   1014
0.916974462,0.,0.401185771,0.785398163,0.,0.369797106,               561P   1015
0.653821865,0.,0.302371542,0.392699082,0.,0.234945977,               561P   1016
0.131576298,0.,0.203557312,0.,0.,0.,1.,0.,0.,-1.;                    561P   1017
126,8,2,1,0,0,0,0.75,0.75,0.75,0.759615384615385,                    563P   1018
0.759615384615385,0.769230769230769,0.769230769230769,               563P   1019
0.778846153846154,0.778846153846154,0.788461538461538,               563P   1020
0.788461538461538,0.788461538461538,1.,0.923879532511287,1.,         563P   1021
0.923879532511287,1.,0.923879532511287,1.,0.923879532511286,1.,      563P   1022
-11.,0.,-5.625,-11.,4.556349186,-5.71875,-7.778174593,               563P   1023
7.778174593,-5.8125,-4.556349186,11.,-5.90625,0.,11.,-6.,            563P   1024
4.556349186,11.,-6.09375,7.778174593,7.778174593,-6.1875,11.,        563P   1025
4.556349186,-6.28125,11.,0.,-6.375,0.75,0.788461538461538,           563P   1026
0.008520614,0.020570583,0.999752094;                                 563P   1027
126,1,1,1,0,1,0,0.,0.,1.,1.,1.,1.,0.203557312,0.,0.,                 565P   1028
0.005928854,0.,0.,0.,1.,0.,0.,1.;                                    565P   1029
110,11.,0.,-6.375,11.,0.,-6.5625;                                    567P   1030
126,16,2,1,0,1,0,0.,0.,0.,0.125,0.125,0.25,0.25,0.375,0.375,         569P   1031
0.5,0.5,0.625,0.625,0.75,0.75,0.875,0.875,1.,1.,1.,1.,1.,1.,1.,      569P   1032
1.,1.,1.,1.,1.,1.,1.,1.,1.,1.,1.,1.,1.,0.005928854,0.,0.,            569P   1033
0.037317518,0.131576298,0.,0.104743083,0.392699082,0.,               569P   1034
0.172168648,0.653821865,0.,0.203557312,0.785398163,0.,               569P   1035
0.234945977,0.916974462,0.,0.302371542,1.178097245,0.,               569P   1036
0.369797106,1.439220029,0.,0.401185771,1.570796327,0.,               569P   1037
0.432574435,1.702372625,0.,0.5,1.963495408,0.,0.567425565,           569P   1038
2.224618192,0.,0.598814229,2.35619449,0.,0.630202894,                569P   1039
2.487770788,0.,0.697628458,2.748893572,0.,0.765054023,               569P   1040
3.010016355,0.,0.796442688,3.141592654,0.,0.,1.,0.,0.,-1.;           569P   1041
126,8,2,1,0,0,0,0.134615384615385,0.134615384615385,                 571P   1042
0.134615384615385,0.144230769230769,0.144230769230769,               571P   1043
0.153846153846154,0.153846153846154,0.163461538461538,               571P   1044
0.163461538461538,0.173076923076923,0.173076923076923,               571P   1045
0.173076923076923,1.,0.923879532511286,1.,0.923879532511287,1.,      571P   1046
0.923879532511287,1.,0.923879532511288,0.999999999999999,11.,        571P   1047
0.,-6.5625,11.,4.556349186,-6.46875,7.778174593,7.778174593,         571P   1048
-6.375,4.556349186,11.,-6.28125,0.,11.,-6.1875,-4.556349186,         571P   1049
11.,-6.09375,-7.778174593,7.778174593,-6.,-11.,4.556349186,          571P   1050
-5.90625,-11.,0.,-5.8125,0.134615384615385,0.173076923076923,        571P   1051
-0.008520614,0.020570583,-0.999752094;                               571P   1052
126,1,1,1,0,1,0,0.,0.,1.,1.,1.,1.,0.796442688,3.141592654,0.,        573P   1053
0.994071146,3.141592654,0.,0.,1.,0.,0.,1.;                           573P   1054
110,-11.,0.,-5.8125,-11.,0.,-5.625;                                  575P   1055
102,4,561,565,569,573;                                               577P   1056
102,4,563,567,571,575;                                               579P   1057
142,1,559,577,579,1;                                                 581P   1058
144,559,1,0,581;                                                     583P   1059
110,0.,0.,-9.,0.,0.,991.;                                            585P   1060
110,11.,0.,-5.068125,11.,0.,-4.119375;                               587P   1061
120,585,587,0.,6.28318530717959;                                     589P   1062
126,16,2,1,0,1,0,0.,0.,0.,0.125,0.125,0.25,0.25,0.375,0.375,         591P   1063
0.5,0.5,0.625,0.625,0.75,0.75,0.875,0.875,1.,1.,1.,1.,1.,1.,1.,      591P   1064
1.,1.,1.,1.,1.,1.,1.,1.,1.,1.,1.,1.,1.,0.994071146,3.141592654,      591P   1065
0.,0.962682482,3.010016355,0.,0.895256917,2.748893572,0.,            591P   1066
0.827831352,2.487770788,0.,0.796442688,2.35619449,0.,                591P   1067
0.765054023,2.224618192,0.,0.697628458,1.963495408,0.,               591P   1068
0.630202894,1.702372625,0.,0.598814229,1.570796327,0.,               591P   1069
0.567425565,1.439220029,0.,0.5,1.178097245,0.,0.432574435,           591P   1070
0.916974462,0.,0.401185771,0.785398163,0.,0.369797106,               591P   1071
0.653821865,0.,0.302371542,0.392699082,0.,0.234945977,               591P   1072
0.131576298,0.,0.203557312,0.,0.,0.,1.,0.,0.,-1.;                    591P   1073
126,8,2,1,0,0,0,0.673076923076923,0.673076923076923,                 593P   1074
0.673076923076923,0.682692307692308,0.682692307692308,               593P   1075
0.692307692307692,0.692307692307692,0.701923076923077,               593P   1076
0.701923076923077,0.711538461538462,0.711538461538462,               593P   1077
0.711538461538462,1.,0.923879532511287,1.,0.923879532511287,1.,      593P   1078
0.923879532511287,1.,0.923879532511288,0.999999999999999,-11.,       593P   1079
0.,-4.125,-11.,4.556349186,-4.21875,-7.778174593,7.778174593,        593P   1080
-4.3125,-4.556349186,11.,-4.40625,0.,11.,-4.5,4.556349186,11.,       593P   1081
-4.59375,7.778174593,7.778174593,-4.6875,11.,4.556349186,            593P   1082
-4.78125,11.,0.,-4.875,0.673076923076923,0.711538461538462,          593P   1083
0.008520614,0.020570583,0.999752094;                                 593P   1084
126,1,1,1,0,1,0,0.,0.,1.,1.,1.,1.,0.203557312,0.,0.,                 595P   1085
0.005928854,0.,0.,0.,1.,0.,0.,1.;                                    595P   1086
110,11.,0.,-4.875,11.,0.,-5.0625;                                    597P   1087
126,16,2,1,0,1,0,0.,0.,0.,0.125,0.125,0.25,0.25,0.375,0.375,         599P   1088
0.5,0.5,0.625,0.625,0.75,0.75,0.875,0.875,1.,1.,1.,1.,1.,1.,1.,      599P   1089
1.,1.,1.,1.,1.,1.,1.,1.,1.,1.,1.,1.,1.,0.005928854,0.,0.,            599P   1090
0.037317518,0.131576298,0.,0.104743083,0.392699082,0.,               599P   1091
0.172168648,0.653821865,0.,0.203557312,0.785398163,0.,               599P   1092
0.234945977,0.916974462,0.,0.302371542,1.178097245,0.,               599P   1093
0.369797106,1.439220029,0.,0.401185771,1.570796327,0.,               599P   1094
0.432574435,1.702372625,0.,0.5,1.963495408,0.,0.567425565,           599P   1095
2.224618192,0.,0.598814229,2.35619449,0.,0.630202894,                599P   1096
2.487770788,0.,0.697628458,2.748893572,0.,0.765054023,               599P   1097
3.010016355,0.,0.796442688,3.141592654,0.,0.,1.,0.,0.,-1.;           599P   1098
126,8,2,1,0,0,0,0.211538461538462,0.211538461538462,                 601P   1099
0.211538461538462,0.221153846153846,0.221153846153846,               601P   1100
0.230769230769231,0.230769230769231,0.240384615384615,               601P   1101
0.240384615384615,0.25,0.25,0.25,1.,0.923879532511287,1.,            601P   1102
0.923879532511287,1.,0.923879532511287,1.,0.923879532511287,1.,      601P   1103
11.,0.,-5.0625,11.,4.556349186,-4.96875,7.778174593,                 601P   1104
7.778174593,-4.875,4.556349186,11.,-4.78125,0.,11.,-4.6875,          601P   1105
-4.556349186,11.,-4.59375,-7.778174593,7.778174593,-4.5,-11.,        601P   1106
4.556349186,-4.40625,-11.,0.,-4.3125,0.211538461538462,0.25,         601P   1107
-0.008520614,0.020570583,-0.999752094;                               601P   1108
126,1,1,1,0,1,0,0.,0.,1.,1.,1.,1.,0.796442688,3.141592654,0.,        603P   1109
0.994071146,3.141592654,0.,0.,1.,0.,0.,1.;                           603P   1110
110,-11.,0.,-4.3125,-11.,0.,-4.125;                                  605P   1111
102,4,591,595,599,603;                                               607P   1112
102,4,593,597,601,605;                                               609P   1113
142,1,589,607,609,1;                                                 611P   1114
144,589,1,0,611;                                                     613P   1115
110,0.,0.,-9.,0.,0.,991.;                                            615P   1116
110,11.,0.,-3.568125,11.,0.,-2.619375;                               617P   1117
120,615,617,0.,6.28318530717959;                                     619P   1118
126,16,2,1,0,1,0,0.,0.,0.,0.125,0.125,0.25,0.25,0.375,0.375,         621P   1119
0.5,0.5,0.625,0.625,0.75,0.75,0.875,0.875,1.,1.,1.,1.,1.,1.,1.,      621P   1120
1.,1.,1.,1.,1.,1.,1.,1.,1.,1.,1.,1.,1.,0.994071146,3.141592654,      621P   1121
0.,0.962682482,3.010016355,0.,0.895256917,2.748893572,0.,            621P   1122
0.827831352,2.487770788,0.,0.796442688,2.35619449,0.,                621P   1123
0.765054023,2.224618192,0.,0.697628458,1.963495408,0.,               621P   1124
0.630202894,1.702372625,0.,0.598814229,1.570796327,0.,               621P   1125
0.567425565,1.439220029,0.,0.5,1.178097245,0.,0.432574435,           621P   1126
0.916974462,0.,0.401185771,0.785398163,0.,0.369797106,               621P   1127
0.653821865,0.,0.302371542,0.392699082,0.,0.234945977,               621P   1128
0.131576298,0.,0.203557312,0.,0.,0.,1.,0.,0.,-1.;                    621P   1129
126,8,2,1,0,0,0,0.596153846153846,0.596153846153846,                 623P   1130
0.596153846153846,0.605769230769231,0.605769230769231,               623P   1131
0.615384615384615,0.615384615384615,0.625,0.625,                     623P   1132
0.634615384615385,0.634615384615385,0.634615384615385,1.,            623P   1133
0.923879532511287,1.,0.923879532511287,1.,0.923879532511287,1.,      623P   1134
0.923879532511286,1.,-11.,0.,-2.625,-11.,4.556349186,-2.71875,       623P   1135
-7.778174593,7.778174593,-2.8125,-4.556349186,11.,-2.90625,0.,       623P   1136
11.,-3.,4.556349186,11.,-3.09375,7.778174593,7.778174593,            623P   1137
-3.1875,11.,4.556349186,-3.28125,11.,0.,-3.375,                      623P   1138
0.596153846153846,0.634615384615385,0.008520614,0.020570583,         623P   1139
0.999752094;                                                         623P   1140
126,1,1,1,0,1,0,0.,0.,1.,1.,1.,1.,0.203557312,0.,0.,                 625P   1141
0.005928854,0.,0.,0.,1.,0.,0.,1.;                                    625P   1142
110,11.,0.,-3.375,11.,0.,-3.5625;                                    627P   1143
126,16,2,1,0,1,0,0.,0.,0.,0.125,0.125,0.25,0.25,0.375,0.375,         629P   1144
0.5,0.5,0.625,0.625,0.75,0.75,0.875,0.875,1.,1.,1.,1.,1.,1.,1.,      629P   1145
1.,1.,1.,1.,1.,1.,1.,1.,1.,1.,1.,1.,1.,0.005928854,0.,0.,            629P   1146
0.037317518,0.131576298,0.,0.104743083,0.392699082,0.,               629P   1147
0.172168648,0.653821865,0.,0.203557312,0.785398163,0.,               629P   1148
0.234945977,0.916974462,0.,0.302371542,1.178097245,0.,               629P   1149
0.369797106,1.439220029,0.,0.401185771,1.570796327,0.,               629P   1150
0.432574435,1.702372625,0.,0.5,1.963495408,0.,0.567425565,           629P   1151
2.224618192,0.,0.598814229,2.35619449,0.,0.630202894,                629P   1152
2.487770788,0.,0.697628458,2.748893572,0.,0.765054023,               629P   1153
3.010016355,0.,0.796442688,3.141592654,0.,0.,1.,0.,0.,-1.;           629P   1154
126,8,2,1,0,0,0,0.288461538461538,0.288461538461538,                 631P   1155
0.288461538461538,0.298076923076923,0.298076923076923,               631P   1156
0.307692307692308,0.307692307692308,0.317307692307692,               631P   1157
0.317307692307692,0.326923076923077,0.326923076923077,               631P   1158
0.326923076923077,1.,0.923879532511287,1.,0.923879532511287,1.,      631P   1159
0.923879532511287,1.,0.923879532511286,1.,11.,0.,-3.5625,11.,        631P   1160
4.556349186,-3.46875,7.778174593,7.778174593,-3.375,                 631P   1161
4.556349186,11.,-3.28125,0.,11.,-3.1875,-4.556349186,11.,            631P   1162
-3.09375,-7.778174593,7.778174593,-3.,-11.,4.556349186,              631P   1163
-2.90625,-11.,0.,-2.8125,0.288461538461538,0.326923076923077,        631P   1164
-0.008520614,0.020570583,-0.999752094;                               631P   1165
126,1,1,1,0,1,0,0.,0.,1.,1.,1.,1.,0.796442688,3.141592654,0.,        633P   1166
0.994071146,3.141592654,0.,0.,1.,0.,0.,1.;                           633P   1167
110,-11.,0.,-2.8125,-11.,0.,-2.625;                                  635P   1168
102,4,621,625,629,633;                                               637P   1169
102,4,623,627,631,635;                                               639P   1170
142,1,619,637,639,1;                                                 641P   1171
144,619,1,0,641;                                                     643P   1172
110,0.,0.,-9.,0.,0.,991.;                                            645P   1173
110,11.,0.,-2.068125,11.,0.,-1.119375;                               647P   1174
120,645,647,0.,6.28318530717959;                                     649P   1175
126,16,2,1,0,1,0,0.,0.,0.,0.125,0.125,0.25,0.25,0.375,0.375,         651P   1176
0.5,0.5,0.625,0.625,0.75,0.75,0.875,0.875,1.,1.,1.,1.,1.,1.,1.,      651P   1177
1.,1.,1.,1.,1.,1.,1.,1.,1.,1.,1.,1.,1.,0.994071146,3.141592654,      651P   1178
0.,0.962682482,3.010016355,0.,0.895256917,2.748893572,0.,            651P   1179
0.827831352,2.487770788,0.,0.796442688,2.35619449,0.,                651P   1180
0.765054023,2.224618192,0.,0.697628458,1.963495408,0.,               651P   1181
0.630202894,1.702372625,0.,0.598814229,1.570796327,0.,               651P   1182
0.567425565,1.439220029,0.,0.5,1.178097245,0.,0.432574435,           651P   1183
0.916974462,0.,0.401185771,0.785398163,0.,0.369797106,               651P   1184
0.653821865,0.,0.302371542,0.392699082,0.,0.234945977,               651P   1185
0.131576298,0.,0.203557312,0.,0.,0.,1.,0.,0.,-1.;                    651P   1186
126,8,2,1,0,0,0,0.519230769230769,0.519230769230769,                 653P   1187
0.519230769230769,0.528846153846154,0.528846153846154,               653P   1188
0.538461538461538,0.538461538461538,0.548076923076923,               653P   1189
0.548076923076923,0.557692307692308,0.557692307692308,               653P   1190
0.557692307692308,1.,0.923879532511287,1.,0.923879532511287,1.,      653P   1191
0.923879532511287,1.,0.923879532511286,1.,-11.,0.,-1.125,-11.,       653P   1192
4.556349186,-1.21875,-7.778174593,7.778174593,-1.3125,               653P   1193
-4.556349186,11.,-1.40625,0.,11.,-1.5,4.556349186,11.,-1.59375,      653P   1194
7.778174593,7.778174593,-1.6875,11.,4.556349186,-1.78125,11.,        653P   1195
0.,-1.875,0.519230769230769,0.557692307692308,0.008520614,           653P   1196
0.020570583,0.999752094;                                             653P   1197
126,1,1,1,0,1,0,0.,0.,1.,1.,1.,1.,0.203557312,0.,0.,                 655P   1198
0.005928854,0.,0.,0.,1.,0.,0.,1.;                                    655P   1199
110,11.,0.,-1.875,11.,0.,-2.0625;                                    657P   1200
126,16,2,1,0,1,0,0.,0.,0.,0.125,0.125,0.25,0.25,0.375,0.375,         659P   1201
0.5,0.5,0.625,0.625,0.75,0.75,0.875,0.875,1.,1.,1.,1.,1.,1.,1.,      659P   1202
1.,1.,1.,1.,1.,1.,1.,1.,1.,1.,1.,1.,1.,0.005928854,0.,0.,            659P   1203
0.037317518,0.131576298,0.,0.104743083,0.392699082,0.,               659P   1204
0.172168648,0.653821865,0.,0.203557312,0.785398163,0.,               659P   1205
0.234945977,0.916974462,0.,0.302371542,1.178097245,0.,               659P   1206
0.369797106,1.439220029,0.,0.401185771,1.570796327,0.,               659P   1207
0.432574435,1.702372625,0.,0.5,1.963495408,0.,0.567425565,           659P   1208
2.224618192,0.,0.598814229,2.35619449,0.,0.630202894,                659P   1209
2.487770788,0.,0.697628458,2.748893572,0.,0.765054023,               659P   1210
3.010016355,0.,0.796442688,3.141592654,0.,0.,1.,0.,0.,-1.;           659P   1211
126,8,2,1,0,0,0,0.365384615384615,0.365384615384615,                 661P   1212
0.365384615384615,0.375,0.375,0.384615384615385,                     661P   1213
0.384615384615385,0.394230769230769,0.394230769230769,               661P   1214
0.403846153846154,0.403846153846154,0.403846153846154,1.,            661P   1215
0.923879532511286,1.,0.923879532511287,1.,0.923879532511287,1.,      661P   1216
0.923879532511287,1.,11.,0.,-2.0625,11.,4.556349186,-1.96875,        661P   1217
7.778174593,7.778174593,-1.875,4.556349186,11.,-1.78125,0.,11.,      661P   1218
-1.6875,-4.556349186,11.,-1.59375,-7.778174593,7.778174593,          661P   1219
-1.5,-11.,4.556349186,-1.40625,-11.,0.,-1.3125,                      661P   1220
0.365384615384615,0.403846153846154,-0.008520614,0.020570583,        661P   1221
-0.999752094;                                                        661P   1222
126,1,1,1,0,1,0,0.,0.,1.,1.,1.,1.,0.796442688,3.141592654,0.,        663P   1223
0.994071146,3.141592654,0.,0.,1.,0.,0.,1.;                           663P   1224
110,-11.,0.,-1.3125,-11.,0.,-1.125;                                  665P   1225
102,4,651,655,659,663;                                               667P   1226
102,4,653,657,661,665;                                               669P   1227
142,1,649,667,669,1;                                                 671P   1228
144,649,1,0,671;                                                     673P   1229
110,0.,0.,-9.,0.,0.,991.;                                            675P   1230
110,11.,0.,-0.568125,11.,0.,0.380625;                                677P   1231
120,675,677,0.,6.28318530717959;                                     679P   1232
126,16,2,1,0,1,0,0.,0.,0.,0.125,0.125,0.25,0.25,0.375,0.375,         681P   1233
0.5,0.5,0.625,0.625,0.75,0.75,0.875,0.875,1.,1.,1.,1.,1.,1.,1.,      681P   1234
1.,1.,1.,1.,1.,1.,1.,1.,1.,1.,1.,1.,1.,0.994071146,3.141592654,      681P   1235
0.,0.962682482,3.010016355,0.,0.895256917,2.748893572,0.,            681P   1236
0.827831352,2.487770788,0.,0.796442688,2.35619449,0.,                681P   1237
0.765054023,2.224618192,0.,0.697628458,1.963495408,0.,               681P   1238
0.630202894,1.702372625,0.,0.598814229,1.570796327,0.,               681P   1239
0.567425565,1.439220029,0.,0.5,1.178097245,0.,0.432574435,           681P   1240
0.916974462,0.,0.401185771,0.785398163,0.,0.369797106,               681P   1241
0.653821865,0.,0.302371542,0.392699082,0.,0.234945977,               681P   1242
0.131576298,0.,0.203557312,0.,0.,0.,1.,0.,0.,-1.;                    681P   1243
126,8,2,1,0,0,0,0.442307692307692,0.442307692307692,                 683P   1244
0.442307692307692,0.451923076923077,0.451923076923077,               683P   1245
0.461538461538462,0.461538461538462,0.471153846153846,               683P   1246
0.471153846153846,0.480769230769231,0.480769230769231,               683P   1247
0.480769230769231,1.,0.923879532511287,1.,0.923879532511287,1.,      683P   1248
0.923879532511287,1.,0.923879532511287,1.,-11.,0.,0.375,-11.,        683P   1249
4.556349186,0.28125,-7.778174593,7.778174593,0.1875,                 683P   1250
-4.556349186,11.,0.09375,0.,11.,0.,4.556349186,11.,-0.09375,         683P   1251
7.778174593,7.778174593,-0.1875,11.,4.556349186,-0.28125,11.,        683P   1252
0.,-0.375,0.442307692307692,0.480769230769231,0.008520614,           683P   1253
0.020570583,0.999752094;                                             683P   1254
126,1,1,1,0,1,0,0.,0.,1.,1.,1.,1.,0.203557312,0.,0.,                 685P   1255
0.005928854,0.,0.,0.,1.,0.,0.,1.;                                    685P   1256
110,11.,0.,-0.375,11.,0.,-0.5625;                                    687P   1257
126,16,2,1,0,1,0,0.,0.,0.,0.125,0.125,0.25,0.25,0.375,0.375,         689P   1258
0.5,0.5,0.625,0.625,0.75,0.75,0.875,0.875,1.,1.,1.,1.,1.,1.,1.,      689P   1259
1.,1.,1.,1.,1.,1.,1.,1.,1.,1.,1.,1.,1.,0.005928854,0.,0.,            689P   1260
0.037317518,0.131576298,0.,0.104743083,0.392699082,0.,               689P   1261
0.172168648,0.653821865,0.,0.203557312,0.785398163,0.,               689P   1262
0.234945977,0.916974462,0.,0.302371542,1.178097245,0.,               689P   1263
0.369797106,1.439220029,0.,0.401185771,1.570796327,0.,               689P   1264
0.432574435,1.702372625,0.,0.5,1.963495408,0.,0.567425565,           689P   1265
2.224618192,0.,0.598814229,2.35619449,0.,0.630202894,                689P   1266
2.487770788,0.,0.697628458,2.748893572,0.,0.765054023,               689P   1267
3.010016355,0.,0.796442688,3.141592654,0.,0.,1.,0.,0.,-1.;           689P   1268
126,8,2,1,0,0,0,0.442307692307692,0.442307692307692,                 691P   1269
0.442307692307692,0.451923076923077,0.451923076923077,               691P   1270
0.461538461538462,0.461538461538462,0.471153846153846,               691P   1271
0.471153846153846,0.480769230769231,0.480769230769231,               691P   1272
0.480769230769231,1.,0.923879532511287,1.,0.923879532511287,1.,      691P   1273
0.923879532511287,1.,0.923879532511286,1.,11.,0.,-0.5625,11.,        691P   1274
4.556349186,-0.46875,7.778174593,7.778174593,-0.375,                 691P   1275
4.556349186,11.,-0.28125,0.,11.,-0.1875,-4.556349186,11.,            691P   1276
-0.09375,-7.778174593,7.778174593,0.,-11.,4.556349186,0.09375,       691P   1277
-11.,0.,0.1875,0.442307692307692,0.480769230769231,                  691P   1278
-0.008520614,0.020570583,-0.999752094;                               691P   1279
126,1,1,1,0,1,0,0.,0.,1.,1.,1.,1.,0.796442688,3.141592654,0.,        693P   1280
0.994071146,3.141592654,0.,0.,1.,0.,0.,1.;                           693P   1281
110,-11.,0.,0.1875,-11.,0.,0.375;                                    695P   1282
102,4,681,685,689,693;                                               697P   1283
102,4,683,687,691,695;                                               699P   1284
142,1,679,697,699,1;                                                 701P   1285
144,679,1,0,701;                                                     703P   1286
110,0.,0.,-9.,0.,0.,991.;                                            705P   1287
110,11.,0.,0.931875,11.,0.,1.880625;                                 707P   1288
120,705,707,0.,6.28318530717959;                                     709P   1289
126,16,2,1,0,1,0,0.,0.,0.,0.125,0.125,0.25,0.25,0.375,0.375,         711P   1290
0.5,0.5,0.625,0.625,0.75,0.75,0.875,0.875,1.,1.,1.,1.,1.,1.,1.,      711P   1291
1.,1.,1.,1.,1.,1.,1.,1.,1.,1.,1.,1.,1.,0.994071146,3.141592654,      711P   1292
0.,0.962682482,3.010016355,0.,0.895256917,2.748893572,0.,            711P   1293
0.827831352,2.487770788,0.,0.796442688,2.35619449,0.,                711P   1294
0.765054023,2.224618192,0.,0.697628458,1.963495408,0.,               711P   1295
0.630202894,1.702372625,0.,0.598814229,1.570796327,0.,               711P   1296
0.567425565,1.439220029,0.,0.5,1.178097245,0.,0.432574435,           711P   1297
0.916974462,0.,0.401185771,0.785398163,0.,0.369797106,               711P   1298
0.653821865,0.,0.302371542,0.392699082,0.,0.234945977,               711P   1299
0.131576298,0.,0.203557312,0.,0.,0.,1.,0.,0.,-1.;                    711P   1300
126,8,2,1,0,0,0,0.365384615384615,0.365384615384615,                 713P   1301
0.365384615384615,0.375,0.375,0.384615384615385,                     713P   1302
0.384615384615385,0.394230769230769,0.394230769230769,               713P   1303
0.403846153846154,0.403846153846154,0.403846153846154,1.,            713P   1304
0.923879532511286,1.,0.923879532511287,1.,0.923879532511287,1.,      713P   1305
0.923879532511287,1.,-11.,0.,1.875,-11.,4.556349186,1.78125,         713P   1306
-7.778174593,7.778174593,1.6875,-4.556349186,11.,1.59375,0.,         713P   1307
11.,1.5,4.556349186,11.,1.40625,7.778174593,7.778174593,1.3125,      713P   1308
11.,4.556349186,1.21875,11.,0.,1.125,0.365384615384615,              713P   1309
0.403846153846154,0.008520614,0.020570583,0.999752094;               713P   1310
126,1,1,1,0,1,0,0.,0.,1.,1.,1.,1.,0.203557312,0.,0.,                 715P   1311
0.005928854,0.,0.,0.,1.,0.,0.,1.;                                    715P   1312
110,11.,0.,1.125,11.,0.,0.9375;                                      717P   1313
126,16,2,1,0,1,0,0.,0.,0.,0.125,0.125,0.25,0.25,0.375,0.375,         719P   1314
0.5,0.5,0.625,0.625,0.75,0.75,0.875,0.875,1.,1.,1.,1.,1.,1.,1.,      719P   1315
1.,1.,1.,1.,1.,1.,1.,1.,1.,1.,1.,1.,1.,0.005928854,0.,0.,            719P   1316
0.037317518,0.131576298,0.,0.104743083,0.392699082,0.,               719P   1317
0.172168648,0.653821865,0.,0.203557312,0.785398163,0.,               719P   1318
0.234945977,0.916974462,0.,0.302371542,1.178097245,0.,               719P   1319
0.369797106,1.439220029,0.,0.401185771,1.570796327,0.,               719P   1320
0.432574435,1.702372625,0.,0.5,1.963495408,0.,0.567425565,           719P   1321
2.224618192,0.,0.598814229,2.35619449,0.,0.630202894,                719P   1322
2.487770788,0.,0.697628458,2.748893572,0.,0.765054023,               719P   1323
3.010016355,0.,0.796442688,3.141592654,0.,0.,1.,0.,0.,-1.;           719P   1324
126,8,2,1,0,0,0,0.519230769230769,0.519230769230769,                 721P   1325
0.519230769230769,0.528846153846154,0.528846153846154,               721P   1326
0.538461538461538,0.538461538461538,0.548076923076923,               721P   1327
0.548076923076923,0.557692307692308,0.557692307692308,               721P   1328
0.557692307692308,0.999999999999999,0.923879532511288,1.,            721P   1329
0.923879532511287,1.,0.923879532511287,1.,0.923879532511287,1.,      721P   1330
11.,0.,0.9375,11.,4.556349186,1.03125,7.778174593,7.778174593,       721P   1331
1.125,4.556349186,11.,1.21875,0.,11.,1.3125,-4.556349186,11.,        721P   1332
1.40625,-7.778174593,7.778174593,1.5,-11.,4.556349186,1.59375,       721P   1333
-11.,0.,1.6875,0.519230769230769,0.557692307692308,                  721P   1334
-0.008520614,0.020570583,-0.999752094;                               721P   1335
126,1,1,1,0,1,0,0.,0.,1.,1.,1.,1.,0.796442688,3.141592654,0.,        723P   1336
0.994071146,3.141592654,0.,0.,1.,0.,0.,1.;                           723P   1337
110,-11.,0.,1.6875,-11.,0.,1.875;                                    725P   1338
102,4,711,715,719,723;                                               727P   1339
102,4,713,717,721,725;                                               729P   1340
142,1,709,727,729,1;                                                 731P   1341
144,709,1,0,731;                                                     733P   1342
110,0.,0.,-9.,0.,0.,991.;                                            735P   1343
110,11.,0.,2.431875,11.,0.,3.380625;                                 737P   1344
120,735,737,0.,6.28318530717959;                                     739P   1345
126,16,2,1,0,1,0,0.,0.,0.,0.125,0.125,0.25,0.25,0.375,0.375,         741P   1346
0.5,0.5,0.625,0.625,0.75,0.75,0.875,0.875,1.,1.,1.,1.,1.,1.,1.,      741P   1347
1.,1.,1.,1.,1.,1.,1.,1.,1.,1.,1.,1.,1.,0.994071146,3.141592654,      741P   1348
0.,0.962682482,3.010016355,0.,0.895256917,2.748893572,0.,            741P   1349
0.827831352,2.487770788,0.,0.796442688,2.35619449,0.,                741P   1350
0.765054023,2.224618192,0.,0.697628458,1.963495408,0.,               741P   1351
0.630202894,1.702372625,0.,0.598814229,1.570796327,0.,               741P   1352
0.567425565,1.439220029,0.,0.5,1.178097245,0.,0.432574435,           741P   1353
0.916974462,0.,0.401185771,0.785398163,0.,0.369797106,               741P   1354
0.653821865,0.,0.302371542,0.392699082,0.,0.234945977,               741P   1355
0.131576298,0.,0.203557312,0.,0.,0.,1.,0.,0.,-1.;                    741P   1356
126,8,2,1,0,0,0,0.288461538461538,0.288461538461538,                 743P   1357
0.288461538461538,0.298076923076923,0.298076923076923,               743P   1358
0.307692307692308,0.307692307692308,0.317307692307692,               743P   1359
0.317307692307692,0.326923076923077,0.326923076923077,               743P   1360
0.326923076923077,1.,0.923879532511287,1.,0.923879532511287,1.,      743P   1361
0.923879532511287,1.,0.923879532511286,1.,-11.,0.,3.375,-11.,        743P   1362
4.556349186,3.28125,-7.778174593,7.778174593,3.1875,                 743P   1363
-4.556349186,11.,3.09375,0.,11.,3.,4.556349186,11.,2.90625,          743P   1364
7.778174593,7.778174593,2.8125,11.,4.556349186,2.71875,11.,0.,       743P   1365
2.625,0.288461538461538,0.326923076923077,0.008520614,               743P   1366
0.020570583,0.999752094;                                             743P   1367
126,1,1,1,0,1,0,0.,0.,1.,1.,1.,1.,0.203557312,0.,0.,                 745P   1368
0.005928854,0.,0.,0.,1.,0.,0.,1.;                                    745P   1369
110,11.,0.,2.625,11.,0.,2.4375;                                      747P   1370
126,16,2,1,0,1,0,0.,0.,0.,0.125,0.125,0.25,0.25,0.375,0.375,         749P   1371
0.5,0.5,0.625,0.625,0.75,0.75,0.875,0.875,1.,1.,1.,1.,1.,1.,1.,      749P   1372
1.,1.,1.,1.,1.,1.,1.,1.,1.,1.,1.,1.,1.,0.005928854,0.,0.,            749P   1373
0.037317518,0.131576298,0.,0.104743083,0.392699082,0.,               749P   1374
0.172168648,0.653821865,0.,0.203557312,0.785398163,0.,               749P   1375
0.234945977,0.916974462,0.,0.302371542,1.178097245,0.,               749P   1376
0.369797106,1.439220029,0.,0.401185771,1.570796327,0.,               749P   1377
0.432574435,1.702372625,0.,0.5,1.963495408,0.,0.567425565,           749P   1378
2.224618192,0.,0.598814229,2.35619449,0.,0.630202894,                749P   1379
2.487770788,0.,0.697628458,2.748893572,0.,0.765054023,               749P   1380
3.010016355,0.,0.796442688,3.141592654,0.,0.,1.,0.,0.,-1.;           749P   1381
126,8,2,1,0,0,0,0.596153846153846,0.596153846153846,                 751P   1382
0.596153846153846,0.605769230769231,0.605769230769231,               751P   1383
0.615384615384615,0.615384615384615,0.625,0.625,                     751P   1384
0.634615384615385,0.634615384615385,0.634615384615385,1.,            751P   1385
0.923879532511287,1.,0.923879532511287,1.,0.923879532511287,1.,      751P   1386
0.923879532511288,0.999999999999999,11.,0.,2.4375,11.,               751P   1387
4.556349186,2.53125,7.778174593,7.778174593,2.625,4.556349186,       751P   1388
11.,2.71875,0.,11.,2.8125,-4.556349186,11.,2.90625,                  751P   1389
-7.778174593,7.778174593,3.,-11.,4.556349186,3.09375,-11.,0.,        751P   1390
3.1875,0.596153846153846,0.634615384615385,-0.008520614,             751P   1391
0.020570583,-0.999752094;                                            751P   1392
126,1,1,1,0,1,0,0.,0.,1.,1.,1.,1.,0.796442688,3.141592654,0.,        753P   1393
0.994071146,3.141592654,0.,0.,1.,0.,0.,1.;                           753P   1394
110,-11.,0.,3.1875,-11.,0.,3.375;                                    755P   1395
102,4,741,745,749,753;                                               757P   1396
102,4,743,747,751,755;                                               759P   1397
142,1,739,757,759,1;                                                 761P   1398
144,739,1,0,761;                                                     763P   1399
110,0.,0.,-9.,0.,0.,991.;                                            765P   1400
110,11.,0.,3.931875,11.,0.,4.880625;                                 767P   1401
120,765,767,0.,6.28318530717959;                                     769P   1402
126,16,2,1,0,1,0,0.,0.,0.,0.125,0.125,0.25,0.25,0.375,0.375,         771P   1403
0.5,0.5,0.625,0.625,0.75,0.75,0.875,0.875,1.,1.,1.,1.,1.,1.,1.,      771P   1404
1.,1.,1.,1.,1.,1.,1.,1.,1.,1.,1.,1.,1.,0.994071146,3.141592654,      771P   1405
0.,0.962682482,3.010016355,0.,0.895256917,2.748893572,0.,            771P   1406
0.827831352,2.487770788,0.,0.796442688,2.35619449,0.,                771P   1407
0.765054023,2.224618192,0.,0.697628458,1.963495408,0.,               771P   1408
0.630202894,1.702372625,0.,0.598814229,1.570796327,0.,               771P   1409
0.567425565,1.439220029,0.,0.5,1.178097245,0.,0.432574435,           771P   1410
0.916974462,0.,0.401185771,0.785398163,0.,0.369797106,               771P   1411
0.653821865,0.,0.302371542,0.392699082,0.,0.234945977,               771P   1412
0.131576298,0.,0.203557312,0.,0.,0.,1.,0.,0.,-1.;                    771P   1413
126,8,2,1,0,0,0,0.211538461538462,0.211538461538462,                 773P   1414
0.211538461538462,0.221153846153846,0.221153846153846,               773P   1415
0.230769230769231,0.230769230769231,0.240384615384615,               773P   1416
0.240384615384615,0.25,0.25,0.25,1.,0.923879532511287,1.,            773P   1417
0.923879532511287,1.,0.923879532511287,1.,0.923879532511287,1.,      773P   1418
-11.,0.,4.875,-11.,4.556349186,4.78125,-7.778174593,                 773P   1419
7.778174593,4.6875,-4.556349186,11.,4.59375,0.,11.,4.5,              773P   1420
4.556349186,11.,4.40625,7.778174593,7.778174593,4.3125,11.,          773P   1421
4.556349186,4.21875,11.,0.,4.125,0.211538461538462,0.25,             773P   1422
0.008520614,0.020570583,0.999752094;                                 773P   1423
126,1,1,1,0,1,0,0.,0.,1.,1.,1.,1.,0.203557312,0.,0.,                 775P   1424
0.005928854,0.,0.,0.,1.,0.,0.,1.;                                    775P   1425
110,11.,0.,4.125,11.,0.,3.9375;                                      777P   1426
126,16,2,1,0,1,0,0.,0.,0.,0.125,0.125,0.25,0.25,0.375,0.375,         779P   1427
0.5,0.5,0.625,0.625,0.75,0.75,0.875,0.875,1.,1.,1.,1.,1.,1.,1.,      779P   1428
1.,1.,1.,1.,1.,1.,1.,1.,1.,1.,1.,1.,1.,0.005928854,0.,0.,            779P   1429
0.037317518,0.131576298,0.,0.104743083,0.392699082,0.,               779P   1430
0.172168648,0.653821865,0.,0.203557312,0.785398163,0.,               779P   1431
0.234945977,0.916974462,0.,0.302371542,1.178097245,0.,               779P   1432
0.369797106,1.439220029,0.,0.401185771,1.570796327,0.,               779P   1433
0.432574435,1.702372625,0.,0.5,1.963495408,0.,0.567425565,           779P   1434
2.224618192,0.,0.598814229,2.35619449,0.,0.630202894,                779P   1435
2.487770788,0.,0.697628458,2.748893572,0.,0.765054023,               779P   1436
3.010016355,0.,0.796442688,3.141592654,0.,0.,1.,0.,0.,-1.;           779P   1437
126,8,2,1,0,0,0,0.673076923076923,0.673076923076923,                 781P   1438
0.673076923076923,0.682692307692308,0.682692307692308,               781P   1439
0.692307692307692,0.692307692307692,0.701923076923077,               781P   1440
0.701923076923077,0.711538461538462,0.711538461538462,               781P   1441
0.711538461538462,1.,0.923879532511287,1.,0.923879532511287,1.,      781P   1442
0.923879532511287,1.,0.923879532511288,0.999999999999999,11.,        781P   1443
0.,3.9375,11.,4.556349186,4.03125,7.778174593,7.778174593,           781P   1444
4.125,4.556349186,11.,4.21875,0.,11.,4.3125,-4.556349186,11.,        781P   1445
4.40625,-7.778174593,7.778174593,4.5,-11.,4.556349186,4.59375,       781P   1446
-11.,0.,4.6875,0.673076923076923,0.711538461538462,                  781P   1447
-0.008520614,0.020570583,-0.999752094;                               781P   1448
126,1,1,1,0,1,0,0.,0.,1.,1.,1.,1.,0.796442688,3.141592654,0.,        783P   1449
0.994071146,3.141592654,0.,0.,1.,0.,0.,1.;                           783P   1450
110,-11.,0.,4.6875,-11.,0.,4.875;                                    785P   1451
102,4,771,775,779,783;                                               787P   1452
102,4,773,777,781,785;                                               789P   1453
142,1,769,787,789,1;                                                 791P   1454
144,769,1,0,791;                                                     793P   1455
110,0.,0.,-9.,0.,0.,991.;                                            795P   1456
110,11.,0.,5.431875,11.,0.,6.380625;                                 797P   1457
120,795,797,0.,6.28318530717959;                                     799P   1458
126,16,2,1,0,1,0,0.,0.,0.,0.125,0.125,0.25,0.25,0.375,0.375,         801P   1459
0.5,0.5,0.625,0.625,0.75,0.75,0.875,0.875,1.,1.,1.,1.,1.,1.,1.,      801P   1460
1.,1.,1.,1.,1.,1.,1.,1.,1.,1.,1.,1.,1.,0.994071146,3.141592654,      801P   1461
0.,0.962682482,3.010016355,0.,0.895256917,2.748893572,0.,            801P   1462
0.827831352,2.487770788,0.,0.796442688,2.35619449,0.,                801P   1463
0.765054023,2.224618192,0.,0.697628458,1.963495408,0.,               801P   1464
0.630202894,1.702372625,0.,0.598814229,1.570796327,0.,               801P   1465
0.567425565,1.439220029,0.,0.5,1.178097245,0.,0.432574435,           801P   1466
0.916974462,0.,0.401185771,0.785398163,0.,0.369797106,               801P   1467
0.653821865,0.,0.302371542,0.392699082,0.,0.234945977,               801P   1468
0.131576298,0.,0.203557312,0.,0.,0.,1.,0.,0.,-1.;                    801P   1469
126,8,2,1,0,0,0,0.134615384615385,0.134615384615385,                 803P   1470
0.134615384615385,0.144230769230769,0.144230769230769,               803P   1471
0.153846153846154,0.153846153846154,0.163461538461538,               803P   1472
0.163461538461538,0.173076923076923,0.173076923076923,               803P   1473
0.173076923076923,1.,0.923879532511287,1.,0.923879532511287,1.,      803P   1474
0.923879532511287,1.,0.923879532511288,0.999999999999999,-11.,       803P   1475
0.,6.375,-11.,4.556349186,6.28125,-7.778174593,7.778174593,          803P   1476
6.1875,-4.556349186,11.,6.09375,0.,11.,6.,4.556349186,11.,           803P   1477
5.90625,7.778174593,7.778174593,5.8125,11.,4.556349186,5.71875,      803P   1478
11.,0.,5.625,0.134615384615385,0.173076923076923,0.008520614,        803P   1479
0.020570583,0.999752094;                                             803P   1480
126,1,1,1,0,1,0,0.,0.,1.,1.,1.,1.,0.203557312,0.,0.,                 805P   1481
0.005928854,0.,0.,0.,1.,0.,0.,1.;                                    805P   1482
110,11.,0.,5.625,11.,0.,5.4375;                                      807P   1483
126,16,2,1,0,1,0,0.,0.,0.,0.125,0.125,0.25,0.25,0.375,0.375,         809P   1484
0.5,0.5,0.625,0.625,0.75,0.75,0.875,0.875,1.,1.,1.,1.,1.,1.,1.,      809P   1485
1.,1.,1.,1.,1.,1.,1.,1.,1.,1.,1.,1.,1.,0.005928854,0.,0.,            809P   1486
0.037317518,0.131576298,0.,0.104743083,0.392699082,0.,               809P   1487
0.172168648,0.653821865,0.,0.203557312,0.785398163,0.,               809P   1488
0.234945977,0.916974462,0.,0.302371542,1.178097245,0.,               809P   1489
0.369797106,1.439220029,0.,0.401185771,1.570796327,0.,               809P   1490
0.432574435,1.702372625,0.,0.5,1.963495408,0.,0.567425565,           809P   1491
2.224618192,0.,0.598814229,2.35619449,0.,0.630202894,                809P   1492
2.487770788,0.,0.697628458,2.748893572,0.,0.765054023,               809P   1493
3.010016355,0.,0.796442688,3.141592654,0.,0.,1.,0.,0.,-1.;           809P   1494
126,8,2,1,0,0,0,0.75,0.75,0.75,0.759615384615385,                    811P   1495
0.759615384615385,0.769230769230769,0.769230769230769,               811P   1496
0.778846153846154,0.778846153846154,0.788461538461538,               811P   1497
0.788461538461538,0.788461538461538,1.,0.923879532511287,1.,         811P   1498
0.923879532511287,1.,0.923879532511287,1.,0.923879532511286,1.,      811P   1499
11.,0.,5.4375,11.,4.556349186,5.53125,7.778174593,7.778174593,       811P   1500
5.625,4.556349186,11.,5.71875,0.,11.,5.8125,-4.556349186,11.,        811P   1501
5.90625,-7.778174593,7.778174593,6.,-11.,4.556349186,6.09375,        811P   1502
-11.,0.,6.1875,0.75,0.788461538461538,-0.008520614,0.020570583,      811P   1503
-0.999752094;                                                        811P   1504
126,1,1,1,0,1,0,0.,0.,1.,1.,1.,1.,0.796442688,3.141592654,0.,        813P   1505
0.994071146,3.141592654,0.,0.,1.,0.,0.,1.;                           813P   1506
110,-11.,0.,6.1875,-11.,0.,6.375;                                    815P   1507
102,4,801,805,809,813;                                               817P   1508
102,4,803,807,811,815;                                               819P   1509
142,1,799,817,819,1;                                                 821P   1510
144,799,1,0,821;                                                     823P   1511
110,0.,0.,-9.,0.,0.,991.;                                            825P   1512
110,11.,0.,6.931875,11.,0.,7.880625;                                 827P   1513
120,825,827,0.,6.28318530717959;                                     829P   1514
126,16,2,1,0,1,0,0.,0.,0.,0.125,0.125,0.25,0.25,0.375,0.375,         831P   1515
0.5,0.5,0.625,0.625,0.75,0.75,0.875,0.875,1.,1.,1.,1.,1.,1.,1.,      831P   1516
1.,1.,1.,1.,1.,1.,1.,1.,1.,1.,1.,1.,1.,0.994071146,3.141592654,      831P   1517
0.,0.962682482,3.010016355,0.,0.895256917,2.748893572,0.,            831P   1518
0.827831352,2.487770788,0.,0.796442688,2.35619449,0.,                831P   1519
0.765054023,2.224618192,0.,0.697628458,1.963495408,0.,               831P   1520
0.630202894,1.702372625,0.,0.598814229,1.570796327,0.,               831P   1521
0.567425565,1.439220029,0.,0.5,1.178097245,0.,0.432574435,           831P   1522
0.916974462,0.,0.401185771,0.785398163,0.,0.369797106,               831P   1523
0.653821865,0.,0.302371542,0.392699082,0.,0.234945977,               831P   1524
0.131576298,0.,0.203557312,0.,0.,0.,1.,0.,0.,-1.;                    831P   1525
126,8,2,1,0,0,0,0.0576923076923077,0.0576923076923077,               833P   1526
0.0576923076923077,0.0673076923076923,0.0673076923076923,            833P   1527
0.0769230769230769,0.0769230769230769,0.0865384615384616,            833P   1528
0.0865384615384616,0.0961538461538461,0.0961538461538461,            833P   1529
0.0961538461538461,1.,0.923879532511287,1.,0.923879532511287,        833P   1530
1.,0.923879532511287,1.,0.923879532511287,1.,-11.,0.,7.875,          833P   1531
-11.,4.556349186,7.78125,-7.778174593,7.778174593,7.6875,            833P   1532
-4.556349186,11.,7.59375,0.,11.,7.5,4.556349186,11.,7.40625,         833P   1533
7.778174593,7.778174593,7.3125,11.,4.556349186,7.21875,11.,0.,       833P   1534
7.125,0.0576923076923077,0.0961538461538461,0.008520614,             833P   1535
0.020570583,0.999752094;                                             833P   1536
126,1,1,1,0,1,0,0.,0.,1.,1.,1.,1.,0.203557312,0.,0.,                 835P   1537
0.005928854,0.,0.,0.,1.,0.,0.,1.;                                    835P   1538
110,11.,0.,7.125,11.,0.,6.9375;                                      837P   1539
126,16,2,1,0,1,0,0.,0.,0.,0.125,0.125,0.25,0.25,0.375,0.375,         839P   1540
0.5,0.5,0.625,0.625,0.75,0.75,0.875,0.875,1.,1.,1.,1.,1.,1.,1.,      839P   1541
1.,1.,1.,1.,1.,1.,1.,1.,1.,1.,1.,1.,1.,0.005928854,0.,0.,            839P   1542
0.037317518,0.131576298,0.,0.104743083,0.392699082,0.,               839P   1543
0.172168648,0.653821865,0.,0.203557312,0.785398163,0.,               839P   1544
0.234945977,0.916974462,0.,0.302371542,1.178097245,0.,               839P   1545
0.369797106,1.439220029,0.,0.401185771,1.570796327,0.,               839P   1546
0.432574435,1.702372625,0.,0.5,1.963495408,0.,0.567425565,           839P   1547
2.224618192,0.,0.598814229,2.35619449,0.,0.630202894,                839P   1548
2.487770788,0.,0.697628458,2.748893572,0.,0.765054023,               839P   1549
3.010016355,0.,0.796442688,3.141592654,0.,0.,1.,0.,0.,-1.;           839P   1550
126,8,2,1,0,0,0,0.826923076923077,0.826923076923077,                 841P   1551
0.826923076923077,0.836538461538462,0.836538461538462,               841P   1552
0.846153846153846,0.846153846153846,0.855769230769231,               841P   1553
0.855769230769231,0.865384615384615,0.865384615384615,               841P   1554
0.865384615384615,0.999999999999999,0.923879532511288,1.,            841P   1555
0.923879532511287,1.,0.923879532511287,1.,0.923879532511287,1.,      841P   1556
11.,0.,6.9375,11.,4.556349186,7.03125,7.778174593,7.778174593,       841P   1557
7.125,4.556349186,11.,7.21875,0.,11.,7.3125,-4.556349186,11.,        841P   1558
7.40625,-7.778174593,7.778174593,7.5,-11.,4.556349186,7.59375,       841P   1559
-11.,0.,7.6875,0.826923076923077,0.865384615384615,                  841P   1560
-0.008520614,0.020570583,-0.999752094;                               841P   1561
126,1,1,1,0,1,0,0.,0.,1.,1.,1.,1.,0.796442688,3.141592654,0.,        843P   1562
0.994071146,3.141592654,0.,0.,1.,0.,0.,1.;                           843P   1563
110,-11.,0.,7.6875,-11.,0.,7.875;                                    845P   1564
102,4,831,835,839,843;                                               847P   1565
102,4,833,837,841,845;                                               849P   1566
142,1,829,847,849,1;                                                 851P   1567
144,829,1,0,851;                                                     853P   1568
110,0.,0.,-9.,0.,0.,991.;                                            855P   1569
110,11.,0.,8.435099279,11.,0.,8.837620237;                           857P   1570
120,855,857,0.,6.28318530717959;                                     859P   1571
126,1,1,1,0,1,0,0.,0.,1.,1.,1.,1.,1.,1.679551592,0.,1.,              861P   1572
0.894153429,0.,0.,1.,0.,0.,1.;                                       861P   1573
124,-0.108541004528475,0.99409197277513,5.44447114110314E-015,       863P   1574
-4.81161683352345E-014,0.99409197277513,0.108541004528475,           863P   1575
-4.37258524807172E-015,3.86432478754498E-014,                        863P   1576
-4.93770026216467E-015,4.93770026216439E-015,-1.,                    863P   1577
17.6752404735808;                                                    863P   1578
100,8.837620237,0.,0.,11.,0.,7.778174593,7.778174593;                865P   1579
126,10,2,1,0,1,0,0.,0.,0.,0.125,0.125,0.25,0.25,0.5,0.5,0.75,        867P   1580
0.75,1.,1.,1.,1.,1.,1.,1.,1.,1.,1.,1.,1.,1.,1.,1.,0.894153429,       867P   1581
0.,0.967065052,0.837781668,0.,0.936784711,0.783961581,0.,            867P   1582
0.907402617,0.731738032,0.,0.873474493,0.67371566,0.,                867P   1583
0.822196977,0.586023127,0.,0.738728527,0.448663313,0.,               867P   1584
0.624580553,0.260815757,0.,0.60141348,0.222190443,0.,                867P   1585
0.526242985,0.096862391,0.,0.471778469,0.,0.,0.,1.,0.,0.,1.;         867P   1586
126,4,2,1,0,0,0,0.00826238151101233,0.00826238151101233,             869P   1587
0.00826238151101233,0.00961538461538458,0.00961538461538458,         869P   1588
0.0192307692307693,0.0192307692307693,0.0192307692307693,            869P   1589
0.981592188494221,0.989288912202876,1.,0.923879532511287,1.,         869P   1590
6.887970042,8.57647181,8.837620237,7.354798492,8.201550694,          869P   1591
8.824819572,7.778174593,7.778174593,8.8125,11.,4.556349186,          869P   1592
8.71875,11.,0.,8.625,0.00826238151101233,0.0192307692307693,         869P   1593
0.020570583,-0.008520614,0.999752094;                                869P   1594
126,1,1,1,0,1,0,0.,0.,1.,1.,1.,1.,0.471778469,0.,0.,                 871P   1595
0.005964215,0.,0.,0.,1.,0.,0.,1.;                                    871P   1596
110,11.,0.,8.625,11.,0.,8.4375;                                      873P   1597
126,20,2,1,0,1,0,0.,0.,0.,0.125,0.125,0.25,0.25,0.375,0.375,         875P   1598
0.4375,0.4375,0.5,0.5,0.625,0.625,0.75,0.75,0.875,0.875,0.9375,      875P   1599
0.9375,1.,1.,1.,1.,1.,1.,1.,1.,1.,1.,1.,1.,1.,1.,1.,1.,1.,1.,        875P   1600
1.,1.,1.,1.,1.,1.,0.005964215,0.,0.,0.057673403,0.09196218,0.,       875P   1601
0.127281502,0.20830567,0.,0.162095051,0.266493292,0.,                875P   1602
0.255902806,0.420686676,0.,0.33720905,0.554331116,0.,                875P   1603
0.383388105,0.63244066,0.,0.415963814,0.687540831,0.,                875P   1604
0.444084175,0.736618619,0.,0.473565056,0.78807089,0.,                875P   1605
0.502538493,0.83952316,0.,0.539290254,0.904788512,0.,                875P   1606
0.626536228,1.049336623,0.,0.69072053,1.155676424,0.,                875P   1607
0.755700074,1.262016225,0.,0.819748109,1.366831599,0.,               875P   1608
0.881473282,1.472820542,0.,0.909434508,1.520833057,0.,               875P   1609
0.940574659,1.576093761,0.,0.968283623,1.625265549,0.,1.,            875P   1610
1.679551592,0.,0.,1.,0.,0.,-1.;                                      875P   1611
126,6,2,1,0,0,0,0.903846153846154,0.903846153846154,                 877P   1612
0.903846153846154,0.913461538461538,0.913461538461538,               877P   1613
0.923076923076923,0.923076923076923,0.924429926181296,               877P   1614
0.924429926181296,0.924429926181296,0.999999999999998,               877P   1615
0.923879532511289,1.,0.923879532511287,1.,0.989288912202874,         877P   1616
0.981592188494217,11.,0.,8.4375,11.,4.556349186,8.53125,             877P   1617
7.778174593,7.778174593,8.625,4.556349186,11.,8.71875,0.,11.,        877P   1618
8.8125,-0.598744223,11.,8.824819572,-1.19395105,10.935011701,        877P   1619
8.837620237,0.903846153846154,0.924429926181296,-0.008520614,        877P   1620
0.020570583,-0.999752094;                                            877P   1621
102,4,861,867,871,875;                                               879P   1622
102,4,865,869,873,877;                                               881P   1623
142,1,859,879,881,1;                                                 883P   1624
144,859,1,0,883;                                                     885P   1625
110,0.,0.,-1009.,0.,0.,-9.;                                          887P   1626
110,15.6,0.,-9.,18.329836288,0.,-7.423928284;                        889P   1627
120,887,889,0.,6.28318530717959;                                     891P   1628
126,1,1,1,0,1,0,0.,0.,1.,1.,1.,1.,0.,0.,0.,0.,3.141592654,0.,        893P   1629
0.,1.,0.,0.,1.;                                                      893P   1630
100,-9.,0.,0.,15.6,0.,-15.6,0.;                                      895P   1631
126,1,1,1,0,1,0,0.,0.,1.,1.,1.,1.,0.,3.141592654,0.,                 897P   1632
0.146528934,3.141592654,0.,0.,1.,0.,0.,1.;                           897P   1633
110,-15.6,0.,-9.,-16.,0.,-8.769059892;                               899P   1634
126,8,2,1,0,1,0,0.,0.,0.,0.25,0.25,0.5,0.5,0.75,0.75,1.,1.,1.,       901P   1635
1.,1.,1.,1.,1.,1.,1.,1.,1.,0.146528934,3.141592654,0.,               901P   1636
0.146528934,3.071723125,0.,0.203303659,3.002963252,0.,               901P   1637
0.259302697,2.935142813,0.,0.369071341,2.870279812,0.,               901P   1638
0.475207565,2.807563232,0.,0.629772739,2.748767958,0.,               901P   1639
0.778297721,2.692270322,0.,0.970260719,2.63991506,0.,0.,1.,0.,       901P   1640
0.,1.;                                                               901P   1641
126,5,3,1,0,1,0,0.,0.,0.,0.,0.5,0.5,1.,1.,1.,1.,1.,1.,1.,1.,1.,      903P   1642
1.,-16.,0.,-8.769059892,-16.,1.483135319,-8.769059892,-16.,          903P   1643
2.985653706,-8.645008719,-16.,5.915851864,-8.191625479,-16.,         903P   1644
7.354758132,-7.865325131,-16.,8.775724092,-7.470799525,0.,1.,        903P   1645
-1.,0.,0.;                                                           903P   1646
126,8,2,1,0,1,0,0.,0.,0.,0.25,0.25,0.5,0.5,0.75,0.75,1.,1.,1.,       905P   1647
1.,1.,1.,1.,1.,1.,1.,1.,1.,0.970260719,2.63991506,0.,                905P   1648
0.983033872,2.636431358,0.,0.989425179,2.62917439,0.,                905P   1649
0.994030936,2.623944814,0.,0.994034165,2.617999464,0.,               905P   1650
0.994037405,2.612034962,0.,0.989398863,2.606783529,0.,               905P   1651
0.98300928,2.599549691,0.,0.970260719,2.596072696,0.,0.,1.,0.,       905P   1652
0.,-1.;                                                              905P   1653
126,13,3,1,0,1,0,0.,0.,0.,0.,0.125,0.125,0.249999999999999,          907P   1654
0.249999999999999,0.500000000000003,0.500000000000003,               907P   1655
0.625000000000002,0.625000000000002,0.750000000000001,               907P   1656
0.750000000000001,1.,1.,1.,1.,1.,1.,1.,1.,1.,1.,1.,1.,1.,1.,1.,      907P   1657
1.,1.,1.,-16.,8.775724092,-7.470799525,-16.,8.799893238,             907P   1658
-7.464089056,-15.995917558,8.828415565,-7.458216775,                 907P   1659
-15.979444762,8.894108816,-7.448148587,-15.962406702,                907P   1660
8.942855631,-7.443014628,-15.926441315,9.032433906,                  907P   1661
-7.435755625,-15.896456093,9.09361885,-7.433334272,                  907P   1662
-15.841848675,9.188220583,-7.433329166,-15.823181966,                907P   1663
9.218229669,-7.433937112,-15.784971277,9.275185484,                  907P   1664
-7.436372301,-15.772961825,9.292539674,-7.437279622,                 907P   1665
-15.690480939,9.397549804,-7.447350063,-15.641781595,                907P   1666
9.444421799,-7.457404426,-15.6,9.468544415,-7.470799525,0.,1.,       907P   1667
0.,0.,0.;                                                            907P   1668
126,16,2,1,0,1,0,0.,0.,0.,0.125,0.125,0.25,0.25,0.375,0.375,         909P   1669
0.5,0.5,0.625,0.625,0.75,0.75,0.875,0.875,1.,1.,1.,1.,1.,1.,1.,      909P   1670
1.,1.,1.,1.,1.,1.,1.,1.,1.,1.,1.,1.,1.,0.970260719,2.596072696,      909P   1671
0.,0.776737385,2.543291874,0.,0.627364832,2.486302488,0.,            909P   1672
0.472743998,2.42731075,0.,0.366836618,2.364383795,0.,                909P   1673
0.258020934,2.299728813,0.,0.202585348,2.232151722,0.,               909P   1674
0.146088211,2.163280579,0.,0.146532371,2.093312041,0.,               909P   1675
0.146974074,2.023730675,0.,0.203720155,1.955262226,0.,               909P   1676
0.259431668,1.888042061,0.,0.367981177,1.823727309,0.,               909P   1677
0.473794122,1.76103395,0.,0.627982309,1.702252224,0.,                909P   1678
0.777137877,1.645389102,0.,0.970260719,1.592717509,0.,0.,1.,0.,      909P   1679
0.,1.;                                                               909P   1680
126,5,3,1,0,1,0,0.,0.,0.,0.,0.5,0.5,1.,1.,1.,1.,1.,1.,1.,1.,1.,      911P   1681
1.,-15.6,9.468544415,-7.470799525,-13.113218587,10.904288333,        911P   1682
-8.268056822,-10.566925764,12.37439118,-8.770918736,                 911P   1683
-5.403059535,15.355750737,-8.767190213,-2.88313206,                  911P   1684
16.810631543,-8.266886847,-0.4,18.244268506,-7.470799525,0.,1.,      911P   1685
-0.5,0.866025404,0.;                                                 911P   1686
126,8,2,1,0,1,0,0.,0.,0.,0.25,0.25,0.5,0.5,0.75,0.75,1.,1.,1.,       913P   1687
1.,1.,1.,1.,1.,1.,1.,1.,1.,0.970260719,1.592717509,0.,               913P   1688
0.983033872,1.589233807,0.,0.989425179,1.581976839,0.,               913P   1689
0.994030936,1.576747263,0.,0.994034165,1.570801913,0.,               913P   1690
0.994037405,1.564837411,0.,0.989398863,1.559585978,0.,               913P   1691
0.98300928,1.55235214,0.,0.970260719,1.548875145,0.,0.,1.,0.,        913P   1692
0.,-1.;                                                              913P   1693
126,13,3,1,0,1,0,0.,0.,0.,0.,0.125,0.125,0.250000000000001,          915P   1694
0.250000000000001,0.5,0.5,0.625,0.625,0.749999999999999,             915P   1695
0.749999999999999,1.,1.,1.,1.,1.,1.,1.,1.,1.,1.,1.,1.,1.,1.,1.,      915P   1696
1.,1.,1.,-0.4,18.244268506,-7.470799525,-0.379068905,                915P   1697
18.25635308,-7.464089056,-0.352326625,18.267078745,                  915P   1698
-7.458216775,-0.287198202,18.28565951,-7.448148587,                  915P   1699
-0.236463192,18.295277525,-7.443014628,-0.140903437,                 915P   1700
18.308919723,-7.435755625,-0.07292311,18.313544232,                  915P   1701
-7.433334272,0.036308103,18.313553687,-7.433329166,0.071630089,      915P   1702
18.312392386,-7.433937112,0.140060615,18.307778866,                  915P   1703
-7.436372301,0.161094511,18.306055471,-7.437279622,0.293276394,      915P   1704
18.287129992,-7.447350063,0.358218405,18.268391122,                  915P   1705
-7.457404426,0.4,18.244268506,-7.470799525,0.,1.,0.,0.,0.;           915P   1706
126,16,2,1,0,1,0,0.,0.,0.,0.125,0.125,0.25,0.25,0.375,0.375,         917P   1707
0.5,0.5,0.625,0.625,0.75,0.75,0.875,0.875,1.,1.,1.,1.,1.,1.,1.,      917P   1708
1.,1.,1.,1.,1.,1.,1.,1.,1.,1.,1.,1.,1.,0.970260719,1.548875145,      917P   1709
0.,0.776737385,1.496094323,0.,0.627364832,1.439104936,0.,            917P   1710
0.472743998,1.380113199,0.,0.366836618,1.317186243,0.,               917P   1711
0.258020934,1.252531262,0.,0.202585348,1.184954171,0.,               917P   1712
0.146088211,1.116083028,0.,0.146532371,1.046114489,0.,               917P   1713
0.146974074,0.976533124,0.,0.203720155,0.908064674,0.,               917P   1714
0.259431668,0.84084451,0.,0.367981177,0.776529758,0.,                917P   1715
0.473794122,0.713836399,0.,0.627982309,0.655054673,0.,               917P   1716
0.777137877,0.598191551,0.,0.970260719,0.545519957,0.,0.,1.,0.,      917P   1717
0.,1.;                                                               917P   1718
126,5,3,1,0,1,0,0.,0.,0.,0.,0.5,0.5,1.,1.,1.,1.,1.,1.,1.,1.,1.,      919P   1719
1.,0.4,18.244268506,-7.470799525,2.886781413,16.808524588,           919P   1720
-8.268056822,5.433074236,15.338421741,-8.770918736,                  919P   1721
10.596940465,12.357062184,-8.767190213,13.11686794,                  919P   1722
10.902181378,-8.266886847,15.6,9.468544415,-7.470799525,0.,1.,       919P   1723
0.5,0.866025404,0.;                                                  919P   1724
126,8,2,1,0,1,0,0.,0.,0.,0.25,0.25,0.5,0.5,0.75,0.75,1.,1.,1.,       921P   1725
1.,1.,1.,1.,1.,1.,1.,1.,1.,0.970260719,0.545519957,0.,               921P   1726
0.983033872,0.542036256,0.,0.989425179,0.534779288,0.,               921P   1727
0.994030936,0.529549712,0.,0.994034165,0.523604362,0.,               921P   1728
0.994037405,0.517639859,0.,0.989398863,0.512388427,0.,               921P   1729
0.98300928,0.505154588,0.,0.970260719,0.501677594,0.,0.,1.,0.,       921P   1730
0.,-1.;                                                              921P   1731
126,13,3,1,0,1,0,0.,0.,0.,0.,0.124999999999997,                      923P   1732
0.124999999999997,0.249999999999995,0.249999999999995,               923P   1733
0.499999999999995,0.499999999999995,0.624999999999996,               923P   1734
0.624999999999996,0.749999999999996,0.749999999999996,1.,1.,1.,      923P   1735
1.,1.,1.,1.,1.,1.,1.,1.,1.,1.,1.,1.,1.,1.,1.,15.6,9.468544415,       923P   1736
-7.470799525,15.620931095,9.456459841,-7.464089056,                  923P   1737
15.643590934,9.43866318,-7.458216775,15.69224656,9.391550694,        923P   1738
-7.448148587,15.72594351,9.352421894,-7.443014628,15.785537878,      923P   1739
9.276485818,-7.435755625,15.823532983,9.219925382,-7.433334272,      923P   1740
15.878156778,9.125333104,-7.433329166,15.894812054,9.094162717,      923P   1741
-7.433937112,15.925031893,9.032593382,-7.436372301,                  923P   1742
15.934056336,9.013515796,-7.437279622,15.983757332,8.889580189,      923P   1743
-7.447350063,16.,8.823969322,-7.457404426,16.,8.775724092,           923P   1744
-7.470799525,0.,1.,0.,0.,0.;                                         923P   1745
126,8,2,1,0,1,0,0.,0.,0.,0.25,0.25,0.5,0.5,0.75,0.75,1.,1.,1.,       925P   1746
1.,1.,1.,1.,1.,1.,1.,1.,1.,0.970260719,0.501677594,0.,               925P   1747
0.778297721,0.449322332,0.,0.629772739,0.392824696,0.,               925P   1748
0.475207565,0.334029422,0.,0.369071341,0.271312841,0.,               925P   1749
0.259302697,0.206449841,0.,0.203303659,0.138629402,0.,               925P   1750
0.146528934,0.069869529,0.,0.146528934,0.,0.,0.,1.,0.,0.,1.;         925P   1751
126,5,3,1,0,1,0,0.,0.,0.,0.,0.5,0.5,1.,1.,1.,1.,1.,1.,1.,1.,1.,      927P   1752
1.,16.,8.775724092,-7.470799525,16.,7.354758132,-7.865325131,        927P   1753
16.,5.915851864,-8.191625479,16.,2.985653706,-8.645008719,16.,       927P   1754
1.483135319,-8.769059892,16.,0.,-8.769059892,0.,1.,1.,0.,0.;         927P   1755
126,1,1,1,0,1,0,0.,0.,1.,1.,1.,1.,0.146528934,0.,0.,0.,0.,0.,        929P   1756
0.,1.,0.,0.,1.;                                                      929P   1757
110,16.,0.,-8.769059892,15.6,0.,-9.;                                 931P   1758
102,10,893,897,901,905,909,913,917,921,925,929;                      933P   1759
102,10,895,899,903,907,911,915,919,923,927,931;                      935P   1760
142,1,891,933,935,1;                                                 937P   1761
144,891,1,0,937;                                                     939P   1762
110,0.,0.,1009.,0.,0.,9.;                                            941P   1763
110,15.6,0.,9.,18.329836288,0.,7.423928284;                          943P   1764
120,941,943,0.,6.28318530717959;                                     945P   1765
126,1,1,1,0,1,0,0.,0.,1.,1.,1.,1.,0.,0.,0.,0.,3.141592654,0.,        947P   1766
0.,1.,0.,0.,1.;                                                      947P   1767
124,1.,-6.83906796397586E-015,-9.29988852267766E-031,                949P   1768
8.36989967040991E-030,-6.83906796397586E-015,-1.,                    949P   1769
6.98296267768627E-015,-6.28466640991764E-014,                        949P   1770
-4.8686945194871E-029,-6.98296267768627E-015,-1.,18.;                949P   1771
100,9.,0.,0.,15.6,0.,-15.6,0.;                                       951P   1772
126,1,1,1,0,1,0,0.,0.,1.,1.,1.,1.,0.,3.141592654,0.,                 953P   1773
0.146528934,3.141592654,0.,0.,1.,0.,0.,1.;                           953P   1774
110,-15.6,0.,9.,-16.,0.,8.769059892;                                 955P   1775
126,8,2,1,0,1,0,0.,0.,0.,0.25,0.25,0.5,0.5,0.75,0.75,1.,1.,1.,       957P   1776
1.,1.,1.,1.,1.,1.,1.,1.,1.,0.146528934,3.141592654,0.,               957P   1777
0.146528934,3.072225417,0.,0.20249645,3.003944446,0.,                957P   1778
0.257690367,2.936607275,0.,0.365889313,2.872167483,0.,               957P   1779
0.471776697,2.809104382,0.,0.6265704,2.749988513,0.,                 957P   1780
0.776221753,2.692836513,0.,0.970260719,2.63991506,0.,0.,1.,0.,       957P   1781
0.,1.;                                                               957P   1782
126,3,3,1,0,1,0,0.,0.,0.,0.,1.,1.,1.,1.,1.,1.,1.,1.,-16.,0.,         959P   1783
8.769059892,-16.,-2.965285746,8.769059892,-16.,-5.91051193,          959P   1784
8.266314405,-16.,-8.775724092,7.470799525,0.,1.,-1.,0.,0.;           959P   1785
126,8,2,1,0,1,0,0.,0.,0.,0.25,0.25,0.5,0.5,0.75,0.75,1.,1.,1.,       961P   1786
1.,1.,1.,1.,1.,1.,1.,1.,1.,0.970260719,2.63991506,0.,                961P   1787
0.983033872,2.636431358,0.,0.989425179,2.62917439,0.,                961P   1788
0.994030936,2.623944814,0.,0.994034165,2.617999464,0.,               961P   1789
0.994037405,2.612034962,0.,0.989398863,2.606783529,0.,               961P   1790
0.98300928,2.599549691,0.,0.970260719,2.596072696,0.,0.,1.,0.,       961P   1791
0.,-1.;                                                              961P   1792
126,13,3,1,0,1,0,0.,0.,0.,0.,0.124999999999996,                      963P   1793
0.124999999999996,0.249999999999992,0.249999999999992,               963P   1794
0.499999999999996,0.499999999999996,0.624999999999998,               963P   1795
0.624999999999998,0.75,0.75,1.,1.,1.,1.,1.,1.,1.,1.,1.,1.,1.,        963P   1796
1.,1.,1.,1.,1.,1.,1.,-16.,-8.775724092,7.470799525,-16.,             963P   1797
-8.799893238,7.464089056,-15.995917558,-8.828415565,                 963P   1798
7.458216775,-15.979444762,-8.894108816,7.448148587,                  963P   1799
-15.962406702,-8.942855631,7.443014628,-15.926441315,                963P   1800
-9.032433906,7.435755625,-15.896456093,-9.09361885,7.433334272,      963P   1801
-15.841848675,-9.188220583,7.433329166,-15.823181966,                963P   1802
-9.218229669,7.433937112,-15.784971277,-9.275185484,                 963P   1803
7.436372301,-15.772961825,-9.292539674,7.437279622,                  963P   1804
-15.690480939,-9.397549804,7.447350063,-15.641781595,                963P   1805
-9.444421799,7.457404426,-15.6,-9.468544415,7.470799525,0.,1.,       963P   1806
0.,0.,0.;                                                            963P   1807
126,16,2,1,0,1,0,0.,0.,0.,0.125,0.125,0.25,0.25,0.375,0.375,         965P   1808
0.5,0.5,0.625,0.625,0.75,0.75,0.875,0.875,1.,1.,1.,1.,1.,1.,1.,      965P   1809
1.,1.,1.,1.,1.,1.,1.,1.,1.,1.,1.,1.,1.,0.970260719,2.596072696,      965P   1810
0.,0.777137877,2.543401103,0.,0.627982309,2.486537981,0.,            965P   1811
0.473794122,2.427756255,0.,0.367981177,2.365062896,0.,               965P   1812
0.259431668,2.300748144,0.,0.203720155,2.233527979,0.,               965P   1813
0.146974074,2.16505953,0.,0.146532371,2.095478164,0.,                965P   1814
0.146088211,2.025509625,0.,0.202585348,1.956638483,0.,               965P   1815
0.258020934,1.889061392,0.,0.366836618,1.82440641,0.,                965P   1816
0.472743998,1.761479455,0.,0.627364832,1.702487717,0.,               965P   1817
0.776737385,1.64549833,0.,0.970260719,1.592717509,0.,0.,1.,0.,       965P   1818
0.,1.;                                                               965P   1819
126,5,3,1,0,1,0,0.,0.,0.,0.,0.5,0.5,1.,1.,1.,1.,1.,1.,1.,1.,1.,      967P   1820
1.,-15.6,-9.468544415,7.470799525,-13.11686794,-10.902181378,        967P   1821
8.266886847,-10.596940465,-12.357062184,8.767190213,                 967P   1822
-5.433074236,-15.338421741,8.770918736,-2.886781413,                 967P   1823
-16.808524588,8.268056822,-0.4,-18.244268506,7.470799525,0.,1.,      967P   1824
-0.5,-0.866025404,0.;                                                967P   1825
126,8,2,1,0,1,0,0.,0.,0.,0.25,0.25,0.5,0.5,0.75,0.75,1.,1.,1.,       969P   1826
1.,1.,1.,1.,1.,1.,1.,1.,1.,0.970260719,1.592717509,0.,               969P   1827
0.983033872,1.589233807,0.,0.989425179,1.581976839,0.,               969P   1828
0.994030936,1.576747263,0.,0.994034165,1.570801913,0.,               969P   1829
0.994037405,1.564837411,0.,0.989398863,1.559585978,0.,               969P   1830
0.98300928,1.55235214,0.,0.970260719,1.548875145,0.,0.,1.,0.,        969P   1831
0.,-1.;                                                              969P   1832
126,13,3,1,0,1,0,0.,0.,0.,0.,0.124999999999999,                      971P   1833
0.124999999999999,0.249999999999998,0.249999999999998,               971P   1834
0.499999999999998,0.499999999999998,0.624999999999998,               971P   1835
0.624999999999998,0.749999999999999,0.749999999999999,1.,1.,1.,      971P   1836
1.,1.,1.,1.,1.,1.,1.,1.,1.,1.,1.,1.,1.,1.,1.,-0.4,                   971P   1837
-18.244268506,7.470799525,-0.379068905,-18.25635308,                 971P   1838
7.464089056,-0.352326625,-18.267078745,7.458216775,                  971P   1839
-0.287198202,-18.28565951,7.448148587,-0.236463192,                  971P   1840
-18.295277525,7.443014628,-0.140903437,-18.308919723,                971P   1841
7.435755625,-0.07292311,-18.313544232,7.433334272,0.036308103,       971P   1842
-18.313553687,7.433329166,0.071630089,-18.312392386,                 971P   1843
7.433937112,0.140060615,-18.307778866,7.436372301,0.161094511,       971P   1844
-18.306055471,7.437279622,0.293276394,-18.287129992,                 971P   1845
7.447350063,0.358218405,-18.268391122,7.457404426,0.4,               971P   1846
-18.244268506,7.470799525,0.,1.,0.,0.,0.;                            971P   1847
126,16,2,1,0,1,0,0.,0.,0.,0.125,0.125,0.25,0.25,0.375,0.375,         973P   1848
0.5,0.5,0.625,0.625,0.75,0.75,0.875,0.875,1.,1.,1.,1.,1.,1.,1.,      973P   1849
1.,1.,1.,1.,1.,1.,1.,1.,1.,1.,1.,1.,1.,0.970260719,1.548875145,      973P   1850
0.,0.777137877,1.496203552,0.,0.627982309,1.439340429,0.,            973P   1851
0.473794122,1.380558703,0.,0.367981177,1.317865345,0.,               973P   1852
0.259431668,1.253550593,0.,0.203720155,1.186330428,0.,               973P   1853
0.146974074,1.117861978,0.,0.146532371,1.048280613,0.,               973P   1854
0.146088211,0.978312074,0.,0.202585348,0.909440932,0.,               973P   1855
0.258020934,0.84186384,0.,0.366836618,0.777208859,0.,                973P   1856
0.472743998,0.714281904,0.,0.627364832,0.655290166,0.,               973P   1857
0.776737385,0.598300779,0.,0.970260719,0.545519957,0.,0.,1.,0.,      973P   1858
0.,1.;                                                               973P   1859
126,5,3,1,0,1,0,0.,0.,0.,0.,0.5,0.5,1.,1.,1.,1.,1.,1.,1.,1.,1.,      975P   1860
1.,0.4,-18.244268506,7.470799525,2.88313206,-16.810631543,           975P   1861
8.266886847,5.403059535,-15.355750737,8.767190213,10.566925764,      975P   1862
-12.37439118,8.770918736,13.113218587,-10.904288333,                 975P   1863
8.268056822,15.6,-9.468544415,7.470799525,0.,1.,0.5,                 975P   1864
-0.866025404,0.;                                                     975P   1865
126,8,2,1,0,1,0,0.,0.,0.,0.25,0.25,0.5,0.5,0.75,0.75,1.,1.,1.,       977P   1866
1.,1.,1.,1.,1.,1.,1.,1.,1.,0.970260719,0.545519957,0.,               977P   1867
0.983033872,0.542036256,0.,0.989425179,0.534779288,0.,               977P   1868
0.994030936,0.529549712,0.,0.994034165,0.523604362,0.,               977P   1869
0.994037405,0.517639859,0.,0.989398863,0.512388427,0.,               977P   1870
0.98300928,0.505154588,0.,0.970260719,0.501677594,0.,0.,1.,0.,       977P   1871
0.,-1.;                                                              977P   1872
126,13,3,1,0,1,0,0.,0.,0.,0.,0.124999999999998,                      979P   1873
0.124999999999998,0.249999999999997,0.249999999999997,               979P   1874
0.499999999999997,0.499999999999997,0.624999999999997,               979P   1875
0.624999999999997,0.749999999999996,0.749999999999996,1.,1.,1.,      979P   1876
1.,1.,1.,1.,1.,1.,1.,1.,1.,1.,1.,1.,1.,1.,1.,15.6,-9.468544415,      979P   1877
7.470799525,15.620931095,-9.456459841,7.464089056,15.643590934,      979P   1878
-9.43866318,7.458216775,15.69224656,-9.391550694,7.448148587,        979P   1879
15.72594351,-9.352421894,7.443014628,15.785537878,-9.276485818,      979P   1880
7.435755625,15.823532983,-9.219925382,7.433334272,15.878156778,      979P   1881
-9.125333104,7.433329166,15.894812054,-9.094162716,7.433937112,      979P   1882
15.925031893,-9.032593382,7.436372301,15.934056336,                  979P   1883
-9.013515796,7.437279622,15.983757332,-8.889580189,7.447350063,      979P   1884
16.,-8.823969322,7.457404426,16.,-8.775724092,7.470799525,0.,        979P   1885
1.,0.,0.,0.;                                                         979P   1886
126,8,2,1,0,1,0,0.,0.,0.,0.25,0.25,0.5,0.5,0.75,0.75,1.,1.,1.,       981P   1887
1.,1.,1.,1.,1.,1.,1.,1.,1.,0.970260719,0.501677594,0.,               981P   1888
0.776221753,0.44875614,0.,0.6265704,0.39160414,0.,0.471776697,       981P   1889
0.332488271,0.,0.365889313,0.269425171,0.,0.257690367,               981P   1890
0.204985378,0.,0.20249645,0.137648208,0.,0.146528934,                981P   1891
0.069367237,0.,0.146528934,0.,0.,0.,1.,0.,0.,1.;                     981P   1892
126,3,3,1,0,1,0,0.,0.,0.,0.,1.,1.,1.,1.,1.,1.,1.,1.,16.,             983P   1893
-8.775724092,7.470799525,16.,-5.91051193,8.266314405,16.,            983P   1894
-2.965285746,8.769059892,16.,0.,8.769059892,0.,1.,1.,0.,0.;          983P   1895
126,1,1,1,0,1,0,0.,0.,1.,1.,1.,1.,0.146528934,0.,0.,0.,0.,0.,        985P   1896
0.,1.,0.,0.,1.;                                                      985P   1897
110,16.,0.,8.769059892,15.6,0.,9.;                                   987P   1898
102,10,947,953,957,961,965,969,973,977,981,985;                      989P   1899
102,10,951,955,959,963,967,971,975,979,983,987;                      991P   1900
142,1,945,989,991,1;                                                 993P   1901
144,945,1,0,993;                                                     995P   1902
128,1,1,1,1,0,0,1,0,0,0.,0.,1.,1.,0.,0.,1.,1.,1.,1.,1.,1.,           997P   1903
-15.7872,-15.7872,9.,15.7872,-15.7872,9.,-15.7872,15.7872,9.,        997P   1904
15.7872,15.7872,9.,0.,1.,0.,1.;                                      997P   1905
126,64,2,1,0,1,0,0.,0.,0.,0.03125,0.03125,0.0625,0.0625,             999P   1906
0.09375,0.09375,0.125,0.125,0.15625,0.15625,0.1875,0.1875,           999P   1907
0.21875,0.21875,0.25,0.25,0.28125,0.28125,0.3125,0.3125,             999P   1908
0.34375,0.34375,0.375,0.375,0.40625,0.40625,0.4375,0.4375,           999P   1909
0.46875,0.46875,0.5,0.5,0.53125,0.53125,0.5625,0.5625,0.59375,       999P   1910
0.59375,0.625,0.625,0.65625,0.65625,0.6875,0.6875,0.71875,           999P   1911
0.71875,0.75,0.75,0.78125,0.78125,0.8125,0.8125,0.84375,             999P   1912
0.84375,0.875,0.875,0.90625,0.90625,0.9375,0.9375,0.96875,           999P   1913
0.96875,1.,1.,1.,1.,1.,1.,1.,1.,1.,1.,1.,1.,1.,1.,1.,1.,1.,1.,       999P   1914
1.,1.,1.,1.,1.,1.,1.,1.,1.,1.,1.,1.,1.,1.,1.,1.,1.,1.,1.,1.,1.,      999P   1915
1.,1.,1.,1.,1.,1.,1.,1.,1.,1.,1.,1.,1.,1.,1.,1.,1.,1.,1.,1.,1.,      999P   1916
1.,1.,1.,1.,1.,1.,1.,1.,0.994071146,0.5,0.,0.994071146,              999P   1917
0.524272159,0.,0.991692059,0.548427441,0.,0.989312971,               999P   1918
0.572582723,0.,0.984577708,0.596388499,0.,0.979842444,               999P   1919
0.620194275,0.,0.972796609,0.643421283,0.,0.965750773,               999P   1920
0.666648291,0.,0.95646222,0.689072842,0.,0.947173667,                999P   1921
0.711497393,0.,0.93573185,0.732903526,0.,0.924290033,                999P   1922
0.754309659,0.,0.910805144,0.774491222,0.,0.897320255,               999P   1923
0.794672784,0.,0.881922161,0.813435417,0.,0.866524066,               999P   1924
0.83219805,0.,0.849361058,0.849361058,0.,0.83219805,                 999P   1925
0.866524066,0.,0.813435417,0.881922161,0.,0.794672784,               999P   1926
0.897320255,0.,0.774491222,0.910805144,0.,0.754309659,               999P   1927
0.924290033,0.,0.732903526,0.93573185,0.,0.711497393,                999P   1928
0.947173667,0.,0.689072842,0.95646222,0.,0.666648291,                999P   1929
0.965750773,0.,0.643421283,0.972796609,0.,0.620194275,               999P   1930
0.979842444,0.,0.596388499,0.984577708,0.,0.572582723,               999P   1931
0.989312971,0.,0.548427441,0.991692059,0.,0.524272159,               999P   1932
0.994071146,0.,0.5,0.994071146,0.,0.475727841,0.994071146,0.,        999P   1933
0.451572559,0.991692059,0.,0.427417277,0.989312971,0.,               999P   1934
0.403611501,0.984577708,0.,0.379805725,0.979842444,0.,               999P   1935
0.356578717,0.972796609,0.,0.333351709,0.965750773,0.,               999P   1936
0.310927158,0.95646222,0.,0.288502607,0.947173667,0.,                999P   1937
0.267096474,0.93573185,0.,0.245690341,0.924290033,0.,                999P   1938
0.225508778,0.910805144,0.,0.205327216,0.897320255,0.,               999P   1939
0.186564583,0.881922161,0.,0.16780195,0.866524066,0.,                999P   1940
0.150638942,0.849361058,0.,0.133475934,0.83219805,0.,                999P   1941
0.118077839,0.813435417,0.,0.102679745,0.794672784,0.,               999P   1942
0.089194856,0.774491222,0.,0.075709967,0.754309659,0.,               999P   1943
0.06426815,0.732903526,0.,0.052826333,0.711497393,0.,                999P   1944
0.04353778,0.689072842,0.,0.034249227,0.666648291,0.,                999P   1945
0.027203391,0.643421283,0.,0.020157556,0.620194275,0.,               999P   1946
0.015422292,0.596388499,0.,0.010687029,0.572582723,0.,               999P   1947
0.008307941,0.548427441,0.,0.005928854,0.524272159,0.,               999P   1948
0.005928854,0.5,0.,0.,1.,0.,0.,-1.;                                  999P   1949
100,9.,0.,0.,15.6,0.,-15.6,0.;                                      1001P   1950
126,64,2,1,0,1,0,0.,0.,0.,0.03125,0.03125,0.0625,0.0625,            1003P   1951
0.09375,0.09375,0.125,0.125,0.15625,0.15625,0.1875,0.1875,          1003P   1952
0.21875,0.21875,0.25,0.25,0.28125,0.28125,0.3125,0.3125,            1003P   1953
0.34375,0.34375,0.375,0.375,0.40625,0.40625,0.4375,0.4375,          1003P   1954
0.46875,0.46875,0.5,0.5,0.53125,0.53125,0.5625,0.5625,0.59375,      1003P   1955
0.59375,0.625,0.625,0.65625,0.65625,0.6875,0.6875,0.71875,          1003P   1956
0.71875,0.75,0.75,0.78125,0.78125,0.8125,0.8125,0.84375,            1003P   1957
0.84375,0.875,0.875,0.90625,0.90625,0.9375,0.9375,0.96875,          1003P   1958
0.96875,1.,1.,1.,1.,1.,1.,1.,1.,1.,1.,1.,1.,1.,1.,1.,1.,1.,1.,      1003P   1959
1.,1.,1.,1.,1.,1.,1.,1.,1.,1.,1.,1.,1.,1.,1.,1.,1.,1.,1.,1.,1.,     1003P   1960
1.,1.,1.,1.,1.,1.,1.,1.,1.,1.,1.,1.,1.,1.,1.,1.,1.,1.,1.,1.,1.,     1003P   1961
1.,1.,1.,1.,1.,1.,1.,1.,0.005928854,0.5,0.,0.005928854,             1003P   1962
0.475727841,0.,0.008307941,0.451572559,0.,0.010687029,              1003P   1963
0.427417277,0.,0.015422292,0.403611501,0.,0.020157556,              1003P   1964
0.379805725,0.,0.027203391,0.356578717,0.,0.034249227,              1003P   1965
0.333351709,0.,0.04353778,0.310927158,0.,0.052826333,               1003P   1966
0.288502607,0.,0.06426815,0.267096474,0.,0.075709967,               1003P   1967
0.245690341,0.,0.089194856,0.225508778,0.,0.102679745,              1003P   1968
0.205327216,0.,0.118077839,0.186564583,0.,0.133475934,              1003P   1969
0.16780195,0.,0.150638942,0.150638942,0.,0.16780195,                1003P   1970
0.133475934,0.,0.186564583,0.118077839,0.,0.205327216,              1003P   1971
0.102679745,0.,0.225508778,0.089194856,0.,0.245690341,              1003P   1972
0.075709967,0.,0.267096474,0.06426815,0.,0.288502607,               1003P   1973
0.052826333,0.,0.310927158,0.04353778,0.,0.333351709,               1003P   1974
0.034249227,0.,0.356578717,0.027203391,0.,0.379805725,              1003P   1975
0.020157556,0.,0.403611501,0.015422292,0.,0.427417277,              1003P   1976
0.010687029,0.,0.451572559,0.008307941,0.,0.475727841,              1003P   1977
0.005928854,0.,0.5,0.005928854,0.,0.524272159,0.005928854,0.,       1003P   1978
0.548427441,0.008307941,0.,0.572582723,0.010687029,0.,              1003P   1979
0.596388499,0.015422292,0.,0.620194275,0.020157556,0.,              1003P   1980
0.643421283,0.027203391,0.,0.666648291,0.034249227,0.,              1003P   1981
0.689072842,0.04353778,0.,0.711497393,0.052826333,0.,               1003P   1982
0.732903526,0.06426815,0.,0.754309659,0.075709967,0.,               1003P   1983
0.774491222,0.089194856,0.,0.794672784,0.102679745,0.,              1003P   1984
0.813435417,0.118077839,0.,0.83219805,0.133475934,0.,               1003P   1985
0.849361058,0.150638942,0.,0.866524066,0.16780195,0.,               1003P   1986
0.881922161,0.186564583,0.,0.897320255,0.205327216,0.,              1003P   1987
0.910805144,0.225508778,0.,0.924290033,0.245690341,0.,              1003P   1988
0.93573185,0.267096474,0.,0.947173667,0.288502607,0.,               1003P   1989
0.95646222,0.310927158,0.,0.965750773,0.333351709,0.,               1003P   1990
0.972796609,0.356578717,0.,0.979842444,0.379805725,0.,              1003P   1991
0.984577708,0.403611501,0.,0.989312971,0.427417277,0.,              1003P   1992
0.991692059,0.451572559,0.,0.994071146,0.475727841,0.,              1003P   1993
0.994071146,0.5,0.,0.,1.,0.,0.,-1.;                                 1003P   1994
100,9.,0.,0.,-15.6,0.,15.6,0.;                                      1005P   1995
102,2,999,1003;                                                     1007P   1996
102,2,1001,1005;                                                    1009P   1997
142,1,997,1007,1009,1;                                              1011P   1998
126,32,2,1,0,1,0,0.,0.,0.,0.0625,0.0625,0.125,0.125,0.1875,         1013P   1999
0.1875,0.25,0.25,0.3125,0.3125,0.375,0.375,0.4375,0.4375,0.5,       1013P   2000
0.5,0.5625,0.5625,0.625,0.625,0.6875,0.6875,0.75,0.75,0.8125,       1013P   2001
0.8125,0.875,0.875,0.9375,0.9375,1.,1.,1.,1.,1.,1.,1.,1.,1.,1.,     1013P   2002
1.,1.,1.,1.,1.,1.,1.,1.,1.,1.,1.,1.,1.,1.,1.,1.,1.,1.,1.,1.,1.,     1013P   2003
1.,1.,1.,1.,1.,0.146473733,0.5,0.,0.146473733,0.534819298,0.,       1013P   2004
0.153266641,0.568969553,0.,0.160059549,0.603119808,0.,              1013P   2005
0.173384318,0.635288645,0.,0.186709086,0.667457482,0.,              1013P   2006
0.206053652,0.696408671,0.,0.225398217,0.725359859,0.,              1013P   2007
0.250019179,0.749980821,0.,0.274640141,0.774601783,0.,              1013P   2008
0.303591329,0.793946348,0.,0.332542518,0.813290914,0.,              1013P   2009
0.364711355,0.826615682,0.,0.396880192,0.839940451,0.,              1013P   2010
0.431030447,0.846733359,0.,0.465180702,0.853526267,0.,0.5,          1013P   2011
0.853526267,0.,0.534819298,0.853526267,0.,0.568969553,              1013P   2012
0.846733359,0.,0.603119808,0.839940451,0.,0.635288645,              1013P   2013
0.826615682,0.,0.667457482,0.813290914,0.,0.696408671,              1013P   2014
0.793946348,0.,0.725359859,0.774601783,0.,0.749980821,              1013P   2015
0.749980821,0.,0.774601783,0.725359859,0.,0.793946348,              1013P   2016
0.696408671,0.,0.813290914,0.667457482,0.,0.826615682,              1013P   2017
0.635288645,0.,0.839940451,0.603119808,0.,0.846733359,              1013P   2018
0.568969553,0.,0.853526267,0.534819298,0.,0.853526267,0.5,0.,       1013P   2019
0.,1.,0.,0.,1.;                                                     1013P   2020
124,-1.,-6.98296267768627E-015,0.,0.,-6.98296267768627E-015,1.,     1015P   2021
-6.98296267768627E-015,6.28466640991764E-014,                       1015P   2022
4.87617677579594E-029,-6.98296267768627E-015,-1.,18.;               1015P   2023
100,9.,0.,0.,11.162379763,0.,-11.162379763,0.;                      1017P   2024
126,32,2,1,0,1,0,0.,0.,0.,0.0625,0.0625,0.125,0.125,0.1875,         1019P   2025
0.1875,0.25,0.25,0.3125,0.3125,0.375,0.375,0.4375,0.4375,0.5,       1019P   2026
0.5,0.5625,0.5625,0.625,0.625,0.6875,0.6875,0.75,0.75,0.8125,       1019P   2027
0.8125,0.875,0.875,0.9375,0.9375,1.,1.,1.,1.,1.,1.,1.,1.,1.,1.,     1019P   2028
1.,1.,1.,1.,1.,1.,1.,1.,1.,1.,1.,1.,1.,1.,1.,1.,1.,1.,1.,1.,1.,     1019P   2029
1.,1.,1.,1.,1.,0.853526267,0.5,0.,0.853526267,0.465180702,0.,       1019P   2030
0.846733359,0.431030447,0.,0.839940451,0.396880192,0.,              1019P   2031
0.826615682,0.364711355,0.,0.813290914,0.332542518,0.,              1019P   2032
0.793946348,0.303591329,0.,0.774601783,0.274640141,0.,              1019P   2033
0.749980821,0.250019179,0.,0.725359859,0.225398217,0.,              1019P   2034
0.696408671,0.206053652,0.,0.667457482,0.186709086,0.,              1019P   2035
0.635288645,0.173384318,0.,0.603119808,0.160059549,0.,              1019P   2036
0.568969553,0.153266641,0.,0.534819298,0.146473733,0.,0.5,          1019P   2037
0.146473733,0.,0.465180702,0.146473733,0.,0.431030447,              1019P   2038
0.153266641,0.,0.396880192,0.160059549,0.,0.364711355,              1019P   2039
0.173384318,0.,0.332542518,0.186709086,0.,0.303591329,              1019P   2040
0.206053652,0.,0.274640141,0.225398217,0.,0.250019179,              1019P   2041
0.250019179,0.,0.225398217,0.274640141,0.,0.206053652,              1019P   2042
0.303591329,0.,0.186709086,0.332542518,0.,0.173384318,              1019P   2043
0.364711355,0.,0.160059549,0.396880192,0.,0.153266641,              1019P   2044
0.431030447,0.,0.146473733,0.465180702,0.,0.146473733,0.5,0.,       1019P   2045
0.,1.,0.,0.,1.;                                                     1019P   2046
124,1.,-7.35035671743047E-015,8.55166289179392E-031,                1021P   2047
-7.69649660261459E-030,-7.35035671743047E-015,-1.,                  1021P   2048
6.98296267768627E-015,-6.28466640991764E-014,                       1021P   2049
-5.04721003363181E-029,-6.98296267768627E-015,-1.,18.;              1021P   2050
100,9.,0.,0.,11.162379763,0.,-11.162379763,0.;                      1023P   2051
102,2,1013,1019;                                                    1025P   2052
102,2,1017,1023;                                                    1027P   2053
142,1,997,1025,1027,1;                                              1029P   2054
144,997,1,1,1011,1029;                                              1031P   2055
128,1,1,1,1,0,0,1,0,0,0.,0.,1.,1.,0.,0.,1.,1.,1.,1.,1.,1.,          1033P   2056
-15.7872,-15.7872,-9.,15.7872,-15.7872,-9.,-15.7872,15.7872,        1033P   2057
-9.,15.7872,15.7872,-9.,0.,1.,0.,1.;                                1033P   2058
126,64,2,1,0,1,0,0.,0.,0.,0.03125,0.03125,0.0625,0.0625,            1035P   2059
0.09375,0.09375,0.125,0.125,0.15625,0.15625,0.1875,0.1875,          1035P   2060
0.21875,0.21875,0.25,0.25,0.28125,0.28125,0.3125,0.3125,            1035P   2061
0.34375,0.34375,0.375,0.375,0.40625,0.40625,0.4375,0.4375,          1035P   2062
0.46875,0.46875,0.5,0.5,0.53125,0.53125,0.5625,0.5625,0.59375,      1035P   2063
0.59375,0.625,0.625,0.65625,0.65625,0.6875,0.6875,0.71875,          1035P   2064
0.71875,0.75,0.75,0.78125,0.78125,0.8125,0.8125,0.84375,            1035P   2065
0.84375,0.875,0.875,0.90625,0.90625,0.9375,0.9375,0.96875,          1035P   2066
0.96875,1.,1.,1.,1.,1.,1.,1.,1.,1.,1.,1.,1.,1.,1.,1.,1.,1.,1.,      1035P   2067
1.,1.,1.,1.,1.,1.,1.,1.,1.,1.,1.,1.,1.,1.,1.,1.,1.,1.,1.,1.,1.,     1035P   2068
1.,1.,1.,1.,1.,1.,1.,1.,1.,1.,1.,1.,1.,1.,1.,1.,1.,1.,1.,1.,1.,     1035P   2069
1.,1.,1.,1.,1.,1.,1.,1.,0.005928854,0.5,0.,0.005928854,             1035P   2070
0.475727841,0.,0.008307941,0.451572559,0.,0.010687029,              1035P   2071
0.427417277,0.,0.015422292,0.403611501,0.,0.020157556,              1035P   2072
0.379805725,0.,0.027203391,0.356578717,0.,0.034249227,              1035P   2073
0.333351709,0.,0.04353778,0.310927158,0.,0.052826333,               1035P   2074
0.288502607,0.,0.06426815,0.267096474,0.,0.075709967,               1035P   2075
0.245690341,0.,0.089194856,0.225508778,0.,0.102679745,              1035P   2076
0.205327216,0.,0.118077839,0.186564583,0.,0.133475934,              1035P   2077
0.16780195,0.,0.150638942,0.150638942,0.,0.16780195,                1035P   2078
0.133475934,0.,0.186564583,0.118077839,0.,0.205327216,              1035P   2079
0.102679745,0.,0.225508778,0.089194856,0.,0.245690341,              1035P   2080
0.075709967,0.,0.267096474,0.06426815,0.,0.288502607,               1035P   2081
0.052826333,0.,0.310927158,0.04353778,0.,0.333351709,               1035P   2082
0.034249227,0.,0.356578717,0.027203391,0.,0.379805725,              1035P   2083
0.020157556,0.,0.403611501,0.015422292,0.,0.427417277,              1035P   2084
0.010687029,0.,0.451572559,0.008307941,0.,0.475727841,              1035P   2085
0.005928854,0.,0.5,0.005928854,0.,0.524272159,0.005928854,0.,       1035P   2086
0.548427441,0.008307941,0.,0.572582723,0.010687029,0.,              1035P   2087
0.596388499,0.015422292,0.,0.620194275,0.020157556,0.,              1035P   2088
0.643421283,0.027203391,0.,0.666648291,0.034249227,0.,              1035P   2089
0.689072842,0.04353778,0.,0.711497393,0.052826333,0.,               1035P   2090
0.732903526,0.06426815,0.,0.754309659,0.075709967,0.,               1035P   2091
0.774491222,0.089194856,0.,0.794672784,0.102679745,0.,              1035P   2092
0.813435417,0.118077839,0.,0.83219805,0.133475934,0.,               1035P   2093
0.849361058,0.150638942,0.,0.866524066,0.16780195,0.,               1035P   2094
0.881922161,0.186564583,0.,0.897320255,0.205327216,0.,              1035P   2095
0.910805144,0.225508778,0.,0.924290033,0.245690341,0.,              1035P   2096
0.93573185,0.267096474,0.,0.947173667,0.288502607,0.,               1035P   2097
0.95646222,0.310927158,0.,0.965750773,0.333351709,0.,               1035P   2098
0.972796609,0.356578717,0.,0.979842444,0.379805725,0.,              1035P   2099
0.984577708,0.403611501,0.,0.989312971,0.427417277,0.,              1035P   2100
0.991692059,0.451572559,0.,0.994071146,0.475727841,0.,              1035P   2101
0.994071146,0.5,0.,0.,1.,0.,0.,-1.;                                 1035P   2102
100,-9.,0.,0.,-15.6,0.,15.6,0.;                                     1037P   2103
126,64,2,1,0,1,0,0.,0.,0.,0.03125,0.03125,0.0625,0.0625,            1039P   2104
0.09375,0.09375,0.125,0.125,0.15625,0.15625,0.1875,0.1875,          1039P   2105
0.21875,0.21875,0.25,0.25,0.28125,0.28125,0.3125,0.3125,            1039P   2106
0.34375,0.34375,0.375,0.375,0.40625,0.40625,0.4375,0.4375,          1039P   2107
0.46875,0.46875,0.5,0.5,0.53125,0.53125,0.5625,0.5625,0.59375,      1039P   2108
0.59375,0.625,0.625,0.65625,0.65625,0.6875,0.6875,0.71875,          1039P   2109
0.71875,0.75,0.75,0.78125,0.78125,0.8125,0.8125,0.84375,            1039P   2110
0.84375,0.875,0.875,0.90625,0.90625,0.9375,0.9375,0.96875,          1039P   2111
0.96875,1.,1.,1.,1.,1.,1.,1.,1.,1.,1.,1.,1.,1.,1.,1.,1.,1.,1.,      1039P   2112
1.,1.,1.,1.,1.,1.,1.,1.,1.,1.,1.,1.,1.,1.,1.,1.,1.,1.,1.,1.,1.,     1039P   2113
1.,1.,1.,1.,1.,1.,1.,1.,1.,1.,1.,1.,1.,1.,1.,1.,1.,1.,1.,1.,1.,     1039P   2114
1.,1.,1.,1.,1.,1.,1.,1.,0.994071146,0.5,0.,0.994071146,             1039P   2115
0.524272159,0.,0.991692059,0.548427441,0.,0.989312971,              1039P   2116
0.572582723,0.,0.984577708,0.596388499,0.,0.979842444,              1039P   2117
0.620194275,0.,0.972796609,0.643421283,0.,0.965750773,              1039P   2118
0.666648291,0.,0.95646222,0.689072842,0.,0.947173667,               1039P   2119
0.711497393,0.,0.93573185,0.732903526,0.,0.924290033,               1039P   2120
0.754309659,0.,0.910805144,0.774491222,0.,0.897320255,              1039P   2121
0.794672784,0.,0.881922161,0.813435417,0.,0.866524066,              1039P   2122
0.83219805,0.,0.849361058,0.849361058,0.,0.83219805,                1039P   2123
0.866524066,0.,0.813435417,0.881922161,0.,0.794672784,              1039P   2124
0.897320255,0.,0.774491222,0.910805144,0.,0.754309659,              1039P   2125
0.924290033,0.,0.732903526,0.93573185,0.,0.711497393,               1039P   2126
0.947173667,0.,0.689072842,0.95646222,0.,0.666648291,               1039P   2127
0.965750773,0.,0.643421283,0.972796609,0.,0.620194275,              1039P   2128
0.979842444,0.,0.596388499,0.984577708,0.,0.572582723,              1039P   2129
0.989312971,0.,0.548427441,0.991692059,0.,0.524272159,              1039P   2130
0.994071146,0.,0.5,0.994071146,0.,0.475727841,0.994071146,0.,       1039P   2131
0.451572559,0.991692059,0.,0.427417277,0.989312971,0.,              1039P   2132
0.403611501,0.984577708,0.,0.379805725,0.979842444,0.,              1039P   2133
0.356578717,0.972796609,0.,0.333351709,0.965750773,0.,              1039P   2134
0.310927158,0.95646222,0.,0.288502607,0.947173667,0.,               1039P   2135
0.267096474,0.93573185,0.,0.245690341,0.924290033,0.,               1039P   2136
0.225508778,0.910805144,0.,0.205327216,0.897320255,0.,              1039P   2137
0.186564583,0.881922161,0.,0.16780195,0.866524066,0.,               1039P   2138
0.150638942,0.849361058,0.,0.133475934,0.83219805,0.,               1039P   2139
0.118077839,0.813435417,0.,0.102679745,0.794672784,0.,              1039P   2140
0.089194856,0.774491222,0.,0.075709967,0.754309659,0.,              1039P   2141
0.06426815,0.732903526,0.,0.052826333,0.711497393,0.,               1039P   2142
0.04353778,0.689072842,0.,0.034249227,0.666648291,0.,               1039P   2143
0.027203391,0.643421283,0.,0.020157556,0.620194275,0.,              1039P   2144
0.015422292,0.596388499,0.,0.010687029,0.572582723,0.,              1039P   2145
0.008307941,0.548427441,0.,0.005928854,0.524272159,0.,              1039P   2146
0.005928854,0.5,0.,0.,1.,0.,0.,-1.;                                 1039P   2147
100,-9.,0.,0.,15.6,0.,-15.6,0.;                                     1041P   2148
102,2,1035,1039;                                                    1043P   2149
102,2,1037,1041;                                                    1045P   2150
142,1,1033,1043,1045,1;                                             1047P   2151
126,32,2,1,0,1,0,0.,0.,0.,0.0625,0.0625,0.125,0.125,0.1875,         1049P   2152
0.1875,0.25,0.25,0.3125,0.3125,0.375,0.375,0.4375,0.4375,0.5,       1049P   2153
0.5,0.5625,0.5625,0.625,0.625,0.6875,0.6875,0.75,0.75,0.8125,       1049P   2154
0.8125,0.875,0.875,0.9375,0.9375,1.,1.,1.,1.,1.,1.,1.,1.,1.,1.,     1049P   2155
1.,1.,1.,1.,1.,1.,1.,1.,1.,1.,1.,1.,1.,1.,1.,1.,1.,1.,1.,1.,1.,     1049P   2156
1.,1.,1.,1.,1.,0.853526267,0.5,0.,0.853526267,0.465180702,0.,       1049P   2157
0.846733359,0.431030447,0.,0.839940451,0.396880192,0.,              1049P   2158
0.826615682,0.364711355,0.,0.813290914,0.332542518,0.,              1049P   2159
0.793946348,0.303591329,0.,0.774601783,0.274640141,0.,              1049P   2160
0.749980821,0.250019179,0.,0.725359859,0.225398217,0.,              1049P   2161
0.696408671,0.206053652,0.,0.667457482,0.186709086,0.,              1049P   2162
0.635288645,0.173384318,0.,0.603119808,0.160059549,0.,              1049P   2163
0.568969553,0.153266641,0.,0.534819298,0.146473733,0.,0.5,          1049P   2164
0.146473733,0.,0.465180702,0.146473733,0.,0.431030447,              1049P   2165
0.153266641,0.,0.396880192,0.160059549,0.,0.364711355,              1049P   2166
0.173384318,0.,0.332542518,0.186709086,0.,0.303591329,              1049P   2167
0.206053652,0.,0.274640141,0.225398217,0.,0.250019179,              1049P   2168
0.250019179,0.,0.225398217,0.274640141,0.,0.206053652,              1049P   2169
0.303591329,0.,0.186709086,0.332542518,0.,0.173384318,              1049P   2170
0.364711355,0.,0.160059549,0.396880192,0.,0.153266641,              1049P   2171
0.431030447,0.,0.146473733,0.465180702,0.,0.146473733,0.5,0.,       1049P   2172
0.,1.,0.,0.,1.;                                                     1049P   2173
124,1.,-7.105427357601E-015,0.,0.,-7.105427357601E-015,-1.,         1051P   2174
6.98296267768627E-015,6.28466640991764E-014,                        1051P   2175
-4.96169340471387E-029,-6.98296267768627E-015,-1.,-18.;             1051P   2176
100,-9.,0.,0.,11.162379763,0.,-11.162379763,0.;                     1053P   2177
126,32,2,1,0,1,0,0.,0.,0.,0.0625,0.0625,0.125,0.125,0.1875,         1055P   2178
0.1875,0.25,0.25,0.3125,0.3125,0.375,0.375,0.4375,0.4375,0.5,       1055P   2179
0.5,0.5625,0.5625,0.625,0.625,0.6875,0.6875,0.75,0.75,0.8125,       1055P   2180
0.8125,0.875,0.875,0.9375,0.9375,1.,1.,1.,1.,1.,1.,1.,1.,1.,1.,     1055P   2181
1.,1.,1.,1.,1.,1.,1.,1.,1.,1.,1.,1.,1.,1.,1.,1.,1.,1.,1.,1.,1.,     1055P   2182
1.,1.,1.,1.,1.,0.146473733,0.5,0.,0.146473733,0.534819298,0.,       1055P   2183
0.153266641,0.568969553,0.,0.160059549,0.603119808,0.,              1055P   2184
0.173384318,0.635288645,0.,0.186709086,0.667457482,0.,              1055P   2185
0.206053652,0.696408671,0.,0.225398217,0.725359859,0.,              1055P   2186
0.250019179,0.749980821,0.,0.274640141,0.774601783,0.,              1055P   2187
0.303591329,0.793946348,0.,0.332542518,0.813290914,0.,              1055P   2188
0.364711355,0.826615682,0.,0.396880192,0.839940451,0.,              1055P   2189
0.431030447,0.846733359,0.,0.465180702,0.853526267,0.,0.5,          1055P   2190
0.853526267,0.,0.534819298,0.853526267,0.,0.568969553,              1055P   2191
0.846733359,0.,0.603119808,0.839940451,0.,0.635288645,              1055P   2192
0.826615682,0.,0.667457482,0.813290914,0.,0.696408671,              1055P   2193
0.793946348,0.,0.725359859,0.774601783,0.,0.749980821,              1055P   2194
0.749980821,0.,0.774601783,0.725359859,0.,0.793946348,              1055P   2195
0.696408671,0.,0.813290914,0.667457482,0.,0.826615682,              1055P   2196
0.635288645,0.,0.839940451,0.603119808,0.,0.846733359,              1055P   2197
0.568969553,0.,0.853526267,0.534819298,0.,0.853526267,0.5,0.,       1055P   2198
0.,1.,0.,0.,1.;                                                     1055P   2199
124,-1.,-7.22789203751574E-015,8.55166289179392E-031,               1057P   2200
7.69649660261451E-030,-7.22789203751574E-015,1.,                    1057P   2201
-6.98296267768627E-015,-6.28466640991764E-014,                      1057P   2202
4.96169340471388E-029,-6.98296267768627E-015,-1.,-18.;              1057P   2203
100,-9.,0.,0.,11.162379763,0.,-11.162379763,0.;                     1059P   2204
102,2,1049,1055;                                                    1061P   2205
102,2,1053,1059;                                                    1063P   2206
142,1,1033,1061,1063,1;                                             1065P   2207
144,1033,1,1,1047,1065;                                             1067P   2208
128,1,1,1,1,0,0,1,0,0,0.,0.,1.,1.,0.,0.,1.,1.,1.,1.,1.,1.,-0.4,     1069P   2209
-18.244268506,-8.942468734,-15.6,-9.468544415,-8.942468734,         1069P   2210
-0.4,-18.244268506,8.942468734,-15.6,-9.468544415,8.942468734,      1069P   2211
0.,1.,0.,1.;                                                        1069P   2212
126,1,1,1,0,1,0,0.,0.,1.,1.,1.,1.,0.,0.917714601,0.,0.,             1071P   2213
0.082285399,0.,0.,1.,0.,0.,1.;                                      1071P   2214
126,3,3,1,0,1,0,0.,0.,0.,0.,1.,1.,1.,1.,1.,1.,1.,1.,-0.4,           1073P   2215
-18.244268506,7.470799525,-0.4,-18.244268506,2.490266508,-0.4,      1073P   2216
-18.244268506,-2.490266508,-0.4,-18.244268506,-7.470799525,0.,      1073P   2217
1.,0.,0.,0.;                                                        1073P   2218
126,16,2,1,0,1,0,0.,0.,0.,0.125,0.125,0.25,0.25,0.375,0.375,        1075P   2219
0.5,0.5,0.625,0.625,0.75,0.75,0.875,0.875,1.,1.,1.,1.,1.,1.,1.,     1075P   2220
1.,1.,1.,1.,1.,1.,1.,1.,1.,1.,1.,1.,1.,0.,0.082285399,0.,           1075P   2221
0.063244962,0.065053109,0.,0.123245825,0.052068435,0.,              1075P   2222
0.186786436,0.038317731,0.,0.247716807,0.029109945,0.,              1075P   2223
0.311530071,0.019466498,0.,0.373619835,0.014635655,0.,              1075P   2224
0.437606649,0.009657213,0.,0.500987326,0.009696107,0.,              1075P   2225
0.56401574,0.009734784,0.,0.627659127,0.014735657,0.,               1075P   2226
0.689447019,0.019590732,0.,0.752949805,0.029210807,0.,              1075P   2227
0.813679724,0.038410819,0.,0.877005544,0.052122849,0.,              1075P   2228
0.936887023,0.065089071,0.,1.,0.082285399,0.,0.,1.,0.,0.,-1.;       1075P   2229
126,5,3,1,0,1,0,0.,0.,0.,0.,0.5,0.5,1.,1.,1.,1.,1.,1.,1.,1.,1.,     1077P   2230
1.,-0.4,-18.244268506,-7.470799525,-2.886781413,-16.808524588,      1077P   2231
-8.268056822,-5.433074236,-15.338421741,-8.770918736,               1077P   2232
-10.596940465,-12.357062184,-8.767190213,-13.11686794,              1077P   2233
-10.902181378,-8.266886847,-15.6,-9.468544415,-7.470799525,0.,      1077P   2234
1.,-0.5,-0.866025404,0.;                                            1077P   2235
126,1,1,1,0,1,0,0.,0.,1.,1.,1.,1.,1.,0.082285399,0.,1.,             1079P   2236
0.917714601,0.,0.,1.,0.,0.,1.;                                      1079P   2237
126,3,3,1,0,1,0,0.,0.,0.,0.,1.,1.,1.,1.,1.,1.,1.,1.,-15.6,          1081P   2238
-9.468544415,-7.470799525,-15.6,-9.468544415,-2.490266508,          1081P   2239
-15.6,-9.468544415,2.490266508,-15.6,-9.468544415,7.470799525,      1081P   2240
0.,1.,0.,0.,0.;                                                     1081P   2241
126,16,2,1,0,1,0,0.,0.,0.,0.125,0.125,0.25,0.25,0.375,0.375,        1083P   2242
0.5,0.5,0.625,0.625,0.75,0.75,0.875,0.875,1.,1.,1.,1.,1.,1.,1.,     1083P   2243
1.,1.,1.,1.,1.,1.,1.,1.,1.,1.,1.,1.,1.,1.,0.917714601,0.,           1083P   2244
0.936887023,0.934910929,0.,0.877005544,0.947877151,0.,              1083P   2245
0.813679724,0.961589181,0.,0.752949805,0.970789193,0.,              1083P   2246
0.689447019,0.980409268,0.,0.627659127,0.985264343,0.,              1083P   2247
0.56401574,0.990265216,0.,0.500987326,0.990303893,0.,               1083P   2248
0.437606649,0.990342787,0.,0.373619835,0.985364345,0.,              1083P   2249
0.311530071,0.980533502,0.,0.247716807,0.970890055,0.,              1083P   2250
0.186786436,0.961682269,0.,0.123245825,0.947931565,0.,              1083P   2251
0.063244962,0.934946891,0.,0.,0.917714601,0.,0.,1.,0.,0.,-1.;       1083P   2252
126,5,3,1,0,1,0,0.,0.,0.,0.,0.5,0.5,1.,1.,1.,1.,1.,1.,1.,1.,1.,     1085P   2253
1.,-15.6,-9.468544415,7.470799525,-13.11686794,-10.902181378,       1085P   2254
8.266886847,-10.596940465,-12.357062184,8.767190213,                1085P   2255
-5.433074236,-15.338421741,8.770918736,-2.886781413,                1085P   2256
-16.808524588,8.268056822,-0.4,-18.244268506,7.470799525,0.,1.,     1085P   2257
-0.5,-0.866025404,0.;                                               1085P   2258
102,4,1071,1075,1079,1083;                                          1087P   2259
102,4,1073,1077,1081,1085;                                          1089P   2260
142,1,1069,1087,1089,1;                                             1091P   2261
144,1069,1,0,1091;                                                  1093P   2262
128,1,1,1,1,0,0,1,0,0,0.,0.,1.,1.,0.,0.,1.,1.,1.,1.,1.,1.,15.6,     1095P   2263
-9.468544415,-8.942468734,0.4,-18.244268506,-8.942468734,15.6,      1095P   2264
-9.468544415,8.942468734,0.4,-18.244268506,8.942468734,0.,1.,       1095P   2265
0.,1.;                                                              1095P   2266
126,1,1,1,0,1,0,0.,0.,1.,1.,1.,1.,0.,0.917714601,0.,0.,             1097P   2267
0.082285399,0.,0.,1.,0.,0.,1.;                                      1097P   2268
126,3,3,1,0,1,0,0.,0.,0.,0.,1.,1.,1.,1.,1.,1.,1.,1.,15.6,           1099P   2269
-9.468544415,7.470799525,15.6,-9.468544415,2.490266508,15.6,        1099P   2270
-9.468544415,-2.490266508,15.6,-9.468544415,-7.470799525,0.,1.,     1099P   2271
0.,0.,0.;                                                           1099P   2272
126,16,2,1,0,1,0,0.,0.,0.,0.125,0.125,0.25,0.25,0.375,0.375,        1101P   2273
0.5,0.5,0.625,0.625,0.75,0.75,0.875,0.875,1.,1.,1.,1.,1.,1.,1.,     1101P   2274
1.,1.,1.,1.,1.,1.,1.,1.,1.,1.,1.,1.,1.,0.,0.082285399,0.,           1101P   2275
0.063244962,0.065053109,0.,0.123245825,0.052068435,0.,              1101P   2276
0.186786436,0.038317731,0.,0.247716807,0.029109945,0.,              1101P   2277
0.311530071,0.019466498,0.,0.373619835,0.014635655,0.,              1101P   2278
0.437606649,0.009657213,0.,0.500987326,0.009696107,0.,              1101P   2279
0.56401574,0.009734784,0.,0.627659127,0.014735657,0.,               1101P   2280
0.689447019,0.019590732,0.,0.752949805,0.029210807,0.,              1101P   2281
0.813679724,0.038410819,0.,0.877005544,0.052122849,0.,              1101P   2282
0.936887023,0.065089071,0.,1.,0.082285399,0.,0.,1.,0.,0.,-1.;       1101P   2283
126,5,3,1,0,1,0,0.,0.,0.,0.,0.5,0.5,1.,1.,1.,1.,1.,1.,1.,1.,1.,     1103P   2284
1.,15.6,-9.468544415,-7.470799525,13.113218587,-10.904288333,       1103P   2285
-8.268056822,10.566925764,-12.37439118,-8.770918736,                1103P   2286
5.403059535,-15.355750737,-8.767190213,2.88313206,                  1103P   2287
-16.810631543,-8.266886847,0.4,-18.244268506,-7.470799525,0.,       1103P   2288
1.,0.5,-0.866025404,0.;                                             1103P   2289
126,1,1,1,0,1,0,0.,0.,1.,1.,1.,1.,1.,0.082285399,0.,1.,             1105P   2290
0.917714601,0.,0.,1.,0.,0.,1.;                                      1105P   2291
126,3,3,1,0,1,0,0.,0.,0.,0.,1.,1.,1.,1.,1.,1.,1.,1.,0.4,            1107P   2292
-18.244268506,-7.470799525,0.4,-18.244268506,-2.490266508,0.4,      1107P   2293
-18.244268506,2.490266508,0.4,-18.244268506,7.470799525,0.,1.,      1107P   2294
0.,0.,0.;                                                           1107P   2295
126,16,2,1,0,1,0,0.,0.,0.,0.125,0.125,0.25,0.25,0.375,0.375,        1109P   2296
0.5,0.5,0.625,0.625,0.75,0.75,0.875,0.875,1.,1.,1.,1.,1.,1.,1.,     1109P   2297
1.,1.,1.,1.,1.,1.,1.,1.,1.,1.,1.,1.,1.,1.,0.917714601,0.,           1109P   2298
0.936887023,0.934910929,0.,0.877005544,0.947877151,0.,              1109P   2299
0.813679724,0.961589181,0.,0.752949805,0.970789193,0.,              1109P   2300
0.689447019,0.980409268,0.,0.627659127,0.985264343,0.,              1109P   2301
0.56401574,0.990265216,0.,0.500987326,0.990303893,0.,               1109P   2302
0.437606649,0.990342787,0.,0.373619835,0.985364345,0.,              1109P   2303
0.311530071,0.980533502,0.,0.247716807,0.970890055,0.,              1109P   2304
0.186786436,0.961682269,0.,0.123245825,0.947931565,0.,              1109P   2305
0.063244962,0.934946891,0.,0.,0.917714601,0.,0.,1.,0.,0.,-1.;       1109P   2306
126,5,3,1,0,1,0,0.,0.,0.,0.,0.5,0.5,1.,1.,1.,1.,1.,1.,1.,1.,1.,     1111P   2307
1.,0.4,-18.244268506,7.470799525,2.88313206,-16.810631543,          1111P   2308
8.266886847,5.403059535,-15.355750737,8.767190213,10.566925764,     1111P   2309
-12.37439118,8.770918736,13.113218587,-10.904288333,                1111P   2310
8.268056822,15.6,-9.468544415,7.470799525,0.,1.,0.5,                1111P   2311
-0.866025404,0.;                                                    1111P   2312
102,4,1097,1101,1105,1109;                                          1113P   2313
102,4,1099,1103,1107,1111;                                          1115P   2314
142,1,1095,1113,1115,1;                                             1117P   2315
144,1095,1,0,1117;                                                  1119P   2316
128,1,1,1,1,0,0,1,0,0,0.,0.,1.,1.,0.,0.,1.,1.,1.,1.,1.,1.,16.,      1121P   2317
8.775724092,-9.03909601,16.,-8.775724092,-9.03909601,16.,           1121P   2318
8.775724092,9.03909601,16.,-8.775724092,9.03909601,0.,1.,0.,1.;     1121P   2319
126,8,2,1,0,1,0,0.,0.,0.,0.25,0.25,0.5,0.5,0.75,0.75,1.,1.,1.,      1123P   2320
1.,1.,1.,1.,1.,1.,1.,1.,1.,0.5,0.98506288,0.,0.436710934,           1123P   2321
0.98506288,0.,0.372808812,0.980113213,0.,0.310485664,               1123P   2322
0.975285848,0.,0.246416778,0.965661449,0.,0.185643724,              1123P   2323
0.956532149,0.,0.122266396,0.942933286,0.,0.062730762,              1123P   2324
0.930158735,0.,0.,0.913249263,0.,0.,1.,0.,0.,-1.;                   1123P   2325
126,5,3,1,0,1,0,0.,0.,0.,0.,0.5,0.5,1.,1.,1.,1.,1.,1.,1.,1.,1.,     1125P   2326
1.,16.,0.,8.769059892,16.,1.483135319,8.769059892,16.,              1125P   2327
2.985653706,8.645008719,16.,5.915851864,8.191625479,16.,            1125P   2328
7.354758132,7.865325131,16.,8.775724092,7.470799525,0.,1.,1.,       1125P   2329
0.,0.;                                                              1125P   2330
126,1,1,1,0,1,0,0.,0.,1.,1.,1.,1.,0.,0.913249263,0.,0.,             1127P   2331
0.086750737,0.,0.,1.,0.,0.,1.;                                      1127P   2332
126,3,3,1,0,1,0,0.,0.,0.,0.,1.,1.,1.,1.,1.,1.,1.,1.,16.,            1129P   2333
8.775724092,7.470799525,16.,8.775724092,2.490266508,16.,            1129P   2334
8.775724092,-2.490266508,16.,8.775724092,-7.470799525,0.,1.,0.,     1129P   2335
0.,0.;                                                              1129P   2336
126,8,2,1,0,1,0,0.,0.,0.,0.25,0.25,0.5,0.5,0.75,0.75,1.,1.,1.,      1131P   2337
1.,1.,1.,1.,1.,1.,1.,1.,1.,0.,0.086750737,0.,0.062730762,           1131P   2338
0.069841265,0.,0.122266396,0.057066714,0.,0.185643724,              1131P   2339
0.043467851,0.,0.246416778,0.034338551,0.,0.310485664,              1131P   2340
0.024714152,0.,0.372808812,0.019886787,0.,0.436710934,              1131P   2341
0.01493712,0.,0.5,0.01493712,0.,0.,1.,0.,0.,-1.;                    1131P   2342
126,5,3,1,0,1,0,0.,0.,0.,0.,0.5,0.5,1.,1.,1.,1.,1.,1.,1.,1.,1.,     1133P   2343
1.,16.,8.775724092,-7.470799525,16.,7.354758132,-7.865325131,       1133P   2344
16.,5.915851864,-8.191625479,16.,2.985653706,-8.645008719,16.,      1133P   2345
1.483135319,-8.769059892,16.,0.,-8.769059892,0.,1.,1.,0.,0.;        1133P   2346
126,8,2,1,0,1,0,0.,0.,0.,0.25,0.25,0.5,0.5,0.75,0.75,1.,1.,1.,      1135P   2347
1.,1.,1.,1.,1.,1.,1.,1.,1.,0.5,0.01493712,0.,0.562839695,           1135P   2348
0.01493712,0.,0.626279438,0.019816414,0.,0.688150591,               1135P   2349
0.024575064,0.,0.751730226,0.034061139,0.,0.812771917,              1135P   2350
0.043168552,0.,0.876430558,0.056787531,0.,0.936585103,              1135P   2351
0.069656852,0.,1.,0.086750737,0.,0.,1.,0.,0.,-1.;                   1135P   2352
126,3,3,1,0,1,0,0.,0.,0.,0.,1.,1.,1.,1.,1.,1.,1.,1.,16.,0.,         1137P   2353
-8.769059892,16.,-2.965285746,-8.769059892,16.,-5.91051193,         1137P   2354
-8.266314405,16.,-8.775724092,-7.470799525,0.,1.,1.,0.,0.;          1137P   2355
126,1,1,1,0,1,0,0.,0.,1.,1.,1.,1.,1.,0.086750737,0.,1.,             1139P   2356
0.913249263,0.,0.,1.,0.,0.,1.;                                      1139P   2357
126,3,3,1,0,1,0,0.,0.,0.,0.,1.,1.,1.,1.,1.,1.,1.,1.,16.,            1141P   2358
-8.775724092,-7.470799525,16.,-8.775724092,-2.490266508,16.,        1141P   2359
-8.775724092,2.490266508,16.,-8.775724092,7.470799525,0.,1.,0.,     1141P   2360
0.,0.;                                                              1141P   2361
126,8,2,1,0,1,0,0.,0.,0.,0.25,0.25,0.5,0.5,0.75,0.75,1.,1.,1.,      1143P   2362
1.,1.,1.,1.,1.,1.,1.,1.,1.,1.,0.913249263,0.,0.936585103,           1143P   2363
0.930343148,0.,0.876430558,0.943212469,0.,0.812771917,              1143P   2364
0.956831448,0.,0.751730226,0.965938861,0.,0.688150591,              1143P   2365
0.975424936,0.,0.626279438,0.980183586,0.,0.562839695,              1143P   2366
0.98506288,0.,0.5,0.98506288,0.,0.,1.,0.,0.,-1.;                    1143P   2367
126,3,3,1,0,1,0,0.,0.,0.,0.,1.,1.,1.,1.,1.,1.,1.,1.,16.,            1145P   2368
-8.775724092,7.470799525,16.,-5.91051193,8.266314405,16.,           1145P   2369
-2.965285746,8.769059892,16.,0.,8.769059892,0.,1.,1.,0.,0.;         1145P   2370
102,6,1123,1127,1131,1135,1139,1143;                                1147P   2371
102,6,1125,1129,1133,1137,1141,1145;                                1149P   2372
142,1,1121,1147,1149,1;                                             1151P   2373
144,1121,1,0,1151;                                                  1153P   2374
128,1,1,1,1,0,0,1,0,0,0.,0.,1.,1.,0.,0.,1.,1.,1.,1.,1.,1.,0.4,      1155P   2375
18.244268506,-8.942468734,15.6,9.468544415,-8.942468734,0.4,        1155P   2376
18.244268506,8.942468734,15.6,9.468544415,8.942468734,0.,1.,0.,     1155P   2377
1.;                                                                 1155P   2378
126,1,1,1,0,1,0,0.,0.,1.,1.,1.,1.,1.,0.082285399,0.,1.,             1157P   2379
0.917714601,0.,0.,1.,0.,0.,1.;                                      1157P   2380
126,3,3,1,0,1,0,0.,0.,0.,0.,1.,1.,1.,1.,1.,1.,1.,1.,15.6,           1159P   2381
9.468544415,-7.470799525,15.6,9.468544415,-2.490266508,15.6,        1159P   2382
9.468544415,2.490266508,15.6,9.468544415,7.470799525,0.,1.,0.,      1159P   2383
0.,0.;                                                              1159P   2384
126,16,2,1,0,1,0,0.,0.,0.,0.125,0.125,0.25,0.25,0.375,0.375,        1161P   2385
0.5,0.5,0.625,0.625,0.75,0.75,0.875,0.875,1.,1.,1.,1.,1.,1.,1.,     1161P   2386
1.,1.,1.,1.,1.,1.,1.,1.,1.,1.,1.,1.,1.,1.,0.917714601,0.,           1161P   2387
0.936887023,0.934910929,0.,0.877005544,0.947877151,0.,              1161P   2388
0.813679724,0.961589181,0.,0.752949805,0.970789193,0.,              1161P   2389
0.689447019,0.980409268,0.,0.627659127,0.985264343,0.,              1161P   2390
0.56401574,0.990265216,0.,0.500987326,0.990303893,0.,               1161P   2391
0.437606649,0.990342787,0.,0.373619835,0.985364345,0.,              1161P   2392
0.311530071,0.980533502,0.,0.247716807,0.970890055,0.,              1161P   2393
0.186786436,0.961682269,0.,0.123245825,0.947931565,0.,              1161P   2394
0.063244962,0.934946891,0.,0.,0.917714601,0.,0.,1.,0.,0.,-1.;       1161P   2395
126,5,3,1,0,1,0,0.,0.,0.,0.,0.5,0.5,1.,1.,1.,1.,1.,1.,1.,1.,1.,     1163P   2396
1.,15.6,9.468544415,7.470799525,13.11686794,10.902181378,           1163P   2397
8.266886847,10.596940465,12.357062184,8.767190213,5.433074236,      1163P   2398
15.338421741,8.770918736,2.886781413,16.808524588,8.268056822,      1163P   2399
0.4,18.244268506,7.470799525,0.,1.,0.5,0.866025404,0.;              1163P   2400
126,1,1,1,0,1,0,0.,0.,1.,1.,1.,1.,0.,0.917714601,0.,0.,             1165P   2401
0.082285399,0.,0.,1.,0.,0.,1.;                                      1165P   2402
126,3,3,1,0,1,0,0.,0.,0.,0.,1.,1.,1.,1.,1.,1.,1.,1.,0.4,            1167P   2403
18.244268506,7.470799525,0.4,18.244268506,2.490266508,0.4,          1167P   2404
18.244268506,-2.490266508,0.4,18.244268506,-7.470799525,0.,1.,      1167P   2405
0.,0.,0.;                                                           1167P   2406
126,16,2,1,0,1,0,0.,0.,0.,0.125,0.125,0.25,0.25,0.375,0.375,        1169P   2407
0.5,0.5,0.625,0.625,0.75,0.75,0.875,0.875,1.,1.,1.,1.,1.,1.,1.,     1169P   2408
1.,1.,1.,1.,1.,1.,1.,1.,1.,1.,1.,1.,1.,0.,0.082285399,0.,           1169P   2409
0.063244962,0.065053109,0.,0.123245825,0.052068435,0.,              1169P   2410
0.186786436,0.038317731,0.,0.247716807,0.029109945,0.,              1169P   2411
0.311530071,0.019466498,0.,0.373619835,0.014635655,0.,              1169P   2412
0.437606649,0.009657213,0.,0.500987326,0.009696107,0.,              1169P   2413
0.56401574,0.009734784,0.,0.627659127,0.014735657,0.,               1169P   2414
0.689447019,0.019590732,0.,0.752949805,0.029210807,0.,              1169P   2415
0.813679724,0.038410819,0.,0.877005544,0.052122849,0.,              1169P   2416
0.936887023,0.065089071,0.,1.,0.082285399,0.,0.,1.,0.,0.,-1.;       1169P   2417
126,5,3,1,0,1,0,0.,0.,0.,0.,0.5,0.5,1.,1.,1.,1.,1.,1.,1.,1.,1.,     1171P   2418
1.,0.4,18.244268506,-7.470799525,2.886781413,16.808524588,          1171P   2419
-8.268056822,5.433074236,15.338421741,-8.770918736,                 1171P   2420
10.596940465,12.357062184,-8.767190213,13.11686794,                 1171P   2421
10.902181378,-8.266886847,15.6,9.468544415,-7.470799525,0.,1.,      1171P   2422
0.5,0.866025404,0.;                                                 1171P   2423
102,4,1157,1161,1165,1169;                                          1173P   2424
102,4,1159,1163,1167,1171;                                          1175P   2425
142,1,1155,1173,1175,1;                                             1177P   2426
144,1155,1,0,1177;                                                  1179P   2427
128,1,1,1,1,0,0,1,0,0,0.,0.,1.,1.,0.,0.,1.,1.,1.,1.,1.,1.,          1181P   2428
-15.6,9.468544415,-8.942468734,-0.4,18.244268506,-8.942468734,      1181P   2429
-15.6,9.468544415,8.942468734,-0.4,18.244268506,8.942468734,0.,     1181P   2430
1.,0.,1.;                                                           1181P   2431
126,1,1,1,0,1,0,0.,0.,1.,1.,1.,1.,1.,0.082285399,0.,1.,             1183P   2432
0.917714601,0.,0.,1.,0.,0.,1.;                                      1183P   2433
126,3,3,1,0,1,0,0.,0.,0.,0.,1.,1.,1.,1.,1.,1.,1.,1.,-0.4,           1185P   2434
18.244268506,-7.470799525,-0.4,18.244268506,-2.490266508,-0.4,      1185P   2435
18.244268506,2.490266508,-0.4,18.244268506,7.470799525,0.,1.,       1185P   2436
0.,0.,0.;                                                           1185P   2437
126,16,2,1,0,1,0,0.,0.,0.,0.125,0.125,0.25,0.25,0.375,0.375,        1187P   2438
0.5,0.5,0.625,0.625,0.75,0.75,0.875,0.875,1.,1.,1.,1.,1.,1.,1.,     1187P   2439
1.,1.,1.,1.,1.,1.,1.,1.,1.,1.,1.,1.,1.,1.,0.917714601,0.,           1187P   2440
0.936887023,0.934910929,0.,0.877005544,0.947877151,0.,              1187P   2441
0.813679724,0.961589181,0.,0.752949805,0.970789193,0.,              1187P   2442
0.689447019,0.980409268,0.,0.627659127,0.985264343,0.,              1187P   2443
0.56401574,0.990265216,0.,0.500987326,0.990303893,0.,               1187P   2444
0.437606649,0.990342787,0.,0.373619835,0.985364345,0.,              1187P   2445
0.311530071,0.980533502,0.,0.247716807,0.970890055,0.,              1187P   2446
0.186786436,0.961682269,0.,0.123245825,0.947931565,0.,              1187P   2447
0.063244962,0.934946891,0.,0.,0.917714601,0.,0.,1.,0.,0.,-1.;       1187P   2448
126,5,3,1,0,1,0,0.,0.,0.,0.,0.5,0.5,1.,1.,1.,1.,1.,1.,1.,1.,1.,     1189P   2449
1.,-0.4,18.244268506,7.470799525,-2.88313206,16.810631543,          1189P   2450
8.266886847,-5.403059535,15.355750737,8.767190213,                  1189P   2451
-10.566925764,12.37439118,8.770918736,-13.113218587,                1189P   2452
10.904288333,8.268056822,-15.6,9.468544415,7.470799525,0.,1.,       1189P   2453
-0.5,0.866025404,0.;                                                1189P   2454
126,1,1,1,0,1,0,0.,0.,1.,1.,1.,1.,0.,0.917714601,0.,0.,             1191P   2455
0.082285399,0.,0.,1.,0.,0.,1.;                                      1191P   2456
126,3,3,1,0,1,0,0.,0.,0.,0.,1.,1.,1.,1.,1.,1.,1.,1.,-15.6,          1193P   2457
9.468544415,7.470799525,-15.6,9.468544415,2.490266508,-15.6,        1193P   2458
9.468544415,-2.490266508,-15.6,9.468544415,-7.470799525,0.,1.,      1193P   2459
0.,0.,0.;                                                           1193P   2460
126,16,2,1,0,1,0,0.,0.,0.,0.125,0.125,0.25,0.25,0.375,0.375,        1195P   2461
0.5,0.5,0.625,0.625,0.75,0.75,0.875,0.875,1.,1.,1.,1.,1.,1.,1.,     1195P   2462
1.,1.,1.,1.,1.,1.,1.,1.,1.,1.,1.,1.,1.,0.,0.082285399,0.,           1195P   2463
0.063244962,0.065053109,0.,0.123245825,0.052068435,0.,              1195P   2464
0.186786436,0.038317731,0.,0.247716807,0.029109945,0.,              1195P   2465
0.311530071,0.019466498,0.,0.373619835,0.014635655,0.,              1195P   2466
0.437606649,0.009657213,0.,0.500987326,0.009696107,0.,              1195P   2467
0.56401574,0.009734784,0.,0.627659127,0.014735657,0.,               1195P   2468
0.689447019,0.019590732,0.,0.752949805,0.029210807,0.,              1195P   2469
0.813679724,0.038410819,0.,0.877005544,0.052122849,0.,              1195P   2470
0.936887023,0.065089071,0.,1.,0.082285399,0.,0.,1.,0.,0.,-1.;       1195P   2471
126,5,3,1,0,1,0,0.,0.,0.,0.,0.5,0.5,1.,1.,1.,1.,1.,1.,1.,1.,1.,     1197P   2472
1.,-15.6,9.468544415,-7.470799525,-13.113218587,10.904288333,       1197P   2473
-8.268056822,-10.566925764,12.37439118,-8.770918736,                1197P   2474
-5.403059535,15.355750737,-8.767190213,-2.88313206,                 1197P   2475
16.810631543,-8.266886847,-0.4,18.244268506,-7.470799525,0.,1.,     1197P   2476
-0.5,0.866025404,0.;                                                1197P   2477
102,4,1183,1187,1191,1195;                                          1199P   2478
102,4,1185,1189,1193,1197;                                          1201P   2479
142,1,1181,1199,1201,1;                                             1203P   2480
144,1181,1,0,1203;                                                  1205P   2481
128,1,1,1,1,0,0,1,0,0,0.,0.,1.,1.,0.,0.,1.,1.,1.,1.,1.,1.,-16.,     1207P   2482
-8.775724092,-9.03909601,-16.,8.775724092,-9.03909601,-16.,         1207P   2483
-8.775724092,9.03909601,-16.,8.775724092,9.03909601,0.,1.,0.,       1207P   2484
1.;                                                                 1207P   2485
126,1,1,1,0,1,0,0.,0.,1.,1.,1.,1.,1.,0.086750737,0.,1.,             1209P   2486
0.913249263,0.,0.,1.,0.,0.,1.;                                      1209P   2487
126,3,3,1,0,1,0,0.,0.,0.,0.,1.,1.,1.,1.,1.,1.,1.,1.,-16.,           1211P   2488
8.775724092,-7.470799525,-16.,8.775724092,-2.490266508,-16.,        1211P   2489
8.775724092,2.490266508,-16.,8.775724092,7.470799525,0.,1.,0.,      1211P   2490
0.,0.;                                                              1211P   2491
126,8,2,1,0,1,0,0.,0.,0.,0.25,0.25,0.5,0.5,0.75,0.75,1.,1.,1.,      1213P   2492
1.,1.,1.,1.,1.,1.,1.,1.,1.,1.,0.913249263,0.,0.937269238,           1213P   2493
0.930158735,0.,0.877733604,0.942933286,0.,0.814356276,              1213P   2494
0.956532149,0.,0.753583222,0.965661449,0.,0.689514336,              1213P   2495
0.975285848,0.,0.627191188,0.980113213,0.,0.563289066,              1213P   2496
0.98506288,0.,0.5,0.98506288,0.,0.,1.,0.,0.,-1.;                    1213P   2497
126,5,3,1,0,1,0,0.,0.,0.,0.,0.5,0.5,1.,1.,1.,1.,1.,1.,1.,1.,1.,     1215P   2498
1.,-16.,8.775724092,7.470799525,-16.,7.354758132,7.865325131,       1215P   2499
-16.,5.915851864,8.191625479,-16.,2.985653706,8.645008719,-16.,     1215P   2500
1.483135319,8.769059892,-16.,0.,8.769059892,0.,1.,-1.,0.,0.;        1215P   2501
126,8,2,1,0,1,0,0.,0.,0.,0.25,0.25,0.5,0.5,0.75,0.75,1.,1.,1.,      1217P   2502
1.,1.,1.,1.,1.,1.,1.,1.,1.,0.5,0.98506288,0.,0.437160305,           1217P   2503
0.98506288,0.,0.373720562,0.980183586,0.,0.311849409,               1217P   2504
0.975424936,0.,0.248269774,0.965938861,0.,0.187228083,              1217P   2505
0.956831448,0.,0.123569442,0.943212469,0.,0.063414897,              1217P   2506
0.930343148,0.,0.,0.913249263,0.,0.,1.,0.,0.,-1.;                   1217P   2507
126,3,3,1,0,1,0,0.,0.,0.,0.,1.,1.,1.,1.,1.,1.,1.,1.,-16.,0.,        1219P   2508
8.769059892,-16.,-2.965285746,8.769059892,-16.,-5.91051193,         1219P   2509
8.266314405,-16.,-8.775724092,7.470799525,0.,1.,-1.,0.,0.;          1219P   2510
126,1,1,1,0,1,0,0.,0.,1.,1.,1.,1.,0.,0.913249263,0.,0.,             1221P   2511
0.086750737,0.,0.,1.,0.,0.,1.;                                      1221P   2512
126,3,3,1,0,1,0,0.,0.,0.,0.,1.,1.,1.,1.,1.,1.,1.,1.,-16.,           1223P   2513
-8.775724092,7.470799525,-16.,-8.775724092,2.490266508,-16.,        1223P   2514
-8.775724092,-2.490266508,-16.,-8.775724092,-7.470799525,0.,1.,     1223P   2515
0.,0.,0.;                                                           1223P   2516
126,8,2,1,0,1,0,0.,0.,0.,0.25,0.25,0.5,0.5,0.75,0.75,1.,1.,1.,      1225P   2517
1.,1.,1.,1.,1.,1.,1.,1.,1.,0.,0.086750737,0.,0.063414897,           1225P   2518
0.069656852,0.,0.123569442,0.056787531,0.,0.187228083,              1225P   2519
0.043168552,0.,0.248269774,0.034061139,0.,0.311849409,              1225P   2520
0.024575064,0.,0.373720562,0.019816414,0.,0.437160305,              1225P   2521
0.01493712,0.,0.5,0.01493712,0.,0.,1.,0.,0.,-1.;                    1225P   2522
126,3,3,1,0,1,0,0.,0.,0.,0.,1.,1.,1.,1.,1.,1.,1.,1.,-16.,           1227P   2523
-8.775724092,-7.470799525,-16.,-5.91051193,-8.266314405,-16.,       1227P   2524
-2.965285746,-8.769059892,-16.,0.,-8.769059892,0.,1.,-1.,0.,0.;     1227P   2525
126,8,2,1,0,1,0,0.,0.,0.,0.25,0.25,0.5,0.5,0.75,0.75,1.,1.,1.,      1229P   2526
1.,1.,1.,1.,1.,1.,1.,1.,1.,0.5,0.01493712,0.,0.563289066,           1229P   2527
0.01493712,0.,0.627191188,0.019886787,0.,0.689514336,               1229P   2528
0.024714152,0.,0.753583222,0.034338551,0.,0.814356276,              1229P   2529
0.043467851,0.,0.877733604,0.057066714,0.,0.937269238,              1229P   2530
0.069841265,0.,1.,0.086750737,0.,0.,1.,0.,0.,-1.;                   1229P   2531
126,5,3,1,0,1,0,0.,0.,0.,0.,0.5,0.5,1.,1.,1.,1.,1.,1.,1.,1.,1.,     1231P   2532
1.,-16.,0.,-8.769059892,-16.,1.483135319,-8.769059892,-16.,         1231P   2533
2.985653706,-8.645008719,-16.,5.915851864,-8.191625479,-16.,        1231P   2534
7.354758132,-7.865325131,-16.,8.775724092,-7.470799525,0.,1.,       1231P   2535
-1.,0.,0.;                                                          1231P   2536
102,6,1209,1213,1217,1221,1225,1229;                                1233P   2537
102,6,1211,1215,1219,1223,1227,1231;                                1235P   2538
142,1,1207,1233,1235,1;                                             1237P   2539
144,1207,1,0,1237;                                                  1239P   2540
110,0.,0.,1009.,0.,0.,9.;                                           1241P   2541
110,15.6,0.,9.,18.329836288,0.,7.423928284;                         1243P   2542
120,1241,1243,0.,6.28318530717959;                                  1245P   2543
126,1,1,1,0,1,0,0.,0.,1.,1.,1.,1.,0.146528934,3.141592654,0.,       1247P   2544
0.,3.141592654,0.,0.,1.,0.,0.,1.;                                   1247P   2545
110,-16.,0.,8.769059892,-15.6,0.,9.;                                1249P   2546
126,1,1,1,0,1,0,0.,0.,1.,1.,1.,1.,0.,3.141592654,0.,0.,             1251P   2547
6.283185307,0.,0.,1.,0.,0.,1.;                                      1251P   2548
124,-1.,-6.98296267768627E-015,0.,0.,-6.98296267768627E-015,1.,     1253P   2549
-6.98296267768627E-015,6.28466640991764E-014,                       1253P   2550
4.87617677579594E-029,-6.98296267768627E-015,-1.,18.;               1253P   2551
100,9.,0.,0.,15.6,0.,-15.6,0.;                                      1255P   2552
126,1,1,1,0,1,0,0.,0.,1.,1.,1.,1.,0.,6.283185307,0.,                1257P   2553
0.146528934,6.283185307,0.,0.,1.,0.,0.,1.;                          1257P   2554
110,15.6,0.,9.,16.,0.,8.769059892;                                  1259P   2555
126,8,2,1,0,1,0,0.,0.,0.,0.25,0.25,0.5,0.5,0.75,0.75,1.,1.,1.,      1261P   2556
1.,1.,1.,1.,1.,1.,1.,1.,1.,0.146528934,6.283185307,0.,              1261P   2557
0.146528934,6.213315778,0.,0.203303659,6.144555905,0.,              1261P   2558
0.259302697,6.076735466,0.,0.369071341,6.011872466,0.,              1261P   2559
0.475207565,5.949155885,0.,0.629772739,5.890360611,0.,              1261P   2560
0.778297721,5.833862975,0.,0.970260719,5.781507713,0.,0.,1.,0.,     1261P   2561
0.,1.;                                                              1261P   2562
126,5,3,1,0,1,0,0.,0.,0.,0.,0.5,0.5,1.,1.,1.,1.,1.,1.,1.,1.,1.,     1263P   2563
1.,16.,0.,8.769059892,16.,1.483135319,8.769059892,16.,              1263P   2564
2.985653706,8.645008719,16.,5.915851864,8.191625479,16.,            1263P   2565
7.354758132,7.865325131,16.,8.775724092,7.470799525,0.,1.,1.,       1263P   2566
0.,0.;                                                              1263P   2567
126,8,2,1,0,1,0,0.,0.,0.,0.25,0.25,0.5,0.5,0.75,0.75,1.,1.,1.,      1265P   2568
1.,1.,1.,1.,1.,1.,1.,1.,1.,0.970260719,5.781507713,0.,              1265P   2569
0.983033872,5.778024012,0.,0.989425179,5.770767044,0.,              1265P   2570
0.994030936,5.765537468,0.,0.994034165,5.759592118,0.,              1265P   2571
0.994037405,5.753627615,0.,0.989398863,5.748376183,0.,              1265P   2572
0.98300928,5.741142344,0.,0.970260719,5.73766535,0.,0.,1.,0.,       1265P   2573
0.,-1.;                                                             1265P   2574
126,13,3,1,0,1,0,0.,0.,0.,0.,0.124999999999997,                     1267P   2575
0.124999999999997,0.249999999999994,0.249999999999994,              1267P   2576
0.499999999999994,0.499999999999994,0.624999999999997,              1267P   2577
0.624999999999997,0.75,0.75,1.,1.,1.,1.,1.,1.,1.,1.,1.,1.,1.,       1267P   2578
1.,1.,1.,1.,1.,1.,1.,16.,8.775724092,7.470799525,16.,               1267P   2579
8.799893238,7.464089056,15.995917558,8.828415565,7.458216775,       1267P   2580
15.979444762,8.894108816,7.448148587,15.962406702,8.942855631,      1267P   2581
7.443014628,15.926441315,9.032433906,7.435755625,15.896456093,      1267P   2582
9.09361885,7.433334272,15.841848675,9.188220583,7.433329166,        1267P   2583
15.823181966,9.218229669,7.433937112,15.784971277,9.275185484,      1267P   2584
7.436372301,15.772961825,9.292539674,7.437279622,15.690480939,      1267P   2585
9.397549804,7.447350063,15.641781595,9.444421799,7.457404426,       1267P   2586
15.6,9.468544415,7.470799525,0.,1.,0.,0.,0.;                        1267P   2587
126,16,2,1,0,1,0,0.,0.,0.,0.125,0.125,0.25,0.25,0.375,0.375,        1269P   2588
0.5,0.5,0.625,0.625,0.75,0.75,0.875,0.875,1.,1.,1.,1.,1.,1.,1.,     1269P   2589
1.,1.,1.,1.,1.,1.,1.,1.,1.,1.,1.,1.,1.,0.970260719,5.73766535,      1269P   2590
0.,0.777137877,5.684993756,0.,0.627982309,5.628130634,0.,           1269P   2591
0.473794122,5.569348908,0.,0.367981177,5.506655549,0.,              1269P   2592
0.259431668,5.442340798,0.,0.203720155,5.375120633,0.,              1269P   2593
0.146974074,5.306652183,0.,0.146532371,5.237070818,0.,              1269P   2594
0.146088211,5.167102279,0.,0.202585348,5.098231136,0.,              1269P   2595
0.258020934,5.030654045,0.,0.366836618,4.965999064,0.,              1269P   2596
0.472743998,4.903072108,0.,0.627364832,4.844080371,0.,              1269P   2597
0.776737385,4.787090984,0.,0.970260719,4.734310162,0.,0.,1.,0.,     1269P   2598
0.,1.;                                                              1269P   2599
126,5,3,1,0,1,0,0.,0.,0.,0.,0.5,0.5,1.,1.,1.,1.,1.,1.,1.,1.,1.,     1271P   2600
1.,15.6,9.468544415,7.470799525,13.11686794,10.902181378,           1271P   2601
8.266886847,10.596940465,12.357062184,8.767190213,5.433074236,      1271P   2602
15.338421741,8.770918736,2.886781413,16.808524588,8.268056822,      1271P   2603
0.4,18.244268506,7.470799525,0.,1.,0.5,0.866025404,0.;              1271P   2604
126,8,2,1,0,1,0,0.,0.,0.,0.25,0.25,0.5,0.5,0.75,0.75,1.,1.,1.,      1273P   2605
1.,1.,1.,1.,1.,1.,1.,1.,1.,0.970260719,4.734310162,0.,              1273P   2606
0.983033872,4.730826461,0.,0.989425179,4.723569493,0.,              1273P   2607
0.994030936,4.718339917,0.,0.994034165,4.712394566,0.,              1273P   2608
0.994037405,4.706430064,0.,0.989398863,4.701178632,0.,              1273P   2609
0.98300928,4.693944793,0.,0.970260719,4.690467799,0.,0.,1.,0.,      1273P   2610
0.,-1.;                                                             1273P   2611
126,13,3,1,0,1,0,0.,0.,0.,0.,0.125,0.125,0.25,0.25,0.5,0.5,         1275P   2612
0.625,0.625,0.75,0.75,1.,1.,1.,1.,1.,1.,1.,1.,1.,1.,1.,1.,1.,       1275P   2613
1.,1.,1.,1.,1.,0.4,18.244268506,7.470799525,0.379068905,            1275P   2614
18.25635308,7.464089056,0.352326625,18.267078745,7.458216775,       1275P   2615
0.287198202,18.28565951,7.448148587,0.236463192,18.295277525,       1275P   2616
7.443014628,0.140903437,18.308919723,7.435755625,0.07292311,        1275P   2617
18.313544232,7.433334272,-0.036308103,18.313553687,7.433329166,     1275P   2618
-0.071630089,18.312392386,7.433937112,-0.140060615,                 1275P   2619
18.307778866,7.436372301,-0.161094511,18.306055471,7.437279622,     1275P   2620
-0.293276394,18.287129992,7.447350063,-0.358218405,                 1275P   2621
18.268391122,7.457404426,-0.4,18.244268506,7.470799525,0.,1.,       1275P   2622
0.,0.,0.;                                                           1275P   2623
126,16,2,1,0,1,0,0.,0.,0.,0.125,0.125,0.25,0.25,0.375,0.375,        1277P   2624
0.5,0.5,0.625,0.625,0.75,0.75,0.875,0.875,1.,1.,1.,1.,1.,1.,1.,     1277P   2625
1.,1.,1.,1.,1.,1.,1.,1.,1.,1.,1.,1.,1.,0.970260719,4.690467799,     1277P   2626
0.,0.777137877,4.637796205,0.,0.627982309,4.580933083,0.,           1277P   2627
0.473794122,4.522151357,0.,0.367981177,4.459457998,0.,              1277P   2628
0.259431668,4.395143246,0.,0.203720155,4.327923082,0.,              1277P   2629
0.146974074,4.259454632,0.,0.146532371,4.189873267,0.,              1277P   2630
0.146088211,4.119904728,0.,0.202585348,4.051033585,0.,              1277P   2631
0.258020934,3.983456494,0.,0.366836618,3.918801513,0.,              1277P   2632
0.472743998,3.855874557,0.,0.627364832,3.79688282,0.,               1277P   2633
0.776737385,3.739893433,0.,0.970260719,3.687112611,0.,0.,1.,0.,     1277P   2634
0.,1.;                                                              1277P   2635
126,5,3,1,0,1,0,0.,0.,0.,0.,0.5,0.5,1.,1.,1.,1.,1.,1.,1.,1.,1.,     1279P   2636
1.,-0.4,18.244268506,7.470799525,-2.88313206,16.810631543,          1279P   2637
8.266886847,-5.403059535,15.355750737,8.767190213,                  1279P   2638
-10.566925764,12.37439118,8.770918736,-13.113218587,                1279P   2639
10.904288333,8.268056822,-15.6,9.468544415,7.470799525,0.,1.,       1279P   2640
-0.5,0.866025404,0.;                                                1279P   2641
126,8,2,1,0,1,0,0.,0.,0.,0.25,0.25,0.5,0.5,0.75,0.75,1.,1.,1.,      1281P   2642
1.,1.,1.,1.,1.,1.,1.,1.,1.,0.970260719,3.687112611,0.,              1281P   2643
0.983033872,3.683628909,0.,0.989425179,3.676371941,0.,              1281P   2644
0.994030936,3.671142365,0.,0.994034165,3.665197015,0.,              1281P   2645
0.994037405,3.659232513,0.,0.989398863,3.653981081,0.,              1281P   2646
0.98300928,3.646747242,0.,0.970260719,3.643270247,0.,0.,1.,0.,      1281P   2647
0.,-1.;                                                             1281P   2648
126,13,3,1,0,1,0,0.,0.,0.,0.,0.124999999999997,                     1283P   2649
0.124999999999997,0.249999999999994,0.249999999999994,              1283P   2650
0.499999999999994,0.499999999999994,0.624999999999996,              1283P   2651
0.624999999999996,0.749999999999999,0.749999999999999,1.,1.,1.,     1283P   2652
1.,1.,1.,1.,1.,1.,1.,1.,1.,1.,1.,1.,1.,1.,1.,-15.6,9.468544415,     1283P   2653
7.470799525,-15.620931095,9.456459841,7.464089056,                  1283P   2654
-15.643590934,9.43866318,7.458216775,-15.69224656,9.391550694,      1283P   2655
7.448148587,-15.72594351,9.352421894,7.443014628,-15.785537878,     1283P   2656
9.276485818,7.435755625,-15.823532983,9.219925382,7.433334272,      1283P   2657
-15.878156778,9.125333104,7.433329166,-15.894812054,                1283P   2658
9.094162717,7.433937112,-15.925031893,9.032593382,7.436372301,      1283P   2659
-15.934056336,9.013515796,7.437279622,-15.983757332,                1283P   2660
8.889580189,7.447350063,-16.,8.823969322,7.457404426,-16.,          1283P   2661
8.775724092,7.470799525,0.,1.,0.,0.,0.;                             1283P   2662
126,8,2,1,0,1,0,0.,0.,0.,0.25,0.25,0.5,0.5,0.75,0.75,1.,1.,1.,      1285P   2663
1.,1.,1.,1.,1.,1.,1.,1.,1.,0.970260719,3.643270247,0.,              1285P   2664
0.778297721,3.590914986,0.,0.629772739,3.534417349,0.,              1285P   2665
0.475207565,3.475622075,0.,0.369071341,3.412905495,0.,              1285P   2666
0.259302697,3.348042495,0.,0.203303659,3.280222055,0.,              1285P   2667
0.146528934,3.211462182,0.,0.146528934,3.141592654,0.,0.,1.,0.,     1285P   2668
0.,1.;                                                              1285P   2669
126,5,3,1,0,1,0,0.,0.,0.,0.,0.5,0.5,1.,1.,1.,1.,1.,1.,1.,1.,1.,     1287P   2670
1.,-16.,8.775724092,7.470799525,-16.,7.354758132,7.865325131,       1287P   2671
-16.,5.915851864,8.191625479,-16.,2.985653706,8.645008719,-16.,     1287P   2672
1.483135319,8.769059892,-16.,0.,8.769059892,0.,1.,-1.,0.,0.;        1287P   2673
102,10,1247,1251,1257,1261,1265,1269,1273,1277,1281,1285;           1289P   2674
102,10,1249,1255,1259,1263,1267,1271,1275,1279,1283,1287;           1291P   2675
142,1,1245,1289,1291,1;                                             1293P   2676
144,1245,1,0,1293;                                                  1295P   2677
110,0.,0.,-1009.,0.,0.,-9.;                                         1297P   2678
110,15.6,0.,-9.,18.329836288,0.,-7.423928284;                       1299P   2679
120,1297,1299,0.,6.28318530717959;                                  1301P   2680
126,1,1,1,0,1,0,0.,0.,1.,1.,1.,1.,0.146528934,3.141592654,0.,       1303P   2681
0.,3.141592654,0.,0.,1.,0.,0.,1.;                                   1303P   2682
110,-16.,0.,-8.769059892,-15.6,0.,-9.;                              1305P   2683
126,1,1,1,0,1,0,0.,0.,1.,1.,1.,1.,0.,3.141592654,0.,0.,             1307P   2684
6.283185307,0.,0.,1.,0.,0.,1.;                                      1307P   2685
100,-9.,0.,0.,-15.6,0.,15.6,0.;                                     1309P   2686
126,1,1,1,0,1,0,0.,0.,1.,1.,1.,1.,0.,6.283185307,0.,                1311P   2687
0.146528934,6.283185307,0.,0.,1.,0.,0.,1.;                          1311P   2688
110,15.6,0.,-9.,16.,0.,-8.769059892;                                1313P   2689
126,8,2,1,0,1,0,0.,0.,0.,0.25,0.25,0.5,0.5,0.75,0.75,1.,1.,1.,      1315P   2690
1.,1.,1.,1.,1.,1.,1.,1.,1.,0.146528934,6.283185307,0.,              1315P   2691
0.146528934,6.21381807,0.,0.20249645,6.145537099,0.,                1315P   2692
0.257690367,6.078199929,0.,0.365889313,6.013760136,0.,              1315P   2693
0.471776697,5.950697036,0.,0.6265704,5.891581167,0.,                1315P   2694
0.776221753,5.834429167,0.,0.970260719,5.781507713,0.,0.,1.,0.,     1315P   2695
0.,1.;                                                              1315P   2696
126,3,3,1,0,1,0,0.,0.,0.,0.,1.,1.,1.,1.,1.,1.,1.,1.,16.,0.,         1317P   2697
-8.769059892,16.,-2.965285746,-8.769059892,16.,-5.91051193,         1317P   2698
-8.266314405,16.,-8.775724092,-7.470799525,0.,1.,1.,0.,0.;          1317P   2699
126,8,2,1,0,1,0,0.,0.,0.,0.25,0.25,0.5,0.5,0.75,0.75,1.,1.,1.,      1319P   2700
1.,1.,1.,1.,1.,1.,1.,1.,1.,0.970260719,5.781507713,0.,              1319P   2701
0.983033872,5.778024012,0.,0.989425179,5.770767044,0.,              1319P   2702
0.994030936,5.765537468,0.,0.994034165,5.759592118,0.,              1319P   2703
0.994037405,5.753627615,0.,0.989398863,5.748376183,0.,              1319P   2704
0.98300928,5.741142344,0.,0.970260719,5.73766535,0.,0.,1.,0.,       1319P   2705
0.,-1.;                                                             1319P   2706
126,13,3,1,0,1,0,0.,0.,0.,0.,0.125000000000001,                     1321P   2707
0.125000000000001,0.250000000000003,0.250000000000003,              1321P   2708
0.500000000000001,0.500000000000001,0.625,0.625,                    1321P   2709
0.749999999999998,0.749999999999998,1.,1.,1.,1.,1.,1.,1.,1.,1.,     1321P   2710
1.,1.,1.,1.,1.,1.,1.,1.,1.,16.,-8.775724092,-7.470799525,16.,       1321P   2711
-8.799893238,-7.464089056,15.995917558,-8.828415565,                1321P   2712
-7.458216775,15.979444762,-8.894108816,-7.448148587,                1321P   2713
15.962406702,-8.942855631,-7.443014628,15.926441315,                1321P   2714
-9.032433906,-7.435755625,15.896456093,-9.09361885,                 1321P   2715
-7.433334272,15.841848675,-9.188220583,-7.433329166,                1321P   2716
15.823181966,-9.218229669,-7.433937112,15.784971277,                1321P   2717
-9.275185484,-7.436372301,15.772961825,-9.292539674,                1321P   2718
-7.437279622,15.690480939,-9.397549804,-7.447350063,                1321P   2719
15.641781595,-9.444421799,-7.457404426,15.6,-9.468544415,           1321P   2720
-7.470799525,0.,1.,0.,0.,0.;                                        1321P   2721
126,16,2,1,0,1,0,0.,0.,0.,0.125,0.125,0.25,0.25,0.375,0.375,        1323P   2722
0.5,0.5,0.625,0.625,0.75,0.75,0.875,0.875,1.,1.,1.,1.,1.,1.,1.,     1323P   2723
1.,1.,1.,1.,1.,1.,1.,1.,1.,1.,1.,1.,1.,0.970260719,5.73766535,      1323P   2724
0.,0.776737385,5.684884528,0.,0.627364832,5.627895141,0.,           1323P   2725
0.472743998,5.568903404,0.,0.366836618,5.505976448,0.,              1323P   2726
0.258020934,5.441321467,0.,0.202585348,5.373744376,0.,              1323P   2727
0.146088211,5.304873233,0.,0.146532371,5.234904694,0.,              1323P   2728
0.146974074,5.165323329,0.,0.203720155,5.096854879,0.,              1323P   2729
0.259431668,5.029634714,0.,0.367981177,4.965319963,0.,              1323P   2730
0.473794122,4.902626604,0.,0.627982309,4.843844878,0.,              1323P   2731
0.777137877,4.786981756,0.,0.970260719,4.734310162,0.,0.,1.,0.,     1323P   2732
0.,1.;                                                              1323P   2733
126,5,3,1,0,1,0,0.,0.,0.,0.,0.5,0.5,1.,1.,1.,1.,1.,1.,1.,1.,1.,     1325P   2734
1.,15.6,-9.468544415,-7.470799525,13.113218587,-10.904288333,       1325P   2735
-8.268056822,10.566925764,-12.37439118,-8.770918736,                1325P   2736
5.403059535,-15.355750737,-8.767190213,2.88313206,                  1325P   2737
-16.810631543,-8.266886847,0.4,-18.244268506,-7.470799525,0.,       1325P   2738
1.,0.5,-0.866025404,0.;                                             1325P   2739
126,8,2,1,0,1,0,0.,0.,0.,0.25,0.25,0.5,0.5,0.75,0.75,1.,1.,1.,      1327P   2740
1.,1.,1.,1.,1.,1.,1.,1.,1.,0.970260719,4.734310162,0.,              1327P   2741
0.983033872,4.730826461,0.,0.989425179,4.723569493,0.,              1327P   2742
0.994030936,4.718339917,0.,0.994034165,4.712394566,0.,              1327P   2743
0.994037405,4.706430064,0.,0.989398863,4.701178632,0.,              1327P   2744
0.98300928,4.693944793,0.,0.970260719,4.690467799,0.,0.,1.,0.,      1327P   2745
0.,-1.;                                                             1327P   2746
126,13,3,1,0,1,0,0.,0.,0.,0.,0.125,0.125,0.250000000000001,         1329P   2747
0.250000000000001,0.5,0.5,0.625,0.625,0.749999999999999,            1329P   2748
0.749999999999999,1.,1.,1.,1.,1.,1.,1.,1.,1.,1.,1.,1.,1.,1.,1.,     1329P   2749
1.,1.,1.,0.4,-18.244268506,-7.470799525,0.379068905,                1329P   2750
-18.25635308,-7.464089056,0.352326625,-18.267078745,                1329P   2751
-7.458216775,0.287198202,-18.28565951,-7.448148587,0.236463192,     1329P   2752
-18.295277525,-7.443014628,0.140903437,-18.308919723,               1329P   2753
-7.435755625,0.07292311,-18.313544232,-7.433334272,                 1329P   2754
-0.036308103,-18.313553687,-7.433329166,-0.071630089,               1329P   2755
-18.312392386,-7.433937112,-0.140060615,-18.307778866,              1329P   2756
-7.436372301,-0.161094511,-18.306055471,-7.437279622,               1329P   2757
-0.293276394,-18.287129992,-7.447350063,-0.358218405,               1329P   2758
-18.268391122,-7.457404426,-0.4,-18.244268506,-7.470799525,0.,      1329P   2759
1.,0.,0.,0.;                                                        1329P   2760
126,16,2,1,0,1,0,0.,0.,0.,0.125,0.125,0.25,0.25,0.375,0.375,        1331P   2761
0.5,0.5,0.625,0.625,0.75,0.75,0.875,0.875,1.,1.,1.,1.,1.,1.,1.,     1331P   2762
1.,1.,1.,1.,1.,1.,1.,1.,1.,1.,1.,1.,1.,0.970260719,4.690467799,     1331P   2763
0.,0.776737385,4.637686977,0.,0.627364832,4.58069759,0.,            1331P   2764
0.472743998,4.521705852,0.,0.366836618,4.458778897,0.,              1331P   2765
0.258020934,4.394123916,0.,0.202585348,4.326546824,0.,              1331P   2766
0.146088211,4.257675682,0.,0.146532371,4.187707143,0.,              1331P   2767
0.146974074,4.118125777,0.,0.203720155,4.049657328,0.,              1331P   2768
0.259431668,3.982437163,0.,0.367981177,3.918122411,0.,              1331P   2769
0.473794122,3.855429053,0.,0.627982309,3.796647327,0.,              1331P   2770
0.777137877,3.739784204,0.,0.970260719,3.687112611,0.,0.,1.,0.,     1331P   2771
0.,1.;                                                              1331P   2772
126,5,3,1,0,1,0,0.,0.,0.,0.,0.5,0.5,1.,1.,1.,1.,1.,1.,1.,1.,1.,     1333P   2773
1.,-0.4,-18.244268506,-7.470799525,-2.886781413,-16.808524588,      1333P   2774
-8.268056822,-5.433074236,-15.338421741,-8.770918736,               1333P   2775
-10.596940465,-12.357062184,-8.767190213,-13.11686794,              1333P   2776
-10.902181378,-8.266886847,-15.6,-9.468544415,-7.470799525,0.,      1333P   2777
1.,-0.5,-0.866025404,0.;                                            1333P   2778
126,8,2,1,0,1,0,0.,0.,0.,0.25,0.25,0.5,0.5,0.75,0.75,1.,1.,1.,      1335P   2779
1.,1.,1.,1.,1.,1.,1.,1.,1.,0.970260719,3.687112611,0.,              1335P   2780
0.983033872,3.683628909,0.,0.989425179,3.676371941,0.,              1335P   2781
0.994030936,3.671142365,0.,0.994034165,3.665197015,0.,              1335P   2782
0.994037405,3.659232513,0.,0.989398863,3.653981081,0.,              1335P   2783
0.98300928,3.646747242,0.,0.970260719,3.643270247,0.,0.,1.,0.,      1335P   2784
0.,-1.;                                                             1335P   2785
126,13,3,1,0,1,0,0.,0.,0.,0.,0.125000000000004,                     1337P   2786
0.125000000000004,0.250000000000008,0.250000000000008,              1337P   2787
0.500000000000007,0.500000000000007,0.625000000000004,              1337P   2788
0.625000000000004,0.750000000000001,0.750000000000001,1.,1.,1.,     1337P   2789
1.,1.,1.,1.,1.,1.,1.,1.,1.,1.,1.,1.,1.,1.,1.,-15.6,                 1337P   2790
-9.468544415,-7.470799525,-15.620931095,-9.456459841,               1337P   2791
-7.464089056,-15.643590934,-9.43866318,-7.458216775,                1337P   2792
-15.69224656,-9.391550694,-7.448148587,-15.72594351,                1337P   2793
-9.352421894,-7.443014628,-15.785537878,-9.276485818,               1337P   2794
-7.435755625,-15.823532983,-9.219925382,-7.433334272,               1337P   2795
-15.878156778,-9.125333104,-7.433329166,-15.894812054,              1337P   2796
-9.094162717,-7.433937112,-15.925031893,-9.032593382,               1337P   2797
-7.436372301,-15.934056336,-9.013515796,-7.437279622,               1337P   2798
-15.983757332,-8.889580189,-7.447350063,-16.,-8.823969322,          1337P   2799
-7.457404426,-16.,-8.775724092,-7.470799525,0.,1.,0.,0.,0.;         1337P   2800
126,8,2,1,0,1,0,0.,0.,0.,0.25,0.25,0.5,0.5,0.75,0.75,1.,1.,1.,      1339P   2801
1.,1.,1.,1.,1.,1.,1.,1.,1.,0.970260719,3.643270247,0.,              1339P   2802
0.776221753,3.590348794,0.,0.6265704,3.533196794,0.,                1339P   2803
0.471776697,3.474080925,0.,0.365889313,3.411017825,0.,              1339P   2804
0.257690367,3.346578032,0.,0.20249645,3.279240861,0.,               1339P   2805
0.146528934,3.210959891,0.,0.146528934,3.141592654,0.,0.,1.,0.,     1339P   2806
0.,1.;                                                              1339P   2807
126,3,3,1,0,1,0,0.,0.,0.,0.,1.,1.,1.,1.,1.,1.,1.,1.,-16.,           1341P   2808
-8.775724092,-7.470799525,-16.,-5.91051193,-8.266314405,-16.,       1341P   2809
-2.965285746,-8.769059892,-16.,0.,-8.769059892,0.,1.,-1.,0.,0.;     1341P   2810
102,10,1303,1307,1311,1315,1319,1323,1327,1331,1335,1339;           1343P   2811
102,10,1305,1309,1313,1317,1321,1325,1329,1333,1337,1341;           1345P   2812
142,1,1301,1343,1345,1;                                             1347P   2813
144,1301,1,0,1347;                                                  1349P   2814
128,2,3,2,3,0,0,0,0,0,0.,0.,0.,1.,1.,1.,0.0014395508810869,         1351P   2815
0.0014395508810869,0.0014395508810869,0.0014395508810869,           1351P   2816
0.0165604491189131,0.0165604491189131,0.0165604491189131,           1351P   2817
0.0165604491189131,1.,0.428571428571429,1.,1.,                      1351P   2818
0.428571428571429,1.,1.,0.428571428571429,1.,1.,                    1351P   2819
0.428571428571429,1.,-15.6,-9.468544415,7.560449119,-16.,           1351P   2820
-9.237604307,7.560449119,-16.,-8.775724092,7.560449119,-15.6,       1351P   2821
-9.468544415,2.520149706,-16.,-9.237604307,2.520149706,-16.,        1351P   2822
-8.775724092,2.520149706,-15.6,-9.468544415,-2.520149706,-16.,      1351P   2823
-9.237604307,-2.520149706,-16.,-8.775724092,-2.520149706,-15.6,     1351P   2824
-9.468544415,-7.560449119,-16.,-9.237604307,-7.560449119,-16.,      1351P   2825
-8.775724092,-7.560449119,0.,1.,0.0014395508810869,                 1351P   2826
0.0165604491189131;                                                 1351P   2827
126,8,2,1,0,1,0,0.,0.,0.,0.25,0.25,0.5,0.5,0.75,0.75,1.,1.,1.,      1353P   2828
1.,1.,1.,1.,1.,1.,1.,1.,1.,0.,0.0015292,0.,0.216452465,             1353P   2829
0.001552993,0.,0.305769195,0.001559364,0.,0.408239503,              1353P   2830
0.001566673,0.,0.50009134,0.001566669,0.,0.591613045,               1353P   2831
0.001566666,0.,0.693648633,0.001559405,0.,0.783155359,              1353P   2832
0.001553036,0.,1.,0.0015292,0.,0.,1.,0.,0.,1.;                      1353P   2833
126,13,3,1,0,1,0,0.,0.,0.,0.,0.124999999999994,                     1355P   2834
0.124999999999994,0.249999999999988,0.249999999999988,              1355P   2835
0.49999999999999,0.49999999999999,0.624999999999993,                1355P   2836
0.624999999999993,0.749999999999997,0.749999999999997,1.,1.,1.,     1355P   2837
1.,1.,1.,1.,1.,1.,1.,1.,1.,1.,1.,1.,1.,1.,1.,-15.6,                 1355P   2838
-9.468544415,7.470799525,-15.620890798,-9.456483107,                1355P   2839
7.464101975,-15.643501842,-9.438733964,7.45823961,                  1355P   2840
-15.692043718,-9.391765652,7.448185247,-15.725509092,               1355P   2841
-9.352953885,7.443073328,-15.785386405,-9.276721383,                1355P   2842
7.435762653,-15.823763099,-9.219551982,7.433327474,                 1355P   2843
-15.878195172,-9.125254017,7.433332564,-15.894792802,               1355P   2844
-9.094190169,7.433938754,-15.924910102,-9.032850401,                1355P   2845
7.436360118,-15.933782113,-9.014150326,7.437237241,                 1355P   2846
-15.983690494,-8.889844514,7.4473104,-16.,-8.824062385,             1355P   2847
7.457378588,-16.,-8.775724092,7.470799525,0.,1.,0.,0.,0.;           1355P   2848
126,1,1,1,0,1,0,0.,0.,1.,1.,1.,1.,1.,0.0015292,0.,1.,0.0164708,     1357P   2849
0.,0.,1.,0.,0.,1.;                                                  1357P   2850
126,3,3,1,0,1,0,0.,0.,0.,0.,1.,1.,1.,1.,1.,1.,1.,1.,-16.,           1359P   2851
-8.775724092,7.470799525,-16.,-8.775724092,2.490266508,-16.,        1359P   2852
-8.775724092,-2.490266508,-16.,-8.775724092,-7.470799525,0.,1.,     1359P   2853
0.,0.,0.;                                                           1359P   2854
126,8,2,1,0,1,0,0.,0.,0.,0.25,0.25,0.5,0.5,0.75,0.75,1.,1.,1.,      1361P   2855
1.,1.,1.,1.,1.,1.,1.,1.,1.,1.,0.0164708,0.,0.783547535,             1361P   2856
0.016447007,0.,0.694230805,0.016440636,0.,0.591760497,              1361P   2857
0.016433327,0.,0.49990866,0.016433331,0.,0.408386955,               1361P   2858
0.016433334,0.,0.306351367,0.016440595,0.,0.216844641,              1361P   2859
0.016446964,0.,0.,0.0164708,0.,0.,1.,0.,0.,1.;                      1361P   2860
126,13,3,1,0,1,0,0.,0.,0.,0.,0.125000000000003,                     1363P   2861
0.125000000000003,0.250000000000006,0.250000000000006,0.5,0.5,      1363P   2862
0.625,0.625,0.75,0.75,1.,1.,1.,1.,1.,1.,1.,1.,1.,1.,1.,1.,1.,       1363P   2863
1.,1.,1.,1.,1.,-16.,-8.775724092,-7.470799525,-16.,                 1363P   2864
-8.799846707,-7.464101975,-15.995934313,-8.828303017,               1363P   2865
-7.45823961,-15.9795295,-8.893825671,-7.448185247,                  1363P   2866
-15.962650211,-8.942213419,-7.443073328,-15.926569584,              1363P   2867
-9.032184944,-7.435762653,-15.896247778,-9.094004836,               1363P   2868
-7.433327474,-15.841799381,-9.188293377,-7.433332564,               1363P   2869
-15.823196114,-9.21819927,-7.433938754,-15.785132967,               1363P   2870
-9.274951501,-7.436360118,-15.773374233,-9.291984925,               1363P   2871
-7.437237241,-15.690676432,-9.397359757,-7.4473104,                 1363P   2872
-15.64186219,-9.444375268,-7.457378588,-15.6,-9.468544415,          1363P   2873
-7.470799525,0.,1.,0.,0.,0.;                                        1363P   2874
126,1,1,1,0,1,0,0.,0.,1.,1.,1.,1.,0.,0.0164708,0.,0.,0.0015292,     1365P   2875
0.,0.,1.,0.,0.,1.;                                                  1365P   2876
126,3,3,1,0,1,0,0.,0.,0.,0.,1.,1.,1.,1.,1.,1.,1.,1.,-15.6,          1367P   2877
-9.468544415,-7.470799525,-15.6,-9.468544415,-2.490266508,          1367P   2878
-15.6,-9.468544415,2.490266508,-15.6,-9.468544415,7.470799525,      1367P   2879
0.,1.,0.,0.,0.;                                                     1367P   2880
102,4,1353,1357,1361,1365;                                          1369P   2881
102,4,1355,1359,1363,1367;                                          1371P   2882
142,1,1351,1369,1371,1;                                             1373P   2883
144,1351,1,0,1373;                                                  1375P   2884
128,2,3,2,3,0,0,0,0,0,0.,0.,0.,1.,1.,1.,0.0014395508810869,         1377P   2885
0.0014395508810869,0.0014395508810869,0.0014395508810869,           1377P   2886
0.0165604491189131,0.0165604491189131,0.0165604491189131,           1377P   2887
0.0165604491189131,1.,0.428571428571429,1.,1.,                      1377P   2888
0.428571428571429,1.,1.,0.428571428571429,1.,1.,                    1377P   2889
0.428571428571429,1.,-16.,8.775724092,7.560449119,-16.,             1377P   2890
9.237604307,7.560449119,-15.6,9.468544415,7.560449119,-16.,         1377P   2891
8.775724092,2.520149706,-16.,9.237604307,2.520149706,-15.6,         1377P   2892
9.468544415,2.520149706,-16.,8.775724092,-2.520149706,-16.,         1377P   2893
9.237604307,-2.520149706,-15.6,9.468544415,-2.520149706,-16.,       1377P   2894
8.775724092,-7.560449119,-16.,9.237604307,-7.560449119,-15.6,       1377P   2895
9.468544415,-7.560449119,0.,1.,0.0014395508810869,                  1377P   2896
0.0165604491189131;                                                 1377P   2897
126,8,2,1,0,1,0,0.,0.,0.,0.25,0.25,0.5,0.5,0.75,0.75,1.,1.,1.,      1379P   2898
1.,1.,1.,1.,1.,1.,1.,1.,1.,0.,0.0015292,0.,0.216452465,             1379P   2899
0.001552993,0.,0.305769195,0.001559364,0.,0.408239503,              1379P   2900
0.001566673,0.,0.50009134,0.001566669,0.,0.591613045,               1379P   2901
0.001566666,0.,0.693648633,0.001559405,0.,0.783155359,              1379P   2902
0.001553036,0.,1.,0.0015292,0.,0.,1.,0.,0.,1.;                      1379P   2903
126,13,3,1,0,1,0,0.,0.,0.,0.,0.124999999999999,                     1381P   2904
0.124999999999999,0.249999999999997,0.249999999999997,0.5,0.5,      1381P   2905
0.624999999999999,0.624999999999999,0.749999999999998,              1381P   2906
0.749999999999998,1.,1.,1.,1.,1.,1.,1.,1.,1.,1.,1.,1.,1.,1.,1.,     1381P   2907
1.,1.,1.,-16.,8.775724092,7.470799525,-16.,8.799846707,             1381P   2908
7.464101975,-15.995934313,8.828303017,7.45823961,-15.9795295,       1381P   2909
8.893825671,7.448185247,-15.962650211,8.942213419,7.443073328,      1381P   2910
-15.926569584,9.032184944,7.435762653,-15.896247778,                1381P   2911
9.094004836,7.433327474,-15.841799381,9.188293377,7.433332564,      1381P   2912
-15.823196114,9.21819927,7.433938754,-15.785132967,9.274951501,     1381P   2913
7.436360118,-15.773374233,9.291984925,7.437237241,                  1381P   2914
-15.690676432,9.397359757,7.4473104,-15.64186219,9.444375268,       1381P   2915
7.457378588,-15.6,9.468544415,7.470799525,0.,1.,0.,0.,0.;           1381P   2916
126,1,1,1,0,1,0,0.,0.,1.,1.,1.,1.,1.,0.0015292,0.,1.,0.0164708,     1383P   2917
0.,0.,1.,0.,0.,1.;                                                  1383P   2918
126,3,3,1,0,1,0,0.,0.,0.,0.,1.,1.,1.,1.,1.,1.,1.,1.,-15.6,          1385P   2919
9.468544415,7.470799525,-15.6,9.468544415,2.490266508,-15.6,        1385P   2920
9.468544415,-2.490266508,-15.6,9.468544415,-7.470799525,0.,1.,      1385P   2921
0.,0.,0.;                                                           1385P   2922
126,8,2,1,0,1,0,0.,0.,0.,0.25,0.25,0.5,0.5,0.75,0.75,1.,1.,1.,      1387P   2923
1.,1.,1.,1.,1.,1.,1.,1.,1.,1.,0.0164708,0.,0.783547535,             1387P   2924
0.016447007,0.,0.694230805,0.016440636,0.,0.591760497,              1387P   2925
0.016433327,0.,0.49990866,0.016433331,0.,0.408386955,               1387P   2926
0.016433334,0.,0.306351367,0.016440595,0.,0.216844641,              1387P   2927
0.016446964,0.,0.,0.0164708,0.,0.,1.,0.,0.,1.;                      1387P   2928
126,13,3,1,0,1,0,0.,0.,0.,0.,0.124999999999998,                     1389P   2929
0.124999999999998,0.249999999999996,0.249999999999996,              1389P   2930
0.499999999999992,0.499999999999992,0.624999999999993,              1389P   2931
0.624999999999993,0.749999999999994,0.749999999999994,1.,1.,1.,     1389P   2932
1.,1.,1.,1.,1.,1.,1.,1.,1.,1.,1.,1.,1.,1.,1.,-15.6,9.468544415,     1389P   2933
-7.470799525,-15.620890798,9.456483107,-7.464101975,                1389P   2934
-15.643501842,9.438733964,-7.45823961,-15.692043718,                1389P   2935
9.391765652,-7.448185247,-15.725509092,9.352953885,                 1389P   2936
-7.443073328,-15.785386405,9.276721383,-7.435762653,                1389P   2937
-15.823763099,9.219551982,-7.433327474,-15.878195172,               1389P   2938
9.125254017,-7.433332564,-15.894792802,9.094190169,                 1389P   2939
-7.433938754,-15.924910102,9.032850401,-7.436360118,                1389P   2940
-15.933782113,9.014150326,-7.437237241,-15.983690494,               1389P   2941
8.889844514,-7.4473104,-16.,8.824062385,-7.457378588,-16.,          1389P   2942
8.775724092,-7.470799525,0.,1.,0.,0.,0.;                            1389P   2943
126,1,1,1,0,1,0,0.,0.,1.,1.,1.,1.,0.,0.0164708,0.,0.,0.0015292,     1391P   2944
0.,0.,1.,0.,0.,1.;                                                  1391P   2945
126,3,3,1,0,1,0,0.,0.,0.,0.,1.,1.,1.,1.,1.,1.,1.,1.,-16.,           1393P   2946
8.775724092,-7.470799525,-16.,8.775724092,-2.490266508,-16.,        1393P   2947
8.775724092,2.490266508,-16.,8.775724092,7.470799525,0.,1.,0.,      1393P   2948
0.,0.;                                                              1393P   2949
102,4,1379,1383,1387,1391;                                          1395P   2950
102,4,1381,1385,1389,1393;                                          1397P   2951
142,1,1377,1395,1397,1;                                             1399P   2952
144,1377,1,0,1399;                                                  1401P   2953
128,2,3,2,3,0,0,0,0,0,0.,0.,0.,1.,1.,1.,0.0014395508810869,         1403P   2954
0.0014395508810869,0.0014395508810869,0.0014395508810869,           1403P   2955
0.0165604491189131,0.0165604491189131,0.0165604491189131,           1403P   2956
0.0165604491189131,1.,0.428571428571429,1.,1.,                      1403P   2957
0.428571428571429,1.,1.,0.428571428571429,1.,1.,                    1403P   2958
0.428571428571429,1.,0.4,-18.244268506,7.560449119,0.,              1403P   2959
-18.475208614,7.560449119,-0.4,-18.244268506,7.560449119,0.4,       1403P   2960
-18.244268506,2.520149706,0.,-18.475208614,2.520149706,-0.4,        1403P   2961
-18.244268506,2.520149706,0.4,-18.244268506,-2.520149706,0.,        1403P   2962
-18.475208614,-2.520149706,-0.4,-18.244268506,-2.520149706,0.4,     1403P   2963
-18.244268506,-7.560449119,0.,-18.475208614,-7.560449119,-0.4,      1403P   2964
-18.244268506,-7.560449119,0.,1.,0.0014395508810869,                1403P   2965
0.0165604491189131;                                                 1403P   2966
126,8,2,1,0,1,0,0.,0.,0.,0.25,0.25,0.5,0.5,0.75,0.75,1.,1.,1.,      1405P   2967
1.,1.,1.,1.,1.,1.,1.,1.,1.,0.,0.0015292,0.,0.216452465,             1405P   2968
0.001552993,0.,0.305769195,0.001559364,0.,0.408239503,              1405P   2969
0.001566673,0.,0.50009134,0.001566669,0.,0.591613045,               1405P   2970
0.001566666,0.,0.693648633,0.001559405,0.,0.783155359,              1405P   2971
0.001553036,0.,1.,0.0015292,0.,0.,1.,0.,0.,1.;                      1405P   2972
126,13,3,1,0,1,0,0.,0.,0.,0.,0.125,0.125,0.25,0.25,0.5,0.5,         1407P   2973
0.625,0.625,0.75,0.75,1.,1.,1.,1.,1.,1.,1.,1.,1.,1.,1.,1.,1.,       1407P   2974
1.,1.,1.,1.,1.,0.4,-18.244268506,7.470799525,0.379109202,           1407P   2975
-18.256329814,7.464101975,0.352432471,-18.267036981,7.45823961,     1407P   2976
0.287485782,-18.285591323,7.448185247,0.237141118,                  1407P   2977
-18.295167304,7.443073328,0.141183179,-18.308906327,                1407P   2978
7.435762653,0.072484678,-18.313556818,7.433327474,-0.036395791,     1407P   2979
-18.313547394,7.433332564,-0.071596688,-18.312389439,               1407P   2980
7.433938754,-0.139777135,-18.307801902,7.436360118,-0.16040788,     1407P   2981
-18.306135251,7.437237241,-0.293014062,-18.287204271,7.4473104,     1407P   2982
-0.35813781,-18.268437653,7.457378588,-0.4,-18.244268506,           1407P   2983
7.470799525,0.,1.,0.,0.,0.;                                         1407P   2984
126,1,1,1,0,1,0,0.,0.,1.,1.,1.,1.,1.,0.0015292,0.,1.,0.0164708,     1409P   2985
0.,0.,1.,0.,0.,1.;                                                  1409P   2986
126,3,3,1,0,1,0,0.,0.,0.,0.,1.,1.,1.,1.,1.,1.,1.,1.,-0.4,           1411P   2987
-18.244268506,7.470799525,-0.4,-18.244268506,2.490266508,-0.4,      1411P   2988
-18.244268506,-2.490266508,-0.4,-18.244268506,-7.470799525,0.,      1411P   2989
1.,0.,0.,0.;                                                        1411P   2990
126,8,2,1,0,1,0,0.,0.,0.,0.25,0.25,0.5,0.5,0.75,0.75,1.,1.,1.,      1413P   2991
1.,1.,1.,1.,1.,1.,1.,1.,1.,1.,0.0164708,0.,0.783547535,             1413P   2992
0.016447007,0.,0.694230805,0.016440636,0.,0.591760497,              1413P   2993
0.016433327,0.,0.49990866,0.016433331,0.,0.408386955,               1413P   2994
0.016433334,0.,0.306351367,0.016440595,0.,0.216844641,              1413P   2995
0.016446964,0.,0.,0.0164708,0.,0.,1.,0.,0.,1.;                      1413P   2996
126,13,3,1,0,1,0,0.,0.,0.,0.,0.125,0.125,0.249999999999999,         1415P   2997
0.249999999999999,0.5,0.5,0.625,0.625,0.750000000000001,            1415P   2998
0.750000000000001,1.,1.,1.,1.,1.,1.,1.,1.,1.,1.,1.,1.,1.,1.,1.,     1415P   2999
1.,1.,1.,-0.4,-18.244268506,-7.470799525,-0.379109202,              1415P   3000
-18.256329814,-7.464101975,-0.352432471,-18.267036981,              1415P   3001
-7.45823961,-0.287485782,-18.285591323,-7.448185247,                1415P   3002
-0.237141118,-18.295167304,-7.443073328,-0.141183179,               1415P   3003
-18.308906327,-7.435762653,-0.072484678,-18.313556818,              1415P   3004
-7.433327474,0.036395791,-18.313547394,-7.433332564,                1415P   3005
0.071596688,-18.312389439,-7.433938754,0.139777135,                 1415P   3006
-18.307801902,-7.436360118,0.16040788,-18.306135251,                1415P   3007
-7.437237241,0.293014062,-18.287204271,-7.4473104,0.35813781,       1415P   3008
-18.268437653,-7.457378588,0.4,-18.244268506,-7.470799525,0.,       1415P   3009
1.,0.,0.,0.;                                                        1415P   3010
126,1,1,1,0,1,0,0.,0.,1.,1.,1.,1.,0.,0.0164708,0.,0.,0.0015292,     1417P   3011
0.,0.,1.,0.,0.,1.;                                                  1417P   3012
126,3,3,1,0,1,0,0.,0.,0.,0.,1.,1.,1.,1.,1.,1.,1.,1.,0.4,            1419P   3013
-18.244268506,-7.470799525,0.4,-18.244268506,-2.490266508,0.4,      1419P   3014
-18.244268506,2.490266508,0.4,-18.244268506,7.470799525,0.,1.,      1419P   3015
0.,0.,0.;                                                           1419P   3016
102,4,1405,1409,1413,1417;                                          1421P   3017
102,4,1407,1411,1415,1419;                                          1423P   3018
142,1,1403,1421,1423,1;                                             1425P   3019
144,1403,1,0,1425;                                                  1427P   3020
128,2,3,2,3,0,0,0,0,0,0.,0.,0.,1.,1.,1.,0.00143955088108691,        1429P   3021
0.00143955088108691,0.00143955088108691,0.00143955088108691,        1429P   3022
0.0165604491189131,0.0165604491189131,0.0165604491189131,           1429P   3023
0.0165604491189131,1.,0.428571428571429,1.,1.,                      1429P   3024
0.428571428571429,1.,1.,0.428571428571429,1.,1.,                    1429P   3025
0.428571428571429,1.,16.,-8.775724092,7.560449119,16.,              1429P   3026
-9.237604307,7.560449119,15.6,-9.468544415,7.560449119,16.,         1429P   3027
-8.775724092,2.520149706,16.,-9.237604307,2.520149706,15.6,         1429P   3028
-9.468544415,2.520149706,16.,-8.775724092,-2.520149706,16.,         1429P   3029
-9.237604307,-2.520149706,15.6,-9.468544415,-2.520149706,16.,       1429P   3030
-8.775724092,-7.560449119,16.,-9.237604307,-7.560449119,15.6,       1429P   3031
-9.468544415,-7.560449119,0.,1.,0.00143955088108691,                1429P   3032
0.0165604491189131;                                                 1429P   3033
126,8,2,1,0,1,0,0.,0.,0.,0.25,0.25,0.5,0.5,0.75,0.75,1.,1.,1.,      1431P   3034
1.,1.,1.,1.,1.,1.,1.,1.,1.,0.,0.0015292,0.,0.216452465,             1431P   3035
0.001552993,0.,0.305769195,0.001559364,0.,0.408239503,              1431P   3036
0.001566673,0.,0.50009134,0.001566669,0.,0.591613045,               1431P   3037
0.001566666,0.,0.693648633,0.001559405,0.,0.783155359,              1431P   3038
0.001553036,0.,1.,0.0015292,0.,0.,1.,0.,0.,1.;                      1431P   3039
126,13,3,1,0,1,0,0.,0.,0.,0.,0.125000000000004,                     1433P   3040
0.125000000000004,0.250000000000008,0.250000000000008,              1433P   3041
0.500000000000005,0.500000000000005,0.625000000000007,              1433P   3042
0.625000000000007,0.750000000000008,0.750000000000008,1.,1.,1.,     1433P   3043
1.,1.,1.,1.,1.,1.,1.,1.,1.,1.,1.,1.,1.,1.,1.,16.,-8.775724092,      1433P   3044
7.470799525,16.,-8.799846707,7.464101975,15.995934313,              1433P   3045
-8.828303017,7.45823961,15.9795295,-8.893825671,7.448185247,        1433P   3046
15.962650211,-8.942213419,7.443073328,15.926569584,                 1433P   3047
-9.032184944,7.435762653,15.896247778,-9.094004836,7.433327474,     1433P   3048
15.841799381,-9.188293377,7.433332564,15.823196114,-9.21819927,     1433P   3049
7.433938754,15.785132967,-9.274951501,7.436360118,15.773374233,     1433P   3050
-9.291984925,7.437237241,15.690676432,-9.397359757,7.4473104,       1433P   3051
15.64186219,-9.444375268,7.457378588,15.6,-9.468544415,             1433P   3052
7.470799525,0.,1.,0.,0.,0.;                                         1433P   3053
126,1,1,1,0,1,0,0.,0.,1.,1.,1.,1.,1.,0.0015292,0.,1.,0.0164708,     1435P   3054
0.,0.,1.,0.,0.,1.;                                                  1435P   3055
126,3,3,1,0,1,0,0.,0.,0.,0.,1.,1.,1.,1.,1.,1.,1.,1.,15.6,           1437P   3056
-9.468544415,7.470799525,15.6,-9.468544415,2.490266508,15.6,        1437P   3057
-9.468544415,-2.490266508,15.6,-9.468544415,-7.470799525,0.,1.,     1437P   3058
0.,0.,0.;                                                           1437P   3059
126,8,2,1,0,1,0,0.,0.,0.,0.25,0.25,0.5,0.5,0.75,0.75,1.,1.,1.,      1439P   3060
1.,1.,1.,1.,1.,1.,1.,1.,1.,1.,0.0164708,0.,0.783547535,             1439P   3061
0.016447007,0.,0.694230805,0.016440636,0.,0.591760497,              1439P   3062
0.016433327,0.,0.49990866,0.016433331,0.,0.408386955,               1439P   3063
0.016433334,0.,0.306351367,0.016440595,0.,0.216844641,              1439P   3064
0.016446964,0.,0.,0.0164708,0.,0.,1.,0.,0.,1.;                      1439P   3065
126,13,3,1,0,1,0,0.,0.,0.,0.,0.124999999999993,                     1441P   3066
0.124999999999993,0.249999999999986,0.249999999999986,              1441P   3067
0.499999999999985,0.499999999999985,0.624999999999987,              1441P   3068
0.624999999999987,0.74999999999999,0.74999999999999,1.,1.,1.,       1441P   3069
1.,1.,1.,1.,1.,1.,1.,1.,1.,1.,1.,1.,1.,1.,1.,15.6,-9.468544415,     1441P   3070
-7.470799525,15.620890798,-9.456483107,-7.464101975,                1441P   3071
15.643501842,-9.438733964,-7.45823961,15.692043718,                 1441P   3072
-9.391765652,-7.448185247,15.725509092,-9.352953885,                1441P   3073
-7.443073328,15.785386405,-9.276721383,-7.435762653,                1441P   3074
15.823763099,-9.219551982,-7.433327474,15.878195172,                1441P   3075
-9.125254017,-7.433332564,15.894792802,-9.094190169,                1441P   3076
-7.433938754,15.924910102,-9.032850401,-7.436360118,                1441P   3077
15.933782113,-9.014150326,-7.437237241,15.983690494,                1441P   3078
-8.889844514,-7.4473104,16.,-8.824062385,-7.457378588,16.,          1441P   3079
-8.775724092,-7.470799525,0.,1.,0.,0.,0.;                           1441P   3080
126,1,1,1,0,1,0,0.,0.,1.,1.,1.,1.,0.,0.0164708,0.,0.,0.0015292,     1443P   3081
0.,0.,1.,0.,0.,1.;                                                  1443P   3082
126,3,3,1,0,1,0,0.,0.,0.,0.,1.,1.,1.,1.,1.,1.,1.,1.,16.,            1445P   3083
-8.775724092,-7.470799525,16.,-8.775724092,-2.490266508,16.,        1445P   3084
-8.775724092,2.490266508,16.,-8.775724092,7.470799525,0.,1.,0.,     1445P   3085
0.,0.;                                                              1445P   3086
102,4,1431,1435,1439,1443;                                          1447P   3087
102,4,1433,1437,1441,1445;                                          1449P   3088
142,1,1429,1447,1449,1;                                             1451P   3089
144,1429,1,0,1451;                                                  1453P   3090
128,2,3,2,3,0,0,0,0,0,0.,0.,0.,1.,1.,1.,0.0014395508810869,         1455P   3091
0.0014395508810869,0.0014395508810869,0.0014395508810869,           1455P   3092
0.0165604491189131,0.0165604491189131,0.0165604491189131,           1455P   3093
0.0165604491189131,1.,0.428571428571429,1.,1.,                      1455P   3094
0.428571428571429,1.,1.,0.428571428571429,1.,1.,                    1455P   3095
0.428571428571429,1.,-0.4,18.244268506,7.560449119,0.,              1455P   3096
18.475208614,7.560449119,0.4,18.244268506,7.560449119,-0.4,         1455P   3097
18.244268506,2.520149706,0.,18.475208614,2.520149706,0.4,           1455P   3098
18.244268506,2.520149706,-0.4,18.244268506,-2.520149706,0.,         1455P   3099
18.475208614,-2.520149706,0.4,18.244268506,-2.520149706,-0.4,       1455P   3100
18.244268506,-7.560449119,0.,18.475208614,-7.560449119,0.4,         1455P   3101
18.244268506,-7.560449119,0.,1.,0.0014395508810869,                 1455P   3102
0.0165604491189131;                                                 1455P   3103
126,8,2,1,0,1,0,0.,0.,0.,0.25,0.25,0.5,0.5,0.75,0.75,1.,1.,1.,      1457P   3104
1.,1.,1.,1.,1.,1.,1.,1.,1.,0.,0.0015292,0.,0.216452465,             1457P   3105
0.001552993,0.,0.305769195,0.001559364,0.,0.408239503,              1457P   3106
0.001566673,0.,0.50009134,0.001566669,0.,0.591613045,               1457P   3107
0.001566666,0.,0.693648633,0.001559405,0.,0.783155359,              1457P   3108
0.001553036,0.,1.,0.0015292,0.,0.,1.,0.,0.,1.;                      1457P   3109
126,13,3,1,0,1,0,0.,0.,0.,0.,0.125,0.125,0.25,0.25,0.5,0.5,         1459P   3110
0.625,0.625,0.75,0.75,1.,1.,1.,1.,1.,1.,1.,1.,1.,1.,1.,1.,1.,       1459P   3111
1.,1.,1.,1.,1.,-0.4,18.244268506,7.470799525,-0.379109202,          1459P   3112
18.256329814,7.464101975,-0.352432471,18.267036981,7.45823961,      1459P   3113
-0.287485782,18.285591323,7.448185247,-0.237141118,                 1459P   3114
18.295167304,7.443073328,-0.141183179,18.308906327,7.435762653,     1459P   3115
-0.072484678,18.313556818,7.433327474,0.036395791,18.313547394,     1459P   3116
7.433332564,0.071596688,18.312389439,7.433938754,0.139777135,       1459P   3117
18.307801902,7.436360118,0.16040788,18.306135251,7.437237241,       1459P   3118
0.293014062,18.287204271,7.4473104,0.35813781,18.268437653,         1459P   3119
7.457378588,0.4,18.244268506,7.470799525,0.,1.,0.,0.,0.;            1459P   3120
126,1,1,1,0,1,0,0.,0.,1.,1.,1.,1.,1.,0.0015292,0.,1.,0.0164708,     1461P   3121
0.,0.,1.,0.,0.,1.;                                                  1461P   3122
126,3,3,1,0,1,0,0.,0.,0.,0.,1.,1.,1.,1.,1.,1.,1.,1.,0.4,            1463P   3123
18.244268506,7.470799525,0.4,18.244268506,2.490266508,0.4,          1463P   3124
18.244268506,-2.490266508,0.4,18.244268506,-7.470799525,0.,1.,      1463P   3125
0.,0.,0.;                                                           1463P   3126
126,8,2,1,0,1,0,0.,0.,0.,0.25,0.25,0.5,0.5,0.75,0.75,1.,1.,1.,      1465P   3127
1.,1.,1.,1.,1.,1.,1.,1.,1.,1.,0.0164708,0.,0.783547535,             1465P   3128
0.016447007,0.,0.694230805,0.016440636,0.,0.591760497,              1465P   3129
0.016433327,0.,0.49990866,0.016433331,0.,0.408386955,               1465P   3130
0.016433334,0.,0.306351367,0.016440595,0.,0.216844641,              1465P   3131
0.016446964,0.,0.,0.0164708,0.,0.,1.,0.,0.,1.;                      1465P   3132
126,13,3,1,0,1,0,0.,0.,0.,0.,0.125,0.125,0.25,0.25,0.5,0.5,         1467P   3133
0.625,0.625,0.75,0.75,1.,1.,1.,1.,1.,1.,1.,1.,1.,1.,1.,1.,1.,       1467P   3134
1.,1.,1.,1.,1.,0.4,18.244268506,-7.470799525,0.379109202,           1467P   3135
18.256329814,-7.464101975,0.352432471,18.267036981,-7.45823961,     1467P   3136
0.287485782,18.285591323,-7.448185247,0.237141118,18.295167304,     1467P   3137
-7.443073328,0.141183179,18.308906327,-7.435762653,0.072484678,     1467P   3138
18.313556818,-7.433327474,-0.036395791,18.313547394,                1467P   3139
-7.433332564,-0.071596688,18.312389439,-7.433938754,                1467P   3140
-0.139777135,18.307801902,-7.436360118,-0.16040788,                 1467P   3141
18.306135251,-7.437237241,-0.293014062,18.287204271,-7.4473104,     1467P   3142
-0.35813781,18.268437653,-7.457378588,-0.4,18.244268506,            1467P   3143
-7.470799525,0.,1.,0.,0.,0.;                                        1467P   3144
126,1,1,1,0,1,0,0.,0.,1.,1.,1.,1.,0.,0.0164708,0.,0.,0.0015292,     1469P   3145
0.,0.,1.,0.,0.,1.;                                                  1469P   3146
126,3,3,1,0,1,0,0.,0.,0.,0.,1.,1.,1.,1.,1.,1.,1.,1.,-0.4,           1471P   3147
18.244268506,-7.470799525,-0.4,18.244268506,-2.490266508,-0.4,      1471P   3148
18.244268506,2.490266508,-0.4,18.244268506,7.470799525,0.,1.,       1471P   3149
0.,0.,0.;                                                           1471P   3150
102,4,1457,1461,1465,1469;                                          1473P   3151
102,4,1459,1463,1467,1471;                                          1475P   3152
142,1,1455,1473,1475,1;                                             1477P   3153
144,1455,1,0,1477;                                                  1479P   3154
128,2,3,2,3,0,0,0,0,0,0.,0.,0.,1.,1.,1.,0.0014395508810869,         1481P   3155
0.0014395508810869,0.0014395508810869,0.0014395508810869,           1481P   3156
0.0165604491189131,0.0165604491189131,0.0165604491189131,           1481P   3157
0.0165604491189131,1.,0.428571428571429,1.,1.,                      1481P   3158
0.428571428571429,1.,1.,0.428571428571429,1.,1.,                    1481P   3159
0.428571428571429,1.,15.6,9.468544415,7.560449119,16.,              1481P   3160
9.237604307,7.560449119,16.,8.775724092,7.560449119,15.6,           1481P   3161
9.468544415,2.520149706,16.,9.237604307,2.520149706,16.,            1481P   3162
8.775724092,2.520149706,15.6,9.468544415,-2.520149706,16.,          1481P   3163
9.237604307,-2.520149706,16.,8.775724092,-2.520149706,15.6,         1481P   3164
9.468544415,-7.560449119,16.,9.237604307,-7.560449119,16.,          1481P   3165
8.775724092,-7.560449119,0.,1.,0.0014395508810869,                  1481P   3166
0.0165604491189131;                                                 1481P   3167
126,8,2,1,0,1,0,0.,0.,0.,0.25,0.25,0.5,0.5,0.75,0.75,1.,1.,1.,      1483P   3168
1.,1.,1.,1.,1.,1.,1.,1.,1.,0.,0.0015292,0.,0.216452465,             1483P   3169
0.001552993,0.,0.305769195,0.001559364,0.,0.408239503,              1483P   3170
0.001566673,0.,0.50009134,0.001566669,0.,0.591613045,               1483P   3171
0.001566666,0.,0.693648633,0.001559405,0.,0.783155359,              1483P   3172
0.001553036,0.,1.,0.0015292,0.,0.,1.,0.,0.,1.;                      1483P   3173
126,13,3,1,0,1,0,0.,0.,0.,0.,0.124999999999997,                     1485P   3174
0.124999999999997,0.249999999999994,0.249999999999994,              1485P   3175
0.49999999999999,0.49999999999999,0.624999999999991,                1485P   3176
0.624999999999991,0.749999999999993,0.749999999999993,1.,1.,1.,     1485P   3177
1.,1.,1.,1.,1.,1.,1.,1.,1.,1.,1.,1.,1.,1.,1.,15.6,9.468544415,      1485P   3178
7.470799525,15.620890798,9.456483107,7.464101975,15.643501842,      1485P   3179
9.438733964,7.45823961,15.692043718,9.391765652,7.448185247,        1485P   3180
15.725509092,9.352953885,7.443073328,15.785386405,9.276721383,      1485P   3181
7.435762653,15.823763099,9.219551982,7.433327474,15.878195172,      1485P   3182
9.125254017,7.433332564,15.894792802,9.094190169,7.433938754,       1485P   3183
15.924910102,9.032850401,7.436360118,15.933782113,9.014150326,      1485P   3184
7.437237241,15.983690494,8.889844514,7.4473104,16.,8.824062385,     1485P   3185
7.457378588,16.,8.775724092,7.470799525,0.,1.,0.,0.,0.;             1485P   3186
126,1,1,1,0,1,0,0.,0.,1.,1.,1.,1.,1.,0.0015292,0.,1.,0.0164708,     1487P   3187
0.,0.,1.,0.,0.,1.;                                                  1487P   3188
126,3,3,1,0,1,0,0.,0.,0.,0.,1.,1.,1.,1.,1.,1.,1.,1.,16.,            1489P   3189
8.775724092,7.470799525,16.,8.775724092,2.490266508,16.,            1489P   3190
8.775724092,-2.490266508,16.,8.775724092,-7.470799525,0.,1.,0.,     1489P   3191
0.,0.;                                                              1489P   3192
126,8,2,1,0,1,0,0.,0.,0.,0.25,0.25,0.5,0.5,0.75,0.75,1.,1.,1.,      1491P   3193
1.,1.,1.,1.,1.,1.,1.,1.,1.,1.,0.0164708,0.,0.783547535,             1491P   3194
0.016447007,0.,0.694230805,0.016440636,0.,0.591760497,              1491P   3195
0.016433327,0.,0.49990866,0.016433331,0.,0.408386955,               1491P   3196
0.016433334,0.,0.306351367,0.016440595,0.,0.216844641,              1491P   3197
0.016446964,0.,0.,0.0164708,0.,0.,1.,0.,0.,1.;                      1491P   3198
126,13,3,1,0,1,0,0.,0.,0.,0.,0.124999999999994,                     1493P   3199
0.124999999999994,0.249999999999989,0.249999999999989,              1493P   3200
0.499999999999988,0.499999999999988,0.624999999999991,              1493P   3201
0.624999999999991,0.749999999999993,0.749999999999993,1.,1.,1.,     1493P   3202
1.,1.,1.,1.,1.,1.,1.,1.,1.,1.,1.,1.,1.,1.,1.,16.,8.775724092,       1493P   3203
-7.470799525,16.,8.799846707,-7.464101975,15.995934313,             1493P   3204
8.828303017,-7.45823961,15.9795295,8.893825671,-7.448185247,        1493P   3205
15.962650211,8.942213419,-7.443073328,15.926569584,9.032184944,     1493P   3206
-7.435762653,15.896247778,9.094004836,-7.433327474,                 1493P   3207
15.841799381,9.188293377,-7.433332564,15.823196114,9.21819927,      1493P   3208
-7.433938754,15.785132967,9.274951501,-7.436360118,                 1493P   3209
15.773374233,9.291984925,-7.437237241,15.690676432,9.397359757,     1493P   3210
-7.4473104,15.64186219,9.444375268,-7.457378588,15.6,               1493P   3211
9.468544415,-7.470799525,0.,1.,0.,0.,0.;                            1493P   3212
126,1,1,1,0,1,0,0.,0.,1.,1.,1.,1.,0.,0.0164708,0.,0.,0.0015292,     1495P   3213
0.,0.,1.,0.,0.,1.;                                                  1495P   3214
126,3,3,1,0,1,0,0.,0.,0.,0.,1.,1.,1.,1.,1.,1.,1.,1.,15.6,           1497P   3215
9.468544415,-7.470799525,15.6,9.468544415,-2.490266508,15.6,        1497P   3216
9.468544415,2.490266508,15.6,9.468544415,7.470799525,0.,1.,0.,      1497P   3217
0.,0.;                                                              1497P   3218
102,4,1483,1487,1491,1495;                                          1499P   3219
102,4,1485,1489,1493,1497;                                          1501P   3220
142,1,1481,1499,1501,1;                                             1503P   3221
144,1481,1,0,1503;                                                  1505P   3222
110,0.,0.,-9.,0.,0.,991.;                                           1507P   3223
110,11.,0.,-8.837620237,11.,0.,-8.623724279;                        1509P   3224
120,1507,1509,0.,6.28318530717959;                                  1511P   3225
126,10,2,1,0,1,0,0.,0.,0.,0.25,0.25,0.5,0.5,0.75,0.75,0.875,        1513P   3226
0.875,1.,1.,1.,1.,1.,1.,1.,1.,1.,1.,1.,1.,1.,1.,0.994035785,        1513P   3227
3.141592654,0.,0.89154152,3.044730263,0.,0.750081624,               1513P   3228
2.919402211,0.,0.706484578,2.880776897,0.,0.49167476,               1513P   3229
2.692929341,0.,0.334599324,2.555569526,0.,0.238102527,              1513P   3230
2.467876993,0.,0.174254754,2.409854622,0.,0.118961943,              1513P   3231
2.357631073,0.,0.061978763,2.303810986,0.,0.,2.247439225,0.,0.,     1513P   3232
1.,0.,0.,-1.;                                                       1513P   3233
126,4,2,1,0,0,0,0.903846153846154,0.903846153846154,                1515P   3234
0.903846153846154,0.913461538461538,0.913461538461538,              1515P   3235
0.914814541565911,0.914814541565911,0.914814541565911,              1515P   3236
0.999999999999998,0.923879532511289,1.,0.989288912202874,           1515P   3237
0.981592188494217,-11.,0.,-8.625,-11.,4.556349186,-8.71875,         1515P   3238
-7.778174593,7.778174593,-8.8125,-7.354798492,8.201550694,          1515P   3239
-8.824819572,-6.887970042,8.57647181,-8.837620237,                  1515P   3240
0.903846153846154,0.914814541565911,0.008520614,0.020570583,        1515P   3241
0.999752094;                                                        1515P   3242
126,1,1,1,0,1,0,0.,0.,1.,1.,1.,1.,0.,2.247439225,0.,0.,             1517P   3243
3.032837388,0.,0.,1.,0.,0.,1.;                                      1517P   3244
100,-8.837620237,0.,0.,-6.887970042,8.57647181,-10.935011701,       1519P   3245
1.19395105;                                                         1519P   3246
126,1,1,1,0,1,0,0.,0.,1.,1.,1.,1.,0.,3.032837388,0.,                1521P   3247
0.117441381,3.141592654,0.,0.,1.,0.,0.,1.;                          1521P   3248
126,2,2,1,0,0,0,0.0178777661263976,0.0178777661263976,              1523P   3249
0.0178777661263976,0.0192307692307693,0.0192307692307693,           1523P   3250
0.0192307692307693,0.981592188494227,0.989288912202881,1.,          1523P   3251
-10.935011701,1.19395105,-8.837620237,-11.,0.598744223,             1523P   3252
-8.824819572,-11.,0.,-8.8125,0.0178777661263976,                    1523P   3253
0.0192307692307693,-0.008520614,-0.020570583,-0.999752094;          1523P   3254
126,1,1,1,0,1,0,0.,0.,1.,1.,1.,1.,0.117441381,3.141592654,0.,       1525P   3255
0.994035785,3.141592654,0.,0.,1.,0.,0.,1.;                          1525P   3256
110,-11.,0.,-8.8125,-11.,0.,-8.625;                                 1527P   3257
102,4,1513,1517,1521,1525;                                          1529P   3258
102,4,1515,1519,1523,1527;                                          1531P   3259
142,1,1511,1529,1531,1;                                             1533P   3260
144,1511,1,0,1533;                                                  1535P   3261
128,1,192,1,2,0,0,0,0,0,0.,0.,0.923076923076919,                    1537P   3262
0.923076923076919,0.00282306855068299,0.00282306855068299,          1537P   3263
0.00282306855068299,0.00961538461538462,0.00961538461538462,        1537P   3264
0.0192307692307692,0.0192307692307692,0.0288461538461538,           1537P   3265
0.0288461538461538,0.0384615384615385,0.0384615384615385,           1537P   3266
0.0480769230769231,0.0480769230769231,0.0576923076923077,           1537P   3267
0.0576923076923077,0.0673076923076923,0.0673076923076923,           1537P   3268
0.0769230769230769,0.0769230769230769,0.0865384615384615,           1537P   3269
0.0865384615384615,0.0961538461538462,0.0961538461538462,           1537P   3270
0.105769230769231,0.105769230769231,0.115384615384615,              1537P   3271
0.115384615384615,0.125,0.125,0.134615384615385,                    1537P   3272
0.134615384615385,0.144230769230769,0.144230769230769,              1537P   3273
0.153846153846154,0.153846153846154,0.163461538461538,              1537P   3274
0.163461538461538,0.173076923076923,0.173076923076923,              1537P   3275
0.182692307692308,0.182692307692308,0.192307692307692,              1537P   3276
0.192307692307692,0.201923076923077,0.201923076923077,              1537P   3277
0.211538461538462,0.211538461538462,0.221153846153846,              1537P   3278
0.221153846153846,0.230769230769231,0.230769230769231,              1537P   3279
0.240384615384615,0.240384615384615,0.25,0.25,                      1537P   3280
0.259615384615385,0.259615384615385,0.269230769230769,              1537P   3281
0.269230769230769,0.278846153846154,0.278846153846154,              1537P   3282
0.288461538461538,0.288461538461538,0.298076923076923,              1537P   3283
0.298076923076923,0.307692307692308,0.307692307692308,              1537P   3284
0.317307692307692,0.317307692307692,0.326923076923077,              1537P   3285
0.326923076923077,0.336538461538462,0.336538461538462,              1537P   3286
0.346153846153846,0.346153846153846,0.355769230769231,              1537P   3287
0.355769230769231,0.365384615384615,0.365384615384615,0.375,        1537P   3288
0.375,0.384615384615385,0.384615384615385,0.394230769230769,        1537P   3289
0.394230769230769,0.403846153846154,0.403846153846154,              1537P   3290
0.413461538461538,0.413461538461538,0.423076923076923,              1537P   3291
0.423076923076923,0.432692307692308,0.432692307692308,              1537P   3292
0.442307692307692,0.442307692307692,0.451923076923077,              1537P   3293
0.451923076923077,0.461538461538462,0.461538461538462,              1537P   3294
0.471153846153846,0.471153846153846,0.480769230769231,              1537P   3295
0.480769230769231,0.490384615384615,0.490384615384615,0.5,0.5,      1537P   3296
0.509615384615385,0.509615384615385,0.519230769230769,              1537P   3297
0.519230769230769,0.528846153846154,0.528846153846154,              1537P   3298
0.538461538461538,0.538461538461538,0.548076923076923,              1537P   3299
0.548076923076923,0.557692307692308,0.557692307692308,              1537P   3300
0.567307692307692,0.567307692307692,0.576923076923077,              1537P   3301
0.576923076923077,0.586538461538462,0.586538461538462,              1537P   3302
0.596153846153846,0.596153846153846,0.605769230769231,              1537P   3303
0.605769230769231,0.615384615384615,0.615384615384615,0.625,        1537P   3304
0.625,0.634615384615385,0.634615384615385,0.644230769230769,        1537P   3305
0.644230769230769,0.653846153846154,0.653846153846154,              1537P   3306
0.663461538461538,0.663461538461538,0.673076923076923,              1537P   3307
0.673076923076923,0.682692307692308,0.682692307692308,              1537P   3308
0.692307692307692,0.692307692307692,0.701923076923077,              1537P   3309
0.701923076923077,0.711538461538462,0.711538461538462,              1537P   3310
0.721153846153846,0.721153846153846,0.730769230769231,              1537P   3311
0.730769230769231,0.740384615384615,0.740384615384615,0.75,         1537P   3312
0.75,0.759615384615385,0.759615384615385,0.769230769230769,         1537P   3313
0.769230769230769,0.778846153846154,0.778846153846154,              1537P   3314
0.788461538461538,0.788461538461538,0.798076923076923,              1537P   3315
0.798076923076923,0.807692307692308,0.807692307692308,              1537P   3316
0.817307692307692,0.817307692307692,0.826923076923077,              1537P   3317
0.826923076923077,0.836538461538462,0.836538461538462,              1537P   3318
0.846153846153846,0.846153846153846,0.855769230769231,              1537P   3319
0.855769230769231,0.865384615384615,0.865384615384615,0.875,        1537P   3320
0.875,0.884615384615385,0.884615384615385,0.894230769230769,        1537P   3321
0.894230769230769,0.903846153846154,0.903846153846154,              1537P   3322
0.913461538461538,0.913461538461538,0.92025385452624,               1537P   3323
0.92025385452624,0.92025385452624,0.968425430958107,                1537P   3324
0.968425430958107,0.946228435485677,0.946228435485677,1.,1.,        1537P   3325
0.923879532511287,0.923879532511287,1.,1.,0.923879532511287,        1537P   3326
0.923879532511287,1.,1.,0.923879532511287,0.923879532511287,1.,     1537P   3327
1.,0.923879532511287,0.923879532511287,1.,1.,0.923879532511287,     1537P   3328
0.923879532511287,1.,1.,0.923879532511287,0.923879532511287,1.,     1537P   3329
1.,0.923879532511287,0.923879532511287,1.,1.,0.923879532511287,     1537P   3330
0.923879532511287,1.,1.,0.923879532511287,0.923879532511287,1.,     1537P   3331
1.,0.923879532511287,0.923879532511287,1.,1.,0.923879532511287,     1537P   3332
0.923879532511287,1.,1.,0.923879532511287,0.923879532511287,1.,     1537P   3333
1.,0.923879532511287,0.923879532511287,1.,1.,0.923879532511287,     1537P   3334
0.923879532511287,1.,1.,0.923879532511287,0.923879532511287,1.,     1537P   3335
1.,0.923879532511287,0.923879532511287,1.,1.,0.923879532511287,     1537P   3336
0.923879532511287,1.,1.,0.923879532511287,0.923879532511287,1.,     1537P   3337
1.,0.923879532511287,0.923879532511287,1.,1.,0.923879532511287,     1537P   3338
0.923879532511287,1.,1.,0.923879532511287,0.923879532511287,1.,     1537P   3339
1.,0.923879532511287,0.923879532511287,1.,1.,0.923879532511287,     1537P   3340
0.923879532511287,1.,1.,0.923879532511287,0.923879532511287,1.,     1537P   3341
1.,0.923879532511287,0.923879532511287,1.,1.,0.923879532511287,     1537P   3342
0.923879532511287,1.,1.,0.923879532511287,0.923879532511287,1.,     1537P   3343
1.,0.923879532511287,0.923879532511287,1.,1.,0.923879532511287,     1537P   3344
0.923879532511287,1.,1.,0.923879532511287,0.923879532511287,1.,     1537P   3345
1.,0.923879532511287,0.923879532511287,1.,1.,0.923879532511287,     1537P   3346
0.923879532511287,1.,1.,0.923879532511287,0.923879532511287,1.,     1537P   3347
1.,0.923879532511287,0.923879532511287,1.,1.,0.923879532511287,     1537P   3348
0.923879532511287,1.,1.,0.923879532511287,0.923879532511287,1.,     1537P   3349
1.,0.923879532511287,0.923879532511287,1.,1.,0.923879532511287,     1537P   3350
0.923879532511287,1.,1.,0.923879532511287,0.923879532511287,1.,     1537P   3351
1.,0.923879532511287,0.923879532511287,1.,1.,0.923879532511287,     1537P   3352
0.923879532511287,1.,1.,0.923879532511287,0.923879532511287,1.,     1537P   3353
1.,0.923879532511287,0.923879532511287,1.,1.,0.923879532511287,     1537P   3354
0.923879532511287,1.,1.,0.923879532511287,0.923879532511287,1.,     1537P   3355
1.,0.923879532511287,0.923879532511287,1.,1.,0.923879532511287,     1537P   3356
0.923879532511287,1.,1.,0.923879532511287,0.923879532511287,1.,     1537P   3357
1.,0.923879532511287,0.923879532511287,1.,1.,0.923879532511287,     1537P   3358
0.923879532511287,1.,1.,0.923879532511287,0.923879532511287,1.,     1537P   3359
1.,0.923879532511287,0.923879532511287,1.,1.,0.923879532511287,     1537P   3360
0.923879532511287,1.,1.,0.923879532511287,0.923879532511287,1.,     1537P   3361
1.,0.923879532511287,0.923879532511287,1.,1.,0.923879532511287,     1537P   3362
0.923879532511287,1.,1.,0.923879532511287,0.923879532511287,1.,     1537P   3363
1.,0.923879532511287,0.923879532511287,1.,1.,0.923879532511287,     1537P   3364
0.923879532511287,1.,1.,0.923879532511287,0.923879532511287,1.,     1537P   3365
1.,0.923879532511287,0.923879532511287,1.,1.,0.923879532511287,     1537P   3366
0.923879532511287,1.,1.,0.923879532511287,0.923879532511287,1.,     1537P   3367
1.,0.923879532511287,0.923879532511287,1.,1.,0.923879532511287,     1537P   3368
0.923879532511287,1.,1.,0.923879532511287,0.923879532511287,1.,     1537P   3369
1.,0.923879532511287,0.923879532511287,1.,1.,0.923879532511287,     1537P   3370
0.923879532511287,1.,1.,0.923879532511287,0.923879532511287,1.,     1537P   3371
1.,0.923879532511287,0.923879532511287,1.,1.,0.923879532511287,     1537P   3372
0.923879532511287,1.,1.,0.923879532511287,0.923879532511287,1.,     1537P   3373
1.,0.923879532511287,0.923879532511287,1.,1.,0.923879532511287,     1537P   3374
0.923879532511287,1.,1.,0.923879532511287,0.923879532511287,1.,     1537P   3375
1.,0.923879532511287,0.923879532511287,1.,1.,0.923879532511287,     1537P   3376
0.923879532511287,1.,1.,0.923879532511287,0.923879532511287,1.,     1537P   3377
1.,0.923879532511287,0.923879532511287,1.,1.,0.923879532511287,     1537P   3378
0.923879532511287,1.,1.,0.923879532511287,0.923879532511287,1.,     1537P   3379
1.,0.923879532511287,0.923879532511287,1.,1.,0.923879532511287,     1537P   3380
0.923879532511287,1.,1.,0.923879532511287,0.923879532511287,1.,     1537P   3381
1.,0.923879532511287,0.923879532511287,1.,1.,0.923879532511287,     1537P   3382
0.923879532511287,1.,1.,0.923879532511287,0.923879532511287,1.,     1537P   3383
1.,0.923879532511287,0.923879532511287,1.,1.,0.923879532511287,     1537P   3384
0.923879532511287,1.,1.,0.923879532511287,0.923879532511287,1.,     1537P   3385
1.,0.923879532511287,0.923879532511287,1.,1.,0.923879532511287,     1537P   3386
0.923879532511287,1.,1.,0.923879532511287,0.923879532511287,1.,     1537P   3387
1.,0.923879532511287,0.923879532511287,1.,1.,0.946228435485674,     1537P   3388
0.946228435485674,0.968425430958109,0.968425430958109,              1537P   3389
2.274352407,9.764343866,9.508711944,2.495369204,10.713222323,       1537P   3390
8.946211944,5.063926858,9.114584348,9.439660916,5.556028649,        1537P   3391
10.000320537,8.877160916,7.089255603,7.089255603,9.375,             1537P   3392
7.778174593,7.778174593,8.8125,10.025721421,4.152789785,            1537P   3393
9.28125,11.,4.556349186,8.71875,10.025721421,0.,9.1875,11.,0.,      1537P   3394
8.625,10.025721421,-4.152789785,9.09375,11.,-4.556349186,           1537P   3395
8.53125,7.089255603,-7.089255603,9.,7.778174593,-7.778174593,       1537P   3396
8.4375,4.152789785,-10.025721421,8.90625,4.556349186,-11.,          1537P   3397
8.34375,0.,-10.025721421,8.8125,0.,-11.,8.25,-4.152789785,          1537P   3398
-10.025721421,8.71875,-4.556349186,-11.,8.15625,-7.089255603,       1537P   3399
-7.089255603,8.625,-7.778174593,-7.778174593,8.0625,                1537P   3400
-10.025721421,-4.152789785,8.53125,-11.,-4.556349186,7.96875,       1537P   3401
-10.025721421,0.,8.4375,-11.,0.,7.875,-10.025721421,                1537P   3402
4.152789785,8.34375,-11.,4.556349186,7.78125,-7.089255603,          1537P   3403
7.089255603,8.25,-7.778174593,7.778174593,7.6875,-4.152789785,      1537P   3404
10.025721421,8.15625,-4.556349186,11.,7.59375,0.,10.025721421,      1537P   3405
8.0625,0.,11.,7.5,4.152789785,10.025721421,7.96875,4.556349186,     1537P   3406
11.,7.40625,7.089255603,7.089255603,7.875,7.778174593,              1537P   3407
7.778174593,7.3125,10.025721421,4.152789785,7.78125,11.,            1537P   3408
4.556349186,7.21875,10.025721421,0.,7.6875,11.,0.,7.125,            1537P   3409
10.025721421,-4.152789785,7.59375,11.,-4.556349186,7.03125,         1537P   3410
7.089255603,-7.089255603,7.5,7.778174593,-7.778174593,6.9375,       1537P   3411
4.152789785,-10.025721421,7.40625,4.556349186,-11.,6.84375,0.,      1537P   3412
-10.025721421,7.3125,0.,-11.,6.75,-4.152789785,-10.025721421,       1537P   3413
7.21875,-4.556349186,-11.,6.65625,-7.089255603,-7.089255603,        1537P   3414
7.125,-7.778174593,-7.778174593,6.5625,-10.025721421,               1537P   3415
-4.152789785,7.03125,-11.,-4.556349186,6.46875,-10.025721421,       1537P   3416
0.,6.9375,-11.,0.,6.375,-10.025721421,4.152789785,6.84375,-11.,     1537P   3417
4.556349186,6.28125,-7.089255603,7.089255603,6.75,-7.778174593,     1537P   3418
7.778174593,6.1875,-4.152789785,10.025721421,6.65625,               1537P   3419
-4.556349186,11.,6.09375,0.,10.025721421,6.5625,0.,11.,6.,          1537P   3420
4.152789785,10.025721421,6.46875,4.556349186,11.,5.90625,           1537P   3421
7.089255603,7.089255603,6.375,7.778174593,7.778174593,5.8125,       1537P   3422
10.025721421,4.152789785,6.28125,11.,4.556349186,5.71875,           1537P   3423
10.025721421,0.,6.1875,11.,0.,5.625,10.025721421,-4.152789785,      1537P   3424
6.09375,11.,-4.556349186,5.53125,7.089255603,-7.089255603,6.,       1537P   3425
7.778174593,-7.778174593,5.4375,4.152789785,-10.025721421,          1537P   3426
5.90625,4.556349186,-11.,5.34375,0.,-10.025721421,5.8125,0.,        1537P   3427
-11.,5.25,-4.152789785,-10.025721421,5.71875,-4.556349186,-11.,     1537P   3428
5.15625,-7.089255603,-7.089255603,5.625,-7.778174593,               1537P   3429
-7.778174593,5.0625,-10.025721421,-4.152789785,5.53125,-11.,        1537P   3430
-4.556349186,4.96875,-10.025721421,0.,5.4375,-11.,0.,4.875,         1537P   3431
-10.025721421,4.152789785,5.34375,-11.,4.556349186,4.78125,         1537P   3432
-7.089255603,7.089255603,5.25,-7.778174593,7.778174593,4.6875,      1537P   3433
-4.152789785,10.025721421,5.15625,-4.556349186,11.,4.59375,0.,      1537P   3434
10.025721421,5.0625,0.,11.,4.5,4.152789785,10.025721421,            1537P   3435
4.96875,4.556349186,11.,4.40625,7.089255603,7.089255603,4.875,      1537P   3436
7.778174593,7.778174593,4.3125,10.025721421,4.152789785,            1537P   3437
4.78125,11.,4.556349186,4.21875,10.025721421,0.,4.6875,11.,0.,      1537P   3438
4.125,10.025721421,-4.152789785,4.59375,11.,-4.556349186,           1537P   3439
4.03125,7.089255603,-7.089255603,4.5,7.778174593,-7.778174593,      1537P   3440
3.9375,4.152789785,-10.025721421,4.40625,4.556349186,-11.,          1537P   3441
3.84375,0.,-10.025721421,4.3125,0.,-11.,3.75,-4.152789785,          1537P   3442
-10.025721421,4.21875,-4.556349186,-11.,3.65625,-7.089255603,       1537P   3443
-7.089255603,4.125,-7.778174593,-7.778174593,3.5625,                1537P   3444
-10.025721421,-4.152789785,4.03125,-11.,-4.556349186,3.46875,       1537P   3445
-10.025721421,0.,3.9375,-11.,0.,3.375,-10.025721421,                1537P   3446
4.152789785,3.84375,-11.,4.556349186,3.28125,-7.089255603,          1537P   3447
7.089255603,3.75,-7.778174593,7.778174593,3.1875,-4.152789785,      1537P   3448
10.025721421,3.65625,-4.556349186,11.,3.09375,0.,10.025721421,      1537P   3449
3.5625,0.,11.,3.,4.152789785,10.025721421,3.46875,4.556349186,      1537P   3450
11.,2.90625,7.089255603,7.089255603,3.375,7.778174593,              1537P   3451
7.778174593,2.8125,10.025721421,4.152789785,3.28125,11.,            1537P   3452
4.556349186,2.71875,10.025721421,0.,3.1875,11.,0.,2.625,            1537P   3453
10.025721421,-4.152789785,3.09375,11.,-4.556349186,2.53125,         1537P   3454
7.089255603,-7.089255603,3.,7.778174593,-7.778174593,2.4375,        1537P   3455
4.152789785,-10.025721421,2.90625,4.556349186,-11.,2.34375,0.,      1537P   3456
-10.025721421,2.8125,0.,-11.,2.25,-4.152789785,-10.025721421,       1537P   3457
2.71875,-4.556349186,-11.,2.15625,-7.089255603,-7.089255603,        1537P   3458
2.625,-7.778174593,-7.778174593,2.0625,-10.025721421,               1537P   3459
-4.152789785,2.53125,-11.,-4.556349186,1.96875,-10.025721421,       1537P   3460
0.,2.4375,-11.,0.,1.875,-10.025721421,4.152789785,2.34375,-11.,     1537P   3461
4.556349186,1.78125,-7.089255603,7.089255603,2.25,-7.778174593,     1537P   3462
7.778174593,1.6875,-4.152789785,10.025721421,2.15625,               1537P   3463
-4.556349186,11.,1.59375,0.,10.025721421,2.0625,0.,11.,1.5,         1537P   3464
4.152789785,10.025721421,1.96875,4.556349186,11.,1.40625,           1537P   3465
7.089255603,7.089255603,1.875,7.778174593,7.778174593,1.3125,       1537P   3466
10.025721421,4.152789785,1.78125,11.,4.556349186,1.21875,           1537P   3467
10.025721421,0.,1.6875,11.,0.,1.125,10.025721421,-4.152789785,      1537P   3468
1.59375,11.,-4.556349186,1.03125,7.089255603,-7.089255603,1.5,      1537P   3469
7.778174593,-7.778174593,0.9375,4.152789785,-10.025721421,          1537P   3470
1.40625,4.556349186,-11.,0.84375,0.,-10.025721421,1.3125,0.,        1537P   3471
-11.,0.75,-4.152789785,-10.025721421,1.21875,-4.556349186,-11.,     1537P   3472
0.65625,-7.089255603,-7.089255603,1.125,-7.778174593,               1537P   3473
-7.778174593,0.5625,-10.025721421,-4.152789785,1.03125,-11.,        1537P   3474
-4.556349186,0.46875,-10.025721421,0.,0.9375,-11.,0.,0.375,         1537P   3475
-10.025721421,4.152789785,0.84375,-11.,4.556349186,0.28125,         1537P   3476
-7.089255603,7.089255603,0.75,-7.778174593,7.778174593,0.1875,      1537P   3477
-4.152789785,10.025721421,0.65625,-4.556349186,11.,0.09375,0.,      1537P   3478
10.025721421,0.5625,0.,11.,0.,4.152789785,10.025721421,0.46875,     1537P   3479
4.556349186,11.,-0.09375,7.089255603,7.089255603,0.375,             1537P   3480
7.778174593,7.778174593,-0.1875,10.025721421,4.152789785,           1537P   3481
0.28125,11.,4.556349186,-0.28125,10.025721421,0.,0.1875,11.,0.,     1537P   3482
-0.375,10.025721421,-4.152789785,0.09375,11.,-4.556349186,          1537P   3483
-0.46875,7.089255603,-7.089255603,0.,7.778174593,-7.778174593,      1537P   3484
-0.5625,4.152789785,-10.025721421,-0.09375,4.556349186,-11.,        1537P   3485
-0.65625,0.,-10.025721421,-0.1875,0.,-11.,-0.75,-4.152789785,       1537P   3486
-10.025721421,-0.28125,-4.556349186,-11.,-0.84375,-7.089255603,     1537P   3487
-7.089255603,-0.375,-7.778174593,-7.778174593,-0.9375,              1537P   3488
-10.025721421,-4.152789785,-0.46875,-11.,-4.556349186,-1.03125,     1537P   3489
-10.025721421,0.,-0.5625,-11.,0.,-1.125,-10.025721421,              1537P   3490
4.152789785,-0.65625,-11.,4.556349186,-1.21875,-7.089255603,        1537P   3491
7.089255603,-0.75,-7.778174593,7.778174593,-1.3125,                 1537P   3492
-4.152789785,10.025721421,-0.84375,-4.556349186,11.,-1.40625,       1537P   3493
0.,10.025721421,-0.9375,0.,11.,-1.5,4.152789785,10.025721421,       1537P   3494
-1.03125,4.556349186,11.,-1.59375,7.089255603,7.089255603,          1537P   3495
-1.125,7.778174593,7.778174593,-1.6875,10.025721421,                1537P   3496
4.152789785,-1.21875,11.,4.556349186,-1.78125,10.025721421,0.,      1537P   3497
-1.3125,11.,0.,-1.875,10.025721421,-4.152789785,-1.40625,11.,       1537P   3498
-4.556349186,-1.96875,7.089255603,-7.089255603,-1.5,                1537P   3499
7.778174593,-7.778174593,-2.0625,4.152789785,-10.025721421,         1537P   3500
-1.59375,4.556349186,-11.,-2.15625,0.,-10.025721421,-1.6875,0.,     1537P   3501
-11.,-2.25,-4.152789785,-10.025721421,-1.78125,-4.556349186,        1537P   3502
-11.,-2.34375,-7.089255603,-7.089255603,-1.875,-7.778174593,        1537P   3503
-7.778174593,-2.4375,-10.025721421,-4.152789785,-1.96875,-11.,      1537P   3504
-4.556349186,-2.53125,-10.025721421,0.,-2.0625,-11.,0.,-2.625,      1537P   3505
-10.025721421,4.152789785,-2.15625,-11.,4.556349186,-2.71875,       1537P   3506
-7.089255603,7.089255603,-2.25,-7.778174593,7.778174593,            1537P   3507
-2.8125,-4.152789785,10.025721421,-2.34375,-4.556349186,11.,        1537P   3508
-2.90625,0.,10.025721421,-2.4375,0.,11.,-3.,4.152789785,            1537P   3509
10.025721421,-2.53125,4.556349186,11.,-3.09375,7.089255603,         1537P   3510
7.089255603,-2.625,7.778174593,7.778174593,-3.1875,                 1537P   3511
10.025721421,4.152789785,-2.71875,11.,4.556349186,-3.28125,         1537P   3512
10.025721421,0.,-2.8125,11.,0.,-3.375,10.025721421,                 1537P   3513
-4.152789785,-2.90625,11.,-4.556349186,-3.46875,7.089255603,        1537P   3514
-7.089255603,-3.,7.778174593,-7.778174593,-3.5625,4.152789785,      1537P   3515
-10.025721421,-3.09375,4.556349186,-11.,-3.65625,0.,                1537P   3516
-10.025721421,-3.1875,0.,-11.,-3.75,-4.152789785,-10.025721421,     1537P   3517
-3.28125,-4.556349186,-11.,-3.84375,-7.089255603,-7.089255603,      1537P   3518
-3.375,-7.778174593,-7.778174593,-3.9375,-10.025721421,             1537P   3519
-4.152789785,-3.46875,-11.,-4.556349186,-4.03125,-10.025721421,     1537P   3520
0.,-3.5625,-11.,0.,-4.125,-10.025721421,4.152789785,-3.65625,       1537P   3521
-11.,4.556349186,-4.21875,-7.089255603,7.089255603,-3.75,           1537P   3522
-7.778174593,7.778174593,-4.3125,-4.152789785,10.025721421,         1537P   3523
-3.84375,-4.556349186,11.,-4.40625,0.,10.025721421,-3.9375,0.,      1537P   3524
11.,-4.5,4.152789785,10.025721421,-4.03125,4.556349186,11.,         1537P   3525
-4.59375,7.089255603,7.089255603,-4.125,7.778174593,                1537P   3526
7.778174593,-4.6875,10.025721421,4.152789785,-4.21875,11.,          1537P   3527
4.556349186,-4.78125,10.025721421,0.,-4.3125,11.,0.,-4.875,         1537P   3528
10.025721421,-4.152789785,-4.40625,11.,-4.556349186,-4.96875,       1537P   3529
7.089255603,-7.089255603,-4.5,7.778174593,-7.778174593,-5.0625,     1537P   3530
4.152789785,-10.025721421,-4.59375,4.556349186,-11.,-5.15625,       1537P   3531
0.,-10.025721421,-4.6875,0.,-11.,-5.25,-4.152789785,                1537P   3532
-10.025721421,-4.78125,-4.556349186,-11.,-5.34375,-7.089255603,     1537P   3533
-7.089255603,-4.875,-7.778174593,-7.778174593,-5.4375,              1537P   3534
-10.025721421,-4.152789785,-4.96875,-11.,-4.556349186,-5.53125,     1537P   3535
-10.025721421,0.,-5.0625,-11.,0.,-5.625,-10.025721421,              1537P   3536
4.152789785,-5.15625,-11.,4.556349186,-5.71875,-7.089255603,        1537P   3537
7.089255603,-5.25,-7.778174593,7.778174593,-5.8125,                 1537P   3538
-4.152789785,10.025721421,-5.34375,-4.556349186,11.,-5.90625,       1537P   3539
0.,10.025721421,-5.4375,0.,11.,-6.,4.152789785,10.025721421,        1537P   3540
-5.53125,4.556349186,11.,-6.09375,7.089255603,7.089255603,          1537P   3541
-5.625,7.778174593,7.778174593,-6.1875,10.025721421,                1537P   3542
4.152789785,-5.71875,11.,4.556349186,-6.28125,10.025721421,0.,      1537P   3543
-5.8125,11.,0.,-6.375,10.025721421,-4.152789785,-5.90625,11.,       1537P   3544
-4.556349186,-6.46875,7.089255603,-7.089255603,-6.,7.778174593,     1537P   3545
-7.778174593,-6.5625,4.152789785,-10.025721421,-6.09375,            1537P   3546
4.556349186,-11.,-6.65625,0.,-10.025721421,-6.1875,0.,-11.,         1537P   3547
-6.75,-4.152789785,-10.025721421,-6.28125,-4.556349186,-11.,        1537P   3548
-6.84375,-7.089255603,-7.089255603,-6.375,-7.778174593,             1537P   3549
-7.778174593,-6.9375,-10.025721421,-4.152789785,-6.46875,-11.,      1537P   3550
-4.556349186,-7.03125,-10.025721421,0.,-6.5625,-11.,0.,-7.125,      1537P   3551
-10.025721421,4.152789785,-6.65625,-11.,4.556349186,-7.21875,       1537P   3552
-7.089255603,7.089255603,-6.75,-7.778174593,7.778174593,            1537P   3553
-7.3125,-4.152789785,10.025721421,-6.84375,-4.556349186,11.,        1537P   3554
-7.40625,0.,10.025721421,-6.9375,0.,11.,-7.5,4.152789785,           1537P   3555
10.025721421,-7.03125,4.556349186,11.,-7.59375,7.089255603,         1537P   3556
7.089255603,-7.125,7.778174593,7.778174593,-7.6875,                 1537P   3557
10.025721421,4.152789785,-7.21875,11.,4.556349186,-7.78125,         1537P   3558
10.025721421,0.,-7.3125,11.,0.,-7.875,10.025721421,                 1537P   3559
-4.152789785,-7.40625,11.,-4.556349186,-7.96875,7.089255603,        1537P   3560
-7.089255603,-7.5,7.778174593,-7.778174593,-8.0625,4.152789785,     1537P   3561
-10.025721421,-7.59375,4.556349186,-11.,-8.15625,0.,                1537P   3562
-10.025721421,-7.6875,0.,-11.,-8.25,-4.152789785,-10.025721421,     1537P   3563
-7.78125,-4.556349186,-11.,-8.34375,-7.089255603,-7.089255603,      1537P   3564
-7.875,-7.778174593,-7.778174593,-8.4375,-10.025721421,             1537P   3565
-4.152789785,-7.96875,-11.,-4.556349186,-8.53125,-10.025721421,     1537P   3566
0.,-8.0625,-11.,0.,-8.625,-10.025721421,4.152789785,-8.15625,       1537P   3567
-11.,4.556349186,-8.71875,-7.089255603,7.089255603,-8.25,           1537P   3568
-7.778174593,7.778174593,-8.8125,-5.063926858,9.114584348,          1537P   3569
-8.314660916,-5.556028649,10.000320537,-8.877160916,                1537P   3570
-2.274352407,9.764343866,-8.383711944,-2.495369204,                 1537P   3571
10.713222323,-8.946211944,0.,0.923076923076919,                     1537P   3572
0.00282306855068299,0.92025385452624;                               1537P   3573
126,12,2,1,0,1,0,0.,0.,0.,0.25,0.25,0.5,0.5,0.75,0.75,0.875,        1539P   3574
0.875,0.9375,0.9375,1.,1.,1.,1.,1.,1.,1.,1.,1.,1.,1.,1.,1.,1.,      1539P   3575
1.,1.,0.446449814,0.903846154,0.,0.400599827,0.902710842,0.,        1539P   3576
0.33885342,0.901315447,0.,0.305923974,0.900571281,0.,               1539P   3577
0.225325989,0.898797119,0.,0.151387109,0.897169541,0.,              1539P   3578
0.110900279,0.896242169,0.,0.080731594,0.895551139,0.,              1539P   3579
0.054920625,0.89493201,0.,0.040750365,0.894592106,0.,               1539P   3580
0.027527921,0.894265248,0.,0.012669924,0.893897959,0.,0.,           1539P   3581
0.893593228,0.,0.,1.,0.,0.,1.;                                      1539P   3582
126,3,3,1,0,1,0,0.,0.,0.,0.,1.,1.,1.,1.,1.,1.,1.,1.,                1541P   3583
-10.496935118,0.,-8.334555355,-10.351322728,-2.854266237,           1541P   3584
-8.188942964,-8.966301418,-5.623883318,-8.020560023,                1541P   3585
-6.718691329,-7.441389442,-7.863341658,0.,1.,0.02174827,            1541P   3586
-0.049830738,-0.998520861;                                          1541P   3587
126,1,1,1,0,1,0,0.,0.,1.,1.,1.,1.,0.,0.893593228,0.,0.,             1543P   3588
0.087176003,0.,0.,1.,0.,0.,1.;                                      1543P   3589
126,168,2,0,0,0,0,0.106406771842604,0.106406771842604,              1545P   3590
0.106406771842604,0.115384615384615,0.115384615384615,0.125,        1545P   3591
0.125,0.134615384615385,0.134615384615385,0.144230769230769,        1545P   3592
0.144230769230769,0.153846153846154,0.153846153846154,              1545P   3593
0.163461538461538,0.163461538461538,0.173076923076923,              1545P   3594
0.173076923076923,0.182692307692308,0.182692307692308,              1545P   3595
0.192307692307692,0.192307692307692,0.201923076923077,              1545P   3596
0.201923076923077,0.211538461538462,0.211538461538462,              1545P   3597
0.221153846153846,0.221153846153846,0.230769230769231,              1545P   3598
0.230769230769231,0.240384615384615,0.240384615384615,0.25,         1545P   3599
0.25,0.259615384615385,0.259615384615385,0.269230769230769,         1545P   3600
0.269230769230769,0.278846153846154,0.278846153846154,              1545P   3601
0.288461538461538,0.288461538461538,0.298076923076923,              1545P   3602
0.298076923076923,0.307692307692308,0.307692307692308,              1545P   3603
0.317307692307692,0.317307692307692,0.326923076923077,              1545P   3604
0.326923076923077,0.336538461538462,0.336538461538462,              1545P   3605
0.346153846153846,0.346153846153846,0.355769230769231,              1545P   3606
0.355769230769231,0.365384615384615,0.365384615384615,0.375,        1545P   3607
0.375,0.384615384615385,0.384615384615385,0.394230769230769,        1545P   3608
0.394230769230769,0.403846153846154,0.403846153846154,              1545P   3609
0.413461538461538,0.413461538461538,0.423076923076923,              1545P   3610
0.423076923076923,0.432692307692308,0.432692307692308,              1545P   3611
0.442307692307692,0.442307692307692,0.451923076923077,              1545P   3612
0.451923076923077,0.461538461538462,0.461538461538462,              1545P   3613
0.471153846153846,0.471153846153846,0.480769230769231,              1545P   3614
0.480769230769231,0.490384615384615,0.490384615384615,0.5,0.5,      1545P   3615
0.509615384615385,0.509615384615385,0.519230769230769,              1545P   3616
0.519230769230769,0.528846153846154,0.528846153846154,              1545P   3617
0.538461538461538,0.538461538461538,0.548076923076923,              1545P   3618
0.548076923076923,0.557692307692308,0.557692307692308,              1545P   3619
0.567307692307692,0.567307692307692,0.576923076923077,              1545P   3620
0.576923076923077,0.586538461538462,0.586538461538462,              1545P   3621
0.596153846153846,0.596153846153846,0.605769230769231,              1545P   3622
0.605769230769231,0.615384615384615,0.615384615384615,0.625,        1545P   3623
0.625,0.634615384615385,0.634615384615385,0.644230769230769,        1545P   3624
0.644230769230769,0.653846153846154,0.653846153846154,              1545P   3625
0.663461538461538,0.663461538461538,0.673076923076923,              1545P   3626
0.673076923076923,0.682692307692308,0.682692307692308,              1545P   3627
0.692307692307692,0.692307692307692,0.701923076923077,              1545P   3628
0.701923076923077,0.711538461538462,0.711538461538462,              1545P   3629
0.721153846153846,0.721153846153846,0.730769230769231,              1545P   3630
0.730769230769231,0.740384615384615,0.740384615384615,0.75,         1545P   3631
0.75,0.759615384615385,0.759615384615385,0.769230769230769,         1545P   3632
0.769230769230769,0.778846153846154,0.778846153846154,              1545P   3633
0.788461538461538,0.788461538461538,0.798076923076923,              1545P   3634
0.798076923076923,0.807692307692308,0.807692307692308,              1545P   3635
0.817307692307692,0.817307692307692,0.826923076923077,              1545P   3636
0.826923076923077,0.836538461538462,0.836538461538462,              1545P   3637
0.846153846153846,0.846153846153846,0.855769230769231,              1545P   3638
0.855769230769231,0.865384615384615,0.865384615384615,0.875,        1545P   3639
0.875,0.884615384615385,0.884615384615385,0.894230769230769,        1545P   3640
0.894230769230769,0.903846153846154,0.903846153846154,              1545P   3641
0.912823997388166,0.912823997388166,0.912823997388166,              1545P   3642
0.990575065884221,0.928926644664322,1.,0.923879532511287,1.,        1545P   3643
0.923879532511287,1.,0.923879532511287,1.,0.923879532511287,1.,     1545P   3644
0.923879532511287,1.,0.923879532511287,1.,0.923879532511287,1.,     1545P   3645
0.923879532511287,1.,0.923879532511287,1.,0.923879532511287,1.,     1545P   3646
0.923879532511287,1.,0.923879532511287,1.,0.923879532511287,1.,     1545P   3647
0.923879532511287,1.,0.923879532511287,1.,0.923879532511287,1.,     1545P   3648
0.923879532511287,1.,0.923879532511287,1.,0.923879532511287,1.,     1545P   3649
0.923879532511287,1.,0.923879532511287,1.,0.923879532511287,1.,     1545P   3650
0.923879532511287,1.,0.923879532511287,1.,0.923879532511287,1.,     1545P   3651
0.923879532511287,1.,0.923879532511287,1.,0.923879532511287,1.,     1545P   3652
0.923879532511287,1.,0.923879532511287,1.,0.923879532511287,1.,     1545P   3653
0.923879532511287,1.,0.923879532511287,1.,0.923879532511287,1.,     1545P   3654
0.923879532511287,1.,0.923879532511287,1.,0.923879532511287,1.,     1545P   3655
0.923879532511287,1.,0.923879532511287,1.,0.923879532511287,1.,     1545P   3656
0.923879532511287,1.,0.923879532511287,1.,0.923879532511287,1.,     1545P   3657
0.923879532511287,1.,0.923879532511287,1.,0.923879532511287,1.,     1545P   3658
0.923879532511287,1.,0.923879532511287,1.,0.923879532511287,1.,     1545P   3659
0.923879532511287,1.,0.923879532511287,1.,0.923879532511287,1.,     1545P   3660
0.923879532511287,1.,0.923879532511287,1.,0.923879532511287,1.,     1545P   3661
0.923879532511287,1.,0.923879532511287,1.,0.923879532511287,1.,     1545P   3662
0.923879532511287,1.,0.923879532511287,1.,0.923879532511287,1.,     1545P   3663
0.923879532511287,1.,0.923879532511287,1.,0.923879532511287,1.,     1545P   3664
0.923879532511287,1.,0.923879532511287,1.,0.923879532511287,1.,     1545P   3665
0.923879532511287,1.,0.923879532511287,1.,0.923879532511287,1.,     1545P   3666
0.923879532511287,1.,0.923879532511287,1.,0.923879532511287,1.,     1545P   3667
0.923879532511287,1.,0.923879532511287,1.,0.923879532511287,1.,     1545P   3668
0.923879532511287,1.,0.923879532511287,1.,0.923879532511287,1.,     1545P   3669
0.923879532511287,1.,0.923879532511287,1.,0.923879532511287,1.,     1545P   3670
0.928926644664317,0.99057506588423,-6.718691329,-7.441389442,       1545P   3671
-7.863341658,-3.856374881,-10.025721421,-7.774558379,0.,            1545P   3672
-10.025721421,-7.6875,4.152789785,-10.025721421,-7.59375,           1545P   3673
7.089255603,-7.089255603,-7.5,10.025721421,-4.152789785,            1545P   3674
-7.40625,10.025721421,0.,-7.3125,10.025721421,4.152789785,          1545P   3675
-7.21875,7.089255603,7.089255603,-7.125,4.152789785,                1545P   3676
10.025721421,-7.03125,0.,10.025721421,-6.9375,-4.152789785,         1545P   3677
10.025721421,-6.84375,-7.089255603,7.089255603,-6.75,               1545P   3678
-10.025721421,4.152789785,-6.65625,-10.025721421,0.,-6.5625,        1545P   3679
-10.025721421,-4.152789785,-6.46875,-7.089255603,-7.089255603,      1545P   3680
-6.375,-4.152789785,-10.025721421,-6.28125,0.,-10.025721421,        1545P   3681
-6.1875,4.152789785,-10.025721421,-6.09375,7.089255603,             1545P   3682
-7.089255603,-6.,10.025721421,-4.152789785,-5.90625,                1545P   3683
10.025721421,0.,-5.8125,10.025721421,4.152789785,-5.71875,          1545P   3684
7.089255603,7.089255603,-5.625,4.152789785,10.025721421,            1545P   3685
-5.53125,0.,10.025721421,-5.4375,-4.152789785,10.025721421,         1545P   3686
-5.34375,-7.089255603,7.089255603,-5.25,-10.025721421,              1545P   3687
4.152789785,-5.15625,-10.025721421,0.,-5.0625,-10.025721421,        1545P   3688
-4.152789785,-4.96875,-7.089255603,-7.089255603,-4.875,             1545P   3689
-4.152789785,-10.025721421,-4.78125,0.,-10.025721421,-4.6875,       1545P   3690
4.152789785,-10.025721421,-4.59375,7.089255603,-7.089255603,        1545P   3691
-4.5,10.025721421,-4.152789785,-4.40625,10.025721421,0.,            1545P   3692
-4.3125,10.025721421,4.152789785,-4.21875,7.089255603,              1545P   3693
7.089255603,-4.125,4.152789785,10.025721421,-4.03125,0.,            1545P   3694
10.025721421,-3.9375,-4.152789785,10.025721421,-3.84375,            1545P   3695
-7.089255603,7.089255603,-3.75,-10.025721421,4.152789785,           1545P   3696
-3.65625,-10.025721421,0.,-3.5625,-10.025721421,-4.152789785,       1545P   3697
-3.46875,-7.089255603,-7.089255603,-3.375,-4.152789785,             1545P   3698
-10.025721421,-3.28125,0.,-10.025721421,-3.1875,4.152789785,        1545P   3699
-10.025721421,-3.09375,7.089255603,-7.089255603,-3.,                1545P   3700
10.025721421,-4.152789785,-2.90625,10.025721421,0.,-2.8125,         1545P   3701
10.025721421,4.152789785,-2.71875,7.089255603,7.089255603,          1545P   3702
-2.625,4.152789785,10.025721421,-2.53125,0.,10.025721421,           1545P   3703
-2.4375,-4.152789785,10.025721421,-2.34375,-7.089255603,            1545P   3704
7.089255603,-2.25,-10.025721421,4.152789785,-2.15625,               1545P   3705
-10.025721421,0.,-2.0625,-10.025721421,-4.152789785,-1.96875,       1545P   3706
-7.089255603,-7.089255603,-1.875,-4.152789785,-10.025721421,        1545P   3707
-1.78125,0.,-10.025721421,-1.6875,4.152789785,-10.025721421,        1545P   3708
-1.59375,7.089255603,-7.089255603,-1.5,10.025721421,                1545P   3709
-4.152789785,-1.40625,10.025721421,0.,-1.3125,10.025721421,         1545P   3710
4.152789785,-1.21875,7.089255603,7.089255603,-1.125,                1545P   3711
4.152789785,10.025721421,-1.03125,0.,10.025721421,-0.9375,          1545P   3712
-4.152789785,10.025721421,-0.84375,-7.089255603,7.089255603,        1545P   3713
-0.75,-10.025721421,4.152789785,-0.65625,-10.025721421,0.,          1545P   3714
-0.5625,-10.025721421,-4.152789785,-0.46875,-7.089255603,           1545P   3715
-7.089255603,-0.375,-4.152789785,-10.025721421,-0.28125,0.,         1545P   3716
-10.025721421,-0.1875,4.152789785,-10.025721421,-0.09375,           1545P   3717
7.089255603,-7.089255603,0.,10.025721421,-4.152789785,0.09375,      1545P   3718
10.025721421,0.,0.1875,10.025721421,4.152789785,0.28125,            1545P   3719
7.089255603,7.089255603,0.375,4.152789785,10.025721421,0.46875,     1545P   3720
0.,10.025721421,0.5625,-4.152789785,10.025721421,0.65625,           1545P   3721
-7.089255603,7.089255603,0.75,-10.025721421,4.152789785,            1545P   3722
0.84375,-10.025721421,0.,0.9375,-10.025721421,-4.152789785,         1545P   3723
1.03125,-7.089255603,-7.089255603,1.125,-4.152789785,               1545P   3724
-10.025721421,1.21875,0.,-10.025721421,1.3125,4.152789785,          1545P   3725
-10.025721421,1.40625,7.089255603,-7.089255603,1.5,                 1545P   3726
10.025721421,-4.152789785,1.59375,10.025721421,0.,1.6875,           1545P   3727
10.025721421,4.152789785,1.78125,7.089255603,7.089255603,1.875,     1545P   3728
4.152789785,10.025721421,1.96875,0.,10.025721421,2.0625,            1545P   3729
-4.152789785,10.025721421,2.15625,-7.089255603,7.089255603,         1545P   3730
2.25,-10.025721421,4.152789785,2.34375,-10.025721421,0.,2.4375,     1545P   3731
-10.025721421,-4.152789785,2.53125,-7.089255603,-7.089255603,       1545P   3732
2.625,-4.152789785,-10.025721421,2.71875,0.,-10.025721421,          1545P   3733
2.8125,4.152789785,-10.025721421,2.90625,7.089255603,               1545P   3734
-7.089255603,3.,10.025721421,-4.152789785,3.09375,10.025721421,     1545P   3735
0.,3.1875,10.025721421,4.152789785,3.28125,7.089255603,             1545P   3736
7.089255603,3.375,4.152789785,10.025721421,3.46875,0.,              1545P   3737
10.025721421,3.5625,-4.152789785,10.025721421,3.65625,              1545P   3738
-7.089255603,7.089255603,3.75,-10.025721421,4.152789785,            1545P   3739
3.84375,-10.025721421,0.,3.9375,-10.025721421,-4.152789785,         1545P   3740
4.03125,-7.089255603,-7.089255603,4.125,-4.152789785,               1545P   3741
-10.025721421,4.21875,0.,-10.025721421,4.3125,4.152789785,          1545P   3742
-10.025721421,4.40625,7.089255603,-7.089255603,4.5,                 1545P   3743
10.025721421,-4.152789785,4.59375,10.025721421,0.,4.6875,           1545P   3744
10.025721421,4.152789785,4.78125,7.089255603,7.089255603,4.875,     1545P   3745
4.152789785,10.025721421,4.96875,0.,10.025721421,5.0625,            1545P   3746
-4.152789785,10.025721421,5.15625,-7.089255603,7.089255603,         1545P   3747
5.25,-10.025721421,4.152789785,5.34375,-10.025721421,0.,5.4375,     1545P   3748
-10.025721421,-4.152789785,5.53125,-7.089255603,-7.089255603,       1545P   3749
5.625,-4.152789785,-10.025721421,5.71875,0.,-10.025721421,          1545P   3750
5.8125,4.152789785,-10.025721421,5.90625,7.089255603,               1545P   3751
-7.089255603,6.,10.025721421,-4.152789785,6.09375,10.025721421,     1545P   3752
0.,6.1875,10.025721421,4.152789785,6.28125,7.089255603,             1545P   3753
7.089255603,6.375,4.152789785,10.025721421,6.46875,0.,              1545P   3754
10.025721421,6.5625,-4.152789785,10.025721421,6.65625,              1545P   3755
-7.089255603,7.089255603,6.75,-10.025721421,4.152789785,            1545P   3756
6.84375,-10.025721421,0.,6.9375,-10.025721421,-4.152789785,         1545P   3757
7.03125,-7.089255603,-7.089255603,7.125,-4.152789785,               1545P   3758
-10.025721421,7.21875,0.,-10.025721421,7.3125,4.152789785,          1545P   3759
-10.025721421,7.40625,7.089255603,-7.089255603,7.5,                 1545P   3760
10.025721421,-4.152789785,7.59375,10.025721421,0.,7.6875,           1545P   3761
10.025721421,3.856374881,7.774558379,7.441389442,6.718691329,       1545P   3762
7.863341658,0.106406771842604,0.912823997388166,0.022568449,        1545P   3763
-0.009348158,-0.999701594;                                          1545P   3764
126,32,2,1,0,1,0,0.,0.,0.,0.03125,0.03125,0.0625,0.0625,0.125,      1547P   3765
0.125,0.1875,0.1875,0.25,0.25,0.3125,0.3125,0.34375,0.34375,        1547P   3766
0.375,0.375,0.5,0.5,0.625,0.625,0.65625,0.65625,0.6875,0.6875,      1547P   3767
0.75,0.75,0.821428571428571,0.821428571428571,0.875,0.875,1.,       1547P   3768
1.,1.,1.,1.,1.,1.,1.,1.,1.,1.,1.,1.,1.,1.,1.,1.,1.,1.,1.,1.,1.,     1547P   3769
1.,1.,1.,1.,1.,1.,1.,1.,1.,1.,1.,1.,1.,1.,0.,0.087176003,0.,        1547P   3770
0.005266747,0.086703251,0.,0.010532063,0.086214819,0.,              1547P   3771
0.013864966,0.085905646,0.,0.02113442,0.08526912,0.,                1547P   3772
0.030587247,0.084441415,0.,0.042974969,0.083409233,0.,              1547P   3773
0.049553422,0.082861097,0.,0.065406164,0.081558959,0.,              1547P   3774
0.079701188,0.080384772,0.,0.087620033,0.079720802,0.,              1547P   3775
0.099823552,0.078697575,0.,0.109346339,0.077852975,0.,              1547P   3776
0.114662351,0.077381484,0.,0.119757814,0.076910887,0.,              1547P   3777
0.124711295,0.076453403,0.,0.1301804,0.0759688,0.,0.144859089,      1547P   3778
0.074668159,0.,0.173770467,0.072293364,0.,0.204010657,              1547P   3779
0.06980942,0.,0.217367814,0.068642584,0.,0.222839742,               1547P   3780
0.068164575,0.,0.227780788,0.067716618,0.,0.232927783,              1547P   3781
0.067249989,0.,0.238074115,0.066776096,0.,0.245032554,              1547P   3782
0.066135338,0.,0.259171512,0.064938209,0.,0.268436463,              1547P   3783
0.064153757,0.,0.283994022,0.062875136,0.,0.299465841,              1547P   3784
0.061603561,0.,0.302741447,0.061332657,0.,0.328804335,              1547P   3785
0.059177161,0.,0.344872269,0.057692308,0.,0.,1.,0.,0.,1.;           1547P   3786
126,11,3,1,0,1,0,0.,0.,0.,0.,0.125,0.125,0.25,0.25,0.5,0.5,         1549P   3787
0.75,0.75,1.,1.,1.,1.,1.,1.,1.,1.,1.,1.,1.,1.,1.,1.,1.,1.,          1549P   3788
7.441389442,6.718691329,7.863341658,6.759979188,7.495907526,        1549P   3789
7.878426522,5.979498391,8.149177401,7.893033654,4.226751531,        1549P   3790
9.215703356,7.924367111,3.271200261,9.613330925,7.940286912,        1549P   3791
0.282001905,10.350856039,7.986891694,-1.857815354,10.2133726,       1549P   3792
8.015682878,-5.677265901,8.763664747,8.077818931,-7.371666529,      1549P   3793
7.433999099,8.10678794,-9.701115653,4.090750704,8.166990089,        1549P   3794
-10.361475222,2.045374776,8.199095459,-10.389723224,0.,             1549P   3795
8.227343461,0.,1.,-0.009279542,0.011271101,-0.999893421;            1549P   3796
126,22,2,1,0,1,0,0.,0.,0.,0.125,0.125,0.1875,0.1875,0.25,0.25,      1551P   3797
0.375,0.375,0.4375,0.4375,0.5,0.5,0.625,0.625,0.6875,0.6875,        1551P   3798
0.75,0.75,0.875,0.875,1.,1.,1.,1.,1.,1.,1.,1.,1.,1.,1.,1.,1.,       1551P   3799
1.,1.,1.,1.,1.,1.,1.,1.,1.,1.,1.,1.,1.,0.344872269,0.057692308,     1551P   3800
0.,0.362651157,0.056049344,0.,0.402330793,0.05279042,0.,            1551P   3801
0.421525988,0.051213902,0.,0.431439309,0.050372991,0.,              1551P   3802
0.444888895,0.049232111,0.,0.459281567,0.047912522,0.,              1551P   3803
0.476507012,0.046333211,0.,0.516198483,0.043072818,0.,              1551P   3804
0.53490344,0.041536329,0.,0.545047419,0.040673969,0.,               1551P   3805
0.557365258,0.039626805,0.,0.572485021,0.038244003,0.,              1551P   3806
0.589542099,0.036684021,0.,0.628875237,0.033453034,0.,              1551P   3807
0.647258675,0.031942943,0.,0.657268483,0.031092756,0.,              1551P   3808
0.670317603,0.029984424,0.,0.684564065,0.028678444,0.,              1551P   3809
0.701830563,0.027095615,0.,0.740202869,0.023944063,0.,              1551P   3810
0.777585689,0.020873779,0.,0.795365074,0.019230769,0.,0.,1.,0.,     1551P   3811
0.,-1.;                                                             1551P   3812
126,15,3,1,0,1,0,0.,0.,0.,0.,0.125,0.125,0.25,0.25,0.375,0.375,     1553P   3813
0.5,0.5,0.75,0.75,0.875,0.875,1.,1.,1.,1.,1.,1.,1.,1.,1.,1.,1.,     1553P   3814
1.,1.,1.,1.,1.,1.,1.,1.,1.,-10.389723224,0.,8.227343461,            1553P   3815
-10.408931531,-1.390830624,8.246551768,-10.14460794,                1553P   3816
-2.790466541,8.267399397,-9.102227852,-5.358162249,8.308578843,     1553P   3817
-8.313057491,-6.548510901,8.329085645,-6.354971525,                 1553P   3818
-8.509031025,8.367112087,-5.170961702,-9.300441024,8.387754564,     1553P   3819
-2.600897036,-10.360295078,8.428591186,-1.214042201,                1553P   3820
-10.633609451,8.448573916,2.981181014,-10.617868213,                1553P   3821
8.505596795,5.73379682,-9.464960224,8.548538857,8.68471369,         1553P   3822
-6.514367527,8.604546728,9.477544721,-5.334571646,8.624685681,      1553P   3823
10.555153319,-2.78050486,8.664519201,10.846922587,-1.384308522,     1553P   3824
8.684542824,10.865204171,0.,8.702824408,0.,1.,0.005350004,          1553P   3825
-0.013883031,-0.999889313;                                          1553P   3826
126,10,2,1,0,1,0,0.,0.,0.,0.25,0.25,0.5,0.5,0.75,0.75,0.875,        1555P   3827
0.875,1.,1.,1.,1.,1.,1.,1.,1.,1.,1.,1.,1.,1.,1.,0.795365074,        1555P   3828
0.019230769,0.,0.808603417,0.018007401,0.,0.827090058,              1555P   3829
0.016456599,0.,0.832574347,0.015996534,0.,0.859818152,              1555P   3830
0.013753928,0.,0.879890421,0.012101656,0.,0.892172094,              1555P   3831
0.011031831,0.,0.900452616,0.010310537,0.,0.907585113,              1555P   3832
0.009652607,0.,0.915228041,0.008947594,0.,0.923076923,              1555P   3833
0.008262382,0.,0.,1.,0.,0.,-1.;                                     1555P   3834
126,5,3,1,0,1,0,0.,0.,0.,0.,0.5,0.5,1.,1.,1.,1.,1.,1.,1.,1.,1.,     1557P   3835
1.,10.865204171,0.,8.702824408,10.886613451,1.621142285,            1557P   3836
8.724233688,10.539588707,3.256741779,8.747724382,9.168464681,       1557P   3837
6.216109492,8.793980817,8.147754354,7.5363113,8.815479265,          1557P   3838
6.887970042,8.57647181,8.837620237,0.,1.,-0.005127967,              1557P   3839
0.013272677,-0.999898765;                                           1557P   3840
126,1,1,1,0,1,0,0.,0.,1.,1.,1.,1.,0.923076923,0.008262382,0.,       1559P   3841
0.923076923,0.019230769,0.,0.,1.,0.,0.,1.;                          1559P   3842
126,4,2,1,0,0,0,0.00826238151101233,0.00826238151101233,            1561P   3843
0.00826238151101233,0.00961538461538458,0.00961538461538458,        1561P   3844
0.0192307692307693,0.0192307692307693,0.0192307692307693,           1561P   3845
0.981592188494221,0.989288912202876,1.,0.923879532511287,1.,        1561P   3846
6.887970042,8.57647181,8.837620237,7.354798492,8.201550694,         1561P   3847
8.824819572,7.778174593,7.778174593,8.8125,11.,4.556349186,         1561P   3848
8.71875,11.,0.,8.625,0.00826238151101233,0.0192307692307693,        1561P   3849
0.020570583,-0.008520614,0.999752094;                               1561P   3850
126,1,1,1,0,1,0,0.,0.,1.,1.,1.,1.,0.923076923,0.019230769,0.,       1563P   3851
0.923076923,0.057692308,0.,0.,1.,0.,0.,1.;                          1563P   3852
126,8,2,1,0,0,0,0.0192307692307693,0.0192307692307693,              1565P   3853
0.0192307692307693,0.0288461538461539,0.0288461538461539,           1565P   3854
0.0384615384615384,0.0384615384615384,0.0480769230769231,           1565P   3855
0.0480769230769231,0.0576923076923077,0.0576923076923077,           1565P   3856
0.0576923076923077,1.,0.923879532511286,1.,0.923879532511287,       1565P   3857
1.,0.923879532511287,1.,0.923879532511287,1.,11.,0.,8.625,11.,      1565P   3858
-4.556349186,8.53125,7.778174593,-7.778174593,8.4375,               1565P   3859
4.556349186,-11.,8.34375,0.,-11.,8.25,-4.556349186,-11.,            1565P   3860
8.15625,-7.778174593,-7.778174593,8.0625,-11.,-4.556349186,         1565P   3861
7.96875,-11.,0.,7.875,0.0192307692307693,0.0576923076923077,        1565P   3862
-0.008520614,-0.020570583,0.999752094;                              1565P   3863
126,1,1,1,0,1,0,0.,0.,1.,1.,1.,1.,0.923076923,0.057692308,0.,       1567P   3864
0.923076923,0.096153846,0.,0.,1.,0.,0.,1.;                          1567P   3865
126,8,2,1,0,0,0,0.0576923076923077,0.0576923076923077,              1569P   3866
0.0576923076923077,0.0673076923076923,0.0673076923076923,           1569P   3867
0.0769230769230769,0.0769230769230769,0.0865384615384616,           1569P   3868
0.0865384615384616,0.0961538461538461,0.0961538461538461,           1569P   3869
0.0961538461538461,1.,0.923879532511287,1.,0.923879532511287,       1569P   3870
1.,0.923879532511287,1.,0.923879532511287,1.,-11.,0.,7.875,         1569P   3871
-11.,4.556349186,7.78125,-7.778174593,7.778174593,7.6875,           1569P   3872
-4.556349186,11.,7.59375,0.,11.,7.5,4.556349186,11.,7.40625,        1569P   3873
7.778174593,7.778174593,7.3125,11.,4.556349186,7.21875,11.,0.,      1569P   3874
7.125,0.0576923076923077,0.0961538461538461,0.008520614,            1569P   3875
0.020570583,0.999752094;                                            1569P   3876
126,1,1,1,0,1,0,0.,0.,1.,1.,1.,1.,0.923076923,0.096153846,0.,       1571P   3877
0.923076923,0.134615385,0.,0.,1.,0.,0.,1.;                          1571P   3878
126,8,2,1,0,0,0,0.0961538461538461,0.0961538461538461,              1573P   3879
0.0961538461538461,0.105769230769231,0.105769230769231,             1573P   3880
0.115384615384615,0.115384615384615,0.125,0.125,                    1573P   3881
0.134615384615385,0.134615384615385,0.134615384615385,1.,           1573P   3882
0.923879532511287,1.,0.923879532511287,1.,0.923879532511287,1.,     1573P   3883
0.923879532511287,1.,11.,0.,7.125,11.,-4.556349186,7.03125,         1573P   3884
7.778174593,-7.778174593,6.9375,4.556349186,-11.,6.84375,0.,        1573P   3885
-11.,6.75,-4.556349186,-11.,6.65625,-7.778174593,-7.778174593,      1573P   3886
6.5625,-11.,-4.556349186,6.46875,-11.,0.,6.375,                     1573P   3887
0.0961538461538461,0.134615384615385,-0.008520614,-0.020570583,     1573P   3888
0.999752094;                                                        1573P   3889
126,1,1,1,0,1,0,0.,0.,1.,1.,1.,1.,0.923076923,0.134615385,0.,       1575P   3890
0.923076923,0.173076923,0.,0.,1.,0.,0.,1.;                          1575P   3891
126,8,2,1,0,0,0,0.134615384615385,0.134615384615385,                1577P   3892
0.134615384615385,0.144230769230769,0.144230769230769,              1577P   3893
0.153846153846154,0.153846153846154,0.163461538461538,              1577P   3894
0.163461538461538,0.173076923076923,0.173076923076923,              1577P   3895
0.173076923076923,1.,0.923879532511287,1.,0.923879532511287,1.,     1577P   3896
0.923879532511287,1.,0.923879532511288,0.999999999999999,-11.,      1577P   3897
0.,6.375,-11.,4.556349186,6.28125,-7.778174593,7.778174593,         1577P   3898
6.1875,-4.556349186,11.,6.09375,0.,11.,6.,4.556349186,11.,          1577P   3899
5.90625,7.778174593,7.778174593,5.8125,11.,4.556349186,5.71875,     1577P   3900
11.,0.,5.625,0.134615384615385,0.173076923076923,0.008520614,       1577P   3901
0.020570583,0.999752094;                                            1577P   3902
126,1,1,1,0,1,0,0.,0.,1.,1.,1.,1.,0.923076923,0.173076923,0.,       1579P   3903
0.923076923,0.211538462,0.,0.,1.,0.,0.,1.;                          1579P   3904
126,8,2,1,0,0,0,0.173076923076923,0.173076923076923,                1581P   3905
0.173076923076923,0.182692307692308,0.182692307692308,              1581P   3906
0.192307692307692,0.192307692307692,0.201923076923077,              1581P   3907
0.201923076923077,0.211538461538462,0.211538461538462,              1581P   3908
0.211538461538462,1.,0.923879532511286,1.,0.923879532511287,1.,     1581P   3909
0.923879532511287,1.,0.923879532511287,1.,11.,0.,5.625,11.,         1581P   3910
-4.556349186,5.53125,7.778174593,-7.778174593,5.4375,               1581P   3911
4.556349186,-11.,5.34375,0.,-11.,5.25,-4.556349186,-11.,            1581P   3912
5.15625,-7.778174593,-7.778174593,5.0625,-11.,-4.556349186,         1581P   3913
4.96875,-11.,0.,4.875,0.173076923076923,0.211538461538462,          1581P   3914
-0.008520614,-0.020570583,0.999752094;                              1581P   3915
126,1,1,1,0,1,0,0.,0.,1.,1.,1.,1.,0.923076923,0.211538462,0.,       1583P   3916
0.923076923,0.25,0.,0.,1.,0.,0.,1.;                                 1583P   3917
126,8,2,1,0,0,0,0.211538461538462,0.211538461538462,                1585P   3918
0.211538461538462,0.221153846153846,0.221153846153846,              1585P   3919
0.230769230769231,0.230769230769231,0.240384615384615,              1585P   3920
0.240384615384615,0.25,0.25,0.25,1.,0.923879532511287,1.,           1585P   3921
0.923879532511287,1.,0.923879532511287,1.,0.923879532511287,1.,     1585P   3922
-11.,0.,4.875,-11.,4.556349186,4.78125,-7.778174593,                1585P   3923
7.778174593,4.6875,-4.556349186,11.,4.59375,0.,11.,4.5,             1585P   3924
4.556349186,11.,4.40625,7.778174593,7.778174593,4.3125,11.,         1585P   3925
4.556349186,4.21875,11.,0.,4.125,0.211538461538462,0.25,            1585P   3926
0.008520614,0.020570583,0.999752094;                                1585P   3927
126,1,1,1,0,1,0,0.,0.,1.,1.,1.,1.,0.923076923,0.25,0.,              1587P   3928
0.923076923,0.288461538,0.,0.,1.,0.,0.,1.;                          1587P   3929
126,8,2,1,0,0,0,0.25,0.25,0.25,0.259615384615385,                   1589P   3930
0.259615384615385,0.269230769230769,0.269230769230769,              1589P   3931
0.278846153846154,0.278846153846154,0.288461538461538,              1589P   3932
0.288461538461538,0.288461538461538,1.,0.923879532511287,1.,        1589P   3933
0.923879532511287,1.,0.923879532511287,1.,0.923879532511286,1.,     1589P   3934
11.,0.,4.125,11.,-4.556349186,4.03125,7.778174593,-7.778174593,     1589P   3935
3.9375,4.556349186,-11.,3.84375,0.,-11.,3.75,-4.556349186,-11.,     1589P   3936
3.65625,-7.778174593,-7.778174593,3.5625,-11.,-4.556349186,         1589P   3937
3.46875,-11.,0.,3.375,0.25,0.288461538461538,-0.008520614,          1589P   3938
-0.020570583,0.999752094;                                           1589P   3939
126,1,1,1,0,1,0,0.,0.,1.,1.,1.,1.,0.923076923,0.288461538,0.,       1591P   3940
0.923076923,0.326923077,0.,0.,1.,0.,0.,1.;                          1591P   3941
126,8,2,1,0,0,0,0.288461538461538,0.288461538461538,                1593P   3942
0.288461538461538,0.298076923076923,0.298076923076923,              1593P   3943
0.307692307692308,0.307692307692308,0.317307692307692,              1593P   3944
0.317307692307692,0.326923076923077,0.326923076923077,              1593P   3945
0.326923076923077,1.,0.923879532511287,1.,0.923879532511287,1.,     1593P   3946
0.923879532511287,1.,0.923879532511286,1.,-11.,0.,3.375,-11.,       1593P   3947
4.556349186,3.28125,-7.778174593,7.778174593,3.1875,                1593P   3948
-4.556349186,11.,3.09375,0.,11.,3.,4.556349186,11.,2.90625,         1593P   3949
7.778174593,7.778174593,2.8125,11.,4.556349186,2.71875,11.,0.,      1593P   3950
2.625,0.288461538461538,0.326923076923077,0.008520614,              1593P   3951
0.020570583,0.999752094;                                            1593P   3952
126,1,1,1,0,1,0,0.,0.,1.,1.,1.,1.,0.923076923,0.326923077,0.,       1595P   3953
0.923076923,0.365384615,0.,0.,1.,0.,0.,1.;                          1595P   3954
126,8,2,1,0,0,0,0.326923076923077,0.326923076923077,                1597P   3955
0.326923076923077,0.336538461538462,0.336538461538462,              1597P   3956
0.346153846153846,0.346153846153846,0.355769230769231,              1597P   3957
0.355769230769231,0.365384615384615,0.365384615384615,              1597P   3958
0.365384615384615,1.,0.923879532511287,1.,0.923879532511287,1.,     1597P   3959
0.923879532511287,1.,0.923879532511287,1.,11.,0.,2.625,11.,         1597P   3960
-4.556349186,2.53125,7.778174593,-7.778174593,2.4375,               1597P   3961
4.556349186,-11.,2.34375,0.,-11.,2.25,-4.556349186,-11.,            1597P   3962
2.15625,-7.778174593,-7.778174593,2.0625,-11.,-4.556349186,         1597P   3963
1.96875,-11.,0.,1.875,0.326923076923077,0.365384615384615,          1597P   3964
-0.008520614,-0.020570583,0.999752094;                              1597P   3965
126,1,1,1,0,1,0,0.,0.,1.,1.,1.,1.,0.923076923,0.365384615,0.,       1599P   3966
0.923076923,0.403846154,0.,0.,1.,0.,0.,1.;                          1599P   3967
126,8,2,1,0,0,0,0.365384615384615,0.365384615384615,                1601P   3968
0.365384615384615,0.375,0.375,0.384615384615385,                    1601P   3969
0.384615384615385,0.394230769230769,0.394230769230769,              1601P   3970
0.403846153846154,0.403846153846154,0.403846153846154,1.,           1601P   3971
0.923879532511286,1.,0.923879532511287,1.,0.923879532511287,1.,     1601P   3972
0.923879532511287,1.,-11.,0.,1.875,-11.,4.556349186,1.78125,        1601P   3973
-7.778174593,7.778174593,1.6875,-4.556349186,11.,1.59375,0.,        1601P   3974
11.,1.5,4.556349186,11.,1.40625,7.778174593,7.778174593,1.3125,     1601P   3975
11.,4.556349186,1.21875,11.,0.,1.125,0.365384615384615,             1601P   3976
0.403846153846154,0.008520614,0.020570583,0.999752094;              1601P   3977
126,1,1,1,0,1,0,0.,0.,1.,1.,1.,1.,0.923076923,0.403846154,0.,       1603P   3978
0.923076923,0.442307692,0.,0.,1.,0.,0.,1.;                          1603P   3979
126,8,2,1,0,0,0,0.403846153846154,0.403846153846154,                1605P   3980
0.403846153846154,0.413461538461538,0.413461538461538,              1605P   3981
0.423076923076923,0.423076923076923,0.432692307692308,              1605P   3982
0.432692307692308,0.442307692307692,0.442307692307692,              1605P   3983
0.442307692307692,1.,0.923879532511287,1.,0.923879532511287,1.,     1605P   3984
0.923879532511287,1.,0.923879532511286,1.,11.,0.,1.125,11.,         1605P   3985
-4.556349186,1.03125,7.778174593,-7.778174593,0.9375,               1605P   3986
4.556349186,-11.,0.84375,0.,-11.,0.75,-4.556349186,-11.,            1605P   3987
0.65625,-7.778174593,-7.778174593,0.5625,-11.,-4.556349186,         1605P   3988
0.46875,-11.,0.,0.375,0.403846153846154,0.442307692307692,          1605P   3989
-0.008520614,-0.020570583,0.999752094;                              1605P   3990
126,1,1,1,0,1,0,0.,0.,1.,1.,1.,1.,0.923076923,0.442307692,0.,       1607P   3991
0.923076923,0.480769231,0.,0.,1.,0.,0.,1.;                          1607P   3992
126,8,2,1,0,0,0,0.442307692307692,0.442307692307692,                1609P   3993
0.442307692307692,0.451923076923077,0.451923076923077,              1609P   3994
0.461538461538462,0.461538461538462,0.471153846153846,              1609P   3995
0.471153846153846,0.480769230769231,0.480769230769231,              1609P   3996
0.480769230769231,1.,0.923879532511287,1.,0.923879532511287,1.,     1609P   3997
0.923879532511287,1.,0.923879532511287,1.,-11.,0.,0.375,-11.,       1609P   3998
4.556349186,0.28125,-7.778174593,7.778174593,0.1875,                1609P   3999
-4.556349186,11.,0.09375,0.,11.,0.,4.556349186,11.,-0.09375,        1609P   4000
7.778174593,7.778174593,-0.1875,11.,4.556349186,-0.28125,11.,       1609P   4001
0.,-0.375,0.442307692307692,0.480769230769231,0.008520614,          1609P   4002
0.020570583,0.999752094;                                            1609P   4003
126,1,1,1,0,1,0,0.,0.,1.,1.,1.,1.,0.923076923,0.480769231,0.,       1611P   4004
0.923076923,0.519230769,0.,0.,1.,0.,0.,1.;                          1611P   4005
126,8,2,1,0,0,0,0.480769230769231,0.480769230769231,                1613P   4006
0.480769230769231,0.490384615384615,0.490384615384615,0.5,0.5,      1613P   4007
0.509615384615385,0.509615384615385,0.519230769230769,              1613P   4008
0.519230769230769,0.519230769230769,1.,0.923879532511286,1.,        1613P   4009
0.923879532511287,1.,0.923879532511287,1.,0.923879532511287,1.,     1613P   4010
11.,0.,-0.375,11.,-4.556349186,-0.46875,7.778174593,                1613P   4011
-7.778174593,-0.5625,4.556349186,-11.,-0.65625,0.,-11.,-0.75,       1613P   4012
-4.556349186,-11.,-0.84375,-7.778174593,-7.778174593,-0.9375,       1613P   4013
-11.,-4.556349186,-1.03125,-11.,0.,-1.125,0.480769230769231,        1613P   4014
0.519230769230769,-0.008520614,-0.020570583,0.999752094;            1613P   4015
126,1,1,1,0,1,0,0.,0.,1.,1.,1.,1.,0.923076923,0.519230769,0.,       1615P   4016
0.923076923,0.557692308,0.,0.,1.,0.,0.,1.;                          1615P   4017
126,8,2,1,0,0,0,0.519230769230769,0.519230769230769,                1617P   4018
0.519230769230769,0.528846153846154,0.528846153846154,              1617P   4019
0.538461538461538,0.538461538461538,0.548076923076923,              1617P   4020
0.548076923076923,0.557692307692308,0.557692307692308,              1617P   4021
0.557692307692308,1.,0.923879532511287,1.,0.923879532511287,1.,     1617P   4022
0.923879532511287,1.,0.923879532511286,1.,-11.,0.,-1.125,-11.,      1617P   4023
4.556349186,-1.21875,-7.778174593,7.778174593,-1.3125,              1617P   4024
-4.556349186,11.,-1.40625,0.,11.,-1.5,4.556349186,11.,-1.59375,     1617P   4025
7.778174593,7.778174593,-1.6875,11.,4.556349186,-1.78125,11.,       1617P   4026
0.,-1.875,0.519230769230769,0.557692307692308,0.008520614,          1617P   4027
0.020570583,0.999752094;                                            1617P   4028
126,1,1,1,0,1,0,0.,0.,1.,1.,1.,1.,0.923076923,0.557692308,0.,       1619P   4029
0.923076923,0.596153846,0.,0.,1.,0.,0.,1.;                          1619P   4030
126,8,2,1,0,0,0,0.557692307692308,0.557692307692308,                1621P   4031
0.557692307692308,0.567307692307692,0.567307692307692,              1621P   4032
0.576923076923077,0.576923076923077,0.586538461538462,              1621P   4033
0.586538461538462,0.596153846153846,0.596153846153846,              1621P   4034
0.596153846153846,0.999999999999999,0.923879532511288,1.,           1621P   4035
0.923879532511287,1.,0.923879532511287,1.,0.923879532511287,1.,     1621P   4036
11.,0.,-1.875,11.,-4.556349186,-1.96875,7.778174593,                1621P   4037
-7.778174593,-2.0625,4.556349186,-11.,-2.15625,0.,-11.,-2.25,       1621P   4038
-4.556349186,-11.,-2.34375,-7.778174593,-7.778174593,-2.4375,       1621P   4039
-11.,-4.556349186,-2.53125,-11.,0.,-2.625,0.557692307692308,        1621P   4040
0.596153846153846,-0.008520614,-0.020570583,0.999752094;            1621P   4041
126,1,1,1,0,1,0,0.,0.,1.,1.,1.,1.,0.923076923,0.596153846,0.,       1623P   4042
0.923076923,0.634615385,0.,0.,1.,0.,0.,1.;                          1623P   4043
126,8,2,1,0,0,0,0.596153846153846,0.596153846153846,                1625P   4044
0.596153846153846,0.605769230769231,0.605769230769231,              1625P   4045
0.615384615384615,0.615384615384615,0.625,0.625,                    1625P   4046
0.634615384615385,0.634615384615385,0.634615384615385,1.,           1625P   4047
0.923879532511287,1.,0.923879532511287,1.,0.923879532511287,1.,     1625P   4048
0.923879532511286,1.,-11.,0.,-2.625,-11.,4.556349186,-2.71875,      1625P   4049
-7.778174593,7.778174593,-2.8125,-4.556349186,11.,-2.90625,0.,      1625P   4050
11.,-3.,4.556349186,11.,-3.09375,7.778174593,7.778174593,           1625P   4051
-3.1875,11.,4.556349186,-3.28125,11.,0.,-3.375,                     1625P   4052
0.596153846153846,0.634615384615385,0.008520614,0.020570583,        1625P   4053
0.999752094;                                                        1625P   4054
126,1,1,1,0,1,0,0.,0.,1.,1.,1.,1.,0.923076923,0.634615385,0.,       1627P   4055
0.923076923,0.673076923,0.,0.,1.,0.,0.,1.;                          1627P   4056
126,8,2,1,0,0,0,0.634615384615385,0.634615384615385,                1629P   4057
0.634615384615385,0.644230769230769,0.644230769230769,              1629P   4058
0.653846153846154,0.653846153846154,0.663461538461538,              1629P   4059
0.663461538461538,0.673076923076923,0.673076923076923,              1629P   4060
0.673076923076923,0.999999999999999,0.923879532511288,1.,           1629P   4061
0.923879532511287,1.,0.923879532511287,1.,0.923879532511287,1.,     1629P   4062
11.,0.,-3.375,11.,-4.556349186,-3.46875,7.778174593,                1629P   4063
-7.778174593,-3.5625,4.556349186,-11.,-3.65625,0.,-11.,-3.75,       1629P   4064
-4.556349186,-11.,-3.84375,-7.778174593,-7.778174593,-3.9375,       1629P   4065
-11.,-4.556349186,-4.03125,-11.,0.,-4.125,0.634615384615385,        1629P   4066
0.673076923076923,-0.008520614,-0.020570583,0.999752094;            1629P   4067
126,1,1,1,0,1,0,0.,0.,1.,1.,1.,1.,0.923076923,0.673076923,0.,       1631P   4068
0.923076923,0.711538462,0.,0.,1.,0.,0.,1.;                          1631P   4069
126,8,2,1,0,0,0,0.673076923076923,0.673076923076923,                1633P   4070
0.673076923076923,0.682692307692308,0.682692307692308,              1633P   4071
0.692307692307692,0.692307692307692,0.701923076923077,              1633P   4072
0.701923076923077,0.711538461538462,0.711538461538462,              1633P   4073
0.711538461538462,1.,0.923879532511287,1.,0.923879532511287,1.,     1633P   4074
0.923879532511287,1.,0.923879532511288,0.999999999999999,-11.,      1633P   4075
0.,-4.125,-11.,4.556349186,-4.21875,-7.778174593,7.778174593,       1633P   4076
-4.3125,-4.556349186,11.,-4.40625,0.,11.,-4.5,4.556349186,11.,      1633P   4077
-4.59375,7.778174593,7.778174593,-4.6875,11.,4.556349186,           1633P   4078
-4.78125,11.,0.,-4.875,0.673076923076923,0.711538461538462,         1633P   4079
0.008520614,0.020570583,0.999752094;                                1633P   4080
126,1,1,1,0,1,0,0.,0.,1.,1.,1.,1.,0.923076923,0.711538462,0.,       1635P   4081
0.923076923,0.75,0.,0.,1.,0.,0.,1.;                                 1635P   4082
126,8,2,1,0,0,0,0.711538461538462,0.711538461538462,                1637P   4083
0.711538461538462,0.721153846153846,0.721153846153846,              1637P   4084
0.730769230769231,0.730769230769231,0.740384615384615,              1637P   4085
0.740384615384615,0.75,0.75,0.75,1.,0.923879532511286,1.,           1637P   4086
0.923879532511287,1.,0.923879532511287,1.,0.923879532511287,1.,     1637P   4087
11.,0.,-4.875,11.,-4.556349186,-4.96875,7.778174593,                1637P   4088
-7.778174593,-5.0625,4.556349186,-11.,-5.15625,0.,-11.,-5.25,       1637P   4089
-4.556349186,-11.,-5.34375,-7.778174593,-7.778174593,-5.4375,       1637P   4090
-11.,-4.556349186,-5.53125,-11.,0.,-5.625,0.711538461538462,        1637P   4091
0.75,-0.008520614,-0.020570583,0.999752094;                         1637P   4092
126,1,1,1,0,1,0,0.,0.,1.,1.,1.,1.,0.923076923,0.75,0.,              1639P   4093
0.923076923,0.788461538,0.,0.,1.,0.,0.,1.;                          1639P   4094
126,8,2,1,0,0,0,0.75,0.75,0.75,0.759615384615385,                   1641P   4095
0.759615384615385,0.769230769230769,0.769230769230769,              1641P   4096
0.778846153846154,0.778846153846154,0.788461538461538,              1641P   4097
0.788461538461538,0.788461538461538,1.,0.923879532511287,1.,        1641P   4098
0.923879532511287,1.,0.923879532511287,1.,0.923879532511286,1.,     1641P   4099
-11.,0.,-5.625,-11.,4.556349186,-5.71875,-7.778174593,              1641P   4100
7.778174593,-5.8125,-4.556349186,11.,-5.90625,0.,11.,-6.,           1641P   4101
4.556349186,11.,-6.09375,7.778174593,7.778174593,-6.1875,11.,       1641P   4102
4.556349186,-6.28125,11.,0.,-6.375,0.75,0.788461538461538,          1641P   4103
0.008520614,0.020570583,0.999752094;                                1641P   4104
126,1,1,1,0,1,0,0.,0.,1.,1.,1.,1.,0.923076923,0.788461538,0.,       1643P   4105
0.923076923,0.826923077,0.,0.,1.,0.,0.,1.;                          1643P   4106
126,8,2,1,0,0,0,0.788461538461538,0.788461538461538,                1645P   4107
0.788461538461538,0.798076923076923,0.798076923076923,              1645P   4108
0.807692307692308,0.807692307692308,0.817307692307692,              1645P   4109
0.817307692307692,0.826923076923077,0.826923076923077,              1645P   4110
0.826923076923077,0.999999999999999,0.923879532511288,1.,           1645P   4111
0.923879532511287,1.,0.923879532511287,1.,0.923879532511286,1.,     1645P   4112
11.,0.,-6.375,11.,-4.556349186,-6.46875,7.778174593,                1645P   4113
-7.778174593,-6.5625,4.556349186,-11.,-6.65625,0.,-11.,-6.75,       1645P   4114
-4.556349186,-11.,-6.84375,-7.778174593,-7.778174593,-6.9375,       1645P   4115
-11.,-4.556349186,-7.03125,-11.,0.,-7.125,0.788461538461538,        1645P   4116
0.826923076923077,-0.008520614,-0.020570583,0.999752094;            1645P   4117
126,1,1,1,0,1,0,0.,0.,1.,1.,1.,1.,0.923076923,0.826923077,0.,       1647P   4118
0.923076923,0.865384615,0.,0.,1.,0.,0.,1.;                          1647P   4119
126,8,2,1,0,0,0,0.826923076923077,0.826923076923077,                1649P   4120
0.826923076923077,0.836538461538462,0.836538461538462,              1649P   4121
0.846153846153846,0.846153846153846,0.855769230769231,              1649P   4122
0.855769230769231,0.865384615384615,0.865384615384615,              1649P   4123
0.865384615384615,0.999999999999999,0.923879532511288,1.,           1649P   4124
0.923879532511287,1.,0.923879532511287,1.,0.923879532511287,1.,     1649P   4125
-11.,0.,-7.125,-11.,4.556349186,-7.21875,-7.778174593,              1649P   4126
7.778174593,-7.3125,-4.556349186,11.,-7.40625,0.,11.,-7.5,          1649P   4127
4.556349186,11.,-7.59375,7.778174593,7.778174593,-7.6875,11.,       1649P   4128
4.556349186,-7.78125,11.,0.,-7.875,0.826923076923077,               1649P   4129
0.865384615384615,0.008520614,0.020570583,0.999752094;              1649P   4130
126,1,1,1,0,1,0,0.,0.,1.,1.,1.,1.,0.923076923,0.865384615,0.,       1651P   4131
0.923076923,0.903846154,0.,0.,1.,0.,0.,1.;                          1651P   4132
126,8,2,1,0,0,0,0.865384615384615,0.865384615384615,                1653P   4133
0.865384615384615,0.875,0.875,0.884615384615385,                    1653P   4134
0.884615384615385,0.894230769230769,0.894230769230769,              1653P   4135
0.903846153846154,0.903846153846154,0.903846153846154,1.,           1653P   4136
0.923879532511287,1.,0.923879532511287,1.,0.923879532511287,1.,     1653P   4137
0.923879532511285,1.,11.,0.,-7.875,11.,-4.556349186,-7.96875,       1653P   4138
7.778174593,-7.778174593,-8.0625,4.556349186,-11.,-8.15625,0.,      1653P   4139
-11.,-8.25,-4.556349186,-11.,-8.34375,-7.778174593,                 1653P   4140
-7.778174593,-8.4375,-11.,-4.556349186,-8.53125,-11.,0.,-8.625,     1653P   4141
0.865384615384615,0.903846153846154,-0.008520614,-0.020570583,      1653P   4142
0.999752094;                                                        1653P   4143
126,1,1,1,0,1,0,0.,0.,1.,1.,1.,1.,0.923076923,0.903846154,0.,       1655P   4144
0.923076923,0.914814542,0.,0.,1.,0.,0.,1.;                          1655P   4145
126,4,2,1,0,0,0,0.903846153846154,0.903846153846154,                1657P   4146
0.903846153846154,0.913461538461538,0.913461538461538,              1657P   4147
0.914814541565911,0.914814541565911,0.914814541565911,              1657P   4148
0.999999999999998,0.923879532511289,1.,0.989288912202874,           1657P   4149
0.981592188494217,-11.,0.,-8.625,-11.,4.556349186,-8.71875,         1657P   4150
-7.778174593,7.778174593,-8.8125,-7.354798492,8.201550694,          1657P   4151
-8.824819572,-6.887970042,8.57647181,-8.837620237,                  1657P   4152
0.903846153846154,0.914814541565911,0.008520614,0.020570583,        1657P   4153
0.999752094;                                                        1657P   4154
126,12,2,1,0,1,0,0.,0.,0.,0.125,0.125,0.25,0.25,0.5,0.5,0.625,      1659P   4155
0.625,0.75,0.75,1.,1.,1.,1.,1.,1.,1.,1.,1.,1.,1.,1.,1.,1.,1.,       1659P   4156
1.,0.923076923,0.914814542,0.,0.893125331,0.91411391,0.,            1659P   4157
0.866336187,0.913450915,0.,0.839812758,0.912794497,0.,              1659P   4158
0.809049943,0.912075717,0.,0.763283781,0.91100638,0.,               1659P   4159
0.689485314,0.909378,0.,0.658615257,0.908696845,0.,0.627745142,     1659P   4160
0.908018263,0.,0.596914041,0.907340539,0.,0.566477808,              1659P   4161
0.906656921,0.,0.496371182,0.905082279,0.,0.446449814,              1659P   4162
0.903846154,0.,0.,1.,0.,0.,-1.;                                     1659P   4163
126,5,3,1,0,1,0,0.,0.,0.,0.,0.5,0.5,1.,1.,1.,1.,1.,1.,1.,1.,1.,     1661P   4164
1.,-6.887970042,8.57647181,-8.837620237,-8.084575714,               1661P   4165
7.511662517,-8.756699977,-9.045663053,6.185688836,-8.677543013,     1661P   4166
-10.295748201,3.219452357,-8.504600309,-10.578484895,               1661P   4167
1.59852312,-8.416105132,-10.496935118,0.,-8.334555355,0.,1.,        1661P   4168
-0.040798501,-0.030049132,-0.998715441;                             1661P   4169
102,31,1539,1543,1547,1551,1555,1559,1563,1567,1571,1575,1579,      1663P   4170
1583,1587,1591,1595,1599,1603,1607,1611,1615,1619,1623,1627,        1663P   4171
1631,1635,1639,1643,1647,1651,1655,1659;                            1663P   4172
102,31,1541,1545,1549,1553,1557,1561,1565,1569,1573,1577,1581,      1665P   4173
1585,1589,1593,1597,1601,1605,1609,1613,1617,1621,1625,1629,        1665P   4174
1633,1637,1641,1645,1649,1653,1657,1661;                            1665P   4175
142,1,1537,1663,1665,1;                                             1667P   4176
144,1537,1,0,1667;                                                  1669P   4177
128,1,192,1,2,0,0,0,0,0,0.0769230769230803,0.0769230769230803,      1671P   4178
1.,1.,0.070130760858375,0.070130760858375,0.070130760858375,        1671P   4179
0.0769230769230769,0.0769230769230769,0.0865384615384615,           1671P   4180
0.0865384615384615,0.0961538461538462,0.0961538461538462,           1671P   4181
0.105769230769231,0.105769230769231,0.115384615384615,              1671P   4182
0.115384615384615,0.125,0.125,0.134615384615385,                    1671P   4183
0.134615384615385,0.144230769230769,0.144230769230769,              1671P   4184
0.153846153846154,0.153846153846154,0.163461538461538,              1671P   4185
0.163461538461538,0.173076923076923,0.173076923076923,              1671P   4186
0.182692307692308,0.182692307692308,0.192307692307692,              1671P   4187
0.192307692307692,0.201923076923077,0.201923076923077,              1671P   4188
0.211538461538462,0.211538461538462,0.221153846153846,              1671P   4189
0.221153846153846,0.230769230769231,0.230769230769231,              1671P   4190
0.240384615384615,0.240384615384615,0.25,0.25,                      1671P   4191
0.259615384615385,0.259615384615385,0.269230769230769,              1671P   4192
0.269230769230769,0.278846153846154,0.278846153846154,              1671P   4193
0.288461538461538,0.288461538461538,0.298076923076923,              1671P   4194
0.298076923076923,0.307692307692308,0.307692307692308,              1671P   4195
0.317307692307692,0.317307692307692,0.326923076923077,              1671P   4196
0.326923076923077,0.336538461538462,0.336538461538462,              1671P   4197
0.346153846153846,0.346153846153846,0.355769230769231,              1671P   4198
0.355769230769231,0.365384615384615,0.365384615384615,0.375,        1671P   4199
0.375,0.384615384615385,0.384615384615385,0.394230769230769,        1671P   4200
0.394230769230769,0.403846153846154,0.403846153846154,              1671P   4201
0.413461538461538,0.413461538461538,0.423076923076923,              1671P   4202
0.423076923076923,0.432692307692308,0.432692307692308,              1671P   4203
0.442307692307692,0.442307692307692,0.451923076923077,              1671P   4204
0.451923076923077,0.461538461538462,0.461538461538462,              1671P   4205
0.471153846153846,0.471153846153846,0.480769230769231,              1671P   4206
0.480769230769231,0.490384615384615,0.490384615384615,0.5,0.5,      1671P   4207
0.509615384615385,0.509615384615385,0.519230769230769,              1671P   4208
0.519230769230769,0.528846153846154,0.528846153846154,              1671P   4209
0.538461538461538,0.538461538461538,0.548076923076923,              1671P   4210
0.548076923076923,0.557692307692308,0.557692307692308,              1671P   4211
0.567307692307692,0.567307692307692,0.576923076923077,              1671P   4212
0.576923076923077,0.586538461538462,0.586538461538462,              1671P   4213
0.596153846153846,0.596153846153846,0.605769230769231,              1671P   4214
0.605769230769231,0.615384615384615,0.615384615384615,0.625,        1671P   4215
0.625,0.634615384615385,0.634615384615385,0.644230769230769,        1671P   4216
0.644230769230769,0.653846153846154,0.653846153846154,              1671P   4217
0.663461538461538,0.663461538461538,0.673076923076923,              1671P   4218
0.673076923076923,0.682692307692308,0.682692307692308,              1671P   4219
0.692307692307692,0.692307692307692,0.701923076923077,              1671P   4220
0.701923076923077,0.711538461538462,0.711538461538462,              1671P   4221
0.721153846153846,0.721153846153846,0.730769230769231,              1671P   4222
0.730769230769231,0.740384615384615,0.740384615384615,0.75,         1671P   4223
0.75,0.759615384615385,0.759615384615385,0.769230769230769,         1671P   4224
0.769230769230769,0.778846153846154,0.778846153846154,              1671P   4225
0.788461538461538,0.788461538461538,0.798076923076923,              1671P   4226
0.798076923076923,0.807692307692308,0.807692307692308,              1671P   4227
0.817307692307692,0.817307692307692,0.826923076923077,              1671P   4228
0.826923076923077,0.836538461538462,0.836538461538462,              1671P   4229
0.846153846153846,0.846153846153846,0.855769230769231,              1671P   4230
0.855769230769231,0.865384615384615,0.865384615384615,0.875,        1671P   4231
0.875,0.884615384615385,0.884615384615385,0.894230769230769,        1671P   4232
0.894230769230769,0.903846153846154,0.903846153846154,              1671P   4233
0.913461538461538,0.913461538461538,0.923076923076923,              1671P   4234
0.923076923076923,0.932692307692308,0.932692307692308,              1671P   4235
0.942307692307692,0.942307692307692,0.951923076923077,              1671P   4236
0.951923076923077,0.961538461538462,0.961538461538462,              1671P   4237
0.971153846153846,0.971153846153846,0.980769230769231,              1671P   4238
0.980769230769231,0.987561546833932,0.987561546833932,              1671P   4239
0.987561546833932,0.96842543095811,0.96842543095811,                1671P   4240
0.946228435485674,0.946228435485674,1.,1.,0.923879532511287,        1671P   4241
0.923879532511287,1.,1.,0.923879532511287,0.923879532511287,1.,     1671P   4242
1.,0.923879532511287,0.923879532511287,1.,1.,0.923879532511287,     1671P   4243
0.923879532511287,1.,1.,0.923879532511287,0.923879532511287,1.,     1671P   4244
1.,0.923879532511287,0.923879532511287,1.,1.,0.923879532511287,     1671P   4245
0.923879532511287,1.,1.,0.923879532511287,0.923879532511287,1.,     1671P   4246
1.,0.923879532511287,0.923879532511287,1.,1.,0.923879532511287,     1671P   4247
0.923879532511287,1.,1.,0.923879532511287,0.923879532511287,1.,     1671P   4248
1.,0.923879532511287,0.923879532511287,1.,1.,0.923879532511287,     1671P   4249
0.923879532511287,1.,1.,0.923879532511287,0.923879532511287,1.,     1671P   4250
1.,0.923879532511287,0.923879532511287,1.,1.,0.923879532511287,     1671P   4251
0.923879532511287,1.,1.,0.923879532511287,0.923879532511287,1.,     1671P   4252
1.,0.923879532511287,0.923879532511287,1.,1.,0.923879532511287,     1671P   4253
0.923879532511287,1.,1.,0.923879532511287,0.923879532511287,1.,     1671P   4254
1.,0.923879532511287,0.923879532511287,1.,1.,0.923879532511287,     1671P   4255
0.923879532511287,1.,1.,0.923879532511287,0.923879532511287,1.,     1671P   4256
1.,0.923879532511287,0.923879532511287,1.,1.,0.923879532511287,     1671P   4257
0.923879532511287,1.,1.,0.923879532511287,0.923879532511287,1.,     1671P   4258
1.,0.923879532511287,0.923879532511287,1.,1.,0.923879532511287,     1671P   4259
0.923879532511287,1.,1.,0.923879532511287,0.923879532511287,1.,     1671P   4260
1.,0.923879532511287,0.923879532511287,1.,1.,0.923879532511287,     1671P   4261
0.923879532511287,1.,1.,0.923879532511287,0.923879532511287,1.,     1671P   4262
1.,0.923879532511287,0.923879532511287,1.,1.,0.923879532511287,     1671P   4263
0.923879532511287,1.,1.,0.923879532511287,0.923879532511287,1.,     1671P   4264
1.,0.923879532511287,0.923879532511287,1.,1.,0.923879532511287,     1671P   4265
0.923879532511287,1.,1.,0.923879532511287,0.923879532511287,1.,     1671P   4266
1.,0.923879532511287,0.923879532511287,1.,1.,0.923879532511287,     1671P   4267
0.923879532511287,1.,1.,0.923879532511287,0.923879532511287,1.,     1671P   4268
1.,0.923879532511287,0.923879532511287,1.,1.,0.923879532511287,     1671P   4269
0.923879532511287,1.,1.,0.923879532511287,0.923879532511287,1.,     1671P   4270
1.,0.923879532511287,0.923879532511287,1.,1.,0.923879532511287,     1671P   4271
0.923879532511287,1.,1.,0.923879532511287,0.923879532511287,1.,     1671P   4272
1.,0.923879532511287,0.923879532511287,1.,1.,0.923879532511287,     1671P   4273
0.923879532511287,1.,1.,0.923879532511287,0.923879532511287,1.,     1671P   4274
1.,0.923879532511287,0.923879532511287,1.,1.,0.923879532511287,     1671P   4275
0.923879532511287,1.,1.,0.923879532511287,0.923879532511287,1.,     1671P   4276
1.,0.923879532511287,0.923879532511287,1.,1.,0.923879532511287,     1671P   4277
0.923879532511287,1.,1.,0.923879532511287,0.923879532511287,1.,     1671P   4278
1.,0.923879532511287,0.923879532511287,1.,1.,0.923879532511287,     1671P   4279
0.923879532511287,1.,1.,0.923879532511287,0.923879532511287,1.,     1671P   4280
1.,0.923879532511287,0.923879532511287,1.,1.,0.923879532511287,     1671P   4281
0.923879532511287,1.,1.,0.923879532511287,0.923879532511287,1.,     1671P   4282
1.,0.923879532511287,0.923879532511287,1.,1.,0.923879532511287,     1671P   4283
0.923879532511287,1.,1.,0.923879532511287,0.923879532511287,1.,     1671P   4284
1.,0.923879532511287,0.923879532511287,1.,1.,0.923879532511287,     1671P   4285
0.923879532511287,1.,1.,0.923879532511287,0.923879532511287,1.,     1671P   4286
1.,0.923879532511287,0.923879532511287,1.,1.,0.923879532511287,     1671P   4287
0.923879532511287,1.,1.,0.923879532511287,0.923879532511287,1.,     1671P   4288
1.,0.923879532511287,0.923879532511287,1.,1.,0.923879532511287,     1671P   4289
0.923879532511287,1.,1.,0.923879532511287,0.923879532511287,1.,     1671P   4290
1.,0.923879532511287,0.923879532511287,1.,1.,0.923879532511287,     1671P   4291
0.923879532511287,1.,1.,0.923879532511287,0.923879532511287,1.,     1671P   4292
1.,0.923879532511287,0.923879532511287,1.,1.,0.923879532511287,     1671P   4293
0.923879532511287,1.,1.,0.923879532511287,0.923879532511287,1.,     1671P   4294
1.,0.923879532511287,0.923879532511287,1.,1.,0.923879532511287,     1671P   4295
0.923879532511287,1.,1.,0.923879532511287,0.923879532511287,1.,     1671P   4296
1.,0.923879532511287,0.923879532511287,1.,1.,0.923879532511287,     1671P   4297
0.923879532511287,1.,1.,0.923879532511287,0.923879532511287,1.,     1671P   4298
1.,0.923879532511287,0.923879532511287,1.,1.,0.923879532511287,     1671P   4299
0.923879532511287,1.,1.,0.923879532511287,0.923879532511287,1.,     1671P   4300
1.,0.923879532511287,0.923879532511287,1.,1.,0.923879532511287,     1671P   4301
0.923879532511287,1.,1.,0.923879532511287,0.923879532511287,1.,     1671P   4302
1.,0.923879532511287,0.923879532511287,1.,1.,0.923879532511287,     1671P   4303
0.923879532511287,1.,1.,0.946228435485681,0.946228435485681,        1671P   4304
0.968425430958104,0.968425430958104,-5.810899667,9.339884638,       1671P   4305
8.946211944,-5.296223751,8.512643772,8.383711944,-3.142588932,      1671P   4306
11.,8.877160916,-2.864247379,10.025721421,8.314660916,0.,11.,       1671P   4307
8.8125,0.,10.025721421,8.25,4.556349186,11.,8.71875,                1671P   4308
4.152789785,10.025721421,8.15625,7.778174593,7.778174593,8.625,     1671P   4309
7.089255603,7.089255603,8.0625,11.,4.556349186,8.53125,             1671P   4310
10.025721421,4.152789785,7.96875,11.,0.,8.4375,10.025721421,0.,     1671P   4311
7.875,11.,-4.556349186,8.34375,10.025721421,-4.152789785,           1671P   4312
7.78125,7.778174593,-7.778174593,8.25,7.089255603,-7.089255603,     1671P   4313
7.6875,4.556349186,-11.,8.15625,4.152789785,-10.025721421,          1671P   4314
7.59375,0.,-11.,8.0625,0.,-10.025721421,7.5,-4.556349186,-11.,      1671P   4315
7.96875,-4.152789785,-10.025721421,7.40625,-7.778174593,            1671P   4316
-7.778174593,7.875,-7.089255603,-7.089255603,7.3125,-11.,           1671P   4317
-4.556349186,7.78125,-10.025721421,-4.152789785,7.21875,-11.,       1671P   4318
0.,7.6875,-10.025721421,0.,7.125,-11.,4.556349186,7.59375,          1671P   4319
-10.025721421,4.152789785,7.03125,-7.778174593,7.778174593,7.5,     1671P   4320
-7.089255603,7.089255603,6.9375,-4.556349186,11.,7.40625,           1671P   4321
-4.152789785,10.025721421,6.84375,0.,11.,7.3125,0.,                 1671P   4322
10.025721421,6.75,4.556349186,11.,7.21875,4.152789785,              1671P   4323
10.025721421,6.65625,7.778174593,7.778174593,7.125,7.089255603,     1671P   4324
7.089255603,6.5625,11.,4.556349186,7.03125,10.025721421,            1671P   4325
4.152789785,6.46875,11.,0.,6.9375,10.025721421,0.,6.375,11.,        1671P   4326
-4.556349186,6.84375,10.025721421,-4.152789785,6.28125,             1671P   4327
7.778174593,-7.778174593,6.75,7.089255603,-7.089255603,6.1875,      1671P   4328
4.556349186,-11.,6.65625,4.152789785,-10.025721421,6.09375,0.,      1671P   4329
-11.,6.5625,0.,-10.025721421,6.,-4.556349186,-11.,6.46875,          1671P   4330
-4.152789785,-10.025721421,5.90625,-7.778174593,-7.778174593,       1671P   4331
6.375,-7.089255603,-7.089255603,5.8125,-11.,-4.556349186,           1671P   4332
6.28125,-10.025721421,-4.152789785,5.71875,-11.,0.,6.1875,          1671P   4333
-10.025721421,0.,5.625,-11.,4.556349186,6.09375,-10.025721421,      1671P   4334
4.152789785,5.53125,-7.778174593,7.778174593,6.,-7.089255603,       1671P   4335
7.089255603,5.4375,-4.556349186,11.,5.90625,-4.152789785,           1671P   4336
10.025721421,5.34375,0.,11.,5.8125,0.,10.025721421,5.25,            1671P   4337
4.556349186,11.,5.71875,4.152789785,10.025721421,5.15625,           1671P   4338
7.778174593,7.778174593,5.625,7.089255603,7.089255603,5.0625,       1671P   4339
11.,4.556349186,5.53125,10.025721421,4.152789785,4.96875,11.,       1671P   4340
0.,5.4375,10.025721421,0.,4.875,11.,-4.556349186,5.34375,           1671P   4341
10.025721421,-4.152789785,4.78125,7.778174593,-7.778174593,         1671P   4342
5.25,7.089255603,-7.089255603,4.6875,4.556349186,-11.,5.15625,      1671P   4343
4.152789785,-10.025721421,4.59375,0.,-11.,5.0625,0.,                1671P   4344
-10.025721421,4.5,-4.556349186,-11.,4.96875,-4.152789785,           1671P   4345
-10.025721421,4.40625,-7.778174593,-7.778174593,4.875,              1671P   4346
-7.089255603,-7.089255603,4.3125,-11.,-4.556349186,4.78125,         1671P   4347
-10.025721421,-4.152789785,4.21875,-11.,0.,4.6875,                  1671P   4348
-10.025721421,0.,4.125,-11.,4.556349186,4.59375,-10.025721421,      1671P   4349
4.152789785,4.03125,-7.778174593,7.778174593,4.5,-7.089255603,      1671P   4350
7.089255603,3.9375,-4.556349186,11.,4.40625,-4.152789785,           1671P   4351
10.025721421,3.84375,0.,11.,4.3125,0.,10.025721421,3.75,            1671P   4352
4.556349186,11.,4.21875,4.152789785,10.025721421,3.65625,           1671P   4353
7.778174593,7.778174593,4.125,7.089255603,7.089255603,3.5625,       1671P   4354
11.,4.556349186,4.03125,10.025721421,4.152789785,3.46875,11.,       1671P   4355
0.,3.9375,10.025721421,0.,3.375,11.,-4.556349186,3.84375,           1671P   4356
10.025721421,-4.152789785,3.28125,7.778174593,-7.778174593,         1671P   4357
3.75,7.089255603,-7.089255603,3.1875,4.556349186,-11.,3.65625,      1671P   4358
4.152789785,-10.025721421,3.09375,0.,-11.,3.5625,0.,                1671P   4359
-10.025721421,3.,-4.556349186,-11.,3.46875,-4.152789785,            1671P   4360
-10.025721421,2.90625,-7.778174593,-7.778174593,3.375,              1671P   4361
-7.089255603,-7.089255603,2.8125,-11.,-4.556349186,3.28125,         1671P   4362
-10.025721421,-4.152789785,2.71875,-11.,0.,3.1875,                  1671P   4363
-10.025721421,0.,2.625,-11.,4.556349186,3.09375,-10.025721421,      1671P   4364
4.152789785,2.53125,-7.778174593,7.778174593,3.,-7.089255603,       1671P   4365
7.089255603,2.4375,-4.556349186,11.,2.90625,-4.152789785,           1671P   4366
10.025721421,2.34375,0.,11.,2.8125,0.,10.025721421,2.25,            1671P   4367
4.556349186,11.,2.71875,4.152789785,10.025721421,2.15625,           1671P   4368
7.778174593,7.778174593,2.625,7.089255603,7.089255603,2.0625,       1671P   4369
11.,4.556349186,2.53125,10.025721421,4.152789785,1.96875,11.,       1671P   4370
0.,2.4375,10.025721421,0.,1.875,11.,-4.556349186,2.34375,           1671P   4371
10.025721421,-4.152789785,1.78125,7.778174593,-7.778174593,         1671P   4372
2.25,7.089255603,-7.089255603,1.6875,4.556349186,-11.,2.15625,      1671P   4373
4.152789785,-10.025721421,1.59375,0.,-11.,2.0625,0.,                1671P   4374
-10.025721421,1.5,-4.556349186,-11.,1.96875,-4.152789785,           1671P   4375
-10.025721421,1.40625,-7.778174593,-7.778174593,1.875,              1671P   4376
-7.089255603,-7.089255603,1.3125,-11.,-4.556349186,1.78125,         1671P   4377
-10.025721421,-4.152789785,1.21875,-11.,0.,1.6875,                  1671P   4378
-10.025721421,0.,1.125,-11.,4.556349186,1.59375,-10.025721421,      1671P   4379
4.152789785,1.03125,-7.778174593,7.778174593,1.5,-7.089255603,      1671P   4380
7.089255603,0.9375,-4.556349186,11.,1.40625,-4.152789785,           1671P   4381
10.025721421,0.84375,0.,11.,1.3125,0.,10.025721421,0.75,            1671P   4382
4.556349186,11.,1.21875,4.152789785,10.025721421,0.65625,           1671P   4383
7.778174593,7.778174593,1.125,7.089255603,7.089255603,0.5625,       1671P   4384
11.,4.556349186,1.03125,10.025721421,4.152789785,0.46875,11.,       1671P   4385
0.,0.9375,10.025721421,0.,0.375,11.,-4.556349186,0.84375,           1671P   4386
10.025721421,-4.152789785,0.28125,7.778174593,-7.778174593,         1671P   4387
0.75,7.089255603,-7.089255603,0.1875,4.556349186,-11.,0.65625,      1671P   4388
4.152789785,-10.025721421,0.09375,0.,-11.,0.5625,0.,                1671P   4389
-10.025721421,0.,-4.556349186,-11.,0.46875,-4.152789785,            1671P   4390
-10.025721421,-0.09375,-7.778174593,-7.778174593,0.375,             1671P   4391
-7.089255603,-7.089255603,-0.1875,-11.,-4.556349186,0.28125,        1671P   4392
-10.025721421,-4.152789785,-0.28125,-11.,0.,0.1875,                 1671P   4393
-10.025721421,0.,-0.375,-11.,4.556349186,0.09375,-10.025721421,     1671P   4394
4.152789785,-0.46875,-7.778174593,7.778174593,0.,-7.089255603,      1671P   4395
7.089255603,-0.5625,-4.556349186,11.,-0.09375,-4.152789785,         1671P   4396
10.025721421,-0.65625,0.,11.,-0.1875,0.,10.025721421,-0.75,         1671P   4397
4.556349186,11.,-0.28125,4.152789785,10.025721421,-0.84375,         1671P   4398
7.778174593,7.778174593,-0.375,7.089255603,7.089255603,-0.9375,     1671P   4399
11.,4.556349186,-0.46875,10.025721421,4.152789785,-1.03125,11.,     1671P   4400
0.,-0.5625,10.025721421,0.,-1.125,11.,-4.556349186,-0.65625,        1671P   4401
10.025721421,-4.152789785,-1.21875,7.778174593,-7.778174593,        1671P   4402
-0.75,7.089255603,-7.089255603,-1.3125,4.556349186,-11.,            1671P   4403
-0.84375,4.152789785,-10.025721421,-1.40625,0.,-11.,-0.9375,0.,     1671P   4404
-10.025721421,-1.5,-4.556349186,-11.,-1.03125,-4.152789785,         1671P   4405
-10.025721421,-1.59375,-7.778174593,-7.778174593,-1.125,            1671P   4406
-7.089255603,-7.089255603,-1.6875,-11.,-4.556349186,-1.21875,       1671P   4407
-10.025721421,-4.152789785,-1.78125,-11.,0.,-1.3125,                1671P   4408
-10.025721421,0.,-1.875,-11.,4.556349186,-1.40625,                  1671P   4409
-10.025721421,4.152789785,-1.96875,-7.778174593,7.778174593,        1671P   4410
-1.5,-7.089255603,7.089255603,-2.0625,-4.556349186,11.,             1671P   4411
-1.59375,-4.152789785,10.025721421,-2.15625,0.,11.,-1.6875,0.,      1671P   4412
10.025721421,-2.25,4.556349186,11.,-1.78125,4.152789785,            1671P   4413
10.025721421,-2.34375,7.778174593,7.778174593,-1.875,               1671P   4414
7.089255603,7.089255603,-2.4375,11.,4.556349186,-1.96875,           1671P   4415
10.025721421,4.152789785,-2.53125,11.,0.,-2.0625,10.025721421,      1671P   4416
0.,-2.625,11.,-4.556349186,-2.15625,10.025721421,-4.152789785,      1671P   4417
-2.71875,7.778174593,-7.778174593,-2.25,7.089255603,                1671P   4418
-7.089255603,-2.8125,4.556349186,-11.,-2.34375,4.152789785,         1671P   4419
-10.025721421,-2.90625,0.,-11.,-2.4375,0.,-10.025721421,-3.,        1671P   4420
-4.556349186,-11.,-2.53125,-4.152789785,-10.025721421,-3.09375,     1671P   4421
-7.778174593,-7.778174593,-2.625,-7.089255603,-7.089255603,         1671P   4422
-3.1875,-11.,-4.556349186,-2.71875,-10.025721421,-4.152789785,      1671P   4423
-3.28125,-11.,0.,-2.8125,-10.025721421,0.,-3.375,-11.,              1671P   4424
4.556349186,-2.90625,-10.025721421,4.152789785,-3.46875,            1671P   4425
-7.778174593,7.778174593,-3.,-7.089255603,7.089255603,-3.5625,      1671P   4426
-4.556349186,11.,-3.09375,-4.152789785,10.025721421,-3.65625,       1671P   4427
0.,11.,-3.1875,0.,10.025721421,-3.75,4.556349186,11.,-3.28125,      1671P   4428
4.152789785,10.025721421,-3.84375,7.778174593,7.778174593,          1671P   4429
-3.375,7.089255603,7.089255603,-3.9375,11.,4.556349186,             1671P   4430
-3.46875,10.025721421,4.152789785,-4.03125,11.,0.,-3.5625,          1671P   4431
10.025721421,0.,-4.125,11.,-4.556349186,-3.65625,10.025721421,      1671P   4432
-4.152789785,-4.21875,7.778174593,-7.778174593,-3.75,               1671P   4433
7.089255603,-7.089255603,-4.3125,4.556349186,-11.,-3.84375,         1671P   4434
4.152789785,-10.025721421,-4.40625,0.,-11.,-3.9375,0.,              1671P   4435
-10.025721421,-4.5,-4.556349186,-11.,-4.03125,-4.152789785,         1671P   4436
-10.025721421,-4.59375,-7.778174593,-7.778174593,-4.125,            1671P   4437
-7.089255603,-7.089255603,-4.6875,-11.,-4.556349186,-4.21875,       1671P   4438
-10.025721421,-4.152789785,-4.78125,-11.,0.,-4.3125,                1671P   4439
-10.025721421,0.,-4.875,-11.,4.556349186,-4.40625,                  1671P   4440
-10.025721421,4.152789785,-4.96875,-7.778174593,7.778174593,        1671P   4441
-4.5,-7.089255603,7.089255603,-5.0625,-4.556349186,11.,             1671P   4442
-4.59375,-4.152789785,10.025721421,-5.15625,0.,11.,-4.6875,0.,      1671P   4443
10.025721421,-5.25,4.556349186,11.,-4.78125,4.152789785,            1671P   4444
10.025721421,-5.34375,7.778174593,7.778174593,-4.875,               1671P   4445
7.089255603,7.089255603,-5.4375,11.,4.556349186,-4.96875,           1671P   4446
10.025721421,4.152789785,-5.53125,11.,0.,-5.0625,10.025721421,      1671P   4447
0.,-5.625,11.,-4.556349186,-5.15625,10.025721421,-4.152789785,      1671P   4448
-5.71875,7.778174593,-7.778174593,-5.25,7.089255603,                1671P   4449
-7.089255603,-5.8125,4.556349186,-11.,-5.34375,4.152789785,         1671P   4450
-10.025721421,-5.90625,0.,-11.,-5.4375,0.,-10.025721421,-6.,        1671P   4451
-4.556349186,-11.,-5.53125,-4.152789785,-10.025721421,-6.09375,     1671P   4452
-7.778174593,-7.778174593,-5.625,-7.089255603,-7.089255603,         1671P   4453
-6.1875,-11.,-4.556349186,-5.71875,-10.025721421,-4.152789785,      1671P   4454
-6.28125,-11.,0.,-5.8125,-10.025721421,0.,-6.375,-11.,              1671P   4455
4.556349186,-5.90625,-10.025721421,4.152789785,-6.46875,            1671P   4456
-7.778174593,7.778174593,-6.,-7.089255603,7.089255603,-6.5625,      1671P   4457
-4.556349186,11.,-6.09375,-4.152789785,10.025721421,-6.65625,       1671P   4458
0.,11.,-6.1875,0.,10.025721421,-6.75,4.556349186,11.,-6.28125,      1671P   4459
4.152789785,10.025721421,-6.84375,7.778174593,7.778174593,          1671P   4460
-6.375,7.089255603,7.089255603,-6.9375,11.,4.556349186,             1671P   4461
-6.46875,10.025721421,4.152789785,-7.03125,11.,0.,-6.5625,          1671P   4462
10.025721421,0.,-7.125,11.,-4.556349186,-6.65625,10.025721421,      1671P   4463
-4.152789785,-7.21875,7.778174593,-7.778174593,-6.75,               1671P   4464
7.089255603,-7.089255603,-7.3125,4.556349186,-11.,-6.84375,         1671P   4465
4.152789785,-10.025721421,-7.40625,0.,-11.,-6.9375,0.,              1671P   4466
-10.025721421,-7.5,-4.556349186,-11.,-7.03125,-4.152789785,         1671P   4467
-10.025721421,-7.59375,-7.778174593,-7.778174593,-7.125,            1671P   4468
-7.089255603,-7.089255603,-7.6875,-11.,-4.556349186,-7.21875,       1671P   4469
-10.025721421,-4.152789785,-7.78125,-11.,0.,-7.3125,                1671P   4470
-10.025721421,0.,-7.875,-11.,4.556349186,-7.40625,                  1671P   4471
-10.025721421,4.152789785,-7.96875,-7.778174593,7.778174593,        1671P   4472
-7.5,-7.089255603,7.089255603,-8.0625,-4.556349186,11.,             1671P   4473
-7.59375,-4.152789785,10.025721421,-8.15625,0.,11.,-7.6875,0.,      1671P   4474
10.025721421,-8.25,4.556349186,11.,-7.78125,4.152789785,            1671P   4475
10.025721421,-8.34375,7.778174593,7.778174593,-7.875,               1671P   4476
7.089255603,7.089255603,-8.4375,11.,4.556349186,-7.96875,           1671P   4477
10.025721421,4.152789785,-8.53125,11.,0.,-8.0625,10.025721421,      1671P   4478
0.,-8.625,11.,-4.556349186,-8.15625,10.025721421,-4.152789785,      1671P   4479
-8.71875,7.778174593,-7.778174593,-8.25,7.089255603,                1671P   4480
-7.089255603,-8.8125,4.556349186,-11.,-8.34375,4.152789785,         1671P   4481
-10.025721421,-8.90625,0.,-11.,-8.4375,0.,-10.025721421,-9.,        1671P   4482
-4.556349186,-11.,-8.53125,-4.152789785,-10.025721421,-9.09375,     1671P   4483
-7.778174593,-7.778174593,-8.625,-7.089255603,-7.089255603,         1671P   4484
-9.1875,-11.,-4.556349186,-8.71875,-10.025721421,-4.152789785,      1671P   4485
-9.28125,-11.,0.,-8.8125,-10.025721421,0.,-9.375,-11.,              1671P   4486
3.142588932,-8.877160916,-10.025721421,2.864247379,                 1671P   4487
-9.439660916,-9.339884638,5.810899667,-8.946211944,                 1671P   4488
-8.512643772,5.296223751,-9.508711944,0.0769230769230803,1.,        1671P   4489
0.070130760858375,0.987561546833932;                                1671P   4490
126,1,1,1,0,1,0,0.,0.,1.,1.,1.,1.,0.092011725,0.980769231,0.,       1673P   4491
0.076923077,0.982122234,0.,0.,1.,0.,0.,1.;                          1673P   4492
126,3,3,1,0,1,0,0.,0.,0.,0.,1.,1.,1.,1.,1.,1.,1.,1.,                1675P   4493
-10.984074408,0.,-8.821694645,-10.98925617,0.396663352,             1675P   4494
-8.826876406,-10.972802114,0.798202211,-8.832232407,                1675P   4495
-10.935011701,1.19395105,-8.837620237,0.,1.,0.005080916,            1675P   4496
0.013128453,0.999900909;                                            1675P   4497
126,1,1,1,0,1,0,0.,0.,1.,1.,1.,1.,0.076923077,0.982122234,0.,       1677P   4498
0.076923077,0.980769231,0.,0.,1.,0.,0.,1.;                          1677P   4499
126,2,2,1,0,0,0,0.0178777661263976,0.0178777661263976,              1679P   4500
0.0178777661263976,0.0192307692307693,0.0192307692307693,           1679P   4501
0.0192307692307693,0.981592188494227,0.989288912202881,1.,          1679P   4502
-10.935011701,1.19395105,-8.837620237,-11.,0.598744223,             1679P   4503
-8.824819572,-11.,0.,-8.8125,0.0178777661263976,                    1679P   4504
0.0192307692307693,-0.008520614,-0.020570583,-0.999752094;          1679P   4505
126,1,1,1,0,1,0,0.,0.,1.,1.,1.,1.,0.076923077,0.980769231,0.,       1681P   4506
0.076923077,0.942307692,0.,0.,1.,0.,0.,1.;                          1681P   4507
126,8,2,1,0,0,0,0.0192307692307693,0.0192307692307693,              1683P   4508
0.0192307692307693,0.0288461538461539,0.0288461538461539,           1683P   4509
0.0384615384615384,0.0384615384615384,0.0480769230769231,           1683P   4510
0.0480769230769231,0.0576923076923077,0.0576923076923077,           1683P   4511
0.0576923076923077,1.,0.923879532511286,1.,0.923879532511287,       1683P   4512
1.,0.923879532511287,1.,0.923879532511287,1.,-11.,0.,-8.8125,       1683P   4513
-11.,-4.556349186,-8.71875,-7.778174593,-7.778174593,-8.625,        1683P   4514
-4.556349186,-11.,-8.53125,0.,-11.,-8.4375,4.556349186,-11.,        1683P   4515
-8.34375,7.778174593,-7.778174593,-8.25,11.,-4.556349186,           1683P   4516
-8.15625,11.,0.,-8.0625,0.0192307692307693,0.0576923076923077,      1683P   4517
0.008520614,-0.020570583,-0.999752094;                              1683P   4518
126,1,1,1,0,1,0,0.,0.,1.,1.,1.,1.,0.076923077,0.942307692,0.,       1685P   4519
0.076923077,0.903846154,0.,0.,1.,0.,0.,1.;                          1685P   4520
126,8,2,1,0,0,0,0.0576923076923077,0.0576923076923077,              1687P   4521
0.0576923076923077,0.0673076923076923,0.0673076923076923,           1687P   4522
0.0769230769230769,0.0769230769230769,0.0865384615384616,           1687P   4523
0.0865384615384616,0.0961538461538461,0.0961538461538461,           1687P   4524
0.0961538461538461,1.,0.923879532511287,1.,0.923879532511287,       1687P   4525
1.,0.923879532511287,1.,0.923879532511287,0.999999999999999,        1687P   4526
11.,0.,-8.0625,11.,4.556349186,-7.96875,7.778174593,                1687P   4527
7.778174593,-7.875,4.556349186,11.,-7.78125,0.,11.,-7.6875,         1687P   4528
-4.556349186,11.,-7.59375,-7.778174593,7.778174593,-7.5,-11.,       1687P   4529
4.556349186,-7.40625,-11.,0.,-7.3125,0.0576923076923077,            1687P   4530
0.0961538461538461,-0.008520614,0.020570583,-0.999752094;           1687P   4531
126,1,1,1,0,1,0,0.,0.,1.,1.,1.,1.,0.076923077,0.903846154,0.,       1689P   4532
0.076923077,0.865384615,0.,0.,1.,0.,0.,1.;                          1689P   4533
126,8,2,1,0,0,0,0.0961538461538461,0.0961538461538461,              1691P   4534
0.0961538461538461,0.105769230769231,0.105769230769231,             1691P   4535
0.115384615384615,0.115384615384615,0.125,0.125,                    1691P   4536
0.134615384615385,0.134615384615385,0.134615384615385,1.,           1691P   4537
0.923879532511286,1.,0.923879532511287,1.,0.923879532511287,1.,     1691P   4538
0.923879532511287,1.,-11.,0.,-7.3125,-11.,-4.556349186,             1691P   4539
-7.21875,-7.778174593,-7.778174593,-7.125,-4.556349186,-11.,        1691P   4540
-7.03125,0.,-11.,-6.9375,4.556349186,-11.,-6.84375,7.778174593,     1691P   4541
-7.778174593,-6.75,11.,-4.556349186,-6.65625,11.,0.,-6.5625,        1691P   4542
0.0961538461538461,0.134615384615385,0.008520614,-0.020570583,      1691P   4543
-0.999752094;                                                       1691P   4544
126,1,1,1,0,1,0,0.,0.,1.,1.,1.,1.,0.076923077,0.865384615,0.,       1693P   4545
0.076923077,0.826923077,0.,0.,1.,0.,0.,1.;                          1693P   4546
126,8,2,1,0,0,0,0.134615384615385,0.134615384615385,                1695P   4547
0.134615384615385,0.144230769230769,0.144230769230769,              1695P   4548
0.153846153846154,0.153846153846154,0.163461538461538,              1695P   4549
0.163461538461538,0.173076923076923,0.173076923076923,              1695P   4550
0.173076923076923,1.,0.923879532511286,1.,0.923879532511287,1.,     1695P   4551
0.923879532511287,1.,0.923879532511288,0.999999999999999,11.,       1695P   4552
0.,-6.5625,11.,4.556349186,-6.46875,7.778174593,7.778174593,        1695P   4553
-6.375,4.556349186,11.,-6.28125,0.,11.,-6.1875,-4.556349186,        1695P   4554
11.,-6.09375,-7.778174593,7.778174593,-6.,-11.,4.556349186,         1695P   4555
-5.90625,-11.,0.,-5.8125,0.134615384615385,0.173076923076923,       1695P   4556
-0.008520614,0.020570583,-0.999752094;                              1695P   4557
126,1,1,1,0,1,0,0.,0.,1.,1.,1.,1.,0.076923077,0.826923077,0.,       1697P   4558
0.076923077,0.788461538,0.,0.,1.,0.,0.,1.;                          1697P   4559
126,8,2,1,0,0,0,0.173076923076923,0.173076923076923,                1699P   4560
0.173076923076923,0.182692307692308,0.182692307692308,              1699P   4561
0.192307692307692,0.192307692307692,0.201923076923077,              1699P   4562
0.201923076923077,0.211538461538462,0.211538461538462,              1699P   4563
0.211538461538462,1.,0.923879532511286,1.,0.923879532511287,1.,     1699P   4564
0.923879532511287,1.,0.923879532511287,1.,-11.,0.,-5.8125,-11.,     1699P   4565
-4.556349186,-5.71875,-7.778174593,-7.778174593,-5.625,             1699P   4566
-4.556349186,-11.,-5.53125,0.,-11.,-5.4375,4.556349186,-11.,        1699P   4567
-5.34375,7.778174593,-7.778174593,-5.25,11.,-4.556349186,           1699P   4568
-5.15625,11.,0.,-5.0625,0.173076923076923,0.211538461538462,        1699P   4569
0.008520614,-0.020570583,-0.999752094;                              1699P   4570
126,1,1,1,0,1,0,0.,0.,1.,1.,1.,1.,0.076923077,0.788461538,0.,       1701P   4571
0.076923077,0.75,0.,0.,1.,0.,0.,1.;                                 1701P   4572
126,8,2,1,0,0,0,0.211538461538462,0.211538461538462,                1703P   4573
0.211538461538462,0.221153846153846,0.221153846153846,              1703P   4574
0.230769230769231,0.230769230769231,0.240384615384615,              1703P   4575
0.240384615384615,0.25,0.25,0.25,1.,0.923879532511287,1.,           1703P   4576
0.923879532511287,1.,0.923879532511287,1.,0.923879532511287,1.,     1703P   4577
11.,0.,-5.0625,11.,4.556349186,-4.96875,7.778174593,                1703P   4578
7.778174593,-4.875,4.556349186,11.,-4.78125,0.,11.,-4.6875,         1703P   4579
-4.556349186,11.,-4.59375,-7.778174593,7.778174593,-4.5,-11.,       1703P   4580
4.556349186,-4.40625,-11.,0.,-4.3125,0.211538461538462,0.25,        1703P   4581
-0.008520614,0.020570583,-0.999752094;                              1703P   4582
126,1,1,1,0,1,0,0.,0.,1.,1.,1.,1.,0.076923077,0.75,0.,              1705P   4583
0.076923077,0.711538462,0.,0.,1.,0.,0.,1.;                          1705P   4584
126,8,2,1,0,0,0,0.25,0.25,0.25,0.259615384615385,                   1707P   4585
0.259615384615385,0.269230769230769,0.269230769230769,              1707P   4586
0.278846153846154,0.278846153846154,0.288461538461538,              1707P   4587
0.288461538461538,0.288461538461538,1.,0.923879532511287,1.,        1707P   4588
0.923879532511287,1.,0.923879532511287,1.,0.923879532511286,1.,     1707P   4589
-11.,0.,-4.3125,-11.,-4.556349186,-4.21875,-7.778174593,            1707P   4590
-7.778174593,-4.125,-4.556349186,-11.,-4.03125,0.,-11.,-3.9375,     1707P   4591
4.556349186,-11.,-3.84375,7.778174593,-7.778174593,-3.75,11.,       1707P   4592
-4.556349186,-3.65625,11.,0.,-3.5625,0.25,0.288461538461538,        1707P   4593
0.008520614,-0.020570583,-0.999752094;                              1707P   4594
126,1,1,1,0,1,0,0.,0.,1.,1.,1.,1.,0.076923077,0.711538462,0.,       1709P   4595
0.076923077,0.673076923,0.,0.,1.,0.,0.,1.;                          1709P   4596
126,8,2,1,0,0,0,0.288461538461538,0.288461538461538,                1711P   4597
0.288461538461538,0.298076923076923,0.298076923076923,              1711P   4598
0.307692307692308,0.307692307692308,0.317307692307692,              1711P   4599
0.317307692307692,0.326923076923077,0.326923076923077,              1711P   4600
0.326923076923077,1.,0.923879532511287,1.,0.923879532511287,1.,     1711P   4601
0.923879532511287,1.,0.923879532511286,1.,11.,0.,-3.5625,11.,       1711P   4602
4.556349186,-3.46875,7.778174593,7.778174593,-3.375,                1711P   4603
4.556349186,11.,-3.28125,0.,11.,-3.1875,-4.556349186,11.,           1711P   4604
-3.09375,-7.778174593,7.778174593,-3.,-11.,4.556349186,             1711P   4605
-2.90625,-11.,0.,-2.8125,0.288461538461538,0.326923076923077,       1711P   4606
-0.008520614,0.020570583,-0.999752094;                              1711P   4607
126,1,1,1,0,1,0,0.,0.,1.,1.,1.,1.,0.076923077,0.673076923,0.,       1713P   4608
0.076923077,0.634615385,0.,0.,1.,0.,0.,1.;                          1713P   4609
126,8,2,1,0,0,0,0.326923076923077,0.326923076923077,                1715P   4610
0.326923076923077,0.336538461538462,0.336538461538462,              1715P   4611
0.346153846153846,0.346153846153846,0.355769230769231,              1715P   4612
0.355769230769231,0.365384615384615,0.365384615384615,              1715P   4613
0.365384615384615,1.,0.923879532511287,1.,0.923879532511287,1.,     1715P   4614
0.923879532511287,1.,0.923879532511287,1.,-11.,0.,-2.8125,-11.,     1715P   4615
-4.556349186,-2.71875,-7.778174593,-7.778174593,-2.625,             1715P   4616
-4.556349186,-11.,-2.53125,0.,-11.,-2.4375,4.556349186,-11.,        1715P   4617
-2.34375,7.778174593,-7.778174593,-2.25,11.,-4.556349186,           1715P   4618
-2.15625,11.,0.,-2.0625,0.326923076923077,0.365384615384615,        1715P   4619
0.008520614,-0.020570583,-0.999752094;                              1715P   4620
126,1,1,1,0,1,0,0.,0.,1.,1.,1.,1.,0.076923077,0.634615385,0.,       1717P   4621
0.076923077,0.596153846,0.,0.,1.,0.,0.,1.;                          1717P   4622
126,8,2,1,0,0,0,0.365384615384615,0.365384615384615,                1719P   4623
0.365384615384615,0.375,0.375,0.384615384615385,                    1719P   4624
0.384615384615385,0.394230769230769,0.394230769230769,              1719P   4625
0.403846153846154,0.403846153846154,0.403846153846154,1.,           1719P   4626
0.923879532511286,1.,0.923879532511287,1.,0.923879532511287,1.,     1719P   4627
0.923879532511287,1.,11.,0.,-2.0625,11.,4.556349186,-1.96875,       1719P   4628
7.778174593,7.778174593,-1.875,4.556349186,11.,-1.78125,0.,11.,     1719P   4629
-1.6875,-4.556349186,11.,-1.59375,-7.778174593,7.778174593,         1719P   4630
-1.5,-11.,4.556349186,-1.40625,-11.,0.,-1.3125,                     1719P   4631
0.365384615384615,0.403846153846154,-0.008520614,0.020570583,       1719P   4632
-0.999752094;                                                       1719P   4633
126,1,1,1,0,1,0,0.,0.,1.,1.,1.,1.,0.076923077,0.596153846,0.,       1721P   4634
0.076923077,0.557692308,0.,0.,1.,0.,0.,1.;                          1721P   4635
126,8,2,1,0,0,0,0.403846153846154,0.403846153846154,                1723P   4636
0.403846153846154,0.413461538461538,0.413461538461538,              1723P   4637
0.423076923076923,0.423076923076923,0.432692307692308,              1723P   4638
0.432692307692308,0.442307692307692,0.442307692307692,              1723P   4639
0.442307692307692,1.,0.923879532511287,1.,0.923879532511287,1.,     1723P   4640
0.923879532511287,1.,0.923879532511287,1.,-11.,0.,-1.3125,-11.,     1723P   4641
-4.556349186,-1.21875,-7.778174593,-7.778174593,-1.125,             1723P   4642
-4.556349186,-11.,-1.03125,0.,-11.,-0.9375,4.556349186,-11.,        1723P   4643
-0.84375,7.778174593,-7.778174593,-0.75,11.,-4.556349186,           1723P   4644
-0.65625,11.,0.,-0.5625,0.403846153846154,0.442307692307692,        1723P   4645
0.008520614,-0.020570583,-0.999752094;                              1723P   4646
126,1,1,1,0,1,0,0.,0.,1.,1.,1.,1.,0.076923077,0.557692308,0.,       1725P   4647
0.076923077,0.519230769,0.,0.,1.,0.,0.,1.;                          1725P   4648
126,8,2,1,0,0,0,0.442307692307692,0.442307692307692,                1727P   4649
0.442307692307692,0.451923076923077,0.451923076923077,              1727P   4650
0.461538461538462,0.461538461538462,0.471153846153846,              1727P   4651
0.471153846153846,0.480769230769231,0.480769230769231,              1727P   4652
0.480769230769231,1.,0.923879532511287,1.,0.923879532511287,1.,     1727P   4653
0.923879532511287,1.,0.923879532511286,1.,11.,0.,-0.5625,11.,       1727P   4654
4.556349186,-0.46875,7.778174593,7.778174593,-0.375,                1727P   4655
4.556349186,11.,-0.28125,0.,11.,-0.1875,-4.556349186,11.,           1727P   4656
-0.09375,-7.778174593,7.778174593,0.,-11.,4.556349186,0.09375,      1727P   4657
-11.,0.,0.1875,0.442307692307692,0.480769230769231,                 1727P   4658
-0.008520614,0.020570583,-0.999752094;                              1727P   4659
126,1,1,1,0,1,0,0.,0.,1.,1.,1.,1.,0.076923077,0.519230769,0.,       1729P   4660
0.076923077,0.480769231,0.,0.,1.,0.,0.,1.;                          1729P   4661
126,8,2,1,0,0,0,0.480769230769231,0.480769230769231,                1731P   4662
0.480769230769231,0.490384615384615,0.490384615384615,0.5,0.5,      1731P   4663
0.509615384615385,0.509615384615385,0.519230769230769,              1731P   4664
0.519230769230769,0.519230769230769,1.,0.923879532511287,1.,        1731P   4665
0.923879532511287,1.,0.923879532511287,1.,0.923879532511286,1.,     1731P   4666
-11.,0.,0.1875,-11.,-4.556349186,0.28125,-7.778174593,              1731P   4667
-7.778174593,0.375,-4.556349186,-11.,0.46875,0.,-11.,0.5625,        1731P   4668
4.556349186,-11.,0.65625,7.778174593,-7.778174593,0.75,11.,         1731P   4669
-4.556349186,0.84375,11.,0.,0.9375,0.480769230769231,               1731P   4670
0.519230769230769,0.008520614,-0.020570583,-0.999752094;            1731P   4671
126,1,1,1,0,1,0,0.,0.,1.,1.,1.,1.,0.076923077,0.480769231,0.,       1733P   4672
0.076923077,0.442307692,0.,0.,1.,0.,0.,1.;                          1733P   4673
126,8,2,1,0,0,0,0.519230769230769,0.519230769230769,                1735P   4674
0.519230769230769,0.528846153846154,0.528846153846154,              1735P   4675
0.538461538461538,0.538461538461538,0.548076923076923,              1735P   4676
0.548076923076923,0.557692307692308,0.557692307692308,              1735P   4677
0.557692307692308,0.999999999999999,0.923879532511288,1.,           1735P   4678
0.923879532511287,1.,0.923879532511287,1.,0.923879532511287,1.,     1735P   4679
11.,0.,0.9375,11.,4.556349186,1.03125,7.778174593,7.778174593,      1735P   4680
1.125,4.556349186,11.,1.21875,0.,11.,1.3125,-4.556349186,11.,       1735P   4681
1.40625,-7.778174593,7.778174593,1.5,-11.,4.556349186,1.59375,      1735P   4682
-11.,0.,1.6875,0.519230769230769,0.557692307692308,                 1735P   4683
-0.008520614,0.020570583,-0.999752094;                              1735P   4684
126,1,1,1,0,1,0,0.,0.,1.,1.,1.,1.,0.076923077,0.442307692,0.,       1737P   4685
0.076923077,0.403846154,0.,0.,1.,0.,0.,1.;                          1737P   4686
126,8,2,1,0,0,0,0.557692307692308,0.557692307692308,                1739P   4687
0.557692307692308,0.567307692307692,0.567307692307692,              1739P   4688
0.576923076923077,0.576923076923077,0.586538461538462,              1739P   4689
0.586538461538462,0.596153846153846,0.596153846153846,              1739P   4690
0.596153846153846,1.,0.923879532511287,1.,0.923879532511287,1.,     1739P   4691
0.923879532511287,1.,0.923879532511287,1.,-11.,0.,1.6875,-11.,      1739P   4692
-4.556349186,1.78125,-7.778174593,-7.778174593,1.875,               1739P   4693
-4.556349186,-11.,1.96875,0.,-11.,2.0625,4.556349186,-11.,          1739P   4694
2.15625,7.778174593,-7.778174593,2.25,11.,-4.556349186,2.34375,     1739P   4695
11.,0.,2.4375,0.557692307692308,0.596153846153846,0.008520614,      1739P   4696
-0.020570583,-0.999752094;                                          1739P   4697
126,1,1,1,0,1,0,0.,0.,1.,1.,1.,1.,0.076923077,0.403846154,0.,       1741P   4698
0.076923077,0.365384615,0.,0.,1.,0.,0.,1.;                          1741P   4699
126,8,2,1,0,0,0,0.596153846153846,0.596153846153846,                1743P   4700
0.596153846153846,0.605769230769231,0.605769230769231,              1743P   4701
0.615384615384615,0.615384615384615,0.625,0.625,                    1743P   4702
0.634615384615385,0.634615384615385,0.634615384615385,1.,           1743P   4703
0.923879532511287,1.,0.923879532511287,1.,0.923879532511287,1.,     1743P   4704
0.923879532511288,0.999999999999999,11.,0.,2.4375,11.,              1743P   4705
4.556349186,2.53125,7.778174593,7.778174593,2.625,4.556349186,      1743P   4706
11.,2.71875,0.,11.,2.8125,-4.556349186,11.,2.90625,                 1743P   4707
-7.778174593,7.778174593,3.,-11.,4.556349186,3.09375,-11.,0.,       1743P   4708
3.1875,0.596153846153846,0.634615384615385,-0.008520614,            1743P   4709
0.020570583,-0.999752094;                                           1743P   4710
126,1,1,1,0,1,0,0.,0.,1.,1.,1.,1.,0.076923077,0.365384615,0.,       1745P   4711
0.076923077,0.326923077,0.,0.,1.,0.,0.,1.;                          1745P   4712
126,8,2,1,0,0,0,0.634615384615385,0.634615384615385,                1747P   4713
0.634615384615385,0.644230769230769,0.644230769230769,              1747P   4714
0.653846153846154,0.653846153846154,0.663461538461538,              1747P   4715
0.663461538461538,0.673076923076923,0.673076923076923,              1747P   4716
0.673076923076923,1.,0.923879532511286,1.,0.923879532511287,1.,     1747P   4717
0.923879532511287,1.,0.923879532511287,1.,-11.,0.,3.1875,-11.,      1747P   4718
-4.556349186,3.28125,-7.778174593,-7.778174593,3.375,               1747P   4719
-4.556349186,-11.,3.46875,0.,-11.,3.5625,4.556349186,-11.,          1747P   4720
3.65625,7.778174593,-7.778174593,3.75,11.,-4.556349186,3.84375,     1747P   4721
11.,0.,3.9375,0.634615384615385,0.673076923076923,0.008520614,      1747P   4722
-0.020570583,-0.999752094;                                          1747P   4723
126,1,1,1,0,1,0,0.,0.,1.,1.,1.,1.,0.076923077,0.326923077,0.,       1749P   4724
0.076923077,0.288461538,0.,0.,1.,0.,0.,1.;                          1749P   4725
126,8,2,1,0,0,0,0.673076923076923,0.673076923076923,                1751P   4726
0.673076923076923,0.682692307692308,0.682692307692308,              1751P   4727
0.692307692307692,0.692307692307692,0.701923076923077,              1751P   4728
0.701923076923077,0.711538461538462,0.711538461538462,              1751P   4729
0.711538461538462,1.,0.923879532511287,1.,0.923879532511287,1.,     1751P   4730
0.923879532511287,1.,0.923879532511288,0.999999999999999,11.,       1751P   4731
0.,3.9375,11.,4.556349186,4.03125,7.778174593,7.778174593,          1751P   4732
4.125,4.556349186,11.,4.21875,0.,11.,4.3125,-4.556349186,11.,       1751P   4733
4.40625,-7.778174593,7.778174593,4.5,-11.,4.556349186,4.59375,      1751P   4734
-11.,0.,4.6875,0.673076923076923,0.711538461538462,                 1751P   4735
-0.008520614,0.020570583,-0.999752094;                              1751P   4736
126,1,1,1,0,1,0,0.,0.,1.,1.,1.,1.,0.076923077,0.288461538,0.,       1753P   4737
0.076923077,0.25,0.,0.,1.,0.,0.,1.;                                 1753P   4738
126,8,2,1,0,0,0,0.711538461538462,0.711538461538462,                1755P   4739
0.711538461538462,0.721153846153846,0.721153846153846,              1755P   4740
0.730769230769231,0.730769230769231,0.740384615384615,              1755P   4741
0.740384615384615,0.75,0.75,0.75,1.,0.923879532511286,1.,           1755P   4742
0.923879532511287,1.,0.923879532511287,1.,0.923879532511287,1.,     1755P   4743
-11.,0.,4.6875,-11.,-4.556349186,4.78125,-7.778174593,              1755P   4744
-7.778174593,4.875,-4.556349186,-11.,4.96875,0.,-11.,5.0625,        1755P   4745
4.556349186,-11.,5.15625,7.778174593,-7.778174593,5.25,11.,         1755P   4746
-4.556349186,5.34375,11.,0.,5.4375,0.711538461538462,0.75,          1755P   4747
0.008520614,-0.020570583,-0.999752094;                              1755P   4748
126,1,1,1,0,1,0,0.,0.,1.,1.,1.,1.,0.076923077,0.25,0.,              1757P   4749
0.076923077,0.211538462,0.,0.,1.,0.,0.,1.;                          1757P   4750
126,8,2,1,0,0,0,0.75,0.75,0.75,0.759615384615385,                   1759P   4751
0.759615384615385,0.769230769230769,0.769230769230769,              1759P   4752
0.778846153846154,0.778846153846154,0.788461538461538,              1759P   4753
0.788461538461538,0.788461538461538,1.,0.923879532511287,1.,        1759P   4754
0.923879532511287,1.,0.923879532511287,1.,0.923879532511286,1.,     1759P   4755
11.,0.,5.4375,11.,4.556349186,5.53125,7.778174593,7.778174593,      1759P   4756
5.625,4.556349186,11.,5.71875,0.,11.,5.8125,-4.556349186,11.,       1759P   4757
5.90625,-7.778174593,7.778174593,6.,-11.,4.556349186,6.09375,       1759P   4758
-11.,0.,6.1875,0.75,0.788461538461538,-0.008520614,0.020570583,     1759P   4759
-0.999752094;                                                       1759P   4760
126,1,1,1,0,1,0,0.,0.,1.,1.,1.,1.,0.076923077,0.211538462,0.,       1761P   4761
0.076923077,0.173076923,0.,0.,1.,0.,0.,1.;                          1761P   4762
126,8,2,1,0,0,0,0.788461538461538,0.788461538461538,                1763P   4763
0.788461538461538,0.798076923076923,0.798076923076923,              1763P   4764
0.807692307692308,0.807692307692308,0.817307692307692,              1763P   4765
0.817307692307692,0.826923076923077,0.826923076923077,              1763P   4766
0.826923076923077,0.999999999999999,0.923879532511288,1.,           1763P   4767
0.923879532511287,1.,0.923879532511287,1.,0.923879532511286,1.,     1763P   4768
-11.,0.,6.1875,-11.,-4.556349186,6.28125,-7.778174593,              1763P   4769
-7.778174593,6.375,-4.556349186,-11.,6.46875,0.,-11.,6.5625,        1763P   4770
4.556349186,-11.,6.65625,7.778174593,-7.778174593,6.75,11.,         1763P   4771
-4.556349186,6.84375,11.,0.,6.9375,0.788461538461538,               1763P   4772
0.826923076923077,0.008520614,-0.020570583,-0.999752094;            1763P   4773
126,1,1,1,0,1,0,0.,0.,1.,1.,1.,1.,0.076923077,0.173076923,0.,       1765P   4774
0.076923077,0.134615385,0.,0.,1.,0.,0.,1.;                          1765P   4775
126,8,2,1,0,0,0,0.826923076923077,0.826923076923077,                1767P   4776
0.826923076923077,0.836538461538462,0.836538461538462,              1767P   4777
0.846153846153846,0.846153846153846,0.855769230769231,              1767P   4778
0.855769230769231,0.865384615384615,0.865384615384615,              1767P   4779
0.865384615384615,0.999999999999999,0.923879532511288,1.,           1767P   4780
0.923879532511287,1.,0.923879532511287,1.,0.923879532511287,1.,     1767P   4781
11.,0.,6.9375,11.,4.556349186,7.03125,7.778174593,7.778174593,      1767P   4782
7.125,4.556349186,11.,7.21875,0.,11.,7.3125,-4.556349186,11.,       1767P   4783
7.40625,-7.778174593,7.778174593,7.5,-11.,4.556349186,7.59375,      1767P   4784
-11.,0.,7.6875,0.826923076923077,0.865384615384615,                 1767P   4785
-0.008520614,0.020570583,-0.999752094;                              1767P   4786
126,1,1,1,0,1,0,0.,0.,1.,1.,1.,1.,0.076923077,0.134615385,0.,       1769P   4787
0.076923077,0.096153846,0.,0.,1.,0.,0.,1.;                          1769P   4788
126,8,2,1,0,0,0,0.865384615384615,0.865384615384615,                1771P   4789
0.865384615384615,0.875,0.875,0.884615384615385,                    1771P   4790
0.884615384615385,0.894230769230769,0.894230769230769,              1771P   4791
0.903846153846154,0.903846153846154,0.903846153846154,1.,           1771P   4792
0.923879532511287,1.,0.923879532511287,1.,0.923879532511287,1.,     1771P   4793
0.923879532511285,1.,-11.,0.,7.6875,-11.,-4.556349186,7.78125,      1771P   4794
-7.778174593,-7.778174593,7.875,-4.556349186,-11.,7.96875,0.,       1771P   4795
-11.,8.0625,4.556349186,-11.,8.15625,7.778174593,-7.778174593,      1771P   4796
8.25,11.,-4.556349186,8.34375,11.,0.,8.4375,0.865384615384615,      1771P   4797
0.903846153846154,0.008520614,-0.020570583,-0.999752094;            1771P   4798
126,1,1,1,0,1,0,0.,0.,1.,1.,1.,1.,0.076923077,0.096153846,0.,       1773P   4799
0.076923077,0.075570074,0.,0.,1.,0.,0.,1.;                          1773P   4800
126,6,2,1,0,0,0,0.903846153846154,0.903846153846154,                1775P   4801
0.903846153846154,0.913461538461538,0.913461538461538,              1775P   4802
0.923076923076923,0.923076923076923,0.924429926181296,              1775P   4803
0.924429926181296,0.924429926181296,0.999999999999998,              1775P   4804
0.923879532511289,1.,0.923879532511287,1.,0.989288912202874,        1775P   4805
0.981592188494217,11.,0.,8.4375,11.,4.556349186,8.53125,            1775P   4806
7.778174593,7.778174593,8.625,4.556349186,11.,8.71875,0.,11.,       1775P   4807
8.8125,-0.598744223,11.,8.824819572,-1.19395105,10.935011701,       1775P   4808
8.837620237,0.903846153846154,0.924429926181296,-0.008520614,       1775P   4809
0.020570583,-0.999752094;                                           1775P   4810
126,22,2,1,0,1,0,0.,0.,0.,0.0625,0.0625,0.125,0.125,0.25,0.25,      1777P   4811
0.3125,0.3125,0.375,0.375,0.5,0.5,0.5625,0.5625,0.625,0.625,        1777P   4812
0.75,0.75,0.875,0.875,1.,1.,1.,1.,1.,1.,1.,1.,1.,1.,1.,1.,1.,       1777P   4813
1.,1.,1.,1.,1.,1.,1.,1.,1.,1.,1.,1.,1.,0.076923077,0.075570074,     1777P   4814
0.,0.104817817,0.076222592,0.,0.129176998,0.076822847,0.,           1777P   4815
0.158651085,0.077549143,0.,0.181655445,0.078090883,0.,              1777P   4816
0.225832193,0.079131221,0.,0.290920752,0.080573435,0.,              1777P   4817
0.308119221,0.080954514,0.,0.347563669,0.081822562,0.,              1777P   4818
0.384162174,0.08262798,0.,0.404156625,0.083072058,0.,               1777P   4819
0.470254393,0.084540092,0.,0.515834305,0.085623964,0.,              1777P   4820
0.542834764,0.086266024,0.,0.569834499,0.086937874,0.,              1777P   4821
0.586937686,0.087363462,0.,0.624890117,0.08824092,0.,               1777P   4822
0.668061076,0.089239031,0.,0.740714498,0.090839941,0.,              1777P   4823
0.832031853,0.092852107,0.,0.858507821,0.093448088,0.,              1777P   4824
0.925436572,0.094954671,0.,0.973865695,0.096153846,0.,0.,1.,0.,     1777P   4825
0.,-1.;                                                             1777P   4826
126,11,3,1,0,1,0,0.,0.,0.,0.,0.25,0.25,0.5,0.5,0.625,0.625,         1779P   4827
0.75,0.75,1.,1.,1.,1.,1.,1.,1.,1.,1.,1.,1.,1.,1.,1.,1.,1.,          1779P   4828
-1.19395105,10.935011701,8.837620237,0.277061568,11.020743041,      1779P   4829
8.763179887,1.768449472,10.808655774,8.690593076,4.537827926,       1779P   4830
9.796163184,8.532911804,5.813512953,9.003379066,8.451782773,        1779P   4831
7.420792825,7.462564383,8.335653531,7.895621368,6.901755587,        1779P   4832
8.29877576,8.719426938,5.683248589,8.219740856,9.070478776,         1779P   4833
5.019368382,8.17827308,9.885119665,2.970326865,8.054481821,         1779P   4834
10.132096604,1.479178188,7.969716841,10.053305355,0.,               1779P   4835
7.890925592,0.,1.,0.049977718,0.009634881,0.998703858;              1779P   4836
126,1,1,1,0,1,0,0.,0.,1.,1.,1.,1.,0.973865695,0.096153846,0.,       1781P   4837
1.,0.096791387,0.,0.,1.,0.,0.,1.;                                   1781P   4838
126,3,3,1,0,1,0,0.,0.,0.,0.,1.,1.,1.,1.,1.,1.,1.,1.,                1783P   4839
10.053305355,0.,7.890925592,10.044237132,-0.170241219,              1783P   4840
7.881857369,10.030722562,-0.340582285,7.872663958,10.012689136,     1783P   4841
-0.511024736,7.863341658,0.,1.,0.,0.,0.;                            1783P   4842
126,1,1,1,0,1,0,0.,0.,1.,1.,1.,1.,1.,0.096791387,0.,1.,             1785P   4843
0.903208613,0.,0.,1.,0.,0.,1.;                                      1785P   4844
126,168,2,0,0,0,0,0.0967913872272186,0.0967913872272186,            1787P   4845
0.0967913872272186,0.105769230769231,0.105769230769231,             1787P   4846
0.115384615384615,0.115384615384615,0.125,0.125,                    1787P   4847
0.134615384615385,0.134615384615385,0.144230769230769,              1787P   4848
0.144230769230769,0.153846153846154,0.153846153846154,              1787P   4849
0.163461538461538,0.163461538461538,0.173076923076923,              1787P   4850
0.173076923076923,0.182692307692308,0.182692307692308,              1787P   4851
0.192307692307692,0.192307692307692,0.201923076923077,              1787P   4852
0.201923076923077,0.211538461538462,0.211538461538462,              1787P   4853
0.221153846153846,0.221153846153846,0.230769230769231,              1787P   4854
0.230769230769231,0.240384615384615,0.240384615384615,0.25,         1787P   4855
0.25,0.259615384615385,0.259615384615385,0.269230769230769,         1787P   4856
0.269230769230769,0.278846153846154,0.278846153846154,              1787P   4857
0.288461538461538,0.288461538461538,0.298076923076923,              1787P   4858
0.298076923076923,0.307692307692308,0.307692307692308,              1787P   4859
0.317307692307692,0.317307692307692,0.326923076923077,              1787P   4860
0.326923076923077,0.336538461538462,0.336538461538462,              1787P   4861
0.346153846153846,0.346153846153846,0.355769230769231,              1787P   4862
0.355769230769231,0.365384615384615,0.365384615384615,0.375,        1787P   4863
0.375,0.384615384615385,0.384615384615385,0.394230769230769,        1787P   4864
0.394230769230769,0.403846153846154,0.403846153846154,              1787P   4865
0.413461538461538,0.413461538461538,0.423076923076923,              1787P   4866
0.423076923076923,0.432692307692308,0.432692307692308,              1787P   4867
0.442307692307692,0.442307692307692,0.451923076923077,              1787P   4868
0.451923076923077,0.461538461538462,0.461538461538462,              1787P   4869
0.471153846153846,0.471153846153846,0.480769230769231,              1787P   4870
0.480769230769231,0.490384615384615,0.490384615384615,0.5,0.5,      1787P   4871
0.509615384615385,0.509615384615385,0.519230769230769,              1787P   4872
0.519230769230769,0.528846153846154,0.528846153846154,              1787P   4873
0.538461538461538,0.538461538461538,0.548076923076923,              1787P   4874
0.548076923076923,0.557692307692308,0.557692307692308,              1787P   4875
0.567307692307692,0.567307692307692,0.576923076923077,              1787P   4876
0.576923076923077,0.586538461538462,0.586538461538462,              1787P   4877
0.596153846153846,0.596153846153846,0.605769230769231,              1787P   4878
0.605769230769231,0.615384615384615,0.615384615384615,0.625,        1787P   4879
0.625,0.634615384615385,0.634615384615385,0.644230769230769,        1787P   4880
0.644230769230769,0.653846153846154,0.653846153846154,              1787P   4881
0.663461538461538,0.663461538461538,0.673076923076923,              1787P   4882
0.673076923076923,0.682692307692308,0.682692307692308,              1787P   4883
0.692307692307692,0.692307692307692,0.701923076923077,              1787P   4884
0.701923076923077,0.711538461538462,0.711538461538462,              1787P   4885
0.721153846153846,0.721153846153846,0.730769230769231,              1787P   4886
0.730769230769231,0.740384615384615,0.740384615384615,0.75,         1787P   4887
0.75,0.759615384615385,0.759615384615385,0.769230769230769,         1787P   4888
0.769230769230769,0.778846153846154,0.778846153846154,              1787P   4889
0.788461538461538,0.788461538461538,0.798076923076923,              1787P   4890
0.798076923076923,0.807692307692308,0.807692307692308,              1787P   4891
0.817307692307692,0.817307692307692,0.826923076923077,              1787P   4892
0.826923076923077,0.836538461538462,0.836538461538462,              1787P   4893
0.846153846153846,0.846153846153846,0.855769230769231,              1787P   4894
0.855769230769231,0.865384615384615,0.865384615384615,0.875,        1787P   4895
0.875,0.884615384615385,0.884615384615385,0.894230769230769,        1787P   4896
0.894230769230769,0.903208612772781,0.903208612772781,              1787P   4897
0.903208612772781,0.990575065884231,0.928926644664317,1.,           1787P   4898
0.923879532511287,1.,0.923879532511287,1.,0.923879532511287,1.,     1787P   4899
0.923879532511287,1.,0.923879532511287,1.,0.923879532511287,1.,     1787P   4900
0.923879532511287,1.,0.923879532511287,1.,0.923879532511287,1.,     1787P   4901
0.923879532511287,1.,0.923879532511287,1.,0.923879532511287,1.,     1787P   4902
0.923879532511287,1.,0.923879532511287,1.,0.923879532511287,1.,     1787P   4903
0.923879532511287,1.,0.923879532511287,1.,0.923879532511287,1.,     1787P   4904
0.923879532511287,1.,0.923879532511287,1.,0.923879532511287,1.,     1787P   4905
0.923879532511287,1.,0.923879532511287,1.,0.923879532511287,1.,     1787P   4906
0.923879532511287,1.,0.923879532511287,1.,0.923879532511287,1.,     1787P   4907
0.923879532511287,1.,0.923879532511287,1.,0.923879532511287,1.,     1787P   4908
0.923879532511287,1.,0.923879532511287,1.,0.923879532511287,1.,     1787P   4909
0.923879532511287,1.,0.923879532511287,1.,0.923879532511287,1.,     1787P   4910
0.923879532511287,1.,0.923879532511287,1.,0.923879532511287,1.,     1787P   4911
0.923879532511287,1.,0.923879532511287,1.,0.923879532511287,1.,     1787P   4912
0.923879532511287,1.,0.923879532511287,1.,0.923879532511287,1.,     1787P   4913
0.923879532511287,1.,0.923879532511287,1.,0.923879532511287,1.,     1787P   4914
0.923879532511287,1.,0.923879532511287,1.,0.923879532511287,1.,     1787P   4915
0.923879532511287,1.,0.923879532511287,1.,0.923879532511287,1.,     1787P   4916
0.923879532511287,1.,0.923879532511287,1.,0.923879532511287,1.,     1787P   4917
0.923879532511287,1.,0.923879532511287,1.,0.923879532511287,1.,     1787P   4918
0.923879532511287,1.,0.923879532511287,1.,0.923879532511287,1.,     1787P   4919
0.923879532511287,1.,0.923879532511287,1.,0.923879532511287,1.,     1787P   4920
0.923879532511287,1.,0.923879532511287,1.,0.923879532511287,1.,     1787P   4921
0.923879532511287,1.,0.923879532511287,1.,0.923879532511287,1.,     1787P   4922
0.923879532511287,1.,0.923879532511287,1.,0.923879532511287,1.,     1787P   4923
0.923879532511287,1.,0.923879532511287,1.,0.923879532511287,1.,     1787P   4924
0.923879532511287,1.,0.923879532511287,1.,0.923879532511287,1.,     1787P   4925
0.923879532511287,1.,0.928926644664322,0.990575065884221,           1787P   4926
10.012689136,-0.511024736,7.863341658,9.816124432,-4.362386774,     1787P   4927
7.774558379,7.089255603,-7.089255603,7.6875,4.152789785,            1787P   4928
-10.025721421,7.59375,0.,-10.025721421,7.5,-4.152789785,            1787P   4929
-10.025721421,7.40625,-7.089255603,-7.089255603,7.3125,             1787P   4930
-10.025721421,-4.152789785,7.21875,-10.025721421,0.,7.125,          1787P   4931
-10.025721421,4.152789785,7.03125,-7.089255603,7.089255603,         1787P   4932
6.9375,-4.152789785,10.025721421,6.84375,0.,10.025721421,6.75,      1787P   4933
4.152789785,10.025721421,6.65625,7.089255603,7.089255603,           1787P   4934
6.5625,10.025721421,4.152789785,6.46875,10.025721421,0.,6.375,      1787P   4935
10.025721421,-4.152789785,6.28125,7.089255603,-7.089255603,         1787P   4936
6.1875,4.152789785,-10.025721421,6.09375,0.,-10.025721421,6.,       1787P   4937
-4.152789785,-10.025721421,5.90625,-7.089255603,-7.089255603,       1787P   4938
5.8125,-10.025721421,-4.152789785,5.71875,-10.025721421,0.,         1787P   4939
5.625,-10.025721421,4.152789785,5.53125,-7.089255603,               1787P   4940
7.089255603,5.4375,-4.152789785,10.025721421,5.34375,0.,            1787P   4941
10.025721421,5.25,4.152789785,10.025721421,5.15625,7.089255603,     1787P   4942
7.089255603,5.0625,10.025721421,4.152789785,4.96875,                1787P   4943
10.025721421,0.,4.875,10.025721421,-4.152789785,4.78125,            1787P   4944
7.089255603,-7.089255603,4.6875,4.152789785,-10.025721421,          1787P   4945
4.59375,0.,-10.025721421,4.5,-4.152789785,-10.025721421,            1787P   4946
4.40625,-7.089255603,-7.089255603,4.3125,-10.025721421,             1787P   4947
-4.152789785,4.21875,-10.025721421,0.,4.125,-10.025721421,          1787P   4948
4.152789785,4.03125,-7.089255603,7.089255603,3.9375,                1787P   4949
-4.152789785,10.025721421,3.84375,0.,10.025721421,3.75,             1787P   4950
4.152789785,10.025721421,3.65625,7.089255603,7.089255603,           1787P   4951
3.5625,10.025721421,4.152789785,3.46875,10.025721421,0.,3.375,      1787P   4952
10.025721421,-4.152789785,3.28125,7.089255603,-7.089255603,         1787P   4953
3.1875,4.152789785,-10.025721421,3.09375,0.,-10.025721421,3.,       1787P   4954
-4.152789785,-10.025721421,2.90625,-7.089255603,-7.089255603,       1787P   4955
2.8125,-10.025721421,-4.152789785,2.71875,-10.025721421,0.,         1787P   4956
2.625,-10.025721421,4.152789785,2.53125,-7.089255603,               1787P   4957
7.089255603,2.4375,-4.152789785,10.025721421,2.34375,0.,            1787P   4958
10.025721421,2.25,4.152789785,10.025721421,2.15625,7.089255603,     1787P   4959
7.089255603,2.0625,10.025721421,4.152789785,1.96875,                1787P   4960
10.025721421,0.,1.875,10.025721421,-4.152789785,1.78125,            1787P   4961
7.089255603,-7.089255603,1.6875,4.152789785,-10.025721421,          1787P   4962
1.59375,0.,-10.025721421,1.5,-4.152789785,-10.025721421,            1787P   4963
1.40625,-7.089255603,-7.089255603,1.3125,-10.025721421,             1787P   4964
-4.152789785,1.21875,-10.025721421,0.,1.125,-10.025721421,          1787P   4965
4.152789785,1.03125,-7.089255603,7.089255603,0.9375,                1787P   4966
-4.152789785,10.025721421,0.84375,0.,10.025721421,0.75,             1787P   4967
4.152789785,10.025721421,0.65625,7.089255603,7.089255603,           1787P   4968
0.5625,10.025721421,4.152789785,0.46875,10.025721421,0.,0.375,      1787P   4969
10.025721421,-4.152789785,0.28125,7.089255603,-7.089255603,         1787P   4970
0.1875,4.152789785,-10.025721421,0.09375,0.,-10.025721421,0.,       1787P   4971
-4.152789785,-10.025721421,-0.09375,-7.089255603,-7.089255603,      1787P   4972
-0.1875,-10.025721421,-4.152789785,-0.28125,-10.025721421,0.,       1787P   4973
-0.375,-10.025721421,4.152789785,-0.46875,-7.089255603,             1787P   4974
7.089255603,-0.5625,-4.152789785,10.025721421,-0.65625,0.,          1787P   4975
10.025721421,-0.75,4.152789785,10.025721421,-0.84375,               1787P   4976
7.089255603,7.089255603,-0.9375,10.025721421,4.152789785,           1787P   4977
-1.03125,10.025721421,0.,-1.125,10.025721421,-4.152789785,          1787P   4978
-1.21875,7.089255603,-7.089255603,-1.3125,4.152789785,              1787P   4979
-10.025721421,-1.40625,0.,-10.025721421,-1.5,-4.152789785,          1787P   4980
-10.025721421,-1.59375,-7.089255603,-7.089255603,-1.6875,           1787P   4981
-10.025721421,-4.152789785,-1.78125,-10.025721421,0.,-1.875,        1787P   4982
-10.025721421,4.152789785,-1.96875,-7.089255603,7.089255603,        1787P   4983
-2.0625,-4.152789785,10.025721421,-2.15625,0.,10.025721421,         1787P   4984
-2.25,4.152789785,10.025721421,-2.34375,7.089255603,                1787P   4985
7.089255603,-2.4375,10.025721421,4.152789785,-2.53125,              1787P   4986
10.025721421,0.,-2.625,10.025721421,-4.152789785,-2.71875,          1787P   4987
7.089255603,-7.089255603,-2.8125,4.152789785,-10.025721421,         1787P   4988
-2.90625,0.,-10.025721421,-3.,-4.152789785,-10.025721421,           1787P   4989
-3.09375,-7.089255603,-7.089255603,-3.1875,-10.025721421,           1787P   4990
-4.152789785,-3.28125,-10.025721421,0.,-3.375,-10.025721421,        1787P   4991
4.152789785,-3.46875,-7.089255603,7.089255603,-3.5625,              1787P   4992
-4.152789785,10.025721421,-3.65625,0.,10.025721421,-3.75,           1787P   4993
4.152789785,10.025721421,-3.84375,7.089255603,7.089255603,          1787P   4994
-3.9375,10.025721421,4.152789785,-4.03125,10.025721421,0.,          1787P   4995
-4.125,10.025721421,-4.152789785,-4.21875,7.089255603,              1787P   4996
-7.089255603,-4.3125,4.152789785,-10.025721421,-4.40625,0.,         1787P   4997
-10.025721421,-4.5,-4.152789785,-10.025721421,-4.59375,             1787P   4998
-7.089255603,-7.089255603,-4.6875,-10.025721421,-4.152789785,       1787P   4999
-4.78125,-10.025721421,0.,-4.875,-10.025721421,4.152789785,         1787P   5000
-4.96875,-7.089255603,7.089255603,-5.0625,-4.152789785,             1787P   5001
10.025721421,-5.15625,0.,10.025721421,-5.25,4.152789785,            1787P   5002
10.025721421,-5.34375,7.089255603,7.089255603,-5.4375,              1787P   5003
10.025721421,4.152789785,-5.53125,10.025721421,0.,-5.625,           1787P   5004
10.025721421,-4.152789785,-5.71875,7.089255603,-7.089255603,        1787P   5005
-5.8125,4.152789785,-10.025721421,-5.90625,0.,-10.025721421,        1787P   5006
-6.,-4.152789785,-10.025721421,-6.09375,-7.089255603,               1787P   5007
-7.089255603,-6.1875,-10.025721421,-4.152789785,-6.28125,           1787P   5008
-10.025721421,0.,-6.375,-10.025721421,4.152789785,-6.46875,         1787P   5009
-7.089255603,7.089255603,-6.5625,-4.152789785,10.025721421,         1787P   5010
-6.65625,0.,10.025721421,-6.75,4.152789785,10.025721421,            1787P   5011
-6.84375,7.089255603,7.089255603,-6.9375,10.025721421,              1787P   5012
4.152789785,-7.03125,10.025721421,0.,-7.125,10.025721421,           1787P   5013
-4.152789785,-7.21875,7.089255603,-7.089255603,-7.3125,             1787P   5014
4.152789785,-10.025721421,-7.40625,0.,-10.025721421,-7.5,           1787P   5015
-4.152789785,-10.025721421,-7.59375,-7.089255603,-7.089255603,      1787P   5016
-7.6875,-9.816124432,-4.362386774,-7.774558379,-10.012689136,       1787P   5017
-0.511024736,-7.863341658,0.0967913872272186,0.903208612772781,     1787P   5018
-0.009348158,-0.022568449,0.999701594;                              1787P   5019
126,1,1,1,0,1,0,0.,0.,1.,1.,1.,1.,1.,0.903208613,0.,                1789P   5020
0.992997334,0.903846154,0.,0.,1.,0.,0.,1.;                          1789P   5021
126,3,3,1,0,1,0,0.,0.,0.,0.,1.,1.,1.,1.,1.,1.,1.,1.,                1791P   5022
-10.012689136,-0.511024736,-7.863341658,-10.023909872,              1791P   5023
-0.340191251,-7.865840192,-10.030683345,-0.169853497,               1791P   5024
-7.868303582,-10.033112514,0.,-7.87073275,0.,1.,0.,0.,0.;           1791P   5025
126,22,2,1,0,1,0,0.,0.,0.,0.125,0.125,0.1875,0.1875,0.25,0.25,      1793P   5026
0.375,0.375,0.4375,0.4375,0.5,0.5,0.625,0.625,0.6875,0.6875,        1793P   5027
0.75,0.75,0.875,0.875,1.,1.,1.,1.,1.,1.,1.,1.,1.,1.,1.,1.,1.,       1793P   5028
1.,1.,1.,1.,1.,1.,1.,1.,1.,1.,1.,1.,1.,0.992997334,0.903846154,     1793P   5029
0.,0.975218927,0.905489073,0.,0.935519898,0.908749594,0.,           1793P   5030
0.916308372,0.910327456,0.,0.906379788,0.911169755,0.,              1793P   5031
0.893057418,0.912299968,0.,0.87847484,0.913636315,0.,               1793P   5032
0.861290607,0.915211078,0.,0.821517372,0.918478273,0.,              1793P   5033
0.802858472,0.920011019,0.,0.792684123,0.920876231,0.,              1793P   5034
0.780594582,0.921904308,0.,0.765232567,0.923308356,0.,              1793P   5035
0.748227482,0.924862577,0.,0.708853436,0.928097004,0.,              1793P   5036
0.690525973,0.929602535,0.,0.68049531,0.930454694,0.,               1793P   5037
0.667590593,0.93155102,0.,0.653213873,0.932868419,0.,               1793P   5038
0.635974716,0.934448116,0.,0.597615406,0.937598614,0.,              1793P   5039
0.560282667,0.940664798,0.,0.542504529,0.942307692,0.,0.,1.,0.,     1793P   5040
0.,-1.;                                                             1793P   5041
126,17,3,1,0,1,0,0.,0.,0.,0.,0.125,0.125,0.25,0.25,0.375,0.375,     1795P   5042
0.5,0.5,0.625,0.625,0.75,0.75,0.875,0.875,1.,1.,1.,1.,1.,1.,1.,     1795P   5043
1.,1.,1.,1.,1.,1.,1.,1.,1.,1.,1.,1.,1.,1.,1.,-10.033112514,0.,      1795P   5044
-7.87073275,-10.052378688,1.347138851,-7.889998925,                 1795P   5045
-9.799417474,2.69140012,-7.910728408,-8.789660022,5.181567931,      1795P   5046
-7.952068334,-8.02799873,6.329983951,-7.972535941,-6.130473649,     1795P   5047
8.228570232,-8.010679321,-4.989099306,8.990511523,-8.03127109,      1795P   5048
-2.500828772,10.015084396,-8.072177794,-1.16538894,                 1795P   5049
10.277702655,-8.092066746,1.544561752,10.265820522,                 1795P   5050
-8.130195812,2.876620091,9.994833784,-8.150369877,5.366233039,      1795P   5051
8.956165388,-8.19090547,6.501696182,8.193287601,-8.210728968,       1795P   5052
8.399290366,6.29511846,-8.247997986,9.166789779,5.153347954,        1795P   5053
-8.268157839,10.207702347,2.68722865,-8.307933972,10.490327467,     1795P   5054
1.33773187,-8.327947704,10.508593461,0.,-8.346213698,0.,1.,         1795P   5055
0.005526669,0.014378894,0.999881345;                                1795P   5056
126,22,2,1,0,1,0,0.,0.,0.,0.125,0.125,0.1875,0.1875,0.25,0.25,      1797P   5057
0.375,0.375,0.4375,0.4375,0.5,0.5,0.625,0.625,0.6875,0.6875,        1797P   5058
0.75,0.75,0.875,0.875,1.,1.,1.,1.,1.,1.,1.,1.,1.,1.,1.,1.,1.,       1797P   5059
1.,1.,1.,1.,1.,1.,1.,1.,1.,1.,1.,1.,1.,0.542504529,0.942307692,     1797P   5060
0.,0.524725064,0.94395071,0.,0.485069193,0.947207675,0.,            1797P   5061
0.465804317,0.948789913,0.,0.455867582,0.949632939,0.,              1797P   5062
0.442471323,0.950769469,0.,0.428084676,0.952088446,0.,              1797P   5063
0.410867787,0.953666901,0.,0.371082267,0.956935072,0.,              1797P   5064
0.352495924,0.958461842,0.,0.342375435,0.959322116,0.,              1797P   5065
0.33011555,0.960364244,0.,0.314797273,0.961764638,0.,               1797P   5066
0.297768614,0.963321394,0.,0.258477431,0.966548948,0.,              1797P   5067
0.24008484,0.968059798,0.,0.230062501,0.968911136,0.,               1797P   5068
0.217026549,0.970018462,0.,0.202831688,0.971319819,0.,              1797P   5069
0.185559087,0.972903336,0.,0.147202356,0.976053602,0.,              1797P   5070
0.109791778,0.979126159,0.,0.092011725,0.980769231,0.,0.,1.,0.,     1797P   5071
0.,-1.;                                                             1797P   5072
126,17,3,1,0,1,0,0.,0.,0.,0.,0.125,0.125,0.25,0.25,0.375,0.375,     1799P   5073
0.5,0.5,0.625,0.625,0.75,0.75,0.875,0.875,1.,1.,1.,1.,1.,1.,1.,     1799P   5074
1.,1.,1.,1.,1.,1.,1.,1.,1.,1.,1.,1.,1.,1.,1.,10.508593461,0.,       1799P   5075
-8.346213698,10.527717049,-1.40053882,-8.365337286,10.26189988,     1799P   5076
-2.817563746,-8.386195795,9.205116989,-5.42066709,-8.427473974,     1799P   5077
8.415406319,-6.614691802,-8.447799716,6.417352901,-8.614307858,     1799P   5078
-8.486160773,5.231816916,-9.405158604,-8.50658955,2.614532995,      1799P   5079
-10.481985686,-8.547699429,1.212237953,-10.753635986,               1799P   5080
-8.567645845,-1.599931316,-10.740730467,-8.605457205,               1799P   5081
-3.009952228,-10.454151578,-8.625866208,-5.596363775,               1799P   5082
-9.375503349,-8.666124476,-6.795066766,-8.571908056,                1799P   5083
-8.686141867,-8.775291338,-6.591866022,-8.723313472,                1799P   5084
-9.580411906,-5.396386648,-8.743507071,-10.670992643,               1799P   5085
-2.811840777,-8.783378276,-10.965685816,-1.407644932,               1799P   5086
-8.803306053,-10.984074408,0.,-8.821694645,0.,1.,-0.005293934,      1799P   5087
-0.013725259,0.99989179;                                            1799P   5088
102,32,1673,1677,1681,1685,1689,1693,1697,1701,1705,1709,1713,      1801P   5089
1717,1721,1725,1729,1733,1737,1741,1745,1749,1753,1757,1761,        1801P   5090
1765,1769,1773,1777,1781,1785,1789,1793,1797;                       1801P   5091
102,32,1675,1679,1683,1687,1691,1695,1699,1703,1707,1711,1715,      1803P   5092
1719,1723,1727,1731,1735,1739,1743,1747,1751,1755,1759,1763,        1803P   5093
1767,1771,1775,1779,1783,1787,1791,1795,1799;                       1803P   5094
142,1,1671,1801,1803,1;                                             1805P   5095
144,1671,1,0,1805;                                                  1807P   5096
128,1,174,1,2,0,0,0,0,0,0.,0.,1.,1.,0.0822798069508683,             1809P   5097
0.0822798069508683,0.0822798069508683,0.0865384615384615,           1809P   5098
0.0865384615384615,0.0961538461538462,0.0961538461538462,           1809P   5099
0.105769230769231,0.105769230769231,0.115384615384615,              1809P   5100
0.115384615384615,0.125,0.125,0.134615384615385,                    1809P   5101
0.134615384615385,0.144230769230769,0.144230769230769,              1809P   5102
0.153846153846154,0.153846153846154,0.163461538461538,              1809P   5103
0.163461538461538,0.173076923076923,0.173076923076923,              1809P   5104
0.182692307692308,0.182692307692308,0.192307692307692,              1809P   5105
0.192307692307692,0.201923076923077,0.201923076923077,              1809P   5106
0.211538461538462,0.211538461538462,0.221153846153846,              1809P   5107
0.221153846153846,0.230769230769231,0.230769230769231,              1809P   5108
0.240384615384615,0.240384615384615,0.25,0.25,                      1809P   5109
0.259615384615385,0.259615384615385,0.269230769230769,              1809P   5110
0.269230769230769,0.278846153846154,0.278846153846154,              1809P   5111
0.288461538461538,0.288461538461538,0.298076923076923,              1809P   5112
0.298076923076923,0.307692307692308,0.307692307692308,              1809P   5113
0.317307692307692,0.317307692307692,0.326923076923077,              1809P   5114
0.326923076923077,0.336538461538462,0.336538461538462,              1809P   5115
0.346153846153846,0.346153846153846,0.355769230769231,              1809P   5116
0.355769230769231,0.365384615384615,0.365384615384615,0.375,        1809P   5117
0.375,0.384615384615385,0.384615384615385,0.394230769230769,        1809P   5118
0.394230769230769,0.403846153846154,0.403846153846154,              1809P   5119
0.413461538461538,0.413461538461538,0.423076923076923,              1809P   5120
0.423076923076923,0.432692307692308,0.432692307692308,              1809P   5121
0.442307692307692,0.442307692307692,0.451923076923077,              1809P   5122
0.451923076923077,0.461538461538462,0.461538461538462,              1809P   5123
0.471153846153846,0.471153846153846,0.480769230769231,              1809P   5124
0.480769230769231,0.490384615384615,0.490384615384615,0.5,0.5,      1809P   5125
0.509615384615385,0.509615384615385,0.519230769230769,              1809P   5126
0.519230769230769,0.528846153846154,0.528846153846154,              1809P   5127
0.538461538461538,0.538461538461538,0.548076923076923,              1809P   5128
0.548076923076923,0.557692307692308,0.557692307692308,              1809P   5129
0.567307692307692,0.567307692307692,0.576923076923077,              1809P   5130
0.576923076923077,0.586538461538462,0.586538461538462,              1809P   5131
0.596153846153846,0.596153846153846,0.605769230769231,              1809P   5132
0.605769230769231,0.615384615384615,0.615384615384615,0.625,        1809P   5133
0.625,0.634615384615385,0.634615384615385,0.644230769230769,        1809P   5134
0.644230769230769,0.653846153846154,0.653846153846154,              1809P   5135
0.663461538461538,0.663461538461538,0.673076923076923,              1809P   5136
0.673076923076923,0.682692307692308,0.682692307692308,              1809P   5137
0.692307692307692,0.692307692307692,0.701923076923077,              1809P   5138
0.701923076923077,0.711538461538462,0.711538461538462,              1809P   5139
0.721153846153846,0.721153846153846,0.730769230769231,              1809P   5140
0.730769230769231,0.740384615384615,0.740384615384615,0.75,         1809P   5141
0.75,0.759615384615385,0.759615384615385,0.769230769230769,         1809P   5142
0.769230769230769,0.778846153846154,0.778846153846154,              1809P   5143
0.788461538461538,0.788461538461538,0.798076923076923,              1809P   5144
0.798076923076923,0.807692307692308,0.807692307692308,              1809P   5145
0.817307692307692,0.817307692307692,0.826923076923077,              1809P   5146
0.826923076923077,0.836538461538462,0.836538461538462,              1809P   5147
0.846153846153846,0.846153846153846,0.855769230769231,              1809P   5148
0.855769230769231,0.865384615384615,0.865384615384615,0.875,        1809P   5149
0.875,0.884615384615385,0.884615384615385,0.894230769230769,        1809P   5150
0.894230769230769,0.903846153846154,0.903846153846154,              1809P   5151
0.908104808433746,0.908104808433746,0.908104808433746,              1809P   5152
0.962436132781831,0.962436132781831,0.966286239079623,              1809P   5153
0.966286239079623,1.,1.,0.923879532511287,0.923879532511287,1.,     1809P   5154
1.,0.923879532511287,0.923879532511287,1.,1.,0.923879532511287,     1809P   5155
0.923879532511287,1.,1.,0.923879532511287,0.923879532511287,1.,     1809P   5156
1.,0.923879532511287,0.923879532511287,1.,1.,0.923879532511287,     1809P   5157
0.923879532511287,1.,1.,0.923879532511287,0.923879532511287,1.,     1809P   5158
1.,0.923879532511287,0.923879532511287,1.,1.,0.923879532511287,     1809P   5159
0.923879532511287,1.,1.,0.923879532511287,0.923879532511287,1.,     1809P   5160
1.,0.923879532511287,0.923879532511287,1.,1.,0.923879532511287,     1809P   5161
0.923879532511287,1.,1.,0.923879532511287,0.923879532511287,1.,     1809P   5162
1.,0.923879532511287,0.923879532511287,1.,1.,0.923879532511287,     1809P   5163
0.923879532511287,1.,1.,0.923879532511287,0.923879532511287,1.,     1809P   5164
1.,0.923879532511287,0.923879532511287,1.,1.,0.923879532511287,     1809P   5165
0.923879532511287,1.,1.,0.923879532511287,0.923879532511287,1.,     1809P   5166
1.,0.923879532511287,0.923879532511287,1.,1.,0.923879532511287,     1809P   5167
0.923879532511287,1.,1.,0.923879532511287,0.923879532511287,1.,     1809P   5168
1.,0.923879532511287,0.923879532511287,1.,1.,0.923879532511287,     1809P   5169
0.923879532511287,1.,1.,0.923879532511287,0.923879532511287,1.,     1809P   5170
1.,0.923879532511287,0.923879532511287,1.,1.,0.923879532511287,     1809P   5171
0.923879532511287,1.,1.,0.923879532511287,0.923879532511287,1.,     1809P   5172
1.,0.923879532511287,0.923879532511287,1.,1.,0.923879532511287,     1809P   5173
0.923879532511287,1.,1.,0.923879532511287,0.923879532511287,1.,     1809P   5174
1.,0.923879532511287,0.923879532511287,1.,1.,0.923879532511287,     1809P   5175
0.923879532511287,1.,1.,0.923879532511287,0.923879532511287,1.,     1809P   5176
1.,0.923879532511287,0.923879532511287,1.,1.,0.923879532511287,     1809P   5177
0.923879532511287,1.,1.,0.923879532511287,0.923879532511287,1.,     1809P   5178
1.,0.923879532511287,0.923879532511287,1.,1.,0.923879532511287,     1809P   5179
0.923879532511287,1.,1.,0.923879532511287,0.923879532511287,1.,     1809P   5180
1.,0.923879532511287,0.923879532511287,1.,1.,0.923879532511287,     1809P   5181
0.923879532511287,1.,1.,0.923879532511287,0.923879532511287,1.,     1809P   5182
1.,0.923879532511287,0.923879532511287,1.,1.,0.923879532511287,     1809P   5183
0.923879532511287,1.,1.,0.923879532511287,0.923879532511287,1.,     1809P   5184
1.,0.923879532511287,0.923879532511287,1.,1.,0.923879532511287,     1809P   5185
0.923879532511287,1.,1.,0.923879532511287,0.923879532511287,1.,     1809P   5186
1.,0.923879532511287,0.923879532511287,1.,1.,0.923879532511287,     1809P   5187
0.923879532511287,1.,1.,0.923879532511287,0.923879532511287,1.,     1809P   5188
1.,0.923879532511287,0.923879532511287,1.,1.,0.923879532511287,     1809P   5189
0.923879532511287,1.,1.,0.923879532511287,0.923879532511287,1.,     1809P   5190
1.,0.923879532511287,0.923879532511287,1.,1.,0.923879532511287,     1809P   5191
0.923879532511287,1.,1.,0.923879532511287,0.923879532511287,1.,     1809P   5192
1.,0.923879532511287,0.923879532511287,1.,1.,0.923879532511287,     1809P   5193
0.923879532511287,1.,1.,0.923879532511287,0.923879532511287,1.,     1809P   5194
1.,0.923879532511287,0.923879532511287,1.,1.,0.923879532511287,     1809P   5195
0.923879532511287,1.,1.,0.923879532511287,0.923879532511287,1.,     1809P   5196
1.,0.923879532511287,0.923879532511287,1.,1.,0.923879532511287,     1809P   5197
0.923879532511287,1.,1.,0.923879532511287,0.923879532511287,1.,     1809P   5198
1.,0.923879532511287,0.923879532511287,1.,1.,0.923879532511287,     1809P   5199
0.923879532511287,1.,1.,0.923879532511287,0.923879532511287,1.,     1809P   5200
1.,0.923879532511287,0.923879532511287,1.,1.,0.923879532511287,     1809P   5201
0.923879532511287,1.,1.,0.923879532511287,0.923879532511287,1.,     1809P   5202
1.,0.923879532511287,0.923879532511287,1.,1.,0.923879532511287,     1809P   5203
0.923879532511287,1.,1.,0.923879532511287,0.923879532511287,1.,     1809P   5204
1.,0.923879532511287,0.923879532511287,1.,1.,0.923879532511287,     1809P   5205
0.923879532511287,1.,1.,0.923879532511287,0.923879532511287,1.,     1809P   5206
1.,0.923879532511287,0.923879532511287,1.,1.,0.923879532511287,     1809P   5207
0.923879532511287,1.,1.,0.923879532511287,0.923879532511287,1.,     1809P   5208
1.,0.923879532511287,0.923879532511287,1.,1.,0.923879532511287,     1809P   5209
0.923879532511287,1.,1.,0.923879532511287,0.923879532511287,1.,     1809P   5210
1.,0.966286239079628,0.966286239079628,0.962436132781833,           1809P   5211
0.962436132781833,4.253315159,9.078788474,8.1451259,                1809P   5212
4.253315159,9.078788474,7.9576259,5.845771445,8.332739761,          1809P   5213
8.102199641,5.845771445,8.332739761,7.914699641,7.089255603,        1809P   5214
7.089255603,8.0625,7.089255603,7.089255603,7.875,10.025721421,      1809P   5215
4.152789785,7.96875,10.025721421,4.152789785,7.78125,               1809P   5216
10.025721421,0.,7.875,10.025721421,0.,7.6875,10.025721421,          1809P   5217
-4.152789785,7.78125,10.025721421,-4.152789785,7.59375,             1809P   5218
7.089255603,-7.089255603,7.6875,7.089255603,-7.089255603,7.5,       1809P   5219
4.152789785,-10.025721421,7.59375,4.152789785,-10.025721421,        1809P   5220
7.40625,0.,-10.025721421,7.5,0.,-10.025721421,7.3125,               1809P   5221
-4.152789785,-10.025721421,7.40625,-4.152789785,-10.025721421,      1809P   5222
7.21875,-7.089255603,-7.089255603,7.3125,-7.089255603,              1809P   5223
-7.089255603,7.125,-10.025721421,-4.152789785,7.21875,              1809P   5224
-10.025721421,-4.152789785,7.03125,-10.025721421,0.,7.125,          1809P   5225
-10.025721421,0.,6.9375,-10.025721421,4.152789785,7.03125,          1809P   5226
-10.025721421,4.152789785,6.84375,-7.089255603,7.089255603,         1809P   5227
6.9375,-7.089255603,7.089255603,6.75,-4.152789785,10.025721421,     1809P   5228
6.84375,-4.152789785,10.025721421,6.65625,0.,10.025721421,6.75,     1809P   5229
0.,10.025721421,6.5625,4.152789785,10.025721421,6.65625,            1809P   5230
4.152789785,10.025721421,6.46875,7.089255603,7.089255603,           1809P   5231
6.5625,7.089255603,7.089255603,6.375,10.025721421,4.152789785,      1809P   5232
6.46875,10.025721421,4.152789785,6.28125,10.025721421,0.,6.375,     1809P   5233
10.025721421,0.,6.1875,10.025721421,-4.152789785,6.28125,           1809P   5234
10.025721421,-4.152789785,6.09375,7.089255603,-7.089255603,         1809P   5235
6.1875,7.089255603,-7.089255603,6.,4.152789785,-10.025721421,       1809P   5236
6.09375,4.152789785,-10.025721421,5.90625,0.,-10.025721421,6.,      1809P   5237
0.,-10.025721421,5.8125,-4.152789785,-10.025721421,5.90625,         1809P   5238
-4.152789785,-10.025721421,5.71875,-7.089255603,-7.089255603,       1809P   5239
5.8125,-7.089255603,-7.089255603,5.625,-10.025721421,               1809P   5240
-4.152789785,5.71875,-10.025721421,-4.152789785,5.53125,            1809P   5241
-10.025721421,0.,5.625,-10.025721421,0.,5.4375,-10.025721421,       1809P   5242
4.152789785,5.53125,-10.025721421,4.152789785,5.34375,              1809P   5243
-7.089255603,7.089255603,5.4375,-7.089255603,7.089255603,5.25,      1809P   5244
-4.152789785,10.025721421,5.34375,-4.152789785,10.025721421,        1809P   5245
5.15625,0.,10.025721421,5.25,0.,10.025721421,5.0625,                1809P   5246
4.152789785,10.025721421,5.15625,4.152789785,10.025721421,          1809P   5247
4.96875,7.089255603,7.089255603,5.0625,7.089255603,7.089255603,     1809P   5248
4.875,10.025721421,4.152789785,4.96875,10.025721421,                1809P   5249
4.152789785,4.78125,10.025721421,0.,4.875,10.025721421,0.,          1809P   5250
4.6875,10.025721421,-4.152789785,4.78125,10.025721421,              1809P   5251
-4.152789785,4.59375,7.089255603,-7.089255603,4.6875,               1809P   5252
7.089255603,-7.089255603,4.5,4.152789785,-10.025721421,4.59375,     1809P   5253
4.152789785,-10.025721421,4.40625,0.,-10.025721421,4.5,0.,          1809P   5254
-10.025721421,4.3125,-4.152789785,-10.025721421,4.40625,            1809P   5255
-4.152789785,-10.025721421,4.21875,-7.089255603,-7.089255603,       1809P   5256
4.3125,-7.089255603,-7.089255603,4.125,-10.025721421,               1809P   5257
-4.152789785,4.21875,-10.025721421,-4.152789785,4.03125,            1809P   5258
-10.025721421,0.,4.125,-10.025721421,0.,3.9375,-10.025721421,       1809P   5259
4.152789785,4.03125,-10.025721421,4.152789785,3.84375,              1809P   5260
-7.089255603,7.089255603,3.9375,-7.089255603,7.089255603,3.75,      1809P   5261
-4.152789785,10.025721421,3.84375,-4.152789785,10.025721421,        1809P   5262
3.65625,0.,10.025721421,3.75,0.,10.025721421,3.5625,                1809P   5263
4.152789785,10.025721421,3.65625,4.152789785,10.025721421,          1809P   5264
3.46875,7.089255603,7.089255603,3.5625,7.089255603,7.089255603,     1809P   5265
3.375,10.025721421,4.152789785,3.46875,10.025721421,                1809P   5266
4.152789785,3.28125,10.025721421,0.,3.375,10.025721421,0.,          1809P   5267
3.1875,10.025721421,-4.152789785,3.28125,10.025721421,              1809P   5268
-4.152789785,3.09375,7.089255603,-7.089255603,3.1875,               1809P   5269
7.089255603,-7.089255603,3.,4.152789785,-10.025721421,3.09375,      1809P   5270
4.152789785,-10.025721421,2.90625,0.,-10.025721421,3.,0.,           1809P   5271
-10.025721421,2.8125,-4.152789785,-10.025721421,2.90625,            1809P   5272
-4.152789785,-10.025721421,2.71875,-7.089255603,-7.089255603,       1809P   5273
2.8125,-7.089255603,-7.089255603,2.625,-10.025721421,               1809P   5274
-4.152789785,2.71875,-10.025721421,-4.152789785,2.53125,            1809P   5275
-10.025721421,0.,2.625,-10.025721421,0.,2.4375,-10.025721421,       1809P   5276
4.152789785,2.53125,-10.025721421,4.152789785,2.34375,              1809P   5277
-7.089255603,7.089255603,2.4375,-7.089255603,7.089255603,2.25,      1809P   5278
-4.152789785,10.025721421,2.34375,-4.152789785,10.025721421,        1809P   5279
2.15625,0.,10.025721421,2.25,0.,10.025721421,2.0625,                1809P   5280
4.152789785,10.025721421,2.15625,4.152789785,10.025721421,          1809P   5281
1.96875,7.089255603,7.089255603,2.0625,7.089255603,7.089255603,     1809P   5282
1.875,10.025721421,4.152789785,1.96875,10.025721421,                1809P   5283
4.152789785,1.78125,10.025721421,0.,1.875,10.025721421,0.,          1809P   5284
1.6875,10.025721421,-4.152789785,1.78125,10.025721421,              1809P   5285
-4.152789785,1.59375,7.089255603,-7.089255603,1.6875,               1809P   5286
7.089255603,-7.089255603,1.5,4.152789785,-10.025721421,1.59375,     1809P   5287
4.152789785,-10.025721421,1.40625,0.,-10.025721421,1.5,0.,          1809P   5288
-10.025721421,1.3125,-4.152789785,-10.025721421,1.40625,            1809P   5289
-4.152789785,-10.025721421,1.21875,-7.089255603,-7.089255603,       1809P   5290
1.3125,-7.089255603,-7.089255603,1.125,-10.025721421,               1809P   5291
-4.152789785,1.21875,-10.025721421,-4.152789785,1.03125,            1809P   5292
-10.025721421,0.,1.125,-10.025721421,0.,0.9375,-10.025721421,       1809P   5293
4.152789785,1.03125,-10.025721421,4.152789785,0.84375,              1809P   5294
-7.089255603,7.089255603,0.9375,-7.089255603,7.089255603,0.75,      1809P   5295
-4.152789785,10.025721421,0.84375,-4.152789785,10.025721421,        1809P   5296
0.65625,0.,10.025721421,0.75,0.,10.025721421,0.5625,                1809P   5297
4.152789785,10.025721421,0.65625,4.152789785,10.025721421,          1809P   5298
0.46875,7.089255603,7.089255603,0.5625,7.089255603,7.089255603,     1809P   5299
0.375,10.025721421,4.152789785,0.46875,10.025721421,                1809P   5300
4.152789785,0.28125,10.025721421,0.,0.375,10.025721421,0.,          1809P   5301
0.1875,10.025721421,-4.152789785,0.28125,10.025721421,              1809P   5302
-4.152789785,0.09375,7.089255603,-7.089255603,0.1875,               1809P   5303
7.089255603,-7.089255603,0.,4.152789785,-10.025721421,0.09375,      1809P   5304
4.152789785,-10.025721421,-0.09375,0.,-10.025721421,0.,0.,          1809P   5305
-10.025721421,-0.1875,-4.152789785,-10.025721421,-0.09375,          1809P   5306
-4.152789785,-10.025721421,-0.28125,-7.089255603,-7.089255603,      1809P   5307
-0.1875,-7.089255603,-7.089255603,-0.375,-10.025721421,             1809P   5308
-4.152789785,-0.28125,-10.025721421,-4.152789785,-0.46875,          1809P   5309
-10.025721421,0.,-0.375,-10.025721421,0.,-0.5625,-10.025721421,     1809P   5310
4.152789785,-0.46875,-10.025721421,4.152789785,-0.65625,            1809P   5311
-7.089255603,7.089255603,-0.5625,-7.089255603,7.089255603,          1809P   5312
-0.75,-4.152789785,10.025721421,-0.65625,-4.152789785,              1809P   5313
10.025721421,-0.84375,0.,10.025721421,-0.75,0.,10.025721421,        1809P   5314
-0.9375,4.152789785,10.025721421,-0.84375,4.152789785,              1809P   5315
10.025721421,-1.03125,7.089255603,7.089255603,-0.9375,              1809P   5316
7.089255603,7.089255603,-1.125,10.025721421,4.152789785,            1809P   5317
-1.03125,10.025721421,4.152789785,-1.21875,10.025721421,0.,         1809P   5318
-1.125,10.025721421,0.,-1.3125,10.025721421,-4.152789785,           1809P   5319
-1.21875,10.025721421,-4.152789785,-1.40625,7.089255603,            1809P   5320
-7.089255603,-1.3125,7.089255603,-7.089255603,-1.5,4.152789785,     1809P   5321
-10.025721421,-1.40625,4.152789785,-10.025721421,-1.59375,0.,       1809P   5322
-10.025721421,-1.5,0.,-10.025721421,-1.6875,-4.152789785,           1809P   5323
-10.025721421,-1.59375,-4.152789785,-10.025721421,-1.78125,         1809P   5324
-7.089255603,-7.089255603,-1.6875,-7.089255603,-7.089255603,        1809P   5325
-1.875,-10.025721421,-4.152789785,-1.78125,-10.025721421,           1809P   5326
-4.152789785,-1.96875,-10.025721421,0.,-1.875,-10.025721421,0.,     1809P   5327
-2.0625,-10.025721421,4.152789785,-1.96875,-10.025721421,           1809P   5328
4.152789785,-2.15625,-7.089255603,7.089255603,-2.0625,              1809P   5329
-7.089255603,7.089255603,-2.25,-4.152789785,10.025721421,           1809P   5330
-2.15625,-4.152789785,10.025721421,-2.34375,0.,10.025721421,        1809P   5331
-2.25,0.,10.025721421,-2.4375,4.152789785,10.025721421,             1809P   5332
-2.34375,4.152789785,10.025721421,-2.53125,7.089255603,             1809P   5333
7.089255603,-2.4375,7.089255603,7.089255603,-2.625,                 1809P   5334
10.025721421,4.152789785,-2.53125,10.025721421,4.152789785,         1809P   5335
-2.71875,10.025721421,0.,-2.625,10.025721421,0.,-2.8125,            1809P   5336
10.025721421,-4.152789785,-2.71875,10.025721421,-4.152789785,       1809P   5337
-2.90625,7.089255603,-7.089255603,-2.8125,7.089255603,              1809P   5338
-7.089255603,-3.,4.152789785,-10.025721421,-2.90625,                1809P   5339
4.152789785,-10.025721421,-3.09375,0.,-10.025721421,-3.,0.,         1809P   5340
-10.025721421,-3.1875,-4.152789785,-10.025721421,-3.09375,          1809P   5341
-4.152789785,-10.025721421,-3.28125,-7.089255603,-7.089255603,      1809P   5342
-3.1875,-7.089255603,-7.089255603,-3.375,-10.025721421,             1809P   5343
-4.152789785,-3.28125,-10.025721421,-4.152789785,-3.46875,          1809P   5344
-10.025721421,0.,-3.375,-10.025721421,0.,-3.5625,-10.025721421,     1809P   5345
4.152789785,-3.46875,-10.025721421,4.152789785,-3.65625,            1809P   5346
-7.089255603,7.089255603,-3.5625,-7.089255603,7.089255603,          1809P   5347
-3.75,-4.152789785,10.025721421,-3.65625,-4.152789785,              1809P   5348
10.025721421,-3.84375,0.,10.025721421,-3.75,0.,10.025721421,        1809P   5349
-3.9375,4.152789785,10.025721421,-3.84375,4.152789785,              1809P   5350
10.025721421,-4.03125,7.089255603,7.089255603,-3.9375,              1809P   5351
7.089255603,7.089255603,-4.125,10.025721421,4.152789785,            1809P   5352
-4.03125,10.025721421,4.152789785,-4.21875,10.025721421,0.,         1809P   5353
-4.125,10.025721421,0.,-4.3125,10.025721421,-4.152789785,           1809P   5354
-4.21875,10.025721421,-4.152789785,-4.40625,7.089255603,            1809P   5355
-7.089255603,-4.3125,7.089255603,-7.089255603,-4.5,4.152789785,     1809P   5356
-10.025721421,-4.40625,4.152789785,-10.025721421,-4.59375,0.,       1809P   5357
-10.025721421,-4.5,0.,-10.025721421,-4.6875,-4.152789785,           1809P   5358
-10.025721421,-4.59375,-4.152789785,-10.025721421,-4.78125,         1809P   5359
-7.089255603,-7.089255603,-4.6875,-7.089255603,-7.089255603,        1809P   5360
-4.875,-10.025721421,-4.152789785,-4.78125,-10.025721421,           1809P   5361
-4.152789785,-4.96875,-10.025721421,0.,-4.875,-10.025721421,0.,     1809P   5362
-5.0625,-10.025721421,4.152789785,-4.96875,-10.025721421,           1809P   5363
4.152789785,-5.15625,-7.089255603,7.089255603,-5.0625,              1809P   5364
-7.089255603,7.089255603,-5.25,-4.152789785,10.025721421,           1809P   5365
-5.15625,-4.152789785,10.025721421,-5.34375,0.,10.025721421,        1809P   5366
-5.25,0.,10.025721421,-5.4375,4.152789785,10.025721421,             1809P   5367
-5.34375,4.152789785,10.025721421,-5.53125,7.089255603,             1809P   5368
7.089255603,-5.4375,7.089255603,7.089255603,-5.625,                 1809P   5369
10.025721421,4.152789785,-5.53125,10.025721421,4.152789785,         1809P   5370
-5.71875,10.025721421,0.,-5.625,10.025721421,0.,-5.8125,            1809P   5371
10.025721421,-4.152789785,-5.71875,10.025721421,-4.152789785,       1809P   5372
-5.90625,7.089255603,-7.089255603,-5.8125,7.089255603,              1809P   5373
-7.089255603,-6.,4.152789785,-10.025721421,-5.90625,                1809P   5374
4.152789785,-10.025721421,-6.09375,0.,-10.025721421,-6.,0.,         1809P   5375
-10.025721421,-6.1875,-4.152789785,-10.025721421,-6.09375,          1809P   5376
-4.152789785,-10.025721421,-6.28125,-7.089255603,-7.089255603,      1809P   5377
-6.1875,-7.089255603,-7.089255603,-6.375,-10.025721421,             1809P   5378
-4.152789785,-6.28125,-10.025721421,-4.152789785,-6.46875,          1809P   5379
-10.025721421,0.,-6.375,-10.025721421,0.,-6.5625,-10.025721421,     1809P   5380
4.152789785,-6.46875,-10.025721421,4.152789785,-6.65625,            1809P   5381
-7.089255603,7.089255603,-6.5625,-7.089255603,7.089255603,          1809P   5382
-6.75,-4.152789785,10.025721421,-6.65625,-4.152789785,              1809P   5383
10.025721421,-6.84375,0.,10.025721421,-6.75,0.,10.025721421,        1809P   5384
-6.9375,4.152789785,10.025721421,-6.84375,4.152789785,              1809P   5385
10.025721421,-7.03125,7.089255603,7.089255603,-6.9375,              1809P   5386
7.089255603,7.089255603,-7.125,10.025721421,4.152789785,            1809P   5387
-7.03125,10.025721421,4.152789785,-7.21875,10.025721421,0.,         1809P   5388
-7.125,10.025721421,0.,-7.3125,10.025721421,-4.152789785,           1809P   5389
-7.21875,10.025721421,-4.152789785,-7.40625,7.089255603,            1809P   5390
-7.089255603,-7.3125,7.089255603,-7.089255603,-7.5,4.152789785,     1809P   5391
-10.025721421,-7.40625,4.152789785,-10.025721421,-7.59375,0.,       1809P   5392
-10.025721421,-7.5,0.,-10.025721421,-7.6875,-4.152789785,           1809P   5393
-10.025721421,-7.59375,-4.152789785,-10.025721421,-7.78125,         1809P   5394
-7.089255603,-7.089255603,-7.6875,-7.089255603,-7.089255603,        1809P   5395
-7.875,-10.025721421,-4.152789785,-7.78125,-10.025721421,           1809P   5396
-4.152789785,-7.96875,-10.025721421,0.,-7.875,-10.025721421,0.,     1809P   5397
-8.0625,-10.025721421,1.758552161,-7.914699641,-10.025721421,       1809P   5398
1.758552161,-8.102199641,-9.427220887,3.412124904,-7.9576259,       1809P   5399
-9.427220887,3.412124904,-8.1451259,0.,1.,0.0822798069508683,       1809P   5400
0.908104808433746;                                                  1809P   5401
126,10,2,1,0,1,0,0.,0.,0.,0.125,0.125,0.25,0.25,0.5,0.5,0.75,       1811P   5402
0.75,1.,1.,1.,1.,1.,1.,1.,1.,1.,1.,1.,1.,1.,1.,1.,0.893593228,      1811P   5403
0.,0.940134895,0.894198418,0.,0.880269974,0.894821502,0.,           1811P   5404
0.845286309,0.895185618,0.,0.757631298,0.896034727,0.,              1811P   5405
0.660573639,0.896974919,0.,0.50441552,0.898422111,0.,               1811P   5406
0.287535208,0.900432045,0.,0.248720988,0.900796795,0.,              1811P   5407
0.104658686,0.902150594,0.,0.,0.903208613,0.,0.,1.,0.,0.,1.;        1811P   5408
126,3,3,1,0,1,0,0.,0.,0.,0.,1.,1.,1.,1.,1.,1.,1.,1.,                1813P   5409
-6.718691329,-7.441389442,-7.863341658,-8.668744254,                1813P   5410
-5.680723133,-7.863341658,-9.878772575,-3.134899469,                1813P   5411
-7.863341658,-10.012689136,-0.511024736,-7.863341658,0.,1.,0.,      1813P   5412
0.,1.;                                                              1813P   5413
126,1,1,1,0,1,0,0.,0.,1.,1.,1.,1.,0.,0.903208613,0.,0.,             1815P   5414
0.096791387,0.,0.,1.,0.,0.,1.;                                      1815P   5415
126,168,2,0,0,0,0,0.0967913872272193,0.0967913872272193,            1817P   5416
0.0967913872272193,0.105769230769231,0.105769230769231,             1817P   5417
0.115384615384615,0.115384615384615,0.125,0.125,                    1817P   5418
0.134615384615385,0.134615384615385,0.144230769230769,              1817P   5419
0.144230769230769,0.153846153846154,0.153846153846154,              1817P   5420
0.163461538461538,0.163461538461538,0.173076923076923,              1817P   5421
0.173076923076923,0.182692307692308,0.182692307692308,              1817P   5422
0.192307692307692,0.192307692307692,0.201923076923077,              1817P   5423
0.201923076923077,0.211538461538462,0.211538461538462,              1817P   5424
0.221153846153846,0.221153846153846,0.230769230769231,              1817P   5425
0.230769230769231,0.240384615384615,0.240384615384615,0.25,         1817P   5426
0.25,0.259615384615385,0.259615384615385,0.269230769230769,         1817P   5427
0.269230769230769,0.278846153846154,0.278846153846154,              1817P   5428
0.288461538461538,0.288461538461538,0.298076923076923,              1817P   5429
0.298076923076923,0.307692307692308,0.307692307692308,              1817P   5430
0.317307692307692,0.317307692307692,0.326923076923077,              1817P   5431
0.326923076923077,0.336538461538462,0.336538461538462,              1817P   5432
0.346153846153846,0.346153846153846,0.355769230769231,              1817P   5433
0.355769230769231,0.365384615384615,0.365384615384615,0.375,        1817P   5434
0.375,0.384615384615385,0.384615384615385,0.394230769230769,        1817P   5435
0.394230769230769,0.403846153846154,0.403846153846154,              1817P   5436
0.413461538461538,0.413461538461538,0.423076923076923,              1817P   5437
0.423076923076923,0.432692307692308,0.432692307692308,              1817P   5438
0.442307692307692,0.442307692307692,0.451923076923077,              1817P   5439
0.451923076923077,0.461538461538462,0.461538461538462,              1817P   5440
0.471153846153846,0.471153846153846,0.480769230769231,              1817P   5441
0.480769230769231,0.490384615384615,0.490384615384615,0.5,0.5,      1817P   5442
0.509615384615385,0.509615384615385,0.519230769230769,              1817P   5443
0.519230769230769,0.528846153846154,0.528846153846154,              1817P   5444
0.538461538461538,0.538461538461538,0.548076923076923,              1817P   5445
0.548076923076923,0.557692307692308,0.557692307692308,              1817P   5446
0.567307692307692,0.567307692307692,0.576923076923077,              1817P   5447
0.576923076923077,0.586538461538462,0.586538461538462,              1817P   5448
0.596153846153846,0.596153846153846,0.605769230769231,              1817P   5449
0.605769230769231,0.615384615384615,0.615384615384615,0.625,        1817P   5450
0.625,0.634615384615385,0.634615384615385,0.644230769230769,        1817P   5451
0.644230769230769,0.653846153846154,0.653846153846154,              1817P   5452
0.663461538461538,0.663461538461538,0.673076923076923,              1817P   5453
0.673076923076923,0.682692307692308,0.682692307692308,              1817P   5454
0.692307692307692,0.692307692307692,0.701923076923077,              1817P   5455
0.701923076923077,0.711538461538462,0.711538461538462,              1817P   5456
0.721153846153846,0.721153846153846,0.730769230769231,              1817P   5457
0.730769230769231,0.740384615384615,0.740384615384615,0.75,         1817P   5458
0.75,0.759615384615385,0.759615384615385,0.769230769230769,         1817P   5459
0.769230769230769,0.778846153846154,0.778846153846154,              1817P   5460
0.788461538461538,0.788461538461538,0.798076923076923,              1817P   5461
0.798076923076923,0.807692307692308,0.807692307692308,              1817P   5462
0.817307692307692,0.817307692307692,0.826923076923077,              1817P   5463
0.826923076923077,0.836538461538462,0.836538461538462,              1817P   5464
0.846153846153846,0.846153846153846,0.855769230769231,              1817P   5465
0.855769230769231,0.865384615384615,0.865384615384615,0.875,        1817P   5466
0.875,0.884615384615385,0.884615384615385,0.894230769230769,        1817P   5467
0.894230769230769,0.903208612772781,0.903208612772781,              1817P   5468
0.903208612772781,0.990575065884221,0.928926644664322,1.,           1817P   5469
0.923879532511287,1.,0.923879532511287,1.,0.923879532511287,1.,     1817P   5470
0.923879532511287,1.,0.923879532511287,1.,0.923879532511287,1.,     1817P   5471
0.923879532511287,1.,0.923879532511287,1.,0.923879532511287,1.,     1817P   5472
0.923879532511287,1.,0.923879532511287,1.,0.923879532511287,1.,     1817P   5473
0.923879532511287,1.,0.923879532511287,1.,0.923879532511287,1.,     1817P   5474
0.923879532511287,1.,0.923879532511287,1.,0.923879532511287,1.,     1817P   5475
0.923879532511287,1.,0.923879532511287,1.,0.923879532511287,1.,     1817P   5476
0.923879532511287,1.,0.923879532511287,1.,0.923879532511287,1.,     1817P   5477
0.923879532511287,1.,0.923879532511287,1.,0.923879532511287,1.,     1817P   5478
0.923879532511287,1.,0.923879532511287,1.,0.923879532511287,1.,     1817P   5479
0.923879532511287,1.,0.923879532511287,1.,0.923879532511287,1.,     1817P   5480
0.923879532511287,1.,0.923879532511287,1.,0.923879532511287,1.,     1817P   5481
0.923879532511287,1.,0.923879532511287,1.,0.923879532511287,1.,     1817P   5482
0.923879532511287,1.,0.923879532511287,1.,0.923879532511287,1.,     1817P   5483
0.923879532511287,1.,0.923879532511287,1.,0.923879532511287,1.,     1817P   5484
0.923879532511287,1.,0.923879532511287,1.,0.923879532511287,1.,     1817P   5485
0.923879532511287,1.,0.923879532511287,1.,0.923879532511287,1.,     1817P   5486
0.923879532511287,1.,0.923879532511287,1.,0.923879532511287,1.,     1817P   5487
0.923879532511287,1.,0.923879532511287,1.,0.923879532511287,1.,     1817P   5488
0.923879532511287,1.,0.923879532511287,1.,0.923879532511287,1.,     1817P   5489
0.923879532511287,1.,0.923879532511287,1.,0.923879532511287,1.,     1817P   5490
0.923879532511287,1.,0.923879532511287,1.,0.923879532511287,1.,     1817P   5491
0.923879532511287,1.,0.923879532511287,1.,0.923879532511287,1.,     1817P   5492
0.923879532511287,1.,0.923879532511287,1.,0.923879532511287,1.,     1817P   5493
0.923879532511287,1.,0.923879532511287,1.,0.923879532511287,1.,     1817P   5494
0.923879532511287,1.,0.923879532511287,1.,0.923879532511287,1.,     1817P   5495
0.923879532511287,1.,0.923879532511287,1.,0.923879532511287,1.,     1817P   5496
0.923879532511287,1.,0.928926644664317,0.99057506588423,            1817P   5497
-10.012689136,-0.511024736,-7.863341658,-9.816124432,               1817P   5498
-4.362386774,-7.774558379,-7.089255603,-7.089255603,-7.6875,        1817P   5499
-4.152789785,-10.025721421,-7.59375,0.,-10.025721421,-7.5,          1817P   5500
4.152789785,-10.025721421,-7.40625,7.089255603,-7.089255603,        1817P   5501
-7.3125,10.025721421,-4.152789785,-7.21875,10.025721421,0.,         1817P   5502
-7.125,10.025721421,4.152789785,-7.03125,7.089255603,               1817P   5503
7.089255603,-6.9375,4.152789785,10.025721421,-6.84375,0.,           1817P   5504
10.025721421,-6.75,-4.152789785,10.025721421,-6.65625,              1817P   5505
-7.089255603,7.089255603,-6.5625,-10.025721421,4.152789785,         1817P   5506
-6.46875,-10.025721421,0.,-6.375,-10.025721421,-4.152789785,        1817P   5507
-6.28125,-7.089255603,-7.089255603,-6.1875,-4.152789785,            1817P   5508
-10.025721421,-6.09375,0.,-10.025721421,-6.,4.152789785,            1817P   5509
-10.025721421,-5.90625,7.089255603,-7.089255603,-5.8125,            1817P   5510
10.025721421,-4.152789785,-5.71875,10.025721421,0.,-5.625,          1817P   5511
10.025721421,4.152789785,-5.53125,7.089255603,7.089255603,          1817P   5512
-5.4375,4.152789785,10.025721421,-5.34375,0.,10.025721421,          1817P   5513
-5.25,-4.152789785,10.025721421,-5.15625,-7.089255603,              1817P   5514
7.089255603,-5.0625,-10.025721421,4.152789785,-4.96875,             1817P   5515
-10.025721421,0.,-4.875,-10.025721421,-4.152789785,-4.78125,        1817P   5516
-7.089255603,-7.089255603,-4.6875,-4.152789785,-10.025721421,       1817P   5517
-4.59375,0.,-10.025721421,-4.5,4.152789785,-10.025721421,           1817P   5518
-4.40625,7.089255603,-7.089255603,-4.3125,10.025721421,             1817P   5519
-4.152789785,-4.21875,10.025721421,0.,-4.125,10.025721421,          1817P   5520
4.152789785,-4.03125,7.089255603,7.089255603,-3.9375,               1817P   5521
4.152789785,10.025721421,-3.84375,0.,10.025721421,-3.75,            1817P   5522
-4.152789785,10.025721421,-3.65625,-7.089255603,7.089255603,        1817P   5523
-3.5625,-10.025721421,4.152789785,-3.46875,-10.025721421,0.,        1817P   5524
-3.375,-10.025721421,-4.152789785,-3.28125,-7.089255603,            1817P   5525
-7.089255603,-3.1875,-4.152789785,-10.025721421,-3.09375,0.,        1817P   5526
-10.025721421,-3.,4.152789785,-10.025721421,-2.90625,               1817P   5527
7.089255603,-7.089255603,-2.8125,10.025721421,-4.152789785,         1817P   5528
-2.71875,10.025721421,0.,-2.625,10.025721421,4.152789785,           1817P   5529
-2.53125,7.089255603,7.089255603,-2.4375,4.152789785,               1817P   5530
10.025721421,-2.34375,0.,10.025721421,-2.25,-4.152789785,           1817P   5531
10.025721421,-2.15625,-7.089255603,7.089255603,-2.0625,             1817P   5532
-10.025721421,4.152789785,-1.96875,-10.025721421,0.,-1.875,         1817P   5533
-10.025721421,-4.152789785,-1.78125,-7.089255603,-7.089255603,      1817P   5534
-1.6875,-4.152789785,-10.025721421,-1.59375,0.,-10.025721421,       1817P   5535
-1.5,4.152789785,-10.025721421,-1.40625,7.089255603,                1817P   5536
-7.089255603,-1.3125,10.025721421,-4.152789785,-1.21875,            1817P   5537
10.025721421,0.,-1.125,10.025721421,4.152789785,-1.03125,           1817P   5538
7.089255603,7.089255603,-0.9375,4.152789785,10.025721421,           1817P   5539
-0.84375,0.,10.025721421,-0.75,-4.152789785,10.025721421,           1817P   5540
-0.65625,-7.089255603,7.089255603,-0.5625,-10.025721421,            1817P   5541
4.152789785,-0.46875,-10.025721421,0.,-0.375,-10.025721421,         1817P   5542
-4.152789785,-0.28125,-7.089255603,-7.089255603,-0.1875,            1817P   5543
-4.152789785,-10.025721421,-0.09375,0.,-10.025721421,0.,            1817P   5544
4.152789785,-10.025721421,0.09375,7.089255603,-7.089255603,         1817P   5545
0.1875,10.025721421,-4.152789785,0.28125,10.025721421,0.,0.375,     1817P   5546
10.025721421,4.152789785,0.46875,7.089255603,7.089255603,           1817P   5547
0.5625,4.152789785,10.025721421,0.65625,0.,10.025721421,0.75,       1817P   5548
-4.152789785,10.025721421,0.84375,-7.089255603,7.089255603,         1817P   5549
0.9375,-10.025721421,4.152789785,1.03125,-10.025721421,0.,          1817P   5550
1.125,-10.025721421,-4.152789785,1.21875,-7.089255603,              1817P   5551
-7.089255603,1.3125,-4.152789785,-10.025721421,1.40625,0.,          1817P   5552
-10.025721421,1.5,4.152789785,-10.025721421,1.59375,                1817P   5553
7.089255603,-7.089255603,1.6875,10.025721421,-4.152789785,          1817P   5554
1.78125,10.025721421,0.,1.875,10.025721421,4.152789785,1.96875,     1817P   5555
7.089255603,7.089255603,2.0625,4.152789785,10.025721421,            1817P   5556
2.15625,0.,10.025721421,2.25,-4.152789785,10.025721421,2.34375,     1817P   5557
-7.089255603,7.089255603,2.4375,-10.025721421,4.152789785,          1817P   5558
2.53125,-10.025721421,0.,2.625,-10.025721421,-4.152789785,          1817P   5559
2.71875,-7.089255603,-7.089255603,2.8125,-4.152789785,              1817P   5560
-10.025721421,2.90625,0.,-10.025721421,3.,4.152789785,              1817P   5561
-10.025721421,3.09375,7.089255603,-7.089255603,3.1875,              1817P   5562
10.025721421,-4.152789785,3.28125,10.025721421,0.,3.375,            1817P   5563
10.025721421,4.152789785,3.46875,7.089255603,7.089255603,           1817P   5564
3.5625,4.152789785,10.025721421,3.65625,0.,10.025721421,3.75,       1817P   5565
-4.152789785,10.025721421,3.84375,-7.089255603,7.089255603,         1817P   5566
3.9375,-10.025721421,4.152789785,4.03125,-10.025721421,0.,          1817P   5567
4.125,-10.025721421,-4.152789785,4.21875,-7.089255603,              1817P   5568
-7.089255603,4.3125,-4.152789785,-10.025721421,4.40625,0.,          1817P   5569
-10.025721421,4.5,4.152789785,-10.025721421,4.59375,                1817P   5570
7.089255603,-7.089255603,4.6875,10.025721421,-4.152789785,          1817P   5571
4.78125,10.025721421,0.,4.875,10.025721421,4.152789785,4.96875,     1817P   5572
7.089255603,7.089255603,5.0625,4.152789785,10.025721421,            1817P   5573
5.15625,0.,10.025721421,5.25,-4.152789785,10.025721421,5.34375,     1817P   5574
-7.089255603,7.089255603,5.4375,-10.025721421,4.152789785,          1817P   5575
5.53125,-10.025721421,0.,5.625,-10.025721421,-4.152789785,          1817P   5576
5.71875,-7.089255603,-7.089255603,5.8125,-4.152789785,              1817P   5577
-10.025721421,5.90625,0.,-10.025721421,6.,4.152789785,              1817P   5578
-10.025721421,6.09375,7.089255603,-7.089255603,6.1875,              1817P   5579
10.025721421,-4.152789785,6.28125,10.025721421,0.,6.375,            1817P   5580
10.025721421,4.152789785,6.46875,7.089255603,7.089255603,           1817P   5581
6.5625,4.152789785,10.025721421,6.65625,0.,10.025721421,6.75,       1817P   5582
-4.152789785,10.025721421,6.84375,-7.089255603,7.089255603,         1817P   5583
6.9375,-10.025721421,4.152789785,7.03125,-10.025721421,0.,          1817P   5584
7.125,-10.025721421,-4.152789785,7.21875,-7.089255603,              1817P   5585
-7.089255603,7.3125,-4.152789785,-10.025721421,7.40625,0.,          1817P   5586
-10.025721421,7.5,4.152789785,-10.025721421,7.59375,                1817P   5587
7.089255603,-7.089255603,7.6875,9.816124432,-4.362386774,           1817P   5588
7.774558379,10.012689136,-0.511024736,7.863341658,                  1817P   5589
0.0967913872272193,0.903208612772781,0.009348158,-0.022568449,      1817P   5590
-0.999701594;                                                       1817P   5591
126,1,1,1,0,1,0,0.,0.,1.,1.,1.,1.,0.,0.096791387,0.,                1819P   5592
0.062177826,0.096153846,0.,0.,1.,0.,0.,1.;                          1819P   5593
126,3,3,1,0,1,0,0.,0.,0.,0.,1.,1.,1.,1.,1.,1.,1.,1.,                1821P   5594
10.012689136,-0.511024736,7.863341658,10.021380055,                 1821P   5595
-0.340740461,7.863341658,10.025721421,-0.170398846,7.863341658,     1821P   5596
10.025721421,0.,7.863341658,0.,1.,0.,0.,0.;                         1821P   5597
126,6,2,1,0,1,0,0.,0.,0.,0.5,0.5,0.75,0.75,1.,1.,1.,1.,1.,1.,       1823P   5598
1.,1.,1.,1.,0.062177826,0.096153846,0.,0.218915954,0.094522576,     1823P   5599
0.,0.528867989,0.091654301,0.,0.704017008,0.090033484,0.,           1823P   5600
0.767748798,0.089432826,0.,0.900783937,0.088179001,0.,1.,           1823P   5601
0.087176003,0.,0.,1.,0.,0.,-1.;                                     1823P   5602
126,3,3,1,0,1,0,0.,0.,0.,0.,1.,1.,1.,1.,1.,1.,1.,1.,                1825P   5603
10.025721421,0.,7.863341658,10.025721421,2.455241284,               1825P   5604
7.863341658,9.087791993,4.895192979,7.863341658,7.441389442,        1825P   5605
6.718691329,7.863341658,0.,1.,0.,0.,-1.;                            1825P   5606
126,1,1,1,0,1,0,0.,0.,1.,1.,1.,1.,1.,0.087176003,0.,1.,             1827P   5607
0.893593228,0.,0.,1.,0.,0.,1.;                                      1827P   5608
126,168,2,0,0,0,0,0.087176002611834,0.087176002611834,              1829P   5609
0.087176002611834,0.0961538461538462,0.0961538461538462,            1829P   5610
0.105769230769231,0.105769230769231,0.115384615384615,              1829P   5611
0.115384615384615,0.125,0.125,0.134615384615385,                    1829P   5612
0.134615384615385,0.144230769230769,0.144230769230769,              1829P   5613
0.153846153846154,0.153846153846154,0.163461538461538,              1829P   5614
0.163461538461538,0.173076923076923,0.173076923076923,              1829P   5615
0.182692307692308,0.182692307692308,0.192307692307692,              1829P   5616
0.192307692307692,0.201923076923077,0.201923076923077,              1829P   5617
0.211538461538462,0.211538461538462,0.221153846153846,              1829P   5618
0.221153846153846,0.230769230769231,0.230769230769231,              1829P   5619
0.240384615384615,0.240384615384615,0.25,0.25,                      1829P   5620
0.259615384615385,0.259615384615385,0.269230769230769,              1829P   5621
0.269230769230769,0.278846153846154,0.278846153846154,              1829P   5622
0.288461538461538,0.288461538461538,0.298076923076923,              1829P   5623
0.298076923076923,0.307692307692308,0.307692307692308,              1829P   5624
0.317307692307692,0.317307692307692,0.326923076923077,              1829P   5625
0.326923076923077,0.336538461538462,0.336538461538462,              1829P   5626
0.346153846153846,0.346153846153846,0.355769230769231,              1829P   5627
0.355769230769231,0.365384615384615,0.365384615384615,0.375,        1829P   5628
0.375,0.384615384615385,0.384615384615385,0.394230769230769,        1829P   5629
0.394230769230769,0.403846153846154,0.403846153846154,              1829P   5630
0.413461538461538,0.413461538461538,0.423076923076923,              1829P   5631
0.423076923076923,0.432692307692308,0.432692307692308,              1829P   5632
0.442307692307692,0.442307692307692,0.451923076923077,              1829P   5633
0.451923076923077,0.461538461538462,0.461538461538462,              1829P   5634
0.471153846153846,0.471153846153846,0.480769230769231,              1829P   5635
0.480769230769231,0.490384615384615,0.490384615384615,0.5,0.5,      1829P   5636
0.509615384615385,0.509615384615385,0.519230769230769,              1829P   5637
0.519230769230769,0.528846153846154,0.528846153846154,              1829P   5638
0.538461538461538,0.538461538461538,0.548076923076923,              1829P   5639
0.548076923076923,0.557692307692308,0.557692307692308,              1829P   5640
0.567307692307692,0.567307692307692,0.576923076923077,              1829P   5641
0.576923076923077,0.586538461538462,0.586538461538462,              1829P   5642
0.596153846153846,0.596153846153846,0.605769230769231,              1829P   5643
0.605769230769231,0.615384615384615,0.615384615384615,0.625,        1829P   5644
0.625,0.634615384615385,0.634615384615385,0.644230769230769,        1829P   5645
0.644230769230769,0.653846153846154,0.653846153846154,              1829P   5646
0.663461538461538,0.663461538461538,0.673076923076923,              1829P   5647
0.673076923076923,0.682692307692308,0.682692307692308,              1829P   5648
0.692307692307692,0.692307692307692,0.701923076923077,              1829P   5649
0.701923076923077,0.711538461538462,0.711538461538462,              1829P   5650
0.721153846153846,0.721153846153846,0.730769230769231,              1829P   5651
0.730769230769231,0.740384615384615,0.740384615384615,0.75,         1829P   5652
0.75,0.759615384615385,0.759615384615385,0.769230769230769,         1829P   5653
0.769230769230769,0.778846153846154,0.778846153846154,              1829P   5654
0.788461538461538,0.788461538461538,0.798076923076923,              1829P   5655
0.798076923076923,0.807692307692308,0.807692307692308,              1829P   5656
0.817307692307692,0.817307692307692,0.826923076923077,              1829P   5657
0.826923076923077,0.836538461538462,0.836538461538462,              1829P   5658
0.846153846153846,0.846153846153846,0.855769230769231,              1829P   5659
0.855769230769231,0.865384615384615,0.865384615384615,0.875,        1829P   5660
0.875,0.884615384615385,0.884615384615385,0.893593228157396,        1829P   5661
0.893593228157396,0.893593228157396,0.99057506588423,               1829P   5662
0.928926644664317,1.,0.923879532511287,1.,0.923879532511287,1.,     1829P   5663
0.923879532511287,1.,0.923879532511287,1.,0.923879532511287,1.,     1829P   5664
0.923879532511287,1.,0.923879532511287,1.,0.923879532511287,1.,     1829P   5665
0.923879532511287,1.,0.923879532511287,1.,0.923879532511287,1.,     1829P   5666
0.923879532511287,1.,0.923879532511287,1.,0.923879532511287,1.,     1829P   5667
0.923879532511287,1.,0.923879532511287,1.,0.923879532511287,1.,     1829P   5668
0.923879532511287,1.,0.923879532511287,1.,0.923879532511287,1.,     1829P   5669
0.923879532511287,1.,0.923879532511287,1.,0.923879532511287,1.,     1829P   5670
0.923879532511287,1.,0.923879532511287,1.,0.923879532511287,1.,     1829P   5671
0.923879532511287,1.,0.923879532511287,1.,0.923879532511287,1.,     1829P   5672
0.923879532511287,1.,0.923879532511287,1.,0.923879532511287,1.,     1829P   5673
0.923879532511287,1.,0.923879532511287,1.,0.923879532511287,1.,     1829P   5674
0.923879532511287,1.,0.923879532511287,1.,0.923879532511287,1.,     1829P   5675
0.923879532511287,1.,0.923879532511287,1.,0.923879532511287,1.,     1829P   5676
0.923879532511287,1.,0.923879532511287,1.,0.923879532511287,1.,     1829P   5677
0.923879532511287,1.,0.923879532511287,1.,0.923879532511287,1.,     1829P   5678
0.923879532511287,1.,0.923879532511287,1.,0.923879532511287,1.,     1829P   5679
0.923879532511287,1.,0.923879532511287,1.,0.923879532511287,1.,     1829P   5680
0.923879532511287,1.,0.923879532511287,1.,0.923879532511287,1.,     1829P   5681
0.923879532511287,1.,0.923879532511287,1.,0.923879532511287,1.,     1829P   5682
0.923879532511287,1.,0.923879532511287,1.,0.923879532511287,1.,     1829P   5683
0.923879532511287,1.,0.923879532511287,1.,0.923879532511287,1.,     1829P   5684
0.923879532511287,1.,0.923879532511287,1.,0.923879532511287,1.,     1829P   5685
0.923879532511287,1.,0.923879532511287,1.,0.923879532511287,1.,     1829P   5686
0.923879532511287,1.,0.923879532511287,1.,0.923879532511287,1.,     1829P   5687
0.923879532511287,1.,0.923879532511287,1.,0.923879532511287,1.,     1829P   5688
0.923879532511287,1.,0.923879532511287,1.,0.923879532511287,1.,     1829P   5689
0.923879532511287,1.,0.923879532511287,1.,0.928926644664322,        1829P   5690
0.990575065884221,7.441389442,6.718691329,7.863341658,              1829P   5691
10.025721421,3.856374881,7.774558379,10.025721421,0.,7.6875,        1829P   5692
10.025721421,-4.152789785,7.59375,7.089255603,-7.089255603,7.5,     1829P   5693
4.152789785,-10.025721421,7.40625,0.,-10.025721421,7.3125,          1829P   5694
-4.152789785,-10.025721421,7.21875,-7.089255603,-7.089255603,       1829P   5695
7.125,-10.025721421,-4.152789785,7.03125,-10.025721421,0.,          1829P   5696
6.9375,-10.025721421,4.152789785,6.84375,-7.089255603,              1829P   5697
7.089255603,6.75,-4.152789785,10.025721421,6.65625,0.,              1829P   5698
10.025721421,6.5625,4.152789785,10.025721421,6.46875,               1829P   5699
7.089255603,7.089255603,6.375,10.025721421,4.152789785,6.28125,     1829P   5700
10.025721421,0.,6.1875,10.025721421,-4.152789785,6.09375,           1829P   5701
7.089255603,-7.089255603,6.,4.152789785,-10.025721421,5.90625,      1829P   5702
0.,-10.025721421,5.8125,-4.152789785,-10.025721421,5.71875,         1829P   5703
-7.089255603,-7.089255603,5.625,-10.025721421,-4.152789785,         1829P   5704
5.53125,-10.025721421,0.,5.4375,-10.025721421,4.152789785,          1829P   5705
5.34375,-7.089255603,7.089255603,5.25,-4.152789785,                 1829P   5706
10.025721421,5.15625,0.,10.025721421,5.0625,4.152789785,            1829P   5707
10.025721421,4.96875,7.089255603,7.089255603,4.875,                 1829P   5708
10.025721421,4.152789785,4.78125,10.025721421,0.,4.6875,            1829P   5709
10.025721421,-4.152789785,4.59375,7.089255603,-7.089255603,4.5,     1829P   5710
4.152789785,-10.025721421,4.40625,0.,-10.025721421,4.3125,          1829P   5711
-4.152789785,-10.025721421,4.21875,-7.089255603,-7.089255603,       1829P   5712
4.125,-10.025721421,-4.152789785,4.03125,-10.025721421,0.,          1829P   5713
3.9375,-10.025721421,4.152789785,3.84375,-7.089255603,              1829P   5714
7.089255603,3.75,-4.152789785,10.025721421,3.65625,0.,              1829P   5715
10.025721421,3.5625,4.152789785,10.025721421,3.46875,               1829P   5716
7.089255603,7.089255603,3.375,10.025721421,4.152789785,3.28125,     1829P   5717
10.025721421,0.,3.1875,10.025721421,-4.152789785,3.09375,           1829P   5718
7.089255603,-7.089255603,3.,4.152789785,-10.025721421,2.90625,      1829P   5719
0.,-10.025721421,2.8125,-4.152789785,-10.025721421,2.71875,         1829P   5720
-7.089255603,-7.089255603,2.625,-10.025721421,-4.152789785,         1829P   5721
2.53125,-10.025721421,0.,2.4375,-10.025721421,4.152789785,          1829P   5722
2.34375,-7.089255603,7.089255603,2.25,-4.152789785,                 1829P   5723
10.025721421,2.15625,0.,10.025721421,2.0625,4.152789785,            1829P   5724
10.025721421,1.96875,7.089255603,7.089255603,1.875,                 1829P   5725
10.025721421,4.152789785,1.78125,10.025721421,0.,1.6875,            1829P   5726
10.025721421,-4.152789785,1.59375,7.089255603,-7.089255603,1.5,     1829P   5727
4.152789785,-10.025721421,1.40625,0.,-10.025721421,1.3125,          1829P   5728
-4.152789785,-10.025721421,1.21875,-7.089255603,-7.089255603,       1829P   5729
1.125,-10.025721421,-4.152789785,1.03125,-10.025721421,0.,          1829P   5730
0.9375,-10.025721421,4.152789785,0.84375,-7.089255603,              1829P   5731
7.089255603,0.75,-4.152789785,10.025721421,0.65625,0.,              1829P   5732
10.025721421,0.5625,4.152789785,10.025721421,0.46875,               1829P   5733
7.089255603,7.089255603,0.375,10.025721421,4.152789785,0.28125,     1829P   5734
10.025721421,0.,0.1875,10.025721421,-4.152789785,0.09375,           1829P   5735
7.089255603,-7.089255603,0.,4.152789785,-10.025721421,-0.09375,     1829P   5736
0.,-10.025721421,-0.1875,-4.152789785,-10.025721421,-0.28125,       1829P   5737
-7.089255603,-7.089255603,-0.375,-10.025721421,-4.152789785,        1829P   5738
-0.46875,-10.025721421,0.,-0.5625,-10.025721421,4.152789785,        1829P   5739
-0.65625,-7.089255603,7.089255603,-0.75,-4.152789785,               1829P   5740
10.025721421,-0.84375,0.,10.025721421,-0.9375,4.152789785,          1829P   5741
10.025721421,-1.03125,7.089255603,7.089255603,-1.125,               1829P   5742
10.025721421,4.152789785,-1.21875,10.025721421,0.,-1.3125,          1829P   5743
10.025721421,-4.152789785,-1.40625,7.089255603,-7.089255603,        1829P   5744
-1.5,4.152789785,-10.025721421,-1.59375,0.,-10.025721421,           1829P   5745
-1.6875,-4.152789785,-10.025721421,-1.78125,-7.089255603,           1829P   5746
-7.089255603,-1.875,-10.025721421,-4.152789785,-1.96875,            1829P   5747
-10.025721421,0.,-2.0625,-10.025721421,4.152789785,-2.15625,        1829P   5748
-7.089255603,7.089255603,-2.25,-4.152789785,10.025721421,           1829P   5749
-2.34375,0.,10.025721421,-2.4375,4.152789785,10.025721421,          1829P   5750
-2.53125,7.089255603,7.089255603,-2.625,10.025721421,               1829P   5751
4.152789785,-2.71875,10.025721421,0.,-2.8125,10.025721421,          1829P   5752
-4.152789785,-2.90625,7.089255603,-7.089255603,-3.,4.152789785,     1829P   5753
-10.025721421,-3.09375,0.,-10.025721421,-3.1875,-4.152789785,       1829P   5754
-10.025721421,-3.28125,-7.089255603,-7.089255603,-3.375,            1829P   5755
-10.025721421,-4.152789785,-3.46875,-10.025721421,0.,-3.5625,       1829P   5756
-10.025721421,4.152789785,-3.65625,-7.089255603,7.089255603,        1829P   5757
-3.75,-4.152789785,10.025721421,-3.84375,0.,10.025721421,           1829P   5758
-3.9375,4.152789785,10.025721421,-4.03125,7.089255603,              1829P   5759
7.089255603,-4.125,10.025721421,4.152789785,-4.21875,               1829P   5760
10.025721421,0.,-4.3125,10.025721421,-4.152789785,-4.40625,         1829P   5761
7.089255603,-7.089255603,-4.5,4.152789785,-10.025721421,            1829P   5762
-4.59375,0.,-10.025721421,-4.6875,-4.152789785,-10.025721421,       1829P   5763
-4.78125,-7.089255603,-7.089255603,-4.875,-10.025721421,            1829P   5764
-4.152789785,-4.96875,-10.025721421,0.,-5.0625,-10.025721421,       1829P   5765
4.152789785,-5.15625,-7.089255603,7.089255603,-5.25,                1829P   5766
-4.152789785,10.025721421,-5.34375,0.,10.025721421,-5.4375,         1829P   5767
4.152789785,10.025721421,-5.53125,7.089255603,7.089255603,          1829P   5768
-5.625,10.025721421,4.152789785,-5.71875,10.025721421,0.,           1829P   5769
-5.8125,10.025721421,-4.152789785,-5.90625,7.089255603,             1829P   5770
-7.089255603,-6.,4.152789785,-10.025721421,-6.09375,0.,             1829P   5771
-10.025721421,-6.1875,-4.152789785,-10.025721421,-6.28125,          1829P   5772
-7.089255603,-7.089255603,-6.375,-10.025721421,-4.152789785,        1829P   5773
-6.46875,-10.025721421,0.,-6.5625,-10.025721421,4.152789785,        1829P   5774
-6.65625,-7.089255603,7.089255603,-6.75,-4.152789785,               1829P   5775
10.025721421,-6.84375,0.,10.025721421,-6.9375,4.152789785,          1829P   5776
10.025721421,-7.03125,7.089255603,7.089255603,-7.125,               1829P   5777
10.025721421,4.152789785,-7.21875,10.025721421,0.,-7.3125,          1829P   5778
10.025721421,-4.152789785,-7.40625,7.089255603,-7.089255603,        1829P   5779
-7.5,4.152789785,-10.025721421,-7.59375,0.,-10.025721421,           1829P   5780
-7.6875,-3.856374881,-10.025721421,-7.774558379,-6.718691329,       1829P   5781
-7.441389442,-7.863341658,0.087176002611834,0.893593228157396,      1829P   5782
0.009348158,-0.022568449,0.999701594;                               1829P   5783
102,5,1811,1815,1819,1823,1827;                                     1831P   5784
102,5,1813,1817,1821,1825,1829;                                     1833P   5785
142,1,1809,1831,1833,1;                                             1835P   5786
144,1809,1,0,1835;                                                  1837P   5787
110,0.,0.,-991.,0.,0.,9.;                                           1839P   5788
110,10.025721421,0.,7.863341658,10.053470859,0.,7.891091096;        1841P   5789
120,1839,1841,0.,6.28318530717959;                                  1843P   5790
126,1,1,1,0,1,0,0.,0.,1.,1.,1.,1.,0.994035785,6.283185307,0.,       1845P   5791
0.,6.232191842,0.,0.,1.,0.,0.,1.;                                   1845P   5792
126,3,3,1,0,1,0,0.,0.,0.,0.,1.,1.,1.,1.,1.,1.,1.,1.,                1847P   5793
10.053305355,0.,7.890925592,10.044237132,-0.170241219,              1847P   5794
7.881857369,10.030722562,-0.340582285,7.872663958,10.012689136,     1847P   5795
-0.511024736,7.863341658,0.,1.,0.,0.,0.;                            1847P   5796
126,1,1,1,0,1,0,0.,0.,1.,1.,1.,1.,0.,6.232191842,0.,0.,             1849P   5797
6.283185307,0.,0.,1.,0.,0.,1.;                                      1849P   5798
126,3,3,1,0,1,0,0.,0.,0.,0.,1.,1.,1.,1.,1.,1.,1.,1.,                1851P   5799
10.012689136,-0.511024736,7.863341658,10.021380055,                 1851P   5800
-0.340740461,7.863341658,10.025721421,-0.170398846,7.863341658,     1851P   5801
10.025721421,0.,7.863341658,0.,1.,0.,0.,0.;                         1851P   5802
126,1,1,1,0,1,0,0.,0.,1.,1.,1.,1.,0.,6.283185307,0.,                1853P   5803
0.994035785,6.283185307,0.,0.,1.,0.,0.,1.;                          1853P   5804
110,10.025721421,0.,7.863341658,10.053305355,0.,7.890925592;        1855P   5805
102,3,1845,1849,1853;                                               1857P   5806
102,3,1847,1851,1855;                                               1859P   5807
142,1,1843,1857,1859,1;                                             1861P   5808
144,1843,1,0,1861;                                                  1863P   5809
110,0.,0.,991.,0.,0.,-9.;                                           1865P   5810
110,-10.025721421,0.,-7.863341658,-10.499762401,0.,                 1867P   5811
-8.337382637;                                                       1867P   5812
120,1865,1867,0.,6.28318530717959;                                  1869P   5813
126,12,2,1,0,1,0,0.,0.,0.,0.25,0.25,0.5,0.5,0.75,0.75,0.875,        1871P   5814
0.875,0.9375,0.9375,1.,1.,1.,1.,1.,1.,1.,1.,1.,1.,1.,1.,1.,1.,      1871P   5815
1.,1.,0.994035785,6.283185307,0.,0.89156841,6.192479491,0.,         1871P   5816
0.754468734,6.078346745,0.,0.681065693,6.017240177,0.,              1871P   5817
0.501696025,5.870516407,0.,0.337227589,5.735981795,0.,              1871P   5818
0.246923266,5.660124021,0.,0.179854295,5.603784495,0.,              1871P   5819
0.12228265,5.553901445,0.,0.09076449,5.526592482,0.,                1871P   5820
0.061291858,5.500532355,0.,0.028183945,5.471257861,0.,0.,           1871P   5821
5.446793679,0.,0.,1.,0.,0.,-1.;                                     1871P   5822
126,3,3,1,0,1,0,0.,0.,0.,0.,1.,1.,1.,1.,1.,1.,1.,1.,                1873P   5823
-10.496935118,0.,-8.334555355,-10.351322728,-2.854266237,           1873P   5824
-8.188942964,-8.966301418,-5.623883318,-8.020560023,                1873P   5825
-6.718691329,-7.441389442,-7.863341658,0.,1.,0.02174827,            1873P   5826
-0.049830738,-0.998520861;                                          1873P   5827
126,1,1,1,0,1,0,0.,0.,1.,1.,1.,1.,0.,5.446793679,0.,0.,             1875P   5828
6.232191842,0.,0.,1.,0.,0.,1.;                                      1875P   5829
126,3,3,1,0,1,0,0.,0.,0.,0.,1.,1.,1.,1.,1.,1.,1.,1.,                1877P   5830
-6.718691329,-7.441389442,-7.863341658,-8.668744254,                1877P   5831
-5.680723133,-7.863341658,-9.878772575,-3.134899469,                1877P   5832
-7.863341658,-10.012689136,-0.511024736,-7.863341658,0.,1.,0.,      1877P   5833
0.,1.;                                                              1877P   5834
126,1,1,1,0,1,0,0.,0.,1.,1.,1.,1.,0.,6.232191842,0.,                1879P   5835
0.015591675,6.283185307,0.,0.,1.,0.,0.,1.;                          1879P   5836
126,3,3,1,0,1,0,0.,0.,0.,0.,1.,1.,1.,1.,1.,1.,1.,1.,                1881P   5837
-10.012689136,-0.511024736,-7.863341658,-10.023909872,              1881P   5838
-0.340191251,-7.865840192,-10.030683345,-0.169853497,               1881P   5839
-7.868303582,-10.033112514,0.,-7.87073275,0.,1.,0.,0.,0.;           1881P   5840
126,1,1,1,0,1,0,0.,0.,1.,1.,1.,1.,0.015591675,6.283185307,0.,       1883P   5841
0.994035785,6.283185307,0.,0.,1.,0.,0.,1.;                          1883P   5842
110,-10.033112514,0.,-7.87073275,-10.496935118,0.,-8.334555355;     1885P   5843
102,4,1871,1875,1879,1883;                                          1887P   5844
102,4,1873,1877,1881,1885;                                          1889P   5845
142,1,1869,1887,1889,1;                                             1891P   5846
144,1869,1,0,1891;                                                  1893P   5847
S      1G      6D   1894P   5847                                        T      1
