ISO-10303-21;
HEADER;
FILE_DESCRIPTION (( 'STEP AP203' ),
    '1' );
FILE_NAME ('91280A065_NO THREADS_Medium-Strength Class 8.8 Steel Hex Head Screw.STEP',
    '2022-09-08T12:54:35',
    ( 'Administrator' ),
    ( 'Managed by Terraform' ),
    'SwSTEP 2.0',
    'SolidWorks 2017',
    '' );
FILE_SCHEMA (( 'CONFIG_CONTROL_DESIGN' ));
ENDSEC;

DATA;
#1 = FACE_OUTER_BOUND ( 'NONE', #2421, .T. ) ;
#2 = CARTESIAN_POINT ( 'NONE',  ( -0.6157179671970400800, 4.227612095855930900, 10.98999999999999500 ) ) ;
#3 = ORIENTED_EDGE ( 'NONE', *, *, #1107, .T. ) ;
#4 = LINE ( 'NONE', #109, #1197 ) ;
#5 = CARTESIAN_POINT ( 'NONE',  ( 1.192799365455454100, 3.376309752780877600, 11.09999999999999400 ) ) ;
#6 = CARTESIAN_POINT ( 'NONE',  ( 4.999999999999996400, 1.946979287240056900, 10.90037269279391200 ) ) ;
#7 = B_SPLINE_CURVE_WITH_KNOTS ( 'NONE', 3,
 ( #2344, #2611, #934, #1409, #106, #2327, #2600, #3095, #2885, #1768, #2865, #3150, #1704, #3383, #1211, #3173, #1190, #3161, #588 ),
 .UNSPECIFIED., .F., .F.,
 ( 4, 1, 1, 1, 1, 1, 1, 1, 1, 1, 1, 1, 1, 1, 1, 1, 4 ),
 ( 0.0000000000000000000, 0.06240742922034405600, 0.1235807582531906500, 0.1830305480595356700, 0.2414878946222268100, 0.2994762885881358000, 0.3577766216782184400, 0.4163972153590433900, 0.4752932973096493700, 0.5351745515550350200, 0.5963733801008827000, 0.6584329583283501400, 0.7220873289910030300, 0.7878662529370384900, 0.8560530649353375000, 0.9262801272673634200, 1.000000000000000000 ),
 .UNSPECIFIED. ) ;
#8 = VERTEX_POINT ( 'NONE', #3190 ) ;
#9 = CONICAL_SURFACE ( 'NONE', #2215, 5.000000000000000900, 1.047197551196600100 ) ;
#10 = CARTESIAN_POINT ( 'NONE',  ( 1.100919423205543300, 2.590674857712705200, 10.98999999999999500 ) ) ;
#11 = CARTESIAN_POINT ( 'NONE',  ( -0.4015935295410265600, 3.228492539986735000, 10.98999999999999300 ) ) ;
#12 = CARTESIAN_POINT ( 'NONE',  ( -0.8820500979351587600, 4.298069048815627900, 10.98999999999999300 ) ) ;
#13 = CARTESIAN_POINT ( 'NONE',  ( 1.285967761890570300, 2.874569107523584900, 10.98999999999999700 ) ) ;
#14 = CARTESIAN_POINT ( 'NONE',  ( 0.4481555283413811700, 3.333638543034679500, 11.09999999999999800 ) ) ;
#15 = VERTEX_POINT ( 'NONE', #1237 ) ;
#16 = CARTESIAN_POINT ( 'NONE',  ( 0.5876005464148907900, 2.868862162125168000, 10.98999999999998200 ) ) ;
#17 = CARTESIAN_POINT ( 'NONE',  ( 1.059807704701045000, 2.808556902386627000, 10.98999999999999500 ) ) ;
#18 = CARTESIAN_POINT ( 'NONE',  ( -0.4427717804427487300, 3.820442623383100100, 11.09999999999999800 ) ) ;
#19 = DIRECTION ( 'NONE',  ( -0.0000000000000000000, -0.0000000000000000000, -1.000000000000000000 ) ) ;
#20 = COORDINATED_UNIVERSAL_TIME_OFFSET ( 6, 0, .BEHIND. ) ;
#21 = CARTESIAN_POINT ( 'NONE',  ( 0.8545707532882573800, 3.574556288195219100, 11.09999999999999600 ) ) ;
#22 = EDGE_CURVE ( 'NONE', #1094, #3614, #1145, .T. ) ;
#23 = CARTESIAN_POINT ( 'NONE',  ( -0.8476514704976143600, 2.689519887062307400, 10.98999999999999700 ) ) ;
#24 = CARTESIAN_POINT ( 'NONE',  ( -0.5565235814852037600, 3.075726254113675400, 11.09999999999999800 ) ) ;
#25 = CARTESIAN_POINT ( 'NONE',  ( -0.9221518071335551600, 4.292525841408476600, 11.09999999999999800 ) ) ;
#26 = CARTESIAN_POINT ( 'NONE',  ( 1.202557627786347000, 2.693411838465792100, 11.09999999999999800 ) ) ;
#27 = AXIS2_PLACEMENT_3D ( 'NONE', #3480, #1796, #3260 ) ;
#28 = CARTESIAN_POINT ( 'NONE',  ( -1.235518854991098000, 3.826700765387793800, 10.98999999999999800 ) ) ;
#29 = CARTESIAN_POINT ( 'NONE',  ( 1.059807704701045000, 2.808556902386627000, 11.09999999999999800 ) ) ;
#30 = CARTESIAN_POINT ( 'NONE',  ( -0.6848134774821937900, 3.647773825457081700, 11.10000000000000000 ) ) ;
#31 = CARTESIAN_POINT ( 'NONE',  ( -0.9603795227919912400, 4.282461523859114800, 11.10000000000000100 ) ) ;
#32 = EDGE_LOOP ( 'NONE', ( #2353, #3122, #1330 ) ) ;
#33 = CARTESIAN_POINT ( 'NONE',  ( 1.235634918741340900, 3.857358525098147700, 10.98999999999999800 ) ) ;
#34 = CARTESIAN_POINT ( 'NONE',  ( -1.122611084157173900, 3.044340192996778600, 11.09999999999999800 ) ) ;
#35 = B_SPLINE_CURVE_WITH_KNOTS ( 'NONE', 3,
 ( #3158, #2617, #2903, #1185, #1496, #923, #3145, #2874, #1207, #1476, #1257 ),
 .UNSPECIFIED., .F., .F.,
 ( 4, 1, 1, 1, 1, 1, 1, 1, 4 ),
 ( 0.0000000000000000000, 0.1407860507192292800, 0.2711922924771460500, 0.3948205334197659700, 0.5136684054122796500, 0.6302495218871382300, 0.7486352415341561700, 0.8705392223181918100, 1.000000000000000000 ),
 .UNSPECIFIED. ) ;
#36 = CARTESIAN_POINT ( 'NONE',  ( -0.5085079135414453100, 3.400061065581185800, 11.09999999999999800 ) ) ;
#37 = CARTESIAN_POINT ( 'NONE',  ( -1.031615177914625400, 4.250848728142858400, 10.98999999999999300 ) ) ;
#38 = EDGE_CURVE ( 'NONE', #1514, #3499, #2198, .T. ) ;
#39 = CARTESIAN_POINT ( 'NONE',  ( 0.4888233980493607000, 3.386488890598088600, 10.98999999999999100 ) ) ;
#40 = CARTESIAN_POINT ( 'NONE',  ( -0.7174238237057490900, 3.614998148281977300, 11.09999999999999800 ) ) ;
#41 = CARTESIAN_POINT ( 'NONE',  ( 0.4542939936174391600, 3.727023994742696200, 11.09999999999999800 ) ) ;
#42 = EDGE_CURVE ( 'NONE', #2808, #2833, #1627, .T. ) ;
#43 = ADVANCED_FACE ( 'NONE', ( #574 ), #943, .T. ) ;
#44 = ORIENTED_EDGE ( 'NONE', *, *, #140, .T. ) ;
#45 = CARTESIAN_POINT ( 'NONE',  ( 1.122854076202433500, 4.171520288981032100, 10.98999999999999500 ) ) ;
#46 = CARTESIAN_POINT ( 'NONE',  ( -0.7545695564660905900, 3.591310740557707200, 10.98999999999999700 ) ) ;
#47 = AXIS2_PLACEMENT_3D ( 'NONE', #2312, #3439, #629 ) ;
#48 = CARTESIAN_POINT ( 'NONE',  ( -1.118223917518835500, 3.117312151309206100, 11.09999999999999800 ) ) ;
#49 = CARTESIAN_POINT ( 'NONE',  ( 0.4692772780863131400, 4.029384377752948300, 10.98999999999999500 ) ) ;
#50 = VECTOR ( 'NONE', #1883, 1000.000000000000000 ) ;
#51 = CARTESIAN_POINT ( 'NONE',  ( -1.052590593283050800, 3.793956696871944700, 11.09999999999999800 ) ) ;
#52 = EDGE_LOOP ( 'NONE', ( #2788, #3411, #2513, #86 ) ) ;
#53 = CARTESIAN_POINT ( 'NONE',  ( 1.058455506567389300, 3.475500103232540500, 11.09999999999999800 ) ) ;
#54 = FACE_OUTER_BOUND ( 'NONE', #376, .T. ) ;
#55 = ADVANCED_BREP_SHAPE_REPRESENTATION ( '91280A065_NO THREADS_Medium-Strength Class 8.8 Steel Hex Head Screw', ( #3492, #504 ), #70 ) ;
#56 = CARTESIAN_POINT ( 'NONE',  ( -0.3742182270143167300, 3.037607492103921100, 11.09999999999999800 ) ) ;
#57 = CARTESIAN_POINT ( 'NONE',  ( 0.7917573667689389300, 2.509414347494277800, 10.98999999999999700 ) ) ;
#58 = ORIENTED_EDGE ( 'NONE', *, *, #333, .T. ) ;
#59 = B_SPLINE_CURVE_WITH_KNOTS ( 'NONE', 3,
 ( #2447, #3571, #2969, #1850, #771, #1888, #2698, #2991, #1291, #217, #497, #3559, #2716, #1056, #1571, #3548, #3005, #230, #810 ),
 .UNSPECIFIED., .F., .F.,
 ( 4, 1, 1, 1, 1, 1, 1, 1, 1, 1, 1, 1, 1, 1, 1, 1, 4 ),
 ( 0.0000000000000000000, 0.07714985910744864800, 0.1510504940821357800, 0.2216586807098938100, 0.2890919876705422300, 0.3542461746448575300, 0.4178342718629718400, 0.4808176014086283900, 0.5433505175403832200, 0.6048874238862879100, 0.6630427846857331900, 0.7199458498341757600, 0.7753250455050908500, 0.8302279009292986600, 0.8859986965546250400, 0.9419307315657443600, 1.000000000000000000 ),
 .UNSPECIFIED. ) ;
#60 = ORIENTED_EDGE ( 'NONE', *, *, #3524, .F. ) ;
#61 = CARTESIAN_POINT ( 'NONE',  ( 0.4422103444142542700, 3.848012067996778600, 8.861479739173429200 ) ) ;
#62 = CARTESIAN_POINT ( 'NONE',  ( -0.6523850796928881700, 3.488698451925350300, 10.98999999999999500 ) ) ;
#63 = CARTESIAN_POINT ( 'NONE',  ( 0.8373135810213970800, 4.299457380496778400, 10.98999999999999300 ) ) ;
#64 = CARTESIAN_POINT ( 'NONE',  ( -0.7604932408674312000, 4.999796134962885200, 11.09999999999999800 ) ) ;
#65 = CARTESIAN_POINT ( 'NONE',  ( 1.235442505271536500, 3.820442623383100100, 10.98999999999999500 ) ) ;
#66 = CARTESIAN_POINT ( 'NONE',  ( -0.6256285130522937200, 3.898228681293233400, 11.10000000000000000 ) ) ;
#67 = CARTESIAN_POINT ( 'NONE',  ( -0.3742182270143167300, 3.037607492103921100, 10.98999999999999500 ) ) ;
#68 = CARTESIAN_POINT ( 'NONE',  ( -0.4427717804427487300, 3.820442623383100100, 10.98999999999999500 ) ) ;
#69 = ORIENTED_EDGE ( 'NONE', *, *, #2386, .F. ) ;
#70 =( GEOMETRIC_REPRESENTATION_CONTEXT ( 3 ) GLOBAL_UNCERTAINTY_ASSIGNED_CONTEXT ( ( #357 ) ) GLOBAL_UNIT_ASSIGNED_CONTEXT ( ( #1784, #2105, #391 ) ) REPRESENTATION_CONTEXT ( 'NONE', 'WORKASPACE' ) );
#71 = CARTESIAN_POINT ( 'NONE',  ( 1.208366518088712200, 4.024665611418283700, 10.98999999999999300 ) ) ;
#72 = CARTESIAN_POINT ( 'NONE',  ( 1.478378454095808000, 4.836293298765864900, 11.09999999999999800 ) ) ;
#73 = CARTESIAN_POINT ( 'NONE',  ( 1.118406057199514000, 3.546259320907157800, 10.98999999999999500 ) ) ;
#74 = CARTESIAN_POINT ( 'NONE',  ( -0.5603522695587777000, 3.112960592401685200, 10.98999999999999300 ) ) ;
#75 = B_SPLINE_CURVE_WITH_KNOTS ( 'NONE', 3,
 ( #2944, #2119, #2228, #1906, #1332, #1046, #260, #1087, #1372, #1917, #1892, #760, #3033, #221, #2708, #2994, #1072, #1360, #1318 ),
 .UNSPECIFIED., .F., .F.,
 ( 4, 1, 1, 1, 1, 1, 1, 1, 1, 1, 1, 1, 1, 1, 1, 1, 4 ),
 ( 0.0000000000000000000, 0.07549270139278097000, 0.1477247276794273500, 0.2172374491598418900, 0.2845926897233696000, 0.3498976470838970300, 0.4138784266709207800, 0.4774740992490950100, 0.5409581724161229800, 0.6029078068733884100, 0.6623668363033140500, 0.7200311954280695900, 0.7758205128764958900, 0.8310624157682495700, 0.8860055252319925000, 0.9422829633132927500, 1.000000000000000000 ),
 .UNSPECIFIED. ) ;
#76 = CARTESIAN_POINT ( 'NONE',  ( 0.3745602029613623300, 3.024122769253927900, 10.98999999999999500 ) ) ;
#77 = CARTESIAN_POINT ( 'NONE',  ( -0.6866234570819365100, 4.040668913566115400, 10.98999999999999500 ) ) ;
#78 = CARTESIAN_POINT ( 'NONE',  ( 1.235960344414254600, 3.840925014425350600, 10.98999999999999500 ) ) ;
#79 = EDGE_LOOP ( 'NONE', ( #2435, #2471, #2649, #124 ) ) ;
#80 = CARTESIAN_POINT ( 'NONE',  ( -0.6562241573103698700, 2.543814928548189700, 10.98999999999999500 ) ) ;
#81 = DIRECTION ( 'NONE',  ( 1.000000000000000000, 0.0000000000000000000, -0.0000000000000000000 ) ) ;
#82 = EDGE_CURVE ( 'NONE', #291, #425, #1970, .T. ) ;
#83 = CYLINDRICAL_SURFACE ( 'NONE', #2192, 2.999999999999999100 ) ;
#84 = CARTESIAN_POINT ( 'NONE',  ( -0.4756566579279388200, 2.693411838465792600, 10.98999999999999700 ) ) ;
#85 = CARTESIAN_POINT ( 'NONE',  ( -0.8258826853346790100, 4.117092635159863800, 10.98999999999999500 ) ) ;
#86 = ORIENTED_EDGE ( 'NONE', *, *, #692, .F. ) ;
#87 = LINE ( 'NONE', #3188, #1466 ) ;
#88 = CARTESIAN_POINT ( 'NONE',  ( -0.4700735843869469100, 3.672378189598520600, 10.98999999999999500 ) ) ;
#89 = CARTESIAN_POINT ( 'NONE',  ( 1.220813970277133000, 3.981964281914802200, 10.98999999999999500 ) ) ;
#90 = ORIENTED_EDGE ( 'NONE', *, *, #1328, .T. ) ;
#91 = LINE ( 'NONE', #1942, #2789 ) ;
#92 = CARTESIAN_POINT ( 'NONE',  ( -1.041666165273886600, 3.295360726970229400, 10.98999999999999300 ) ) ;
#93 = CARTESIAN_POINT ( 'NONE',  ( 0.7565676315171004900, 5.000203094516646900, 11.09999999999999800 ) ) ;
#94 = EDGE_LOOP ( 'NONE', ( #526, #2931, #3102, #242 ) ) ;
#95 = CARTESIAN_POINT ( 'NONE',  ( 1.054531772985682900, 3.841279367103922000, 10.98999999999999500 ) ) ;
#96 = CARTESIAN_POINT ( 'NONE',  ( -0.3755158151341083700, 2.981248369538771500, 10.98999999999999500 ) ) ;
#97 = CARTESIAN_POINT ( 'NONE',  ( 0.9192394627852815700, 4.292063561421024100, 10.98999999999999500 ) ) ;
#98 = EDGE_CURVE ( 'NONE', #1995, #3031, #1399, .T. ) ;
#99 = PERSON_AND_ORGANIZATION ( #1849, #3292 ) ;
#100 = DIRECTION ( 'NONE',  ( -0.0000000000000000000, 7.041719095097278900E-017, 1.000000000000000000 ) ) ;
#101 = CARTESIAN_POINT ( 'NONE',  ( -0.8380658832643167500, 2.507850237639635900, 11.09999999999999800 ) ) ;
#102 = CARTESIAN_POINT ( 'NONE',  ( 0.8355418176285400700, 3.392314523353921400, 10.98999999999999500 ) ) ;
#103 = CARTESIAN_POINT ( 'NONE',  ( 0.6255093600934708000, 3.906567333999333900, 11.09999999999999800 ) ) ;
#104 = CARTESIAN_POINT ( 'NONE',  ( -0.5067621735632407100, 2.655225130654953200, 10.98999999999999500 ) ) ;
#105 = CARTESIAN_POINT ( 'NONE',  ( -0.6236825127286025300, 3.841279367103922000, 11.09999999999999800 ) ) ;
#106 = CARTESIAN_POINT ( 'NONE',  ( -0.5600966179227666600, 3.441782203133338500, 11.09999999999999800 ) ) ;
#107 = ORIENTED_EDGE ( 'NONE', *, *, #333, .F. ) ;
#108 = CARTESIAN_POINT ( 'NONE',  ( -0.5598082285147714100, 3.546259320907157800, 11.09999999999999800 ) ) ;
#109 = CARTESIAN_POINT ( 'NONE',  ( -1.373404076592345200E-015, -5.773502691896258200, 6.899999999999996800 ) ) ;
#110 = EDGE_LOOP ( 'NONE', ( #3417, #1316, #688, #2097, #1364, #1605 ) ) ;
#111 = CARTESIAN_POINT ( 'NONE',  ( 0.7270336708995022200, 3.368897827480139600, 11.09999999999999800 ) ) ;
#112 = CARTESIAN_POINT ( 'NONE',  ( -0.4079457818577094700, -5.537975084925936800, 10.78939993990107000 ) ) ;
#113 = CARTESIAN_POINT ( 'NONE',  ( -0.6562241573103698700, 2.543814928548189700, 10.98999999999999500 ) ) ;
#114 = CARTESIAN_POINT ( 'NONE',  ( -1.304039655585745400, 3.043631487639636200, 11.10000000000000000 ) ) ;
#115 = CARTESIAN_POINT ( 'NONE',  ( 1.234996343004441700, 3.889605646518361900, 10.98999999999999800 ) ) ;
#116 = VERTEX_POINT ( 'NONE', #2254 ) ;
#117 = CARTESIAN_POINT ( 'NONE',  ( 0.0000000000000000000, 0.0000000000000000000, 0.0000000000000000000 ) ) ;
#118 = CARTESIAN_POINT ( 'NONE',  ( -0.4698477676255734500, 4.024665611418283700, 11.09999999999999800 ) ) ;
#119 = DIRECTION ( 'NONE',  ( -0.4999999999999998300, 0.8660254037844387100, 0.0000000000000000000 ) ) ;
#120 = CARTESIAN_POINT ( 'NONE',  ( -1.041666165273886600, 3.295360726970229400, 11.09999999999999400 ) ) ;
#121 = CARTESIAN_POINT ( 'NONE',  ( 1.303531189438924500, 3.078787810749422000, 10.98999999999999500 ) ) ;
#122 = VECTOR ( 'NONE', #2366, 1000.000000000000100 ) ;
#123 = CARTESIAN_POINT ( 'NONE',  ( 0.4422103444142542700, 3.848012067996778600, 10.98999999999999500 ) ) ;
#124 = ORIENTED_EDGE ( 'NONE', *, *, #3594, .F. ) ;
#125 = FACE_OUTER_BOUND ( 'NONE', #2463, .T. ) ;
#126 = CARTESIAN_POINT ( 'NONE',  ( 4.999999999999997300, -2.886751345948130900, 11.09999999999999800 ) ) ;
#127 = CARTESIAN_POINT ( 'NONE',  ( 0.4706963342702325500, 3.673560882934336900, 10.98999999999999300 ) ) ;
#128 = CARTESIAN_POINT ( 'NONE',  ( 0.9702571231588398300, 3.354318855201789500, 11.09999999999999400 ) ) ;
#129 = CARTESIAN_POINT ( 'NONE',  ( -0.7543996629820390900, 2.702162358428016600, 10.98999999999999300 ) ) ;
#130 = AXIS2_PLACEMENT_3D ( 'NONE', #2719, #777, #2149 ) ;
#131 = ORIENTED_EDGE ( 'NONE', *, *, #272, .F. ) ;
#132 = PERSON_AND_ORGANIZATION_ROLE ( 'creator' ) ;
#133 = ORIENTED_EDGE ( 'NONE', *, *, #1507, .F. ) ;
#134 = CARTESIAN_POINT ( 'NONE',  ( 1.249743945988883300, 3.293162532273088400, 11.09999999999999800 ) ) ;
#135 = CARTESIAN_POINT ( 'NONE',  ( 0.9915908286323488200, 4.040668913566115400, 10.98999999999999500 ) ) ;
#136 = CARTESIAN_POINT ( 'NONE',  ( 0.5067783972261860100, 2.655272428923390700, 11.09999999999999800 ) ) ;
#137 = CARTESIAN_POINT ( 'NONE',  ( -0.7436121266946734700, 2.516064858245973500, 11.09999999999999600 ) ) ;
#138 = CARTESIAN_POINT ( 'NONE',  ( -0.7856975324196932000, 3.386912160432885800, 10.98999999999999100 ) ) ;
#139 = CARTESIAN_POINT ( 'NONE',  ( 0.7178347629222944200, 4.282461523859112200, 11.09999999999999800 ) ) ;
#140 = EDGE_CURVE ( 'NONE', #2403, #3482, #1133, .T. ) ;
#141 = B_SPLINE_CURVE_WITH_KNOTS ( 'NONE', 3,
 ( #2020, #3120, #912, #3403, #1754, #80, #2577, #347, #2840, #3412, #335, #2858, #326, #2816, #1167, #2030, #1714, #1447, #904 ),
 .UNSPECIFIED., .F., .F.,
 ( 4, 1, 1, 1, 1, 1, 1, 1, 1, 1, 1, 1, 1, 1, 1, 1, 4 ),
 ( 0.0000000000000000000, 0.06126755600733524400, 0.1208212871041652900, 0.1789856983665980600, 0.2366450595867195500, 0.2943956207294968800, 0.3527927252963808400, 0.4122410002990450900, 0.4742768109494328600, 0.5369537140189344400, 0.5995934675594575300, 0.6619741773288301300, 0.7255520760322390400, 0.7907520563603840400, 0.8578099752217408500, 0.9275156270614414200, 1.000000000000000000 ),
 .UNSPECIFIED. ) ;
#142 = CARTESIAN_POINT ( 'NONE',  ( 0.6572484496546876500, 3.690305278343404300, 10.98999999999999800 ) ) ;
#143 = CARTESIAN_POINT ( 'NONE',  ( -0.4422539413000310400, 3.840925014425350600, 10.98999999999998800 ) ) ;
#144 = EDGE_CURVE ( 'NONE', #3054, #2627, #91, .T. ) ;
#145 = VERTEX_POINT ( 'NONE', #2529 ) ;
#146 = CARTESIAN_POINT ( 'NONE',  ( 1.263970678473679900, 3.261533241853796600, 11.10000000000000000 ) ) ;
#147 = CARTESIAN_POINT ( 'NONE',  ( -0.5880193857817231900, 3.212723621727938900, 10.98999999999999500 ) ) ;
#148 = CARTESIAN_POINT ( 'NONE',  ( -0.5598361725627150100, 2.962214966687884300, 11.09999999999999800 ) ) ;
#149 = EDGE_CURVE ( 'NONE', #511, #3501, #1597, .T. ) ;
#150 = CARTESIAN_POINT ( 'NONE',  ( -0.8989587600211685900, 3.386946384776036800, 10.98999999999999700 ) ) ;
#151 = DIRECTION ( 'NONE',  ( 0.0000000000000000000, 0.0000000000000000000, 1.000000000000000000 ) ) ;
#152 = CARTESIAN_POINT ( 'NONE',  ( -0.7856975324196932000, 3.386912160432885800, 11.09999999999999800 ) ) ;
#153 = CARTESIAN_POINT ( 'NONE',  ( 0.5277951880642834900, 4.141394453623283000, 11.09999999999999400 ) ) ;
#154 = DIRECTION ( 'NONE',  ( -0.0000000000000000000, 7.041719095097278900E-017, 1.000000000000000000 ) ) ;
#155 = CARTESIAN_POINT ( 'NONE',  ( -0.4486750457300372500, 3.936887472714855300, 11.09999999999999800 ) ) ;
#156 = CARTESIAN_POINT ( 'NONE',  ( 0.6572484496546876500, 3.690305278343404300, 10.98999999999999500 ) ) ;
#157 = ADVANCED_FACE ( 'NONE', ( #2961 ), #9, .T. ) ;
#158 = CARTESIAN_POINT ( 'NONE',  ( -1.023746686835745400, 3.488698451925350300, 10.98999999999999800 ) ) ;
#159 = EDGE_LOOP ( 'NONE', ( #2258, #2847, #2240, #804 ) ) ;
#160 = CARTESIAN_POINT ( 'NONE',  ( -0.5556467984428882200, 3.037253139425350100, 11.09999999999999800 ) ) ;
#161 = CARTESIAN_POINT ( 'NONE',  ( 0.6160209507482399300, 2.564857336728874100, 10.98999999999999500 ) ) ;
#162 = PLANE ( 'NONE',  #432 ) ;
#163 = CARTESIAN_POINT ( 'NONE',  ( -0.8380658832643167500, 2.689278809068207400, 10.98999999999999300 ) ) ;
#164 = FACE_OUTER_BOUND ( 'NONE', #1254, .T. ) ;
#165 = APPROVAL_ROLE ( '' ) ;
#166 = CARTESIAN_POINT ( 'NONE',  ( -0.6243735893784749800, 3.822435333157181400, 10.98999999999999700 ) ) ;
#167 = CARTESIAN_POINT ( 'NONE',  ( 0.8689142378084707700, 2.689937862810674500, 10.98999999999999800 ) ) ;
#168 = ORIENTED_EDGE ( 'NONE', *, *, #2686, .T. ) ;
#169 = FACE_BOUND ( 'NONE', #191, .T. ) ;
#170 = EDGE_LOOP ( 'NONE', ( #1485, #776, #3532, #1413, #3399, #573, #992, #168 ) ) ;
#171 = FACE_OUTER_BOUND ( 'NONE', #2080, .T. ) ;
#172 = PLANE ( 'NONE',  #856 ) ;
#173 = ADVANCED_FACE ( 'NONE', ( #1778 ), #3147, .T. ) ;
#174 = CARTESIAN_POINT ( 'NONE',  ( -0.8522558760489569200, 3.392067524160755200, 11.09999999999999600 ) ) ;
#175 = EDGE_LOOP ( 'NONE', ( #310, #1173, #950, #1155 ) ) ;
#176 = PLANE ( 'NONE',  #2440 ) ;
#177 = CARTESIAN_POINT ( 'NONE',  ( 0.0000000000000000000, 0.0000000000000000000, 11.09999999999999800 ) ) ;
#178 = CARTESIAN_POINT ( 'NONE',  ( -0.5875162990796130000, 2.864103027666710800, 11.09999999999999800 ) ) ;
#179 = CARTESIAN_POINT ( 'NONE',  ( -1.252955591843021100, 2.779229209349934200, 10.98999999999999500 ) ) ;
#180 = DIRECTION ( 'NONE',  ( 0.0000000000000000000, 0.0000000000000000000, 1.000000000000000000 ) ) ;
#181 = PERSON_AND_ORGANIZATION ( #1849, #3292 ) ;
#182 = CARTESIAN_POINT ( 'NONE',  ( -1.285793344948420200, 3.203759112177297500, 10.98999999999999800 ) ) ;
#183 = CARTESIAN_POINT ( 'NONE',  ( -0.8138051433040752700, 3.391588352137921500, 10.98999999999999800 ) ) ;
#184 = CARTESIAN_POINT ( 'NONE',  ( 0.6381703831332945500, 3.956924737339597300, 11.09999999999999800 ) ) ;
#185 = CARTESIAN_POINT ( 'NONE',  ( -0.8816607769801891900, 3.576218123216200700, 10.98999999999999500 ) ) ;
#186 = CARTESIAN_POINT ( 'NONE',  ( 0.4431702438627201400, 3.896219461739455000, 11.09999999999999800 ) ) ;
#187 = CARTESIAN_POINT ( 'NONE',  ( 0.5067783972261860100, 2.655272428923390700, 10.98999999999999500 ) ) ;
#188 = B_SPLINE_CURVE_WITH_KNOTS ( 'NONE', 3,
 ( #2337, #1527, #2940, #1806, #2926, #705, #142, #962, #3479, #404, #1502 ),
 .UNSPECIFIED., .F., .F.,
 ( 4, 1, 1, 1, 1, 1, 1, 1, 4 ),
 ( 0.0000000000000000000, 0.1111416758378032100, 0.2197033519811579800, 0.3301161264885613700, 0.4489369152466319300, 0.5740470567636599700, 0.7053790097930136000, 0.8460242139566093200, 0.9999999999999998900 ),
 .UNSPECIFIED. ) ;
#189 = CARTESIAN_POINT ( 'NONE',  ( -1.137494508359924200, 2.620593281444169700, 10.98999999999999800 ) ) ;
#190 = CARTESIAN_POINT ( 'NONE',  ( 1.077249834096840600, 2.834972710130722700, 10.98999999999999500 ) ) ;
#191 = EDGE_LOOP ( 'NONE', ( #2051, #1526, #989, #2828 ) ) ;
#192 = EDGE_CURVE ( 'NONE', #1650, #1995, #479, .T. ) ;
#193 = CARTESIAN_POINT ( 'NONE',  ( 1.286389121350529200, 3.193574200081226600, 10.98999999999999500 ) ) ;
#194 = CARTESIAN_POINT ( 'NONE',  ( -0.7902664314313308000, 2.509435564641269200, 11.09999999999999800 ) ) ;
#195 = CARTESIAN_POINT ( 'NONE',  ( -0.6839934329378081200, 3.337594452433262600, 10.98999999999999800 ) ) ;
#196 = CARTESIAN_POINT ( 'NONE',  ( -0.8543858724078349200, 2.508377737319849900, 11.09999999999999400 ) ) ;
#197 = CARTESIAN_POINT ( 'NONE',  ( -1.229535405577062200, 2.735053065727922000, 11.09999999999999800 ) ) ;
#198 = CARTESIAN_POINT ( 'NONE',  ( -1.141268743585456500, 3.429888379809925800, 11.09999999999999800 ) ) ;
#199 = CARTESIAN_POINT ( 'NONE',  ( 0.6175598432962905400, 3.270322636002435800, 10.98999999999999500 ) ) ;
#200 = CARTESIAN_POINT ( 'NONE',  ( 0.5045922177506428900, 4.106429464397683300, 10.98999999999999700 ) ) ;
#201 = CARTESIAN_POINT ( 'NONE',  ( -1.062193334966045300, 2.564857336728874100, 10.98999999999999500 ) ) ;
#202 = CARTESIAN_POINT ( 'NONE',  ( 0.6793361710778053100, 3.338078878092782400, 11.09999999999999800 ) ) ;
#203 = ORIENTED_EDGE ( 'NONE', *, *, #2875, .T. ) ;
#204 = CARTESIAN_POINT ( 'NONE',  ( 1.025829206021397200, 3.488698451925350300, 10.98999999999999500 ) ) ;
#205 = CARTESIAN_POINT ( 'NONE',  ( 1.303557930715467700, 3.018577949215016000, 11.09999999999999800 ) ) ;
#206 = DIRECTION ( 'NONE',  ( 0.0000000000000000000, 0.0000000000000000000, 1.000000000000000000 ) ) ;
#207 = CARTESIAN_POINT ( 'NONE',  ( 0.9211891674197162400, 4.099643929567848800, 11.09999999999999800 ) ) ;
#208 = LINE ( 'NONE', #2663, #1165 ) ;
#209 = EDGE_CURVE ( 'NONE', #1250, #1202, #1096, .T. ) ;
#210 = CARTESIAN_POINT ( 'NONE',  ( -1.275552861845427500, 3.239111934594098000, 11.09999999999999800 ) ) ;
#211 = CARTESIAN_POINT ( 'NONE',  ( -1.285793344948420200, 3.203759112177297500, 10.98999999999999300 ) ) ;
#212 = CARTESIAN_POINT ( 'NONE',  ( -0.5556467984428882200, 3.037253139425350100, 11.09999999999999800 ) ) ;
#213 = ORIENTED_EDGE ( 'NONE', *, *, #1501, .F. ) ;
#214 = CARTESIAN_POINT ( 'NONE',  ( -0.8401919993357455100, 4.118028809068208700, 11.09999999999999800 ) ) ;
#215 = B_SPLINE_CURVE_WITH_KNOTS ( 'NONE', 3,
 ( #2849, #72, #93, #64, #3431, #2301 ),
 .UNSPECIFIED., .F., .F.,
 ( 4, 2, 4 ),
 ( 0.0000000000000000000, 0.5000000000000000000, 1.000000000000000000 ),
 .UNSPECIFIED. ) ;
#216 = VECTOR ( 'NONE', #2365, 1000.000000000000000 ) ;
#217 = CARTESIAN_POINT ( 'NONE',  ( -0.6372779401518438000, 2.783621255732580600, 10.98999999999999500 ) ) ;
#218 = EDGE_CURVE ( 'NONE', #2742, #1509, #1123, .T. ) ;
#219 = CARTESIAN_POINT ( 'NONE',  ( 1.122567487271397100, 3.037253139425350100, 11.09999999999999800 ) ) ;
#220 = VERTEX_POINT ( 'NONE', #403 ) ;
#221 = CARTESIAN_POINT ( 'NONE',  ( -0.9511806148147832200, 3.368897827480139600, 10.98999999999999500 ) ) ;
#222 = CARTESIAN_POINT ( 'NONE',  ( 1.054531772985682900, 3.841279367103922000, 10.98999999999999500 ) ) ;
#223 = CARTESIAN_POINT ( 'NONE',  ( 0.5876005464148907900, 2.868862162125168000, 10.98999999999999500 ) ) ;
#224 = ORIENTED_EDGE ( 'NONE', *, *, #1153, .T. ) ;
#225 = CARTESIAN_POINT ( 'NONE',  ( 1.118406057199514000, 3.546259320907157800, 10.98999999999999000 ) ) ;
#226 = CARTESIAN_POINT ( 'NONE',  ( -1.230058757372903800, 3.333638543034679500, 11.09999999999999800 ) ) ;
#227 = CARTESIAN_POINT ( 'NONE',  ( 1.653121499799244500, 4.819072548984005200, 11.04859571291617300 ) ) ;
#228 = CARTESIAN_POINT ( 'NONE',  ( -5.000000000000000900, 2.419777693832815500, 10.78822169449141700 ) ) ;
#229 = CARTESIAN_POINT ( 'NONE',  ( 0.4706963342702325500, 3.673560882934336900, 10.98999999999999800 ) ) ;
#230 = CARTESIAN_POINT ( 'NONE',  ( -0.8283581744043906300, 2.689501222280797200, 10.98999999999999800 ) ) ;
#231 = CARTESIAN_POINT ( 'NONE',  ( 0.8401484024499685800, 3.573743094782492900, 11.09999999999999800 ) ) ;
#232 = B_SPLINE_CURVE_WITH_KNOTS ( 'NONE', 3,
 ( #1922, #2191, #2203, #837, #3616, #806, #3036, #1662, #2778, #2750, #3340, #1109, #1375, #3353, #1946, #557, #3627, #3065, #2499 ),
 .UNSPECIFIED., .F., .F.,
 ( 4, 1, 1, 1, 1, 1, 1, 1, 1, 1, 1, 1, 1, 1, 1, 1, 4 ),
 ( 0.0000000000000000000, 0.07567792875955134400, 0.1484753851653020900, 0.2186868393837586600, 0.2858941638698259700, 0.3503945110435426900, 0.4133303484977597900, 0.4751316621820914600, 0.5353957076288710100, 0.5950697936472945100, 0.6531907066014452900, 0.7102252784822400400, 0.7670641673232891900, 0.8241261497892927700, 0.8820617975462207200, 0.9402768008465844900, 1.000000000000000000 ),
 .UNSPECIFIED. ) ;
#233 = CARTESIAN_POINT ( 'NONE',  ( -1.304039655585745200, 3.043631487639635800, 8.861479739173429200 ) ) ;
#234 = CARTESIAN_POINT ( 'NONE',  ( 0.7837749520541539300, 2.694733756089795500, 10.98999999999998600 ) ) ;
#235 = CARTESIAN_POINT ( 'NONE',  ( -1.073008429048876400, 3.513453974541468100, 10.98999999999999700 ) ) ;
#236 = CARTESIAN_POINT ( 'NONE',  ( 0.0000000000000000000, 1.925929944387235900E-031, -11.10000000000000100 ) ) ;
#237 = EDGE_LOOP ( 'NONE', ( #2700, #501, #1082, #829 ) ) ;
#238 = CARTESIAN_POINT ( 'NONE',  ( -1.262769113686722300, 3.272544233422830700, 11.09999999999999800 ) ) ;
#239 = CARTESIAN_POINT ( 'NONE',  ( -0.5598082285147714100, 3.546259320907157800, 11.09999999999999400 ) ) ;
#240 = CARTESIAN_POINT ( 'NONE',  ( -0.9928444607885261700, 4.042651241345659200, 11.09999999999999800 ) ) ;
#241 = CARTESIAN_POINT ( 'NONE',  ( -0.6866234570819365100, 4.040668913566115400, 11.09999999999999800 ) ) ;
#242 = ORIENTED_EDGE ( 'NONE', *, *, #696, .F. ) ;
#243 = CARTESIAN_POINT ( 'NONE',  ( -1.054575369871459700, 3.852973005496779000, 10.98999999999999300 ) ) ;
#244 = CARTESIAN_POINT ( 'NONE',  ( 1.075683110076430400, 3.242227903075282300, 10.98999999999998800 ) ) ;
#245 = CARTESIAN_POINT ( 'NONE',  ( -0.9719749396091151800, 2.726935906559685200, 11.09999999999999800 ) ) ;
#246 = CARTESIAN_POINT ( 'NONE',  ( 0.7311474113022500300, 2.713231921530399500, 11.10000000000000100 ) ) ;
#247 = CARTESIAN_POINT ( 'NONE',  ( -1.235044041851564700, 3.896219461739455000, 10.98999999999999300 ) ) ;
#248 = CARTESIAN_POINT ( 'NONE',  ( -0.6156635072701832600, 2.564985003419149500, 11.09999999999999800 ) ) ;
#249 = CARTESIAN_POINT ( 'NONE',  ( -0.9928444607885261700, 4.042651241345659200, 11.09999999999999800 ) ) ;
#250 = VERTEX_POINT ( 'NONE', #3199 ) ;
#251 = CARTESIAN_POINT ( 'NONE',  ( -1.141268743585456500, 3.429888379809925800, 11.09999999999999800 ) ) ;
#252 = CARTESIAN_POINT ( 'NONE',  ( 1.090194899932562100, 3.212723621727938900, 10.98999999999999500 ) ) ;
#253 = CARTESIAN_POINT ( 'NONE',  ( -0.7203751675178260400, 4.282107682951223500, 10.98999999999999800 ) ) ;
#254 = EDGE_LOOP ( 'NONE', ( #2204, #1206, #825, #2905 ) ) ;
#255 = CARTESIAN_POINT ( 'NONE',  ( 1.040690297478533900, 3.734214790516043400, 11.09999999999999800 ) ) ;
#256 = CARTESIAN_POINT ( 'NONE',  ( 1.058234728922185800, 3.269603737622535100, 10.98999999999999000 ) ) ;
#257 = FACE_OUTER_BOUND ( 'NONE', #618, .T. ) ;
#258 = B_SPLINE_CURVE_WITH_KNOTS ( 'NONE', 3,
 ( #1582, #755, #3287, #2459, #1570, #241, #521, #2726, #1887, #3569, #214 ),
 .UNSPECIFIED., .F., .F.,
 ( 4, 1, 1, 1, 1, 1, 1, 1, 4 ),
 ( 0.0000000000000000000, 0.1493796652946557900, 0.2882730146876014100, 0.4189426481674580200, 0.5477533895906754300, 0.6704965333015037200, 0.7826636720457524900, 0.8902031582683871400, 1.000000000000000000 ),
 .UNSPECIFIED. ) ;
#259 = CARTESIAN_POINT ( 'NONE',  ( 1.302698470580177000, 2.981248369538771900, 10.98999999999999500 ) ) ;
#260 = CARTESIAN_POINT ( 'NONE',  ( -1.091272126321160000, 3.214417206838526800, 10.98999999999999500 ) ) ;
#261 = ORIENTED_EDGE ( 'NONE', *, *, #1755, .T. ) ;
#262 = CARTESIAN_POINT ( 'NONE',  ( 1.021990128403915200, 2.543814928548189200, 11.09999999999999800 ) ) ;
#263 = VECTOR ( 'NONE', #2011, 1000.000000000000000 ) ;
#264 = CARTESIAN_POINT ( 'NONE',  ( 0.4306602012924680100, 3.304055035815018000, 10.98999999999999100 ) ) ;
#265 = CARTESIAN_POINT ( 'NONE',  ( 0.5564447975231725500, 3.005860478051177100, 10.98999999999999000 ) ) ;
#266 = ORIENTED_EDGE ( 'NONE', *, *, #192, .F. ) ;
#267 = CARTESIAN_POINT ( 'NONE',  ( 0.9238146227322464600, 2.702162358428016600, 11.09999999999999400 ) ) ;
#268 = LINE ( 'NONE', #3310, #2350 ) ;
#269 = CARTESIAN_POINT ( 'NONE',  ( 1.058234728922185800, 3.269603737622535100, 10.98999999999999500 ) ) ;
#270 = ORIENTED_EDGE ( 'NONE', *, *, #1148, .T. ) ;
#271 = CARTESIAN_POINT ( 'NONE',  ( -1.040891710517056100, 3.738849586482319700, 11.10000000000000000 ) ) ;
#272 = EDGE_CURVE ( 'NONE', #1250, #1099, #3084, .T. ) ;
#273 = CARTESIAN_POINT ( 'NONE',  ( 2.162291008814956900, 4.508269911307219300, 11.09999999999999800 ) ) ;
#274 = CARTESIAN_POINT ( 'NONE',  ( 4.999999999999997300, -2.886751345948329400, 10.65341801261493000 ) ) ;
#275 = CARTESIAN_POINT ( 'NONE',  ( 0.7062393461051703600, 2.726935906559685200, 11.10000000000000100 ) ) ;
#276 = CARTESIAN_POINT ( 'NONE',  ( 0.0000000000000000000, -2.999999999999997300, 6.899999999999996800 ) ) ;
#277 = CARTESIAN_POINT ( 'NONE',  ( 0.6544675988785400000, 3.488698451925350300, 11.09999999999999800 ) ) ;
#278 = AXIS2_PLACEMENT_3D ( 'NONE', #3210, #2975, #2090 ) ;
#279 = CARTESIAN_POINT ( 'NONE',  ( -0.6028462189826681000, 3.513608420985328900, 10.98999999999999800 ) ) ;
#280 = COORDINATED_UNIVERSAL_TIME_OFFSET ( 6, 0, .BEHIND. ) ;
#281 = CARTESIAN_POINT ( 'NONE',  ( 0.8373135810213970800, 4.299457380496778400, 10.98999999999999800 ) ) ;
#282 = CARTESIAN_POINT ( 'NONE',  ( 0.9238146227322464600, 2.702162358428016600, 10.98999999999999500 ) ) ;
#283 = CARTESIAN_POINT ( 'NONE',  ( -0.4700735843869469100, 3.672378189598520600, 11.09999999999999800 ) ) ;
#284 = DIRECTION ( 'NONE',  ( 1.000000000000000000, 0.0000000000000000000, 0.0000000000000000000 ) ) ;
#285 = CARTESIAN_POINT ( 'NONE',  ( 1.249743945988883300, 3.293162532273088400, 11.09999999999999800 ) ) ;
#286 = CARTESIAN_POINT ( 'NONE',  ( -0.7951268446144071900, 3.576164180205419800, 10.98999999999999500 ) ) ;
#287 = B_SPLINE_CURVE_WITH_KNOTS ( 'NONE', 3,
 ( #2031, #607, #3133, #73, #889, #327, #2302, #359, #2560, #65, #1456 ),
 .UNSPECIFIED., .F., .F.,
 ( 4, 1, 1, 1, 1, 1, 1, 1, 4 ),
 ( 0.0000000000000000000, 0.1294607776818081900, 0.2513647584658438300, 0.3697504781128617700, 0.4863315945877203500, 0.6051794665802340300, 0.7288077075228539500, 0.8592139492807706600, 1.000000000000000000 ),
 .UNSPECIFIED. ) ;
#288 = CARTESIAN_POINT ( 'NONE',  ( 4.592054218142206600, -3.122278952918500200, 10.78939993990109700 ) ) ;
#289 = CARTESIAN_POINT ( 'NONE',  ( -1.064448089049276200, 4.228961355319060400, 11.10000000000000000 ) ) ;
#290 = CARTESIAN_POINT ( 'NONE',  ( 0.5247794092958174600, 3.582740964429534700, 10.98999999999999700 ) ) ;
#291 = VERTEX_POINT ( 'NONE', #2662 ) ;
#292 = EDGE_CURVE ( 'NONE', #1823, #1049, #1042, .T. ) ;
#293 = CARTESIAN_POINT ( 'NONE',  ( 0.6193495979357516200, 2.811996005832695400, 10.98999999999998600 ) ) ;
#294 = CARTESIAN_POINT ( 'NONE',  ( 0.9495658426291043700, 2.712620927313122500, 10.98999999999999500 ) ) ;
#295 = CARTESIAN_POINT ( 'NONE',  ( -0.8711836592472486100, 3.391579686515069800, 11.09999999999999400 ) ) ;
#296 = CARTESIAN_POINT ( 'NONE',  ( -1.236003941300031000, 3.848012067996778600, 11.09999999999999800 ) ) ;
#297 = CARTESIAN_POINT ( 'NONE',  ( 1.294218452790593800, 3.157004606534853600, 11.09999999999999400 ) ) ;
#298 = CARTESIAN_POINT ( 'NONE',  ( 4.999999999999998200, 0.4890043909861039900, 11.10000000000000100 ) ) ;
#299 = CARTESIAN_POINT ( 'NONE',  ( -0.4457689604729130900, 3.322533053400383600, 10.98999999999999700 ) ) ;
#300 = CARTESIAN_POINT ( 'NONE',  ( -1.208937007627972400, 4.029384377752949200, 11.10000000000000000 ) ) ;
#301 = CARTESIAN_POINT ( 'NONE',  ( 1.252704169054108300, 2.778555662278969300, 10.98999999999999500 ) ) ;
#302 = CARTESIAN_POINT ( 'NONE',  ( -1.223920292096846200, 3.727023994742694900, 10.98999999999999500 ) ) ;
#303 = CARTESIAN_POINT ( 'NONE',  ( 1.077249834096840600, 2.834972710130722700, 11.09999999999999800 ) ) ;
#304 = CARTESIAN_POINT ( 'NONE',  ( 1.122271190230002000, 3.050254611289248400, 10.98999999999999500 ) ) ;
#305 = CARTESIAN_POINT ( 'NONE',  ( -0.8820500979351587600, 4.298069048815627900, 11.09999999999999800 ) ) ;
#306 = CIRCLE ( 'NONE', #130, 5.000000000000000900 ) ;
#307 = CARTESIAN_POINT ( 'NONE',  ( 1.149300387882428400, 4.138377827203648000, 10.98999999999999800 ) ) ;
#308 = CARTESIAN_POINT ( 'NONE',  ( -1.117776379847214500, 2.968679010749432300, 10.98999999999999700 ) ) ;
#309 = B_SPLINE_CURVE_WITH_KNOTS ( 'NONE', 3,
 ( #2413, #2962, #423, #2638, #1865, #3240, #697, #2405, #1282, #980, #2933, #3250, #223, #1894, #2426, #1309, #2468, #1335, #2175 ),
 .UNSPECIFIED., .F., .F.,
 ( 4, 1, 1, 1, 1, 1, 1, 1, 1, 1, 1, 1, 1, 1, 1, 1, 4 ),
 ( 0.0000000000000000000, 0.05663755105607859400, 0.1118624284165802300, 0.1664477167019292600, 0.2215665112802560600, 0.2765790185131857800, 0.3341390937655827100, 0.3930061863670674100, 0.4547524384656285200, 0.5180279512823946500, 0.5813958933820030400, 0.6460477433923905700, 0.7116841294812443800, 0.7791237264177257600, 0.8493966564271482300, 0.9231276463961055600, 1.000000000000000000 ),
 .UNSPECIFIED. ) ;
#310 = ORIENTED_EDGE ( 'NONE', *, *, #1198, .T. ) ;
#311 = VECTOR ( 'NONE', #2464, 1000.000000000000000 ) ;
#312 = CARTESIAN_POINT ( 'NONE',  ( -1.064448089049276200, 4.228961355319060400, 10.98999999999999500 ) ) ;
#313 = CARTESIAN_POINT ( 'NONE',  ( 0.4675097607597634700, 3.361196390328840900, 10.98999999999999300 ) ) ;
#314 = ORIENTED_EDGE ( 'NONE', *, *, #22, .F. ) ;
#315 = CARTESIAN_POINT ( 'NONE',  ( 0.9495658426291043700, 2.712620927313122500, 11.09999999999999400 ) ) ;
#316 = VERTEX_POINT ( 'NONE', #2968 ) ;
#317 = CARTESIAN_POINT ( 'NONE',  ( -0.8409007046928883600, 4.299457380496778400, 11.09999999999999800 ) ) ;
#318 = CARTESIAN_POINT ( 'NONE',  ( 0.8234779706738719600, 4.298990583427367600, 10.98999999999999700 ) ) ;
#319 = APPROVAL_DATE_TIME ( #654, #2328 ) ;
#320 = CARTESIAN_POINT ( 'NONE',  ( 1.235960344414254400, 3.840925014425350200, 10.98999999999999500 ) ) ;
#321 = CARTESIAN_POINT ( 'NONE',  ( -1.117776379847214500, 2.968679010749432300, 11.09999999999999800 ) ) ;
#322 = CARTESIAN_POINT ( 'NONE',  ( -0.7327822264671382000, 3.368355952270726000, 11.09999999999999400 ) ) ;
#323 = CARTESIAN_POINT ( 'NONE',  ( -0.6414374836670092600, 3.484269810391386300, 10.98999999999999500 ) ) ;
#324 = CARTESIAN_POINT ( 'NONE',  ( 0.0000000000000000000, 0.0000000000000000000, 11.09999999999999800 ) ) ;
#325 = CARTESIAN_POINT ( 'NONE',  ( 0.9946487068868614700, 4.268270537087092400, 10.98999999999999100 ) ) ;
#326 = CARTESIAN_POINT ( 'NONE',  ( -0.4255101166601774100, 2.778555662278969300, 10.98999999999999500 ) ) ;
#327 = CARTESIAN_POINT ( 'NONE',  ( 1.184821464974580100, 3.625437816364760500, 10.98999999999999500 ) ) ;
#328 = ORIENTED_EDGE ( 'NONE', *, *, #2664, .T. ) ;
#329 = B_SPLINE_CURVE_WITH_KNOTS ( 'NONE', 3,
 ( #2223, #2503, #3357, #3620, #1940, #1113, #1667, #5, #1950, #1068, #285, #563, #1121, #3317, #297, #3069, #1678, #1398, #3370 ),
 .UNSPECIFIED., .F., .F.,
 ( 4, 1, 1, 1, 1, 1, 1, 1, 1, 1, 1, 1, 1, 1, 1, 1, 4 ),
 ( 0.0000000000000000000, 0.06240742922034407000, 0.1235807582531908800, 0.1830305480595357200, 0.2414878946222268600, 0.2994762885881356900, 0.3577766216782187200, 0.4163972153590433900, 0.4752932973096493700, 0.5351745515550352400, 0.5963733801008828100, 0.6584329583283501400, 0.7220873289910031400, 0.7878662529370386000, 0.8560530649353376200, 0.9262801272673634200, 1.000000000000000000 ),
 .UNSPECIFIED. ) ;
#330 = VERTEX_POINT ( 'NONE', #1517 ) ;
#331 = CARTESIAN_POINT ( 'NONE',  ( -0.5335113327741838300, 3.421712661309760600, 10.98999999999999700 ) ) ;
#332 = CARTESIAN_POINT ( 'NONE',  ( 0.4855814411786674700, 4.068813819707295400, 10.98999999999999800 ) ) ;
#333 = EDGE_CURVE ( 'NONE', #2818, #3012, #1968, .T. ) ;
#334 = CARTESIAN_POINT ( 'NONE',  ( 0.8788493388046374500, 4.298187283831161700, 10.98999999999999500 ) ) ;
#335 = CARTESIAN_POINT ( 'NONE',  ( -0.4756566579279388200, 2.693411838465792600, 10.98999999999999800 ) ) ;
#336 = CARTESIAN_POINT ( 'NONE',  ( -0.1020753698714608100, 2.779993094782492700, 10.98999999999999700 ) ) ;
#337 = EDGE_CURVE ( 'NONE', #1630, #2398, #258, .T. ) ;
#338 = ORIENTED_EDGE ( 'NONE', *, *, #1322, .F. ) ;
#339 = CARTESIAN_POINT ( 'NONE',  ( -0.6582106952988198100, 3.999586195699461400, 10.98999999999999700 ) ) ;
#340 = AXIS2_PLACEMENT_3D ( 'NONE', #2453, #1092, #805 ) ;
#341 = CARTESIAN_POINT ( 'NONE',  ( -0.3743756699570799900, 3.051554532906131100, 10.98999999999999500 ) ) ;
#342 = ORIENTED_EDGE ( 'NONE', *, *, #630, .T. ) ;
#343 = FACE_OUTER_BOUND ( 'NONE', #2298, .T. ) ;
#344 = CARTESIAN_POINT ( 'NONE',  ( 1.229539239984248000, 3.936887472714856200, 10.98999999999999300 ) ) ;
#345 = ADVANCED_FACE ( 'NONE', ( #2437 ), #3121, .T. ) ;
#346 = ORIENTED_EDGE ( 'NONE', *, *, #524, .T. ) ;
#347 = CARTESIAN_POINT ( 'NONE',  ( -0.5772948625087425100, 2.590674857712704800, 10.98999999999999800 ) ) ;
#348 = LINE ( 'NONE', #1350, #826 ) ;
#349 = PLANE ( 'NONE',  #47 ) ;
#350 = ORIENTED_EDGE ( 'NONE', *, *, #375, .T. ) ;
#351 = LINE ( 'NONE', #3343, #2400 ) ;
#352 = CARTESIAN_POINT ( 'NONE',  ( -0.5603522695587777000, 3.112960592401685200, 11.09999999999999800 ) ) ;
#353 = ORIENTED_EDGE ( 'NONE', *, *, #1659, .T. ) ;
#354 = CARTESIAN_POINT ( 'NONE',  ( 0.3819141098028203700, 2.929918658675568100, 10.98999999999999500 ) ) ;
#355 = CARTESIAN_POINT ( 'NONE',  ( -0.6523850796928881700, 3.488698451925350300, 10.98999999999999500 ) ) ;
#356 = CARTESIAN_POINT ( 'NONE',  ( 0.9192394627852815700, 4.292063561421024100, 10.98999999999999100 ) ) ;
#357 = UNCERTAINTY_MEASURE_WITH_UNIT (LENGTH_MEASURE( 1.000000000000000100E-005 ), #1784, 'distance_accuracy_value', 'NONE');
#358 = CARTESIAN_POINT ( 'NONE',  ( 1.089155533926762700, 3.459411331504062700, 10.98999999999999700 ) ) ;
#359 = CARTESIAN_POINT ( 'NONE',  ( 1.224156894101085900, 3.724325877507183200, 10.98999999999999500 ) ) ;
#360 = CONICAL_SURFACE ( 'NONE', #886, 2.249999999999991600, 0.7853981633974529400 ) ;
#361 = ADVANCED_FACE ( 'NONE', ( #2493 ), #2012, .F. ) ;
#362 = CARTESIAN_POINT ( 'NONE',  ( -1.039654442886874400, 2.786488122536756200, 10.98999999999999500 ) ) ;
#363 = CARTESIAN_POINT ( 'NONE',  ( -0.8380658832643167500, 2.689278809068207400, 8.861479739173429200 ) ) ;
#364 = DIRECTION ( 'NONE',  ( 0.0000000000000000000, 0.0000000000000000000, 1.000000000000000000 ) ) ;
#365 = CARTESIAN_POINT ( 'NONE',  ( 1.118117667791518800, 3.441782203133339400, 11.10000000000000000 ) ) ;
#366 = CARTESIAN_POINT ( 'NONE',  ( -0.1020753698714608100, 2.530528809068207000, 8.861479739173429200 ) ) ;
#367 = CARTESIAN_POINT ( 'NONE',  ( -0.6990842527831043800, 2.528073551232728400, 11.09999999999999800 ) ) ;
#368 = CARTESIAN_POINT ( 'NONE',  ( -0.6848134774821937900, 3.647773825457081700, 11.09999999999999800 ) ) ;
#369 = CARTESIAN_POINT ( 'NONE',  ( 0.6021545689035990900, 2.839444491132630900, 11.09999999999999800 ) ) ;
#370 = CARTESIAN_POINT ( 'NONE',  ( -0.6355444562990584200, 3.497166539436382700, 11.09999999999999800 ) ) ;
#371 = CARTESIAN_POINT ( 'NONE',  ( 0.07935320155711062000, 2.779993094782492700, 10.98999999999999700 ) ) ;
#372 = ADVANCED_FACE ( 'NONE', ( #1204 ), #702, .T. ) ;
#373 = CARTESIAN_POINT ( 'NONE',  ( 0.5869421593931250000, 3.214417206838525500, 10.98999999999999500 ) ) ;
#374 = CARTESIAN_POINT ( 'NONE',  ( 1.020003590415465600, 3.999586195699461400, 10.98999999999999800 ) ) ;
#375 = EDGE_CURVE ( 'NONE', #3319, #2314, #382, .T. ) ;
#376 = EDGE_LOOP ( 'NONE', ( #1969, #1077, #2333, #568 ) ) ;
#377 = CARTESIAN_POINT ( 'NONE',  ( -0.8665835578799575600, 2.689996029998484900, 10.98999999999999800 ) ) ;
#378 = CARTESIAN_POINT ( 'NONE',  ( -0.6575216486462851500, 3.687845631139601300, 11.09999999999999600 ) ) ;
#379 = CARTESIAN_POINT ( 'NONE',  ( -0.3742182270143167300, 3.037607492103921100, 10.98999999999999500 ) ) ;
#380 = CARTESIAN_POINT ( 'NONE',  ( 0.8401484024499685800, 3.573743094782492900, 11.09999999999999600 ) ) ;
#381 = ORIENTED_EDGE ( 'NONE', *, *, #218, .F. ) ;
#382 = CIRCLE ( 'NONE', #278, 2.249999999999991600 ) ;
#383 = CARTESIAN_POINT ( 'NONE',  ( 1.232445325241372300, 3.322533053400383600, 10.98999999999999700 ) ) ;
#384 = ORIENTED_EDGE ( 'NONE', *, *, #956, .T. ) ;
#385 = DIRECTION ( 'NONE',  ( 0.5000000000000004400, 0.8660254037844384900, -0.0000000000000000000 ) ) ;
#386 = CARTESIAN_POINT ( 'NONE',  ( 1.235960344414254400, 3.840925014425350200, 10.98999999999999500 ) ) ;
#387 = VERTEX_POINT ( 'NONE', #386 ) ;
#388 = CARTESIAN_POINT ( 'NONE',  ( -0.6399281900510525000, 3.294665809462164100, 10.98999999999999500 ) ) ;
#389 = CARTESIAN_POINT ( 'NONE',  ( 1.229539239984248000, 3.936887472714856200, 10.98999999999999500 ) ) ;
#390 = EDGE_CURVE ( 'NONE', #8, #2567, #3379, .T. ) ;
#391 =( NAMED_UNIT ( * ) SI_UNIT ( $, .STERADIAN. ) SOLID_ANGLE_UNIT ( ) );
#392 = CARTESIAN_POINT ( 'NONE',  ( 4.999999999999997300, 2.886751345948130000, 10.65341801261479800 ) ) ;
#393 = CARTESIAN_POINT ( 'NONE',  ( -1.234571052918079000E-015, -5.773502691896258200, 10.65341801261479800 ) ) ;
#394 = CARTESIAN_POINT ( 'NONE',  ( -0.5289138978318572700, 4.138377827203647100, 11.09999999999999800 ) ) ;
#395 = EDGE_CURVE ( 'NONE', #2808, #250, #1557, .T. ) ;
#396 = CARTESIAN_POINT ( 'NONE',  ( 1.299758951961674100, 3.118766778876397500, 10.98999999999999500 ) ) ;
#397 = CARTESIAN_POINT ( 'NONE',  ( 0.6381703831332945500, 3.956924737339597300, 11.09999999999999800 ) ) ;
#398 = EDGE_CURVE ( 'NONE', #3499, #1437, #1469, .T. ) ;
#399 = CARTESIAN_POINT ( 'NONE',  ( -0.5067621735632407100, 2.655225130654953200, 11.09999999999999800 ) ) ;
#400 = CARTESIAN_POINT ( 'NONE',  ( 0.9454320592471469100, 3.368355952270726000, 11.09999999999999400 ) ) ;
#401 = CARTESIAN_POINT ( 'NONE',  ( -0.7543996629820390900, 2.702162358428016600, 11.09999999999999800 ) ) ;
#402 = ORIENTED_EDGE ( 'NONE', *, *, #772, .F. ) ;
#403 = CARTESIAN_POINT ( 'NONE',  ( -5.000000000000000900, -1.502314598737159600E-015, 11.09999999999999800 ) ) ;
#404 = CARTESIAN_POINT ( 'NONE',  ( 0.6243201680307598500, 3.832716322901234700, 10.98999999999999800 ) ) ;
#405 = CARTESIAN_POINT ( 'NONE',  ( -0.6375239882357514000, 3.734214790516043400, 11.10000000000000000 ) ) ;
#406 = CARTESIAN_POINT ( 'NONE',  ( -0.1020753698714608100, 2.779993094782492700, 8.861479739173429200 ) ) ;
#407 = CARTESIAN_POINT ( 'NONE',  ( 1.294218452790593800, 3.157004606534853600, 10.98999999999999500 ) ) ;
#408 = CARTESIAN_POINT ( 'NONE',  ( -0.3742182270143167300, 3.037607492103921100, 10.98999999999999500 ) ) ;
#409 = CARTESIAN_POINT ( 'NONE',  ( 0.6574772601350892300, 4.002880141081535100, 11.09999999999999800 ) ) ;
#410 = CARTESIAN_POINT ( 'NONE',  ( 0.5120394334351834300, 3.409286724354159600, 10.98999999999999800 ) ) ;
#411 = CARTESIAN_POINT ( 'NONE',  ( -0.8426724680857453600, 3.392314523353921400, 10.98999999999999300 ) ) ;
#412 = CARTESIAN_POINT ( 'NONE',  ( 0.7569952974551579200, 2.702699384954925700, 11.09999999999999800 ) ) ;
#413 = CARTESIAN_POINT ( 'NONE',  ( -4.592054218142294500, 3.122278952918451400, 10.78939993990107000 ) ) ;
#414 = EDGE_LOOP ( 'NONE', ( #1799, #1001, #2945, #2960, #3116 ) ) ;
#415 = B_SPLINE_CURVE_WITH_KNOTS ( 'NONE', 3,
 ( #158, #978, #3535, #3510, #490, #2404, #2932, #746, #1280, #3249, #1308, #1256, #1562, #182, #2687, #2110, #1854, #3221, #1533 ),
 .UNSPECIFIED., .F., .F.,
 ( 4, 1, 1, 1, 1, 1, 1, 1, 1, 1, 1, 1, 1, 1, 1, 1, 4 ),
 ( 0.0000000000000000000, 0.05972319915341517400, 0.1179382024537789500, 0.1758738502107073400, 0.2329358326767107000, 0.2897747215177598500, 0.3468092933985544900, 0.4049302063527054900, 0.4646042923711288800, 0.5248683378179084300, 0.5866696515022402600, 0.6496054889564572000, 0.7141058361301739800, 0.7813131606162413400, 0.8515246148346978800, 0.9243220712404486300, 1.000000000000000000 ),
 .UNSPECIFIED. ) ;
#416 = CARTESIAN_POINT ( 'NONE',  ( 0.3741746301285400200, 3.043631487639636200, 11.09999999999999800 ) ) ;
#417 = CARTESIAN_POINT ( 'NONE',  ( -0.6835655788274236400, 4.268270537087092400, 11.09999999999999800 ) ) ;
#418 = CARTESIAN_POINT ( 'NONE',  ( -0.4422539413000310400, 3.840925014425350600, 8.861479739173431000 ) ) ;
#419 = ORIENTED_EDGE ( 'NONE', *, *, #1586, .F. ) ;
#420 = CARTESIAN_POINT ( 'NONE',  ( -0.7589748229290035300, 4.292063561421024100, 11.09999999999999400 ) ) ;
#421 = CARTESIAN_POINT ( 'NONE',  ( 0.5559282183600419100, 3.056867659402997500, 11.09999999999999800 ) ) ;
#422 = VECTOR ( 'NONE', #2699, 1000.000000000000000 ) ;
#423 = CARTESIAN_POINT ( 'NONE',  ( 0.8116307278343275500, 2.689996029998484900, 10.98999999999999800 ) ) ;
#424 = CARTESIAN_POINT ( 'NONE',  ( -0.5875162990796130000, 2.864103027666710800, 11.09999999999999800 ) ) ;
#425 = VERTEX_POINT ( 'NONE', #3485 ) ;
#426 = ADVANCED_FACE ( 'NONE', ( #731 ), #3215, .T. ) ;
#427 = VECTOR ( 'NONE', #1149, 1000.000000000000000 ) ;
#428 = CARTESIAN_POINT ( 'NONE',  ( 0.3919975604635507800, 2.876753598648022600, 10.98999999999999700 ) ) ;
#429 = CARTESIAN_POINT ( 'NONE',  ( 0.3924209407658650900, 3.203759112177297900, 10.98999999999999500 ) ) ;
#430 = CARTESIAN_POINT ( 'NONE',  ( 1.025829206021397200, 3.488698451925350300, 11.09999999999999800 ) ) ;
#431 = CARTESIAN_POINT ( 'NONE',  ( 0.0000000000000000000, 0.0000000000000000000, 11.09999999999999800 ) ) ;
#432 = AXIS2_PLACEMENT_3D ( 'NONE', #1857, #2101, #3529 ) ;
#433 = ORIENTED_EDGE ( 'NONE', *, *, #2702, .F. ) ;
#434 = CARTESIAN_POINT ( 'NONE',  ( 1.052509045564520100, 3.786124350368182500, 10.98999999999999500 ) ) ;
#435 = VERTEX_POINT ( 'NONE', #2289 ) ;
#436 = APPROVAL_ROLE ( '' ) ;
#437 = CARTESIAN_POINT ( 'NONE',  ( -0.4486750457300372500, 3.936887472714855300, 10.98999999999998400 ) ) ;
#438 = CARTESIAN_POINT ( 'NONE',  ( 1.118378113151570400, 2.962214966687883400, 10.98999999999999500 ) ) ;
#439 = ORIENTED_EDGE ( 'NONE', *, *, #931, .F. ) ;
#440 = CARTESIAN_POINT ( 'NONE',  ( -0.5058614945956649800, 4.102670055079768100, 11.09999999999999800 ) ) ;
#441 = CARTESIAN_POINT ( 'NONE',  ( 0.7178909495515584100, 3.615830637768700000, 11.10000000000000000 ) ) ;
#442 = CARTESIAN_POINT ( 'NONE',  ( -0.3839958329236911600, 3.157004606534853600, 10.98999999999999500 ) ) ;
#443 = CARTESIAN_POINT ( 'NONE',  ( -0.6584270048649129000, 2.761656325696176600, 11.09999999999999800 ) ) ;
#444 = CARTESIAN_POINT ( 'NONE',  ( 0.4754185271528373300, 2.693325520477344100, 10.98999999999999700 ) ) ;
#445 = CARTESIAN_POINT ( 'NONE',  ( 0.5923111912920063800, 3.464302196276432400, 10.98999999999999500 ) ) ;
#446 = CARTESIAN_POINT ( 'NONE',  ( -0.7079571625554455000, 3.354318855201789500, 11.09999999999999800 ) ) ;
#447 = FACE_OUTER_BOUND ( 'NONE', #1555, .T. ) ;
#448 = CARTESIAN_POINT ( 'NONE',  ( -0.6009644516174449400, 2.834972710130721800, 10.98999999999999300 ) ) ;
#449 = CARTESIAN_POINT ( 'NONE',  ( -2.499999999999997300, 4.330127018922195400, 11.09999999999999800 ) ) ;
#450 = CARTESIAN_POINT ( 'NONE',  ( -0.6257052401497649200, 3.786124350368182500, 11.09999999999999800 ) ) ;
#451 = CARTESIAN_POINT ( 'NONE',  ( -0.6236825127286025300, 3.841279367103922000, 10.98999999999999500 ) ) ;
#452 = ADVANCED_FACE ( 'NONE', ( #1394 ), #824, .T. ) ;
#453 = EDGE_CURVE ( 'NONE', #1742, #3091, #2135, .T. ) ;
#454 = CARTESIAN_POINT ( 'NONE',  ( 1.276620756173258500, 3.228492539986735500, 10.98999999999999800 ) ) ;
#455 = CARTESIAN_POINT ( 'NONE',  ( -0.6523850796928881700, 3.488698451925350300, 10.98999999999999500 ) ) ;
#456 = CARTESIAN_POINT ( 'NONE',  ( -0.5566601561686787000, 2.999161672086136900, 11.09999999999999800 ) ) ;
#457 = CARTESIAN_POINT ( 'NONE',  ( 0.4065907270503204000, 2.826570149929942900, 10.98999999999999300 ) ) ;
#458 = CARTESIAN_POINT ( 'NONE',  ( 0.3741746301285399600, 3.043631487639635800, 10.98999999999999500 ) ) ;
#459 = CARTESIAN_POINT ( 'NONE',  ( -1.034444243488049600, 3.485094091247523000, 10.98999999999999300 ) ) ;
#460 = CARTESIAN_POINT ( 'NONE',  ( 0.8305628152166711900, 2.689519887062307400, 11.09999999999999800 ) ) ;
#461 = CARTESIAN_POINT ( 'NONE',  ( 1.053867563921481400, 3.860717313862763500, 10.98999999999999500 ) ) ;
#462 = CARTESIAN_POINT ( 'NONE',  ( -2.500000000000002200, -4.330127018922193600, 11.09999999999999800 ) ) ;
#463 = CARTESIAN_POINT ( 'NONE',  ( 0.7551066145174263300, 3.591089821096199700, 11.09999999999999800 ) ) ;
#464 = CARTESIAN_POINT ( 'NONE',  ( 0.07935320155711062000, 2.779993094782492700, 8.861479739173429200 ) ) ;
#465 = CARTESIAN_POINT ( 'NONE',  ( 1.234445005991383600, 3.780987957570796100, 10.98999999999999300 ) ) ;
#466 = CARTESIAN_POINT ( 'NONE',  ( -0.8989587600211685900, 3.386946384776036800, 11.09999999999999800 ) ) ;
#467 = EDGE_CURVE ( 'NONE', #3180, #15, #3098, .T. ) ;
#468 = CARTESIAN_POINT ( 'NONE',  ( 0.6242766096830496500, 3.871245013948906500, 10.98999999999999800 ) ) ;
#469 = CARTESIAN_POINT ( 'NONE',  ( -0.9603233361627270300, 3.615830637768700000, 10.98999999999999700 ) ) ;
#470 = CARTESIAN_POINT ( 'NONE',  ( 0.5599903681954502300, 3.117312151309205700, 10.98999999999999800 ) ) ;
#471 = CARTESIAN_POINT ( 'NONE',  ( 0.5538786497364587300, 4.174026752478300600, 10.99000000000000000 ) ) ;
#472 = B_SPLINE_CURVE_WITH_KNOTS ( 'NONE', 3,
 ( #735, #3239, #3525, #3263, #3551, #803, #2748, #1615, #1641, #2434, #1628 ),
 .UNSPECIFIED., .F., .F.,
 ( 4, 1, 1, 1, 1, 1, 1, 1, 4 ),
 ( 0.0000000000000000000, 0.1445853710887411400, 0.2795035239605310200, 0.4091104759472828900, 0.5376950259984427700, 0.6621870154228110000, 0.7764721253835097400, 0.8869648727936145800, 1.000000000000000000 ),
 .UNSPECIFIED. ) ;
#473 = CARTESIAN_POINT ( 'NONE',  ( 0.9584865270933652400, 4.074824765153195500, 10.98999999999999500 ) ) ;
#474 = CARTESIAN_POINT ( 'NONE',  ( 1.040936345562441200, 2.783621255732581500, 10.98999999999999500 ) ) ;
#475 = VECTOR ( 'NONE', #3142, 1000.000000000000000 ) ;
#476 = CARTESIAN_POINT ( 'NONE',  ( 1.118117667791518800, 3.441782203133339400, 10.98999999999999800 ) ) ;
#477 = ORIENTED_EDGE ( 'NONE', *, *, #3452, .T. ) ;
#478 = CARTESIAN_POINT ( 'NONE',  ( -0.8219827694268361200, 2.508383653686455400, 11.09999999999999800 ) ) ;
#479 = LINE ( 'NONE', #2117, #1873 ) ;
#480 = CARTESIAN_POINT ( 'NONE',  ( -0.8544921020647400200, 4.117206924916009900, 11.09999999999999800 ) ) ;
#481 = CARTESIAN_POINT ( 'NONE',  ( 1.054531772985682900, 3.841279367103922000, 11.09999999999999800 ) ) ;
#482 = EDGE_LOOP ( 'NONE', ( #3139, #3135, #1268, #3008 ) ) ;
#483 = CARTESIAN_POINT ( 'NONE',  ( -1.252955591843021100, 2.779229209349934200, 11.09999999999999800 ) ) ;
#484 = CARTESIAN_POINT ( 'NONE',  ( -1.055569210336851200, 3.477976391168430500, 11.09999999999999800 ) ) ;
#485 = CARTESIAN_POINT ( 'NONE',  ( -0.5559893939063806900, 3.024375195560053100, 10.98999999999999300 ) ) ;
#486 = CARTESIAN_POINT ( 'NONE',  ( 0.6052058566654090500, 3.513453974541469000, 10.98999999999999800 ) ) ;
#487 = ORIENTED_EDGE ( 'NONE', *, *, #144, .T. ) ;
#488 = CARTESIAN_POINT ( 'NONE',  ( -1.229535405577062200, 2.735053065727922000, 10.98999999999999500 ) ) ;
#489 = CARTESIAN_POINT ( 'NONE',  ( 1.122567487271397100, 3.037253139425350100, 10.98999999999999500 ) ) ;
#490 = CARTESIAN_POINT ( 'NONE',  ( -1.114633004976888700, 3.448539190824850400, 10.98999999999999800 ) ) ;
#491 = CARTESIAN_POINT ( 'NONE',  ( 1.302698470580177000, 2.981248369538771900, 10.98999999999999700 ) ) ;
#492 = CARTESIAN_POINT ( 'NONE',  ( 0.0000000000000000000, 0.0000000000000000000, 11.09999999999999800 ) ) ;
#493 = CARTESIAN_POINT ( 'NONE',  ( -1.299924454178906600, 3.127182775551927500, 11.09999999999999800 ) ) ;
#494 = CARTESIAN_POINT ( 'NONE',  ( -1.262769113686722300, 3.272544233422830700, 11.09999999999999800 ) ) ;
#495 = CARTESIAN_POINT ( 'NONE',  ( 0.7792555256931167400, 3.386946384776036800, 10.98999999999999500 ) ) ;
#496 = CARTESIAN_POINT ( 'NONE',  ( 0.4574920037712106900, 3.987208923903869300, 11.09999999999999800 ) ) ;
#497 = CARTESIAN_POINT ( 'NONE',  ( -0.6584270048649129000, 2.761656325696176600, 10.98999999999999800 ) ) ;
#498 = CARTESIAN_POINT ( 'NONE',  ( 1.117862016155507700, 3.112960592401685200, 11.09999999999999800 ) ) ;
#499 = ORIENTED_EDGE ( 'NONE', *, *, #2635, .T. ) ;
#500 = CARTESIAN_POINT ( 'NONE',  ( -0.3742182270143167300, 3.037607492103921100, 11.09999999999999800 ) ) ;
#501 = ORIENTED_EDGE ( 'NONE', *, *, #3364, .F. ) ;
#502 = DIRECTION ( 'NONE',  ( -0.0000000000000000000, 7.041719095097278900E-017, 1.000000000000000000 ) ) ;
#503 = CARTESIAN_POINT ( 'NONE',  ( 1.042669829415226800, 3.497166539436382700, 10.98999999999999000 ) ) ;
#504 = AXIS2_PLACEMENT_3D ( 'NONE', #117, #1264, #1821 ) ;
#505 = CARTESIAN_POINT ( 'NONE',  ( -1.229535405577062200, 2.735053065727922000, 10.98999999999999300 ) ) ;
#506 = CARTESIAN_POINT ( 'NONE',  ( -1.040043902580990400, 3.956924737339596400, 11.09999999999999800 ) ) ;
#507 = CARTESIAN_POINT ( 'NONE',  ( 0.8401484024499685800, 3.573743094782492900, 10.98999999999999800 ) ) ;
#508 = CARTESIAN_POINT ( 'NONE',  ( 1.054531772985682900, 3.841279367103922000, 10.98999999999999500 ) ) ;
#509 = CARTESIAN_POINT ( 'NONE',  ( 0.9193947254152729000, 3.378875579349696500, 10.98999999999999000 ) ) ;
#510 = B_SPLINE_CURVE_WITH_KNOTS ( 'NONE', 3,
 ( #1726, #1715, #1701, #1989, #1417, #3404, #863, #41, #2292, #2285, #586 ),
 .UNSPECIFIED., .F., .F.,
 ( 4, 1, 1, 1, 1, 1, 1, 1, 4 ),
 ( 0.0000000000000000000, 0.1260378091732437000, 0.2459019243914805900, 0.3627067544327670600, 0.4794052259371161000, 0.5986034094528297500, 0.7232798159394655500, 0.8561813915647400500, 1.000000000000000000 ),
 .UNSPECIFIED. ) ;
#511 = VERTEX_POINT ( 'NONE', #1199 ) ;
#512 = CARTESIAN_POINT ( 'NONE',  ( 0.8401484024499685800, 2.689278809068207400, 10.98999999999998600 ) ) ;
#513 = CARTESIAN_POINT ( 'NONE',  ( -1.235679085916493000, 3.864326726171309500, 10.98999999999999300 ) ) ;
#514 = CARTESIAN_POINT ( 'NONE',  ( -0.4255101166601774100, 2.778555662278969300, 11.09999999999999800 ) ) ;
#515 = PLANE ( 'NONE',  #601 ) ;
#516 = VECTOR ( 'NONE', #1652, 1000.000000000000000 ) ;
#517 = EDGE_CURVE ( 'NONE', #2568, #1514, #3333, .T. ) ;
#518 = CARTESIAN_POINT ( 'NONE',  ( -0.8543858724078349200, 2.508377737319849900, 11.09999999999999800 ) ) ;
#519 = CARTESIAN_POINT ( 'NONE',  ( -1.304039655585745200, 3.043631487639635800, 10.98999999999999500 ) ) ;
#520 = CARTESIAN_POINT ( 'NONE',  ( 0.6365481204403985500, 3.295360726970229900, 10.98999999999999500 ) ) ;
#521 = CARTESIAN_POINT ( 'NONE',  ( -0.7197277586209196400, 4.074824765153195500, 11.09999999999999800 ) ) ;
#522 = FACE_OUTER_BOUND ( 'NONE', #2038, .T. ) ;
#523 = CARTESIAN_POINT ( 'NONE',  ( -1.020965836059597900, 3.690305278343403400, 11.09999999999999800 ) ) ;
#524 = EDGE_CURVE ( 'NONE', #3031, #511, #3585, .T. ) ;
#525 = CARTESIAN_POINT ( 'NONE',  ( 1.111099585184891000, 3.148142269087852400, 10.98999999999998800 ) ) ;
#526 = ORIENTED_EDGE ( 'NONE', *, *, #1322, .T. ) ;
#527 = VERTEX_POINT ( 'NONE', #3140 ) ;
#528 = CARTESIAN_POINT ( 'NONE',  ( 1.271670625776733400, 2.825106878882725600, 10.98999999999999500 ) ) ;
#529 = CARTESIAN_POINT ( 'NONE',  ( -1.229624061461765500, 3.942929108396235000, 10.98999999999999500 ) ) ;
#530 = CARTESIAN_POINT ( 'NONE',  ( 0.8562315162874492000, 2.508383653686455400, 11.09999999999999400 ) ) ;
#531 = AXIS2_PLACEMENT_3D ( 'NONE', #1455, #3430, #2574 ) ;
#532 = CARTESIAN_POINT ( 'NONE',  ( 0.3782898315353789300, 3.127182775551927000, 10.98999999999999100 ) ) ;
#533 = ORIENTED_EDGE ( 'NONE', *, *, #1716, .T. ) ;
#534 = DIRECTION ( 'NONE',  ( 8.659560562354972300E-017, 0.7071067811865507900, 0.7071067811865441300 ) ) ;
#535 = CARTESIAN_POINT ( 'NONE',  ( -1.062193334966045300, 2.564857336728874100, 10.98999999999999300 ) ) ;
#536 = CARTESIAN_POINT ( 'NONE',  ( -0.9936906279832851100, 3.648783547728790200, 10.98999999999999800 ) ) ;
#537 = CARTESIAN_POINT ( 'NONE',  ( -1.648146632868993800, 4.821944789745368000, 11.10000000000000100 ) ) ;
#538 = CARTESIAN_POINT ( 'NONE',  ( -1.053894117683525500, 3.832716322901234700, 11.10000000000000000 ) ) ;
#539 = CARTESIAN_POINT ( 'NONE',  ( 0.9942208527764779800, 3.337594452433262600, 11.10000000000000000 ) ) ;
#540 = B_SPLINE_CURVE_WITH_KNOTS ( 'NONE', 3,
 ( #865, #2809, #1817, #1231, #2116, #2631, #2644, #3196, #153, #2897, #1525, #2103, #973, #1516, #139, #1004, #2077, #2621, #2368 ),
 .UNSPECIFIED., .F., .F.,
 ( 4, 1, 1, 1, 1, 1, 1, 1, 1, 1, 1, 1, 1, 1, 1, 1, 4 ),
 ( 0.0000000000000000000, 0.07284555922537268300, 0.1424022577019357400, 0.2096481568532460600, 0.2744279852265614200, 0.3376116097491712600, 0.3998969850871568800, 0.4623719526881577800, 0.5246550940941329100, 0.5862033916266324900, 0.6457758197763566700, 0.7040065034449222200, 0.7620433196493318100, 0.8196493987145294600, 0.8779946628339820900, 0.9381990289718444800, 0.9999999999999998900 ),
 .UNSPECIFIED. ) ;
#541 = CARTESIAN_POINT ( 'NONE',  ( 1.303557930715467700, 3.018577949215016000, 10.98999999999999500 ) ) ;
#542 = CARTESIAN_POINT ( 'NONE',  ( 0.7837749520541539300, 2.694733756089795500, 11.09999999999999800 ) ) ;
#543 = CARTESIAN_POINT ( 'NONE',  ( -1.023746686835745400, 3.488698451925350300, 10.98999999999999700 ) ) ;
#544 = CARTESIAN_POINT ( 'NONE',  ( 1.137449140468037400, 2.620734010285415300, 11.09999999999999800 ) ) ;
#545 = EDGE_CURVE ( 'NONE', #2369, #2538, #3454, .T. ) ;
#546 = CARTESIAN_POINT ( 'NONE',  ( 0.5666021069806436200, 2.933407325813717700, 11.09999999999999800 ) ) ;
#547 = CARTESIAN_POINT ( 'NONE',  ( 1.059807704701045000, 2.808556902386627000, 11.09999999999999800 ) ) ;
#548 = CARTESIAN_POINT ( 'NONE',  ( -1.052590593283050800, 3.793956696871944700, 10.98999999999999700 ) ) ;
#549 = CARTESIAN_POINT ( 'NONE',  ( -0.4422539413000310400, 3.840925014425350200, 10.98999999999999500 ) ) ;
#550 = CARTESIAN_POINT ( 'NONE',  ( -0.8527108352452916800, 3.574574537859277300, 10.98999999999999700 ) ) ;
#551 = CARTESIAN_POINT ( 'NONE',  ( 0.8925167532945919000, 3.386912160432885800, 11.09999999999999800 ) ) ;
#552 = CARTESIAN_POINT ( 'NONE',  ( -1.122611084157173900, 3.044340192996778600, 11.09999999999999600 ) ) ;
#553 = CARTESIAN_POINT ( 'NONE',  ( 0.6826496769929251100, 2.743923215597084300, 11.09999999999999800 ) ) ;
#554 = CARTESIAN_POINT ( 'NONE',  ( -0.8820500979351587600, 4.298069048815627900, 11.09999999999999800 ) ) ;
#555 = CARTESIAN_POINT ( 'NONE',  ( 0.9346021590196108600, 2.516064858245973500, 10.98999999999999100 ) ) ;
#556 = CARTESIAN_POINT ( 'NONE',  ( -0.5598082285147714100, 3.546259320907157800, 10.98999999999999500 ) ) ;
#557 = CARTESIAN_POINT ( 'NONE',  ( 0.5923111912920063800, 3.464302196276432400, 11.09999999999999400 ) ) ;
#558 = CC_DESIGN_SECURITY_CLASSIFICATION ( #2138, ( #1539 ) ) ;
#559 = ORIENTED_EDGE ( 'NONE', *, *, #1460, .T. ) ;
#560 = DIRECTION ( 'NONE',  ( 0.0000000000000000000, 0.0000000000000000000, 1.000000000000000000 ) ) ;
#561 = CARTESIAN_POINT ( 'NONE',  ( -1.020965836059597900, 3.690305278343403400, 10.98999999999999500 ) ) ;
#562 = CARTESIAN_POINT ( 'NONE',  ( -1.235679085916493000, 3.864326726171309500, 11.09999999999999800 ) ) ;
#563 = CARTESIAN_POINT ( 'NONE',  ( 1.263970678473679900, 3.261533241853796600, 11.09999999999999800 ) ) ;
#564 = B_SPLINE_CURVE_WITH_KNOTS ( 'NONE', 3,
 ( #1498, #2396, #1793, #674, #715, #1003 ),
 .UNSPECIFIED., .F., .F.,
 ( 4, 2, 4 ),
 ( 0.005407753494268781700, 0.006869161227141065900, 0.008330568960013350100 ),
 .UNSPECIFIED. ) ;
#565 = CARTESIAN_POINT ( 'NONE',  ( -1.076059716810686500, 2.839444491132630400, 11.09999999999999800 ) ) ;
#566 = CARTESIAN_POINT ( 'NONE',  ( -0.3918251643637562500, 3.193574200081227500, 11.10000000000000000 ) ) ;
#567 = DIRECTION ( 'NONE',  ( 0.0000000000000000000, -1.000000000000000000, 0.0000000000000000000 ) ) ;
#568 = ORIENTED_EDGE ( 'NONE', *, *, #1198, .F. ) ;
#569 = CARTESIAN_POINT ( 'NONE',  ( 1.062550778444102000, 2.564985003419147700, 11.09999999999999800 ) ) ;
#570 = FACE_OUTER_BOUND ( 'NONE', #110, .T. ) ;
#571 = CARTESIAN_POINT ( 'NONE',  ( 1.235960344414254600, 3.840925014425350600, 8.861479739173431000 ) ) ;
#572 = CARTESIAN_POINT ( 'NONE',  ( 0.6385598428274104100, 2.786488122536757000, 11.09999999999999800 ) ) ;
#573 = ORIENTED_EDGE ( 'NONE', *, *, #578, .T. ) ;
#574 = FACE_OUTER_BOUND ( 'NONE', #32, .T. ) ;
#575 = CARTESIAN_POINT ( 'NONE',  ( -0.4422539413000310400, 3.840925014425350600, 11.09999999999999800 ) ) ;
#576 = EDGE_LOOP ( 'NONE', ( #1661, #1975, #1644 ) ) ;
#577 = CARTESIAN_POINT ( 'NONE',  ( 1.052509045564520100, 3.786124350368182500, 11.09999999999999400 ) ) ;
#578 = EDGE_CURVE ( 'NONE', #3197, #1613, #1317, .T. ) ;
#579 = CARTESIAN_POINT ( 'NONE',  ( -1.058864687778534200, 2.811996005832695800, 11.09999999999999800 ) ) ;
#580 = CARTESIAN_POINT ( 'NONE',  ( 0.6853698249257592600, 4.042651241345659200, 11.09999999999999800 ) ) ;
#581 = CARTESIAN_POINT ( 'NONE',  ( -1.124335635977826700, 4.174026752478298800, 10.98999999999999300 ) ) ;
#582 = PRODUCT_DEFINITION ( 'UNKNOWN', '', #1539, #1193 ) ;
#583 = CARTESIAN_POINT ( 'NONE',  ( 0.8401484024499685800, 2.507850237639635900, 8.861479739173429200 ) ) ;
#584 = FACE_OUTER_BOUND ( 'NONE', #2391, .T. ) ;
#585 = CARTESIAN_POINT ( 'NONE',  ( -0.8380658832643167500, 2.507850237639635900, 8.861479739173429200 ) ) ;
#586 = CARTESIAN_POINT ( 'NONE',  ( 0.4422103444142542700, 3.848012067996778600, 11.09999999999999800 ) ) ;
#587 = ADVANCED_FACE ( 'NONE', ( #3547 ), #708, .T. ) ;
#588 = CARTESIAN_POINT ( 'NONE',  ( -0.3742182270143167300, 3.037607492103921100, 11.09999999999999800 ) ) ;
#589 = CARTESIAN_POINT ( 'NONE',  ( 2.500000000000000000, 4.330127018922194500, 11.09999999999999800 ) ) ;
#590 = B_SPLINE_CURVE_WITH_KNOTS ( 'NONE', 3,
 ( #2545, #859, #51, #2497, #3365, #3048, #3401, #1108, #3352, #3626, #1945 ),
 .UNSPECIFIED., .F., .F.,
 ( 4, 1, 1, 1, 1, 1, 1, 1, 4 ),
 ( 0.0000000000000000000, 0.1539757860433905700, 0.2946209902069862300, 0.4259529432363396400, 0.5510630847533679600, 0.6698838735114387400, 0.7802966480188419100, 0.8888583241621970100, 0.9999999999999998900 ),
 .UNSPECIFIED. ) ;
#591 = CARTESIAN_POINT ( 'NONE',  ( -0.3918251643637562500, 3.193574200081227500, 10.98999999999999700 ) ) ;
#592 = CARTESIAN_POINT ( 'NONE',  ( -1.220722281943074500, 3.987208923903869300, 10.98999999999999300 ) ) ;
#593 = ORIENTED_EDGE ( 'NONE', *, *, #848, .F. ) ;
#594 = EDGE_CURVE ( 'NONE', #718, #1138, #268, .T. ) ;
#595 = CARTESIAN_POINT ( 'NONE',  ( -0.4933928207397054200, 3.625437816364761800, 10.98999999999999800 ) ) ;
#596 = ORIENTED_EDGE ( 'NONE', *, *, #3282, .T. ) ;
#597 = CARTESIAN_POINT ( 'NONE',  ( 0.8498561113098948000, 2.689501222280797200, 11.09999999999999800 ) ) ;
#598 = EDGE_CURVE ( 'NONE', #903, #907, #3030, .T. ) ;
#599 = CARTESIAN_POINT ( 'NONE',  ( 0.5666021069806436200, 2.933407325813717700, 11.09999999999999800 ) ) ;
#600 = CARTESIAN_POINT ( 'NONE',  ( -0.6575216486462851500, 3.687845631139601300, 10.98999999999999500 ) ) ;
#601 = AXIS2_PLACEMENT_3D ( 'NONE', #793, #3603, #3324 ) ;
#602 = CARTESIAN_POINT ( 'NONE',  ( -0.7856975324196932000, 3.386912160432885800, 11.09999999999999400 ) ) ;
#603 = CARTESIAN_POINT ( 'NONE',  ( -0.5890587517875226500, 3.459411331504061800, 11.09999999999999800 ) ) ;
#604 = CARTESIAN_POINT ( 'NONE',  ( 1.172352791118619800, 4.102670055079765500, 10.98999999999999100 ) ) ;
#605 = VERTEX_POINT ( 'NONE', #1618 ) ;
#606 = CARTESIAN_POINT ( 'NONE',  ( 1.121554129545606600, 2.999161672086136900, 10.98999999999999500 ) ) ;
#607 = CARTESIAN_POINT ( 'NONE',  ( 1.042669829415226800, 3.497166539436382700, 10.98999999999999500 ) ) ;
#608 = FACE_OUTER_BOUND ( 'NONE', #159, .T. ) ;
#609 = B_SPLINE_CURVE_WITH_KNOTS ( 'NONE', 3,
 ( #1182, #2306, #635, #3421, #2018, #77, #1175, #2297, #2329, #2868, #1483 ),
 .UNSPECIFIED., .F., .F.,
 ( 4, 1, 1, 1, 1, 1, 1, 1, 4 ),
 ( 0.0000000000000000000, 0.1097968417316128600, 0.2173363279542475100, 0.3295034666984962800, 0.4522466104093245700, 0.5810573518325419200, 0.7117269853123986400, 0.8506203347053442600, 1.000000000000000000 ),
 .UNSPECIFIED. ) ;
#610 = ORIENTED_EDGE ( 'NONE', *, *, #764, .F. ) ;
#611 = VECTOR ( 'NONE', #1631, 1000.000000000000000 ) ;
#612 = CARTESIAN_POINT ( 'NONE',  ( -0.6199795567920998200, 3.269603737622534600, 11.09999999999999800 ) ) ;
#613 = CARTESIAN_POINT ( 'NONE',  ( -0.5335113327741838300, 3.421712661309760600, 11.10000000000000000 ) ) ;
#614 = CARTESIAN_POINT ( 'NONE',  ( -0.5232012425227812200, 3.583260556701644900, 11.09999999999999800 ) ) ;
#615 = CARTESIAN_POINT ( 'NONE',  ( 1.234996343004441700, 3.889605646518361900, 10.98999999999999300 ) ) ;
#616 = ORIENTED_EDGE ( 'NONE', *, *, #209, .T. ) ;
#617 = CARTESIAN_POINT ( 'NONE',  ( 1.118378113151570400, 2.962214966687883400, 10.98999999999999500 ) ) ;
#618 = EDGE_LOOP ( 'NONE', ( #2483, #131, #616, #2737 ) ) ;
#619 = PLANE ( 'NONE',  #3295 ) ;
#620 = DIRECTION ( 'NONE',  ( -0.0000000000000000000, 7.041719095097278900E-017, 1.000000000000000000 ) ) ;
#621 = CARTESIAN_POINT ( 'NONE',  ( 0.8545707532882573800, 3.574556288195219100, 11.09999999999999800 ) ) ;
#622 = CARTESIAN_POINT ( 'NONE',  ( -2.179844288869871400E-005, 0.05552880906820674400, 10.98999999999999700 ) ) ;
#623 = ORIENTED_EDGE ( 'NONE', *, *, #1831, .F. ) ;
#624 = CARTESIAN_POINT ( 'NONE',  ( -0.5559430954842834400, 3.050254611289249200, 10.98999999999999500 ) ) ;
#625 = CARTESIAN_POINT ( 'NONE',  ( 0.4252586938712641400, 2.779229209349934200, 10.98999999999999800 ) ) ;
#626 = CARTESIAN_POINT ( 'NONE',  ( 0.5067783972261860100, 2.655272428923390700, 11.09999999999999800 ) ) ;
#627 = ADVANCED_FACE ( 'NONE', ( #171 ), #1050, .T. ) ;
#628 = DIRECTION ( 'NONE',  ( 0.0000000000000000000, -1.000000000000000000, 0.0000000000000000000 ) ) ;
#629 = DIRECTION ( 'NONE',  ( 1.000000000000000000, 0.0000000000000000000, -0.0000000000000000000 ) ) ;
#630 = EDGE_CURVE ( 'NONE', #3319, #2912, #2048, .T. ) ;
#631 = ORIENTED_EDGE ( 'NONE', *, *, #2832, .F. ) ;
#632 = CARTESIAN_POINT ( 'NONE',  ( -0.5772948625087425100, 2.590674857712704800, 10.98999999999999700 ) ) ;
#633 = CARTESIAN_POINT ( 'NONE',  ( 1.025829206021397200, 3.488698451925350300, 10.98999999999999500 ) ) ;
#634 = AXIS2_PLACEMENT_3D ( 'NONE', #3128, #2848, #1741 ) ;
#635 = CARTESIAN_POINT ( 'NONE',  ( -0.7975582480240143200, 4.115239534502714000, 10.98999999999999800 ) ) ;
#636 = VECTOR ( 'NONE', #560, 1000.000000000000000 ) ;
#637 = CARTESIAN_POINT ( 'NONE',  ( 0.9578391181964595000, 4.282107682951223500, 10.98999999999999800 ) ) ;
#638 = ORIENTED_EDGE ( 'NONE', *, *, #1637, .T. ) ;
#639 = CARTESIAN_POINT ( 'NONE',  ( 1.122224891807904300, 3.024375195560053100, 11.09999999999999800 ) ) ;
#640 = LINE ( 'NONE', #418, #3539 ) ;
#641 = CARTESIAN_POINT ( 'NONE',  ( 0.6236389158428256000, 3.852973005496779000, 11.09999999999999800 ) ) ;
#642 = ORIENTED_EDGE ( 'NONE', *, *, #2532, .F. ) ;
#643 = VECTOR ( 'NONE', #1212, 1000.000000000000000 ) ;
#644 = CARTESIAN_POINT ( 'NONE',  ( 0.4436287812412710300, 3.785695865919705300, 11.09999999999999800 ) ) ;
#645 = CARTESIAN_POINT ( 'NONE',  ( -5.000000000000000900, -0.4886054045995627500, 11.09999999999999800 ) ) ;
#646 = B_SPLINE_SURFACE_WITH_KNOTS ( 'NONE', 3, 1, ( 
 ( #1200, #2838 ),
 ( #68, #1461 ),
 ( #893, #3460 ),
 ( #1752, #3436 ),
 ( #88, #928 ),
 ( #3118, #901 ),
 ( #1730, #614 ),
 ( #1444, #108 ),
 ( #3163, #3445 ),
 ( #2025, #370 ),
 ( #355, #2035 ) ),
 .UNSPECIFIED., .F., .F., .F.,
 ( 4, 1, 1, 1, 1, 1, 1, 1, 4 ),
 ( 2, 2 ),
 ( 0.0000000000000000000, 0.1407860507192292800, 0.2711922924771460500, 0.3948205334197659200, 0.5136684054122798700, 0.6302495218871382300, 0.7486352415341561700, 0.8705392223181918100, 1.000000000000000000 ),
 ( 0.0000000000000000000, 1.000000000000000000 ),
 .UNSPECIFIED. ) ;
#647 = CARTESIAN_POINT ( 'NONE',  ( 0.6193495979357516200, 2.811996005832695400, 11.09999999999999800 ) ) ;
#648 = EDGE_CURVE ( 'NONE', #1827, #3482, #3007, .T. ) ;
#649 = ORIENTED_EDGE ( 'NONE', *, *, #3198, .F. ) ;
#650 = CARTESIAN_POINT ( 'NONE',  ( 0.5775921592848256600, 2.590806000671619400, 11.09999999999999800 ) ) ;
#651 = DIRECTION ( 'NONE',  ( 1.000000000000000000, 0.0000000000000000000, -0.0000000000000000000 ) ) ;
#652 = CARTESIAN_POINT ( 'NONE',  ( 1.286389121350529200, 3.193574200081226600, 11.09999999999999800 ) ) ;
#653 = DIRECTION ( 'NONE',  ( -0.8660254037844383700, 0.5000000000000003300, 0.0000000000000000000 ) ) ;
#654 = DATE_AND_TIME ( #2247, #3428 ) ;
#655 = CARTESIAN_POINT ( 'NONE',  ( -0.3755158151341083700, 2.981248369538771500, 11.09999999999999800 ) ) ;
#656 = CARTESIAN_POINT ( 'NONE',  ( -0.7545695564660905900, 3.591310740557707200, 11.09999999999999800 ) ) ;
#657 = CARTESIAN_POINT ( 'NONE',  ( 0.9578391181964595000, 4.282107682951223500, 10.98999999999999800 ) ) ;
#658 = DIRECTION ( 'NONE',  ( 0.0000000000000000000, 0.0000000000000000000, 1.000000000000000000 ) ) ;
#659 = ADVANCED_FACE ( 'NONE', ( #3178 ), #515, .F. ) ;
#660 = CARTESIAN_POINT ( 'NONE',  ( 0.8401484024499685800, 2.507850237639635900, 10.98999999999999500 ) ) ;
#661 = ORIENTED_EDGE ( 'NONE', *, *, #2964, .T. ) ;
#662 = CARTESIAN_POINT ( 'NONE',  ( 0.6365481204403985500, 3.295360726970229900, 11.09999999999999800 ) ) ;
#663 = CARTESIAN_POINT ( 'NONE',  ( -0.8426724680857453600, 3.392314523353921400, 8.861479739173429200 ) ) ;
#664 = CARTESIAN_POINT ( 'NONE',  ( -1.102522389113616000, 3.183751001091311900, 11.09999999999999600 ) ) ;
#665 = CARTESIAN_POINT ( 'NONE',  ( -0.6156635072701832600, 2.564985003419149500, 11.09999999999999800 ) ) ;
#666 = CARTESIAN_POINT ( 'NONE',  ( 1.117862016155507700, 3.112960592401685200, 11.09999999999999400 ) ) ;
#667 = CARTESIAN_POINT ( 'NONE',  ( 1.192516204727054600, 4.065043260645914800, 10.98999999999999800 ) ) ;
#668 = PERSON_AND_ORGANIZATION_ROLE ( 'classification_officer' ) ;
#669 = CARTESIAN_POINT ( 'NONE',  ( -0.6486048258870290600, 4.250047618791763100, 10.98999999999998600 ) ) ;
#670 = CARTESIAN_POINT ( 'NONE',  ( -0.8547363150404137000, 4.298990583427368500, 10.98999999999999800 ) ) ;
#671 = ORIENTED_EDGE ( 'NONE', *, *, #764, .T. ) ;
#672 = CARTESIAN_POINT ( 'NONE',  ( 0.9584865270933652400, 4.074824765153195500, 10.98999999999999500 ) ) ;
#673 = DIRECTION ( 'NONE',  ( 0.0000000000000000000, 0.0000000000000000000, 1.000000000000000000 ) ) ;
#674 = CARTESIAN_POINT ( 'NONE',  ( 4.999999999999996400, -0.9733091224383615400, 11.05794788152174800 ) ) ;
#675 = CARTESIAN_POINT ( 'NONE',  ( -0.7039629735195176400, 2.725777983091162600, 11.09999999999999800 ) ) ;
#676 = VECTOR ( 'NONE', #3160, 1000.000000000000000 ) ;
#677 = CC_DESIGN_DATE_AND_TIME_ASSIGNMENT ( #840, #937, ( #2138 ) ) ;
#678 = CARTESIAN_POINT ( 'NONE',  ( 1.020692637068000300, 3.687845631139601300, 11.09999999999999800 ) ) ;
#679 = PERSON_AND_ORGANIZATION_ROLE ( 'design_owner' ) ;
#680 = DIRECTION ( 'NONE',  ( 0.0000000000000000000, 0.0000000000000000000, 1.000000000000000000 ) ) ;
#681 = VERTEX_POINT ( 'NONE', #281 ) ;
#682 = FACE_OUTER_BOUND ( 'NONE', #1293, .T. ) ;
#683 = CARTESIAN_POINT ( 'NONE',  ( 0.7792555256931167400, 3.386946384776036800, 10.98999999999999500 ) ) ;
#684 = ORIENTED_EDGE ( 'NONE', *, *, #909, .T. ) ;
#685 = CARTESIAN_POINT ( 'NONE',  ( -0.6612435589817715600, 3.317572998984164000, 10.98999999999999500 ) ) ;
#686 = CARTESIAN_POINT ( 'NONE',  ( 1.235960344414254400, 3.840925014425350200, 11.09999999999999800 ) ) ;
#687 = CARTESIAN_POINT ( 'NONE',  ( -0.8426724680857453600, 3.392314523353921400, 11.09999999999999600 ) ) ;
#688 = ORIENTED_EDGE ( 'NONE', *, *, #2943, .F. ) ;
#689 = CARTESIAN_POINT ( 'NONE',  ( -0.7436121266946734700, 2.516064858245973500, 10.98999999999999100 ) ) ;
#690 = CARTESIAN_POINT ( 'NONE',  ( 1.111099585184891000, 3.148142269087852400, 11.09999999999999400 ) ) ;
#691 = DIRECTION ( 'NONE',  ( 0.0000000000000000000, 0.0000000000000000000, 1.000000000000000000 ) ) ;
#692 = EDGE_CURVE ( 'NONE', #2637, #1896, #232, .T. ) ;
#693 = CARTESIAN_POINT ( 'NONE',  ( 1.053840696335810500, 3.822435333157181400, 11.10000000000000000 ) ) ;
#694 = CARTESIAN_POINT ( 'NONE',  ( -0.6575216486462851500, 3.687845631139601300, 10.98999999999999500 ) ) ;
#695 = ADVANCED_FACE ( 'NONE', ( #2536 ), #832, .T. ) ;
#696 = EDGE_CURVE ( 'NONE', #2071, #3423, #3232, .T. ) ;
#697 = CARTESIAN_POINT ( 'NONE',  ( 0.7062393461051703600, 2.726935906559685200, 10.98999999999999800 ) ) ;
#698 = CARTESIAN_POINT ( 'NONE',  ( 0.7917573667689389300, 2.509414347494277800, 10.98999999999999800 ) ) ;
#699 = AXIS2_PLACEMENT_3D ( 'NONE', #1844, #1259, #1803 ) ;
#700 = CARTESIAN_POINT ( 'NONE',  ( 0.3743459832317173600, 3.057931034967372500, 10.98999999999999800 ) ) ;
#701 = CARTESIAN_POINT ( 'NONE',  ( -0.5880193857817231900, 3.212723621727938900, 10.98999999999999300 ) ) ;
#702 = B_SPLINE_SURFACE_WITH_KNOTS ( 'NONE', 3, 1, ( 
 ( #2817, #2341 ),
 ( #1154, #1428 ),
 ( #57, #2628 ),
 ( #2002, #957 ),
 ( #2963, #2394 ),
 ( #725, #737 ),
 ( #161, #2114 ),
 ( #2122, #1832 ),
 ( #970, #1513 ),
 ( #2935, #136 ),
 ( #444, #982 ),
 ( #2416, #2406 ),
 ( #1272, #1814 ),
 ( #457, #1536 ),
 ( #428, #2691 ),
 ( #3540, #3514 ),
 ( #2641, #1000 ),
 ( #2922, #2679 ),
 ( #1244, #2139 ) ),
 .UNSPECIFIED., .F., .F., .F.,
 ( 4, 1, 1, 1, 1, 1, 1, 1, 1, 1, 1, 1, 1, 1, 1, 1, 4 ),
 ( 2, 2 ),
 ( 0.0000000000000000000, 0.06156080855298599200, 0.1209755434655911100, 0.1790044198023129100, 0.2361022912071558400, 0.2936865084281145600, 0.3515149389971912700, 0.4107288913533518900, 0.4721605940995650700, 0.5342271462740512100, 0.5963847742862229400, 0.6587591688778869900, 0.7225448171040364000, 0.7879649993876978200, 0.8555931194776137400, 0.9264406097832231800, 1.000000000000000000 ),
 ( 0.0000000000000000000, 1.000000000000000000 ),
 .UNSPECIFIED. ) ;
#703 = CARTESIAN_POINT ( 'NONE',  ( -0.6805877932213313400, 2.742145193330006500, 11.09999999999999800 ) ) ;
#704 = ORIENTED_EDGE ( 'NONE', *, *, #2023, .F. ) ;
#705 = CARTESIAN_POINT ( 'NONE',  ( 0.6845236577309996600, 3.648783547728788400, 10.98999999999999500 ) ) ;
#706 = CARTESIAN_POINT ( 'NONE',  ( -0.6236825127286025300, 3.841279367103922000, 11.09999999999999800 ) ) ;
#707 = CARTESIAN_POINT ( 'NONE',  ( 0.5869421593931250000, 3.214417206838525500, 11.09999999999999400 ) ) ;
#708 = B_SPLINE_SURFACE_WITH_KNOTS ( 'NONE', 3, 1, ( 
 ( #1856, #686 ),
 ( #2376, #2137 ),
 ( #465, #2639 ),
 ( #2099, #969 ),
 ( #2921, #1241 ),
 ( #1812, #2176 ),
 ( #3266, #1895 ),
 ( #225, #2974 ),
 ( #2454, #748 ),
 ( #503, #1866 ),
 ( #763, #1632 ) ),
 .UNSPECIFIED., .F., .F., .F.,
 ( 4, 1, 1, 1, 1, 1, 1, 1, 4 ),
 ( 2, 2 ),
 ( 0.0000000000000000000, 0.1407860507192292800, 0.2711922924771460500, 0.3948205334197659700, 0.5136684054122796500, 0.6302495218871382300, 0.7486352415341561700, 0.8705392223181918100, 1.000000000000000000 ),
 ( 0.0000000000000000000, 1.000000000000000000 ),
 .UNSPECIFIED. ) ;
#709 = CARTESIAN_POINT ( 'NONE',  ( 3.214697847761796700E-016, 2.249999999999991600, -11.10000000000000100 ) ) ;
#710 = CARTESIAN_POINT ( 'NONE',  ( -0.7588195602990129900, 3.378875579349696500, 10.98999999999999800 ) ) ;
#711 = CARTESIAN_POINT ( 'NONE',  ( -0.6372779401518438000, 2.783621255732580600, 11.09999999999999400 ) ) ;
#712 = ADVANCED_FACE ( 'NONE', ( #54 ), #768, .T. ) ;
#713 = EDGE_CURVE ( 'NONE', #387, #681, #1070, .T. ) ;
#714 = PLANE ( 'NONE',  #2370 ) ;
#715 = CARTESIAN_POINT ( 'NONE',  ( 4.999999999999997300, -0.4886054045995854000, 11.10000000000000100 ) ) ;
#716 = CARTESIAN_POINT ( 'NONE',  ( 0.7837749520541539300, 2.694733756089795500, 11.09999999999999800 ) ) ;
#717 = CARTESIAN_POINT ( 'NONE',  ( -2.925285743277520600, 4.084588180558407400, 11.08944443947661000 ) ) ;
#718 = VERTEX_POINT ( 'NONE', #379 ) ;
#719 = CARTESIAN_POINT ( 'NONE',  ( -0.8269415653015734800, 4.299030532466503000, 10.98999999999998600 ) ) ;
#720 = CARTESIAN_POINT ( 'NONE',  ( 0.7270336708995022200, 3.368897827480139600, 11.09999999999999400 ) ) ;
#721 = CARTESIAN_POINT ( 'NONE',  ( 0.6845236577309996600, 3.648783547728788400, 11.09999999999999600 ) ) ;
#722 = FACE_OUTER_BOUND ( 'NONE', #2088, .T. ) ;
#723 = CARTESIAN_POINT ( 'NONE',  ( 1.192516204727054600, 4.065043260645914800, 11.09999999999999800 ) ) ;
#724 = EDGE_LOOP ( 'NONE', ( #1234, #60, #596, #3097 ) ) ;
#725 = CARTESIAN_POINT ( 'NONE',  ( 0.6568249895788893500, 2.543918646667260800, 10.98999999999999500 ) ) ;
#726 = CARTESIAN_POINT ( 'NONE',  ( 0.6853698249257592600, 4.042651241345659200, 10.98999999999999500 ) ) ;
#727 = CARTESIAN_POINT ( 'NONE',  ( -0.8380658832643168600, 3.573743094782493300, 10.98999999999999800 ) ) ;
#728 = CARTESIAN_POINT ( 'NONE',  ( -0.6236825127286025300, 3.841279367103922000, 10.98999999999999500 ) ) ;
#729 = ORIENTED_EDGE ( 'NONE', *, *, #3314, .F. ) ;
#730 = DIRECTION ( 'NONE',  ( 0.0000000000000000000, 0.0000000000000000000, 1.000000000000000000 ) ) ;
#731 = FACE_OUTER_BOUND ( 'NONE', #237, .T. ) ;
#732 = CARTESIAN_POINT ( 'NONE',  ( 1.052585772661992000, 3.898228681293233400, 10.98999999999999700 ) ) ;
#733 = CARTESIAN_POINT ( 'NONE',  ( -3.351853367131005800, -3.838309248099018000, 11.10000000000000100 ) ) ;
#734 = ORIENTED_EDGE ( 'NONE', *, *, #1831, .T. ) ;
#735 = CARTESIAN_POINT ( 'NONE',  ( -1.054575369871459700, 3.852973005496779000, 10.98999999999999800 ) ) ;
#736 = DATE_AND_TIME ( #1177, #3058 ) ;
#737 = CARTESIAN_POINT ( 'NONE',  ( 0.6568249895788893500, 2.543918646667260800, 11.09999999999999800 ) ) ;
#738 = CARTESIAN_POINT ( 'NONE',  ( 0.7954436153070398900, 4.115581642384268200, 10.98999999999999800 ) ) ;
#739 = CARTESIAN_POINT ( 'NONE',  ( -1.166174852279101600, 3.409286724354157400, 11.09999999999999800 ) ) ;
#740 = APPROVAL_PERSON_ORGANIZATION ( #3186, #1365, #2888 ) ;
#741 = CARTESIAN_POINT ( 'NONE',  ( -0.9928444607885261700, 4.042651241345659200, 10.98999999999999800 ) ) ;
#742 = CARTESIAN_POINT ( 'NONE',  ( 0.5828262139323223700, 4.203262673880241000, 11.09999999999999800 ) ) ;
#743 = CARTESIAN_POINT ( 'NONE',  ( 0.8523316003796064200, 4.117092635159863800, 11.09999999999999800 ) ) ;
#744 = CARTESIAN_POINT ( 'NONE',  ( 0.8969158239008506700, 2.694893812833548000, 10.98999999999999800 ) ) ;
#745 = EDGE_CURVE ( 'NONE', #3272, #1138, #7, .T. ) ;
#746 = CARTESIAN_POINT ( 'NONE',  ( -1.189390887664924800, 3.386488890598089900, 10.98999999999999800 ) ) ;
#747 = CARTESIAN_POINT ( 'NONE',  ( -0.3755158151341083700, 2.981248369538771500, 11.09999999999999400 ) ) ;
#748 = CARTESIAN_POINT ( 'NONE',  ( 1.075368066731617400, 3.513608420985328900, 11.10000000000000100 ) ) ;
#749 = VERTEX_POINT ( 'NONE', #2539 ) ;
#750 = CC_DESIGN_APPROVAL ( #1365, ( #582 ) ) ;
#751 = CARTESIAN_POINT ( 'NONE',  ( -1.286216725250735000, 2.876753598648022600, 10.98999999999999500 ) ) ;
#752 = CARTESIAN_POINT ( 'NONE',  ( 2.074714256722477200, 4.575665857285979000, 11.08944443947661000 ) ) ;
#753 = B_SPLINE_SURFACE_WITH_KNOTS ( 'NONE', 3, 1, ( 
 ( #2155, #2682 ),
 ( #2714, #1054 ),
 ( #3286, #3001 ),
 ( #1591, #3580 ),
 ( #1325, #3300 ),
 ( #741, #240 ),
 ( #2180, #2694 ),
 ( #1028, #506 ),
 ( #784, #3270 ),
 ( #1635, #1949 ),
 ( #3619, #1649 ) ),
 .UNSPECIFIED., .F., .F., .F.,
 ( 4, 1, 1, 1, 1, 1, 1, 1, 4 ),
 ( 2, 2 ),
 ( 0.0000000000000000000, 0.1130351272063854500, 0.2235278746164902900, 0.3378129845771890000, 0.4623049740015572300, 0.5908895240527171100, 0.7204964760394689800, 0.8554146289112588600, 1.000000000000000000 ),
 ( 0.0000000000000000000, 1.000000000000000000 ),
 .UNSPECIFIED. ) ;
#754 = CARTESIAN_POINT ( 'NONE',  ( 0.8380222863785400400, 4.118028809068208700, 11.09999999999999800 ) ) ;
#755 = CARTESIAN_POINT ( 'NONE',  ( -0.6243467217928039300, 3.860717313862763500, 11.09999999999999800 ) ) ;
#756 = CARTESIAN_POINT ( 'NONE',  ( 1.025829206021397200, 3.488698451925350300, 8.861479739173429200 ) ) ;
#757 = CARTESIAN_POINT ( 'NONE',  ( -5.000000000000000900, -2.886751345948127300, 6.899999999999996800 ) ) ;
#758 = B_SPLINE_CURVE_WITH_KNOTS ( 'NONE', 3,
 ( #1320, #480, #2985, #1059, #3296, #249, #3309, #3035, #3323, #3338, #1643 ),
 .UNSPECIFIED., .F., .F.,
 ( 4, 1, 1, 1, 1, 1, 1, 1, 4 ),
 ( 0.0000000000000000000, 0.1130351272063854500, 0.2235278746164902900, 0.3378129845771890000, 0.4623049740015572300, 0.5908895240527171100, 0.7204964760394689800, 0.8554146289112588600, 1.000000000000000000 ),
 .UNSPECIFIED. ) ;
#759 = B_SPLINE_SURFACE_WITH_KNOTS ( 'NONE', 3, 1, ( 
 ( #1584, #2128 ),
 ( #2685, #1292 ),
 ( #3560, #3261 ),
 ( #1043, #1595 ),
 ( #156, #3572 ),
 ( #2756, #2448 ),
 ( #3332, #3621 ),
 ( #1069, #2717 ),
 ( #773, #2728 ),
 ( #1057, #1638 ),
 ( #1889, #231 ) ),
 .UNSPECIFIED., .F., .F., .F.,
 ( 4, 1, 1, 1, 1, 1, 1, 1, 4 ),
 ( 2, 2 ),
 ( 0.0000000000000000000, 0.1539757860433906000, 0.2946209902069862900, 0.4259529432363398600, 0.5510630847533679600, 0.6698838735114385200, 0.7802966480188419100, 0.8888583241621966800, 0.9999999999999998900 ),
 ( 0.0000000000000000000, 1.000000000000000000 ),
 .UNSPECIFIED. ) ;
#760 = CARTESIAN_POINT ( 'NONE',  ( -0.9988781146364805700, 3.338078878092781500, 10.98999999999999800 ) ) ;
#761 = CARTESIAN_POINT ( 'NONE',  ( 1.302698470580177000, 2.981248369538771900, 11.10000000000000000 ) ) ;
#762 = CARTESIAN_POINT ( 'NONE',  ( 0.3746821673531718400, 3.085985856656808100, 10.98999999999999300 ) ) ;
#763 = CARTESIAN_POINT ( 'NONE',  ( 1.025829206021397200, 3.488698451925350300, 10.98999999999999000 ) ) ;
#764 = EDGE_CURVE ( 'NONE', #2330, #836, #778, .T. ) ;
#765 = ORIENTED_EDGE ( 'NONE', *, *, #2280, .F. ) ;
#766 = CARTESIAN_POINT ( 'NONE',  ( -1.023746686835745400, 3.488698451925350300, 11.09999999999999800 ) ) ;
#767 = CARTESIAN_POINT ( 'NONE',  ( -1.114633004976888700, 3.448539190824850400, 11.09999999999999800 ) ) ;
#768 = B_SPLINE_SURFACE_WITH_KNOTS ( 'NONE', 3, 1, ( 
 ( #3348, #2173 ),
 ( #2507, #2773 ),
 ( #3060, #1384 ),
 ( #789, #3573 ),
 ( #2451, #1331 ),
 ( #2518, #580 ),
 ( #3537, #409 ),
 ( #1551, #184 ),
 ( #3155, #3129 ),
 ( #2286, #3143 ),
 ( #2550, #1418 ) ),
 .UNSPECIFIED., .F., .F., .F.,
 ( 4, 1, 1, 1, 1, 1, 1, 1, 4 ),
 ( 2, 2 ),
 ( 0.0000000000000000000, 0.1130351272063851300, 0.2235278746164902900, 0.3378129845771890000, 0.4623049740015573400, 0.5908895240527168900, 0.7204964760394689800, 0.8554146289112588600, 1.000000000000000000 ),
 ( 0.0000000000000000000, 1.000000000000000000 ),
 .UNSPECIFIED. ) ;
#769 = CARTESIAN_POINT ( 'NONE',  ( 0.8355418176285400700, 3.392314523353921400, 10.98999999999999500 ) ) ;
#770 = CARTESIAN_POINT ( 'NONE',  ( 0.6377744588230432900, 3.497087262138151200, 10.98999999999999800 ) ) ;
#771 = CARTESIAN_POINT ( 'NONE',  ( -0.5669354015182956900, 2.927503876142737700, 10.98999999999999500 ) ) ;
#772 = EDGE_CURVE ( 'NONE', #836, #316, #3610, .T. ) ;
#773 = CARTESIAN_POINT ( 'NONE',  ( 0.7965535087340961400, 3.576218123216201100, 10.98999999999999700 ) ) ;
#774 = LINE ( 'NONE', #794, #50 ) ;
#775 = CARTESIAN_POINT ( 'NONE',  ( 4.999999999999997300, 2.886751345948130000, 11.09999999999999800 ) ) ;
#776 = ORIENTED_EDGE ( 'NONE', *, *, #3594, .T. ) ;
#777 = DIRECTION ( 'NONE',  ( 0.0000000000000000000, 0.0000000000000000000, 1.000000000000000000 ) ) ;
#778 = LINE ( 'NONE', #2273, #1699 ) ;
#779 = AXIS2_PLACEMENT_3D ( 'NONE', #431, #691, #3185 ) ;
#780 = CARTESIAN_POINT ( 'NONE',  ( 0.6544675988785400000, 3.488698451925350300, 8.861479739173429200 ) ) ;
#781 = ORIENTED_EDGE ( 'NONE', *, *, #1148, .F. ) ;
#782 = CARTESIAN_POINT ( 'NONE',  ( -1.271623558663964400, 2.826570149929942900, 11.09999999999999800 ) ) ;
#783 = CARTESIAN_POINT ( 'NONE',  ( 0.0000000000000000000, -2.249999999999991600, -11.10000000000000100 ) ) ;
#784 = CARTESIAN_POINT ( 'NONE',  ( -1.052704925620814700, 3.906567333999335600, 10.98999999999999700 ) ) ;
#785 = ORIENTED_EDGE ( 'NONE', *, *, #1091, .T. ) ;
#786 = CARTESIAN_POINT ( 'NONE',  ( 1.054531772985682900, 3.841279367103922000, 11.09999999999999800 ) ) ;
#787 = CARTESIAN_POINT ( 'NONE',  ( 4.182066831946699800, 3.358985280702824200, 10.92606240196662700 ) ) ;
#788 = B_SPLINE_CURVE_WITH_KNOTS ( 'NONE', 3,
 ( #2383, #1008, #733, #462 ),
 .UNSPECIFIED., .F., .F.,
 ( 4, 4 ),
 ( 2.380735200829041900E-007, 0.002921158011986712500 ),
 .UNSPECIFIED. ) ;
#789 = CARTESIAN_POINT ( 'NONE',  ( 0.7549406778929015300, 4.100472660524406600, 10.98999999999999800 ) ) ;
#790 = CARTESIAN_POINT ( 'NONE',  ( -1.116418671979650500, 3.545511615676274300, 10.98999999999999800 ) ) ;
#791 = CARTESIAN_POINT ( 'NONE',  ( -0.4482140182103012700, 2.734458961880007700, 11.09999999999999400 ) ) ;
#792 = CARTESIAN_POINT ( 'NONE',  ( 0.3743459832317173600, 3.057931034967372500, 10.98999999999999300 ) ) ;
#793 = CARTESIAN_POINT ( 'NONE',  ( 4.999999999999997300, 2.886751345948130000, 11.09999999999999800 ) ) ;
#794 = CARTESIAN_POINT ( 'NONE',  ( 0.3741746301285399600, 3.043631487639635800, 8.861479739173429200 ) ) ;
#795 = CARTESIAN_POINT ( 'NONE',  ( -1.077447696555556600, 3.243361380375340300, 11.09999999999999400 ) ) ;
#796 = DIRECTION ( 'NONE',  ( 0.0000000000000000000, 1.000000000000000000, 0.0000000000000000000 ) ) ;
#797 = EDGE_CURVE ( 'NONE', #1202, #3197, #540, .T. ) ;
#798 = CARTESIAN_POINT ( 'NONE',  ( 0.4485902242525203800, 3.942929108396235000, 11.10000000000000000 ) ) ;
#799 = CARTESIAN_POINT ( 'NONE',  ( 0.9607904620085362400, 3.614998148281977300, 11.09999999999999600 ) ) ;
#800 = CARTESIAN_POINT ( 'NONE',  ( 0.9454320592471469100, 3.368355952270726000, 11.09999999999999800 ) ) ;
#801 = ORIENTED_EDGE ( 'NONE', *, *, #2461, .T. ) ;
#802 = CARTESIAN_POINT ( 'NONE',  ( -1.058864687778534200, 2.811996005832695800, 11.09999999999999800 ) ) ;
#803 = CARTESIAN_POINT ( 'NONE',  ( -0.9928444607885261700, 4.042651241345659200, 10.98999999999999800 ) ) ;
#804 = ORIENTED_EDGE ( 'NONE', *, *, #453, .F. ) ;
#805 = DIRECTION ( 'NONE',  ( 1.000000000000000000, 0.0000000000000000000, 0.0000000000000000000 ) ) ;
#806 = CARTESIAN_POINT ( 'NONE',  ( 0.3924209407658650900, 3.203759112177297900, 11.09999999999999800 ) ) ;
#807 = CARTESIAN_POINT ( 'NONE',  ( -1.137494508359924200, 2.620593281444169700, 10.98999999999999500 ) ) ;
#808 = CARTESIAN_POINT ( 'NONE',  ( -0.4540573916131993000, 3.724325877507182400, 11.09999999999999800 ) ) ;
#809 = CARTESIAN_POINT ( 'NONE',  ( -0.8547363150404137000, 4.298990583427368500, 11.09999999999999800 ) ) ;
#810 = CARTESIAN_POINT ( 'NONE',  ( -0.8380658832643167500, 2.689278809068207400, 10.98999999999999800 ) ) ;
#811 = CARTESIAN_POINT ( 'NONE',  ( 0.9702571231588398300, 3.354318855201789500, 11.09999999999999800 ) ) ;
#812 = B_SPLINE_CURVE_WITH_KNOTS ( 'NONE', 3,
 ( #296, #562, #3328, #2221, #2512, #2783, #2526, #2487, #853, #3081, #1927, #2207, #3381, #1688, #31, #1978, #305, #809, #2753 ),
 .UNSPECIFIED., .F., .F.,
 ( 4, 1, 1, 1, 1, 1, 1, 1, 1, 1, 1, 1, 1, 1, 1, 1, 4 ),
 ( 0.0000000000000000000, 0.07284555922537268300, 0.1424022577019357100, 0.2096481568532460000, 0.2744279852265614200, 0.3376116097491713200, 0.3998969850871568200, 0.4623719526881578900, 0.5246550940941329100, 0.5862033916266323800, 0.6457758197763569000, 0.7040065034449222200, 0.7620433196493318100, 0.8196493987145296900, 0.8779946628339822000, 0.9381990289718444800, 0.9999999999999998900 ),
 .UNSPECIFIED. ) ;
#813 = ORIENTED_EDGE ( 'NONE', *, *, #140, .F. ) ;
#814 = CARTESIAN_POINT ( 'NONE',  ( 3.556264818047190100, -3.720292241887116700, 11.01834180287623400 ) ) ;
#815 = DIRECTION ( 'NONE',  ( -0.0000000000000000000, 7.041719095097278900E-017, 1.000000000000000000 ) ) ;
#816 = CARTESIAN_POINT ( 'NONE',  ( -1.183926537799608700, 3.625410187238375000, 11.09999999999999800 ) ) ;
#817 = CARTESIAN_POINT ( 'NONE',  ( 1.137449140468037400, 2.620734010285415300, 10.98999999999999500 ) ) ;
#818 = CARTESIAN_POINT ( 'NONE',  ( 0.5635812807373967700, 3.448539190824851300, 10.98999999999999300 ) ) ;
#819 = ORIENTED_EDGE ( 'NONE', *, *, #3290, .T. ) ;
#820 = CARTESIAN_POINT ( 'NONE',  ( 0.5760015690144350000, 2.900272831366468300, 11.10000000000000500 ) ) ;
#821 = FACE_OUTER_BOUND ( 'NONE', #175, .T. ) ;
#822 = CARTESIAN_POINT ( 'NONE',  ( 1.102792145555341800, 2.894594043665037500, 11.09999999999999400 ) ) ;
#823 = CARTESIAN_POINT ( 'NONE',  ( -1.041666165273886600, 3.295360726970229400, 11.09999999999999400 ) ) ;
#824 = B_SPLINE_SURFACE_WITH_KNOTS ( 'NONE', 3, 1, ( 
 ( #62, #3108 ),
 ( #323, #3388 ),
 ( #1692, #2264 ),
 ( #845, #603 ),
 ( #2822, #1157 ),
 ( #331, #613 ),
 ( #1985, #36 ),
 ( #2562, #2837 ),
 ( #3117, #2791 ),
 ( #299, #3073 ),
 ( #2244, #3373 ),
 ( #1955, #1669 ),
 ( #11, #2255 ),
 ( #591, #566 ),
 ( #869, #2812 ),
 ( #1682, #1971 ),
 ( #2593, #2879 ),
 ( #341, #2582 ),
 ( #67, #2845 ) ),
 .UNSPECIFIED., .F., .F., .F.,
 ( 4, 1, 1, 1, 1, 1, 1, 1, 1, 1, 1, 1, 1, 1, 1, 1, 4 ),
 ( 2, 2 ),
 ( 0.0000000000000000000, 0.06240742922034405600, 0.1235807582531906500, 0.1830305480595356700, 0.2414878946222268100, 0.2994762885881358000, 0.3577766216782184400, 0.4163972153590433900, 0.4752932973096493700, 0.5351745515550350200, 0.5963733801008827000, 0.6584329583283501400, 0.7220873289910030300, 0.7878662529370384900, 0.8560530649353375000, 0.9262801272673634200, 1.000000000000000000 ),
 ( 0.0000000000000000000, 1.000000000000000000 ),
 .UNSPECIFIED. ) ;
#825 = ORIENTED_EDGE ( 'NONE', *, *, #2515, .T. ) ;
#826 = VECTOR ( 'NONE', #1617, 1000.000000000000100 ) ;
#827 = EDGE_CURVE ( 'NONE', #605, #2029, #3136, .T. ) ;
#828 = CARTESIAN_POINT ( 'NONE',  ( 0.8925167532945919000, 3.386912160432885800, 10.98999999999998600 ) ) ;
#829 = ORIENTED_EDGE ( 'NONE', *, *, #2455, .F. ) ;
#830 = VECTOR ( 'NONE', #3459, 1000.000000000000000 ) ;
#831 = CARTESIAN_POINT ( 'NONE',  ( -1.102212716699850300, 2.900272831366467400, 11.09999999999999600 ) ) ;
#832 = B_SPLINE_SURFACE_WITH_KNOTS ( 'NONE', 3, 1, ( 
 ( #2764, #1093 ),
 ( #850, #1645 ),
 ( #265, #1118 ),
 ( #2217, #1391 ),
 ( #3366, #546 ),
 ( #1673, #820 ),
 ( #16, #3049 ),
 ( #1959, #2796 ),
 ( #293, #2248 ),
 ( #1363, #572 ),
 ( #2523, #3586 ),
 ( #2759, #553 ),
 ( #2212, #275 ),
 ( #2200, #246 ),
 ( #2730, #2747 ),
 ( #234, #542 ),
 ( #3032, #2227 ),
 ( #3611, #1640 ),
 ( #512, #1359 ) ),
 .UNSPECIFIED., .F., .F., .F.,
 ( 4, 1, 1, 1, 1, 1, 1, 1, 1, 1, 1, 1, 1, 1, 1, 1, 4 ),
 ( 2, 2 ),
 ( 0.0000000000000000000, 0.07687235360389438300, 0.1506033435728517100, 0.2208762735822743000, 0.2883158705187556200, 0.3539522566076093700, 0.4186041066179969600, 0.4819720487176053500, 0.5452475615343714800, 0.6069938136329325900, 0.6658609062344172900, 0.7234209814868142200, 0.7784334887197439400, 0.8335522832980707400, 0.8881375715834197700, 0.9433624489439214100, 1.000000000000000000 ),
 ( 0.0000000000000000000, 1.000000000000000000 ),
 .UNSPECIFIED. ) ;
#833 = CARTESIAN_POINT ( 'NONE',  ( 0.9346021590196108600, 2.516064858245973500, 11.09999999999999600 ) ) ;
#834 = AXIS2_PLACEMENT_3D ( 'NONE', #2614, #2602, #1201 ) ;
#835 = CARTESIAN_POINT ( 'NONE',  ( -0.4700735843869469100, 3.672378189598520600, 10.98999999999999500 ) ) ;
#836 = VERTEX_POINT ( 'NONE', #2093 ) ;
#837 = CARTESIAN_POINT ( 'NONE',  ( 0.3782898315353789300, 3.127182775551927000, 11.09999999999999800 ) ) ;
#838 = CARTESIAN_POINT ( 'NONE',  ( -0.8989587600211685900, 3.386946384776036800, 11.09999999999999800 ) ) ;
#839 = CARTESIAN_POINT ( 'NONE',  ( -0.4425793669729448100, 3.857358525098147700, 10.98999999999999500 ) ) ;
#840 = DATE_AND_TIME ( #1568, #2409 ) ;
#841 = CARTESIAN_POINT ( 'NONE',  ( -0.8816607769801891900, 3.576218123216200700, 11.09999999999999800 ) ) ;
#842 = CARTESIAN_POINT ( 'NONE',  ( -1.102212716699850300, 2.900272831366467400, 11.09999999999999800 ) ) ;
#843 = B_SPLINE_CURVE_WITH_KNOTS ( 'NONE', 3,
 ( #3046, #1944, #377, #1458, #3442, #2863, #1188, #3433, #2334, #362, #2629, #1194, #2075, #2342, #1479, #3159, #2895, #1180, #3455 ),
 .UNSPECIFIED., .F., .F.,
 ( 4, 1, 1, 1, 1, 1, 1, 1, 1, 1, 1, 1, 1, 1, 1, 1, 4 ),
 ( 0.0000000000000000000, 0.05663755105607881600, 0.1118624284165800100, 0.1664477167019290400, 0.2215665112802561700, 0.2765790185131855600, 0.3341390937655827100, 0.3930061863670675200, 0.4547524384656284100, 0.5180279512823945400, 0.5813958933820031500, 0.6460477433923904600, 0.7116841294812443800, 0.7791237264177257600, 0.8493966564271482300, 0.9231276463961055600, 1.000000000000000000 ),
 .UNSPECIFIED. ) ;
#844 = CARTESIAN_POINT ( 'NONE',  ( -0.9470668744120351900, 2.713231921530398600, 11.09999999999999600 ) ) ;
#845 = CARTESIAN_POINT ( 'NONE',  ( -0.5890587517875226500, 3.459411331504061800, 10.98999999999999500 ) ) ;
#846 = CARTESIAN_POINT ( 'NONE',  ( 0.6236389158428257100, 3.852973005496779500, 10.98999999999999800 ) ) ;
#847 = CARTESIAN_POINT ( 'NONE',  ( 0.6544675988785400000, 3.488698451925350300, 10.98999999999999300 ) ) ;
#848 = EDGE_CURVE ( 'NONE', #2488, #2742, #876, .T. ) ;
#849 = CARTESIAN_POINT ( 'NONE',  ( 0.5369455421288288300, 3.429888379809924400, 10.98999999999999100 ) ) ;
#850 = CARTESIAN_POINT ( 'NONE',  ( 0.5558876075991529000, 3.031336490664669800, 10.98999999999999000 ) ) ;
#851 = CARTESIAN_POINT ( 'NONE',  ( 1.077249834096840600, 2.834972710130722700, 10.98999999999999500 ) ) ;
#852 = B_SPLINE_SURFACE_WITH_KNOTS ( 'NONE', 3, 1, ( 
 ( #3025, #2472 ),
 ( #2193, #518 ),
 ( #2712, #3596 ),
 ( #2999, #3298 ),
 ( #2205, #1352 ),
 ( #1323, #3326 ),
 ( #535, #1633 ),
 ( #2486, #1898 ),
 ( #807, #3268 ),
 ( #1051, #3555 ),
 ( #1606, #2178 ),
 ( #505, #197 ),
 ( #2153, #483 ),
 ( #2427, #782 ),
 ( #751, #2723 ),
 ( #1063, #1037 ),
 ( #2987, #1312 ),
 ( #3284, #1589 ),
 ( #3566, #1698 ) ),
 .UNSPECIFIED., .F., .F., .F.,
 ( 4, 1, 1, 1, 1, 1, 1, 1, 1, 1, 1, 1, 1, 1, 1, 1, 4 ),
 ( 2, 2 ),
 ( 0.0000000000000000000, 0.06156080855298599200, 0.1209755434655911100, 0.1790044198023130500, 0.2361022912071558400, 0.2936865084281145600, 0.3515149389971912700, 0.4107288913533520000, 0.4721605940995651200, 0.5342271462740513200, 0.5963847742862229400, 0.6587591688778869900, 0.7225448171040364000, 0.7879649993876978200, 0.8555931194776137400, 0.9264406097832231800, 1.000000000000000000 ),
 ( 0.0000000000000000000, 1.000000000000000000 ),
 .UNSPECIFIED. ) ;
#853 = CARTESIAN_POINT ( 'NONE',  ( -1.150419097650001300, 4.141394453623283000, 11.09999999999999800 ) ) ;
#854 = ORIENTED_EDGE ( 'NONE', *, *, #1381, .F. ) ;
#855 = CARTESIAN_POINT ( 'NONE',  ( -0.8380658832643167500, 2.689278809068207400, 10.98999999999999700 ) ) ;
#856 = AXIS2_PLACEMENT_3D ( 'NONE', #464, #1547, #1534 ) ;
#857 = B_SPLINE_SURFACE_WITH_KNOTS ( 'NONE', 3, 1, ( 
 ( #1119, #1110 ),
 ( #3066, #1647 ),
 ( #3051, #3617 ),
 ( #1393, #3079 ),
 ( #282, #1976 ),
 ( #294, #2524 ),
 ( #1938, #1988 ),
 ( #1377, #1686 ),
 ( #3367, #1406 ),
 ( #1674, #3354 ),
 ( #17, #29 ),
 ( #851, #303 ),
 ( #2260, #2805 ),
 ( #1139, #3092 ),
 ( #1415, #3392 ),
 ( #617, #2566 ),
 ( #606, #1465 ),
 ( #888, #639 ),
 ( #3438, #2009 ) ),
 .UNSPECIFIED., .F., .F., .F.,
 ( 4, 1, 1, 1, 1, 1, 1, 1, 1, 1, 1, 1, 1, 1, 1, 1, 4 ),
 ( 2, 2 ),
 ( 0.0000000000000000000, 0.05806926843425561800, 0.1140013034453750000, 0.1697720990707013700, 0.2246749544949091000, 0.2800541501658241900, 0.3369572153142668700, 0.3951125761137120900, 0.4566494824596167300, 0.5191823985913716100, 0.5821657281370282700, 0.6457538253551424700, 0.7109080123294578800, 0.7783413192901063000, 0.8489495059178642200, 0.9228501408925513500, 1.000000000000000000 ),
 ( 0.0000000000000000000, 1.000000000000000000 ),
 .UNSPECIFIED. ) ;
#858 = DIRECTION ( 'NONE',  ( 0.0000000000000000000, 0.0000000000000000000, 1.000000000000000000 ) ) ;
#859 = CARTESIAN_POINT ( 'NONE',  ( -1.053894117683525500, 3.832716322901234700, 11.09999999999999800 ) ) ;
#860 = CARTESIAN_POINT ( 'NONE',  ( 1.122224891807904300, 3.024375195560053100, 11.09999999999999400 ) ) ;
#861 = CARTESIAN_POINT ( 'NONE',  ( -0.7951268446144071900, 3.576164180205419800, 10.98999999999999500 ) ) ;
#862 = B_SPLINE_SURFACE_WITH_KNOTS ( 'NONE', 3, 1, ( 
 ( #3456, #1767 ),
 ( #624, #2610 ),
 ( #1737, #2884 ),
 ( #74, #352 ),
 ( #2304, #3487 ),
 ( #3505, #1816 ),
 ( #701, #1490 ),
 ( #2924, #2910 ),
 ( #1781, #944 ),
 ( #388, #1220 ),
 ( #2937, #1804 ),
 ( #2379, #2076 ),
 ( #1515, #446 ),
 ( #2643, #2630 ),
 ( #2896, #1274 ),
 ( #138, #152 ),
 ( #2343, #959 ),
 ( #1230, #2092 ),
 ( #411, #2102 ) ),
 .UNSPECIFIED., .F., .F., .F.,
 ( 4, 1, 1, 1, 1, 1, 1, 1, 1, 1, 1, 1, 1, 1, 1, 1, 4 ),
 ( 2, 2 ),
 ( 0.0000000000000000000, 0.07661644186398440500, 0.1501019778427404600, 0.2202688216809069500, 0.2874839089753414300, 0.3529017883972606600, 0.4173384093083830600, 0.4808663602248477400, 0.5438081873258342500, 0.6058545928685131800, 0.6650477569969817100, 0.7220136511215572400, 0.7777891780283641100, 0.8327244795046722100, 0.8871280507559545800, 0.9428557818532609100, 1.000000000000000000 ),
 ( 0.0000000000000000000, 1.000000000000000000 ),
 .UNSPECIFIED. ) ;
#863 = CARTESIAN_POINT ( 'NONE',  ( 0.4706963342702325500, 3.673560882934336900, 11.09999999999999800 ) ) ;
#864 = ORIENTED_EDGE ( 'NONE', *, *, #2664, .F. ) ;
#865 = CARTESIAN_POINT ( 'NONE',  ( 0.4422103444142542700, 3.848012067996778600, 11.09999999999999800 ) ) ;
#866 = CARTESIAN_POINT ( 'NONE',  ( -1.090613739299394400, 2.868862162125169300, 10.98999999999999800 ) ) ;
#867 = B_SPLINE_CURVE_WITH_KNOTS ( 'NONE', 3,
 ( #393, #3218, #2096, #2634 ),
 .UNSPECIFIED., .F., .F.,
 ( 4, 4 ),
 ( 2.380735200833366000E-007, 0.002921158011986714200 ),
 .UNSPECIFIED. ) ;
#868 = CARTESIAN_POINT ( 'NONE',  ( -0.6839934329378081200, 3.337594452433262600, 11.09999999999999800 ) ) ;
#869 = CARTESIAN_POINT ( 'NONE',  ( -0.3839958329236911600, 3.157004606534853600, 10.98999999999999500 ) ) ;
#870 = B_SPLINE_SURFACE_WITH_KNOTS ( 'NONE', 3, 1, ( 
 ( #847, #277 ),
 ( #2775, #1115 ),
 ( #1973, #3363 ),
 ( #2257, #1957 ),
 ( #290, #1402 ),
 ( #3375, #1684 ),
 ( #127, #1780 ),
 ( #924, #3171 ),
 ( #958, #644 ),
 ( #1756, #2876 ),
 ( #2619, #2609 ) ),
 .UNSPECIFIED., .F., .F., .F.,
 ( 4, 1, 1, 1, 1, 1, 1, 1, 4 ),
 ( 2, 2 ),
 ( 0.0000000000000000000, 0.1260378091732437000, 0.2459019243914805900, 0.3627067544327670600, 0.4794052259371161000, 0.5986034094528297500, 0.7232798159394655500, 0.8561813915647400500, 1.000000000000000000 ),
 ( 0.0000000000000000000, 1.000000000000000000 ),
 .UNSPECIFIED. ) ;
#871 = CARTESIAN_POINT ( 'NONE',  ( 0.7961641877791267900, 4.298069048815628800, 10.98999999999999500 ) ) ;
#872 = LINE ( 'NONE', #3515, #122 ) ;
#873 = CARTESIAN_POINT ( 'NONE',  ( 0.6437700422262356800, 3.485094091247523900, 10.98999999999999300 ) ) ;
#874 = ORIENTED_EDGE ( 'NONE', *, *, #827, .T. ) ;
#875 = DIRECTION ( 'NONE',  ( -0.0000000000000000000, 7.041719095097278900E-017, 1.000000000000000000 ) ) ;
#876 = CIRCLE ( 'NONE', #1512, 5.000000000000000900 ) ;
#877 = VERTEX_POINT ( 'NONE', #3506 ) ;
#878 = CARTESIAN_POINT ( 'NONE',  ( -1.073008429048876400, 3.513453974541468100, 11.09999999999999800 ) ) ;
#879 = ORIENTED_EDGE ( 'NONE', *, *, #1010, .F. ) ;
#880 = ADVANCED_FACE ( 'NONE', ( #2608 ), #3162, .T. ) ;
#881 = CARTESIAN_POINT ( 'NONE',  ( -1.058864687778534200, 2.811996005832695800, 10.98999999999999700 ) ) ;
#882 = ORIENTED_EDGE ( 'NONE', *, *, #2078, .F. ) ;
#883 = CARTESIAN_POINT ( 'NONE',  ( -0.8138051433040752700, 3.391588352137921500, 11.09999999999999800 ) ) ;
#884 = B_SPLINE_SURFACE_WITH_KNOTS ( 'NONE', 3, 1, ( 
 ( #1219, #2598 ),
 ( #2032, #1497 ),
 ( #96, #655 ),
 ( #2356, #2041 ),
 ( #3477, #1792 ),
 ( #3148, #1748 ),
 ( #1489, #2326 ),
 ( #1209, #932 ),
 ( #84, #1766 ),
 ( #104, #399 ),
 ( #2316, #2054 ),
 ( #632, #2589 ),
 ( #2883, #665 ),
 ( #113, #2064 ),
 ( #1470, #367 ),
 ( #689, #137 ),
 ( #3194, #2091 ),
 ( #2659, #2909 ),
 ( #984, #1566 ) ),
 .UNSPECIFIED., .F., .F., .F.,
 ( 4, 1, 1, 1, 1, 1, 1, 1, 1, 1, 1, 1, 1, 1, 1, 1, 4 ),
 ( 2, 2 ),
 ( 0.0000000000000000000, 0.07248437293855862500, 0.1421900247782591200, 0.2092479436396159900, 0.2744479239677609600, 0.3380258226711698200, 0.4004065324405424700, 0.4630462859810655600, 0.5257231890505671400, 0.5877589997009549100, 0.6472072747036191600, 0.7056043792705031200, 0.7633549404132804500, 0.8210143016334019400, 0.8791787128958347100, 0.9387324439926647600, 1.000000000000000000 ),
 ( 0.0000000000000000000, 1.000000000000000000 ),
 .UNSPECIFIED. ) ;
#885 = CARTESIAN_POINT ( 'NONE',  ( -1.192632844535617800, 4.068813819707294500, 10.98999999999999300 ) ) ;
#886 = AXIS2_PLACEMENT_3D ( 'NONE', #2058, #100, #2594 ) ;
#887 = CARTESIAN_POINT ( 'NONE',  ( 0.8788493388046374500, 4.298187283831161700, 11.10000000000000000 ) ) ;
#888 = CARTESIAN_POINT ( 'NONE',  ( 1.122224891807904300, 3.024375195560053100, 10.98999999999999300 ) ) ;
#889 = CARTESIAN_POINT ( 'NONE',  ( 1.155013043191503600, 3.583260556701645800, 10.98999999999999500 ) ) ;
#890 = CARTESIAN_POINT ( 'NONE',  ( -0.6243735893784749800, 3.822435333157181400, 10.98999999999999700 ) ) ;
#891 = PRODUCT ( '91280A065_NO THREADS_Medium-Strength Class 8.8 Steel Hex Head Screw', '91280A065_NO THREADS_Medium-Strength Class 8.8 Steel Hex Head Screw', '', ( #3216 ) ) ;
#892 = CARTESIAN_POINT ( 'NONE',  ( 0.8401484024499685800, 3.573743094782492900, 10.98999999999999500 ) ) ;
#893 = CARTESIAN_POINT ( 'NONE',  ( -0.4437692797229020900, 3.780987957570796100, 10.98999999999999700 ) ) ;
#894 = ORIENTED_EDGE ( 'NONE', *, *, #398, .T. ) ;
#895 = EDGE_CURVE ( 'NONE', #2293, #2109, #3004, .T. ) ;
#896 = CARTESIAN_POINT ( 'NONE',  ( 1.235960344414254600, 3.840925014425350600, 11.10000000000000000 ) ) ;
#897 = ORIENTED_EDGE ( 'NONE', *, *, #3290, .F. ) ;
#898 = CARTESIAN_POINT ( 'NONE',  ( -1.235518854991098000, 3.826700765387793800, 11.09999999999999800 ) ) ;
#899 = EDGE_CURVE ( 'NONE', #1509, #220, #2253, .T. ) ;
#900 = CARTESIAN_POINT ( 'NONE',  ( -2.500000000000002200, -4.330127018922193600, 11.09999999999999800 ) ) ;
#901 = CARTESIAN_POINT ( 'NONE',  ( -0.4933928207397054200, 3.625437816364761800, 11.10000000000000000 ) ) ;
#902 = CARTESIAN_POINT ( 'NONE',  ( 1.122854076202433500, 4.171520288981032100, 11.09999999999999800 ) ) ;
#903 = VERTEX_POINT ( 'NONE', #3258 ) ;
#904 = CARTESIAN_POINT ( 'NONE',  ( -0.3742182270143167300, 3.037607492103921100, 10.98999999999999500 ) ) ;
#905 = CARTESIAN_POINT ( 'NONE',  ( -0.1020753698714608100, 2.530528809068207000, 10.98999999999999700 ) ) ;
#906 = LINE ( 'NONE', #3006, #2485 ) ;
#907 = VERTEX_POINT ( 'NONE', #754 ) ;
#908 = FACE_BOUND ( 'NONE', #2711, .T. ) ;
#909 = EDGE_CURVE ( 'NONE', #2330, #2044, #3385, .T. ) ;
#910 = CARTESIAN_POINT ( 'NONE',  ( 0.3819141098028203700, 2.929918658675568100, 11.09999999999999400 ) ) ;
#911 = VERTEX_POINT ( 'NONE', #1039 ) ;
#912 = CARTESIAN_POINT ( 'NONE',  ( -0.7902664314313308000, 2.509435564641269200, 10.98999999999999800 ) ) ;
#913 = ORIENTED_EDGE ( 'NONE', *, *, #98, .T. ) ;
#914 = CARTESIAN_POINT ( 'NONE',  ( -0.8329698572696521100, 3.392070449587197600, 10.98999999999999500 ) ) ;
#915 = CARTESIAN_POINT ( 'NONE',  ( -0.6866234570819365100, 4.040668913566115400, 10.98999999999999500 ) ) ;
#916 = CARTESIAN_POINT ( 'NONE',  ( 0.5556032015571114000, 3.044340192996778600, 11.09999999999999800 ) ) ;
#917 = CARTESIAN_POINT ( 'NONE',  ( -2.179844288869871400E-005, 2.530528809068207000, 11.09999999999999800 ) ) ;
#918 = VECTOR ( 'NONE', #1943, 1000.000000000000000 ) ;
#919 = CARTESIAN_POINT ( 'NONE',  ( 0.8401484024499685800, 2.507850237639635900, 11.09999999999999400 ) ) ;
#920 = PLANE ( 'NONE',  #2393 ) ;
#921 = ADVANCED_FACE ( 'NONE', ( #1601 ), #753, .T. ) ;
#922 = CARTESIAN_POINT ( 'NONE',  ( 0.7528436732653879200, 3.378760981436651300, 11.09999999999999800 ) ) ;
#923 = CARTESIAN_POINT ( 'NONE',  ( 1.184821464974580100, 3.625437816364760500, 11.09999999999999800 ) ) ;
#924 = CARTESIAN_POINT ( 'NONE',  ( 0.4542939936174391600, 3.727023994742696200, 10.98999999999999700 ) ) ;
#925 = CARTESIAN_POINT ( 'NONE',  ( -0.7951268446144071900, 3.576164180205419800, 11.09999999999999600 ) ) ;
#926 = CARTESIAN_POINT ( 'NONE',  ( 0.6385598428274104100, 2.786488122536757000, 11.09999999999999400 ) ) ;
#927 = EDGE_LOOP ( 'NONE', ( #3435, #1067, #894, #1665 ) ) ;
#928 = CARTESIAN_POINT ( 'NONE',  ( -0.4700735843869469100, 3.672378189598520600, 11.09999999999999800 ) ) ;
#929 = CARTESIAN_POINT ( 'NONE',  ( 0.7029208167944370800, 3.354503983795138500, 10.98999999999999500 ) ) ;
#930 = DIRECTION ( 'NONE',  ( 0.0000000000000000000, 0.0000000000000000000, 1.000000000000000000 ) ) ;
#931 = EDGE_CURVE ( 'NONE', #291, #2742, #2528, .T. ) ;
#932 = CARTESIAN_POINT ( 'NONE',  ( -0.4482140182103012700, 2.734458961880007700, 11.09999999999999800 ) ) ;
#933 = CARTESIAN_POINT ( 'NONE',  ( -0.8236435324260277200, 3.574556288195219100, 11.09999999999999600 ) ) ;
#934 = CARTESIAN_POINT ( 'NONE',  ( -0.6197587791468960300, 3.475500103232542300, 11.09999999999999800 ) ) ;
#935 = CC_DESIGN_DATE_AND_TIME_ASSIGNMENT ( #1712, #3519, ( #582 ) ) ;
#936 = VERTEX_POINT ( 'NONE', #728 ) ;
#937 = DATE_TIME_ROLE ( 'classification_date' ) ;
#938 = CARTESIAN_POINT ( 'NONE',  ( -0.8409007046928882500, 4.299457380496778400, 10.98999999999999500 ) ) ;
#939 = CARTESIAN_POINT ( 'NONE',  ( 0.5565642138644852900, 3.081381506824394800, 11.09999999999999800 ) ) ;
#940 = FACE_OUTER_BOUND ( 'NONE', #724, .T. ) ;
#941 = CARTESIAN_POINT ( 'NONE',  ( 0.6574772601350892300, 4.002880141081535100, 11.09999999999999800 ) ) ;
#942 = EDGE_LOOP ( 'NONE', ( #203, #1728, #90, #499 ) ) ;
#943 = CONICAL_SURFACE ( 'NONE', #2162, 5.000000000000000900, 1.047197551196600100 ) ;
#944 = CARTESIAN_POINT ( 'NONE',  ( -0.6199795567920998200, 3.269603737622534600, 11.09999999999999800 ) ) ;
#945 = CARTESIAN_POINT ( 'NONE',  ( -0.7812984618134347600, 2.694893812833548000, 11.10000000000000100 ) ) ;
#946 = EDGE_CURVE ( 'NONE', #3491, #1040, #3335, .T. ) ;
#947 = EDGE_LOOP ( 'NONE', ( #3578, #2479, #3518, #3002, #1045 ) ) ;
#948 = CARTESIAN_POINT ( 'NONE',  ( -0.8409007046928882500, 4.299457380496778400, 10.98999999999998600 ) ) ;
#949 = PLANE ( 'NONE',  #3351 ) ;
#950 = ORIENTED_EDGE ( 'NONE', *, *, #2702, .T. ) ;
#951 = EDGE_CURVE ( 'NONE', #1953, #145, #2277, .T. ) ;
#952 = CARTESIAN_POINT ( 'NONE',  ( 1.276620756173258500, 3.228492539986735500, 10.98999999999999700 ) ) ;
#953 = DIRECTION ( 'NONE',  ( 1.000000000000000000, 0.0000000000000000000, 0.0000000000000000000 ) ) ;
#954 = APPROVAL_PERSON_ORGANIZATION ( #1053, #2328, #165 ) ;
#955 = CARTESIAN_POINT ( 'NONE',  ( 0.8238284133064504000, 2.508377737319849900, 10.98999999999999500 ) ) ;
#956 = EDGE_CURVE ( 'NONE', #2833, #1953, #351, .T. ) ;
#957 = CARTESIAN_POINT ( 'NONE',  ( 0.7446414961588572200, 2.516079339317844900, 11.09999999999999800 ) ) ;
#958 = CARTESIAN_POINT ( 'NONE',  ( 0.4436287812412710300, 3.785695865919705300, 10.98999999999999300 ) ) ;
#959 = CARTESIAN_POINT ( 'NONE',  ( -0.8138051433040752700, 3.391588352137921500, 11.10000000000000300 ) ) ;
#960 = CARTESIAN_POINT ( 'NONE',  ( 0.8116307278343275500, 2.689996029998484900, 11.09999999999999800 ) ) ;
#961 = CARTESIAN_POINT ( 'NONE',  ( 1.040690297478533900, 3.734214790516043400, 11.10000000000000000 ) ) ;
#962 = CARTESIAN_POINT ( 'NONE',  ( 0.6373225751972292400, 3.738849586482318400, 10.98999999999999800 ) ) ;
#963 = CARTESIAN_POINT ( 'NONE',  ( -0.7203751675178260400, 4.282107682951223500, 11.10000000000000300 ) ) ;
#964 = PRODUCT_RELATED_PRODUCT_CATEGORY ( 'detail', '', ( #891 ) ) ;
#965 = CARTESIAN_POINT ( 'NONE',  ( -1.220722281943074500, 3.987208923903869300, 10.98999999999999800 ) ) ;
#966 = ORIENTED_EDGE ( 'NONE', *, *, #827, .F. ) ;
#967 = CARTESIAN_POINT ( 'NONE',  ( 0.6793361710778053100, 3.338078878092782400, 11.10000000000000000 ) ) ;
#968 = CARTESIAN_POINT ( 'NONE',  ( -0.4854149202588313200, 3.376309752780876300, 10.98999999999999500 ) ) ;
#969 = CARTESIAN_POINT ( 'NONE',  ( 1.224156894101085900, 3.724325877507183200, 11.09999999999999800 ) ) ;
#970 = CARTESIAN_POINT ( 'NONE',  ( 0.5407197773543616100, 2.620593281444169300, 10.98999999999999700 ) ) ;
#971 = CARTESIAN_POINT ( 'NONE',  ( 0.3782898315353789300, 3.127182775551927000, 10.98999999999999500 ) ) ;
#972 = CARTESIAN_POINT ( 'NONE',  ( 1.058234728922185800, 3.269603737622535100, 11.09999999999999800 ) ) ;
#973 = CARTESIAN_POINT ( 'NONE',  ( 0.6465991077996597900, 4.250848728142858400, 11.09999999999999400 ) ) ;
#974 = CARTESIAN_POINT ( 'NONE',  ( 0.3745602029613623300, 3.024122769253927900, 11.09999999999999800 ) ) ;
#975 = CARTESIAN_POINT ( 'NONE',  ( -0.5844976196053696100, 4.201379318578498900, 10.98999999999998800 ) ) ;
#976 = EDGE_CURVE ( 'NONE', #2235, #877, #1890, .T. ) ;
#977 = CARTESIAN_POINT ( 'NONE',  ( -0.6835655788274236400, 4.268270537087092400, 11.09999999999999400 ) ) ;
#978 = CARTESIAN_POINT ( 'NONE',  ( -1.034444243488049600, 3.485094091247523000, 10.98999999999999800 ) ) ;
#979 = ORIENTED_EDGE ( 'NONE', *, *, #1186, .F. ) ;
#980 = CARTESIAN_POINT ( 'NONE',  ( 0.6385598428274104100, 2.786488122536757000, 10.98999999999999500 ) ) ;
#981 = CARTESIAN_POINT ( 'NONE',  ( -0.7039629735195176400, 2.725777983091162600, 11.09999999999999800 ) ) ;
#982 = CARTESIAN_POINT ( 'NONE',  ( 0.4754185271528373300, 2.693325520477344100, 11.10000000000000000 ) ) ;
#983 = ORIENTED_EDGE ( 'NONE', *, *, #1334, .T. ) ;
#984 = CARTESIAN_POINT ( 'NONE',  ( -0.8380658832643167500, 2.507850237639635900, 10.98999999999999500 ) ) ;
#985 = CARTESIAN_POINT ( 'NONE',  ( 1.090194899932562100, 3.212723621727938900, 11.09999999999999800 ) ) ;
#986 = CARTESIAN_POINT ( 'NONE',  ( -0.6372779401518438000, 2.783621255732580600, 10.98999999999999300 ) ) ;
#987 = LINE ( 'NONE', #2179, #2307 ) ;
#988 = CARTESIAN_POINT ( 'NONE',  ( 0.9934008082320916500, 3.647773825457081700, 10.98999999999999700 ) ) ;
#989 = ORIENTED_EDGE ( 'NONE', *, *, #3524, .T. ) ;
#990 = CARTESIAN_POINT ( 'NONE',  ( -0.5289138978318572700, 4.138377827203647100, 11.09999999999999800 ) ) ;
#991 = CARTESIAN_POINT ( 'NONE',  ( 0.8259584096653285200, 3.392067524160754700, 11.09999999999999800 ) ) ;
#992 = ORIENTED_EDGE ( 'NONE', *, *, #1273, .T. ) ;
#993 = ADVANCED_FACE ( 'NONE', ( #125 ), #1550, .T. ) ;
#994 = FACE_BOUND ( 'NONE', #2492, .T. ) ;
#995 = CARTESIAN_POINT ( 'NONE',  ( 0.8401484024499685800, 3.573743094782492900, 11.09999999999999600 ) ) ;
#996 = ORIENTED_EDGE ( 'NONE', *, *, #1561, .F. ) ;
#997 = VECTOR ( 'NONE', #1315, 1000.000000000000000 ) ;
#998 = CARTESIAN_POINT ( 'NONE',  ( -0.3918251643637562500, 3.193574200081227500, 10.98999999999999800 ) ) ;
#999 = CARTESIAN_POINT ( 'NONE',  ( 1.149300387882428400, 4.138377827203648000, 11.09999999999999800 ) ) ;
#1000 = CARTESIAN_POINT ( 'NONE',  ( 0.3753171337874330300, 2.985824556656354400, 11.10000000000000000 ) ) ;
#1001 = ORIENTED_EDGE ( 'NONE', *, *, #3414, .T. ) ;
#1002 = CARTESIAN_POINT ( 'NONE',  ( 0.4481555283413811700, 3.333638543034679500, 10.98999999999999500 ) ) ;
#1003 = CARTESIAN_POINT ( 'NONE',  ( 5.000000000000000900, 0.0000000000000000000, 11.09999999999999800 ) ) ;
#1004 = CARTESIAN_POINT ( 'NONE',  ( 0.7560624785807300600, 4.292525841408477500, 11.09999999999999800 ) ) ;
#1005 = B_SPLINE_CURVE_WITH_KNOTS ( 'NONE', 3,
 ( #2133, #1269, #1021, #3276, #1826, #721, #441, #463, #2387, #2668, #995 ),
 .UNSPECIFIED., .F., .F.,
 ( 4, 1, 1, 1, 1, 1, 1, 1, 4 ),
 ( 0.0000000000000000000, 0.1539757860433906000, 0.2946209902069862900, 0.4259529432363398600, 0.5510630847533679600, 0.6698838735114385200, 0.7802966480188419100, 0.8888583241621966800, 0.9999999999999998900 ),
 .UNSPECIFIED. ) ;
#1006 = APPROVAL_DATE_TIME ( #736, #1136 ) ;
#1007 = CARTESIAN_POINT ( 'NONE',  ( 0.9211891674197162400, 4.099643929567848800, 10.98999999999999700 ) ) ;
#1008 = CARTESIAN_POINT ( 'NONE',  ( -4.182066831946702500, -3.358985280702822400, 10.92606240196662700 ) ) ;
#1009 = COORDINATED_UNIVERSAL_TIME_OFFSET ( 6, 0, .BEHIND. ) ;
#1010 = EDGE_CURVE ( 'NONE', #1505, #1094, #812, .T. ) ;
#1011 = CARTESIAN_POINT ( 'NONE',  ( 1.058455506567389300, 3.475500103232540500, 10.98999999999999500 ) ) ;
#1012 = CARTESIAN_POINT ( 'NONE',  ( -0.4284703397254018800, 3.293162532273087500, 10.98999999999999500 ) ) ;
#1013 = CARTESIAN_POINT ( 'NONE',  ( 1.220813970277133000, 3.981964281914802200, 11.09999999999999800 ) ) ;
#1014 = AXIS2_PLACEMENT_3D ( 'NONE', #2843, #620, #1181 ) ;
#1015 = CARTESIAN_POINT ( 'NONE',  ( 0.5369455421288288300, 3.429888379809924400, 10.98999999999999800 ) ) ;
#1016 = DIRECTION ( 'NONE',  ( 0.0000000000000000000, 0.0000000000000000000, -1.000000000000000000 ) ) ;
#1017 = CARTESIAN_POINT ( 'NONE',  ( -0.5754221401589434400, 2.894594043665037000, 10.98999999999999300 ) ) ;
#1018 = CARTESIAN_POINT ( 'NONE',  ( 0.8380222863785399300, 4.118028809068207800, 11.09999999999999800 ) ) ;
#1019 = CARTESIAN_POINT ( 'NONE',  ( 0.7792555256931167400, 3.386946384776036800, 11.09999999999999400 ) ) ;
#1020 = ORIENTED_EDGE ( 'NONE', *, *, #1449, .T. ) ;
#1021 = CARTESIAN_POINT ( 'NONE',  ( 0.6256236924312346100, 3.793956696871945100, 11.09999999999999800 ) ) ;
#1022 = DIRECTION ( 'NONE',  ( 0.0000000000000000000, -1.000000000000000000, 0.0000000000000000000 ) ) ;
#1023 = CARTESIAN_POINT ( 'NONE',  ( -1.171435888488099800, 2.655272428923390700, 11.09999999999999800 ) ) ;
#1024 = CARTESIAN_POINT ( 'NONE',  ( -0.9511806148147832200, 3.368897827480139600, 11.09999999999999600 ) ) ;
#1025 = EDGE_CURVE ( 'NONE', #3177, #511, #1828, .T. ) ;
#1026 = CARTESIAN_POINT ( 'NONE',  ( -1.303868302482568600, 3.057931034967372500, 11.09999999999999800 ) ) ;
#1027 = CARTESIAN_POINT ( 'NONE',  ( -1.299924454178906600, 3.127182775551927500, 11.09999999999999800 ) ) ;
#1028 = CARTESIAN_POINT ( 'NONE',  ( -1.040043902580990400, 3.956924737339596400, 10.98999999999999700 ) ) ;
#1029 = CARTESIAN_POINT ( 'NONE',  ( 0.6137661966650094200, 4.228961355319060400, 11.10000000000000300 ) ) ;
#1030 = CARTESIAN_POINT ( 'NONE',  ( -1.054575369871459700, 3.852973005496779000, 11.09999999999999800 ) ) ;
#1031 = CARTESIAN_POINT ( 'NONE',  ( 0.6007665891587287100, 3.243361380375340700, 11.09999999999999800 ) ) ;
#1032 = CARTESIAN_POINT ( 'NONE',  ( 1.089155533926762700, 3.459411331504062700, 10.98999999999999800 ) ) ;
#1033 = DIRECTION ( 'NONE',  ( 0.0000000000000000000, -1.000000000000000000, 0.0000000000000000000 ) ) ;
#1034 = CARTESIAN_POINT ( 'NONE',  ( 0.07935320155711062000, 2.530528809068207000, 10.98999999999999700 ) ) ;
#1035 = CARTESIAN_POINT ( 'NONE',  ( -0.8864569189453467300, 2.509414347494277800, 11.09999999999999800 ) ) ;
#1036 = VECTOR ( 'NONE', #3465, 1000.000000000000000 ) ;
#1037 = CARTESIAN_POINT ( 'NONE',  ( -1.296300175911464500, 2.929918658675568100, 11.09999999999999800 ) ) ;
#1038 = CARTESIAN_POINT ( 'NONE',  ( -1.299924454178906600, 3.127182775551927500, 10.98999999999999300 ) ) ;
#1039 = CARTESIAN_POINT ( 'NONE',  ( -0.8401919993357454000, 4.118028809068207800, 10.98999999999999800 ) ) ;
#1040 = VERTEX_POINT ( 'NONE', #3432 ) ;
#1041 = CARTESIAN_POINT ( 'NONE',  ( 0.9607904620085362400, 3.614998148281977300, 10.98999999999999500 ) ) ;
#1042 = LINE ( 'NONE', #2979, #997 ) ;
#1043 = CARTESIAN_POINT ( 'NONE',  ( 0.6373225751972292400, 3.738849586482318400, 10.98999999999999500 ) ) ;
#1044 = B_SPLINE_CURVE_WITH_KNOTS ( 'NONE', 3,
 ( #2671, #2642, #1552, #445, #2395, #1015, #410, #2417, #2123, #1002, #2950, #3228, #1815, #429, #1285, #971, #1229, #700, #458 ),
 .UNSPECIFIED., .F., .F.,
 ( 4, 1, 1, 1, 1, 1, 1, 1, 1, 1, 1, 1, 1, 1, 1, 1, 4 ),
 ( 0.0000000000000000000, 0.05972319915341550700, 0.1179382024537792800, 0.1758738502107072300, 0.2329358326767108100, 0.2897747215177599600, 0.3468092933985547100, 0.4049302063527054900, 0.4646042923711289900, 0.5248683378179085400, 0.5866696515022402600, 0.6496054889564573100, 0.7141058361301739800, 0.7813131606162413400, 0.8515246148346978800, 0.9243220712404486300, 1.000000000000000000 ),
 .UNSPECIFIED. ) ;
#1045 = ORIENTED_EDGE ( 'NONE', *, *, #2324, .F. ) ;
#1046 = CARTESIAN_POINT ( 'NONE',  ( -1.102522389113616000, 3.183751001091311900, 10.98999999999999500 ) ) ;
#1047 = CARTESIAN_POINT ( 'NONE',  ( -0.3746563549988176600, 3.018577949215016000, 11.09999999999999800 ) ) ;
#1048 = CARTESIAN_POINT ( 'NONE',  ( 0.4026614238688576700, 3.239111934594097500, 11.09999999999999800 ) ) ;
#1049 = VERTEX_POINT ( 'NONE', #336 ) ;
#1050 = PLANE ( 'NONE',  #1453 ) ;
#1051 = CARTESIAN_POINT ( 'NONE',  ( -1.171435888488099800, 2.655272428923390700, 10.98999999999999500 ) ) ;
#1052 = DIRECTION ( 'NONE',  ( 0.0000000000000000000, 0.0000000000000000000, 1.000000000000000000 ) ) ;
#1053 = PERSON_AND_ORGANIZATION ( #1849, #3292 ) ;
#1054 = CARTESIAN_POINT ( 'NONE',  ( -0.8544921020647400200, 4.117206924916009900, 11.09999999999999800 ) ) ;
#1055 = CARTESIAN_POINT ( 'NONE',  ( 0.8545707532882573800, 3.574556288195219100, 10.98999999999999500 ) ) ;
#1056 = CARTESIAN_POINT ( 'NONE',  ( -0.7286484430851805100, 2.712620927313122500, 10.98999999999999500 ) ) ;
#1057 = CARTESIAN_POINT ( 'NONE',  ( 0.8255034504689937600, 3.574574537859277300, 10.98999999999999700 ) ) ;
#1058 = CARTESIAN_POINT ( 'NONE',  ( 1.100919423205543300, 2.590674857712705200, 11.09999999999999800 ) ) ;
#1059 = CARTESIAN_POINT ( 'NONE',  ( -0.9232736078213839000, 4.100472660524405700, 11.09999999999999400 ) ) ;
#1060 = CARTESIAN_POINT ( 'NONE',  ( -1.100622126429459600, 2.590806000671618500, 11.09999999999999400 ) ) ;
#1061 = ORIENTED_EDGE ( 'NONE', *, *, #3468, .F. ) ;
#1062 = CC_DESIGN_APPROVAL ( #2328, ( #1539 ) ) ;
#1063 = CARTESIAN_POINT ( 'NONE',  ( -1.296300175911464500, 2.929918658675568100, 10.98999999999999100 ) ) ;
#1064 = CARTESIAN_POINT ( 'NONE',  ( -1.230058757372903800, 3.333638543034679500, 11.09999999999999800 ) ) ;
#1065 = CARTESIAN_POINT ( 'NONE',  ( 0.5869421593931250000, 3.214417206838525500, 10.98999999999999500 ) ) ;
#1066 = CARTESIAN_POINT ( 'NONE',  ( 0.4431702438627201400, 3.896219461739455000, 10.98999999999999500 ) ) ;
#1067 = ORIENTED_EDGE ( 'NONE', *, *, #3262, .F. ) ;
#1068 = CARTESIAN_POINT ( 'NONE',  ( 1.232445325241372300, 3.322533053400383600, 11.09999999999999800 ) ) ;
#1069 = CARTESIAN_POINT ( 'NONE',  ( 0.7551066145174263300, 3.591089821096199700, 10.98999999999999700 ) ) ;
#1070 = B_SPLINE_CURVE_WITH_KNOTS ( 'NONE', 3,
 ( #320, #33, #115, #389, #1130, #1981, #667, #2262, #307, #45, #3082, #1689, #3444, #1992, #657, #97, #1782, #2056, #2066 ),
 .UNSPECIFIED., .F., .F.,
 ( 4, 1, 1, 1, 1, 1, 1, 1, 1, 1, 1, 1, 1, 1, 1, 1, 4 ),
 ( 0.0000000000000000000, 0.07249157104728321000, 0.1422486369497131300, 0.2097093885957230800, 0.2748575154327948000, 0.3382495553616198200, 0.4007309226201087900, 0.4628919319669431200, 0.5255664615976434200, 0.5874844697136008000, 0.6466751193508697400, 0.7052197650070655100, 0.7627983267079082600, 0.8201997050108020800, 0.8783486326508454000, 0.9384207167885340000, 1.000000000000000000 ),
 .UNSPECIFIED. ) ;
#1071 = DIRECTION ( 'NONE',  ( 1.000000000000000000, 0.0000000000000000000, 0.0000000000000000000 ) ) ;
#1072 = CARTESIAN_POINT ( 'NONE',  ( -0.8711836592472486100, 3.391579686515069800, 10.98999999999999500 ) ) ;
#1073 = CARTESIAN_POINT ( 'NONE',  ( 0.8879478542829550800, 2.509435564641269200, 11.09999999999999800 ) ) ;
#1074 = CARTESIAN_POINT ( 'NONE',  ( 0.3746821673531718400, 3.085985856656808100, 11.10000000000000000 ) ) ;
#1075 = DIRECTION ( 'NONE',  ( 1.000000000000000000, 0.0000000000000000000, -0.0000000000000000000 ) ) ;
#1076 = EDGE_CURVE ( 'NONE', #1049, #2381, #2907, .T. ) ;
#1077 = ORIENTED_EDGE ( 'NONE', *, *, #3014, .F. ) ;
#1078 = CARTESIAN_POINT ( 'NONE',  ( -1.114633004976888700, 3.448539190824850400, 11.09999999999999800 ) ) ;
#1079 = CARTESIAN_POINT ( 'NONE',  ( -2.165829883409989600, 4.506570859991915900, 11.09999999999999800 ) ) ;
#1080 = CARTESIAN_POINT ( 'NONE',  ( -0.4432179427098428800, 3.889605646518361900, 10.98999999999999500 ) ) ;
#1081 = CARTESIAN_POINT ( 'NONE',  ( 0.5045922177506428900, 4.106429464397683300, 11.10000000000000000 ) ) ;
#1082 = ORIENTED_EDGE ( 'NONE', *, *, #192, .T. ) ;
#1083 = DIRECTION ( 'NONE',  ( 0.0000000000000000000, -1.000000000000000000, 0.0000000000000000000 ) ) ;
#1084 = EDGE_CURVE ( 'NONE', #1896, #1202, #510, .T. ) ;
#1085 = CARTESIAN_POINT ( 'NONE',  ( 0.9193947254152729000, 3.378875579349696500, 11.10000000000000000 ) ) ;
#1086 = VECTOR ( 'NONE', #1306, 1000.000000000000000 ) ;
#1087 = CARTESIAN_POINT ( 'NONE',  ( -1.077447696555556600, 3.243361380375340300, 10.98999999999999500 ) ) ;
#1088 = ORIENTED_EDGE ( 'NONE', *, *, #713, .T. ) ;
#1089 = CARTESIAN_POINT ( 'NONE',  ( 1.302698470580177000, 2.981248369538771900, 11.09999999999999800 ) ) ;
#1090 = FACE_OUTER_BOUND ( 'NONE', #1141, .T. ) ;
#1091 = EDGE_CURVE ( 'NONE', #2567, #1505, #1680, .T. ) ;
#1092 = DIRECTION ( 'NONE',  ( 0.0000000000000000000, 0.0000000000000000000, -1.000000000000000000 ) ) ;
#1093 = CARTESIAN_POINT ( 'NONE',  ( 0.5556032015571114000, 3.044340192996778600, 11.09999999999999800 ) ) ;
#1094 = VERTEX_POINT ( 'NONE', #317 ) ;
#1095 = CARTESIAN_POINT ( 'NONE',  ( 1.040936345562441200, 2.783621255732581500, 11.09999999999999800 ) ) ;
#1096 = LINE ( 'NONE', #61, #2237 ) ;
#1097 = CARTESIAN_POINT ( 'NONE',  ( -0.9511806148147832200, 3.368897827480139600, 11.09999999999999400 ) ) ;
#1098 = CARTESIAN_POINT ( 'NONE',  ( 4.999999999999997300, -2.886751345948130900, 6.899999999999996800 ) ) ;
#1099 = VERTEX_POINT ( 'NONE', #3426 ) ;
#1100 = PRODUCT_DEFINITION_SHAPE ( 'NONE', 'NONE',  #582 ) ;
#1101 = CARTESIAN_POINT ( 'NONE',  ( -0.9231076711968592100, 3.591089821096199700, 11.10000000000000000 ) ) ;
#1102 = CARTESIAN_POINT ( 'NONE',  ( 0.8644091424102109400, 3.391588352137921500, 11.10000000000000300 ) ) ;
#1103 = B_SPLINE_CURVE_WITH_KNOTS ( 'NONE', 3,
 ( #2804, #2233, #279, #556, #2259, #595, #835, #2815, #1137, #2777, #1117 ),
 .UNSPECIFIED., .F., .F.,
 ( 4, 1, 1, 1, 1, 1, 1, 1, 4 ),
 ( 0.0000000000000000000, 0.1294607776818081900, 0.2513647584658438300, 0.3697504781128617700, 0.4863315945877201300, 0.6051794665802341400, 0.7288077075228539500, 0.8592139492807706600, 1.000000000000000000 ),
 .UNSPECIFIED. ) ;
#1104 = CARTESIAN_POINT ( 'NONE',  ( 4.180704885107342500, -3.359771601077151000, 10.90165567762785900 ) ) ;
#1105 = CARTESIAN_POINT ( 'NONE',  ( -1.234585504473014100, 3.785695865919705700, 11.09999999999999800 ) ) ;
#1106 = CARTESIAN_POINT ( 'NONE',  ( 0.8879478542829550800, 2.509435564641269200, 11.10000000000000000 ) ) ;
#1107 = EDGE_CURVE ( 'NONE', #2268, #387, #287, .T. ) ;
#1108 = CARTESIAN_POINT ( 'NONE',  ( -0.9231076711968592100, 3.591089821096199700, 11.09999999999999800 ) ) ;
#1109 = CARTESIAN_POINT ( 'NONE',  ( 0.4888233980493607000, 3.386488890598088600, 11.09999999999999800 ) ) ;
#1110 = CARTESIAN_POINT ( 'NONE',  ( 0.8401484024499685800, 2.689278809068207400, 11.09999999999999800 ) ) ;
#1111 = CARTESIAN_POINT ( 'NONE',  ( -1.121650071849799500, 3.081381506824395300, 11.09999999999999400 ) ) ;
#1112 = CARTESIAN_POINT ( 'NONE',  ( -0.5058614945956649800, 4.102670055079768100, 10.98999999999999800 ) ) ;
#1113 = CARTESIAN_POINT ( 'NONE',  ( 1.144702952940101600, 3.421712661309760200, 11.09999999999999800 ) ) ;
#1114 = CARTESIAN_POINT ( 'NONE',  ( 4.999999999999997300, 2.886751345948130000, 10.65341801261479800 ) ) ;
#1115 = CARTESIAN_POINT ( 'NONE',  ( 0.6377744588230432900, 3.497087262138151200, 11.10000000000000100 ) ) ;
#1116 = ORIENTED_EDGE ( 'NONE', *, *, #2532, .T. ) ;
#1117 = CARTESIAN_POINT ( 'NONE',  ( -0.4422539413000310400, 3.840925014425350200, 10.98999999999999500 ) ) ;
#1118 = CARTESIAN_POINT ( 'NONE',  ( 0.5564447975231725500, 3.005860478051177100, 11.10000000000000100 ) ) ;
#1119 = CARTESIAN_POINT ( 'NONE',  ( 0.8401484024499685800, 2.689278809068207400, 10.98999999999999500 ) ) ;
#1120 = CARTESIAN_POINT ( 'NONE',  ( -0.8179331680532978500, 5.301268757141561300, 10.92606240196662700 ) ) ;
#1121 = CARTESIAN_POINT ( 'NONE',  ( 1.276620756173258500, 3.228492539986735500, 11.09999999999999800 ) ) ;
#1122 = CARTESIAN_POINT ( 'NONE',  ( -0.9470668744120351900, 2.713231921530398600, 11.09999999999999800 ) ) ;
#1123 = B_SPLINE_CURVE_WITH_KNOTS ( 'NONE', 3,
 ( #449, #2399, #717, #1276, #2646, #1290, #413, #3259 ),
 .UNSPECIFIED., .F., .F.,
 ( 4, 2, 2, 4 ),
 ( 0.002921158011986709900, 0.003648658599403065300, 0.004376159186819420300, 0.005831160361652130300 ),
 .UNSPECIFIED. ) ;
#1124 = CARTESIAN_POINT ( 'NONE',  ( 1.100919423205543300, 2.590674857712705200, 10.98999999999999700 ) ) ;
#1125 = CARTESIAN_POINT ( 'NONE',  ( 0.6226450753774344100, 3.477976391168430500, 10.98999999999999700 ) ) ;
#1126 = CARTESIAN_POINT ( 'NONE',  ( -1.236003941300031000, 3.848012067996778600, 8.861479739173429200 ) ) ;
#1127 = CARTESIAN_POINT ( 'NONE',  ( -0.9988781146364805700, 3.338078878092781500, 11.09999999999999800 ) ) ;
#1128 = CARTESIAN_POINT ( 'NONE',  ( -0.5844976196053696100, 4.201379318578498900, 10.98999999999999800 ) ) ;
#1129 = FACE_BOUND ( 'NONE', #3441, .T. ) ;
#1130 = CARTESIAN_POINT ( 'NONE',  ( 1.220813970277133000, 3.981964281914802200, 10.98999999999999800 ) ) ;
#1131 = CARTESIAN_POINT ( 'NONE',  ( 0.0000000000000000000, -2.999999999999999100, -10.35000000000000100 ) ) ;
#1132 = ORIENTED_EDGE ( 'NONE', *, *, #1248, .T. ) ;
#1133 = LINE ( 'NONE', #233, #2697 ) ;
#1134 = CARTESIAN_POINT ( 'NONE',  ( -0.5559430954842834400, 3.050254611289249200, 11.09999999999999800 ) ) ;
#1135 = CARTESIAN_POINT ( 'NONE',  ( -1.150419097650001300, 4.141394453623283000, 11.09999999999999800 ) ) ;
#1136 = APPROVAL ( #2081, 'UNSPECIFIED' ) ;
#1137 = CARTESIAN_POINT ( 'NONE',  ( -0.4437692797229020900, 3.780987957570796100, 10.98999999999999800 ) ) ;
#1138 = VERTEX_POINT ( 'NONE', #56 ) ;
#1139 = CARTESIAN_POINT ( 'NONE',  ( 1.102792145555341800, 2.894594043665037500, 10.98999999999999500 ) ) ;
#1140 = CARTESIAN_POINT ( 'NONE',  ( -0.7545695564660905900, 3.591310740557707200, 10.98999999999999700 ) ) ;
#1141 = EDGE_LOOP ( 'NONE', ( #2129, #2886, #224, #2309, #2591, #2578, #533, #874 ) ) ;
#1142 = CARTESIAN_POINT ( 'NONE',  ( 1.054531772985682900, 3.841279367103922000, 11.09999999999999800 ) ) ;
#1143 = CARTESIAN_POINT ( 'NONE',  ( 0.5604379058670707600, 2.968679010749431400, 11.09999999999999800 ) ) ;
#1144 = CARTESIAN_POINT ( 'NONE',  ( -1.076059716810686500, 2.839444491132630400, 10.98999999999999700 ) ) ;
#1145 = B_SPLINE_CURVE_WITH_KNOTS ( 'NONE', 3,
 ( #2361, #3202, #3497, #420, #2373, #977, #2930, #3220, #2667, #1532, #394, #440, #1216, #2385, #2942, #1267, #3238, #1544, #1788 ),
 .UNSPECIFIED., .F., .F.,
 ( 4, 1, 1, 1, 1, 1, 1, 1, 1, 1, 1, 1, 1, 1, 1, 1, 4 ),
 ( 0.0000000000000000000, 0.06157928321146599600, 0.1216513673491545900, 0.1798002949891979700, 0.2372016732920917700, 0.2947802349929344300, 0.3533248806491302600, 0.4125155302863991500, 0.4744335384023567500, 0.5371080680330568800, 0.5992690773798914300, 0.6617504446383802900, 0.7251424845672053100, 0.7902906114042769200, 0.8577513630502868700, 0.9275084289527167900, 1.000000000000000000 ),
 .UNSPECIFIED. ) ;
#1146 = CARTESIAN_POINT ( 'NONE',  ( -0.6025311756378546300, 3.242227903075283600, 11.09999999999999800 ) ) ;
#1147 = CARTESIAN_POINT ( 'NONE',  ( 0.7178347629222944200, 4.282461523859112200, 10.98999999999999500 ) ) ;
#1148 = EDGE_CURVE ( 'NONE', #330, #2541, #3132, .T. ) ;
#1149 = DIRECTION ( 'NONE',  ( 0.0000000000000000000, 0.0000000000000000000, 1.000000000000000000 ) ) ;
#1150 = ADVANCED_FACE ( 'NONE', ( #1824, #1129, #2184 ), #619, .T. ) ;
#1151 = DIRECTION ( 'NONE',  ( 1.000000000000000000, 0.0000000000000000000, -0.0000000000000000000 ) ) ;
#1152 = CARTESIAN_POINT ( 'NONE',  ( -2.500000000000002200, -4.330127018922193600, 11.09999999999999800 ) ) ;
#1153 = EDGE_CURVE ( 'NONE', #2742, #220, #3590, .T. ) ;
#1154 = CARTESIAN_POINT ( 'NONE',  ( 0.8238284133064504000, 2.508377737319849900, 10.98999999999999500 ) ) ;
#1155 = ORIENTED_EDGE ( 'NONE', *, *, #598, .T. ) ;
#1156 = CARTESIAN_POINT ( 'NONE',  ( -0.9955646087213595500, 2.743923215597083400, 11.09999999999999800 ) ) ;
#1157 = CARTESIAN_POINT ( 'NONE',  ( -0.5600966179227666600, 3.441782203133338500, 11.09999999999999800 ) ) ;
#1158 = CARTESIAN_POINT ( 'NONE',  ( 0.4485902242525203800, 3.942929108396235000, 10.98999999999999800 ) ) ;
#1159 = CARTESIAN_POINT ( 'NONE',  ( -1.153434876418467900, 3.582740964429533800, 10.98999999999999800 ) ) ;
#1160 = CARTESIAN_POINT ( 'NONE',  ( 1.144702952940101600, 3.421712661309760200, 10.98999999999999500 ) ) ;
#1161 = CARTESIAN_POINT ( 'NONE',  ( -2.287832656137186700, -4.452621892014638800, 11.10000000000000300 ) ) ;
#1162 = ORIENTED_EDGE ( 'NONE', *, *, #292, .T. ) ;
#1163 = CARTESIAN_POINT ( 'NONE',  ( -1.121769488191112700, 3.005860478051176600, 11.09999999999999800 ) ) ;
#1164 = CARTESIAN_POINT ( 'NONE',  ( -0.8426724680857453600, 3.392314523353921400, 11.09999999999999400 ) ) ;
#1165 = VECTOR ( 'NONE', #2069, 1000.000000000000000 ) ;
#1166 = CARTESIAN_POINT ( 'NONE',  ( 1.093716666108916200, 4.201379318578498000, 11.10000000000000000 ) ) ;
#1167 = CARTESIAN_POINT ( 'NONE',  ( -0.3922465238237146700, 2.874569107523584900, 10.98999999999999500 ) ) ;
#1168 = LINE ( 'NONE', #1907, #611 ) ;
#1169 = CARTESIAN_POINT ( 'NONE',  ( -1.116418671979650500, 3.545511615676274300, 11.09999999999999800 ) ) ;
#1170 = ORIENTED_EDGE ( 'NONE', *, *, #2592, .T. ) ;
#1171 = ORIENTED_EDGE ( 'NONE', *, *, #390, .F. ) ;
#1172 = CARTESIAN_POINT ( 'NONE',  ( -0.8380658832643167500, 3.573743094782492900, 11.09999999999999600 ) ) ;
#1173 = ORIENTED_EDGE ( 'NONE', *, *, #3314, .T. ) ;
#1174 = CARTESIAN_POINT ( 'NONE',  ( 0.8830874410998778000, 3.576164180205419800, 11.09999999999999800 ) ) ;
#1175 = CARTESIAN_POINT ( 'NONE',  ( -0.6582106952988198100, 3.999586195699461400, 10.98999999999999800 ) ) ;
#1176 = CARTESIAN_POINT ( 'NONE',  ( 1.149300387882428400, 4.138377827203648000, 11.10000000000000000 ) ) ;
#1177 = CALENDAR_DATE ( 2022, 8, 9 ) ;
#1178 = CARTESIAN_POINT ( 'NONE',  ( -1.236003941300031000, 3.848012067996778600, 11.09999999999999800 ) ) ;
#1179 = FACE_OUTER_BOUND ( 'NONE', #927, .T. ) ;
#1180 = CARTESIAN_POINT ( 'NONE',  ( -1.122326678115132200, 3.031336490664669400, 10.98999999999999700 ) ) ;
#1181 = DIRECTION ( 'NONE',  ( 0.0000000000000000000, -1.000000000000000000, 0.0000000000000000000 ) ) ;
#1182 = CARTESIAN_POINT ( 'NONE',  ( -0.8401919993357454000, 4.118028809068207800, 10.98999999999999800 ) ) ;
#1183 = CARTESIAN_POINT ( 'NONE',  ( 1.235634918741340900, 3.857358525098147700, 11.09999999999999800 ) ) ;
#1184 = DIRECTION ( 'NONE',  ( 0.0000000000000000000, 0.0000000000000000000, 1.000000000000000000 ) ) ;
#1185 = CARTESIAN_POINT ( 'NONE',  ( 1.224156894101085900, 3.724325877507183200, 11.09999999999999800 ) ) ;
#1186 = EDGE_CURVE ( 'NONE', #2181, #2293, #2505, .T. ) ;
#1187 = ADVANCED_FACE ( 'NONE', ( #169, #2830, #1243 ), #349, .T. ) ;
#1188 = CARTESIAN_POINT ( 'NONE',  ( -0.9719749396091151800, 2.726935906559685200, 10.98999999999999800 ) ) ;
#1189 = CARTESIAN_POINT ( 'NONE',  ( -0.8380658832643167500, 2.689278809068207400, 11.09999999999999800 ) ) ;
#1190 = CARTESIAN_POINT ( 'NONE',  ( -0.3746830962753607800, 3.078787810749421100, 11.09999999999999400 ) ) ;
#1191 = CARTESIAN_POINT ( 'NONE',  ( -1.116418671979650500, 3.545511615676274300, 10.98999999999999800 ) ) ;
#1192 = CARTESIAN_POINT ( 'NONE',  ( 0.5599903681954502300, 3.117312151309205700, 10.98999999999999700 ) ) ;
#1193 = DESIGN_CONTEXT ( 'detailed design', #1541, 'design' ) ;
#1194 = CARTESIAN_POINT ( 'NONE',  ( -1.076059716810686500, 2.839444491132630400, 10.98999999999999800 ) ) ;
#1195 = CARTESIAN_POINT ( 'NONE',  ( -5.000000000000000900, -2.416508787739478000, 10.78916534639789600 ) ) ;
#1196 = CARTESIAN_POINT ( 'NONE',  ( 0.6826496769929251100, 2.743923215597084300, 11.09999999999999800 ) ) ;
#1197 = VECTOR ( 'NONE', #2881, 1000.000000000000100 ) ;
#1198 = EDGE_CURVE ( 'NONE', #907, #1040, #1916, .T. ) ;
#1199 = CARTESIAN_POINT ( 'NONE',  ( -0.5556467984428882200, 3.037253139425350100, 11.09999999999999800 ) ) ;
#1200 = CARTESIAN_POINT ( 'NONE',  ( -0.4422539413000310400, 3.840925014425350200, 10.98999999999999500 ) ) ;
#1201 = DIRECTION ( 'NONE',  ( 1.000000000000000000, 0.0000000000000000000, -0.0000000000000000000 ) ) ;
#1202 = VERTEX_POINT ( 'NONE', #1218 ) ;
#1203 = ADVANCED_FACE ( 'NONE', ( #522 ), #2626, .T. ) ;
#1204 = FACE_OUTER_BOUND ( 'NONE', #79, .T. ) ;
#1205 = CARTESIAN_POINT ( 'NONE',  ( 0.8259584096653285200, 3.392067524160754700, 10.98999999999999500 ) ) ;
#1206 = ORIENTED_EDGE ( 'NONE', *, *, #3452, .F. ) ;
#1207 = CARTESIAN_POINT ( 'NONE',  ( 1.075368066731617400, 3.513608420985328900, 11.09999999999999800 ) ) ;
#1208 = ORIENTED_EDGE ( 'NONE', *, *, #1951, .T. ) ;
#1209 = CARTESIAN_POINT ( 'NONE',  ( -0.4482140182103012700, 2.734458961880007700, 10.98999999999999500 ) ) ;
#1210 = CARTESIAN_POINT ( 'NONE',  ( -0.6243467217928039300, 3.860717313862763500, 11.09999999999999800 ) ) ;
#1211 = CARTESIAN_POINT ( 'NONE',  ( -0.3839958329236911600, 3.157004606534853600, 11.09999999999999800 ) ) ;
#1212 = DIRECTION ( 'NONE',  ( -1.000000000000000000, 0.0000000000000000000, 0.0000000000000000000 ) ) ;
#1213 = FACE_OUTER_BOUND ( 'NONE', #1735, .T. ) ;
#1214 = CARTESIAN_POINT ( 'NONE',  ( -0.7589748229290035300, 4.292063561421024100, 10.98999999999998400 ) ) ;
#1215 = DIRECTION ( 'NONE',  ( -0.8660254037844387100, -0.4999999999999998300, 0.0000000000000000000 ) ) ;
#1216 = CARTESIAN_POINT ( 'NONE',  ( -0.4856980809872308800, 4.065043260645913900, 11.09999999999999400 ) ) ;
#1217 = CARTESIAN_POINT ( 'NONE',  ( 1.303531189438924500, 3.078787810749422000, 11.09999999999999800 ) ) ;
#1218 = CARTESIAN_POINT ( 'NONE',  ( 0.4422103444142542700, 3.848012067996778600, 11.09999999999999800 ) ) ;
#1219 = CARTESIAN_POINT ( 'NONE',  ( -0.3742182270143167300, 3.037607492103921100, 10.98999999999999500 ) ) ;
#1220 = CARTESIAN_POINT ( 'NONE',  ( -0.6399281900510525000, 3.294665809462164100, 11.10000000000000000 ) ) ;
#1221 = DIRECTION ( 'NONE',  ( 1.000000000000000000, 0.0000000000000000000, 0.0000000000000000000 ) ) ;
#1222 = ORIENTED_EDGE ( 'NONE', *, *, #2461, .F. ) ;
#1223 = CARTESIAN_POINT ( 'NONE',  ( -0.4422539413000310400, 3.840925014425350600, 11.10000000000000000 ) ) ;
#1224 = PLANE ( 'NONE',  #834 ) ;
#1225 = ORIENTED_EDGE ( 'NONE', *, *, #1449, .F. ) ;
#1226 = CARTESIAN_POINT ( 'NONE',  ( 1.213701159392143400, 3.350385268182777000, 11.10000000000000000 ) ) ;
#1227 = CARTESIAN_POINT ( 'NONE',  ( -0.8192951148925888800, -5.300482436767275400, 10.90165567762783500 ) ) ;
#1228 = CARTESIAN_POINT ( 'NONE',  ( -0.5559893939063806900, 3.024375195560053100, 11.09999999999999400 ) ) ;
#1229 = CARTESIAN_POINT ( 'NONE',  ( 0.3746821673531718400, 3.085985856656808100, 10.98999999999999800 ) ) ;
#1230 = CARTESIAN_POINT ( 'NONE',  ( -0.8329698572696521100, 3.392070449587197600, 10.98999999999999300 ) ) ;
#1231 = CARTESIAN_POINT ( 'NONE',  ( 0.4485902242525203800, 3.942929108396235000, 11.09999999999999800 ) ) ;
#1232 = CC_DESIGN_PERSON_AND_ORGANIZATION_ASSIGNMENT ( #1262, #668, ( #2138 ) ) ;
#1233 = CARTESIAN_POINT ( 'NONE',  ( 1.020692637068000300, 3.687845631139601300, 10.98999999999999500 ) ) ;
#1234 = ORIENTED_EDGE ( 'NONE', *, *, #3018, .F. ) ;
#1235 = CARTESIAN_POINT ( 'NONE',  ( -0.5844976196053696100, 4.201379318578498900, 11.10000000000000000 ) ) ;
#1236 = CARTESIAN_POINT ( 'NONE',  ( -1.208937007627972400, 4.029384377752949200, 10.98999999999999800 ) ) ;
#1237 = CARTESIAN_POINT ( 'NONE',  ( 1.122567487271397100, 3.037253139425350100, 11.09999999999999400 ) ) ;
#1238 = CARTESIAN_POINT ( 'NONE',  ( 0.6175598432962905400, 3.270322636002435800, 11.09999999999999800 ) ) ;
#1239 = FACE_OUTER_BOUND ( 'NONE', #2658, .T. ) ;
#1240 = CARTESIAN_POINT ( 'NONE',  ( -0.3743756699570799900, 3.051554532906131100, 10.98999999999999500 ) ) ;
#1241 = CARTESIAN_POINT ( 'NONE',  ( 1.208140701327338600, 3.672378189598520600, 11.10000000000000100 ) ) ;
#1242 = VERTEX_POINT ( 'NONE', #2062 ) ;
#1243 = FACE_OUTER_BOUND ( 'NONE', #1626, .T. ) ;
#1244 = CARTESIAN_POINT ( 'NONE',  ( 0.3741746301285399600, 3.043631487639635800, 10.98999999999999500 ) ) ;
#1245 = CARTESIAN_POINT ( 'NONE',  ( 0.8380222863785399300, 4.118028809068207800, 10.98999999999999800 ) ) ;
#1246 = CARTESIAN_POINT ( 'NONE',  ( 1.038286095663232900, 3.294665809462164100, 11.09999999999999800 ) ) ;
#1247 = CARTESIAN_POINT ( 'NONE',  ( -0.8283581744043906300, 2.689501222280797200, 10.98999999999999700 ) ) ;
#1248 = EDGE_CURVE ( 'NONE', #2276, #2818, #2478, .T. ) ;
#1249 = VERTEX_POINT ( 'NONE', #1487 ) ;
#1250 = VERTEX_POINT ( 'NONE', #123 ) ;
#1251 = ORIENTED_EDGE ( 'NONE', *, *, #1460, .F. ) ;
#1252 = CARTESIAN_POINT ( 'NONE',  ( -0.4574003154371527000, 3.981964281914801300, 11.10000000000000000 ) ) ;
#1253 = CARTESIAN_POINT ( 'NONE',  ( -1.236003941300031000, 3.848012067996778600, 10.98999999999999800 ) ) ;
#1254 = EDGE_LOOP ( 'NONE', ( #266, #1925, #1457, #2575 ) ) ;
#1255 = EDGE_CURVE ( 'NONE', #116, #3501, #3418, .T. ) ;
#1256 = CARTESIAN_POINT ( 'NONE',  ( -1.262769113686722300, 3.272544233422830700, 10.98999999999999800 ) ) ;
#1257 = CARTESIAN_POINT ( 'NONE',  ( 1.025829206021397200, 3.488698451925350300, 11.09999999999999800 ) ) ;
#1258 = ADVANCED_FACE ( 'NONE', ( #2734 ), #2587, .F. ) ;
#1259 = DIRECTION ( 'NONE',  ( 0.0000000000000000000, 0.0000000000000000000, 1.000000000000000000 ) ) ;
#1260 = CARTESIAN_POINT ( 'NONE',  ( 0.07935320155711062000, 2.530528809068207000, 8.861479739173429200 ) ) ;
#1261 = CARTESIAN_POINT ( 'NONE',  ( 1.075683110076430400, 3.242227903075282300, 11.09999999999999400 ) ) ;
#1262 = PERSON_AND_ORGANIZATION ( #1849, #3292 ) ;
#1263 = CARTESIAN_POINT ( 'NONE',  ( -0.7812984618134347600, 2.694893812833548000, 10.98999999999999700 ) ) ;
#1264 = DIRECTION ( 'NONE',  ( 0.0000000000000000000, 0.0000000000000000000, 1.000000000000000000 ) ) ;
#1265 = CARTESIAN_POINT ( 'NONE',  ( -0.6257052401497649200, 3.786124350368182500, 10.98999999999999500 ) ) ;
#1266 = CARTESIAN_POINT ( 'NONE',  ( 0.6574345071005607300, 3.317882389967755900, 11.09999999999999400 ) ) ;
#1267 = CARTESIAN_POINT ( 'NONE',  ( -0.4486750457300372500, 3.936887472714855300, 11.09999999999999400 ) ) ;
#1268 = ORIENTED_EDGE ( 'NONE', *, *, #1255, .T. ) ;
#1269 = CARTESIAN_POINT ( 'NONE',  ( 0.6243201680307598500, 3.832716322901234700, 11.09999999999999800 ) ) ;
#1270 = CARTESIAN_POINT ( 'NONE',  ( -0.5600966179227666600, 3.441782203133338500, 10.98999999999999500 ) ) ;
#1271 = CARTESIAN_POINT ( 'NONE',  ( -0.6184065810132406400, 2.808556902386627900, 11.09999999999999800 ) ) ;
#1272 = CARTESIAN_POINT ( 'NONE',  ( 0.4252586938712641400, 2.779229209349934200, 10.98999999999999700 ) ) ;
#1273 = EDGE_CURVE ( 'NONE', #1613, #2284, #35, .T. ) ;
#1274 = CARTESIAN_POINT ( 'NONE',  ( -0.7588195602990129900, 3.378875579349696500, 11.10000000000000000 ) ) ;
#1275 = CARTESIAN_POINT ( 'NONE',  ( 0.8401484024499685800, 2.689278809068207400, 11.09999999999999800 ) ) ;
#1276 = CARTESIAN_POINT ( 'NONE',  ( -3.346878500200754400, 3.841181488860383000, 11.04859571291617300 ) ) ;
#1277 = CARTESIAN_POINT ( 'NONE',  ( -0.9783731803789004200, 2.527992846758168700, 10.98999999999999500 ) ) ;
#1278 = CARTESIAN_POINT ( 'NONE',  ( 0.5559282183600419100, 3.056867659402997500, 11.09999999999999800 ) ) ;
#1279 = ADVANCED_FACE ( 'NONE', ( #3275 ), #172, .T. ) ;
#1280 = CARTESIAN_POINT ( 'NONE',  ( -1.210704524954522100, 3.361196390328840000, 10.98999999999999800 ) ) ;
#1281 = ORIENTED_EDGE ( 'NONE', *, *, #1403, .F. ) ;
#1282 = CARTESIAN_POINT ( 'NONE',  ( 0.6602663027170150300, 2.764143355255866300, 10.98999999999999800 ) ) ;
#1283 = CARTESIAN_POINT ( 'NONE',  ( 1.229539239984248000, 3.936887472714856200, 11.09999999999999800 ) ) ;
#1284 = CARTESIAN_POINT ( 'NONE',  ( -0.8711836592472486100, 3.391579686515069800, 10.98999999999999500 ) ) ;
#1285 = CARTESIAN_POINT ( 'NONE',  ( 0.3843032653210650700, 3.166461406764926200, 10.98999999999999800 ) ) ;
#1286 = CARTESIAN_POINT ( 'NONE',  ( 1.054531772985682900, 3.841279367103922000, 8.861479739173429200 ) ) ;
#1287 = CARTESIAN_POINT ( 'NONE',  ( 0.7528436732653879200, 3.378760981436651300, 10.98999999999999500 ) ) ;
#1288 = ORIENTED_EDGE ( 'NONE', *, *, #1710, .T. ) ;
#1289 = FACE_OUTER_BOUND ( 'NONE', #2558, .T. ) ;
#1290 = CARTESIAN_POINT ( 'NONE',  ( -4.180704885107413600, 3.359771601077111900, 10.90165567762784200 ) ) ;
#1291 = CARTESIAN_POINT ( 'NONE',  ( -0.6184065810132406400, 2.808556902386627900, 10.98999999999999800 ) ) ;
#1292 = CARTESIAN_POINT ( 'NONE',  ( 0.6243201680307598500, 3.832716322901234700, 11.09999999999999800 ) ) ;
#1293 = EDGE_LOOP ( 'NONE', ( #1787, #3446, #1288, #2784 ) ) ;
#1294 = LINE ( 'NONE', #757, #3450 ) ;
#1295 = CARTESIAN_POINT ( 'NONE',  ( 1.036776802047276100, 3.484269810391386300, 10.98999999999999500 ) ) ;
#1296 = ORIENTED_EDGE ( 'NONE', *, *, #1501, .T. ) ;
#1297 = VECTOR ( 'NONE', #534, 1000.000000000000100 ) ;
#1298 = CARTESIAN_POINT ( 'NONE',  ( -0.5763653981873229100, 3.181327892350341600, 10.98999999999999500 ) ) ;
#1299 = CARTESIAN_POINT ( 'NONE',  ( 2.755455298081534400E-016, 2.249999999999991600, -11.10000000000000100 ) ) ;
#1300 = EDGE_LOOP ( 'NONE', ( #2857, #1208, #2218, #1162 ) ) ;
#1301 = CARTESIAN_POINT ( 'NONE',  ( -0.1020753698714608100, 2.530528809068207000, 11.09999999999999800 ) ) ;
#1302 = CARTESIAN_POINT ( 'NONE',  ( -1.141268743585456500, 3.429888379809925800, 10.98999999999999300 ) ) ;
#1303 = CARTESIAN_POINT ( 'NONE',  ( -0.5669354015182956900, 2.927503876142737700, 11.09999999999999800 ) ) ;
#1304 = CARTESIAN_POINT ( 'NONE',  ( 0.4422103444142542700, 3.848012067996778600, 11.09999999999999800 ) ) ;
#1305 = B_SPLINE_CURVE_WITH_KNOTS ( 'NONE', 3,
 ( #2160, #2424, #2148, #3561, #1863, #193, #454, #1841, #2972, #1573, #2676, #2959, #1545, #1877, #476, #1032, #1011, #1295, #204 ),
 .UNSPECIFIED., .F., .F.,
 ( 4, 1, 1, 1, 1, 1, 1, 1, 1, 1, 1, 1, 1, 1, 1, 1, 4 ),
 ( 0.0000000000000000000, 0.07371987273263658200, 0.1439469350646623800, 0.2121337470629614000, 0.2779126710089968600, 0.3415670416716498600, 0.4036266198991171900, 0.4648254484449647600, 0.5247067026903506900, 0.5836027846409566100, 0.6422233783217812200, 0.7005237114118643100, 0.7585121053777731400, 0.8169694519404642200, 0.8764192417468090700, 0.9375925707796559600, 1.000000000000000000 ),
 .UNSPECIFIED. ) ;
#1306 = DIRECTION ( 'NONE',  ( 0.0000000000000000000, 0.0000000000000000000, 1.000000000000000000 ) ) ;
#1307 = DATE_AND_TIME ( #2450, #2323 ) ;
#1308 = CARTESIAN_POINT ( 'NONE',  ( -1.247554084421817100, 3.304055035815017600, 10.98999999999999800 ) ) ;
#1309 = CARTESIAN_POINT ( 'NONE',  ( 0.5604379058670707600, 2.968679010749431400, 10.98999999999999500 ) ) ;
#1310 = CARTESIAN_POINT ( 'NONE',  ( -1.062193334966045300, 2.564857336728874100, 11.09999999999999800 ) ) ;
#1311 = CC_DESIGN_PERSON_AND_ORGANIZATION_ASSIGNMENT ( #3146, #2914, ( #1539 ) ) ;
#1312 = CARTESIAN_POINT ( 'NONE',  ( -1.302897151926852200, 2.985824556656354400, 11.10000000000000000 ) ) ;
#1313 = CARTESIAN_POINT ( 'NONE',  ( 0.5556032015571114000, 3.044340192996778600, 10.98999999999999700 ) ) ;
#1314 = CARTESIAN_POINT ( 'NONE',  ( 0.5556032015571114000, 3.044340192996778600, 10.98999999999999700 ) ) ;
#1315 = DIRECTION ( 'NONE',  ( -1.000000000000000000, 0.0000000000000000000, 0.0000000000000000000 ) ) ;
#1316 = ORIENTED_EDGE ( 'NONE', *, *, #2825, .F. ) ;
#1317 = B_SPLINE_CURVE_WITH_KNOTS ( 'NONE', 3,
 ( #3207, #3193, #1511, #1564, #3224, #3512, #3484, #1802, #1830, #2112, #999, #2390, #723, #2678, #1013, #1283, #2364, #3502, #3252 ),
 .UNSPECIFIED., .F., .F.,
 ( 4, 1, 1, 1, 1, 1, 1, 1, 1, 1, 1, 1, 1, 1, 1, 1, 4 ),
 ( 0.0000000000000000000, 0.06157928321146599600, 0.1216513673491545900, 0.1798002949891979700, 0.2372016732920917700, 0.2947802349929344300, 0.3533248806491302600, 0.4125155302863991500, 0.4744335384023565800, 0.5371080680330568800, 0.5992690773798912100, 0.6617504446383801800, 0.7251424845672052000, 0.7902906114042769200, 0.8577513630502868700, 0.9275084289527167900, 1.000000000000000000 ),
 .UNSPECIFIED. ) ;
#1318 = CARTESIAN_POINT ( 'NONE',  ( -0.8426724680857453600, 3.392314523353921400, 10.98999999999999500 ) ) ;
#1319 = CARTESIAN_POINT ( 'NONE',  ( 1.296836896372984200, 2.926528197917742900, 11.09999999999999400 ) ) ;
#1320 = CARTESIAN_POINT ( 'NONE',  ( -0.8401919993357455100, 4.118028809068208700, 11.09999999999999800 ) ) ;
#1321 = CARTESIAN_POINT ( 'NONE',  ( 1.040411317348164800, 3.951660913131407300, 11.09999999999999800 ) ) ;
#1322 = EDGE_CURVE ( 'NONE', #2071, #2912, #2392, .T. ) ;
#1323 = CARTESIAN_POINT ( 'NONE',  ( -1.021389296135396500, 2.543918646667263000, 10.98999999999999800 ) ) ;
#1324 = CARTESIAN_POINT ( 'NONE',  ( -1.023746686835745400, 3.488698451925350300, 11.09999999999999800 ) ) ;
#1325 = CARTESIAN_POINT ( 'NONE',  ( -0.9601893915316388500, 4.075886065384057800, 10.98999999999999800 ) ) ;
#1326 = CARTESIAN_POINT ( 'NONE',  ( 0.4692772780863131400, 4.029384377752948300, 11.09999999999999800 ) ) ;
#1327 = CARTESIAN_POINT ( 'NONE',  ( -1.202795758561447700, 2.693325520477344100, 10.98999999999999500 ) ) ;
#1328 = EDGE_CURVE ( 'NONE', #116, #3177, #2801, .T. ) ;
#1329 = CARTESIAN_POINT ( 'NONE',  ( 1.121690704229081300, 3.075726254113673600, 11.09999999999999800 ) ) ;
#1330 = ORIENTED_EDGE ( 'NONE', *, *, #1716, .F. ) ;
#1331 = CARTESIAN_POINT ( 'NONE',  ( 0.7180248941826465900, 4.075886065384056100, 11.09999999999999800 ) ) ;
#1332 = CARTESIAN_POINT ( 'NONE',  ( -1.111910316707101800, 3.151495128754886000, 10.98999999999999500 ) ) ;
#1333 = CARTESIAN_POINT ( 'NONE',  ( 0.8401484024499685800, 2.507850237639635900, 11.09999999999999400 ) ) ;
#1334 = EDGE_CURVE ( 'NONE', #718, #3219, #2171, .T. ) ;
#1335 = CARTESIAN_POINT ( 'NONE',  ( 0.5558876075991529000, 3.031336490664669800, 10.98999999999999800 ) ) ;
#1336 = CARTESIAN_POINT ( 'NONE',  ( 1.020003590415465600, 3.999586195699461400, 11.09999999999999800 ) ) ;
#1337 = FACE_OUTER_BOUND ( 'NONE', #94, .T. ) ;
#1338 = CARTESIAN_POINT ( 'NONE',  ( -1.293911020393220300, 3.166461406764926600, 11.09999999999999800 ) ) ;
#1339 = CARTESIAN_POINT ( 'NONE',  ( -1.040891710517056100, 3.738849586482319700, 10.98999999999999800 ) ) ;
#1340 = CARTESIAN_POINT ( 'NONE',  ( 0.5565642138644852900, 3.081381506824394800, 10.98999999999999500 ) ) ;
#1341 = ORIENTED_EDGE ( 'NONE', *, *, #2632, .T. ) ;
#1342 = CARTESIAN_POINT ( 'NONE',  ( 0.4436287812412710300, 3.785695865919705300, 10.98999999999999800 ) ) ;
#1343 = FACE_OUTER_BOUND ( 'NONE', #52, .T. ) ;
#1344 = CARTESIAN_POINT ( 'NONE',  ( 1.111099585184891000, 3.148142269087852400, 11.09999999999999800 ) ) ;
#1345 = B_SPLINE_CURVE_WITH_KNOTS ( 'NONE', 3,
 ( #1380, #21, #1636, #2476, #799, #2251, #2743, #255, #577, #2250, #1142 ),
 .UNSPECIFIED., .F., .F.,
 ( 4, 1, 1, 1, 1, 1, 1, 1, 4 ),
 ( 0.0000000000000000000, 0.1130086633576878500, 0.2234471210077719200, 0.3357630953330285600, 0.4572409977117646900, 0.5842199638331534400, 0.7148113151141048900, 0.8519978021403351600, 1.000000000000000000 ),
 .UNSPECIFIED. ) ;
#1346 = EDGE_LOOP ( 'NONE', ( #1923, #3045, #487, #1225 ) ) ;
#1347 = CARTESIAN_POINT ( 'NONE',  ( -1.090613739299394400, 2.868862162125169300, 11.09999999999999800 ) ) ;
#1348 = CARTESIAN_POINT ( 'NONE',  ( -5.000000000000002700, 2.886751345948130000, 11.09999999999999800 ) ) ;
#1349 = CARTESIAN_POINT ( 'NONE',  ( 1.202557627786347000, 2.693411838465792100, 11.09999999999999400 ) ) ;
#1350 = CARTESIAN_POINT ( 'NONE',  ( 0.0000000000000000000, -2.249999999999991600, -11.10000000000000100 ) ) ;
#1351 = ORIENTED_EDGE ( 'NONE', *, *, #2300, .T. ) ;
#1352 = CARTESIAN_POINT ( 'NONE',  ( -0.9783731803789004200, 2.527992846758168700, 11.09999999999999800 ) ) ;
#1353 = CARTESIAN_POINT ( 'NONE',  ( 0.9454320592471469100, 3.368355952270726000, 10.98999999999999500 ) ) ;
#1354 = CARTESIAN_POINT ( 'NONE',  ( -0.7993649469096479900, 4.298187283831161700, 10.98999999999999800 ) ) ;
#1355 = CARTESIAN_POINT ( 'NONE',  ( 0.5247794092958174600, 3.582740964429534700, 10.98999999999999800 ) ) ;
#1356 = CARTESIAN_POINT ( 'NONE',  ( -0.9231076711968592100, 3.591089821096199700, 10.98999999999999700 ) ) ;
#1357 = CARTESIAN_POINT ( 'NONE',  ( 0.8644091424102109400, 3.391588352137921500, 10.98999999999999300 ) ) ;
#1358 = DIRECTION ( 'NONE',  ( 0.0000000000000000000, 0.0000000000000000000, -1.000000000000000000 ) ) ;
#1359 = CARTESIAN_POINT ( 'NONE',  ( 0.8401484024499685800, 2.689278809068207400, 11.09999999999999800 ) ) ;
#1360 = CARTESIAN_POINT ( 'NONE',  ( -0.8522558760489569200, 3.392067524160755200, 10.98999999999999500 ) ) ;
#1361 = CARTESIAN_POINT ( 'NONE',  ( 1.271670625776733400, 2.825106878882725600, 10.98999999999999500 ) ) ;
#1362 = CARTESIAN_POINT ( 'NONE',  ( 0.3924209407658650900, 3.203759112177297900, 11.09999999999999800 ) ) ;
#1363 = CARTESIAN_POINT ( 'NONE',  ( 0.6385598428274104100, 2.786488122536757000, 10.98999999999998600 ) ) ;
#1364 = ORIENTED_EDGE ( 'NONE', *, *, #1779, .F. ) ;
#1365 = APPROVAL ( #3508, 'UNSPECIFIED' ) ;
#1366 = PLANE ( 'NONE',  #3577 ) ;
#1367 = CARTESIAN_POINT ( 'NONE',  ( -1.020779778613724300, 3.317882389967756300, 11.09999999999999400 ) ) ;
#1368 = DIRECTION ( 'NONE',  ( 0.0000000000000000000, 0.0000000000000000000, 1.000000000000000000 ) ) ;
#1369 = DIRECTION ( 'NONE',  ( 0.0000000000000000000, 0.0000000000000000000, 1.000000000000000000 ) ) ;
#1370 = CARTESIAN_POINT ( 'NONE',  ( 0.8401484024499685800, 3.573743094782492900, 8.861479739173429200 ) ) ;
#1371 = B_SPLINE_CURVE_WITH_KNOTS ( 'NONE', 3,
 ( #3195, #2367, #2065, #666, #690, #2660, #985, #1261, #972, #1246, #2620, #1835, #128, #400, #3212, #3184, #2672, #2357, #1538 ),
 .UNSPECIFIED., .F., .F.,
 ( 4, 1, 1, 1, 1, 1, 1, 1, 1, 1, 1, 1, 1, 1, 1, 1, 4 ),
 ( 0.0000000000000000000, 0.07661644186398440500, 0.1501019778427404300, 0.2202688216809069500, 0.2874839089753413700, 0.3529017883972607200, 0.4173384093083831700, 0.4808663602248477400, 0.5438081873258342500, 0.6058545928685131800, 0.6650477569969817100, 0.7220136511215572400, 0.7777891780283641100, 0.8327244795046722100, 0.8871280507559545800, 0.9428557818532609100, 1.000000000000000000 ),
 .UNSPECIFIED. ) ;
#1372 = CARTESIAN_POINT ( 'NONE',  ( -1.060654442417995100, 3.270322636002437600, 10.98999999999999800 ) ) ;
#1373 = CARTESIAN_POINT ( 'NONE',  ( 0.8562315162874492000, 2.508383653686455400, 11.09999999999999800 ) ) ;
#1374 = CARTESIAN_POINT ( 'NONE',  ( 0.5635812807373967700, 3.448539190824851300, 11.10000000000000000 ) ) ;
#1375 = CARTESIAN_POINT ( 'NONE',  ( 0.5120394334351834300, 3.409286724354159600, 11.09999999999999800 ) ) ;
#1376 = ORIENTED_EDGE ( 'NONE', *, *, #1578, .F. ) ;
#1377 = CARTESIAN_POINT ( 'NONE',  ( 0.9976264924929538800, 2.742145193330006500, 10.98999999999999500 ) ) ;
#1378 = CARTESIAN_POINT ( 'NONE',  ( -0.8380658832643167500, 3.573743094782492900, 11.09999999999999600 ) ) ;
#1379 = CARTESIAN_POINT ( 'NONE',  ( -0.6486048258870290600, 4.250047618791763100, 10.98999999999999500 ) ) ;
#1380 = CARTESIAN_POINT ( 'NONE',  ( 0.8401484024499685800, 3.573743094782492900, 11.09999999999999600 ) ) ;
#1381 = EDGE_CURVE ( 'NONE', #2652, #2330, #309, .T. ) ;
#1382 = FACE_OUTER_BOUND ( 'NONE', #2835, .T. ) ;
#1383 = CARTESIAN_POINT ( 'NONE',  ( 1.285967761890570300, 2.874569107523584900, 10.98999999999999500 ) ) ;
#1384 = CARTESIAN_POINT ( 'NONE',  ( 0.7954436153070398900, 4.115581642384268200, 11.10000000000000000 ) ) ;
#1385 = CARTESIAN_POINT ( 'NONE',  ( -1.173622067963642900, 4.106429464397683300, 11.10000000000000000 ) ) ;
#1386 = EDGE_LOOP ( 'NONE', ( #2771, #2159, #1468, #1560 ) ) ;
#1387 = CARTESIAN_POINT ( 'NONE',  ( 0.8879478542829550800, 2.509435564641269200, 10.98999999999999700 ) ) ;
#1388 = VECTOR ( 'NONE', #1921, 1000.000000000000000 ) ;
#1389 = AXIS2_PLACEMENT_3D ( 'NONE', #2322, #385, #653 ) ;
#1390 = CARTESIAN_POINT ( 'NONE',  ( -5.000000000000000900, -2.886751345948127300, 6.899999999999996800 ) ) ;
#1391 = CARTESIAN_POINT ( 'NONE',  ( 0.5604379058670707600, 2.968679010749431400, 11.09999999999999800 ) ) ;
#1392 = ORIENTED_EDGE ( 'NONE', *, *, #1507, .T. ) ;
#1393 = CARTESIAN_POINT ( 'NONE',  ( 0.8969158239008506700, 2.694893812833548000, 10.98999999999999700 ) ) ;
#1394 = FACE_OUTER_BOUND ( 'NONE', #2898, .T. ) ;
#1395 = CARTESIAN_POINT ( 'NONE',  ( 0.8373135810213971900, 4.299457380496778400, 8.861479739173431000 ) ) ;
#1396 = CARTESIAN_POINT ( 'NONE',  ( -0.8409007046928882500, 4.299457380496778400, 10.98999999999999500 ) ) ;
#1397 = ORIENTED_EDGE ( 'NONE', *, *, #1186, .T. ) ;
#1398 = CARTESIAN_POINT ( 'NONE',  ( 1.303838615757205300, 3.051554532906131100, 11.09999999999999800 ) ) ;
#1399 = B_SPLINE_CURVE_WITH_KNOTS ( 'NONE', 3,
 ( #552, #1400, #1954, #2243, #2506, #831, #1347, #565, #802, #3320, #2517, #3020, #245, #844, #2790, #3372, #1681, #1905, #2199 ),
 .UNSPECIFIED., .F., .F.,
 ( 4, 1, 1, 1, 1, 1, 1, 1, 1, 1, 1, 1, 1, 1, 1, 1, 4 ),
 ( 0.0000000000000000000, 0.07687235360389441100, 0.1506033435728517100, 0.2208762735822743000, 0.2883158705187556200, 0.3539522566076095400, 0.4186041066179969100, 0.4819720487176054600, 0.5452475615343715900, 0.6069938136329324800, 0.6658609062344172900, 0.7234209814868144400, 0.7784334887197438300, 0.8335522832980709600, 0.8881375715834199900, 0.9433624489439211800, 1.000000000000000000 ),
 .UNSPECIFIED. ) ;
#1400 = CARTESIAN_POINT ( 'NONE',  ( -1.122326678115132200, 3.031336490664669400, 11.09999999999999800 ) ) ;
#1401 = CARTESIAN_POINT ( 'NONE',  ( 0.6813953020171599200, 4.268493849555403200, 10.98999999999999500 ) ) ;
#1402 = CARTESIAN_POINT ( 'NONE',  ( 0.5247794092958174600, 3.582740964429534700, 11.10000000000000100 ) ) ;
#1403 = EDGE_CURVE ( 'NONE', #2314, #3319, #2089, .T. ) ;
#1404 = CARTESIAN_POINT ( 'NONE',  ( 0.4675097607597634700, 3.361196390328840900, 11.10000000000000000 ) ) ;
#1405 = VECTOR ( 'NONE', #3321, 1000.000000000000000 ) ;
#1406 = CARTESIAN_POINT ( 'NONE',  ( 1.019787280849372900, 2.761656325696176600, 11.10000000000000000 ) ) ;
#1407 = CARTESIAN_POINT ( 'NONE',  ( -0.8236435324260277200, 3.574556288195219100, 10.98999999999999500 ) ) ;
#1408 = CARTESIAN_POINT ( 'NONE',  ( -0.5553602095118518300, 4.171520288981032100, 10.98999999999999800 ) ) ;
#1409 = CARTESIAN_POINT ( 'NONE',  ( -0.5890587517875226500, 3.459411331504061800, 11.09999999999999400 ) ) ;
#1410 = CARTESIAN_POINT ( 'NONE',  ( -0.7174238237057490900, 3.614998148281977300, 10.98999999999999500 ) ) ;
#1411 = CARTESIAN_POINT ( 'NONE',  ( -1.122286067354243900, 3.056867659402997100, 10.98999999999999700 ) ) ;
#1412 = CARTESIAN_POINT ( 'NONE',  ( 0.0000000000000000000, 1.267509437117510200E-015, 6.899999999999996800 ) ) ;
#1413 = ORIENTED_EDGE ( 'NONE', *, *, #1084, .T. ) ;
#1414 = CARTESIAN_POINT ( 'NONE',  ( 0.5120394334351834300, 3.409286724354159600, 10.98999999999999100 ) ) ;
#1415 = CARTESIAN_POINT ( 'NONE',  ( 1.111278884195990000, 2.927503876142738500, 10.98999999999999700 ) ) ;
#1416 = CARTESIAN_POINT ( 'NONE',  ( -0.7545695564660905900, 3.591310740557707200, 11.10000000000000000 ) ) ;
#1417 = CARTESIAN_POINT ( 'NONE',  ( 0.5247794092958174600, 3.582740964429534700, 11.10000000000000100 ) ) ;
#1418 = CARTESIAN_POINT ( 'NONE',  ( 0.6236389158428256000, 3.852973005496779000, 11.09999999999999800 ) ) ;
#1419 = CARTESIAN_POINT ( 'NONE',  ( -1.039654442886874400, 2.786488122536756200, 11.09999999999999800 ) ) ;
#1420 = B_SPLINE_CURVE_WITH_KNOTS ( 'NONE', 3,
 ( #451, #890, #1430, #2561, #600, #2540, #1410, #46, #286, #1668, #3083 ),
 .UNSPECIFIED., .F., .F.,
 ( 4, 1, 1, 1, 1, 1, 1, 1, 4 ),
 ( 0.0000000000000000000, 0.1480021978596648400, 0.2851886848858951100, 0.4157800361668465600, 0.5427590022882353700, 0.6642369046669713800, 0.7765528789922280200, 0.8869913366423121100, 1.000000000000000000 ),
 .UNSPECIFIED. ) ;
#1421 = CARTESIAN_POINT ( 'NONE',  ( -0.5671147005293942800, 3.148142269087852000, 11.09999999999999400 ) ) ;
#1422 = CARTESIAN_POINT ( 'NONE',  ( -1.118223917518835500, 3.117312151309206100, 10.98999999999999700 ) ) ;
#1423 = CARTESIAN_POINT ( 'NONE',  ( -0.8409007046928883600, 4.299457380496778400, 11.10000000000000000 ) ) ;
#1424 = CARTESIAN_POINT ( 'NONE',  ( 0.5120394334351834300, 3.409286724354159600, 11.09999999999999800 ) ) ;
#1425 = VERTEX_POINT ( 'NONE', #2121 ) ;
#1426 = CARTESIAN_POINT ( 'NONE',  ( 1.036776802047276100, 3.484269810391386300, 10.98999999999999500 ) ) ;
#1427 = CARTESIAN_POINT ( 'NONE',  ( -2.074714256722480300, -4.575665857285979900, 11.08944443947661000 ) ) ;
#1428 = CARTESIAN_POINT ( 'NONE',  ( 0.8238284133064504000, 2.508377737319849900, 11.09999999999999800 ) ) ;
#1429 = VECTOR ( 'NONE', #2481, 1000.000000000000000 ) ;
#1430 = CARTESIAN_POINT ( 'NONE',  ( -0.6257052401497649200, 3.786124350368182500, 10.98999999999999500 ) ) ;
#1431 = ORIENTED_EDGE ( 'NONE', *, *, #42, .F. ) ;
#1432 = LINE ( 'NONE', #571, #475 ) ;
#1433 = CARTESIAN_POINT ( 'NONE',  ( -0.8329698572696521100, 3.392070449587197600, 11.09999999999999800 ) ) ;
#1434 = PLANE ( 'NONE',  #3507 ) ;
#1435 = AXIS2_PLACEMENT_3D ( 'NONE', #2707, #2241, #1083 ) ;
#1436 = CARTESIAN_POINT ( 'NONE',  ( 1.062496318517245400, 4.227612095855931800, 10.98999999999999500 ) ) ;
#1437 = VERTEX_POINT ( 'NONE', #3591 ) ;
#1438 = CARTESIAN_POINT ( 'NONE',  ( 1.144702952940101600, 3.421712661309760200, 11.09999999999999800 ) ) ;
#1439 = ORIENTED_EDGE ( 'NONE', *, *, #1825, .F. ) ;
#1440 = DIRECTION ( 'NONE',  ( 0.0000000000000000000, 0.0000000000000000000, 1.000000000000000000 ) ) ;
#1441 = CARTESIAN_POINT ( 'NONE',  ( 0.7961641877791267900, 4.298069048815628800, 11.09999999999999800 ) ) ;
#1442 = CARTESIAN_POINT ( 'NONE',  ( 4.999999999999998200, 0.9839190663465818800, 11.05675885698639500 ) ) ;
#1443 = CARTESIAN_POINT ( 'NONE',  ( 0.8545707532882573800, 3.574556288195219100, 10.98999999999999500 ) ) ;
#1444 = CARTESIAN_POINT ( 'NONE',  ( -0.5598082285147714100, 3.546259320907157800, 10.98999999999999500 ) ) ;
#1445 = EDGE_CURVE ( 'NONE', #1472, #1823, #3330, .T. ) ;
#1446 = CARTESIAN_POINT ( 'NONE',  ( -1.183926537799608700, 3.625410187238375000, 10.98999999999999500 ) ) ;
#1447 = CARTESIAN_POINT ( 'NONE',  ( -0.3746563549988176600, 3.018577949215016000, 10.98999999999999500 ) ) ;
#1448 = DIRECTION ( 'NONE',  ( 1.000000000000000000, 0.0000000000000000000, 0.0000000000000000000 ) ) ;
#1449 = EDGE_CURVE ( 'NONE', #2398, #2627, #758, .T. ) ;
#1450 = EDGE_LOOP ( 'NONE', ( #2866, #913, #346, #2349 ) ) ;
#1451 = CARTESIAN_POINT ( 'NONE',  ( -0.7197277586209196400, 4.074824765153195500, 11.09999999999999800 ) ) ;
#1452 = ORIENTED_EDGE ( 'NONE', *, *, #292, .F. ) ;
#1453 = AXIS2_PLACEMENT_3D ( 'NONE', #492, #2721, #1075 ) ;
#1454 = CARTESIAN_POINT ( 'NONE',  ( 0.3919975604635507800, 2.876753598648022600, 11.09999999999999800 ) ) ;
#1455 = CARTESIAN_POINT ( 'NONE',  ( 0.0000000000000000000, 0.0000000000000000000, 11.09999999999999800 ) ) ;
#1456 = CARTESIAN_POINT ( 'NONE',  ( 1.235960344414254400, 3.840925014425350200, 10.98999999999999500 ) ) ;
#1457 = ORIENTED_EDGE ( 'NONE', *, *, #2132, .T. ) ;
#1458 = CARTESIAN_POINT ( 'NONE',  ( -0.8944393336601310600, 2.694733756089794600, 10.98999999999999700 ) ) ;
#1459 = CARTESIAN_POINT ( 'NONE',  ( -0.7975582480240143200, 4.115239534502714000, 10.98999999999999700 ) ) ;
#1460 = EDGE_CURVE ( 'NONE', #2314, #2071, #348, .T. ) ;
#1461 = CARTESIAN_POINT ( 'NONE',  ( -0.4427717804427487300, 3.820442623383100100, 11.09999999999999800 ) ) ;
#1462 = LINE ( 'NONE', #2158, #422 ) ;
#1463 = DIRECTION ( 'NONE',  ( 0.4999999999999995000, -0.8660254037844389300, 0.0000000000000000000 ) ) ;
#1464 = ORIENTED_EDGE ( 'NONE', *, *, #2107, .F. ) ;
#1465 = CARTESIAN_POINT ( 'NONE',  ( 1.121554129545606600, 2.999161672086136900, 11.09999999999999800 ) ) ;
#1466 = VECTOR ( 'NONE', #1772, 1000.000000000000000 ) ;
#1467 = CARTESIAN_POINT ( 'NONE',  ( 0.7549406778929015300, 4.100472660524406600, 11.09999999999999800 ) ) ;
#1468 = ORIENTED_EDGE ( 'NONE', *, *, #1025, .T. ) ;
#1469 = LINE ( 'NONE', #3241, #216 ) ;
#1470 = CARTESIAN_POINT ( 'NONE',  ( -0.6990842527831043800, 2.528073551232728400, 10.98999999999999500 ) ) ;
#1471 = CARTESIAN_POINT ( 'NONE',  ( -0.7197277586209196400, 4.074824765153195500, 10.98999999999999500 ) ) ;
#1472 = VERTEX_POINT ( 'NONE', #1034 ) ;
#1473 = CARTESIAN_POINT ( 'NONE',  ( 0.6568249895788893500, 2.543918646667260800, 11.09999999999999400 ) ) ;
#1474 = CARTESIAN_POINT ( 'NONE',  ( -1.073008429048876400, 3.513453974541468100, 10.98999999999999800 ) ) ;
#1475 = CARTESIAN_POINT ( 'NONE',  ( 1.303838615757205300, 3.051554532906131100, 10.98999999999999500 ) ) ;
#1476 = CARTESIAN_POINT ( 'NONE',  ( 1.042669829415226800, 3.497166539436382700, 11.09999999999999800 ) ) ;
#1477 = FACE_OUTER_BOUND ( 'NONE', #1300, .T. ) ;
#1478 = ADVANCED_FACE ( 'NONE', ( #2605 ), #3226, .T. ) ;
#1479 = CARTESIAN_POINT ( 'NONE',  ( -1.111612178733641700, 2.933407325813718100, 10.98999999999999800 ) ) ;
#1480 = CARTESIAN_POINT ( 'NONE',  ( -5.000000000000000900, -2.886751345948127300, 10.65341801261479800 ) ) ;
#1481 = CARTESIAN_POINT ( 'NONE',  ( 0.5558876075991529000, 3.031336490664669800, 11.09999999999999800 ) ) ;
#1482 = CARTESIAN_POINT ( 'NONE',  ( 1.122567487271397100, 3.037253139425350100, 8.861479739173429200 ) ) ;
#1483 = CARTESIAN_POINT ( 'NONE',  ( -0.6236825127286025300, 3.841279367103922000, 10.98999999999999500 ) ) ;
#1484 = CARTESIAN_POINT ( 'NONE',  ( -0.8409007046928883600, 4.299457380496778400, 8.861479739173431000 ) ) ;
#1485 = ORIENTED_EDGE ( 'NONE', *, *, #2776, .T. ) ;
#1486 = CARTESIAN_POINT ( 'NONE',  ( 0.5599903681954502300, 3.117312151309205700, 11.10000000000000000 ) ) ;
#1487 = CARTESIAN_POINT ( 'NONE',  ( -0.8380658832643167500, 2.689278809068207400, 10.98999999999999800 ) ) ;
#1488 = CARTESIAN_POINT ( 'NONE',  ( 0.6813953020171599200, 4.268493849555403200, 10.98999999999999500 ) ) ;
#1489 = CARTESIAN_POINT ( 'NONE',  ( -0.4255101166601774100, 2.778555662278969300, 10.98999999999999500 ) ) ;
#1490 = CARTESIAN_POINT ( 'NONE',  ( -0.5880193857817231900, 3.212723621727938900, 11.09999999999999800 ) ) ;
#1491 = CC_DESIGN_APPROVAL ( #1136, ( #2138 ) ) ;
#1492 = CARTESIAN_POINT ( 'NONE',  ( -0.4856980809872308800, 4.065043260645913900, 11.09999999999999800 ) ) ;
#1493 = PLANE ( 'NONE',  #3400 ) ;
#1494 = CARTESIAN_POINT ( 'NONE',  ( 0.5556032015571114000, 3.044340192996778600, 10.98999999999999500 ) ) ;
#1495 = ORIENTED_EDGE ( 'NONE', *, *, #2280, .T. ) ;
#1496 = CARTESIAN_POINT ( 'NONE',  ( 1.208140701327338600, 3.672378189598520600, 11.09999999999999800 ) ) ;
#1497 = CARTESIAN_POINT ( 'NONE',  ( -0.3746563549988176600, 3.018577949215016000, 11.09999999999999800 ) ) ;
#1498 = CARTESIAN_POINT ( 'NONE',  ( 4.999999999999997300, -2.886751345948329400, 10.65341801261493000 ) ) ;
#1499 = CARTESIAN_POINT ( 'NONE',  ( -1.373404076592345200E-015, -5.773502691896258200, 11.09999999999999800 ) ) ;
#1500 = LINE ( 'NONE', #1126, #2039 ) ;
#1501 = EDGE_CURVE ( 'NONE', #2541, #1742, #2489, .T. ) ;
#1502 = CARTESIAN_POINT ( 'NONE',  ( 0.6236389158428257100, 3.852973005496779500, 10.98999999999999800 ) ) ;
#1503 = CARTESIAN_POINT ( 'NONE',  ( -0.5289138978318572700, 4.138377827203647100, 10.98999999999998600 ) ) ;
#1504 = CARTESIAN_POINT ( 'NONE',  ( -1.150419097650001300, 4.141394453623283000, 10.98999999999999500 ) ) ;
#1505 = VERTEX_POINT ( 'NONE', #3011 ) ;
#1506 = VECTOR ( 'NONE', #796, 1000.000000000000000 ) ;
#1507 = EDGE_CURVE ( 'NONE', #3091, #330, #2650, .T. ) ;
#1508 = CARTESIAN_POINT ( 'NONE',  ( 0.7270336708995022200, 3.368897827480139600, 10.98999999999999500 ) ) ;
#1509 = VERTEX_POINT ( 'NONE', #1934 ) ;
#1510 = CARTESIAN_POINT ( 'NONE',  ( 0.8380222863785399300, 4.118028809068207800, 10.98999999999999800 ) ) ;
#1511 = CARTESIAN_POINT ( 'NONE',  ( 0.8788493388046374500, 4.298187283831161700, 11.09999999999999800 ) ) ;
#1512 = AXIS2_PLACEMENT_3D ( 'NONE', #2125, #2410, #1221 ) ;
#1513 = CARTESIAN_POINT ( 'NONE',  ( 0.5407197773543616100, 2.620593281444169300, 11.10000000000000000 ) ) ;
#1514 = VERTEX_POINT ( 'NONE', #2438 ) ;
#1515 = CARTESIAN_POINT ( 'NONE',  ( -0.7079571625554455000, 3.354318855201789500, 10.98999999999999300 ) ) ;
#1516 = CARTESIAN_POINT ( 'NONE',  ( 0.6813953020171599200, 4.268493849555403200, 11.09999999999999400 ) ) ;
#1517 = CARTESIAN_POINT ( 'NONE',  ( -0.1020753698714608100, 2.779993094782492700, 11.09999999999999800 ) ) ;
#1518 = CARTESIAN_POINT ( 'NONE',  ( -0.4432179427098428800, 3.889605646518361900, 11.09999999999999800 ) ) ;
#1519 = CARTESIAN_POINT ( 'NONE',  ( -1.064448089049276200, 4.228961355319060400, 10.98999999999999800 ) ) ;
#1520 = CARTESIAN_POINT ( 'NONE',  ( 1.303838615757205300, 3.051554532906131100, 11.09999999999999800 ) ) ;
#1521 = CARTESIAN_POINT ( 'NONE',  ( -0.6197587791468960300, 3.475500103232542300, 10.98999999999999800 ) ) ;
#1522 = CARTESIAN_POINT ( 'NONE',  ( 0.8401484024499685800, 2.507850237639635900, 10.98999999999999500 ) ) ;
#1523 = CARTESIAN_POINT ( 'NONE',  ( -1.023746686835745400, 3.488698451925350300, 8.861479739173429200 ) ) ;
#1524 = CARTESIAN_POINT ( 'NONE',  ( -1.234571052918079000E-015, -5.773502691896258200, 10.65341801261479800 ) ) ;
#1525 = CARTESIAN_POINT ( 'NONE',  ( 0.5828262139323223700, 4.203262673880241000, 11.09999999999999400 ) ) ;
#1526 = ORIENTED_EDGE ( 'NONE', *, *, #3345, .T. ) ;
#1527 = CARTESIAN_POINT ( 'NONE',  ( 0.8255034504689937600, 3.574574537859277300, 10.98999999999999800 ) ) ;
#1528 = CARTESIAN_POINT ( 'NONE',  ( -1.302897151926852200, 2.985824556656354400, 10.98999999999999800 ) ) ;
#1529 = EDGE_CURVE ( 'NONE', #1099, #1896, #2231, .T. ) ;
#1530 = CARTESIAN_POINT ( 'NONE',  ( -0.9968189836971250700, 4.268493849555404100, 10.98999999999999500 ) ) ;
#1531 = ADVANCED_FACE ( 'NONE', ( #1343 ), #3125, .T. ) ;
#1532 = CARTESIAN_POINT ( 'NONE',  ( -0.5553602095118518300, 4.171520288981032100, 11.09999999999999800 ) ) ;
#1533 = CARTESIAN_POINT ( 'NONE',  ( -1.304039655585745200, 3.043631487639635800, 10.98999999999999500 ) ) ;
#1534 = DIRECTION ( 'NONE',  ( 0.0000000000000000000, 0.0000000000000000000, 1.000000000000000000 ) ) ;
#1535 = CARTESIAN_POINT ( 'NONE',  ( -0.8093000479058146700, 2.689937862810674500, 11.09999999999999800 ) ) ;
#1536 = CARTESIAN_POINT ( 'NONE',  ( 0.4065907270503204000, 2.826570149929942900, 11.09999999999999800 ) ) ;
#1537 = DIRECTION ( 'NONE',  ( 0.0000000000000000000, 1.000000000000000000, -0.0000000000000000000 ) ) ;
#1538 = CARTESIAN_POINT ( 'NONE',  ( 0.8355418176285400700, 3.392314523353921400, 11.09999999999999800 ) ) ;
#1539 = PRODUCT_DEFINITION_FORMATION_WITH_SPECIFIED_SOURCE ( 'ANY', '', #891, .NOT_KNOWN. ) ;
#1540 = ORIENTED_EDGE ( 'NONE', *, *, #630, .F. ) ;
#1541 = APPLICATION_CONTEXT ( 'configuration controlled 3d designs of mechanical parts and assemblies' ) ;
#1542 = CARTESIAN_POINT ( 'NONE',  ( -0.8409007046928882500, 4.299457380496778400, 11.09999999999999800 ) ) ;
#1543 = CARTESIAN_POINT ( 'NONE',  ( 1.019787280849372900, 2.761656325696176600, 10.98999999999999800 ) ) ;
#1544 = CARTESIAN_POINT ( 'NONE',  ( -0.4425793669729448100, 3.857358525098147700, 11.09999999999999800 ) ) ;
#1545 = CARTESIAN_POINT ( 'NONE',  ( 1.169706372172839800, 3.400061065581184900, 10.98999999999999800 ) ) ;
#1546 = LINE ( 'NONE', #756, #1086 ) ;
#1547 = DIRECTION ( 'NONE',  ( -1.000000000000000000, 0.0000000000000000000, 0.0000000000000000000 ) ) ;
#1548 = CARTESIAN_POINT ( 'NONE',  ( -0.5669354015182956900, 2.927503876142737700, 11.09999999999999800 ) ) ;
#1549 = ORIENTED_EDGE ( 'NONE', *, *, #1897, .F. ) ;
#1550 = CONICAL_SURFACE ( 'NONE', #2894, 5.000000000000000900, 1.047197551196600100 ) ;
#1551 = CARTESIAN_POINT ( 'NONE',  ( 0.6381703831332945500, 3.956924737339597300, 10.98999999999999700 ) ) ;
#1552 = CARTESIAN_POINT ( 'NONE',  ( 0.6226450753774344100, 3.477976391168430500, 10.98999999999999800 ) ) ;
#1553 = CARTESIAN_POINT ( 'NONE',  ( -1.085903094422278900, 3.464302196276433800, 11.09999999999999800 ) ) ;
#1554 = CARTESIAN_POINT ( 'NONE',  ( -0.6584270048649129000, 2.761656325696176600, 11.10000000000000100 ) ) ;
#1555 = EDGE_LOOP ( 'NONE', ( #1540, #350, #559, #2013 ) ) ;
#1556 = B_SPLINE_CURVE_WITH_KNOTS ( 'NONE', 3,
 ( #919, #2573, #2046, #1771, #3152, #1473, #2601, #650, #2853, #626, #2584, #3429, #2846, #3126, #1454, #910, #3141, #974, #416 ),
 .UNSPECIFIED., .F., .F.,
 ( 4, 1, 1, 1, 1, 1, 1, 1, 1, 1, 1, 1, 1, 1, 1, 1, 4 ),
 ( 0.0000000000000000000, 0.06156080855298599200, 0.1209755434655911100, 0.1790044198023129100, 0.2361022912071558400, 0.2936865084281145600, 0.3515149389971912700, 0.4107288913533518900, 0.4721605940995650700, 0.5342271462740512100, 0.5963847742862229400, 0.6587591688778869900, 0.7225448171040364000, 0.7879649993876978200, 0.8555931194776137400, 0.9264406097832231800, 1.000000000000000000 ),
 .UNSPECIFIED. ) ;
#1557 = CIRCLE ( 'NONE', #699, 5.000000000000000900 ) ;
#1558 = CARTESIAN_POINT ( 'NONE',  ( 0.9211891674197162400, 4.099643929567848800, 11.10000000000000000 ) ) ;
#1559 = CARTESIAN_POINT ( 'NONE',  ( 0.5756918966006695500, 3.183751001091313700, 11.09999999999999800 ) ) ;
#1560 = ORIENTED_EDGE ( 'NONE', *, *, #524, .F. ) ;
#1561 = EDGE_CURVE ( 'NONE', #2627, #2538, #590, .T. ) ;
#1562 = CARTESIAN_POINT ( 'NONE',  ( -1.275552861845427500, 3.239111934594098000, 10.98999999999999800 ) ) ;
#1563 = CARTESIAN_POINT ( 'NONE',  ( -0.6199795567920998200, 3.269603737622534600, 10.98999999999999500 ) ) ;
#1564 = CARTESIAN_POINT ( 'NONE',  ( 0.9192394627852815700, 4.292063561421024100, 11.09999999999999400 ) ) ;
#1565 = CARTESIAN_POINT ( 'NONE',  ( -0.9511806148147832200, 3.368897827480139600, 10.98999999999999500 ) ) ;
#1566 = CARTESIAN_POINT ( 'NONE',  ( -0.8380658832643167500, 2.507850237639635900, 11.09999999999999800 ) ) ;
#1567 = CARTESIAN_POINT ( 'NONE',  ( -0.8527108352452916800, 3.574574537859277300, 10.98999999999999800 ) ) ;
#1568 = CALENDAR_DATE ( 2022, 8, 9 ) ;
#1569 = CARTESIAN_POINT ( 'NONE',  ( 0.8259584096653285200, 3.392067524160754700, 10.98999999999999500 ) ) ;
#1570 = CARTESIAN_POINT ( 'NONE',  ( -0.6582106952988198100, 3.999586195699461400, 11.09999999999999800 ) ) ;
#1571 = CARTESIAN_POINT ( 'NONE',  ( -0.7543996629820390900, 2.702162358428016600, 10.98999999999999500 ) ) ;
#1572 = CARTESIAN_POINT ( 'NONE',  ( 0.5663039690071834900, 3.151495128754884700, 11.09999999999999400 ) ) ;
#1573 = CARTESIAN_POINT ( 'NONE',  ( 1.232445325241372300, 3.322533053400383600, 10.98999999999999800 ) ) ;
#1574 = CARTESIAN_POINT ( 'NONE',  ( -0.4065436599375523700, 2.825106878882725600, 11.09999999999999800 ) ) ;
#1575 = CARTESIAN_POINT ( 'NONE',  ( -0.5085079135414453100, 3.400061065581185800, 10.98999999999999500 ) ) ;
#1576 = CARTESIAN_POINT ( 'NONE',  ( 1.052585772661992000, 3.898228681293233400, 11.09999999999999800 ) ) ;
#1577 = ORIENTED_EDGE ( 'NONE', *, *, #38, .F. ) ;
#1578 = EDGE_CURVE ( 'NONE', #2381, #3091, #1168, .T. ) ;
#1579 = CARTESIAN_POINT ( 'NONE',  ( -1.166174852279101600, 3.409286724354157400, 11.09999999999999800 ) ) ;
#1580 = CARTESIAN_POINT ( 'NONE',  ( -1.114633004976888700, 3.448539190824850400, 10.98999999999999300 ) ) ;
#1581 = CARTESIAN_POINT ( 'NONE',  ( -5.000000000000000900, -1.502314598737159600E-015, 11.09999999999999800 ) ) ;
#1582 = CARTESIAN_POINT ( 'NONE',  ( -0.6236825127286025300, 3.841279367103922000, 11.09999999999999800 ) ) ;
#1583 = CARTESIAN_POINT ( 'NONE',  ( 0.8380222863785399300, 4.118028809068207800, 10.98999999999999500 ) ) ;
#1584 = CARTESIAN_POINT ( 'NONE',  ( 0.6236389158428257100, 3.852973005496779500, 10.98999999999999700 ) ) ;
#1585 = CARTESIAN_POINT ( 'NONE',  ( 1.303996058699968400, 3.037607492103921100, 11.09999999999999800 ) ) ;
#1586 = EDGE_CURVE ( 'NONE', #3219, #2235, #1103, .T. ) ;
#1587 = CARTESIAN_POINT ( 'NONE',  ( -1.296300175911464500, 2.929918658675568100, 11.09999999999999400 ) ) ;
#1588 = ORIENTED_EDGE ( 'NONE', *, *, #545, .F. ) ;
#1589 = CARTESIAN_POINT ( 'NONE',  ( -1.303654082752923300, 3.024122769253927900, 11.09999999999999800 ) ) ;
#1590 = CARTESIAN_POINT ( 'NONE',  ( -1.303868302482568600, 3.057931034967372500, 10.98999999999999500 ) ) ;
#1591 = CARTESIAN_POINT ( 'NONE',  ( -0.9232736078213839000, 4.100472660524405700, 10.98999999999999700 ) ) ;
#1592 = CARTESIAN_POINT ( 'NONE',  ( 1.054531772985682900, 3.841279367103922000, 10.98999999999999500 ) ) ;
#1593 = CLOSED_SHELL ( 'NONE', ( #3189, #2827, #1717, #2948, #1258, #1777, #361, #659, #1732, #2656, #3495, #3154, #1798, #993, #2384, #1478, #2603, #157, #43, #1531, #2856, #345, #1696, #587, #3236, #2842, #372, #712, #2618, #173, #1979, #1150, #3253, #1999, #3169, #695, #2929, #3208, #2906, #1203, #1813, #1279, #3090, #2891, #452, #3513, #2588, #3440, #3402, #2321, #2674, #2546, #2130, #921, #2113, #880, #2272, #426, #1187, #627, #3461, #1747 ) ) ;
#1594 = CARTESIAN_POINT ( 'NONE',  ( 0.8806560376902714500, 4.115239534502714000, 10.98999999999999700 ) ) ;
#1595 = CARTESIAN_POINT ( 'NONE',  ( 0.6373225751972292400, 3.738849586482318400, 11.09999999999999800 ) ) ;
#1596 = FACE_OUTER_BOUND ( 'NONE', #2915, .T. ) ;
#1597 = B_SPLINE_CURVE_WITH_KNOTS ( 'NONE', 3,
 ( #2821, #1134, #24, #3085, #1421, #3387, #1691, #1146, #612, #1984, #2542, #868, #1996, #322, #2278, #602, #883, #1433, #1729 ),
 .UNSPECIFIED., .F., .F.,
 ( 4, 1, 1, 1, 1, 1, 1, 1, 1, 1, 1, 1, 1, 1, 1, 1, 4 ),
 ( 0.0000000000000000000, 0.07661644186398440500, 0.1501019778427404600, 0.2202688216809069500, 0.2874839089753414300, 0.3529017883972606600, 0.4173384093083830600, 0.4808663602248477400, 0.5438081873258342500, 0.6058545928685131800, 0.6650477569969817100, 0.7220136511215572400, 0.7777891780283641100, 0.8327244795046722100, 0.8871280507559545800, 0.9428557818532609100, 1.000000000000000000 ),
 .UNSPECIFIED. ) ;
#1598 = CARTESIAN_POINT ( 'NONE',  ( -1.207517951444052800, 3.673560882934337800, 11.10000000000000300 ) ) ;
#1599 = EDGE_LOOP ( 'NONE', ( #1171, #1964, #3475, #1738 ) ) ;
#1600 = CARTESIAN_POINT ( 'NONE',  ( 1.137449140468037400, 2.620734010285415300, 11.09999999999999400 ) ) ;
#1601 = FACE_OUTER_BOUND ( 'NONE', #1346, .T. ) ;
#1602 = CARTESIAN_POINT ( 'NONE',  ( 0.3741746301285400200, 3.043631487639636200, 11.10000000000000000 ) ) ;
#1603 = ORIENTED_EDGE ( 'NONE', *, *, #1760, .T. ) ;
#1604 = CARTESIAN_POINT ( 'NONE',  ( -1.229535405577062200, 2.735053065727922000, 11.09999999999999800 ) ) ;
#1605 = ORIENTED_EDGE ( 'NONE', *, *, #1904, .F. ) ;
#1606 = CARTESIAN_POINT ( 'NONE',  ( -1.202795758561447700, 2.693325520477344100, 10.98999999999999300 ) ) ;
#1607 = CARTESIAN_POINT ( 'NONE',  ( -0.1020753698714608100, 2.530528809068207000, 10.98999999999999700 ) ) ;
#1608 = CARTESIAN_POINT ( 'NONE',  ( -5.000000000000003600, 1.946979287240057100, 10.90037269279391600 ) ) ;
#1609 = CARTESIAN_POINT ( 'NONE',  ( 0.4855814411786674700, 4.068813819707295400, 11.10000000000000000 ) ) ;
#1610 = VERTEX_POINT ( 'NONE', #1390 ) ;
#1611 = CARTESIAN_POINT ( 'NONE',  ( 0.9915908286323488200, 4.040668913566115400, 11.09999999999999800 ) ) ;
#1612 = CARTESIAN_POINT ( 'NONE',  ( 0.8452444284446333200, 3.392070449587197600, 10.98999999999998800 ) ) ;
#1613 = VERTEX_POINT ( 'NONE', #1987 ) ;
#1614 = CARTESIAN_POINT ( 'NONE',  ( 0.0000000000000000000, -2.999999999999997800, 6.899999999999996800 ) ) ;
#1615 = CARTESIAN_POINT ( 'NONE',  ( -0.9232736078213839000, 4.100472660524405700, 10.98999999999999500 ) ) ;
#1616 = CARTESIAN_POINT ( 'NONE',  ( 1.062550778444102000, 2.564985003419147700, 11.09999999999999400 ) ) ;
#1617 = DIRECTION ( 'NONE',  ( 0.0000000000000000000, -0.7071067811865507900, 0.7071067811865441300 ) ) ;
#1618 = CARTESIAN_POINT ( 'NONE',  ( 2.500000000000000000, 4.330127018922194500, 11.09999999999999800 ) ) ;
#1619 = AXIS2_PLACEMENT_3D ( 'NONE', #2068, #154, #2371 ) ;
#1620 = CARTESIAN_POINT ( 'NONE',  ( -1.055569210336851200, 3.477976391168430500, 11.09999999999999800 ) ) ;
#1621 = DIRECTION ( 'NONE',  ( 0.0000000000000000000, 0.0000000000000000000, 1.000000000000000000 ) ) ;
#1622 = CARTESIAN_POINT ( 'NONE',  ( 0.6793361710778053100, 3.338078878092782400, 10.98999999999999800 ) ) ;
#1623 = CARTESIAN_POINT ( 'NONE',  ( -1.091272126321160000, 3.214417206838526800, 11.09999999999999600 ) ) ;
#1624 = CARTESIAN_POINT ( 'NONE',  ( -1.052590593283050800, 3.793956696871944700, 10.98999999999999300 ) ) ;
#1625 = CARTESIAN_POINT ( 'NONE',  ( 1.122271190230002000, 3.050254611289248400, 10.98999999999999000 ) ) ;
#1626 = EDGE_LOOP ( 'NONE', ( #353, #819, #1170, #2689, #983, #2722, #2862, #261 ) ) ;
#1627 = B_SPLINE_CURVE_WITH_KNOTS ( 'NONE', 3,
 ( #1656, #2494, #1931, #2211, #814, #1104, #288, #274 ),
 .UNSPECIFIED., .F., .F.,
 ( 4, 2, 2, 4 ),
 ( 0.002921158011986714200, 0.003648658599403037600, 0.004376159186819361300, 0.005831160361652008800 ),
 .UNSPECIFIED. ) ;
#1628 = CARTESIAN_POINT ( 'NONE',  ( -0.8401919993357454000, 4.118028809068207800, 10.98999999999999800 ) ) ;
#1629 = CARTESIAN_POINT ( 'NONE',  ( -0.5407651452462483000, 2.620734010285415700, 11.09999999999999800 ) ) ;
#1630 = VERTEX_POINT ( 'NONE', #1958 ) ;
#1631 = DIRECTION ( 'NONE',  ( 0.0000000000000000000, 0.0000000000000000000, 1.000000000000000000 ) ) ;
#1632 = CARTESIAN_POINT ( 'NONE',  ( 1.025829206021397200, 3.488698451925350300, 11.09999999999999800 ) ) ;
#1633 = CARTESIAN_POINT ( 'NONE',  ( -1.062193334966045300, 2.564857336728874100, 11.09999999999999800 ) ) ;
#1634 = CARTESIAN_POINT ( 'NONE',  ( 1.038286095663232900, 3.294665809462164100, 10.98999999999999500 ) ) ;
#1635 = CARTESIAN_POINT ( 'NONE',  ( -1.053937676031235800, 3.871245013948907000, 10.98999999999999800 ) ) ;
#1636 = CARTESIAN_POINT ( 'NONE',  ( 0.8830874410998778000, 3.576164180205419800, 11.09999999999999600 ) ) ;
#1637 = EDGE_CURVE ( 'NONE', #1514, #1242, #1965, .T. ) ;
#1638 = CARTESIAN_POINT ( 'NONE',  ( 0.8255034504689937600, 3.574574537859277300, 11.09999999999999800 ) ) ;
#1639 = ORIENTED_EDGE ( 'NONE', *, *, #337, .T. ) ;
#1640 = CARTESIAN_POINT ( 'NONE',  ( 0.8305628152166711900, 2.689519887062307400, 11.10000000000000100 ) ) ;
#1641 = CARTESIAN_POINT ( 'NONE',  ( -0.8827706704072458800, 4.115581642384268200, 10.98999999999999800 ) ) ;
#1642 = CARTESIAN_POINT ( 'NONE',  ( 1.021990128403915200, 2.543814928548189200, 10.98999999999999300 ) ) ;
#1643 = CARTESIAN_POINT ( 'NONE',  ( -1.054575369871459700, 3.852973005496779000, 11.09999999999999800 ) ) ;
#1644 = ORIENTED_EDGE ( 'NONE', *, *, #2755, .F. ) ;
#1645 = CARTESIAN_POINT ( 'NONE',  ( 0.5558876075991529000, 3.031336490664669800, 11.10000000000000100 ) ) ;
#1646 = FACE_OUTER_BOUND ( 'NONE', #2282, .T. ) ;
#1647 = CARTESIAN_POINT ( 'NONE',  ( 0.8498561113098948000, 2.689501222280797200, 11.10000000000000000 ) ) ;
#1648 = CARTESIAN_POINT ( 'NONE',  ( -0.9253706124488971800, 3.378760981436650400, 11.09999999999999400 ) ) ;
#1649 = CARTESIAN_POINT ( 'NONE',  ( -1.054575369871459700, 3.852973005496779000, 11.09999999999999800 ) ) ;
#1650 = VERTEX_POINT ( 'NONE', #3377 ) ;
#1651 = FACE_BOUND ( 'NONE', #170, .T. ) ;
#1652 = DIRECTION ( 'NONE',  ( 0.0000000000000000000, 0.0000000000000000000, 1.000000000000000000 ) ) ;
#1653 = B_SPLINE_CURVE_WITH_KNOTS ( 'NONE', 3,
 ( #575, #18, #3052, #808, #283, #2739, #3597, #239, #3618, #2238, #2194 ),
 .UNSPECIFIED., .F., .F.,
 ( 4, 1, 1, 1, 1, 1, 1, 1, 4 ),
 ( 0.0000000000000000000, 0.1407860507192292800, 0.2711922924771460500, 0.3948205334197659200, 0.5136684054122798700, 0.6302495218871382300, 0.7486352415341561700, 0.8705392223181918100, 1.000000000000000000 ),
 .UNSPECIFIED. ) ;
#1654 = ORIENTED_EDGE ( 'NONE', *, *, #1153, .F. ) ;
#1655 = VECTOR ( 'NONE', #3568, 1000.000000000000000 ) ;
#1656 = CARTESIAN_POINT ( 'NONE',  ( 2.499999999999999600, -4.330127018922194500, 11.09999999999999800 ) ) ;
#1657 = CARTESIAN_POINT ( 'NONE',  ( -1.236003941300031000, 3.848012067996778600, 11.09999999999999800 ) ) ;
#1658 = CARTESIAN_POINT ( 'NONE',  ( 1.171452112151044800, 2.655225130654954100, 11.10000000000000000 ) ) ;
#1659 = EDGE_CURVE ( 'NONE', #435, #8, #2745, .T. ) ;
#1660 = CARTESIAN_POINT ( 'NONE',  ( 0.5923111912920063800, 3.464302196276432400, 10.98999999999998800 ) ) ;
#1661 = ORIENTED_EDGE ( 'NONE', *, *, #2232, .T. ) ;
#1662 = CARTESIAN_POINT ( 'NONE',  ( 0.4154451720275633100, 3.272544233422831600, 11.09999999999999800 ) ) ;
#1663 = DIRECTION ( 'NONE',  ( 0.0000000000000000000, -1.000000000000000000, 7.041719095097278900E-017 ) ) ;
#1664 = CARTESIAN_POINT ( 'NONE',  ( 0.8644091424102109400, 3.391588352137921500, 10.98999999999999800 ) ) ;
#1665 = ORIENTED_EDGE ( 'NONE', *, *, #2686, .F. ) ;
#1666 = CIRCLE ( 'NONE', #1619, 2.999999999999998700 ) ;
#1667 = CARTESIAN_POINT ( 'NONE',  ( 1.169706372172839800, 3.400061065581184900, 11.09999999999999800 ) ) ;
#1668 = CARTESIAN_POINT ( 'NONE',  ( -0.8236435324260277200, 3.574556288195219100, 10.98999999999999500 ) ) ;
#1669 = CARTESIAN_POINT ( 'NONE',  ( -0.4142436072406059900, 3.261533241853796600, 11.10000000000000000 ) ) ;
#1670 = CARTESIAN_POINT ( 'NONE',  ( 0.6465991077996597900, 4.250848728142858400, 10.98999999999999500 ) ) ;
#1671 = CARTESIAN_POINT ( 'NONE',  ( 1.100919423205543300, 2.590674857712705200, 11.10000000000000000 ) ) ;
#1672 = CARTESIAN_POINT ( 'NONE',  ( 0.4306602012924680100, 3.304055035815018000, 11.09999999999999800 ) ) ;
#1673 = CARTESIAN_POINT ( 'NONE',  ( 0.5760015690144350000, 2.900272831366468300, 10.98999999999999300 ) ) ;
#1674 = CARTESIAN_POINT ( 'NONE',  ( 1.040936345562441200, 2.783621255732581500, 10.98999999999999500 ) ) ;
#1675 = CARTESIAN_POINT ( 'NONE',  ( -1.122611084157173900, 3.044340192996778600, 11.09999999999999600 ) ) ;
#1676 = DIRECTION ( 'NONE',  ( 0.0000000000000000000, 0.0000000000000000000, 1.000000000000000000 ) ) ;
#1677 = EDGE_LOOP ( 'NONE', ( #3565, #3037, #1341, #1759 ) ) ;
#1678 = CARTESIAN_POINT ( 'NONE',  ( 1.303531189438924500, 3.078787810749422000, 11.09999999999999800 ) ) ;
#1679 = CARTESIAN_POINT ( 'NONE',  ( -0.8665835578799575600, 2.689996029998484900, 11.09999999999999800 ) ) ;
#1680 = B_SPLINE_CURVE_WITH_KNOTS ( 'NONE', 3,
 ( #3413, #2579, #878, #1169, #2850, #2831, #2549, #3094, #2807, #898, #1178 ),
 .UNSPECIFIED., .F., .F.,
 ( 4, 1, 1, 1, 1, 1, 1, 1, 4 ),
 ( 0.0000000000000000000, 0.1260378091732432800, 0.2459019243914804500, 0.3627067544327671800, 0.4794052259371159900, 0.5986034094528296400, 0.7232798159394655500, 0.8561813915647399400, 1.000000000000000000 ),
 .UNSPECIFIED. ) ;
#1681 = CARTESIAN_POINT ( 'NONE',  ( -0.8665835578799575600, 2.689996029998484900, 11.09999999999999800 ) ) ;
#1682 = CARTESIAN_POINT ( 'NONE',  ( -0.3784553337526113100, 3.118766778876397500, 10.98999999999999500 ) ) ;
#1683 = CARTESIAN_POINT ( 'NONE',  ( -1.124335635977826700, 4.174026752478298800, 11.09999999999999800 ) ) ;
#1684 = CARTESIAN_POINT ( 'NONE',  ( 0.4942877479146762200, 3.625410187238375000, 11.09999999999999800 ) ) ;
#1685 = CARTESIAN_POINT ( 'NONE',  ( -1.236003941300031000, 3.848012067996778600, 10.98999999999999800 ) ) ;
#1686 = CARTESIAN_POINT ( 'NONE',  ( 0.9976264924929538800, 2.742145193330006500, 11.09999999999999800 ) ) ;
#1687 = CARTESIAN_POINT ( 'NONE',  ( -0.6848134774821937900, 3.647773825457081700, 10.98999999999999700 ) ) ;
#1688 = CARTESIAN_POINT ( 'NONE',  ( -0.9968189836971250700, 4.268493849555404100, 11.09999999999999800 ) ) ;
#1689 = CARTESIAN_POINT ( 'NONE',  ( 1.062496318517245400, 4.227612095855931800, 10.98999999999999800 ) ) ;
#1690 = CARTESIAN_POINT ( 'NONE',  ( -1.373404076592345200E-015, -5.773502691896258200, 6.899999999999996800 ) ) ;
#1691 = CARTESIAN_POINT ( 'NONE',  ( -0.5880193857817231900, 3.212723621727938900, 11.09999999999999800 ) ) ;
#1692 = CARTESIAN_POINT ( 'NONE',  ( -0.6197587791468960300, 3.475500103232542300, 10.98999999999999700 ) ) ;
#1693 = CARTESIAN_POINT ( 'NONE',  ( -1.173622067963642900, 4.106429464397683300, 10.98999999999999500 ) ) ;
#1694 = LINE ( 'NONE', #1395, #2531 ) ;
#1695 = CARTESIAN_POINT ( 'NONE',  ( 0.6544675988785400000, 3.488698451925350300, 10.98999999999999100 ) ) ;
#1696 = ADVANCED_FACE ( 'NONE', ( #682 ), #2000, .T. ) ;
#1697 = ORIENTED_EDGE ( 'NONE', *, *, #895, .T. ) ;
#1698 = CARTESIAN_POINT ( 'NONE',  ( -1.304039655585745200, 3.043631487639635800, 11.09999999999999800 ) ) ;
#1699 = VECTOR ( 'NONE', #3467, 1000.000000000000000 ) ;
#1700 = CARTESIAN_POINT ( 'NONE',  ( -0.8380658832643167500, 3.573743094782492900, 10.98999999999999500 ) ) ;
#1701 = CARTESIAN_POINT ( 'NONE',  ( 0.6052058566654090500, 3.513453974541469000, 11.09999999999999800 ) ) ;
#1702 = CARTESIAN_POINT ( 'NONE',  ( 0.8234779706738719600, 4.298990583427367600, 11.10000000000000000 ) ) ;
#1703 = ORIENTED_EDGE ( 'NONE', *, *, #3151, .F. ) ;
#1704 = CARTESIAN_POINT ( 'NONE',  ( -0.4015935295410265600, 3.228492539986735000, 11.09999999999999400 ) ) ;
#1705 = CARTESIAN_POINT ( 'NONE',  ( -0.9955646087213595500, 2.743923215597083400, 10.98999999999999500 ) ) ;
#1706 = B_SPLINE_CURVE_WITH_KNOTS ( 'NONE', 3,
 ( #1172, #933, #925, #656, #1757, #368, #378, #2042, #2317, #2851, #1749 ),
 .UNSPECIFIED., .F., .F.,
 ( 4, 1, 1, 1, 1, 1, 1, 1, 4 ),
 ( 0.0000000000000000000, 0.1130086633576878500, 0.2234471210077719200, 0.3357630953330285600, 0.4572409977117646900, 0.5842199638331534400, 0.7148113151141048900, 0.8519978021403351600, 1.000000000000000000 ),
 .UNSPECIFIED. ) ;
#1707 = EDGE_LOOP ( 'NONE', ( #2683, #1577, #638, #2466 ) ) ;
#1708 = CARTESIAN_POINT ( 'NONE',  ( -1.121650071849799500, 3.081381506824395300, 11.09999999999999600 ) ) ;
#1709 = CARTESIAN_POINT ( 'NONE',  ( 0.8373135810213970800, 4.299457380496778400, 10.98999999999999800 ) ) ;
#1710 = EDGE_CURVE ( 'NONE', #387, #1613, #1432, .T. ) ;
#1711 = CARTESIAN_POINT ( 'NONE',  ( 0.6437700422262356800, 3.485094091247523900, 11.10000000000000000 ) ) ;
#1712 = DATE_AND_TIME ( #1791, #2057 ) ;
#1713 = CARTESIAN_POINT ( 'NONE',  ( -1.060654442417995100, 3.270322636002437600, 10.99000000000000000 ) ) ;
#1714 = CARTESIAN_POINT ( 'NONE',  ( -0.3755158151341083700, 2.981248369538771500, 10.98999999999999500 ) ) ;
#1715 = CARTESIAN_POINT ( 'NONE',  ( 0.6377744588230432900, 3.497087262138151200, 11.09999999999999800 ) ) ;
#1716 = EDGE_CURVE ( 'NONE', #250, #605, #2572, .T. ) ;
#1717 = ADVANCED_FACE ( 'NONE', ( #1090, #994, #1651, #908 ), #2839, .T. ) ;
#1718 = CARTESIAN_POINT ( 'NONE',  ( -0.8944393336601310600, 2.694733756089794600, 11.09999999999999800 ) ) ;
#1719 = AXIS2_PLACEMENT_3D ( 'NONE', #126, #3405, #673 ) ;
#1720 = DIRECTION ( 'NONE',  ( 1.000000000000000000, 0.0000000000000000000, 0.0000000000000000000 ) ) ;
#1721 = CARTESIAN_POINT ( 'NONE',  ( -1.095388071781962800, 4.203262673880241000, 11.09999999999999800 ) ) ;
#1722 = EDGE_LOOP ( 'NONE', ( #3599, #2640, #593, #2441, #966 ) ) ;
#1723 = CARTESIAN_POINT ( 'NONE',  ( 1.172352791118619800, 4.102670055079765500, 11.09999999999999800 ) ) ;
#1724 = ORIENTED_EDGE ( 'NONE', *, *, #1779, .T. ) ;
#1725 = CARTESIAN_POINT ( 'NONE',  ( 1.169706372172839800, 3.400061065581184900, 10.98999999999999700 ) ) ;
#1726 = CARTESIAN_POINT ( 'NONE',  ( 0.6544675988785400000, 3.488698451925350300, 11.09999999999999800 ) ) ;
#1727 = CARTESIAN_POINT ( 'NONE',  ( 0.8373135810213971900, 4.299457380496778400, 10.98999999999999700 ) ) ;
#1728 = ORIENTED_EDGE ( 'NONE', *, *, #3364, .T. ) ;
#1729 = CARTESIAN_POINT ( 'NONE',  ( -0.8426724680857453600, 3.392314523353921400, 11.09999999999999400 ) ) ;
#1730 = CARTESIAN_POINT ( 'NONE',  ( -0.5232012425227812200, 3.583260556701644900, 10.98999999999999500 ) ) ;
#1731 = CARTESIAN_POINT ( 'NONE',  ( 1.192516204727054600, 4.065043260645914800, 10.98999999999999300 ) ) ;
#1732 = ADVANCED_FACE ( 'NONE', ( #2785 ), #920, .F. ) ;
#1733 = EDGE_LOOP ( 'NONE', ( #1439, #1697, #1724, #1871, #1431 ) ) ;
#1734 = PLANE ( 'NONE',  #3077 ) ;
#1735 = EDGE_LOOP ( 'NONE', ( #623, #419, #3104, #1222 ) ) ;
#1736 = FACE_OUTER_BOUND ( 'NONE', #1707, .T. ) ;
#1737 = CARTESIAN_POINT ( 'NONE',  ( -0.5565235814852037600, 3.075726254113675400, 10.98999999999999500 ) ) ;
#1738 = ORIENTED_EDGE ( 'NONE', *, *, #1091, .F. ) ;
#1739 = VECTOR ( 'NONE', #206, 1000.000000000000000 ) ;
#1740 = B_SPLINE_SURFACE_WITH_KNOTS ( 'NONE', 3, 1, ( 
 ( #543, #2213 ),
 ( #3612, #1932 ),
 ( #235, #3336 ),
 ( #790, #3021 ),
 ( #3624, #2495 ),
 ( #2731, #816 ),
 ( #3293, #1598 ),
 ( #2760, #3574 ),
 ( #3349, #1105 ),
 ( #3307, #2174 ),
 ( #3044, #1657 ) ),
 .UNSPECIFIED., .F., .F., .F.,
 ( 4, 1, 1, 1, 1, 1, 1, 1, 4 ),
 ( 2, 2 ),
 ( 0.0000000000000000000, 0.1260378091732432800, 0.2459019243914804500, 0.3627067544327671800, 0.4794052259371159900, 0.5986034094528296400, 0.7232798159394655500, 0.8561813915647399400, 1.000000000000000000 ),
 ( 0.0000000000000000000, 1.000000000000000000 ),
 .UNSPECIFIED. ) ;
#1741 = DIRECTION ( 'NONE',  ( 1.000000000000000000, 0.0000000000000000000, -0.0000000000000000000 ) ) ;
#1742 = VERTEX_POINT ( 'NONE', #2027 ) ;
#1743 = VECTOR ( 'NONE', #2949, 1000.000000000000000 ) ;
#1744 = CARTESIAN_POINT ( 'NONE',  ( 1.036776802047276100, 3.484269810391386300, 11.09999999999999800 ) ) ;
#1745 = ORIENTED_EDGE ( 'NONE', *, *, #1248, .F. ) ;
#1746 = CARTESIAN_POINT ( 'NONE',  ( -2.179844288869871400E-005, 0.05552880906820674400, 10.98999999999999700 ) ) ;
#1747 = ADVANCED_FACE ( 'NONE', ( #2958 ), #2869, .T. ) ;
#1748 = CARTESIAN_POINT ( 'NONE',  ( -0.4065436599375523700, 2.825106878882725600, 11.09999999999999800 ) ) ;
#1749 = CARTESIAN_POINT ( 'NONE',  ( -0.6236825127286025300, 3.841279367103922000, 11.09999999999999800 ) ) ;
#1750 = CARTESIAN_POINT ( 'NONE',  ( 0.3919975604635507800, 2.876753598648022600, 10.98999999999999800 ) ) ;
#1751 = SHAPE_DEFINITION_REPRESENTATION ( #1100, #55 ) ;
#1752 = CARTESIAN_POINT ( 'NONE',  ( -0.4540573916131993000, 3.724325877507182400, 10.98999999999999500 ) ) ;
#1753 = CARTESIAN_POINT ( 'NONE',  ( 1.149300387882428400, 4.138377827203648000, 10.98999999999999500 ) ) ;
#1754 = CARTESIAN_POINT ( 'NONE',  ( -0.6990842527831043800, 2.528073551232728400, 10.98999999999999500 ) ) ;
#1755 = EDGE_CURVE ( 'NONE', #877, #435, #2449, .T. ) ;
#1756 = CARTESIAN_POINT ( 'NONE',  ( 0.4426954307231871200, 3.826700765387793400, 10.98999999999999300 ) ) ;
#1757 = CARTESIAN_POINT ( 'NONE',  ( -0.7174238237057490900, 3.614998148281977300, 11.09999999999999600 ) ) ;
#1758 = CARTESIAN_POINT ( 'NONE',  ( 0.5760015690144350000, 2.900272831366468300, 11.10000000000000100 ) ) ;
#1759 = ORIENTED_EDGE ( 'NONE', *, *, #1273, .F. ) ;
#1760 = EDGE_CURVE ( 'NONE', #877, #1094, #2131, .T. ) ;
#1761 = CARTESIAN_POINT ( 'NONE',  ( -0.8380658832643167500, 2.689278809068207400, 11.09999999999999800 ) ) ;
#1762 = CARTESIAN_POINT ( 'NONE',  ( -0.6523850796928881700, 3.488698451925350300, 8.861479739173429200 ) ) ;
#1763 = CARTESIAN_POINT ( 'NONE',  ( 0.8373135810213970800, 4.299457380496778400, 11.09999999999999800 ) ) ;
#1764 = CARTESIAN_POINT ( 'NONE',  ( 1.263970678473679900, 3.261533241853796600, 10.98999999999999700 ) ) ;
#1765 = CARTESIAN_POINT ( 'NONE',  ( 0.8237221836495456400, 4.117206924916009000, 11.09999999999999800 ) ) ;
#1766 = CARTESIAN_POINT ( 'NONE',  ( -0.4756566579279388200, 2.693411838465792600, 11.10000000000000000 ) ) ;
#1767 = CARTESIAN_POINT ( 'NONE',  ( -0.5556467984428882200, 3.037253139425350100, 11.09999999999999800 ) ) ;
#1768 = CARTESIAN_POINT ( 'NONE',  ( -0.4457689604729130900, 3.322533053400383600, 11.09999999999999800 ) ) ;
#1769 = EDGE_CURVE ( 'NONE', #1425, #1610, #87, .T. ) ;
#1770 = CARTESIAN_POINT ( 'NONE',  ( -0.8283581744043906300, 2.689501222280797200, 11.09999999999999800 ) ) ;
#1771 = CARTESIAN_POINT ( 'NONE',  ( 0.7446414961588572200, 2.516079339317844900, 11.09999999999999400 ) ) ;
#1772 = DIRECTION ( 'NONE',  ( 3.004629197474319000E-016, -1.000000000000000000, 0.0000000000000000000 ) ) ;
#1773 = CARTESIAN_POINT ( 'NONE',  ( 0.5869421593931250000, 3.214417206838525500, 11.09999999999999800 ) ) ;
#1774 = LINE ( 'NONE', #3183, #1036 ) ;
#1775 = CARTESIAN_POINT ( 'NONE',  ( 1.040411317348164800, 3.951660913131407300, 10.98999999999999800 ) ) ;
#1776 = ORIENTED_EDGE ( 'NONE', *, *, #2762, .F. ) ;
#1777 = ADVANCED_FACE ( 'NONE', ( #3047 ), #949, .F. ) ;
#1778 = FACE_OUTER_BOUND ( 'NONE', #3334, .T. ) ;
#1779 = EDGE_CURVE ( 'NONE', #2109, #1953, #4, .T. ) ;
#1780 = CARTESIAN_POINT ( 'NONE',  ( 0.4706963342702325500, 3.673560882934336900, 11.09999999999999800 ) ) ;
#1781 = CARTESIAN_POINT ( 'NONE',  ( -0.6199795567920998200, 3.269603737622534600, 10.98999999999999300 ) ) ;
#1782 = CARTESIAN_POINT ( 'NONE',  ( 0.8788493388046374500, 4.298187283831161700, 10.98999999999999800 ) ) ;
#1783 = ORIENTED_EDGE ( 'NONE', *, *, #38, .T. ) ;
#1784 =( LENGTH_UNIT ( ) NAMED_UNIT ( * ) SI_UNIT ( .MILLI., .METRE. ) );
#1785 = CARTESIAN_POINT ( 'NONE',  ( -0.7203751675178260400, 4.282107682951223500, 10.98999999999999100 ) ) ;
#1786 = DIRECTION ( 'NONE',  ( 0.0000000000000000000, -0.0000000000000000000, -1.000000000000000000 ) ) ;
#1787 = ORIENTED_EDGE ( 'NONE', *, *, #2515, .F. ) ;
#1788 = CARTESIAN_POINT ( 'NONE',  ( -0.4422539413000310400, 3.840925014425350600, 11.09999999999999800 ) ) ;
#1789 = CARTESIAN_POINT ( 'NONE',  ( 1.303996058699968400, 3.037607492103921100, 11.09999999999999800 ) ) ;
#1790 = CARTESIAN_POINT ( 'NONE',  ( 0.8523316003796064200, 4.117092635159863800, 10.98999999999999500 ) ) ;
#1791 = CALENDAR_DATE ( 2022, 8, 9 ) ;
#1792 = CARTESIAN_POINT ( 'NONE',  ( -0.3922465238237146700, 2.874569107523584900, 11.09999999999999800 ) ) ;
#1793 = CARTESIAN_POINT ( 'NONE',  ( 4.999999999999998200, -1.936111936582395300, 10.90265947621494800 ) ) ;
#1794 = CARTESIAN_POINT ( 'NONE',  ( 1.052509045564520100, 3.786124350368182500, 11.09999999999999800 ) ) ;
#1795 = APPLICATION_PROTOCOL_DEFINITION ( 'international standard', 'config_control_design', 1994, #3233 ) ;
#1796 = DIRECTION ( 'NONE',  ( 0.0000000000000000000, 0.0000000000000000000, -1.000000000000000000 ) ) ;
#1797 = CARTESIAN_POINT ( 'NONE',  ( -1.173622067963642900, 4.106429464397683300, 10.98999999999999800 ) ) ;
#1798 = ADVANCED_FACE ( 'NONE', ( #2311, #570 ), #1224, .F. ) ;
#1799 = ORIENTED_EDGE ( 'NONE', *, *, #899, .F. ) ;
#1800 = CARTESIAN_POINT ( 'NONE',  ( 0.6574345071005607300, 3.317882389967755900, 11.09999999999999800 ) ) ;
#1801 = CARTESIAN_POINT ( 'NONE',  ( 1.052585772661992000, 3.898228681293233400, 10.98999999999999800 ) ) ;
#1802 = CARTESIAN_POINT ( 'NONE',  ( 1.062496318517245400, 4.227612095855931800, 11.09999999999999800 ) ) ;
#1803 = DIRECTION ( 'NONE',  ( 1.000000000000000000, 0.0000000000000000000, 0.0000000000000000000 ) ) ;
#1804 = CARTESIAN_POINT ( 'NONE',  ( -0.6612435589817715600, 3.317572998984164000, 11.09999999999999800 ) ) ;
#1805 = CC_DESIGN_PERSON_AND_ORGANIZATION_ASSIGNMENT ( #2880, #679, ( #891 ) ) ;
#1806 = CARTESIAN_POINT ( 'NONE',  ( 0.7551066145174263300, 3.591089821096199700, 10.98999999999999800 ) ) ;
#1807 = CARTESIAN_POINT ( 'NONE',  ( -0.5058614945956649800, 4.102670055079768100, 10.98999999999999100 ) ) ;
#1808 = CARTESIAN_POINT ( 'NONE',  ( -1.031615177914625400, 4.250848728142858400, 10.98999999999999800 ) ) ;
#1809 = CARTESIAN_POINT ( 'NONE',  ( 0.5756918966006695500, 3.183751001091313700, 11.10000000000000300 ) ) ;
#1810 = ORIENTED_EDGE ( 'NONE', *, *, #772, .T. ) ;
#1811 = CARTESIAN_POINT ( 'NONE',  ( -0.5556467984428882200, 3.037253139425350100, 10.98999999999999800 ) ) ;
#1812 = CARTESIAN_POINT ( 'NONE',  ( 1.184821464974580100, 3.625437816364760500, 10.98999999999999000 ) ) ;
#1813 = ADVANCED_FACE ( 'NONE', ( #3376 ), #1493, .T. ) ;
#1814 = CARTESIAN_POINT ( 'NONE',  ( 0.4252586938712641400, 2.779229209349934200, 11.10000000000000000 ) ) ;
#1815 = CARTESIAN_POINT ( 'NONE',  ( 0.4026614238688576700, 3.239111934594097500, 10.98999999999999800 ) ) ;
#1816 = CARTESIAN_POINT ( 'NONE',  ( -0.5763653981873229100, 3.181327892350341600, 11.09999999999999800 ) ) ;
#1817 = CARTESIAN_POINT ( 'NONE',  ( 0.4431702438627201400, 3.896219461739455000, 11.09999999999999800 ) ) ;
#1818 = LINE ( 'NONE', #363, #676 ) ;
#1819 = CARTESIAN_POINT ( 'NONE',  ( 0.9607904620085362400, 3.614998148281977300, 10.98999999999999500 ) ) ;
#1820 = B_SPLINE_CURVE_WITH_KNOTS ( 'NONE', 3,
 ( #1924, #597, #2548, #2511, #267, #315, #2269, #2751, #2219, #1095, #547, #2500, #1947, #822, #2535, #2797, #2765, #860, #1960 ),
 .UNSPECIFIED., .F., .F.,
 ( 4, 1, 1, 1, 1, 1, 1, 1, 1, 1, 1, 1, 1, 1, 1, 1, 4 ),
 ( 0.0000000000000000000, 0.05806926843425561800, 0.1140013034453750000, 0.1697720990707013700, 0.2246749544949091000, 0.2800541501658241900, 0.3369572153142668700, 0.3951125761137120900, 0.4566494824596167300, 0.5191823985913716100, 0.5821657281370282700, 0.6457538253551424700, 0.7109080123294578800, 0.7783413192901063000, 0.8489495059178642200, 0.9228501408925513500, 1.000000000000000000 ),
 .UNSPECIFIED. ) ;
#1821 = DIRECTION ( 'NONE',  ( 1.000000000000000000, 0.0000000000000000000, 0.0000000000000000000 ) ) ;
#1822 = CARTESIAN_POINT ( 'NONE',  ( 0.6365481204403985500, 3.295360726970229900, 11.09999999999999800 ) ) ;
#1823 = VERTEX_POINT ( 'NONE', #371 ) ;
#1824 = FACE_BOUND ( 'NONE', #2498, .T. ) ;
#1825 = EDGE_CURVE ( 'NONE', #2293, #2808, #867, .T. ) ;
#1826 = CARTESIAN_POINT ( 'NONE',  ( 0.6572484496546876500, 3.690305278343404300, 11.09999999999999800 ) ) ;
#1827 = VERTEX_POINT ( 'NONE', #101 ) ;
#1828 = LINE ( 'NONE', #2239, #2315 ) ;
#1829 = CARTESIAN_POINT ( 'NONE',  ( -0.3746830962753607800, 3.078787810749421100, 10.98999999999999500 ) ) ;
#1830 = CARTESIAN_POINT ( 'NONE',  ( 1.093716666108916200, 4.201379318578498000, 11.09999999999999800 ) ) ;
#1831 = EDGE_CURVE ( 'NONE', #2235, #3614, #640, .T. ) ;
#1832 = CARTESIAN_POINT ( 'NONE',  ( 0.5775921592848256600, 2.590806000671619400, 11.09999999999999800 ) ) ;
#1833 = VERTEX_POINT ( 'NONE', #380 ) ;
#1834 = CARTESIAN_POINT ( 'NONE',  ( -5.000000000000002700, 2.886751345948130000, 11.09999999999999800 ) ) ;
#1835 = CARTESIAN_POINT ( 'NONE',  ( 0.9942208527764779800, 3.337594452433262600, 11.09999999999999800 ) ) ;
#1836 = CARTESIAN_POINT ( 'NONE',  ( -0.6805877932213313400, 2.742145193330006500, 10.98999999999999300 ) ) ;
#1837 = PERSON_AND_ORGANIZATION_ROLE ( 'creator' ) ;
#1838 = CARTESIAN_POINT ( 'NONE',  ( -0.5058614945956649800, 4.102670055079768100, 11.10000000000000300 ) ) ;
#1839 = CARTESIAN_POINT ( 'NONE',  ( 0.9495658426291043700, 2.712620927313122500, 10.98999999999999500 ) ) ;
#1840 = LINE ( 'NONE', #2651, #2704 ) ;
#1841 = CARTESIAN_POINT ( 'NONE',  ( 1.263970678473679900, 3.261533241853796600, 10.98999999999999800 ) ) ;
#1842 = CARTESIAN_POINT ( 'NONE',  ( -0.6414374836670092600, 3.484269810391386300, 10.98999999999999500 ) ) ;
#1843 = CARTESIAN_POINT ( 'NONE',  ( -0.7286484430851805100, 2.712620927313122500, 11.09999999999999800 ) ) ;
#1844 = CARTESIAN_POINT ( 'NONE',  ( 0.0000000000000000000, 0.0000000000000000000, 11.09999999999999800 ) ) ;
#1845 = EDGE_CURVE ( 'NONE', #527, #836, #2718, .T. ) ;
#1846 = CARTESIAN_POINT ( 'NONE',  ( 0.6381703831332945500, 3.956924737339597300, 10.98999999999999800 ) ) ;
#1847 = CARTESIAN_POINT ( 'NONE',  ( -1.275552861845427500, 3.239111934594098000, 11.09999999999999800 ) ) ;
#1848 = CARTESIAN_POINT ( 'NONE',  ( -0.5875162990796130000, 2.864103027666710800, 10.98999999999999300 ) ) ;
#1849 = PERSON ( 'UNSPECIFIED', 'UNSPECIFIED', 'UNSPECIFIED', ('UNSPECIFIED'), ('UNSPECIFIED'), ('UNSPECIFIED') ) ;
#1850 = CARTESIAN_POINT ( 'NONE',  ( -0.5598361725627150100, 2.962214966687884300, 10.98999999999999800 ) ) ;
#1851 = CARTESIAN_POINT ( 'NONE',  ( 0.8401484024499685800, 2.689278809068207400, 10.98999999999999800 ) ) ;
#1852 = ORIENTED_EDGE ( 'NONE', *, *, #3014, .T. ) ;
#1853 = CARTESIAN_POINT ( 'NONE',  ( 1.062550778444102000, 2.564985003419147700, 10.98999999999999500 ) ) ;
#1854 = CARTESIAN_POINT ( 'NONE',  ( -1.303532118361113900, 3.085985856656808100, 10.98999999999999800 ) ) ;
#1855 = CARTESIAN_POINT ( 'NONE',  ( -0.5671147005293942800, 3.148142269087852000, 10.98999999999999500 ) ) ;
#1856 = CARTESIAN_POINT ( 'NONE',  ( 1.235960344414254400, 3.840925014425350200, 10.98999999999999000 ) ) ;
#1857 = CARTESIAN_POINT ( 'NONE',  ( 0.0000000000000000000, 0.0000000000000000000, 11.09999999999999800 ) ) ;
#1858 = CARTESIAN_POINT ( 'NONE',  ( 1.443735181952764200, 4.939961795957295000, 11.01834180287623300 ) ) ;
#1859 = CARTESIAN_POINT ( 'NONE',  ( 0.5663039690071834900, 3.151495128754884700, 10.98999999999999500 ) ) ;
#1860 = CARTESIAN_POINT ( 'NONE',  ( 0.4422103444142542700, 3.848012067996778600, 10.98999999999999500 ) ) ;
#1861 = CARTESIAN_POINT ( 'NONE',  ( 1.040411317348164800, 3.951660913131407300, 11.09999999999999800 ) ) ;
#1862 = CARTESIAN_POINT ( 'NONE',  ( 1.102792145555341800, 2.894594043665037500, 10.98999999999999500 ) ) ;
#1863 = CARTESIAN_POINT ( 'NONE',  ( 1.294218452790593800, 3.157004606534853600, 10.98999999999999500 ) ) ;
#1864 = CARTESIAN_POINT ( 'NONE',  ( -0.7436121266946734700, 2.516064858245973500, 11.09999999999999400 ) ) ;
#1865 = CARTESIAN_POINT ( 'NONE',  ( 0.7569952974551579200, 2.702699384954925700, 10.98999999999999800 ) ) ;
#1866 = CARTESIAN_POINT ( 'NONE',  ( 1.042669829415226800, 3.497166539436382700, 11.09999999999999800 ) ) ;
#1867 = VECTOR ( 'NONE', #2749, 1000.000000000000000 ) ;
#1868 = CARTESIAN_POINT ( 'NONE',  ( -0.8380658832643167500, 2.689278809068207400, 11.09999999999999800 ) ) ;
#1869 = CARTESIAN_POINT ( 'NONE',  ( -1.189390887664924800, 3.386488890598089900, 10.98999999999999500 ) ) ;
#1870 = CARTESIAN_POINT ( 'NONE',  ( 0.6007665891587287100, 3.243361380375340700, 10.98999999999999500 ) ) ;
#1871 = ORIENTED_EDGE ( 'NONE', *, *, #956, .F. ) ;
#1872 = CARTESIAN_POINT ( 'NONE',  ( 0.5828262139323223700, 4.203262673880241000, 10.98999999999999300 ) ) ;
#1873 = VECTOR ( 'NONE', #730, 1000.000000000000000 ) ;
#1874 = B_SPLINE_SURFACE_WITH_KNOTS ( 'NONE', 3, 1, ( 
 ( #102, #2919 ),
 ( #1205, #2073 ),
 ( #2098, #3462 ),
 ( #683, #2636 ),
 ( #2604, #922 ),
 ( #1508, #111 ),
 ( #929, #3481 ),
 ( #3179, #967 ),
 ( #3498, #1800 ),
 ( #2085, #662 ),
 ( #2061, #1238 ),
 ( #2050, #2872 ),
 ( #373, #1773 ),
 ( #3204, #1809 ),
 ( #2882, #3166 ),
 ( #1192, #1486 ),
 ( #2616, #939 ),
 ( #2892, #421 ),
 ( #1494, #3473 ) ),
 .UNSPECIFIED., .F., .F., .F.,
 ( 4, 1, 1, 1, 1, 1, 1, 1, 1, 1, 1, 1, 1, 1, 1, 1, 4 ),
 ( 2, 2 ),
 ( 0.0000000000000000000, 0.05771703668670721100, 0.1139944747680077800, 0.1689375842317504000, 0.2241794871235043600, 0.2799688045719304600, 0.3376331636966860000, 0.3970921931266116500, 0.4590418275838770700, 0.5225259007509049900, 0.5861215733290791000, 0.6501023529161029700, 0.7154073102766302900, 0.7827625508401580000, 0.8522752723205725400, 0.9245072986072190300, 1.000000000000000000 ),
 ( 0.0000000000000000000, 1.000000000000000000 ),
 .UNSPECIFIED. ) ;
#1875 = CARTESIAN_POINT ( 'NONE',  ( 0.5599903681954502300, 3.117312151309205700, 11.09999999999999800 ) ) ;
#1876 = ORIENTED_EDGE ( 'NONE', *, *, #375, .F. ) ;
#1877 = CARTESIAN_POINT ( 'NONE',  ( 1.144702952940101600, 3.421712661309760200, 10.98999999999999500 ) ) ;
#1878 = CARTESIAN_POINT ( 'NONE',  ( 0.0000000000000000000, 1.267509437117510200E-015, 6.899999999999996800 ) ) ;
#1879 = CARTESIAN_POINT ( 'NONE',  ( 0.3843032653210650700, 3.166461406764926200, 10.98999999999999300 ) ) ;
#1880 = ORIENTED_EDGE ( 'NONE', *, *, #2407, .F. ) ;
#1881 = CARTESIAN_POINT ( 'NONE',  ( -0.9783731803789004200, 2.527992846758168700, 11.09999999999999400 ) ) ;
#1882 = CC_DESIGN_PERSON_AND_ORGANIZATION_ASSIGNMENT ( #181, #1837, ( #582 ) ) ;
#1883 = DIRECTION ( 'NONE',  ( 0.0000000000000000000, 0.0000000000000000000, 1.000000000000000000 ) ) ;
#1884 = CARTESIAN_POINT ( 'NONE',  ( -1.275552861845427500, 3.239111934594098000, 10.98999999999999300 ) ) ;
#1885 = APPROVAL_DATE_TIME ( #1307, #1365 ) ;
#1886 = CARTESIAN_POINT ( 'NONE',  ( 0.6574345071005607300, 3.317882389967755900, 10.98999999999999500 ) ) ;
#1887 = CARTESIAN_POINT ( 'NONE',  ( -0.7975582480240143200, 4.115239534502714000, 11.09999999999999800 ) ) ;
#1888 = CARTESIAN_POINT ( 'NONE',  ( -0.5754221401589434400, 2.894594043665037000, 10.98999999999999800 ) ) ;
#1889 = CARTESIAN_POINT ( 'NONE',  ( 0.8401484024499685800, 3.573743094782492900, 10.98999999999999500 ) ) ;
#1890 = B_SPLINE_CURVE_WITH_KNOTS ( 'NONE', 3,
 ( #549, #839, #1080, #2740, #2502, #1963, #2767, #1112, #3053, #1408, #1128, #2, #1379, #3068, #253, #3027, #1354, #3356, #1396 ),
 .UNSPECIFIED., .F., .F.,
 ( 4, 1, 1, 1, 1, 1, 1, 1, 1, 1, 1, 1, 1, 1, 1, 1, 4 ),
 ( 0.0000000000000000000, 0.07249157104728321000, 0.1422486369497131300, 0.2097093885957230800, 0.2748575154327946900, 0.3382495553616197100, 0.4007309226201085700, 0.4628919319669431200, 0.5255664615976432000, 0.5874844697136008000, 0.6466751193508697400, 0.7052197650070655100, 0.7627983267079082600, 0.8201997050108020800, 0.8783486326508454000, 0.9384207167885340000, 1.000000000000000000 ),
 .UNSPECIFIED. ) ;
#1891 = CARTESIAN_POINT ( 'NONE',  ( 0.9791300329311813900, 2.528073551232728800, 10.98999999999999800 ) ) ;
#1892 = CARTESIAN_POINT ( 'NONE',  ( -1.020779778613724300, 3.317882389967756300, 10.98999999999999500 ) ) ;
#1893 = CARTESIAN_POINT ( 'NONE',  ( 1.252704169054108300, 2.778555662278969300, 11.09999999999999400 ) ) ;
#1894 = CARTESIAN_POINT ( 'NONE',  ( 0.5760015690144350000, 2.900272831366468300, 10.98999999999999800 ) ) ;
#1895 = CARTESIAN_POINT ( 'NONE',  ( 1.155013043191503600, 3.583260556701645800, 11.09999999999999800 ) ) ;
#1896 = VERTEX_POINT ( 'NONE', #3164 ) ;
#1897 = EDGE_CURVE ( 'NONE', #1049, #330, #2867, .T. ) ;
#1898 = CARTESIAN_POINT ( 'NONE',  ( -1.100622126429459600, 2.590806000671618500, 11.09999999999999800 ) ) ;
#1899 = CARTESIAN_POINT ( 'NONE',  ( -1.210704524954522100, 3.361196390328840000, 10.98999999999999300 ) ) ;
#1900 = CARTESIAN_POINT ( 'NONE',  ( -0.5566601561686787000, 2.999161672086136900, 11.09999999999999800 ) ) ;
#1901 = CARTESIAN_POINT ( 'NONE',  ( 1.020692637068000300, 3.687845631139601300, 10.98999999999999500 ) ) ;
#1902 = EDGE_LOOP ( 'NONE', ( #2811, #1991, #3453, #3550, #979 ) ) ;
#1903 = CARTESIAN_POINT ( 'NONE',  ( 0.9915908286323488200, 4.040668913566115400, 10.98999999999999500 ) ) ;
#1904 = EDGE_CURVE ( 'NONE', #1610, #2109, #1294, .T. ) ;
#1905 = CARTESIAN_POINT ( 'NONE',  ( -0.8476514704976143600, 2.689519887062307400, 11.09999999999999800 ) ) ;
#1906 = CARTESIAN_POINT ( 'NONE',  ( -1.118223917518835500, 3.117312151309206100, 10.98999999999999800 ) ) ;
#1907 = CARTESIAN_POINT ( 'NONE',  ( -0.1020753698714608100, 2.530528809068207000, 8.861479739173429200 ) ) ;
#1908 = CARTESIAN_POINT ( 'NONE',  ( -1.304039655585745400, 3.043631487639636200, 11.09999999999999800 ) ) ;
#1909 = CARTESIAN_POINT ( 'NONE',  ( -0.9988781146364805700, 3.338078878092781500, 10.98999999999999700 ) ) ;
#1910 = EDGE_LOOP ( 'NONE', ( #2732, #649, #3237, #631 ) ) ;
#1911 = CARTESIAN_POINT ( 'NONE',  ( 0.8355418176285400700, 3.392314523353921400, 10.98999999999999500 ) ) ;
#1912 = CARTESIAN_POINT ( 'NONE',  ( 0.7270336708995022200, 3.368897827480139600, 10.98999999999999500 ) ) ;
#1913 = CARTESIAN_POINT ( 'NONE',  ( 0.8830874410998778000, 3.576164180205419800, 10.98999999999999500 ) ) ;
#1914 = CARTESIAN_POINT ( 'NONE',  ( 1.101848887526962500, 3.181327892350340700, 11.09999999999999800 ) ) ;
#1915 = FACE_OUTER_BOUND ( 'NONE', #2965, .T. ) ;
#1916 = B_SPLINE_CURVE_WITH_KNOTS ( 'NONE', 3,
 ( #3451, #1765, #2859, #1467, #3167, #2340, #941, #397, #103, #2354, #641 ),
 .UNSPECIFIED., .F., .F.,
 ( 4, 1, 1, 1, 1, 1, 1, 1, 4 ),
 ( 0.0000000000000000000, 0.1130351272063851300, 0.2235278746164902900, 0.3378129845771890000, 0.4623049740015573400, 0.5908895240527168900, 0.7204964760394689800, 0.8554146289112588600, 1.000000000000000000 ),
 .UNSPECIFIED. ) ;
#1917 = CARTESIAN_POINT ( 'NONE',  ( -1.041666165273886600, 3.295360726970229400, 10.98999999999999500 ) ) ;
#1918 = ORIENTED_EDGE ( 'NONE', *, *, #3600, .T. ) ;
#1919 = CARTESIAN_POINT ( 'NONE',  ( -0.5772948625087425100, 2.590674857712704800, 11.09999999999999800 ) ) ;
#1920 = VECTOR ( 'NONE', #2270, 1000.000000000000000 ) ;
#1921 = DIRECTION ( 'NONE',  ( 0.0000000000000000000, 1.000000000000000000, -0.0000000000000000000 ) ) ;
#1922 = CARTESIAN_POINT ( 'NONE',  ( 0.3741746301285400200, 3.043631487639636200, 11.09999999999999800 ) ) ;
#1923 = ORIENTED_EDGE ( 'NONE', *, *, #3282, .F. ) ;
#1924 = CARTESIAN_POINT ( 'NONE',  ( 0.8401484024499685800, 2.689278809068207400, 11.09999999999999800 ) ) ;
#1925 = ORIENTED_EDGE ( 'NONE', *, *, #2875, .F. ) ;
#1926 = CARTESIAN_POINT ( 'NONE',  ( 1.075683110076430400, 3.242227903075282300, 10.98999999999999500 ) ) ;
#1927 = CARTESIAN_POINT ( 'NONE',  ( -1.095388071781962800, 4.203262673880241000, 11.09999999999999800 ) ) ;
#1928 = EDGE_CURVE ( 'NONE', #3180, #2652, #2275, .T. ) ;
#1929 = ORIENTED_EDGE ( 'NONE', *, *, #3088, .T. ) ;
#1930 = CARTESIAN_POINT ( 'NONE',  ( -0.9936906279832851100, 3.648783547728790200, 10.98999999999999700 ) ) ;
#1931 = CARTESIAN_POINT ( 'NONE',  ( 2.925285743277504100, -4.084588180558417200, 11.08944443947661000 ) ) ;
#1932 = CARTESIAN_POINT ( 'NONE',  ( -1.040439826891241800, 3.497087262138149900, 11.09999999999999800 ) ) ;
#1933 = CARTESIAN_POINT ( 'NONE',  ( 0.8401484024499685800, 2.507850237639635900, 10.98999999999999500 ) ) ;
#1934 = CARTESIAN_POINT ( 'NONE',  ( -5.000000000000002700, 2.886751345948130000, 10.65341801261479700 ) ) ;
#1935 = LINE ( 'NONE', #775, #918 ) ;
#1936 = DIRECTION ( 'NONE',  ( 0.0000000000000000000, 0.0000000000000000000, 1.000000000000000000 ) ) ;
#1937 = CC_DESIGN_PERSON_AND_ORGANIZATION_ASSIGNMENT ( #2147, #132, ( #1539 ) ) ;
#1938 = CARTESIAN_POINT ( 'NONE',  ( 0.9742513121947675700, 2.725777983091162600, 10.98999999999999500 ) ) ;
#1939 = CARTESIAN_POINT ( 'NONE',  ( 1.016970726732513400, 3.317572998984164000, 10.98999999999999500 ) ) ;
#1940 = CARTESIAN_POINT ( 'NONE',  ( 1.118117667791518800, 3.441782203133339400, 11.09999999999999800 ) ) ;
#1941 = B_SPLINE_CURVE_WITH_KNOTS ( 'NONE', 3,
 ( #2599, #645, #2877, #2024, #1195, #1480 ),
 .UNSPECIFIED., .F., .F.,
 ( 4, 2, 4 ),
 ( 0.01847494139187099600, 0.01993550926322097300, 0.02139607713457095100 ),
 .UNSPECIFIED. ) ;
#1942 = CARTESIAN_POINT ( 'NONE',  ( -1.054575369871459700, 3.852973005496779000, 8.861479739173429200 ) ) ;
#1943 = DIRECTION ( 'NONE',  ( -0.0000000000000000000, -0.0000000000000000000, -1.000000000000000000 ) ) ;
#1944 = CARTESIAN_POINT ( 'NONE',  ( -0.8476514704976143600, 2.689519887062307400, 10.98999999999999800 ) ) ;
#1945 = CARTESIAN_POINT ( 'NONE',  ( -0.8380658832643167500, 3.573743094782492900, 11.09999999999999600 ) ) ;
#1946 = CARTESIAN_POINT ( 'NONE',  ( 0.5635812807373967700, 3.448539190824851300, 11.09999999999999800 ) ) ;
#1947 = CARTESIAN_POINT ( 'NONE',  ( 1.090697986634672200, 2.864103027666709900, 11.09999999999999800 ) ) ;
#1948 = CARTESIAN_POINT ( 'NONE',  ( -1.122286067354243900, 3.056867659402997100, 11.09999999999999800 ) ) ;
#1949 = CARTESIAN_POINT ( 'NONE',  ( -1.053937676031235800, 3.871245013948907000, 11.09999999999999800 ) ) ;
#1950 = CARTESIAN_POINT ( 'NONE',  ( 1.213701159392143400, 3.350385268182777000, 11.09999999999999800 ) ) ;
#1951 = EDGE_CURVE ( 'NONE', #2381, #1472, #1462, .T. ) ;
#1952 = CARTESIAN_POINT ( 'NONE',  ( -1.122611084157173900, 3.044340192996778600, 10.98999999999999700 ) ) ;
#1953 = VERTEX_POINT ( 'NONE', #2981 ) ;
#1954 = CARTESIAN_POINT ( 'NONE',  ( -1.121769488191112700, 3.005860478051176600, 11.09999999999999800 ) ) ;
#1955 = CARTESIAN_POINT ( 'NONE',  ( -0.4142436072406059900, 3.261533241853796600, 10.98999999999999700 ) ) ;
#1956 = CARTESIAN_POINT ( 'NONE',  ( 0.7560624785807300600, 4.292525841408477500, 10.98999999999999800 ) ) ;
#1957 = CARTESIAN_POINT ( 'NONE',  ( 0.5617956137346354900, 3.545511615676273400, 11.10000000000000100 ) ) ;
#1958 = CARTESIAN_POINT ( 'NONE',  ( -0.6236825127286025300, 3.841279367103922000, 11.09999999999999800 ) ) ;
#1959 = CARTESIAN_POINT ( 'NONE',  ( 0.6021545689035990900, 2.839444491132630900, 10.98999999999999000 ) ) ;
#1960 = CARTESIAN_POINT ( 'NONE',  ( 1.122567487271397100, 3.037253139425350100, 11.09999999999999400 ) ) ;
#1961 = ORIENTED_EDGE ( 'NONE', *, *, #2832, .T. ) ;
#1962 = CARTESIAN_POINT ( 'NONE',  ( 0.8452444284446333200, 3.392070449587197600, 10.98999999999999500 ) ) ;
#1963 = CARTESIAN_POINT ( 'NONE',  ( -0.4698477676255734500, 4.024665611418283700, 10.98999999999999500 ) ) ;
#1964 = ORIENTED_EDGE ( 'NONE', *, *, #1659, .F. ) ;
#1965 = LINE ( 'NONE', #583, #427 ) ;
#1966 = CARTESIAN_POINT ( 'NONE',  ( -1.054575369871459700, 3.852973005496779000, 11.09999999999999800 ) ) ;
#1967 = CARTESIAN_POINT ( 'NONE',  ( -0.8476514704976143600, 2.689519887062307400, 11.09999999999999800 ) ) ;
#1968 = B_SPLINE_CURVE_WITH_KNOTS ( 'NONE', 3,
 ( #1592, #2706, #2715, #3598, #1901, #2182, #1041, #3301, #1913, #1055, #507 ),
 .UNSPECIFIED., .F., .F.,
 ( 4, 1, 1, 1, 1, 1, 1, 1, 4 ),
 ( 0.0000000000000000000, 0.1480021978596648400, 0.2851886848858951100, 0.4157800361668465600, 0.5427590022882353700, 0.6642369046669713800, 0.7765528789922280200, 0.8869913366423121100, 1.000000000000000000 ),
 .UNSPECIFIED. ) ;
#1969 = ORIENTED_EDGE ( 'NONE', *, *, #2887, .F. ) ;
#1970 = LINE ( 'NONE', #2758, #311 ) ;
#1971 = CARTESIAN_POINT ( 'NONE',  ( -0.3784553337526113100, 3.118766778876397500, 11.09999999999999800 ) ) ;
#1972 = CARTESIAN_POINT ( 'NONE',  ( -1.208937007627972400, 4.029384377752949200, 10.98999999999999500 ) ) ;
#1973 = CARTESIAN_POINT ( 'NONE',  ( 0.6052058566654090500, 3.513453974541469000, 10.98999999999999300 ) ) ;
#1974 = EDGE_CURVE ( 'NONE', #749, #2181, #788, .T. ) ;
#1975 = ORIENTED_EDGE ( 'NONE', *, *, #1974, .T. ) ;
#1976 = CARTESIAN_POINT ( 'NONE',  ( 0.9238146227322464600, 2.702162358428016600, 11.09999999999999800 ) ) ;
#1977 = CARTESIAN_POINT ( 'NONE',  ( 1.121690704229081300, 3.075726254113673600, 10.98999999999999500 ) ) ;
#1978 = CARTESIAN_POINT ( 'NONE',  ( -0.9221518071335551600, 4.292525841408476600, 11.09999999999999800 ) ) ;
#1979 = ADVANCED_FACE ( 'NONE', ( #1646 ), #759, .T. ) ;
#1980 = LINE ( 'NONE', #1348, #1405 ) ;
#1981 = CARTESIAN_POINT ( 'NONE',  ( 1.208366518088712200, 4.024665611418283700, 10.98999999999999800 ) ) ;
#1982 = CARTESIAN_POINT ( 'NONE',  ( -1.122326678115132200, 3.031336490664669400, 11.09999999999999800 ) ) ;
#1983 = EDGE_CURVE ( 'NONE', #1472, #1742, #906, .T. ) ;
#1984 = CARTESIAN_POINT ( 'NONE',  ( -0.6399281900510525000, 3.294665809462164100, 11.09999999999999800 ) ) ;
#1985 = CARTESIAN_POINT ( 'NONE',  ( -0.5085079135414453100, 3.400061065581185800, 10.98999999999999500 ) ) ;
#1986 = CARTESIAN_POINT ( 'NONE',  ( -1.150419097650001300, 4.141394453623283000, 10.98999999999999100 ) ) ;
#1987 = CARTESIAN_POINT ( 'NONE',  ( 1.235960344414254600, 3.840925014425350600, 11.09999999999999800 ) ) ;
#1988 = CARTESIAN_POINT ( 'NONE',  ( 0.9742513121947675700, 2.725777983091162600, 11.09999999999999800 ) ) ;
#1989 = CARTESIAN_POINT ( 'NONE',  ( 0.5617956137346354900, 3.545511615676273400, 11.09999999999999800 ) ) ;
#1990 = CARTESIAN_POINT ( 'NONE',  ( 0.7178347629222944200, 4.282461523859112200, 11.09999999999999800 ) ) ;
#1991 = ORIENTED_EDGE ( 'NONE', *, *, #2580, .T. ) ;
#1992 = CARTESIAN_POINT ( 'NONE',  ( 0.9946487068868614700, 4.268270537087092400, 10.98999999999999500 ) ) ;
#1993 = CARTESIAN_POINT ( 'NONE',  ( -0.9719749396091151800, 2.726935906559685200, 10.98999999999999800 ) ) ;
#1994 = B_SPLINE_CURVE_WITH_KNOTS ( 'NONE', 3,
 ( #2115, #3542, #752, #227, #1858, #3299, #2681, #2989 ),
 .UNSPECIFIED., .F., .F.,
 ( 4, 2, 2, 4 ),
 ( 0.002921158011986711200, 0.003648658599403064900, 0.004376159186819418600, 0.005831160361652125100 ),
 .UNSPECIFIED. ) ;
#1995 = VERTEX_POINT ( 'NONE', #2210 ) ;
#1996 = CARTESIAN_POINT ( 'NONE',  ( -0.7079571625554455000, 3.354318855201789500, 11.09999999999999400 ) ) ;
#1997 = CARTESIAN_POINT ( 'NONE',  ( 0.4422103444142542700, 3.848012067996778600, 10.98999999999999500 ) ) ;
#1998 = CARTESIAN_POINT ( 'NONE',  ( -1.040439826891241800, 3.497087262138149900, 10.98999999999999500 ) ) ;
#1999 = ADVANCED_FACE ( 'NONE', ( #722 ), #2019, .T. ) ;
#2000 = B_SPLINE_SURFACE_WITH_KNOTS ( 'NONE', 3, 1, ( 
 ( #63, #1763 ),
 ( #2308, #3119 ),
 ( #334, #887 ),
 ( #356, #2320 ),
 ( #637, #2585 ),
 ( #325, #3422 ),
 ( #3153, #3447 ),
 ( #1436, #2281 ),
 ( #3410, #1166 ),
 ( #2826, #902 ),
 ( #1753, #1176 ),
 ( #604, #1723 ),
 ( #1731, #2556 ),
 ( #71, #2595 ),
 ( #89, #2007 ),
 ( #344, #2290 ),
 ( #615, #2036 ),
 ( #2564, #1183 ),
 ( #78, #896 ) ),
 .UNSPECIFIED., .F., .F., .F.,
 ( 4, 1, 1, 1, 1, 1, 1, 1, 1, 1, 1, 1, 1, 1, 1, 1, 4 ),
 ( 2, 2 ),
 ( 0.0000000000000000000, 0.06157928321146599600, 0.1216513673491545900, 0.1798002949891979700, 0.2372016732920917700, 0.2947802349929344300, 0.3533248806491302600, 0.4125155302863991500, 0.4744335384023565800, 0.5371080680330568800, 0.5992690773798912100, 0.6617504446383801800, 0.7251424845672052000, 0.7902906114042769200, 0.8577513630502868700, 0.9275084289527167900, 1.000000000000000000 ),
 ( 0.0000000000000000000, 1.000000000000000000 ),
 .UNSPECIFIED. ) ;
#2001 = CARTESIAN_POINT ( 'NONE',  ( 0.0000000000000000000, 0.0000000000000000000, 11.09999999999999800 ) ) ;
#2002 = CARTESIAN_POINT ( 'NONE',  ( 0.7446414961588572200, 2.516079339317844900, 10.98999999999999500 ) ) ;
#2003 = ORIENTED_EDGE ( 'NONE', *, *, #3409, .F. ) ;
#2004 = CARTESIAN_POINT ( 'NONE',  ( -0.8665835578799575600, 2.689996029998484900, 10.98999999999999700 ) ) ;
#2005 = CARTESIAN_POINT ( 'NONE',  ( 0.5045922177506428900, 4.106429464397683300, 10.98999999999999800 ) ) ;
#2006 = VECTOR ( 'NONE', #3071, 1000.000000000000000 ) ;
#2007 = CARTESIAN_POINT ( 'NONE',  ( 1.220813970277133000, 3.981964281914802200, 11.10000000000000000 ) ) ;
#2008 = ORIENTED_EDGE ( 'NONE', *, *, #2209, .F. ) ;
#2009 = CARTESIAN_POINT ( 'NONE',  ( 1.122567487271397100, 3.037253139425350100, 11.09999999999999800 ) ) ;
#2010 = VECTOR ( 'NONE', #2189, 1000.000000000000000 ) ;
#2011 = DIRECTION ( 'NONE',  ( 0.0000000000000000000, -1.000000000000000000, 0.0000000000000000000 ) ) ;
#2012 = PLANE ( 'NONE',  #1719 ) ;
#2013 = ORIENTED_EDGE ( 'NONE', *, *, #2152, .F. ) ;
#2014 = EDGE_LOOP ( 'NONE', ( #1703, #2612, #44, #3448 ) ) ;
#2015 = CARTESIAN_POINT ( 'NONE',  ( -0.6378029683661203800, 3.951660913131407300, 10.98999999999999500 ) ) ;
#2016 = ORIENTED_EDGE ( 'NONE', *, *, #2887, .T. ) ;
#2017 = CARTESIAN_POINT ( 'NONE',  ( 0.3741746301285399600, 3.043631487639635800, 10.98999999999999500 ) ) ;
#2018 = CARTESIAN_POINT ( 'NONE',  ( -0.7197277586209196400, 4.074824765153195500, 10.98999999999999500 ) ) ;
#2019 = B_SPLINE_SURFACE_WITH_KNOTS ( 'NONE', 3, 1, ( 
 ( #3318, #219 ),
 ( #1625, #2224 ),
 ( #3346, #1329 ),
 ( #3601, #498 ),
 ( #525, #1344 ),
 ( #2491, #1914 ),
 ( #3029, #3608 ),
 ( #244, #3019 ),
 ( #256, #2197 ),
 ( #2170, #2744 ),
 ( #3056, #3358 ),
 ( #2504, #539 ),
 ( #2477, #811 ),
 ( #3304, #800 ),
 ( #509, #1085 ),
 ( #828, #551 ),
 ( #1357, #1102 ),
 ( #1612, #3583 ),
 ( #3041, #2186 ) ),
 .UNSPECIFIED., .F., .F., .F.,
 ( 4, 1, 1, 1, 1, 1, 1, 1, 1, 1, 1, 1, 1, 1, 1, 1, 4 ),
 ( 2, 2 ),
 ( 0.0000000000000000000, 0.07661644186398440500, 0.1501019778427404300, 0.2202688216809069500, 0.2874839089753413700, 0.3529017883972607200, 0.4173384093083831700, 0.4808663602248477400, 0.5438081873258342500, 0.6058545928685131800, 0.6650477569969817100, 0.7220136511215572400, 0.7777891780283641100, 0.8327244795046722100, 0.8871280507559545800, 0.9428557818532609100, 1.000000000000000000 ),
 ( 0.0000000000000000000, 1.000000000000000000 ),
 .UNSPECIFIED. ) ;
#2020 = CARTESIAN_POINT ( 'NONE',  ( -0.8380658832643167500, 2.507850237639635900, 10.98999999999999700 ) ) ;
#2021 = DIRECTION ( 'NONE',  ( 0.0000000000000000000, 0.0000000000000000000, 1.000000000000000000 ) ) ;
#2022 = FACE_OUTER_BOUND ( 'NONE', #3609, .T. ) ;
#2023 = EDGE_CURVE ( 'NONE', #3012, #1833, #3489, .T. ) ;
#2024 = CARTESIAN_POINT ( 'NONE',  ( -5.000000000000000000, -1.936111936582304500, 10.90265947621496100 ) ) ;
#2025 = CARTESIAN_POINT ( 'NONE',  ( -0.6355444562990584200, 3.497166539436382700, 10.98999999999999500 ) ) ;
#2026 = ORIENTED_EDGE ( 'NONE', *, *, #3414, .F. ) ;
#2027 = CARTESIAN_POINT ( 'NONE',  ( 0.07935320155711062000, 2.530528809068207000, 11.09999999999999800 ) ) ;
#2028 = B_SPLINE_SURFACE_WITH_KNOTS ( 'NONE', 3, 1, ( 
 ( #2864, #105 ),
 ( #2581, #1210 ),
 ( #2055, #66 ),
 ( #2015, #3149 ),
 ( #339, #2590 ),
 ( #915, #2294 ),
 ( #1471, #1451 ),
 ( #3443, #2570 ),
 ( #1459, #2335 ),
 ( #85, #3137 ),
 ( #3172, #3434 ) ),
 .UNSPECIFIED., .F., .F., .F.,
 ( 4, 1, 1, 1, 1, 1, 1, 1, 4 ),
 ( 2, 2 ),
 ( 0.0000000000000000000, 0.1493796652946557900, 0.2882730146876014100, 0.4189426481674580200, 0.5477533895906754300, 0.6704965333015037200, 0.7826636720457524900, 0.8902031582683871400, 1.000000000000000000 ),
 ( 0.0000000000000000000, 1.000000000000000000 ),
 .UNSPECIFIED. ) ;
#2029 = VERTEX_POINT ( 'NONE', #273 ) ;
#2030 = CARTESIAN_POINT ( 'NONE',  ( -0.3813773893413017200, 2.926528197917743800, 10.98999999999999800 ) ) ;
#2031 = CARTESIAN_POINT ( 'NONE',  ( 1.025829206021397200, 3.488698451925350300, 10.98999999999999500 ) ) ;
#2032 = CARTESIAN_POINT ( 'NONE',  ( -0.3746563549988176600, 3.018577949215016000, 10.98999999999999500 ) ) ;
#2033 = CARTESIAN_POINT ( 'NONE',  ( 0.8380222863785399300, 4.118028809068207800, 10.98999999999999800 ) ) ;
#2034 = EDGE_CURVE ( 'NONE', #2571, #605, #3306, .T. ) ;
#2035 = CARTESIAN_POINT ( 'NONE',  ( -0.6523850796928881700, 3.488698451925350300, 11.09999999999999800 ) ) ;
#2036 = CARTESIAN_POINT ( 'NONE',  ( 1.234996343004441700, 3.889605646518361900, 11.09999999999999800 ) ) ;
#2037 = ORIENTED_EDGE ( 'NONE', *, *, #3602, .F. ) ;
#2038 = EDGE_LOOP ( 'NONE', ( #1376, #3504, #3538, #133 ) ) ;
#2039 = VECTOR ( 'NONE', #2236, 1000.000000000000000 ) ;
#2040 = ORIENTED_EDGE ( 'NONE', *, *, #3134, .T. ) ;
#2041 = CARTESIAN_POINT ( 'NONE',  ( -0.3813773893413017200, 2.926528197917743800, 11.10000000000000000 ) ) ;
#2042 = CARTESIAN_POINT ( 'NONE',  ( -0.6375239882357514000, 3.734214790516043400, 11.09999999999999800 ) ) ;
#2043 = CARTESIAN_POINT ( 'NONE',  ( 0.5876005464148907900, 2.868862162125168000, 11.09999999999999400 ) ) ;
#2044 = VERTEX_POINT ( 'NONE', #2462 ) ;
#2045 = VECTOR ( 'NONE', #180, 1000.000000000000000 ) ;
#2046 = CARTESIAN_POINT ( 'NONE',  ( 0.7917573667689389300, 2.509414347494277800, 11.09999999999999800 ) ) ;
#2047 = ORIENTED_EDGE ( 'NONE', *, *, #2287, .F. ) ;
#2048 = LINE ( 'NONE', #1299, #1297 ) ;
#2049 = ORIENTED_EDGE ( 'NONE', *, *, #3111, .F. ) ;
#2050 = CARTESIAN_POINT ( 'NONE',  ( 0.6007665891587287100, 3.243361380375340700, 10.98999999999999500 ) ) ;
#2051 = ORIENTED_EDGE ( 'NONE', *, *, #2386, .T. ) ;
#2052 = CARTESIAN_POINT ( 'NONE',  ( 0.9211891674197162400, 4.099643929567848800, 10.98999999999999800 ) ) ;
#2053 = B_SPLINE_SURFACE_WITH_KNOTS ( 'NONE', 3, 1, ( 
 ( #948, #1542 ),
 ( #719, #2889 ),
 ( #2359, #3234 ),
 ( #1214, #2633 ),
 ( #1785, #963 ),
 ( #3520, #417 ),
 ( #669, #2622 ),
 ( #2082, #3175 ),
 ( #975, #1235 ),
 ( #3187, #3200 ),
 ( #1503, #990 ),
 ( #1807, #1838 ),
 ( #2401, #1492 ),
 ( #3470, #118 ),
 ( #2927, #1252 ),
 ( #437, #155 ),
 ( #3217, #1518 ),
 ( #2899, #2095 ),
 ( #143, #1223 ) ),
 .UNSPECIFIED., .F., .F., .F.,
 ( 4, 1, 1, 1, 1, 1, 1, 1, 1, 1, 1, 1, 1, 1, 1, 1, 4 ),
 ( 2, 2 ),
 ( 0.0000000000000000000, 0.06157928321146599600, 0.1216513673491545900, 0.1798002949891979700, 0.2372016732920917700, 0.2947802349929344300, 0.3533248806491302600, 0.4125155302863991500, 0.4744335384023567500, 0.5371080680330568800, 0.5992690773798914300, 0.6617504446383802900, 0.7251424845672053100, 0.7902906114042769200, 0.8577513630502868700, 0.9275084289527167900, 1.000000000000000000 ),
 ( 0.0000000000000000000, 1.000000000000000000 ),
 .UNSPECIFIED. ) ;
#2054 = CARTESIAN_POINT ( 'NONE',  ( -0.5407651452462483000, 2.620734010285415700, 11.10000000000000000 ) ) ;
#2055 = CARTESIAN_POINT ( 'NONE',  ( -0.6256285130522937200, 3.898228681293233400, 10.98999999999999700 ) ) ;
#2056 = CARTESIAN_POINT ( 'NONE',  ( 0.8512727204127119600, 4.299030532466503000, 10.98999999999999800 ) ) ;
#2057 = LOCAL_TIME ( 7, 54, 35.00000000000000000, #2547 ) ;
#2058 = CARTESIAN_POINT ( 'NONE',  ( 0.0000000000000000000, 1.925929944387235900E-031, -11.10000000000000100 ) ) ;
#2059 = CARTESIAN_POINT ( 'NONE',  ( -0.9221518071335551600, 4.292525841408476600, 10.98999999999999800 ) ) ;
#2060 = CARTESIAN_POINT ( 'NONE',  ( 0.8879478542829550800, 2.509435564641269200, 10.98999999999999800 ) ) ;
#2061 = CARTESIAN_POINT ( 'NONE',  ( 0.6175598432962905400, 3.270322636002435800, 10.98999999999999500 ) ) ;
#2062 = CARTESIAN_POINT ( 'NONE',  ( 0.8401484024499685800, 2.507850237639635900, 11.09999999999999400 ) ) ;
#2063 = CARTESIAN_POINT ( 'NONE',  ( 0.8373135810213971900, 4.299457380496778400, 11.10000000000000000 ) ) ;
#2064 = CARTESIAN_POINT ( 'NONE',  ( -0.6562241573103698700, 2.543814928548189700, 11.09999999999999800 ) ) ;
#2065 = CARTESIAN_POINT ( 'NONE',  ( 1.121690704229081300, 3.075726254113673600, 11.09999999999999400 ) ) ;
#2066 = CARTESIAN_POINT ( 'NONE',  ( 0.8373135810213970800, 4.299457380496778400, 10.98999999999999800 ) ) ;
#2067 = ORIENTED_EDGE ( 'NONE', *, *, #1334, .F. ) ;
#2068 = CARTESIAN_POINT ( 'NONE',  ( 0.0000000000000000000, 1.267509437117510200E-015, 6.899999999999996800 ) ) ;
#2069 = DIRECTION ( 'NONE',  ( -0.0000000000000000000, -0.0000000000000000000, -1.000000000000000000 ) ) ;
#2070 = CARTESIAN_POINT ( 'NONE',  ( -1.229624061461765500, 3.942929108396235000, 10.98999999999999800 ) ) ;
#2071 = VERTEX_POINT ( 'NONE', #1131 ) ;
#2072 = B_SPLINE_SURFACE_WITH_KNOTS ( 'NONE', 3, 1, ( 
 ( #508, #786 ),
 ( #461, #2169 ),
 ( #732, #3582 ),
 ( #2980, #1861 ),
 ( #2684, #2127 ),
 ( #1903, #1611 ),
 ( #473, #3289 ),
 ( #1007, #1558 ),
 ( #1594, #2955 ),
 ( #2422, #743 ),
 ( #1583, #1018 ) ),
 .UNSPECIFIED., .F., .F., .F.,
 ( 4, 1, 1, 1, 1, 1, 1, 1, 4 ),
 ( 2, 2 ),
 ( 0.0000000000000000000, 0.1493796652946557900, 0.2882730146876014100, 0.4189426481674580200, 0.5477533895906754300, 0.6704965333015037200, 0.7826636720457524900, 0.8902031582683871400, 1.000000000000000000 ),
 ( 0.0000000000000000000, 1.000000000000000000 ),
 .UNSPECIFIED. ) ;
#2073 = CARTESIAN_POINT ( 'NONE',  ( 0.8259584096653285200, 3.392067524160754700, 11.09999999999999800 ) ) ;
#2074 = B_SPLINE_SURFACE_WITH_KNOTS ( 'NONE', 3, 1, ( 
 ( #3278, #1585 ),
 ( #3562, #205 ),
 ( #491, #761 ),
 ( #2230, #3625 ),
 ( #13, #3350 ),
 ( #1361, #3063 ),
 ( #301, #3337 ),
 ( #2496, #2793 ),
 ( #2761, #26 ),
 ( #2509, #1658 ),
 ( #817, #544 ),
 ( #1124, #1671 ),
 ( #2246, #569 ),
 ( #1642, #262 ),
 ( #2520, #3613 ),
 ( #555, #833 ),
 ( #1387, #1106 ),
 ( #3075, #1373 ),
 ( #1933, #2214 ) ),
 .UNSPECIFIED., .F., .F., .F.,
 ( 4, 1, 1, 1, 1, 1, 1, 1, 1, 1, 1, 1, 1, 1, 1, 1, 4 ),
 ( 2, 2 ),
 ( 0.0000000000000000000, 0.07248437293855863900, 0.1421900247782591500, 0.2092479436396161000, 0.2744479239677609600, 0.3380258226711698200, 0.4004065324405425300, 0.4630462859810655100, 0.5257231890505670300, 0.5877589997009548000, 0.6472072747036192700, 0.7056043792705030100, 0.7633549404132804500, 0.8210143016334019400, 0.8791787128958347100, 0.9387324439926647600, 1.000000000000000000 ),
 ( 0.0000000000000000000, 1.000000000000000000 ),
 .UNSPECIFIED. ) ;
#2075 = CARTESIAN_POINT ( 'NONE',  ( -1.090613739299394400, 2.868862162125169300, 10.98999999999999800 ) ) ;
#2076 = CARTESIAN_POINT ( 'NONE',  ( -0.6839934329378081200, 3.337594452433262600, 11.10000000000000000 ) ) ;
#2077 = CARTESIAN_POINT ( 'NONE',  ( 0.7961641877791267900, 4.298069048815628800, 11.09999999999999800 ) ) ;
#2078 = EDGE_CURVE ( 'NONE', #250, #2571, #2770, .T. ) ;
#2079 = CARTESIAN_POINT ( 'NONE',  ( 1.040690297478533900, 3.734214790516043400, 10.98999999999999700 ) ) ;
#2080 = EDGE_LOOP ( 'NONE', ( #1020, #2624, #2615, #1639 ) ) ;
#2081 = APPROVAL_STATUS ( 'not_yet_approved' ) ;
#2082 = CARTESIAN_POINT ( 'NONE',  ( -0.6157179671970400800, 4.227612095855930900, 10.98999999999998600 ) ) ;
#2083 = CARTESIAN_POINT ( 'NONE',  ( 0.8562315162874492000, 2.508383653686455400, 10.98999999999999500 ) ) ;
#2084 = EDGE_CURVE ( 'NONE', #936, #2369, #1420, .T. ) ;
#2085 = CARTESIAN_POINT ( 'NONE',  ( 0.6365481204403985500, 3.295360726970229900, 10.98999999999999500 ) ) ;
#2086 = CONICAL_SURFACE ( 'NONE', #27, 5.000000000000000900, 1.047197551196600100 ) ;
#2087 = CARTESIAN_POINT ( 'NONE',  ( -0.7543996629820390900, 2.702162358428016600, 11.09999999999999800 ) ) ;
#2088 = EDGE_LOOP ( 'NONE', ( #2925, #642, #3114, #765 ) ) ;
#2089 = CIRCLE ( 'NONE', #3419, 2.249999999999991600 ) ;
#2090 = DIRECTION ( 'NONE',  ( 0.0000000000000000000, -1.000000000000000000, 0.0000000000000000000 ) ) ;
#2091 = CARTESIAN_POINT ( 'NONE',  ( -0.7902664314313308000, 2.509435564641269200, 11.10000000000000000 ) ) ;
#2092 = CARTESIAN_POINT ( 'NONE',  ( -0.8329698572696521100, 3.392070449587197600, 11.09999999999999800 ) ) ;
#2093 = CARTESIAN_POINT ( 'NONE',  ( 0.5556032015571114000, 3.044340192996778600, 11.09999999999999800 ) ) ;
#2094 = EDGE_LOOP ( 'NONE', ( #1281, #1876 ) ) ;
#2095 = CARTESIAN_POINT ( 'NONE',  ( -0.4425793669729448100, 3.857358525098147700, 11.09999999999999800 ) ) ;
#2096 = CARTESIAN_POINT ( 'NONE',  ( 1.648146632868995100, -4.821944789745368000, 11.10000000000000100 ) ) ;
#2097 = ORIENTED_EDGE ( 'NONE', *, *, #951, .F. ) ;
#2098 = CARTESIAN_POINT ( 'NONE',  ( 0.8070306264670370500, 3.391579686515070700, 10.99000000000000000 ) ) ;
#2099 = CARTESIAN_POINT ( 'NONE',  ( 1.224156894101085900, 3.724325877507183200, 10.98999999999999000 ) ) ;
#2100 = CARTESIAN_POINT ( 'NONE',  ( -0.8711836592472486100, 3.391579686515069800, 11.09999999999999600 ) ) ;
#2101 = DIRECTION ( 'NONE',  ( 0.0000000000000000000, 0.0000000000000000000, 1.000000000000000000 ) ) ;
#2102 = CARTESIAN_POINT ( 'NONE',  ( -0.8426724680857453600, 3.392314523353921400, 11.09999999999999800 ) ) ;
#2103 = CARTESIAN_POINT ( 'NONE',  ( 0.6137661966650094200, 4.228961355319060400, 11.10000000000000100 ) ) ;
#2104 = CARTESIAN_POINT ( 'NONE',  ( 0.9934008082320916500, 3.647773825457081700, 11.10000000000000000 ) ) ;
#2105 =( NAMED_UNIT ( * ) PLANE_ANGLE_UNIT ( ) SI_UNIT ( $, .RADIAN. ) );
#2106 = CARTESIAN_POINT ( 'NONE',  ( -1.296300175911464500, 2.929918658675568100, 10.98999999999999500 ) ) ;
#2107 = EDGE_CURVE ( 'NONE', #2912, #2446, #3416, .T. ) ;
#2108 = CARTESIAN_POINT ( 'NONE',  ( 1.122224891807904300, 3.024375195560053100, 10.98999999999999500 ) ) ;
#2109 = VERTEX_POINT ( 'NONE', #1690 ) ;
#2110 = CARTESIAN_POINT ( 'NONE',  ( -1.299924454178906600, 3.127182775551927500, 10.98999999999999800 ) ) ;
#2111 = CARTESIAN_POINT ( 'NONE',  ( -0.3784553337526113100, 3.118766778876397500, 10.98999999999999500 ) ) ;
#2112 = CARTESIAN_POINT ( 'NONE',  ( 1.122854076202433500, 4.171520288981032100, 11.09999999999999800 ) ) ;
#2113 = ADVANCED_FACE ( 'NONE', ( #164 ), #3223, .T. ) ;
#2114 = CARTESIAN_POINT ( 'NONE',  ( 0.6160209507482399300, 2.564857336728874100, 11.09999999999999800 ) ) ;
#2115 = CARTESIAN_POINT ( 'NONE',  ( 2.500000000000000000, 4.330127018922194500, 11.09999999999999800 ) ) ;
#2116 = CARTESIAN_POINT ( 'NONE',  ( 0.4574920037712106900, 3.987208923903869300, 11.09999999999999400 ) ) ;
#2117 = CARTESIAN_POINT ( 'NONE',  ( -1.122611084157173900, 3.044340192996778600, 8.861479739173429200 ) ) ;
#2118 = CARTESIAN_POINT ( 'NONE',  ( -1.023746686835745400, 3.488698451925350300, 11.09999999999999800 ) ) ;
#2119 = CARTESIAN_POINT ( 'NONE',  ( -1.122286067354243900, 3.056867659402997100, 10.98999999999999500 ) ) ;
#2120 = ORIENTED_EDGE ( 'NONE', *, *, #453, .T. ) ;
#2121 = CARTESIAN_POINT ( 'NONE',  ( -5.000000000000002700, 2.886751345948130000, 6.899999999999996800 ) ) ;
#2122 = CARTESIAN_POINT ( 'NONE',  ( 0.5775921592848256600, 2.590806000671619400, 10.98999999999999500 ) ) ;
#2123 = CARTESIAN_POINT ( 'NONE',  ( 0.4675097607597634700, 3.361196390328840900, 10.98999999999999800 ) ) ;
#2124 = CARTESIAN_POINT ( 'NONE',  ( -1.166174852279101600, 3.409286724354157400, 10.98999999999999300 ) ) ;
#2125 = CARTESIAN_POINT ( 'NONE',  ( 0.0000000000000000000, 0.0000000000000000000, 11.09999999999999800 ) ) ;
#2126 = LINE ( 'NONE', #585, #636 ) ;
#2127 = CARTESIAN_POINT ( 'NONE',  ( 1.020003590415465600, 3.999586195699461400, 11.10000000000000000 ) ) ;
#2128 = CARTESIAN_POINT ( 'NONE',  ( 0.6236389158428257100, 3.852973005496779500, 11.09999999999999800 ) ) ;
#2129 = ORIENTED_EDGE ( 'NONE', *, *, #3203, .T. ) ;
#2130 = ADVANCED_FACE ( 'NONE', ( #940 ), #2028, .T. ) ;
#2131 = LINE ( 'NONE', #1484, #3496 ) ;
#2132 = EDGE_CURVE ( 'NONE', #1249, #3031, #1818, .T. ) ;
#2133 = CARTESIAN_POINT ( 'NONE',  ( 0.6236389158428256000, 3.852973005496779000, 11.09999999999999800 ) ) ;
#2134 = ORIENTED_EDGE ( 'NONE', *, *, #598, .F. ) ;
#2135 = LINE ( 'NONE', #917, #643 ) ;
#2136 = CARTESIAN_POINT ( 'NONE',  ( 0.07935320155711062000, 2.779993094782492700, 10.98999999999999700 ) ) ;
#2137 = CARTESIAN_POINT ( 'NONE',  ( 1.235442505271536500, 3.820442623383100100, 11.09999999999999800 ) ) ;
#2138 = SECURITY_CLASSIFICATION ( '', '', #3469 ) ;
#2139 = CARTESIAN_POINT ( 'NONE',  ( 0.3741746301285399600, 3.043631487639635800, 11.09999999999999800 ) ) ;
#2140 = ORIENTED_EDGE ( 'NONE', *, *, #390, .T. ) ;
#2141 = CARTESIAN_POINT ( 'NONE',  ( 3.673940397442058900E-016, 2.999999999999999100, -10.35000000000000100 ) ) ;
#2142 = CARTESIAN_POINT ( 'NONE',  ( -0.9231076711968592100, 3.591089821096199700, 10.98999999999999800 ) ) ;
#2143 = CARTESIAN_POINT ( 'NONE',  ( -0.5754221401589434400, 2.894594043665037000, 11.09999999999999800 ) ) ;
#2144 = CARTESIAN_POINT ( 'NONE',  ( 0.5277951880642834900, 4.141394453623283000, 11.09999999999999800 ) ) ;
#2145 = CARTESIAN_POINT ( 'NONE',  ( -1.171435888488099800, 2.655272428923390700, 10.98999999999999800 ) ) ;
#2146 = CARTESIAN_POINT ( 'NONE',  ( 0.8070306264670370500, 3.391579686515070700, 11.09999999999999800 ) ) ;
#2147 = PERSON_AND_ORGANIZATION ( #1849, #3292 ) ;
#2148 = CARTESIAN_POINT ( 'NONE',  ( 1.303531189438924500, 3.078787810749422000, 10.98999999999999500 ) ) ;
#2149 = DIRECTION ( 'NONE',  ( 1.000000000000000000, 0.0000000000000000000, 0.0000000000000000000 ) ) ;
#2150 = DIRECTION ( 'NONE',  ( 0.0000000000000000000, -1.000000000000000000, 0.0000000000000000000 ) ) ;
#2151 = CARTESIAN_POINT ( 'NONE',  ( -0.9335727895554284400, 2.516079339317844900, 11.09999999999999800 ) ) ;
#2152 = EDGE_CURVE ( 'NONE', #2912, #2071, #3042, .T. ) ;
#2153 = CARTESIAN_POINT ( 'NONE',  ( -1.252955591843021100, 2.779229209349934200, 10.98999999999999300 ) ) ;
#2154 = CARTESIAN_POINT ( 'NONE',  ( -1.285793344948420200, 3.203759112177297500, 11.09999999999999800 ) ) ;
#2155 = CARTESIAN_POINT ( 'NONE',  ( -0.8401919993357455100, 4.118028809068208700, 10.98999999999999800 ) ) ;
#2156 = CARTESIAN_POINT ( 'NONE',  ( 0.6544675988785400000, 3.488698451925350300, 10.98999999999999800 ) ) ;
#2157 = CARTESIAN_POINT ( 'NONE',  ( -0.8380658832643167500, 2.507850237639635900, 10.98999999999999700 ) ) ;
#2158 = CARTESIAN_POINT ( 'NONE',  ( 0.07935320155711062000, 2.530528809068207000, 10.98999999999999700 ) ) ;
#2159 = ORIENTED_EDGE ( 'NONE', *, *, #2635, .F. ) ;
#2160 = CARTESIAN_POINT ( 'NONE',  ( 1.303996058699968400, 3.037607492103921100, 10.98999999999999500 ) ) ;
#2161 = CARTESIAN_POINT ( 'NONE',  ( 3.504676902604216000E-016, 5.773502691896256400, 6.899999999999996800 ) ) ;
#2162 = AXIS2_PLACEMENT_3D ( 'NONE', #3043, #1358, #1071 ) ;
#2163 = CARTESIAN_POINT ( 'NONE',  ( 0.3924209407658650900, 3.203759112177297900, 10.98999999999999100 ) ) ;
#2164 = CARTESIAN_POINT ( 'NONE',  ( -0.8380658832643167500, 2.507850237639635900, 11.09999999999999800 ) ) ;
#2165 = DIRECTION ( 'NONE',  ( 0.0000000000000000000, 0.0000000000000000000, 1.000000000000000000 ) ) ;
#2166 = CARTESIAN_POINT ( 'NONE',  ( -1.189390887664924800, 3.386488890598089900, 11.10000000000000000 ) ) ;
#2167 = CARTESIAN_POINT ( 'NONE',  ( 0.5756918966006695500, 3.183751001091313700, 10.98999999999999800 ) ) ;
#2168 = CARTESIAN_POINT ( 'NONE',  ( 0.4425351997977922700, 3.864326726171309500, 11.10000000000000000 ) ) ;
#2169 = CARTESIAN_POINT ( 'NONE',  ( 1.053867563921481400, 3.860717313862763500, 11.09999999999999800 ) ) ;
#2170 = CARTESIAN_POINT ( 'NONE',  ( 1.038286095663232900, 3.294665809462164100, 10.98999999999999000 ) ) ;
#2171 = B_SPLINE_CURVE_WITH_KNOTS ( 'NONE', 3,
 ( #408, #1240, #1829, #2111, #442, #998, #3526, #2669, #1012, #2654, #2363, #968, #1575, #2946, #1270, #3206, #1521, #1842, #455 ),
 .UNSPECIFIED., .F., .F.,
 ( 4, 1, 1, 1, 1, 1, 1, 1, 1, 1, 1, 1, 1, 1, 1, 1, 4 ),
 ( 0.0000000000000000000, 0.07371987273263658200, 0.1439469350646625000, 0.2121337470629615100, 0.2779126710089969700, 0.3415670416716498600, 0.4036266198991173000, 0.4648254484449649800, 0.5247067026903506900, 0.5836027846409566100, 0.6422233783217815600, 0.7005237114118642000, 0.7585121053777732500, 0.8169694519404643300, 0.8764192417468093000, 0.9375925707796559600, 1.000000000000000000 ),
 .UNSPECIFIED. ) ;
#2172 = ORIENTED_EDGE ( 'NONE', *, *, #946, .F. ) ;
#2173 = CARTESIAN_POINT ( 'NONE',  ( 0.8380222863785400400, 4.118028809068208700, 11.10000000000000000 ) ) ;
#2174 = CARTESIAN_POINT ( 'NONE',  ( -1.235518854991098000, 3.826700765387793800, 11.09999999999999800 ) ) ;
#2175 = CARTESIAN_POINT ( 'NONE',  ( 0.5556032015571114000, 3.044340192996778600, 10.98999999999999700 ) ) ;
#2176 = CARTESIAN_POINT ( 'NONE',  ( 1.184821464974580100, 3.625437816364760500, 11.09999999999999800 ) ) ;
#2177 = FACE_OUTER_BOUND ( 'NONE', #3182, .T. ) ;
#2178 = CARTESIAN_POINT ( 'NONE',  ( -1.202795758561447700, 2.693325520477344100, 11.09999999999999800 ) ) ;
#2179 = CARTESIAN_POINT ( 'NONE',  ( 0.8401484024499685800, 2.689278809068207400, 8.861479739173429200 ) ) ;
#2180 = CARTESIAN_POINT ( 'NONE',  ( -1.020737025579196100, 4.002880141081536000, 10.98999999999999700 ) ) ;
#2181 = VERTEX_POINT ( 'NONE', #900 ) ;
#2182 = CARTESIAN_POINT ( 'NONE',  ( 0.9934008082320916500, 3.647773825457081700, 10.98999999999999700 ) ) ;
#2183 = CARTESIAN_POINT ( 'NONE',  ( 0.4754185271528373300, 2.693325520477344100, 10.98999999999999800 ) ) ;
#2184 = FACE_OUTER_BOUND ( 'NONE', #3588, .T. ) ;
#2185 = CARTESIAN_POINT ( 'NONE',  ( -0.9335727895554284400, 2.516079339317844900, 10.98999999999999500 ) ) ;
#2186 = CARTESIAN_POINT ( 'NONE',  ( 0.8355418176285400700, 3.392314523353921400, 11.09999999999999800 ) ) ;
#2187 = ORIENTED_EDGE ( 'NONE', *, *, #899, .T. ) ;
#2188 = CARTESIAN_POINT ( 'NONE',  ( -0.3813773893413017200, 2.926528197917743800, 11.09999999999999800 ) ) ;
#2189 = DIRECTION ( 'NONE',  ( 0.0000000000000000000, -1.000000000000000000, 0.0000000000000000000 ) ) ;
#2190 = ORIENTED_EDGE ( 'NONE', *, *, #2152, .T. ) ;
#2191 = CARTESIAN_POINT ( 'NONE',  ( 0.3743459832317173600, 3.057931034967372500, 11.09999999999999800 ) ) ;
#2192 = AXIS2_PLACEMENT_3D ( 'NONE', #1878, #3022, #1033 ) ;
#2193 = CARTESIAN_POINT ( 'NONE',  ( -0.8543858724078349200, 2.508377737319849900, 10.98999999999999300 ) ) ;
#2194 = CARTESIAN_POINT ( 'NONE',  ( -0.6523850796928881700, 3.488698451925350300, 11.09999999999999800 ) ) ;
#2195 = CARTESIAN_POINT ( 'NONE',  ( -0.5598361725627150100, 2.962214966687884300, 11.09999999999999800 ) ) ;
#2196 = CARTESIAN_POINT ( 'NONE',  ( -1.020965836059597900, 3.690305278343403400, 10.98999999999999300 ) ) ;
#2197 = CARTESIAN_POINT ( 'NONE',  ( 1.058234728922185800, 3.269603737622535100, 11.10000000000000000 ) ) ;
#2198 = B_SPLINE_CURVE_WITH_KNOTS ( 'NONE', 3,
 ( #660, #2083, #2060, #2351, #1891, #3534, #1853, #10, #3360, #3072, #3059, #3347, #3623, #528, #1383, #2772, #259, #541, #2746 ),
 .UNSPECIFIED., .F., .F.,
 ( 4, 1, 1, 1, 1, 1, 1, 1, 1, 1, 1, 1, 1, 1, 1, 1, 4 ),
 ( 0.0000000000000000000, 0.06126755600733524400, 0.1208212871041652900, 0.1789856983665980600, 0.2366450595867195500, 0.2943956207294969900, 0.3527927252963807300, 0.4122410002990452000, 0.4742768109494329700, 0.5369537140189344400, 0.5995934675594574200, 0.6619741773288301300, 0.7255520760322390400, 0.7907520563603839300, 0.8578099752217408500, 0.9275156270614413100, 1.000000000000000000 ),
 .UNSPECIFIED. ) ;
#2199 = CARTESIAN_POINT ( 'NONE',  ( -0.8380658832643167500, 2.689278809068207400, 11.09999999999999800 ) ) ;
#2200 = CARTESIAN_POINT ( 'NONE',  ( 0.7311474113022500300, 2.713231921530399500, 10.98999999999999000 ) ) ;
#2201 = CARTESIAN_POINT ( 'NONE',  ( -1.235044041851564700, 3.896219461739455000, 11.09999999999999800 ) ) ;
#2202 = CARTESIAN_POINT ( 'NONE',  ( 1.285967761890570300, 2.874569107523584900, 11.09999999999999800 ) ) ;
#2203 = CARTESIAN_POINT ( 'NONE',  ( 0.3746821673531718400, 3.085985856656808100, 11.09999999999999800 ) ) ;
#2204 = ORIENTED_EDGE ( 'NONE', *, *, #209, .F. ) ;
#2205 = CARTESIAN_POINT ( 'NONE',  ( -0.9783731803789004200, 2.527992846758168700, 10.98999999999999300 ) ) ;
#2206 = CARTESIAN_POINT ( 'NONE',  ( 1.101848887526962500, 3.181327892350340700, 10.98999999999999500 ) ) ;
#2207 = CARTESIAN_POINT ( 'NONE',  ( -1.064448089049276200, 4.228961355319060400, 11.09999999999999800 ) ) ;
#2208 = CARTESIAN_POINT ( 'NONE',  ( 0.07935320155711062000, 2.779993094782492700, 8.861479739173429200 ) ) ;
#2209 = EDGE_CURVE ( 'NONE', #2538, #1630, #1706, .T. ) ;
#2210 = CARTESIAN_POINT ( 'NONE',  ( -1.122611084157173900, 3.044340192996778600, 11.09999999999999600 ) ) ;
#2211 = CARTESIAN_POINT ( 'NONE',  ( 3.346878500200717100, -3.841181488860400300, 11.04859571291617100 ) ) ;
#2212 = CARTESIAN_POINT ( 'NONE',  ( 0.7062393461051703600, 2.726935906559685200, 10.98999999999999000 ) ) ;
#2213 = CARTESIAN_POINT ( 'NONE',  ( -1.023746686835745400, 3.488698451925350300, 11.09999999999999800 ) ) ;
#2214 = CARTESIAN_POINT ( 'NONE',  ( 0.8401484024499685800, 2.507850237639635900, 11.09999999999999800 ) ) ;
#2215 = AXIS2_PLACEMENT_3D ( 'NONE', #3099, #3408, #1720 ) ;
#2216 = CARTESIAN_POINT ( 'NONE',  ( 0.5923111912920063800, 3.464302196276432400, 11.09999999999999600 ) ) ;
#2217 = CARTESIAN_POINT ( 'NONE',  ( 0.5604379058670707600, 2.968679010749431400, 10.98999999999998600 ) ) ;
#2218 = ORIENTED_EDGE ( 'NONE', *, *, #1445, .T. ) ;
#2219 = CARTESIAN_POINT ( 'NONE',  ( 1.019787280849372900, 2.761656325696176600, 11.09999999999999800 ) ) ;
#2220 = CARTESIAN_POINT ( 'NONE',  ( 1.111099585184891000, 3.148142269087852400, 10.98999999999999500 ) ) ;
#2221 = CARTESIAN_POINT ( 'NONE',  ( -1.229624061461765500, 3.942929108396235000, 11.10000000000000100 ) ) ;
#2222 = EDGE_LOOP ( 'NONE', ( #2047, #3425, #671, #3595 ) ) ;
#2223 = CARTESIAN_POINT ( 'NONE',  ( 1.025829206021397200, 3.488698451925350300, 11.09999999999999800 ) ) ;
#2224 = CARTESIAN_POINT ( 'NONE',  ( 1.122271190230002000, 3.050254611289248400, 11.10000000000000000 ) ) ;
#2225 = FACE_OUTER_BOUND ( 'NONE', #414, .T. ) ;
#2226 = B_SPLINE_CURVE_WITH_KNOTS ( 'NONE', 3,
 ( #1911, #1962, #1664, #3342, #2525, #1353, #2473, #3327, #1939, #1634, #269, #1926, #252, #2206, #2220, #2261, #1977, #304, #3393 ),
 .UNSPECIFIED., .F., .F.,
 ( 4, 1, 1, 1, 1, 1, 1, 1, 1, 1, 1, 1, 1, 1, 1, 1, 4 ),
 ( 0.0000000000000000000, 0.05714421814673909000, 0.1128719492440454200, 0.1672755204953277900, 0.2222108219716358900, 0.2779863488784427600, 0.3349522430030182900, 0.3941454071314868200, 0.4561918126741657500, 0.5191336397751522600, 0.5826615906916168300, 0.6470982116027392800, 0.7125160910246586300, 0.7797311783190930000, 0.8498980221572596200, 0.9233835581360155800, 1.000000000000000000 ),
 .UNSPECIFIED. ) ;
#2227 = CARTESIAN_POINT ( 'NONE',  ( 0.8116307278343275500, 2.689996029998484900, 11.09999999999999800 ) ) ;
#2228 = CARTESIAN_POINT ( 'NONE',  ( -1.121650071849799500, 3.081381506824395300, 10.98999999999999500 ) ) ;
#2229 = ORIENTED_EDGE ( 'NONE', *, *, #42, .T. ) ;
#2230 = CARTESIAN_POINT ( 'NONE',  ( 1.296836896372984200, 2.926528197917742900, 10.98999999999999500 ) ) ;
#2231 = LINE ( 'NONE', #780, #1739 ) ;
#2232 = EDGE_CURVE ( 'NONE', #220, #749, #1941, .T. ) ;
#2233 = CARTESIAN_POINT ( 'NONE',  ( -0.6355444562990584200, 3.497166539436382700, 10.98999999999999500 ) ) ;
#2234 = CARTESIAN_POINT ( 'NONE',  ( -1.060654442417995100, 3.270322636002437600, 11.10000000000000000 ) ) ;
#2235 = VERTEX_POINT ( 'NONE', #3427 ) ;
#2236 = DIRECTION ( 'NONE',  ( 0.0000000000000000000, 0.0000000000000000000, 1.000000000000000000 ) ) ;
#2237 = VECTOR ( 'NONE', #2939, 1000.000000000000000 ) ;
#2238 = CARTESIAN_POINT ( 'NONE',  ( -0.6355444562990584200, 3.497166539436382700, 11.09999999999999800 ) ) ;
#2239 = CARTESIAN_POINT ( 'NONE',  ( -0.5556467984428882200, 3.037253139425350100, 8.861479739173429200 ) ) ;
#2240 = ORIENTED_EDGE ( 'NONE', *, *, #1578, .T. ) ;
#2241 = DIRECTION ( 'NONE',  ( -0.0000000000000000000, 7.041719095097278900E-017, 1.000000000000000000 ) ) ;
#2242 = CARTESIAN_POINT ( 'NONE',  ( -1.111612178733641700, 2.933407325813718100, 10.98999999999999800 ) ) ;
#2243 = CARTESIAN_POINT ( 'NONE',  ( -1.117776379847214500, 2.968679010749432300, 11.09999999999999800 ) ) ;
#2244 = CARTESIAN_POINT ( 'NONE',  ( -0.4284703397254018800, 3.293162532273087500, 10.98999999999999500 ) ) ;
#2245 = CARTESIAN_POINT ( 'NONE',  ( 0.6137661966650094200, 4.228961355319060400, 10.98999999999999800 ) ) ;
#2246 = CARTESIAN_POINT ( 'NONE',  ( 1.062550778444102000, 2.564985003419147700, 10.98999999999999500 ) ) ;
#2247 = CALENDAR_DATE ( 2022, 8, 9 ) ;
#2248 = CARTESIAN_POINT ( 'NONE',  ( 0.6193495979357516200, 2.811996005832695400, 11.09999999999999800 ) ) ;
#2249 = CARTESIAN_POINT ( 'NONE',  ( -1.118223917518835500, 3.117312151309206100, 11.09999999999999800 ) ) ;
#2250 = CARTESIAN_POINT ( 'NONE',  ( 1.053840696335810500, 3.822435333157181400, 11.09999999999999800 ) ) ;
#2251 = CARTESIAN_POINT ( 'NONE',  ( 0.9934008082320916500, 3.647773825457081700, 11.09999999999999800 ) ) ;
#2252 = CARTESIAN_POINT ( 'NONE',  ( -1.122326678115132200, 3.031336490664669400, 10.98999999999999700 ) ) ;
#2253 = B_SPLINE_CURVE_WITH_KNOTS ( 'NONE', 3,
 ( #2978, #228, #1608, #2705, #2990, #1581 ),
 .UNSPECIFIED., .F., .F.,
 ( 4, 2, 4 ),
 ( 0.01555142030225590900, 0.01701318084706345300, 0.01847494139187099600 ),
 .UNSPECIFIED. ) ;
#2254 = CARTESIAN_POINT ( 'NONE',  ( -0.8426724680857453600, 3.392314523353921400, 10.98999999999999500 ) ) ;
#2255 = CARTESIAN_POINT ( 'NONE',  ( -0.4015935295410265600, 3.228492539986735000, 11.09999999999999800 ) ) ;
#2256 = CARTESIAN_POINT ( 'NONE',  ( 0.8234779706738719600, 4.298990583427367600, 10.98999999999999800 ) ) ;
#2257 = CARTESIAN_POINT ( 'NONE',  ( 0.5617956137346354900, 3.545511615676273400, 10.98999999999999700 ) ) ;
#2258 = ORIENTED_EDGE ( 'NONE', *, *, #1983, .F. ) ;
#2259 = CARTESIAN_POINT ( 'NONE',  ( -0.5232012425227812200, 3.583260556701644900, 10.98999999999999500 ) ) ;
#2260 = CARTESIAN_POINT ( 'NONE',  ( 1.090697986634672200, 2.864103027666709900, 10.98999999999999500 ) ) ;
#2261 = CARTESIAN_POINT ( 'NONE',  ( 1.117862016155507700, 3.112960592401685200, 10.98999999999999500 ) ) ;
#2262 = CARTESIAN_POINT ( 'NONE',  ( 1.172352791118619800, 4.102670055079765500, 10.98999999999999500 ) ) ;
#2263 = CARTESIAN_POINT ( 'NONE',  ( 3.351853367131002700, 3.838309248099018400, 11.10000000000000100 ) ) ;
#2264 = CARTESIAN_POINT ( 'NONE',  ( -0.6197587791468960300, 3.475500103232542300, 11.10000000000000000 ) ) ;
#2265 = CARTESIAN_POINT ( 'NONE',  ( -0.9603795227919912400, 4.282461523859114800, 10.98999999999999800 ) ) ;
#2266 = AXIS2_PLACEMENT_3D ( 'NONE', #2559, #875, #628 ) ;
#2267 = CARTESIAN_POINT ( 'NONE',  ( 0.4154451720275633100, 3.272544233422831600, 11.10000000000000000 ) ) ;
#2268 = VERTEX_POINT ( 'NONE', #633 ) ;
#2269 = CARTESIAN_POINT ( 'NONE',  ( 0.9742513121947675700, 2.725777983091162600, 11.09999999999999800 ) ) ;
#2270 = DIRECTION ( 'NONE',  ( 1.000000000000000000, 0.0000000000000000000, -0.0000000000000000000 ) ) ;
#2271 = VECTOR ( 'NONE', #2165, 1000.000000000000000 ) ;
#2272 = ADVANCED_FACE ( 'NONE', ( #2824 ), #862, .T. ) ;
#2273 = CARTESIAN_POINT ( 'NONE',  ( 0.5556032015571114000, 3.044340192996778600, 8.861479739173429200 ) ) ;
#2274 = CARTESIAN_POINT ( 'NONE',  ( 5.000000000000000900, 0.0000000000000000000, 11.09999999999999800 ) ) ;
#2275 = B_SPLINE_CURVE_WITH_KNOTS ( 'NONE', 3,
 ( #489, #2108, #2992, #438, #3549, #1862, #3235, #190, #2432, #474, #1543, #3521, #2423, #1839, #2402, #744, #167, #3291, #1851 ),
 .UNSPECIFIED., .F., .F.,
 ( 4, 1, 1, 1, 1, 1, 1, 1, 1, 1, 1, 1, 1, 1, 1, 1, 4 ),
 ( 0.0000000000000000000, 0.07714985910744864800, 0.1510504940821357800, 0.2216586807098937000, 0.2890919876705421200, 0.3542461746448575300, 0.4178342718629717300, 0.4808176014086283900, 0.5433505175403832200, 0.6048874238862879100, 0.6630427846857331900, 0.7199458498341757600, 0.7753250455050908500, 0.8302279009292986600, 0.8859986965546250400, 0.9419307315657443600, 1.000000000000000000 ),
 .UNSPECIFIED. ) ;
#2276 = VERTEX_POINT ( 'NONE', #2033 ) ;
#2277 = LINE ( 'NONE', #1098, #1506 ) ;
#2278 = CARTESIAN_POINT ( 'NONE',  ( -0.7588195602990129900, 3.378875579349696500, 11.09999999999999800 ) ) ;
#2279 = CARTESIAN_POINT ( 'NONE',  ( 0.4425351997977922700, 3.864326726171309500, 10.98999999999999800 ) ) ;
#2280 = EDGE_CURVE ( 'NONE', #15, #527, #1371, .T. ) ;
#2281 = CARTESIAN_POINT ( 'NONE',  ( 1.062496318517245400, 4.227612095855931800, 11.10000000000000000 ) ) ;
#2282 = EDGE_LOOP ( 'NONE', ( #2172, #2037, #2355, #729 ) ) ;
#2283 = CARTESIAN_POINT ( 'NONE',  ( 1.025829206021397200, 3.488698451925350300, 11.09999999999999800 ) ) ;
#2284 = VERTEX_POINT ( 'NONE', #430 ) ;
#2285 = CARTESIAN_POINT ( 'NONE',  ( 0.4426954307231871200, 3.826700765387793400, 11.09999999999999800 ) ) ;
#2286 = CARTESIAN_POINT ( 'NONE',  ( 0.6242766096830496500, 3.871245013948906500, 10.98999999999999700 ) ) ;
#2287 = EDGE_CURVE ( 'NONE', #2044, #527, #3222, .T. ) ;
#2288 = CARTESIAN_POINT ( 'NONE',  ( 4.999999999999997300, 2.419777693832816400, 10.78822169449141600 ) ) ;
#2289 = CARTESIAN_POINT ( 'NONE',  ( -1.236003941300031000, 3.848012067996778600, 10.98999999999999800 ) ) ;
#2290 = CARTESIAN_POINT ( 'NONE',  ( 1.229539239984248000, 3.936887472714856200, 11.09999999999999800 ) ) ;
#2291 = CARTESIAN_POINT ( 'NONE',  ( 1.122567487271397100, 3.037253139425350100, 10.98999999999999500 ) ) ;
#2292 = CARTESIAN_POINT ( 'NONE',  ( 0.4436287812412710300, 3.785695865919705300, 11.09999999999999800 ) ) ;
#2293 = VERTEX_POINT ( 'NONE', #1524 ) ;
#2294 = CARTESIAN_POINT ( 'NONE',  ( -0.6866234570819365100, 4.040668913566115400, 11.09999999999999800 ) ) ;
#2295 = DIRECTION ( 'NONE',  ( 0.0000000000000000000, 0.0000000000000000000, 1.000000000000000000 ) ) ;
#2296 = CARTESIAN_POINT ( 'NONE',  ( 0.3753171337874330300, 2.985824556656354400, 10.98999999999999800 ) ) ;
#2297 = CARTESIAN_POINT ( 'NONE',  ( -0.6378029683661203800, 3.951660913131407300, 10.98999999999999800 ) ) ;
#2298 = EDGE_LOOP ( 'NONE', ( #1880, #1745, #2016, #2134 ) ) ;
#2299 = CARTESIAN_POINT ( 'NONE',  ( -1.077447696555556600, 3.243361380375340300, 10.98999999999999500 ) ) ;
#2300 = EDGE_CURVE ( 'NONE', #2833, #250, #564, .T. ) ;
#2301 = CARTESIAN_POINT ( 'NONE',  ( -2.165829883409989600, 4.506570859991915900, 11.09999999999999800 ) ) ;
#2302 = CARTESIAN_POINT ( 'NONE',  ( 1.208140701327338600, 3.672378189598520600, 10.98999999999999800 ) ) ;
#2303 = ORIENTED_EDGE ( 'NONE', *, *, #2300, .F. ) ;
#2304 = CARTESIAN_POINT ( 'NONE',  ( -0.5671147005293942800, 3.148142269087852000, 10.98999999999999300 ) ) ;
#2305 = CARTESIAN_POINT ( 'NONE',  ( 0.4065907270503204000, 2.826570149929942900, 10.98999999999999500 ) ) ;
#2306 = CARTESIAN_POINT ( 'NONE',  ( -0.8258826853346790100, 4.117092635159863800, 10.98999999999999500 ) ) ;
#2307 = VECTOR ( 'NONE', #1052, 1000.000000000000000 ) ;
#2308 = CARTESIAN_POINT ( 'NONE',  ( 0.8512727204127119600, 4.299030532466503000, 10.98999999999999300 ) ) ;
#2309 = ORIENTED_EDGE ( 'NONE', *, *, #2755, .T. ) ;
#2310 = CARTESIAN_POINT ( 'NONE',  ( 1.089155533926762700, 3.459411331504062700, 11.10000000000000000 ) ) ;
#2311 = FACE_BOUND ( 'NONE', #2415, .T. ) ;
#2312 = CARTESIAN_POINT ( 'NONE',  ( -2.179844288869871400E-005, 0.05552880906820674400, 10.98999999999999700 ) ) ;
#2313 = CARTESIAN_POINT ( 'NONE',  ( 0.5775921592848256600, 2.590806000671619400, 10.98999999999999500 ) ) ;
#2314 = VERTEX_POINT ( 'NONE', #783 ) ;
#2315 = VECTOR ( 'NONE', #1368, 1000.000000000000000 ) ;
#2316 = CARTESIAN_POINT ( 'NONE',  ( -0.5407651452462483000, 2.620734010285415700, 10.98999999999999700 ) ) ;
#2317 = CARTESIAN_POINT ( 'NONE',  ( -0.6257052401497649200, 3.786124350368182500, 11.09999999999999400 ) ) ;
#2318 = ORIENTED_EDGE ( 'NONE', *, *, #395, .F. ) ;
#2319 = CARTESIAN_POINT ( 'NONE',  ( -0.4422539413000310400, 3.840925014425350600, 11.09999999999999800 ) ) ;
#2320 = CARTESIAN_POINT ( 'NONE',  ( 0.9192394627852815700, 4.292063561421024100, 11.09999999999999800 ) ) ;
#2321 = ADVANCED_FACE ( 'NONE', ( #1915 ), #3316, .T. ) ;
#2322 = CARTESIAN_POINT ( 'NONE',  ( -5.000000000000000900, -2.886751345948127300, 11.09999999999999800 ) ) ;
#2323 = LOCAL_TIME ( 7, 54, 35.00000000000000000, #1009 ) ;
#2324 = EDGE_CURVE ( 'NONE', #605, #291, #1994, .T. ) ;
#2325 = CARTESIAN_POINT ( 'NONE',  ( 0.6160209507482399300, 2.564857336728874100, 10.98999999999999500 ) ) ;
#2326 = CARTESIAN_POINT ( 'NONE',  ( -0.4255101166601774100, 2.778555662278969300, 11.09999999999999800 ) ) ;
#2327 = CARTESIAN_POINT ( 'NONE',  ( -0.5335113327741838300, 3.421712661309760600, 11.09999999999999800 ) ) ;
#2328 = APPROVAL ( #2346, 'UNSPECIFIED' ) ;
#2329 = CARTESIAN_POINT ( 'NONE',  ( -0.6256285130522937200, 3.898228681293233400, 10.98999999999999800 ) ) ;
#2330 = VERTEX_POINT ( 'NONE', #1313 ) ;
#2331 = CARTESIAN_POINT ( 'NONE',  ( 1.299758951961674100, 3.118766778876397500, 11.09999999999999800 ) ) ;
#2332 = CARTESIAN_POINT ( 'NONE',  ( 1.053867563921481400, 3.860717313862763500, 10.98999999999999500 ) ) ;
#2333 = ORIENTED_EDGE ( 'NONE', *, *, #946, .T. ) ;
#2334 = CARTESIAN_POINT ( 'NONE',  ( -1.017947982997271300, 2.764143355255867600, 10.99000000000000400 ) ) ;
#2335 = CARTESIAN_POINT ( 'NONE',  ( -0.7975582480240143200, 4.115239534502714000, 11.10000000000000000 ) ) ;
#2336 = EDGE_CURVE ( 'NONE', #2652, #316, #987, .T. ) ;
#2337 = CARTESIAN_POINT ( 'NONE',  ( 0.8401484024499685800, 3.573743094782492900, 10.98999999999999800 ) ) ;
#2338 = CARTESIAN_POINT ( 'NONE',  ( -1.192632844535617800, 4.068813819707294500, 10.98999999999999800 ) ) ;
#2339 = CARTESIAN_POINT ( 'NONE',  ( 1.232445325241372300, 3.322533053400383600, 11.10000000000000000 ) ) ;
#2340 = CARTESIAN_POINT ( 'NONE',  ( 0.6853698249257592600, 4.042651241345659200, 11.09999999999999800 ) ) ;
#2341 = CARTESIAN_POINT ( 'NONE',  ( 0.8401484024499685800, 2.507850237639635900, 11.09999999999999800 ) ) ;
#2342 = CARTESIAN_POINT ( 'NONE',  ( -1.102212716699850300, 2.900272831366467400, 10.98999999999999500 ) ) ;
#2343 = CARTESIAN_POINT ( 'NONE',  ( -0.8138051433040752700, 3.391588352137921500, 10.98999999999999800 ) ) ;
#2344 = CARTESIAN_POINT ( 'NONE',  ( -0.6523850796928881700, 3.488698451925350300, 11.09999999999999800 ) ) ;
#2345 = VECTOR ( 'NONE', #1621, 1000.000000000000000 ) ;
#2346 = APPROVAL_STATUS ( 'not_yet_approved' ) ;
#2347 = CARTESIAN_POINT ( 'NONE',  ( 0.3741746301285399600, 3.043631487639635800, 10.98999999999999500 ) ) ;
#2348 = CARTESIAN_POINT ( 'NONE',  ( -1.235044041851564700, 3.896219461739455000, 10.98999999999999800 ) ) ;
#2349 = ORIENTED_EDGE ( 'NONE', *, *, #149, .T. ) ;
#2350 = VECTOR ( 'NONE', #3564, 1000.000000000000000 ) ;
#2351 = CARTESIAN_POINT ( 'NONE',  ( 0.9346021590196108600, 2.516064858245973500, 10.98999999999999100 ) ) ;
#2352 = CARTESIAN_POINT ( 'NONE',  ( 1.303996058699968400, 3.037607492103921100, 10.98999999999999500 ) ) ;
#2353 = ORIENTED_EDGE ( 'NONE', *, *, #2078, .T. ) ;
#2354 = CARTESIAN_POINT ( 'NONE',  ( 0.6242766096830496500, 3.871245013948906500, 11.09999999999999800 ) ) ;
#2355 = ORIENTED_EDGE ( 'NONE', *, *, #2023, .T. ) ;
#2356 = CARTESIAN_POINT ( 'NONE',  ( -0.3813773893413017200, 2.926528197917743800, 10.98999999999999700 ) ) ;
#2357 = CARTESIAN_POINT ( 'NONE',  ( 0.8452444284446333200, 3.392070449587197600, 11.09999999999999400 ) ) ;
#2358 = CARTESIAN_POINT ( 'NONE',  ( -0.7039629735195176400, 2.725777983091162600, 10.98999999999999300 ) ) ;
#2359 = CARTESIAN_POINT ( 'NONE',  ( -0.7993649469096479900, 4.298187283831161700, 10.98999999999998800 ) ) ;
#2360 = DIRECTION ( 'NONE',  ( 0.0000000000000000000, -1.000000000000000000, 0.0000000000000000000 ) ) ;
#2361 = CARTESIAN_POINT ( 'NONE',  ( -0.8409007046928883600, 4.299457380496778400, 11.09999999999999800 ) ) ;
#2362 = CARTESIAN_POINT ( 'NONE',  ( 1.276620756173258500, 3.228492539986735500, 11.10000000000000000 ) ) ;
#2363 = CARTESIAN_POINT ( 'NONE',  ( -0.4645131263221418100, 3.350385268182776600, 10.98999999999999500 ) ) ;
#2364 = CARTESIAN_POINT ( 'NONE',  ( 1.234996343004441700, 3.889605646518361900, 11.09999999999999800 ) ) ;
#2365 = DIRECTION ( 'NONE',  ( 0.0000000000000000000, 0.0000000000000000000, 1.000000000000000000 ) ) ;
#2366 = DIRECTION ( 'NONE',  ( -0.8660254037844387100, 0.4999999999999998900, 0.0000000000000000000 ) ) ;
#2367 = CARTESIAN_POINT ( 'NONE',  ( 1.122271190230002000, 3.050254611289248400, 11.09999999999999800 ) ) ;
#2368 = CARTESIAN_POINT ( 'NONE',  ( 0.8373135810213971900, 4.299457380496778400, 11.09999999999999800 ) ) ;
#2369 = VERTEX_POINT ( 'NONE', #3285 ) ;
#2370 = AXIS2_PLACEMENT_3D ( 'NONE', #1834, #2378, #2936 ) ;
#2371 = DIRECTION ( 'NONE',  ( 0.0000000000000000000, -1.000000000000000000, 0.0000000000000000000 ) ) ;
#2372 = CARTESIAN_POINT ( 'NONE',  ( -1.303654082752923300, 3.024122769253927900, 10.98999999999999500 ) ) ;
#2373 = CARTESIAN_POINT ( 'NONE',  ( -0.7203751675178260400, 4.282107682951223500, 11.09999999999999800 ) ) ;
#2374 = CARTESIAN_POINT ( 'NONE',  ( -0.6523850796928881700, 3.488698451925350300, 11.09999999999999800 ) ) ;
#2375 = DIRECTION ( 'NONE',  ( -0.0000000000000000000, 7.041719095097278900E-017, 1.000000000000000000 ) ) ;
#2376 = CARTESIAN_POINT ( 'NONE',  ( 1.235442505271536500, 3.820442623383100100, 10.98999999999999000 ) ) ;
#2377 = CARTESIAN_POINT ( 'NONE',  ( -0.9752934689198478100, 3.354503983795139400, 10.98999999999999700 ) ) ;
#2378 = DIRECTION ( 'NONE',  ( 1.000000000000000000, 3.004629197474319000E-016, -0.0000000000000000000 ) ) ;
#2379 = CARTESIAN_POINT ( 'NONE',  ( -0.6839934329378081200, 3.337594452433262600, 10.98999999999999500 ) ) ;
#2380 = CARTESIAN_POINT ( 'NONE',  ( -0.7286484430851805100, 2.712620927313122500, 10.98999999999999300 ) ) ;
#2381 = VERTEX_POINT ( 'NONE', #1607 ) ;
#2382 = CARTESIAN_POINT ( 'NONE',  ( -1.286216725250735000, 2.876753598648022600, 10.98999999999999800 ) ) ;
#2383 = CARTESIAN_POINT ( 'NONE',  ( -5.000000000000000900, -2.886751345948127300, 10.65341801261479800 ) ) ;
#2384 = ADVANCED_FACE ( 'NONE', ( #2177 ), #2569, .T. ) ;
#2385 = CARTESIAN_POINT ( 'NONE',  ( -0.4698477676255734500, 4.024665611418283700, 11.09999999999999400 ) ) ;
#2386 = EDGE_CURVE ( 'NONE', #2369, #3054, #3107, .T. ) ;
#2387 = CARTESIAN_POINT ( 'NONE',  ( 0.7965535087340961400, 3.576218123216201100, 11.10000000000000000 ) ) ;
#2388 = VECTOR ( 'NONE', #1369, 1000.000000000000000 ) ;
#2389 = CARTESIAN_POINT ( 'NONE',  ( -0.5603522695587777000, 3.112960592401685200, 10.98999999999999500 ) ) ;
#2390 = CARTESIAN_POINT ( 'NONE',  ( 1.172352791118619800, 4.102670055079765500, 11.09999999999999400 ) ) ;
#2391 = EDGE_LOOP ( 'NONE', ( #2049, #3382, #1603, #879 ) ) ;
#2392 = CIRCLE ( 'NONE', #3209, 2.999999999999999100 ) ;
#2393 = AXIS2_PLACEMENT_3D ( 'NONE', #2855, #1463, #3437 ) ;
#2394 = CARTESIAN_POINT ( 'NONE',  ( 0.6998411053353845700, 2.527992846758169600, 11.10000000000000000 ) ) ;
#2395 = CARTESIAN_POINT ( 'NONE',  ( 0.5635812807373967700, 3.448539190824851300, 10.98999999999999800 ) ) ;
#2396 = CARTESIAN_POINT ( 'NONE',  ( 4.999999999999998200, -2.416508787739590300, 10.78916534639787100 ) ) ;
#2397 = CARTESIAN_POINT ( 'NONE',  ( 0.7311474113022500300, 2.713231921530399500, 11.09999999999999800 ) ) ;
#2398 = VERTEX_POINT ( 'NONE', #3478 ) ;
#2399 = CARTESIAN_POINT ( 'NONE',  ( -2.712167343862814200, 4.207632145829751200, 11.10000000000000100 ) ) ;
#2400 = VECTOR ( 'NONE', #19, 1000.000000000000000 ) ;
#2401 = CARTESIAN_POINT ( 'NONE',  ( -0.4856980809872308800, 4.065043260645913900, 10.98999999999998600 ) ) ;
#2402 = CARTESIAN_POINT ( 'NONE',  ( 0.9238146227322464600, 2.702162358428016600, 10.98999999999999500 ) ) ;
#2403 = VERTEX_POINT ( 'NONE', #519 ) ;
#2404 = CARTESIAN_POINT ( 'NONE',  ( -1.141268743585456500, 3.429888379809925800, 10.98999999999999500 ) ) ;
#2405 = CARTESIAN_POINT ( 'NONE',  ( 0.6826496769929251100, 2.743923215597084300, 10.98999999999999800 ) ) ;
#2406 = CARTESIAN_POINT ( 'NONE',  ( 0.4486788801372231200, 2.735053065727922000, 11.09999999999999800 ) ) ;
#2407 = EDGE_CURVE ( 'NONE', #2818, #903, #3325, .T. ) ;
#2408 = CARTESIAN_POINT ( 'NONE',  ( 0.6236389158428257100, 3.852973005496779500, 10.98999999999999800 ) ) ;
#2409 = LOCAL_TIME ( 7, 54, 35.00000000000000000, #3105 ) ;
#2410 = DIRECTION ( 'NONE',  ( 0.0000000000000000000, 0.0000000000000000000, 1.000000000000000000 ) ) ;
#2411 = CARTESIAN_POINT ( 'NONE',  ( 1.053840696335810500, 3.822435333157181400, 10.98999999999999700 ) ) ;
#2412 = CARTESIAN_POINT ( 'NONE',  ( -1.271623558663964400, 2.826570149929942900, 10.98999999999999500 ) ) ;
#2413 = CARTESIAN_POINT ( 'NONE',  ( 0.8401484024499685800, 2.689278809068207400, 10.98999999999999800 ) ) ;
#2414 = CARTESIAN_POINT ( 'NONE',  ( -0.8380658832643168600, 3.573743094782493300, 8.861479739173431000 ) ) ;
#2415 = EDGE_LOOP ( 'NONE', ( #1918, #3424 ) ) ;
#2416 = CARTESIAN_POINT ( 'NONE',  ( 0.4486788801372231200, 2.735053065727922000, 10.98999999999999300 ) ) ;
#2417 = CARTESIAN_POINT ( 'NONE',  ( 0.4888233980493607000, 3.386488890598088600, 10.98999999999999800 ) ) ;
#2418 = CARTESIAN_POINT ( 'NONE',  ( -1.230058757372903800, 3.333638543034679500, 10.98999999999999300 ) ) ;
#2419 = CARTESIAN_POINT ( 'NONE',  ( -0.5669354015182956900, 2.927503876142737700, 10.98999999999999300 ) ) ;
#2420 = CARTESIAN_POINT ( 'NONE',  ( 0.5538786497364587300, 4.174026752478300600, 11.10000000000000300 ) ) ;
#2421 = EDGE_LOOP ( 'NONE', ( #1588, #2555, #3130, #2008 ) ) ;
#2422 = CARTESIAN_POINT ( 'NONE',  ( 0.8523316003796064200, 4.117092635159863800, 10.98999999999999500 ) ) ;
#2423 = CARTESIAN_POINT ( 'NONE',  ( 0.9742513121947675700, 2.725777983091162600, 10.98999999999999500 ) ) ;
#2424 = CARTESIAN_POINT ( 'NONE',  ( 1.303838615757205300, 3.051554532906131100, 10.98999999999999500 ) ) ;
#2425 = CARTESIAN_POINT ( 'NONE',  ( 1.303557930715467700, 3.018577949215016000, 11.09999999999999400 ) ) ;
#2426 = CARTESIAN_POINT ( 'NONE',  ( 0.5666021069806436200, 2.933407325813717700, 10.98999999999999500 ) ) ;
#2427 = CARTESIAN_POINT ( 'NONE',  ( -1.271623558663964400, 2.826570149929942900, 10.98999999999999100 ) ) ;
#2428 = CARTESIAN_POINT ( 'NONE',  ( -1.034444243488049600, 3.485094091247523000, 11.09999999999999800 ) ) ;
#2429 = CARTESIAN_POINT ( 'NONE',  ( -0.5556467984428882200, 3.037253139425350100, 10.98999999999999300 ) ) ;
#2430 = CARTESIAN_POINT ( 'NONE',  ( 0.4422103444142542700, 3.848012067996778600, 10.98999999999999500 ) ) ;
#2431 = CARTESIAN_POINT ( 'NONE',  ( -0.8543858724078349200, 2.508377737319849900, 10.98999999999999500 ) ) ;
#2432 = CARTESIAN_POINT ( 'NONE',  ( 1.059807704701045000, 2.808556902386627000, 10.98999999999999500 ) ) ;
#2433 = FACE_OUTER_BOUND ( 'NONE', #1910, .T. ) ;
#2434 = CARTESIAN_POINT ( 'NONE',  ( -0.8544921020647400200, 4.117206924916009900, 10.98999999999999800 ) ) ;
#2435 = ORIENTED_EDGE ( 'NONE', *, *, #1637, .F. ) ;
#2436 = CARTESIAN_POINT ( 'NONE',  ( -0.6562241573103698700, 2.543814928548189700, 11.09999999999999800 ) ) ;
#2437 = FACE_OUTER_BOUND ( 'NONE', #254, .T. ) ;
#2438 = CARTESIAN_POINT ( 'NONE',  ( 0.8401484024499685800, 2.507850237639635900, 10.98999999999999500 ) ) ;
#2439 = CARTESIAN_POINT ( 'NONE',  ( 0.8806560376902714500, 4.115239534502714000, 11.09999999999999800 ) ) ;
#2440 = AXIS2_PLACEMENT_3D ( 'NONE', #1260, #1537, #151 ) ;
#2441 = ORIENTED_EDGE ( 'NONE', *, *, #3203, .F. ) ;
#2442 = CARTESIAN_POINT ( 'NONE',  ( -1.189390887664924800, 3.386488890598089900, 11.09999999999999800 ) ) ;
#2443 = CARTESIAN_POINT ( 'NONE',  ( -1.303532118361113900, 3.085985856656808100, 10.98999999999999500 ) ) ;
#2444 = CARTESIAN_POINT ( 'NONE',  ( 0.8070306264670370500, 3.391579686515070700, 10.98999999999999800 ) ) ;
#2445 = CARTESIAN_POINT ( 'NONE',  ( 0.4574920037712106900, 3.987208923903869300, 10.98999999999999500 ) ) ;
#2446 = VERTEX_POINT ( 'NONE', #3257 ) ;
#2447 = CARTESIAN_POINT ( 'NONE',  ( -0.5556467984428882200, 3.037253139425350100, 10.98999999999999800 ) ) ;
#2448 = CARTESIAN_POINT ( 'NONE',  ( 0.6845236577309996600, 3.648783547728788400, 11.09999999999999600 ) ) ;
#2449 = B_SPLINE_CURVE_WITH_KNOTS ( 'NONE', 3,
 ( #938, #670, #3201, #2059, #2648, #1530, #1808, #1519, #2928, #2917, #1504, #1797, #2338, #1236, #965, #2070, #2348, #2890, #1253 ),
 .UNSPECIFIED., .F., .F.,
 ( 4, 1, 1, 1, 1, 1, 1, 1, 1, 1, 1, 1, 1, 1, 1, 1, 4 ),
 ( 0.0000000000000000000, 0.06180097102815540500, 0.1220053371660176900, 0.1803506012854702000, 0.2379566803506680800, 0.2959934965550776700, 0.3542241802236429900, 0.4137966083733675100, 0.4753449059058669800, 0.5376280473118419900, 0.6001030149128430100, 0.6623883902508285200, 0.7255720147734384700, 0.7903518431467538900, 0.8575977422980641800, 0.9271544407746271600, 0.9999999999999998900 ),
 .UNSPECIFIED. ) ;
#2450 = CALENDAR_DATE ( 2022, 8, 9 ) ;
#2451 = CARTESIAN_POINT ( 'NONE',  ( 0.7180248941826465900, 4.075886065384056100, 10.98999999999999700 ) ) ;
#2452 = CARTESIAN_POINT ( 'NONE',  ( 1.303996058699968400, 3.037607492103921100, 11.09999999999999800 ) ) ;
#2453 = CARTESIAN_POINT ( 'NONE',  ( 0.0000000000000000000, 0.0000000000000000000, 11.09999999999999800 ) ) ;
#2454 = CARTESIAN_POINT ( 'NONE',  ( 1.075368066731617400, 3.513608420985328900, 10.98999999999999300 ) ) ;
#2455 = EDGE_CURVE ( 'NONE', #3501, #1995, #2552, .T. ) ;
#2456 = CARTESIAN_POINT ( 'NONE',  ( -1.210704524954522100, 3.361196390328840000, 11.09999999999999800 ) ) ;
#2457 = CARTESIAN_POINT ( 'NONE',  ( -1.293911020393220300, 3.166461406764926600, 10.98999999999999300 ) ) ;
#2458 = CARTESIAN_POINT ( 'NONE',  ( -0.5559893939063806900, 3.024375195560053100, 11.09999999999999800 ) ) ;
#2459 = CARTESIAN_POINT ( 'NONE',  ( -0.6378029683661203800, 3.951660913131407300, 11.09999999999999800 ) ) ;
#2460 = CARTESIAN_POINT ( 'NONE',  ( -1.100622126429459600, 2.590806000671618500, 10.98999999999999500 ) ) ;
#2461 = EDGE_CURVE ( 'NONE', #3614, #3272, #1653, .T. ) ;
#2462 = CARTESIAN_POINT ( 'NONE',  ( 0.8355418176285400700, 3.392314523353921400, 10.98999999999999500 ) ) ;
#2463 = EDGE_LOOP ( 'NONE', ( #2229, #1351, #2318 ) ) ;
#2464 = DIRECTION ( 'NONE',  ( -0.0000000000000000000, -0.0000000000000000000, -1.000000000000000000 ) ) ;
#2465 = CARTESIAN_POINT ( 'NONE',  ( -1.235679085916493000, 3.864326726171309500, 11.09999999999999800 ) ) ;
#2466 = ORIENTED_EDGE ( 'NONE', *, *, #2776, .F. ) ;
#2467 = AXIS2_PLACEMENT_3D ( 'NONE', #366, #953, #3181 ) ;
#2468 = CARTESIAN_POINT ( 'NONE',  ( 0.5564447975231725500, 3.005860478051177100, 10.98999999999999800 ) ) ;
#2469 = CARTESIAN_POINT ( 'NONE',  ( -1.286216725250735000, 2.876753598648022600, 11.09999999999999800 ) ) ;
#2470 = CARTESIAN_POINT ( 'NONE',  ( -0.9988781146364805700, 3.338078878092781500, 11.09999999999999800 ) ) ;
#2471 = ORIENTED_EDGE ( 'NONE', *, *, #517, .F. ) ;
#2472 = CARTESIAN_POINT ( 'NONE',  ( -0.8380658832643167500, 2.507850237639635900, 11.09999999999999800 ) ) ;
#2473 = CARTESIAN_POINT ( 'NONE',  ( 0.9702571231588398300, 3.354318855201789500, 10.98999999999999500 ) ) ;
#2474 = CARTESIAN_POINT ( 'NONE',  ( -2.499999999999997300, 4.330127018922195400, 11.09999999999999800 ) ) ;
#2475 = CARTESIAN_POINT ( 'NONE',  ( 0.4485902242525203800, 3.942929108396235000, 10.98999999999999700 ) ) ;
#2476 = CARTESIAN_POINT ( 'NONE',  ( 0.9236447292481947400, 3.591310740557707200, 11.09999999999999800 ) ) ;
#2477 = CARTESIAN_POINT ( 'NONE',  ( 0.9702571231588398300, 3.354318855201789500, 10.98999999999998800 ) ) ;
#2478 = B_SPLINE_CURVE_WITH_KNOTS ( 'NONE', 3,
 ( #1510, #1790, #2606, #2052, #672, #135, #374, #1775, #1801, #2332, #95 ),
 .UNSPECIFIED., .F., .F.,
 ( 4, 1, 1, 1, 1, 1, 1, 1, 4 ),
 ( 0.0000000000000000000, 0.1097968417316128600, 0.2173363279542475100, 0.3295034666984962800, 0.4522466104093245700, 0.5810573518325419200, 0.7117269853123986400, 0.8506203347053442600, 1.000000000000000000 ),
 .UNSPECIFIED. ) ;
#2479 = ORIENTED_EDGE ( 'NONE', *, *, #3409, .T. ) ;
#2480 = CARTESIAN_POINT ( 'NONE',  ( -1.229624061461765500, 3.942929108396235000, 11.10000000000000000 ) ) ;
#2481 = DIRECTION ( 'NONE',  ( -0.8660254037844389300, -0.4999999999999995000, 0.0000000000000000000 ) ) ;
#2482 = CARTESIAN_POINT ( 'NONE',  ( 0.3843032653210650700, 3.166461406764926200, 11.10000000000000000 ) ) ;
#2483 = ORIENTED_EDGE ( 'NONE', *, *, #1529, .F. ) ;
#2484 = CARTESIAN_POINT ( 'NONE',  ( 1.053867563921481400, 3.860717313862763500, 11.09999999999999800 ) ) ;
#2485 = VECTOR ( 'NONE', #2769, 1000.000000000000000 ) ;
#2486 = CARTESIAN_POINT ( 'NONE',  ( -1.100622126429459600, 2.590806000671618500, 10.98999999999999300 ) ) ;
#2487 = CARTESIAN_POINT ( 'NONE',  ( -1.173622067963642900, 4.106429464397683300, 11.10000000000000100 ) ) ;
#2488 = VERTEX_POINT ( 'NONE', #1079 ) ;
#2489 = LINE ( 'NONE', #3280, #2010 ) ;
#2490 = CARTESIAN_POINT ( 'NONE',  ( -1.052590593283050800, 3.793956696871944700, 11.09999999999999800 ) ) ;
#2491 = CARTESIAN_POINT ( 'NONE',  ( 1.101848887526962500, 3.181327892350340700, 10.98999999999998800 ) ) ;
#2492 = EDGE_LOOP ( 'NONE', ( #270, #1296, #2120, #1392 ) ) ;
#2493 = FACE_OUTER_BOUND ( 'NONE', #3544, .T. ) ;
#2494 = CARTESIAN_POINT ( 'NONE',  ( 2.712167343862806700, -4.207632145829754800, 11.10000000000000000 ) ) ;
#2495 = CARTESIAN_POINT ( 'NONE',  ( -1.153434876418467900, 3.582740964429533800, 11.10000000000000000 ) ) ;
#2496 = CARTESIAN_POINT ( 'NONE',  ( 1.230000267503983800, 2.734458961880007700, 10.98999999999999500 ) ) ;
#2497 = CARTESIAN_POINT ( 'NONE',  ( -1.040891710517056100, 3.738849586482319700, 11.09999999999999800 ) ) ;
#2498 = EDGE_LOOP ( 'NONE', ( #3225, #1852, #1132, #58 ) ) ;
#2499 = CARTESIAN_POINT ( 'NONE',  ( 0.6544675988785400000, 3.488698451925350300, 11.09999999999999800 ) ) ;
#2500 = CARTESIAN_POINT ( 'NONE',  ( 1.077249834096840600, 2.834972710130722700, 11.09999999999999400 ) ) ;
#2501 = CARTESIAN_POINT ( 'NONE',  ( -1.091272126321160000, 3.214417206838526800, 11.09999999999999400 ) ) ;
#2502 = CARTESIAN_POINT ( 'NONE',  ( -0.4574003154371527000, 3.981964281914801300, 10.98999999999999800 ) ) ;
#2503 = CARTESIAN_POINT ( 'NONE',  ( 1.036776802047276100, 3.484269810391386300, 11.09999999999999800 ) ) ;
#2504 = CARTESIAN_POINT ( 'NONE',  ( 0.9942208527764779800, 3.337594452433262600, 10.98999999999999000 ) ) ;
#2505 = B_SPLINE_CURVE_WITH_KNOTS ( 'NONE', 3,
 ( #1152, #1161, #1427, #3483, #3474, #1227, #112, #2893 ),
 .UNSPECIFIED., .F., .F.,
 ( 4, 2, 2, 4 ),
 ( 0.002921158011986712500, 0.003648658599403067900, 0.004376159186819422000, 0.005831160361652129400 ),
 .UNSPECIFIED. ) ;
#2506 = CARTESIAN_POINT ( 'NONE',  ( -1.111612178733641700, 2.933407325813718100, 11.09999999999999800 ) ) ;
#2507 = CARTESIAN_POINT ( 'NONE',  ( 0.8237221836495456400, 4.117206924916009000, 10.98999999999999800 ) ) ;
#2508 = CARTESIAN_POINT ( 'NONE',  ( 0.4431702438627201400, 3.896219461739455000, 10.98999999999999500 ) ) ;
#2509 = CARTESIAN_POINT ( 'NONE',  ( 1.171452112151044800, 2.655225130654954100, 10.98999999999999700 ) ) ;
#2510 = DIRECTION ( 'NONE',  ( 1.000000000000000000, 0.0000000000000000000, 0.0000000000000000000 ) ) ;
#2511 = CARTESIAN_POINT ( 'NONE',  ( 0.8969158239008506700, 2.694893812833548000, 11.09999999999999800 ) ) ;
#2512 = CARTESIAN_POINT ( 'NONE',  ( -1.220722281943074500, 3.987208923903869300, 11.09999999999999800 ) ) ;
#2513 = ORIENTED_EDGE ( 'NONE', *, *, #1529, .T. ) ;
#2514 = CARTESIAN_POINT ( 'NONE',  ( 0.8401484024499685800, 2.689278809068207400, 10.98999999999999800 ) ) ;
#2515 = EDGE_CURVE ( 'NONE', #681, #3197, #1694, .T. ) ;
#2516 = CARTESIAN_POINT ( 'NONE',  ( -1.111612178733641700, 2.933407325813718100, 11.10000000000000000 ) ) ;
#2517 = CARTESIAN_POINT ( 'NONE',  ( -1.017947982997271300, 2.764143355255867600, 11.10000000000000100 ) ) ;
#2518 = CARTESIAN_POINT ( 'NONE',  ( 0.6853698249257592600, 4.042651241345659200, 10.98999999999999700 ) ) ;
#2519 = CARTESIAN_POINT ( 'NONE',  ( 0.4574920037712106900, 3.987208923903869300, 10.98999999999999500 ) ) ;
#2520 = CARTESIAN_POINT ( 'NONE',  ( 0.9791300329311813900, 2.528073551232728800, 10.98999999999999700 ) ) ;
#2521 = AXIS2_PLACEMENT_3D ( 'NONE', #1412, #2823, #567 ) ;
#2522 = CARTESIAN_POINT ( 'NONE',  ( -2.499999999999997300, 4.330127018922195400, 11.09999999999999800 ) ) ;
#2523 = CARTESIAN_POINT ( 'NONE',  ( 0.6602663027170150300, 2.764143355255866300, 10.98999999999998600 ) ) ;
#2524 = CARTESIAN_POINT ( 'NONE',  ( 0.9495658426291043700, 2.712620927313122500, 11.09999999999999800 ) ) ;
#2525 = CARTESIAN_POINT ( 'NONE',  ( 0.9193947254152729000, 3.378875579349696500, 10.98999999999999800 ) ) ;
#2526 = CARTESIAN_POINT ( 'NONE',  ( -1.192632844535617800, 4.068813819707294500, 11.09999999999999800 ) ) ;
#2527 = CARTESIAN_POINT ( 'NONE',  ( -0.8944393336601310600, 2.694733756089794600, 10.98999999999999700 ) ) ;
#2528 = B_SPLINE_CURVE_WITH_KNOTS ( 'NONE', 3,
 ( #2725, #1120, #537, #2474 ),
 .UNSPECIFIED., .F., .F.,
 ( 4, 4 ),
 ( 2.380735200829583200E-007, 0.002921158011986709900 ),
 .UNSPECIFIED. ) ;
#2529 = CARTESIAN_POINT ( 'NONE',  ( 4.999999999999997300, 2.886751345948130000, 6.899999999999996800 ) ) ;
#2530 = CARTESIAN_POINT ( 'NONE',  ( 0.5538786497364587300, 4.174026752478300600, 10.98999999999999800 ) ) ;
#2531 = VECTOR ( 'NONE', #3605, 1000.000000000000000 ) ;
#2532 = EDGE_CURVE ( 'NONE', #2044, #3180, #2226, .T. ) ;
#2533 = CARTESIAN_POINT ( 'NONE',  ( -1.207517951444052800, 3.673560882934337800, 10.98999999999999800 ) ) ;
#2534 = ORIENTED_EDGE ( 'NONE', *, *, #144, .F. ) ;
#2535 = CARTESIAN_POINT ( 'NONE',  ( 1.111278884195990000, 2.927503876142738500, 11.09999999999999800 ) ) ;
#2536 = FACE_OUTER_BOUND ( 'NONE', #2820, .T. ) ;
#2537 = CARTESIAN_POINT ( 'NONE',  ( -0.8380658832643167500, 3.573743094782492900, 11.09999999999999800 ) ) ;
#2538 = VERTEX_POINT ( 'NONE', #1378 ) ;
#2539 = CARTESIAN_POINT ( 'NONE',  ( -5.000000000000000900, -2.886751345948127300, 10.65341801261479800 ) ) ;
#2540 = CARTESIAN_POINT ( 'NONE',  ( -0.6848134774821937900, 3.647773825457081700, 10.98999999999999700 ) ) ;
#2541 = VERTEX_POINT ( 'NONE', #3093 ) ;
#2542 = CARTESIAN_POINT ( 'NONE',  ( -0.6612435589817715600, 3.317572998984164000, 11.09999999999999400 ) ) ;
#2543 = CARTESIAN_POINT ( 'NONE',  ( -1.122611084157173900, 3.044340192996778600, 10.98999999999999500 ) ) ;
#2544 = CARTESIAN_POINT ( 'NONE',  ( -0.8409007046928883600, 4.299457380496778400, 10.98999999999999500 ) ) ;
#2545 = CARTESIAN_POINT ( 'NONE',  ( -1.054575369871459700, 3.852973005496779000, 11.09999999999999800 ) ) ;
#2546 = ADVANCED_FACE ( 'NONE', ( #1 ), #3251, .T. ) ;
#2547 = COORDINATED_UNIVERSAL_TIME_OFFSET ( 6, 0, .BEHIND. ) ;
#2548 = CARTESIAN_POINT ( 'NONE',  ( 0.8689142378084707700, 2.689937862810674500, 11.09999999999999800 ) ) ;
#2549 = CARTESIAN_POINT ( 'NONE',  ( -1.207517951444052800, 3.673560882934337800, 11.10000000000000100 ) ) ;
#2550 = CARTESIAN_POINT ( 'NONE',  ( 0.6236389158428256000, 3.852973005496779000, 10.98999999999999700 ) ) ;
#2551 = CARTESIAN_POINT ( 'NONE',  ( -1.102212716699850300, 2.900272831366467400, 10.98999999999999500 ) ) ;
#2552 = B_SPLINE_CURVE_WITH_KNOTS ( 'NONE', 3,
 ( #2798, #3039, #295, #838, #1648, #1097, #3067, #1127, #1367, #823, #3355, #795, #2501, #3312, #2782, #2249, #1111, #1948, #1675 ),
 .UNSPECIFIED., .F., .F.,
 ( 4, 1, 1, 1, 1, 1, 1, 1, 1, 1, 1, 1, 1, 1, 1, 1, 4 ),
 ( 0.0000000000000000000, 0.05771703668670721100, 0.1139944747680075400, 0.1689375842317504000, 0.2241794871235041300, 0.2799688045719304100, 0.3376331636966859500, 0.3970921931266115900, 0.4590418275838770200, 0.5225259007509049900, 0.5861215733290792200, 0.6501023529161029700, 0.7154073102766304000, 0.7827625508401581100, 0.8522752723205726500, 0.9245072986072190300, 1.000000000000000000 ),
 .UNSPECIFIED. ) ;
#2553 = CARTESIAN_POINT ( 'NONE',  ( -1.122286067354243900, 3.056867659402997100, 11.09999999999999800 ) ) ;
#2554 = CARTESIAN_POINT ( 'NONE',  ( -1.095388071781962800, 4.203262673880241000, 10.98999999999999300 ) ) ;
#2555 = ORIENTED_EDGE ( 'NONE', *, *, #2084, .F. ) ;
#2556 = CARTESIAN_POINT ( 'NONE',  ( 1.192516204727054600, 4.065043260645914800, 11.09999999999999800 ) ) ;
#2557 = ORIENTED_EDGE ( 'NONE', *, *, #467, .T. ) ;
#2558 = EDGE_LOOP ( 'NONE', ( #3076, #342, #338, #1251 ) ) ;
#2559 = CARTESIAN_POINT ( 'NONE',  ( 0.0000000000000000000, 1.925929944387235900E-031, -11.10000000000000100 ) ) ;
#2560 = CARTESIAN_POINT ( 'NONE',  ( 1.234445005991383600, 3.780987957570796100, 10.98999999999999800 ) ) ;
#2561 = CARTESIAN_POINT ( 'NONE',  ( -0.6375239882357514000, 3.734214790516043400, 10.98999999999999700 ) ) ;
#2562 = CARTESIAN_POINT ( 'NONE',  ( -0.4854149202588313200, 3.376309752780876300, 10.98999999999999500 ) ) ;
#2563 = CARTESIAN_POINT ( 'NONE',  ( 1.303996058699968400, 3.037607492103921100, 10.98999999999999500 ) ) ;
#2564 = CARTESIAN_POINT ( 'NONE',  ( 1.235634918741340900, 3.857358525098147700, 10.98999999999999300 ) ) ;
#2565 = ORIENTED_EDGE ( 'NONE', *, *, #745, .T. ) ;
#2566 = CARTESIAN_POINT ( 'NONE',  ( 1.118378113151570400, 2.962214966687883400, 11.09999999999999800 ) ) ;
#2567 = VERTEX_POINT ( 'NONE', #2118 ) ;
#2568 = VERTEX_POINT ( 'NONE', #2347 ) ;
#2569 = CONICAL_SURFACE ( 'NONE', #2814, 5.000000000000000900, 1.047197551196600100 ) ;
#2570 = CARTESIAN_POINT ( 'NONE',  ( -0.7570251182945694200, 4.099643929567848800, 11.10000000000000000 ) ) ;
#2571 = VERTEX_POINT ( 'NONE', #392 ) ;
#2572 = CIRCLE ( 'NONE', #531, 5.000000000000000900 ) ;
#2573 = CARTESIAN_POINT ( 'NONE',  ( 0.8238284133064504000, 2.508377737319849900, 11.09999999999999800 ) ) ;
#2574 = DIRECTION ( 'NONE',  ( 1.000000000000000000, 0.0000000000000000000, 0.0000000000000000000 ) ) ;
#2575 = ORIENTED_EDGE ( 'NONE', *, *, #98, .F. ) ;
#2576 = VECTOR ( 'NONE', #1676, 1000.000000000000000 ) ;
#2577 = CARTESIAN_POINT ( 'NONE',  ( -0.6156635072701832600, 2.564985003419149500, 10.98999999999999500 ) ) ;
#2578 = ORIENTED_EDGE ( 'NONE', *, *, #395, .T. ) ;
#2579 = CARTESIAN_POINT ( 'NONE',  ( -1.040439826891241800, 3.497087262138149900, 11.09999999999999800 ) ) ;
#2580 = EDGE_CURVE ( 'NONE', #749, #1610, #208, .T. ) ;
#2581 = CARTESIAN_POINT ( 'NONE',  ( -0.6243467217928039300, 3.860717313862763500, 10.98999999999999500 ) ) ;
#2582 = CARTESIAN_POINT ( 'NONE',  ( -0.3743756699570799900, 3.051554532906131100, 11.09999999999999800 ) ) ;
#2583 = LINE ( 'NONE', #1762, #3244 ) ;
#2584 = CARTESIAN_POINT ( 'NONE',  ( 0.4754185271528373300, 2.693325520477344100, 11.09999999999999800 ) ) ;
#2585 = CARTESIAN_POINT ( 'NONE',  ( 0.9578391181964595000, 4.282107682951223500, 11.10000000000000300 ) ) ;
#2586 = CARTESIAN_POINT ( 'NONE',  ( 0.8373135810213971900, 4.299457380496778400, 11.09999999999999800 ) ) ;
#2587 = PLANE ( 'NONE',  #1389 ) ;
#2588 = ADVANCED_FACE ( 'NONE', ( #1596 ), #2053, .T. ) ;
#2589 = CARTESIAN_POINT ( 'NONE',  ( -0.5772948625087425100, 2.590674857712704800, 11.10000000000000000 ) ) ;
#2590 = CARTESIAN_POINT ( 'NONE',  ( -0.6582106952988198100, 3.999586195699461400, 11.10000000000000000 ) ) ;
#2591 = ORIENTED_EDGE ( 'NONE', *, *, #2762, .T. ) ;
#2592 = EDGE_CURVE ( 'NONE', #2403, #2757, #3407, .T. ) ;
#2593 = CARTESIAN_POINT ( 'NONE',  ( -0.3746830962753607800, 3.078787810749421100, 10.98999999999999500 ) ) ;
#2594 = DIRECTION ( 'NONE',  ( 0.0000000000000000000, -1.000000000000000000, 0.0000000000000000000 ) ) ;
#2595 = CARTESIAN_POINT ( 'NONE',  ( 1.208366518088712200, 4.024665611418283700, 11.09999999999999800 ) ) ;
#2596 = CARTESIAN_POINT ( 'NONE',  ( 1.249743945988883300, 3.293162532273088400, 10.98999999999999500 ) ) ;
#2597 = CARTESIAN_POINT ( 'NONE',  ( 0.6568249895788893500, 2.543918646667260800, 10.98999999999999500 ) ) ;
#2598 = CARTESIAN_POINT ( 'NONE',  ( -0.3742182270143167300, 3.037607492103921100, 11.09999999999999800 ) ) ;
#2599 = CARTESIAN_POINT ( 'NONE',  ( -5.000000000000000900, -1.502314598737159600E-015, 11.09999999999999800 ) ) ;
#2600 = CARTESIAN_POINT ( 'NONE',  ( -0.5085079135414453100, 3.400061065581185800, 11.09999999999999400 ) ) ;
#2601 = CARTESIAN_POINT ( 'NONE',  ( 0.6160209507482399300, 2.564857336728874100, 11.09999999999999800 ) ) ;
#2602 = DIRECTION ( 'NONE',  ( 0.0000000000000000000, 0.0000000000000000000, 1.000000000000000000 ) ) ;
#2603 = ADVANCED_FACE ( 'NONE', ( #2861 ), #2086, .T. ) ;
#2604 = CARTESIAN_POINT ( 'NONE',  ( 0.7528436732653879200, 3.378760981436651300, 10.98999999999999500 ) ) ;
#2605 = FACE_OUTER_BOUND ( 'NONE', #576, .T. ) ;
#2606 = CARTESIAN_POINT ( 'NONE',  ( 0.8806560376902714500, 4.115239534502714000, 10.98999999999999800 ) ) ;
#2607 = ORIENTED_EDGE ( 'NONE', *, *, #2336, .T. ) ;
#2608 = FACE_OUTER_BOUND ( 'NONE', #1386, .T. ) ;
#2609 = CARTESIAN_POINT ( 'NONE',  ( 0.4422103444142542700, 3.848012067996778600, 11.09999999999999800 ) ) ;
#2610 = CARTESIAN_POINT ( 'NONE',  ( -0.5559430954842834400, 3.050254611289249200, 11.10000000000000000 ) ) ;
#2611 = CARTESIAN_POINT ( 'NONE',  ( -0.6414374836670092600, 3.484269810391386300, 11.09999999999999800 ) ) ;
#2612 = ORIENTED_EDGE ( 'NONE', *, *, #2592, .F. ) ;
#2613 = APPLICATION_PROTOCOL_DEFINITION ( 'international standard', 'config_control_design', 1994, #1541 ) ;
#2614 = CARTESIAN_POINT ( 'NONE',  ( 0.0000000000000000000, 0.0000000000000000000, 6.899999999999996800 ) ) ;
#2615 = ORIENTED_EDGE ( 'NONE', *, *, #2209, .T. ) ;
#2616 = CARTESIAN_POINT ( 'NONE',  ( 0.5565642138644852900, 3.081381506824394800, 10.98999999999999500 ) ) ;
#2617 = CARTESIAN_POINT ( 'NONE',  ( 1.235442505271536500, 3.820442623383100100, 11.09999999999999800 ) ) ;
#2618 = ADVANCED_FACE ( 'NONE', ( #343 ), #2072, .T. ) ;
#2619 = CARTESIAN_POINT ( 'NONE',  ( 0.4422103444142542700, 3.848012067996778600, 10.98999999999999300 ) ) ;
#2620 = CARTESIAN_POINT ( 'NONE',  ( 1.016970726732513400, 3.317572998984164000, 11.09999999999999400 ) ) ;
#2621 = CARTESIAN_POINT ( 'NONE',  ( 0.8234779706738719600, 4.298990583427367600, 11.09999999999999800 ) ) ;
#2622 = CARTESIAN_POINT ( 'NONE',  ( -0.6486048258870290600, 4.250047618791763100, 11.09999999999999800 ) ) ;
#2623 = CARTESIAN_POINT ( 'NONE',  ( 0.0000000000000000000, 0.0000000000000000000, 11.09999999999999800 ) ) ;
#2624 = ORIENTED_EDGE ( 'NONE', *, *, #1561, .T. ) ;
#2625 = CARTESIAN_POINT ( 'NONE',  ( 1.213701159392143400, 3.350385268182777000, 10.98999999999999700 ) ) ;
#2626 = PLANE ( 'NONE',  #2467 ) ;
#2627 = VERTEX_POINT ( 'NONE', #1030 ) ;
#2628 = CARTESIAN_POINT ( 'NONE',  ( 0.7917573667689389300, 2.509414347494277800, 11.10000000000000000 ) ) ;
#2629 = CARTESIAN_POINT ( 'NONE',  ( -1.058864687778534200, 2.811996005832695800, 10.98999999999999800 ) ) ;
#2630 = CARTESIAN_POINT ( 'NONE',  ( -0.7327822264671382000, 3.368355952270726000, 11.09999999999999800 ) ) ;
#2631 = CARTESIAN_POINT ( 'NONE',  ( 0.4692772780863131400, 4.029384377752948300, 11.09999999999999800 ) ) ;
#2632 = EDGE_CURVE ( 'NONE', #2268, #2284, #1546, .T. ) ;
#2633 = CARTESIAN_POINT ( 'NONE',  ( -0.7589748229290035300, 4.292063561421024100, 11.09999999999999800 ) ) ;
#2634 = CARTESIAN_POINT ( 'NONE',  ( 2.499999999999999600, -4.330127018922194500, 11.09999999999999800 ) ) ;
#2635 = EDGE_CURVE ( 'NONE', #3177, #1249, #59, .T. ) ;
#2636 = CARTESIAN_POINT ( 'NONE',  ( 0.7792555256931167400, 3.386946384776036800, 11.09999999999999800 ) ) ;
#2637 = VERTEX_POINT ( 'NONE', #3273 ) ;
#2638 = CARTESIAN_POINT ( 'NONE',  ( 0.7837749520541539300, 2.694733756089795500, 10.98999999999999800 ) ) ;
#2639 = CARTESIAN_POINT ( 'NONE',  ( 1.234445005991383600, 3.780987957570796100, 11.10000000000000100 ) ) ;
#2640 = ORIENTED_EDGE ( 'NONE', *, *, #931, .T. ) ;
#2641 = CARTESIAN_POINT ( 'NONE',  ( 0.3753171337874330300, 2.985824556656354400, 10.98999999999999700 ) ) ;
#2642 = CARTESIAN_POINT ( 'NONE',  ( 0.6437700422262356800, 3.485094091247523900, 10.98999999999999800 ) ) ;
#2643 = CARTESIAN_POINT ( 'NONE',  ( -0.7327822264671382000, 3.368355952270726000, 10.98999999999999300 ) ) ;
#2644 = CARTESIAN_POINT ( 'NONE',  ( 0.4855814411786674700, 4.068813819707295400, 11.09999999999999800 ) ) ;
#2645 = VECTOR ( 'NONE', #3466, 1000.000000000000000 ) ;
#2646 = CARTESIAN_POINT ( 'NONE',  ( -3.556264818047234900, 3.720292241887092700, 11.01834180287622900 ) ) ;
#2647 = CARTESIAN_POINT ( 'NONE',  ( -0.6236825127286025300, 3.841279367103922000, 10.98999999999999500 ) ) ;
#2648 = CARTESIAN_POINT ( 'NONE',  ( -0.9603795227919912400, 4.282461523859114800, 10.99000000000000400 ) ) ;
#2649 = ORIENTED_EDGE ( 'NONE', *, *, #3070, .T. ) ;
#2650 = LINE ( 'NONE', #3563, #1867 ) ;
#2651 = CARTESIAN_POINT ( 'NONE',  ( -0.8401919993357454000, 4.118028809068207800, 8.861479739173429200 ) ) ;
#2652 = VERTEX_POINT ( 'NONE', #2514 ) ;
#2653 = ORIENTED_EDGE ( 'NONE', *, *, #82, .T. ) ;
#2654 = CARTESIAN_POINT ( 'NONE',  ( -0.4457689604729130900, 3.322533053400383600, 10.98999999999999800 ) ) ;
#2655 = CARTESIAN_POINT ( 'NONE',  ( -0.7812984618134347600, 2.694893812833548000, 11.09999999999999800 ) ) ;
#2656 = ADVANCED_FACE ( 'NONE', ( #2953 ), #2902, .T. ) ;
#2657 = CARTESIAN_POINT ( 'NONE',  ( -0.9752934689198478100, 3.354503983795139400, 11.09999999999999800 ) ) ;
#2658 = EDGE_LOOP ( 'NONE', ( #2534, #69, #3386, #996 ) ) ;
#2659 = CARTESIAN_POINT ( 'NONE',  ( -0.8219827694268361200, 2.508383653686455400, 10.98999999999999500 ) ) ;
#2660 = CARTESIAN_POINT ( 'NONE',  ( 1.101848887526962500, 3.181327892350340700, 11.09999999999999400 ) ) ;
#2661 = CARTESIAN_POINT ( 'NONE',  ( -0.6584270048649129000, 2.761656325696176600, 10.98999999999999700 ) ) ;
#2662 = CARTESIAN_POINT ( 'NONE',  ( 4.427599895641189700E-016, 5.773502691896256400, 10.65341801261479800 ) ) ;
#2663 = CARTESIAN_POINT ( 'NONE',  ( -5.000000000000000900, -2.886751345948127300, 11.09999999999999800 ) ) ;
#2664 = EDGE_CURVE ( 'NONE', #1823, #2541, #3127, .T. ) ;
#2665 = DIRECTION ( 'NONE',  ( 0.8660254037844383700, -0.5000000000000003300, 0.0000000000000000000 ) ) ;
#2666 = CIRCLE ( 'NONE', #2521, 2.999999999999998700 ) ;
#2667 = CARTESIAN_POINT ( 'NONE',  ( -0.5844976196053696100, 4.201379318578498900, 11.09999999999999800 ) ) ;
#2668 = CARTESIAN_POINT ( 'NONE',  ( 0.8255034504689937600, 3.574574537859277300, 11.09999999999999800 ) ) ;
#2669 = CARTESIAN_POINT ( 'NONE',  ( -0.4142436072406059900, 3.261533241853796600, 10.98999999999999800 ) ) ;
#2670 = CARTESIAN_POINT ( 'NONE',  ( 0.7446414961588572200, 2.516079339317844900, 10.98999999999999500 ) ) ;
#2671 = CARTESIAN_POINT ( 'NONE',  ( 0.6544675988785400000, 3.488698451925350300, 10.98999999999999800 ) ) ;
#2672 = CARTESIAN_POINT ( 'NONE',  ( 0.8644091424102109400, 3.391588352137921500, 11.09999999999999800 ) ) ;
#2673 = CARTESIAN_POINT ( 'NONE',  ( -1.304039655585745200, 3.043631487639635800, 10.98999999999999500 ) ) ;
#2674 = ADVANCED_FACE ( 'NONE', ( #1239 ), #3302, .T. ) ;
#2675 = ORIENTED_EDGE ( 'NONE', *, *, #1445, .F. ) ;
#2676 = CARTESIAN_POINT ( 'NONE',  ( 1.213701159392143400, 3.350385268182777000, 10.98999999999999800 ) ) ;
#2677 = CARTESIAN_POINT ( 'NONE',  ( -0.7327822264671382000, 3.368355952270726000, 10.98999999999999500 ) ) ;
#2678 = CARTESIAN_POINT ( 'NONE',  ( 1.208366518088712200, 4.024665611418283700, 11.09999999999999800 ) ) ;
#2679 = CARTESIAN_POINT ( 'NONE',  ( 0.3745602029613623300, 3.024122769253927900, 11.09999999999999800 ) ) ;
#2680 = CARTESIAN_POINT ( 'NONE',  ( 0.7180248941826465900, 4.075886065384056100, 10.98999999999999500 ) ) ;
#2681 = CARTESIAN_POINT ( 'NONE',  ( 0.4079457818577086900, 5.537975084925936800, 10.78939993990107400 ) ) ;
#2682 = CARTESIAN_POINT ( 'NONE',  ( -0.8401919993357455100, 4.118028809068208700, 11.09999999999999800 ) ) ;
#2683 = ORIENTED_EDGE ( 'NONE', *, *, #398, .F. ) ;
#2684 = CARTESIAN_POINT ( 'NONE',  ( 1.020003590415465600, 3.999586195699461400, 10.98999999999999700 ) ) ;
#2685 = CARTESIAN_POINT ( 'NONE',  ( 0.6243201680307598500, 3.832716322901234700, 10.98999999999999500 ) ) ;
#2686 = EDGE_CURVE ( 'NONE', #2284, #1437, #329, .T. ) ;
#2687 = CARTESIAN_POINT ( 'NONE',  ( -1.293911020393220300, 3.166461406764926600, 10.98999999999999800 ) ) ;
#2688 = CARTESIAN_POINT ( 'NONE',  ( 0.9915908286323488200, 4.040668913566115400, 11.09999999999999800 ) ) ;
#2689 = ORIENTED_EDGE ( 'NONE', *, *, #3198, .T. ) ;
#2690 = VECTOR ( 'NONE', #930, 1000.000000000000000 ) ;
#2691 = CARTESIAN_POINT ( 'NONE',  ( 0.3919975604635507800, 2.876753598648022600, 11.10000000000000000 ) ) ;
#2692 = CARTESIAN_POINT ( 'NONE',  ( 0.8237221836495456400, 4.117206924916009000, 10.98999999999999800 ) ) ;
#2693 = CARTESIAN_POINT ( 'NONE',  ( -1.262769113686722300, 3.272544233422830700, 10.98999999999999300 ) ) ;
#2694 = CARTESIAN_POINT ( 'NONE',  ( -1.020737025579196100, 4.002880141081536000, 11.09999999999999800 ) ) ;
#2695 = ORIENTED_EDGE ( 'NONE', *, *, #2336, .F. ) ;
#2696 = CARTESIAN_POINT ( 'NONE',  ( 0.6137661966650094200, 4.228961355319060400, 10.99000000000000000 ) ) ;
#2697 = VECTOR ( 'NONE', #2295, 1000.000000000000000 ) ;
#2698 = CARTESIAN_POINT ( 'NONE',  ( -0.5875162990796130000, 2.864103027666710800, 10.98999999999999800 ) ) ;
#2699 = DIRECTION ( 'NONE',  ( 1.000000000000000000, -0.0000000000000000000, 0.0000000000000000000 ) ) ;
#2700 = ORIENTED_EDGE ( 'NONE', *, *, #1255, .F. ) ;
#2701 = CARTESIAN_POINT ( 'NONE',  ( 1.021990128403915200, 2.543814928548189200, 11.09999999999999400 ) ) ;
#2702 = EDGE_CURVE ( 'NONE', #1833, #903, #1345, .T. ) ;
#2703 = CARTESIAN_POINT ( 'NONE',  ( -1.304039655585745400, 3.043631487639636200, 11.09999999999999800 ) ) ;
#2704 = VECTOR ( 'NONE', #2983, 1000.000000000000000 ) ;
#2705 = CARTESIAN_POINT ( 'NONE',  ( -5.000000000000001800, 0.9839190663465818800, 11.05675885698639000 ) ) ;
#2706 = CARTESIAN_POINT ( 'NONE',  ( 1.053840696335810500, 3.822435333157181400, 10.98999999999999700 ) ) ;
#2707 = CARTESIAN_POINT ( 'NONE',  ( 0.0000000000000000000, 1.267509437117510200E-015, 6.899999999999996800 ) ) ;
#2708 = CARTESIAN_POINT ( 'NONE',  ( -0.9253706124488971800, 3.378760981436650400, 10.98999999999999500 ) ) ;
#2709 = CARTESIAN_POINT ( 'NONE',  ( 0.3782898315353789300, 3.127182775551927000, 11.09999999999999800 ) ) ;
#2710 = CARTESIAN_POINT ( 'NONE',  ( 0.8523316003796064200, 4.117092635159863800, 11.09999999999999800 ) ) ;
#2711 = EDGE_LOOP ( 'NONE', ( #1961, #3205, #1929, #785, #3305, #3230, #801, #2565 ) ) ;
#2712 = CARTESIAN_POINT ( 'NONE',  ( -0.8864569189453467300, 2.509414347494277800, 10.98999999999999500 ) ) ;
#2713 = CARTESIAN_POINT ( 'NONE',  ( -1.023746686835745400, 3.488698451925350300, 10.98999999999999300 ) ) ;
#2714 = CARTESIAN_POINT ( 'NONE',  ( -0.8544921020647400200, 4.117206924916009900, 10.98999999999999800 ) ) ;
#2715 = CARTESIAN_POINT ( 'NONE',  ( 1.052509045564520100, 3.786124350368182500, 10.98999999999999500 ) ) ;
#2716 = CARTESIAN_POINT ( 'NONE',  ( -0.7039629735195176400, 2.725777983091162600, 10.98999999999999800 ) ) ;
#2717 = CARTESIAN_POINT ( 'NONE',  ( 0.7551066145174263300, 3.591089821096199700, 11.09999999999999800 ) ) ;
#2718 = B_SPLINE_CURVE_WITH_KNOTS ( 'NONE', 3,
 ( #2900, #991, #2146, #1019, #3533, #720, #2956, #202, #1266, #1822, #3248, #1031, #707, #1559, #1572, #1875, #2970, #1278, #2941 ),
 .UNSPECIFIED., .F., .F.,
 ( 4, 1, 1, 1, 1, 1, 1, 1, 1, 1, 1, 1, 1, 1, 1, 1, 4 ),
 ( 0.0000000000000000000, 0.05771703668670721100, 0.1139944747680077800, 0.1689375842317504000, 0.2241794871235043600, 0.2799688045719304600, 0.3376331636966860000, 0.3970921931266116500, 0.4590418275838770700, 0.5225259007509049900, 0.5861215733290791000, 0.6501023529161029700, 0.7154073102766302900, 0.7827625508401580000, 0.8522752723205725400, 0.9245072986072190300, 1.000000000000000000 ),
 .UNSPECIFIED. ) ;
#2719 = CARTESIAN_POINT ( 'NONE',  ( 0.0000000000000000000, 0.0000000000000000000, 11.09999999999999800 ) ) ;
#2720 = CARTESIAN_POINT ( 'NONE',  ( 0.3741746301285400200, 3.043631487639636200, 10.98999999999999300 ) ) ;
#2721 = DIRECTION ( 'NONE',  ( 0.0000000000000000000, 0.0000000000000000000, 1.000000000000000000 ) ) ;
#2722 = ORIENTED_EDGE ( 'NONE', *, *, #1586, .T. ) ;
#2723 = CARTESIAN_POINT ( 'NONE',  ( -1.286216725250735000, 2.876753598648022600, 11.10000000000000000 ) ) ;
#2724 = DIRECTION ( 'NONE',  ( 1.000000000000000000, 0.0000000000000000000, 0.0000000000000000000 ) ) ;
#2725 = CARTESIAN_POINT ( 'NONE',  ( 4.427599895641189700E-016, 5.773502691896256400, 10.65341801261479800 ) ) ;
#2726 = CARTESIAN_POINT ( 'NONE',  ( -0.7570251182945694200, 4.099643929567848800, 11.09999999999999800 ) ) ;
#2727 = CARTESIAN_POINT ( 'NONE',  ( -1.053894117683525500, 3.832716322901234700, 10.98999999999999700 ) ) ;
#2728 = CARTESIAN_POINT ( 'NONE',  ( 0.7965535087340961400, 3.576218123216201100, 11.09999999999999800 ) ) ;
#2729 = FACE_OUTER_BOUND ( 'NONE', #2014, .T. ) ;
#2730 = CARTESIAN_POINT ( 'NONE',  ( 0.7569952974551579200, 2.702699384954925700, 10.98999999999998600 ) ) ;
#2731 = CARTESIAN_POINT ( 'NONE',  ( -1.183926537799608700, 3.625410187238375000, 10.98999999999999500 ) ) ;
#2732 = ORIENTED_EDGE ( 'NONE', *, *, #594, .F. ) ;
#2733 = CARTESIAN_POINT ( 'NONE',  ( 1.271670625776733400, 2.825106878882725600, 11.09999999999999400 ) ) ;
#2734 = FACE_OUTER_BOUND ( 'NONE', #1902, .T. ) ;
#2735 = CARTESIAN_POINT ( 'NONE',  ( 0.3743459832317173600, 3.057931034967372500, 11.10000000000000000 ) ) ;
#2736 = CARTESIAN_POINT ( 'NONE',  ( -1.271623558663964400, 2.826570149929942900, 11.09999999999999400 ) ) ;
#2737 = ORIENTED_EDGE ( 'NONE', *, *, #1084, .F. ) ;
#2738 = CARTESIAN_POINT ( 'NONE',  ( -1.303532118361113900, 3.085985856656808100, 11.09999999999999800 ) ) ;
#2739 = CARTESIAN_POINT ( 'NONE',  ( -0.4933928207397054200, 3.625437816364761800, 11.09999999999999800 ) ) ;
#2740 = CARTESIAN_POINT ( 'NONE',  ( -0.4486750457300372500, 3.936887472714855300, 10.98999999999999500 ) ) ;
#2741 = CARTESIAN_POINT ( 'NONE',  ( 0.4855814411786674700, 4.068813819707295400, 10.98999999999999700 ) ) ;
#2742 = VERTEX_POINT ( 'NONE', #2522 ) ;
#2743 = CARTESIAN_POINT ( 'NONE',  ( 1.020692637068000300, 3.687845631139601300, 11.09999999999999600 ) ) ;
#2744 = CARTESIAN_POINT ( 'NONE',  ( 1.038286095663232900, 3.294665809462164100, 11.10000000000000000 ) ) ;
#2745 = B_SPLINE_CURVE_WITH_KNOTS ( 'NONE', 3,
 ( #1685, #28, #3089, #302, #2533, #1446, #1159, #1191, #1474, #1998, #3110 ),
 .UNSPECIFIED., .F., .F.,
 ( 4, 1, 1, 1, 1, 1, 1, 1, 4 ),
 ( 0.0000000000000000000, 0.1438186084352600600, 0.2767201840605344500, 0.4013965905471703600, 0.5205947740628840100, 0.6372932455672328800, 0.7540980756085196000, 0.8739621908267567500, 1.000000000000000000 ),
 .UNSPECIFIED. ) ;
#2746 = CARTESIAN_POINT ( 'NONE',  ( 1.303996058699968400, 3.037607492103921100, 10.98999999999999500 ) ) ;
#2747 = CARTESIAN_POINT ( 'NONE',  ( 0.7569952974551579200, 2.702699384954925700, 11.09999999999999800 ) ) ;
#2748 = CARTESIAN_POINT ( 'NONE',  ( -0.9601893915316388500, 4.075886065384057800, 10.98999999999999800 ) ) ;
#2749 = DIRECTION ( 'NONE',  ( 0.0000000000000000000, 1.000000000000000000, 0.0000000000000000000 ) ) ;
#2750 = CARTESIAN_POINT ( 'NONE',  ( 0.4481555283413811700, 3.333638543034679500, 11.09999999999999800 ) ) ;
#2751 = CARTESIAN_POINT ( 'NONE',  ( 0.9976264924929538800, 2.742145193330006500, 11.09999999999999800 ) ) ;
#2752 = CARTESIAN_POINT ( 'NONE',  ( -1.054575369871459700, 3.852973005496779000, 10.98999999999999800 ) ) ;
#2753 = CARTESIAN_POINT ( 'NONE',  ( -0.8409007046928883600, 4.299457380496778400, 11.09999999999999800 ) ) ;
#2754 = CARTESIAN_POINT ( 'NONE',  ( -0.9603233361627270300, 3.615830637768700000, 11.09999999999999800 ) ) ;
#2755 = EDGE_CURVE ( 'NONE', #220, #2181, #3174, .T. ) ;
#2756 = CARTESIAN_POINT ( 'NONE',  ( 0.6845236577309996600, 3.648783547728788400, 10.98999999999999300 ) ) ;
#2757 = VERTEX_POINT ( 'NONE', #3026 ) ;
#2758 = CARTESIAN_POINT ( 'NONE',  ( 3.504676902604216000E-016, 5.773502691896256400, 11.09999999999999800 ) ) ;
#2759 = CARTESIAN_POINT ( 'NONE',  ( 0.6826496769929251100, 2.743923215597084300, 10.98999999999998600 ) ) ;
#2760 = CARTESIAN_POINT ( 'NONE',  ( -1.223920292096846200, 3.727023994742694900, 10.98999999999999700 ) ) ;
#2761 = CARTESIAN_POINT ( 'NONE',  ( 1.202557627786347000, 2.693411838465792100, 10.98999999999999500 ) ) ;
#2762 = EDGE_CURVE ( 'NONE', #2181, #2808, #306, .T. ) ;
#2763 = CARTESIAN_POINT ( 'NONE',  ( 0.4481555283413811700, 3.333638543034679500, 10.98999999999999100 ) ) ;
#2764 = CARTESIAN_POINT ( 'NONE',  ( 0.5556032015571114000, 3.044340192996778600, 10.98999999999998600 ) ) ;
#2765 = CARTESIAN_POINT ( 'NONE',  ( 1.121554129545606600, 2.999161672086136900, 11.09999999999999800 ) ) ;
#2766 = CARTESIAN_POINT ( 'NONE',  ( -1.053894117683525500, 3.832716322901234700, 10.98999999999999800 ) ) ;
#2767 = CARTESIAN_POINT ( 'NONE',  ( -0.4856980809872308800, 4.065043260645913900, 10.98999999999999500 ) ) ;
#2768 = CARTESIAN_POINT ( 'NONE',  ( -0.9603233361627270300, 3.615830637768700000, 10.98999999999999300 ) ) ;
#2769 = DIRECTION ( 'NONE',  ( 0.0000000000000000000, 0.0000000000000000000, 1.000000000000000000 ) ) ;
#2770 = B_SPLINE_CURVE_WITH_KNOTS ( 'NONE', 3,
 ( #2274, #298, #1442, #6, #2288, #2800 ),
 .UNSPECIFIED., .F., .F.,
 ( 4, 2, 4 ),
 ( 0.008330568960013350100, 0.009793170052158944200, 0.01125577114430454000 ),
 .UNSPECIFIED. ) ;
#2771 = ORIENTED_EDGE ( 'NONE', *, *, #2132, .F. ) ;
#2772 = CARTESIAN_POINT ( 'NONE',  ( 1.296836896372984200, 2.926528197917742900, 10.98999999999999500 ) ) ;
#2773 = CARTESIAN_POINT ( 'NONE',  ( 0.8237221836495456400, 4.117206924916009000, 11.10000000000000000 ) ) ;
#2774 = CARTESIAN_POINT ( 'NONE',  ( -1.304039655585745400, 3.043631487639636200, 11.09999999999999800 ) ) ;
#2775 = CARTESIAN_POINT ( 'NONE',  ( 0.6377744588230432900, 3.497087262138151200, 10.98999999999999700 ) ) ;
#2776 = EDGE_CURVE ( 'NONE', #1437, #1242, #3057, .T. ) ;
#2777 = CARTESIAN_POINT ( 'NONE',  ( -0.4427717804427487300, 3.820442623383100100, 10.98999999999999500 ) ) ;
#2778 = CARTESIAN_POINT ( 'NONE',  ( 0.4306602012924680100, 3.304055035815018000, 11.09999999999999800 ) ) ;
#2779 = FACE_OUTER_BOUND ( 'NONE', #2094, .T. ) ;
#2780 = DIRECTION ( 'NONE',  ( -0.0000000000000000000, 7.041719095097278900E-017, 1.000000000000000000 ) ) ;
#2781 = EDGE_LOOP ( 'NONE', ( #2187, #1654, #2795 ) ) ;
#2782 = CARTESIAN_POINT ( 'NONE',  ( -1.111910316707101800, 3.151495128754886000, 11.09999999999999400 ) ) ;
#2783 = CARTESIAN_POINT ( 'NONE',  ( -1.208937007627972400, 4.029384377752949200, 11.09999999999999800 ) ) ;
#2784 = ORIENTED_EDGE ( 'NONE', *, *, #578, .F. ) ;
#2785 = FACE_OUTER_BOUND ( 'NONE', #3592, .T. ) ;
#2786 = CARTESIAN_POINT ( 'NONE',  ( -1.040891710517056100, 3.738849586482319700, 10.98999999999999700 ) ) ;
#2787 = CARTESIAN_POINT ( 'NONE',  ( -0.9470668744120351900, 2.713231921530398600, 10.98999999999999500 ) ) ;
#2788 = ORIENTED_EDGE ( 'NONE', *, *, #3070, .F. ) ;
#2789 = VECTOR ( 'NONE', #3420, 1000.000000000000000 ) ;
#2790 = CARTESIAN_POINT ( 'NONE',  ( -0.9212189882591276200, 2.702699384954926600, 11.10000000000000000 ) ) ;
#2791 = CARTESIAN_POINT ( 'NONE',  ( -0.4645131263221418100, 3.350385268182776600, 11.09999999999999800 ) ) ;
#2792 = CARTESIAN_POINT ( 'NONE',  ( -1.192632844535617800, 4.068813819707294500, 11.09999999999999800 ) ) ;
#2793 = CARTESIAN_POINT ( 'NONE',  ( 1.230000267503983800, 2.734458961880007700, 11.09999999999999800 ) ) ;
#2794 = CARTESIAN_POINT ( 'NONE',  ( 0.5369455421288288300, 3.429888379809924400, 11.09999999999999800 ) ) ;
#2795 = ORIENTED_EDGE ( 'NONE', *, *, #218, .T. ) ;
#2796 = CARTESIAN_POINT ( 'NONE',  ( 0.6021545689035990900, 2.839444491132630900, 11.10000000000000100 ) ) ;
#2797 = CARTESIAN_POINT ( 'NONE',  ( 1.118378113151570400, 2.962214966687883400, 11.09999999999999800 ) ) ;
#2798 = CARTESIAN_POINT ( 'NONE',  ( -0.8426724680857453600, 3.392314523353921400, 11.09999999999999400 ) ) ;
#2799 = DIRECTION ( 'NONE',  ( 0.0000000000000000000, 0.0000000000000000000, -1.000000000000000000 ) ) ;
#2800 = CARTESIAN_POINT ( 'NONE',  ( 4.999999999999997300, 2.886751345948130000, 10.65341801261479800 ) ) ;
#2801 = B_SPLINE_CURVE_WITH_KNOTS ( 'NONE', 3,
 ( #3192, #914, #183, #2973, #710, #2677, #3553, #195, #685, #3500, #1563, #2920, #147, #1298, #1855, #2389, #3511, #3265, #1811 ),
 .UNSPECIFIED., .F., .F.,
 ( 4, 1, 1, 1, 1, 1, 1, 1, 1, 1, 1, 1, 1, 1, 1, 1, 4 ),
 ( 0.0000000000000000000, 0.05714421814673909000, 0.1128719492440454200, 0.1672755204953277900, 0.2222108219716358900, 0.2779863488784427600, 0.3349522430030182900, 0.3941454071314868200, 0.4561918126741657500, 0.5191336397751522600, 0.5826615906916169400, 0.6470982116027392800, 0.7125160910246586300, 0.7797311783190930000, 0.8498980221572595100, 0.9233835581360155800, 1.000000000000000000 ),
 .UNSPECIFIED. ) ;
#2802 = CARTESIAN_POINT ( 'NONE',  ( -1.121650071849799500, 3.081381506824395300, 10.98999999999999500 ) ) ;
#2803 = CARTESIAN_POINT ( 'NONE',  ( -1.031615177914625400, 4.250848728142858400, 11.09999999999999800 ) ) ;
#2804 = CARTESIAN_POINT ( 'NONE',  ( -0.6523850796928881700, 3.488698451925350300, 10.98999999999999500 ) ) ;
#2805 = CARTESIAN_POINT ( 'NONE',  ( 1.090697986634672200, 2.864103027666709900, 11.09999999999999800 ) ) ;
#2806 = CARTESIAN_POINT ( 'NONE',  ( -0.7951268446144071900, 3.576164180205419800, 11.09999999999999800 ) ) ;
#2807 = CARTESIAN_POINT ( 'NONE',  ( -1.234585504473014100, 3.785695865919705700, 11.09999999999999800 ) ) ;
#2808 = VERTEX_POINT ( 'NONE', #3589 ) ;
#2809 = CARTESIAN_POINT ( 'NONE',  ( 0.4425351997977922700, 3.864326726171309500, 11.09999999999999800 ) ) ;
#2810 = CARTESIAN_POINT ( 'NONE',  ( -1.090613739299394400, 2.868862162125169300, 11.10000000000000000 ) ) ;
#2811 = ORIENTED_EDGE ( 'NONE', *, *, #1974, .F. ) ;
#2812 = CARTESIAN_POINT ( 'NONE',  ( -0.3839958329236911600, 3.157004606534853600, 11.09999999999999800 ) ) ;
#2813 = CARTESIAN_POINT ( 'NONE',  ( -1.220722281943074500, 3.987208923903869300, 11.09999999999999800 ) ) ;
#2814 = AXIS2_PLACEMENT_3D ( 'NONE', #177, #1016, #2724 ) ;
#2815 = CARTESIAN_POINT ( 'NONE',  ( -0.4540573916131993000, 3.724325877507182400, 10.98999999999999500 ) ) ;
#2816 = CARTESIAN_POINT ( 'NONE',  ( -0.4065436599375523700, 2.825106878882725600, 10.98999999999999500 ) ) ;
#2817 = CARTESIAN_POINT ( 'NONE',  ( 0.8401484024499685800, 2.507850237639635900, 10.98999999999999500 ) ) ;
#2818 = VERTEX_POINT ( 'NONE', #222 ) ;
#2819 = CARTESIAN_POINT ( 'NONE',  ( -1.017947982997271300, 2.764143355255867600, 10.99000000000000400 ) ) ;
#2820 = EDGE_LOOP ( 'NONE', ( #610, #854, #2607, #402 ) ) ;
#2821 = CARTESIAN_POINT ( 'NONE',  ( -0.5556467984428882200, 3.037253139425350100, 11.09999999999999800 ) ) ;
#2822 = CARTESIAN_POINT ( 'NONE',  ( -0.5600966179227666600, 3.441782203133338500, 10.98999999999999500 ) ) ;
#2823 = DIRECTION ( 'NONE',  ( -0.0000000000000000000, 7.041719095097278900E-017, 1.000000000000000000 ) ) ;
#2824 = FACE_OUTER_BOUND ( 'NONE', #482, .T. ) ;
#2825 = EDGE_CURVE ( 'NONE', #425, #1425, #3584, .T. ) ;
#2826 = CARTESIAN_POINT ( 'NONE',  ( 1.122854076202433500, 4.171520288981032100, 10.98999999999999300 ) ) ;
#2827 = ADVANCED_FACE ( 'NONE', ( #1337 ), #83, .T. ) ;
#2828 = ORIENTED_EDGE ( 'NONE', *, *, #2084, .T. ) ;
#2829 = CARTESIAN_POINT ( 'NONE',  ( 1.118117667791518800, 3.441782203133339400, 10.98999999999999700 ) ) ;
#2830 = FACE_BOUND ( 'NONE', #942, .T. ) ;
#2831 = CARTESIAN_POINT ( 'NONE',  ( -1.183926537799608700, 3.625410187238375000, 11.09999999999999400 ) ) ;
#2832 = EDGE_CURVE ( 'NONE', #1138, #1827, #3359, .T. ) ;
#2833 = VERTEX_POINT ( 'NONE', #3308 ) ;
#2834 = CARTESIAN_POINT ( 'NONE',  ( -1.121769488191112700, 3.005860478051176600, 10.98999999999999700 ) ) ;
#2835 = EDGE_LOOP ( 'NONE', ( #2695, #3458, #2557, #2957 ) ) ;
#2836 = CARTESIAN_POINT ( 'NONE',  ( 0.8401484024499685800, 3.573743094782492900, 11.09999999999999800 ) ) ;
#2837 = CARTESIAN_POINT ( 'NONE',  ( -0.4854149202588313200, 3.376309752780876300, 11.09999999999999800 ) ) ;
#2838 = CARTESIAN_POINT ( 'NONE',  ( -0.4422539413000310400, 3.840925014425350200, 11.09999999999999800 ) ) ;
#2839 = PLANE ( 'NONE',  #634 ) ;
#2840 = CARTESIAN_POINT ( 'NONE',  ( -0.5407651452462483000, 2.620734010285415700, 10.98999999999999800 ) ) ;
#2841 = CARTESIAN_POINT ( 'NONE',  ( -2.179844288869871400E-005, 2.779993094782492700, 11.09999999999999800 ) ) ;
#2842 = ADVANCED_FACE ( 'NONE', ( #1736 ), #2074, .T. ) ;
#2843 = CARTESIAN_POINT ( 'NONE',  ( 0.0000000000000000000, 5.281289321322972100E-017, -10.35000000000000100 ) ) ;
#2844 = CARTESIAN_POINT ( 'NONE',  ( 0.8830874410998778000, 3.576164180205419800, 10.98999999999999500 ) ) ;
#2845 = CARTESIAN_POINT ( 'NONE',  ( -0.3742182270143167300, 3.037607492103921100, 11.09999999999999800 ) ) ;
#2846 = CARTESIAN_POINT ( 'NONE',  ( 0.4252586938712641400, 2.779229209349934200, 11.09999999999999800 ) ) ;
#2847 = ORIENTED_EDGE ( 'NONE', *, *, #1951, .F. ) ;
#2848 = DIRECTION ( 'NONE',  ( 0.0000000000000000000, 0.0000000000000000000, 1.000000000000000000 ) ) ;
#2849 = CARTESIAN_POINT ( 'NONE',  ( 2.162291008814956900, 4.508269911307219300, 11.09999999999999800 ) ) ;
#2850 = CARTESIAN_POINT ( 'NONE',  ( -1.153434876418467900, 3.582740964429533800, 11.09999999999999800 ) ) ;
#2851 = CARTESIAN_POINT ( 'NONE',  ( -0.6243735893784749800, 3.822435333157181400, 11.09999999999999800 ) ) ;
#2852 = CARTESIAN_POINT ( 'NONE',  ( 0.4486788801372231200, 2.735053065727922000, 10.98999999999999500 ) ) ;
#2853 = CARTESIAN_POINT ( 'NONE',  ( 0.5407197773543616100, 2.620593281444169300, 11.09999999999999800 ) ) ;
#2854 = AXIS2_PLACEMENT_3D ( 'NONE', #3055, #1936, #2510 ) ;
#2855 = CARTESIAN_POINT ( 'NONE',  ( 3.504676902604216000E-016, 5.773502691896256400, 11.09999999999999800 ) ) ;
#2856 = ADVANCED_FACE ( 'NONE', ( #257 ), #870, .T. ) ;
#2857 = ORIENTED_EDGE ( 'NONE', *, *, #1076, .T. ) ;
#2858 = CARTESIAN_POINT ( 'NONE',  ( -0.4482140182103012700, 2.734458961880007700, 10.98999999999999500 ) ) ;
#2859 = CARTESIAN_POINT ( 'NONE',  ( 0.7954436153070398900, 4.115581642384268200, 11.09999999999999800 ) ) ;
#2860 = CARTESIAN_POINT ( 'NONE',  ( 0.5407197773543616100, 2.620593281444169300, 10.98999999999999800 ) ) ;
#2861 = FACE_OUTER_BOUND ( 'NONE', #2781, .T. ) ;
#2862 = ORIENTED_EDGE ( 'NONE', *, *, #976, .T. ) ;
#2863 = CARTESIAN_POINT ( 'NONE',  ( -0.9470668744120351900, 2.713231921530398600, 10.98999999999999500 ) ) ;
#2864 = CARTESIAN_POINT ( 'NONE',  ( -0.6236825127286025300, 3.841279367103922000, 10.98999999999999500 ) ) ;
#2865 = CARTESIAN_POINT ( 'NONE',  ( -0.4284703397254018800, 3.293162532273087500, 11.09999999999999400 ) ) ;
#2866 = ORIENTED_EDGE ( 'NONE', *, *, #2455, .T. ) ;
#2867 = LINE ( 'NONE', #3274, #2045 ) ;
#2868 = CARTESIAN_POINT ( 'NONE',  ( -0.6243467217928039300, 3.860717313862763500, 10.98999999999999500 ) ) ;
#2869 = PLANE ( 'NONE',  #3138 ) ;
#2870 = ORIENTED_EDGE ( 'NONE', *, *, #2407, .T. ) ;
#2871 = VECTOR ( 'NONE', #815, 1000.000000000000000 ) ;
#2872 = CARTESIAN_POINT ( 'NONE',  ( 0.6007665891587287100, 3.243361380375340700, 11.09999999999999800 ) ) ;
#2873 = ORIENTED_EDGE ( 'NONE', *, *, #594, .T. ) ;
#2874 = CARTESIAN_POINT ( 'NONE',  ( 1.118406057199514000, 3.546259320907157800, 11.09999999999999400 ) ) ;
#2875 = EDGE_CURVE ( 'NONE', #1249, #1650, #843, .T. ) ;
#2876 = CARTESIAN_POINT ( 'NONE',  ( 0.4426954307231871200, 3.826700765387793400, 11.09999999999999800 ) ) ;
#2877 = CARTESIAN_POINT ( 'NONE',  ( -5.000000000000001800, -0.9733091224383171300, 11.05794788152175400 ) ) ;
#2878 = CARTESIAN_POINT ( 'NONE',  ( 0.6602663027170150300, 2.764143355255866300, 11.09999999999999800 ) ) ;
#2879 = CARTESIAN_POINT ( 'NONE',  ( -0.3746830962753607800, 3.078787810749421100, 11.09999999999999800 ) ) ;
#2880 = PERSON_AND_ORGANIZATION ( #1849, #3292 ) ;
#2881 = DIRECTION ( 'NONE',  ( 0.8660254037844387100, 0.4999999999999998300, 0.0000000000000000000 ) ) ;
#2882 = CARTESIAN_POINT ( 'NONE',  ( 0.5663039690071834900, 3.151495128754884700, 10.98999999999999300 ) ) ;
#2883 = CARTESIAN_POINT ( 'NONE',  ( -0.6156635072701832600, 2.564985003419149500, 10.98999999999999500 ) ) ;
#2884 = CARTESIAN_POINT ( 'NONE',  ( -0.5565235814852037600, 3.075726254113675400, 11.10000000000000000 ) ) ;
#2885 = CARTESIAN_POINT ( 'NONE',  ( -0.4645131263221418100, 3.350385268182776600, 11.09999999999999800 ) ) ;
#2886 = ORIENTED_EDGE ( 'NONE', *, *, #848, .T. ) ;
#2887 = EDGE_CURVE ( 'NONE', #2276, #907, #1774, .T. ) ;
#2888 = APPROVAL_ROLE ( '' ) ;
#2889 = CARTESIAN_POINT ( 'NONE',  ( -0.8269415653015734800, 4.299030532466503000, 11.09999999999999800 ) ) ;
#2890 = CARTESIAN_POINT ( 'NONE',  ( -1.235679085916493000, 3.864326726171309500, 10.98999999999999800 ) ) ;
#2891 = ADVANCED_FACE ( 'NONE', ( #2433 ), #884, .T. ) ;
#2892 = CARTESIAN_POINT ( 'NONE',  ( 0.5559282183600419100, 3.056867659402997500, 10.98999999999999500 ) ) ;
#2893 = CARTESIAN_POINT ( 'NONE',  ( -1.234571052918079000E-015, -5.773502691896258200, 10.65341801261479800 ) ) ;
#2894 = AXIS2_PLACEMENT_3D ( 'NONE', #3368, #2799, #284 ) ;
#2895 = CARTESIAN_POINT ( 'NONE',  ( -1.121769488191112700, 3.005860478051176600, 10.98999999999999700 ) ) ;
#2896 = CARTESIAN_POINT ( 'NONE',  ( -0.7588195602990129900, 3.378875579349696500, 10.98999999999999500 ) ) ;
#2897 = CARTESIAN_POINT ( 'NONE',  ( 0.5538786497364587300, 4.174026752478300600, 11.10000000000000100 ) ) ;
#2898 = EDGE_LOOP ( 'NONE', ( #3494, #2067, #2873, #3622 ) ) ;
#2899 = CARTESIAN_POINT ( 'NONE',  ( -0.4425793669729448100, 3.857358525098147700, 10.98999999999998600 ) ) ;
#2900 = CARTESIAN_POINT ( 'NONE',  ( 0.8355418176285400700, 3.392314523353921400, 11.09999999999999800 ) ) ;
#2901 = CARTESIAN_POINT ( 'NONE',  ( 1.294218452790593800, 3.157004606534853600, 11.09999999999999800 ) ) ;
#2902 = CYLINDRICAL_SURFACE ( 'NONE', #1435, 2.999999999999999100 ) ;
#2903 = CARTESIAN_POINT ( 'NONE',  ( 1.234445005991383600, 3.780987957570796100, 11.09999999999999800 ) ) ;
#2904 = CARTESIAN_POINT ( 'NONE',  ( -0.6805877932213313400, 2.742145193330006500, 11.09999999999999800 ) ) ;
#2905 = ORIENTED_EDGE ( 'NONE', *, *, #797, .F. ) ;
#2906 = ADVANCED_FACE ( 'NONE', ( #608 ), #176, .T. ) ;
#2907 = LINE ( 'NONE', #905, #263 ) ;
#2908 = CARTESIAN_POINT ( 'NONE',  ( 0.7961641877791267900, 4.298069048815628800, 10.98999999999999500 ) ) ;
#2909 = CARTESIAN_POINT ( 'NONE',  ( -0.8219827694268361200, 2.508383653686455400, 11.09999999999999800 ) ) ;
#2910 = CARTESIAN_POINT ( 'NONE',  ( -0.6025311756378546300, 3.242227903075283600, 11.10000000000000000 ) ) ;
#2911 = CARTESIAN_POINT ( 'NONE',  ( -0.6184065810132406400, 2.808556902386627900, 10.98999999999999700 ) ) ;
#2912 = VERTEX_POINT ( 'NONE', #2141 ) ;
#2913 = CARTESIAN_POINT ( 'NONE',  ( 1.054531772985682900, 3.841279367103922000, 11.09999999999999800 ) ) ;
#2914 = PERSON_AND_ORGANIZATION_ROLE ( 'design_supplier' ) ;
#2915 = EDGE_LOOP ( 'NONE', ( #2993, #3283, #734, #314 ) ) ;
#2916 = CARTESIAN_POINT ( 'NONE',  ( -0.6375239882357514000, 3.734214790516043400, 10.98999999999999700 ) ) ;
#2917 = CARTESIAN_POINT ( 'NONE',  ( -1.124335635977826700, 4.174026752478298800, 10.98999999999999800 ) ) ;
#2918 = ORIENTED_EDGE ( 'NONE', *, *, #517, .T. ) ;
#2919 = CARTESIAN_POINT ( 'NONE',  ( 0.8355418176285400700, 3.392314523353921400, 11.09999999999999800 ) ) ;
#2920 = CARTESIAN_POINT ( 'NONE',  ( -0.6025311756378546300, 3.242227903075283600, 10.98999999999999800 ) ) ;
#2921 = CARTESIAN_POINT ( 'NONE',  ( 1.208140701327338600, 3.672378189598520600, 10.98999999999999300 ) ) ;
#2922 = CARTESIAN_POINT ( 'NONE',  ( 0.3745602029613623300, 3.024122769253927900, 10.98999999999999500 ) ) ;
#2923 = CARTESIAN_POINT ( 'NONE',  ( -0.6236825127286025300, 3.841279367103922000, 8.861479739173429200 ) ) ;
#2924 = CARTESIAN_POINT ( 'NONE',  ( -0.6025311756378546300, 3.242227903075283600, 10.98999999999999500 ) ) ;
#2925 = ORIENTED_EDGE ( 'NONE', *, *, #467, .F. ) ;
#2926 = CARTESIAN_POINT ( 'NONE',  ( 0.7178909495515584100, 3.615830637768700000, 10.98999999999999800 ) ) ;
#2927 = CARTESIAN_POINT ( 'NONE',  ( -0.4574003154371527000, 3.981964281914801300, 10.98999999999998800 ) ) ;
#2928 = CARTESIAN_POINT ( 'NONE',  ( -1.095388071781962800, 4.203262673880241000, 10.98999999999999800 ) ) ;
#2929 = ADVANCED_FACE ( 'NONE', ( #821 ), #162, .T. ) ;
#2930 = CARTESIAN_POINT ( 'NONE',  ( -0.6486048258870290600, 4.250047618791763100, 11.09999999999999800 ) ) ;
#2931 = ORIENTED_EDGE ( 'NONE', *, *, #2107, .T. ) ;
#2932 = CARTESIAN_POINT ( 'NONE',  ( -1.166174852279101600, 3.409286724354157400, 10.98999999999999500 ) ) ;
#2933 = CARTESIAN_POINT ( 'NONE',  ( 0.6193495979357516200, 2.811996005832695400, 10.98999999999999800 ) ) ;
#2934 = CARTESIAN_POINT ( 'NONE',  ( -0.6009644516174449400, 2.834972710130721800, 11.09999999999999800 ) ) ;
#2935 = CARTESIAN_POINT ( 'NONE',  ( 0.5067783972261860100, 2.655272428923390700, 10.98999999999999500 ) ) ;
#2936 = DIRECTION ( 'NONE',  ( -3.004629197474319000E-016, 1.000000000000000000, 0.0000000000000000000 ) ) ;
#2937 = CARTESIAN_POINT ( 'NONE',  ( -0.6612435589817715600, 3.317572998984164000, 10.98999999999999300 ) ) ;
#2938 = CARTESIAN_POINT ( 'NONE',  ( -0.6372779401518438000, 2.783621255732580600, 11.09999999999999800 ) ) ;
#2939 = DIRECTION ( 'NONE',  ( 0.0000000000000000000, 0.0000000000000000000, 1.000000000000000000 ) ) ;
#2940 = CARTESIAN_POINT ( 'NONE',  ( 0.7965535087340961400, 3.576218123216201100, 10.98999999999999800 ) ) ;
#2941 = CARTESIAN_POINT ( 'NONE',  ( 0.5556032015571114000, 3.044340192996778600, 11.09999999999999800 ) ) ;
#2942 = CARTESIAN_POINT ( 'NONE',  ( -0.4574003154371527000, 3.981964281914801300, 11.09999999999999800 ) ) ;
#2943 = EDGE_CURVE ( 'NONE', #145, #425, #872, .T. ) ;
#2944 = CARTESIAN_POINT ( 'NONE',  ( -1.122611084157173900, 3.044340192996778600, 10.98999999999999800 ) ) ;
#2945 = ORIENTED_EDGE ( 'NONE', *, *, #1769, .T. ) ;
#2946 = CARTESIAN_POINT ( 'NONE',  ( -0.5335113327741838300, 3.421712661309760600, 10.98999999999999800 ) ) ;
#2947 = CARTESIAN_POINT ( 'NONE',  ( -0.5754221401589434400, 2.894594043665037000, 11.09999999999999800 ) ) ;
#2948 = ADVANCED_FACE ( 'NONE', ( #2225 ), #714, .F. ) ;
#2949 = DIRECTION ( 'NONE',  ( 0.0000000000000000000, 0.0000000000000000000, 1.000000000000000000 ) ) ;
#2950 = CARTESIAN_POINT ( 'NONE',  ( 0.4306602012924680100, 3.304055035815018000, 10.98999999999999500 ) ) ;
#2951 = CARTESIAN_POINT ( 'NONE',  ( -1.304039655585745400, 3.043631487639636200, 10.98999999999999500 ) ) ;
#2952 = CARTESIAN_POINT ( 'NONE',  ( -0.8093000479058146700, 2.689937862810674500, 10.98999999999999700 ) ) ;
#2953 = FACE_OUTER_BOUND ( 'NONE', #3472, .T. ) ;
#2954 = CARTESIAN_POINT ( 'NONE',  ( 0.9236447292481947400, 3.591310740557707200, 11.10000000000000000 ) ) ;
#2955 = CARTESIAN_POINT ( 'NONE',  ( 0.8806560376902714500, 4.115239534502714000, 11.10000000000000000 ) ) ;
#2956 = CARTESIAN_POINT ( 'NONE',  ( 0.7029208167944370800, 3.354503983795138500, 11.09999999999999400 ) ) ;
#2957 = ORIENTED_EDGE ( 'NONE', *, *, #3134, .F. ) ;
#2958 = FACE_OUTER_BOUND ( 'NONE', #1450, .T. ) ;
#2959 = CARTESIAN_POINT ( 'NONE',  ( 1.192799365455454100, 3.376309752780877600, 10.98999999999999500 ) ) ;
#2960 = ORIENTED_EDGE ( 'NONE', *, *, #2580, .F. ) ;
#2961 = FACE_OUTER_BOUND ( 'NONE', #1722, .T. ) ;
#2962 = CARTESIAN_POINT ( 'NONE',  ( 0.8305628152166711900, 2.689519887062307400, 10.98999999999999800 ) ) ;
#2963 = CARTESIAN_POINT ( 'NONE',  ( 0.6998411053353845700, 2.527992846758169600, 10.98999999999999700 ) ) ;
#2964 = EDGE_CURVE ( 'NONE', #1099, #2568, #1044, .T. ) ;
#2965 = EDGE_LOOP ( 'NONE', ( #813, #897, #2140, #3339 ) ) ;
#2966 = CARTESIAN_POINT ( 'NONE',  ( 0.7549406778929015300, 4.100472660524406600, 10.98999999999999800 ) ) ;
#2967 = CARTESIAN_POINT ( 'NONE',  ( 0.7029208167944370800, 3.354503983795138500, 10.98999999999999500 ) ) ;
#2968 = CARTESIAN_POINT ( 'NONE',  ( 0.8401484024499685800, 2.689278809068207400, 11.09999999999999800 ) ) ;
#2969 = CARTESIAN_POINT ( 'NONE',  ( -0.5566601561686787000, 2.999161672086136900, 10.98999999999999800 ) ) ;
#2970 = CARTESIAN_POINT ( 'NONE',  ( 0.5565642138644852900, 3.081381506824394800, 11.09999999999999800 ) ) ;
#2971 = APPROVAL_PERSON_ORGANIZATION ( #99, #1136, #436 ) ;
#2972 = CARTESIAN_POINT ( 'NONE',  ( 1.249743945988883300, 3.293162532273088400, 10.98999999999999500 ) ) ;
#2973 = CARTESIAN_POINT ( 'NONE',  ( -0.7856975324196932000, 3.386912160432885800, 10.98999999999999500 ) ) ;
#2974 = CARTESIAN_POINT ( 'NONE',  ( 1.118406057199514000, 3.546259320907157800, 11.09999999999999800 ) ) ;
#2975 = DIRECTION ( 'NONE',  ( -0.0000000000000000000, 7.041719095097278900E-017, 1.000000000000000000 ) ) ;
#2976 = CARTESIAN_POINT ( 'NONE',  ( -1.247554084421817100, 3.304055035815017600, 11.09999999999999800 ) ) ;
#2977 = CARTESIAN_POINT ( 'NONE',  ( -1.247554084421817100, 3.304055035815017600, 10.98999999999999500 ) ) ;
#2978 = CARTESIAN_POINT ( 'NONE',  ( -5.000000000000002700, 2.886751345948130000, 10.65341801261479700 ) ) ;
#2979 = CARTESIAN_POINT ( 'NONE',  ( -0.1020753698714608100, 2.779993094782492700, 10.98999999999999700 ) ) ;
#2980 = CARTESIAN_POINT ( 'NONE',  ( 1.040411317348164800, 3.951660913131407300, 10.98999999999999500 ) ) ;
#2981 = CARTESIAN_POINT ( 'NONE',  ( 4.999999999999997300, -2.886751345948130900, 6.899999999999996800 ) ) ;
#2982 = ORIENTED_EDGE ( 'NONE', *, *, #2825, .T. ) ;
#2983 = DIRECTION ( 'NONE',  ( 0.0000000000000000000, 0.0000000000000000000, 1.000000000000000000 ) ) ;
#2984 = CARTESIAN_POINT ( 'NONE',  ( -0.8380658832643167500, 2.507850237639635900, 11.09999999999999800 ) ) ;
#2985 = CARTESIAN_POINT ( 'NONE',  ( -0.8827706704072458800, 4.115581642384268200, 11.09999999999999800 ) ) ;
#2986 = CARTESIAN_POINT ( 'NONE',  ( -1.021389296135396500, 2.543918646667263000, 11.09999999999999800 ) ) ;
#2987 = CARTESIAN_POINT ( 'NONE',  ( -1.302897151926852200, 2.985824556656354400, 10.98999999999999500 ) ) ;
#2988 = B_SPLINE_SURFACE_WITH_KNOTS ( 'NONE', 3, 1, ( 
 ( #3131, #2283 ),
 ( #1426, #1744 ),
 ( #3103, #53 ),
 ( #358, #2310 ),
 ( #2829, #365 ),
 ( #1160, #1438 ),
 ( #1725, #3144 ),
 ( #3157, #3449 ),
 ( #2625, #1226 ),
 ( #383, #2339 ),
 ( #2596, #134 ),
 ( #1764, #146 ),
 ( #952, #2362 ),
 ( #3191, #652 ),
 ( #407, #2901 ),
 ( #396, #2331 ),
 ( #121, #1217 ),
 ( #1475, #1520 ),
 ( #2352, #1789 ) ),
 .UNSPECIFIED., .F., .F., .F.,
 ( 4, 1, 1, 1, 1, 1, 1, 1, 1, 1, 1, 1, 1, 1, 1, 1, 4 ),
 ( 2, 2 ),
 ( 0.0000000000000000000, 0.06240742922034407000, 0.1235807582531908800, 0.1830305480595357200, 0.2414878946222268600, 0.2994762885881356900, 0.3577766216782187200, 0.4163972153590433900, 0.4752932973096493700, 0.5351745515550352400, 0.5963733801008828100, 0.6584329583283501400, 0.7220873289910031400, 0.7878662529370386000, 0.8560530649353376200, 0.9262801272673634200, 1.000000000000000000 ),
 ( 0.0000000000000000000, 1.000000000000000000 ),
 .UNSPECIFIED. ) ;
#2989 = CARTESIAN_POINT ( 'NONE',  ( 4.427599895641189700E-016, 5.773502691896256400, 10.65341801261479800 ) ) ;
#2990 = CARTESIAN_POINT ( 'NONE',  ( -5.000000000000002700, 0.4890043909861028800, 11.09999999999999800 ) ) ;
#2991 = CARTESIAN_POINT ( 'NONE',  ( -0.6009644516174449400, 2.834972710130721800, 10.98999999999999500 ) ) ;
#2992 = CARTESIAN_POINT ( 'NONE',  ( 1.121554129545606600, 2.999161672086136900, 10.98999999999999500 ) ) ;
#2993 = ORIENTED_EDGE ( 'NONE', *, *, #1760, .F. ) ;
#2994 = CARTESIAN_POINT ( 'NONE',  ( -0.8989587600211685900, 3.386946384776036800, 10.98999999999999500 ) ) ;
#2995 = CARTESIAN_POINT ( 'NONE',  ( -0.3922465238237146700, 2.874569107523584900, 11.09999999999999800 ) ) ;
#2996 = CARTESIAN_POINT ( 'NONE',  ( 0.4154451720275633100, 3.272544233422831600, 10.98999999999999300 ) ) ;
#2997 = CARTESIAN_POINT ( 'NONE',  ( -1.137494508359924200, 2.620593281444169700, 11.09999999999999800 ) ) ;
#2998 = LINE ( 'NONE', #2923, #2271 ) ;
#2999 = CARTESIAN_POINT ( 'NONE',  ( -0.9335727895554284400, 2.516079339317844900, 10.98999999999999300 ) ) ;
#3000 = CARTESIAN_POINT ( 'NONE',  ( -1.293911020393220300, 3.166461406764926600, 11.09999999999999800 ) ) ;
#3001 = CARTESIAN_POINT ( 'NONE',  ( -0.8827706704072458800, 4.115581642384268200, 11.09999999999999800 ) ) ;
#3002 = ORIENTED_EDGE ( 'NONE', *, *, #82, .F. ) ;
#3003 = CARTESIAN_POINT ( 'NONE',  ( 0.4692772780863131400, 4.029384377752948300, 10.98999999999999500 ) ) ;
#3004 = LINE ( 'NONE', #1499, #1655 ) ;
#3005 = CARTESIAN_POINT ( 'NONE',  ( -0.8093000479058146700, 2.689937862810674500, 10.98999999999999800 ) ) ;
#3006 = CARTESIAN_POINT ( 'NONE',  ( 0.07935320155711062000, 2.530528809068207000, 8.861479739173429200 ) ) ;
#3007 = B_SPLINE_CURVE_WITH_KNOTS ( 'NONE', 3,
 ( #2164, #196, #1035, #2151, #1881, #2986, #1310, #1060, #2997, #1023, #3281, #1604, #3013, #2736, #2469, #1587, #3593, #3576, #1908 ),
 .UNSPECIFIED., .F., .F.,
 ( 4, 1, 1, 1, 1, 1, 1, 1, 1, 1, 1, 1, 1, 1, 1, 1, 4 ),
 ( 0.0000000000000000000, 0.06156080855298599200, 0.1209755434655911100, 0.1790044198023130500, 0.2361022912071558400, 0.2936865084281145600, 0.3515149389971912700, 0.4107288913533520000, 0.4721605940995651200, 0.5342271462740513200, 0.5963847742862229400, 0.6587591688778869900, 0.7225448171040364000, 0.7879649993876978200, 0.8555931194776137400, 0.9264406097832231800, 1.000000000000000000 ),
 .UNSPECIFIED. ) ;
#3008 = ORIENTED_EDGE ( 'NONE', *, *, #149, .F. ) ;
#3009 = CARTESIAN_POINT ( 'NONE',  ( -1.236003941300031000, 3.848012067996778600, 10.98999999999999300 ) ) ;
#3010 = CARTESIAN_POINT ( 'NONE',  ( 0.9791300329311813900, 2.528073551232728800, 11.09999999999999800 ) ) ;
#3011 = CARTESIAN_POINT ( 'NONE',  ( -1.236003941300031000, 3.848012067996778600, 11.09999999999999800 ) ) ;
#3012 = VERTEX_POINT ( 'NONE', #3486 ) ;
#3013 = CARTESIAN_POINT ( 'NONE',  ( -1.252955591843021100, 2.779229209349934200, 11.09999999999999800 ) ) ;
#3014 = EDGE_CURVE ( 'NONE', #3491, #2276, #3490, .T. ) ;
#3015 = CARTESIAN_POINT ( 'NONE',  ( -1.085903094422278900, 3.464302196276433800, 10.98999999999999300 ) ) ;
#3016 = CARTESIAN_POINT ( 'NONE',  ( 0.4542939936174391600, 3.727023994742696200, 10.98999999999999800 ) ) ;
#3017 = CARTESIAN_POINT ( 'NONE',  ( -0.9936906279832851100, 3.648783547728790200, 11.10000000000000000 ) ) ;
#3018 = EDGE_CURVE ( 'NONE', #936, #1630, #2998, .T. ) ;
#3019 = CARTESIAN_POINT ( 'NONE',  ( 1.075683110076430400, 3.242227903075282300, 11.09999999999999800 ) ) ;
#3020 = CARTESIAN_POINT ( 'NONE',  ( -0.9955646087213595500, 2.743923215597083400, 11.09999999999999400 ) ) ;
#3021 = CARTESIAN_POINT ( 'NONE',  ( -1.116418671979650500, 3.545511615676274300, 11.10000000000000000 ) ) ;
#3022 = DIRECTION ( 'NONE',  ( -0.0000000000000000000, 7.041719095097278900E-017, 1.000000000000000000 ) ) ;
#3023 = ORIENTED_EDGE ( 'NONE', *, *, #1983, .T. ) ;
#3024 = CARTESIAN_POINT ( 'NONE',  ( -1.020779778613724300, 3.317882389967756300, 10.98999999999999500 ) ) ;
#3025 = CARTESIAN_POINT ( 'NONE',  ( -0.8380658832643167500, 2.507850237639635900, 10.98999999999999300 ) ) ;
#3026 = CARTESIAN_POINT ( 'NONE',  ( -0.8380658832643167500, 2.507850237639635900, 10.98999999999999700 ) ) ;
#3027 = CARTESIAN_POINT ( 'NONE',  ( -0.7589748229290035300, 4.292063561421024100, 10.98999999999999500 ) ) ;
#3028 = CARTESIAN_POINT ( 'NONE',  ( 0.5277951880642834900, 4.141394453623283000, 10.98999999999999300 ) ) ;
#3029 = CARTESIAN_POINT ( 'NONE',  ( 1.090194899932562100, 3.212723621727938900, 10.98999999999999000 ) ) ;
#3030 = B_SPLINE_CURVE_WITH_KNOTS ( 'NONE', 3,
 ( #481, #2484, #1576, #1321, #1336, #2688, #3554, #207, #2439, #2710, #3297 ),
 .UNSPECIFIED., .F., .F.,
 ( 4, 1, 1, 1, 1, 1, 1, 1, 4 ),
 ( 0.0000000000000000000, 0.1493796652946557900, 0.2882730146876014100, 0.4189426481674580200, 0.5477533895906754300, 0.6704965333015037200, 0.7826636720457524900, 0.8902031582683871400, 1.000000000000000000 ),
 .UNSPECIFIED. ) ;
#3031 = VERTEX_POINT ( 'NONE', #1868 ) ;
#3032 = CARTESIAN_POINT ( 'NONE',  ( 0.8116307278343275500, 2.689996029998484900, 10.98999999999998600 ) ) ;
#3033 = CARTESIAN_POINT ( 'NONE',  ( -0.9752934689198478100, 3.354503983795139400, 10.98999999999999500 ) ) ;
#3034 = CARTESIAN_POINT ( 'NONE',  ( 1.171452112151044800, 2.655225130654954100, 11.09999999999999800 ) ) ;
#3035 = CARTESIAN_POINT ( 'NONE',  ( -1.040043902580990400, 3.956924737339596400, 11.09999999999999800 ) ) ;
#3036 = CARTESIAN_POINT ( 'NONE',  ( 0.4026614238688576700, 3.239111934594097500, 11.09999999999999800 ) ) ;
#3037 = ORIENTED_EDGE ( 'NONE', *, *, #1107, .F. ) ;
#3038 = CARTESIAN_POINT ( 'NONE',  ( -0.5556467984428882200, 3.037253139425350100, 10.98999999999999800 ) ) ;
#3039 = CARTESIAN_POINT ( 'NONE',  ( -0.8522558760489569200, 3.392067524160755200, 11.09999999999999400 ) ) ;
#3040 = CARTESIAN_POINT ( 'NONE',  ( -0.8527108352452916800, 3.574574537859277300, 11.10000000000000000 ) ) ;
#3041 = CARTESIAN_POINT ( 'NONE',  ( 0.8355418176285400700, 3.392314523353921400, 10.98999999999998800 ) ) ;
#3042 = CIRCLE ( 'NONE', #1014, 2.999999999999999100 ) ;
#3043 = CARTESIAN_POINT ( 'NONE',  ( 0.0000000000000000000, 0.0000000000000000000, 11.09999999999999800 ) ) ;
#3044 = CARTESIAN_POINT ( 'NONE',  ( -1.236003941300031000, 3.848012067996778600, 10.98999999999999700 ) ) ;
#3045 = ORIENTED_EDGE ( 'NONE', *, *, #3345, .F. ) ;
#3046 = CARTESIAN_POINT ( 'NONE',  ( -0.8380658832643167500, 2.689278809068207400, 10.98999999999999800 ) ) ;
#3047 = FACE_OUTER_BOUND ( 'NONE', #1733, .T. ) ;
#3048 = CARTESIAN_POINT ( 'NONE',  ( -0.9936906279832851100, 3.648783547728790200, 11.09999999999999800 ) ) ;
#3049 = CARTESIAN_POINT ( 'NONE',  ( 0.5876005464148907900, 2.868862162125168000, 11.09999999999999600 ) ) ;
#3050 = ORIENTED_EDGE ( 'NONE', *, *, #3262, .T. ) ;
#3051 = CARTESIAN_POINT ( 'NONE',  ( 0.8689142378084707700, 2.689937862810674500, 10.98999999999999700 ) ) ;
#3052 = CARTESIAN_POINT ( 'NONE',  ( -0.4437692797229020900, 3.780987957570796100, 11.09999999999999800 ) ) ;
#3053 = CARTESIAN_POINT ( 'NONE',  ( -0.5289138978318572700, 4.138377827203647100, 10.98999999999999500 ) ) ;
#3054 = VERTEX_POINT ( 'NONE', #3211 ) ;
#3055 = CARTESIAN_POINT ( 'NONE',  ( 0.0000000000000000000, 0.0000000000000000000, 11.09999999999999800 ) ) ;
#3056 = CARTESIAN_POINT ( 'NONE',  ( 1.016970726732513400, 3.317572998984164000, 10.98999999999998800 ) ) ;
#3057 = B_SPLINE_CURVE_WITH_KNOTS ( 'NONE', 3,
 ( #2452, #2425, #1089, #1319, #2202, #2733, #1893, #3294, #1349, #3034, #1600, #1058, #1616, #2701, #3010, #3264, #1073, #530, #1333 ),
 .UNSPECIFIED., .F., .F.,
 ( 4, 1, 1, 1, 1, 1, 1, 1, 1, 1, 1, 1, 1, 1, 1, 1, 4 ),
 ( 0.0000000000000000000, 0.07248437293855863900, 0.1421900247782591500, 0.2092479436396161000, 0.2744479239677609600, 0.3380258226711698200, 0.4004065324405425300, 0.4630462859810655100, 0.5257231890505670300, 0.5877589997009548000, 0.6472072747036192700, 0.7056043792705030100, 0.7633549404132804500, 0.8210143016334019400, 0.8791787128958347100, 0.9387324439926647600, 1.000000000000000000 ),
 .UNSPECIFIED. ) ;
#3058 = LOCAL_TIME ( 7, 54, 35.00000000000000000, #20 ) ;
#3059 = CARTESIAN_POINT ( 'NONE',  ( 1.202557627786347000, 2.693411838465792100, 10.98999999999999500 ) ) ;
#3060 = CARTESIAN_POINT ( 'NONE',  ( 0.7954436153070398900, 4.115581642384268200, 10.98999999999999800 ) ) ;
#3061 = B_SPLINE_SURFACE_WITH_KNOTS ( 'NONE', 3, 1, ( 
 ( #3009, #3587 ),
 ( #513, #2465 ),
 ( #247, #2201 ),
 ( #529, #2480 ),
 ( #592, #2813 ),
 ( #1972, #300 ),
 ( #885, #2792 ),
 ( #1693, #1385 ),
 ( #1986, #1135 ),
 ( #581, #1683 ),
 ( #2554, #1721 ),
 ( #312, #289 ),
 ( #37, #2803 ),
 ( #3062, #3109 ),
 ( #2265, #3389 ),
 ( #3074, #25 ),
 ( #12, #554 ),
 ( #3398, #3362 ),
 ( #2544, #1423 ) ),
 .UNSPECIFIED., .F., .F., .F.,
 ( 4, 1, 1, 1, 1, 1, 1, 1, 1, 1, 1, 1, 1, 1, 1, 1, 4 ),
 ( 2, 2 ),
 ( 0.0000000000000000000, 0.07284555922537268300, 0.1424022577019357100, 0.2096481568532460000, 0.2744279852265614200, 0.3376116097491713200, 0.3998969850871568200, 0.4623719526881578900, 0.5246550940941329100, 0.5862033916266323800, 0.6457758197763569000, 0.7040065034449222200, 0.7620433196493318100, 0.8196493987145296900, 0.8779946628339822000, 0.9381990289718444800, 0.9999999999999998900 ),
 ( 0.0000000000000000000, 1.000000000000000000 ),
 .UNSPECIFIED. ) ;
#3062 = CARTESIAN_POINT ( 'NONE',  ( -0.9968189836971250700, 4.268493849555404100, 10.98999999999999100 ) ) ;
#3063 = CARTESIAN_POINT ( 'NONE',  ( 1.271670625776733400, 2.825106878882725600, 11.09999999999999800 ) ) ;
#3064 = FACE_OUTER_BOUND ( 'NONE', #2222, .T. ) ;
#3065 = CARTESIAN_POINT ( 'NONE',  ( 0.6437700422262356800, 3.485094091247523900, 11.09999999999999800 ) ) ;
#3066 = CARTESIAN_POINT ( 'NONE',  ( 0.8498561113098948000, 2.689501222280797200, 10.98999999999999700 ) ) ;
#3067 = CARTESIAN_POINT ( 'NONE',  ( -0.9752934689198478100, 3.354503983795139400, 11.09999999999999800 ) ) ;
#3068 = CARTESIAN_POINT ( 'NONE',  ( -0.6835655788274236400, 4.268270537087092400, 10.98999999999999500 ) ) ;
#3069 = CARTESIAN_POINT ( 'NONE',  ( 1.299758951961674100, 3.118766778876397500, 11.09999999999999800 ) ) ;
#3070 = EDGE_CURVE ( 'NONE', #2568, #2637, #774, .T. ) ;
#3071 = DIRECTION ( 'NONE',  ( -0.0000000000000000000, 7.041719095097278900E-017, 1.000000000000000000 ) ) ;
#3072 = CARTESIAN_POINT ( 'NONE',  ( 1.171452112151044800, 2.655225130654954100, 10.98999999999999800 ) ) ;
#3073 = CARTESIAN_POINT ( 'NONE',  ( -0.4457689604729130900, 3.322533053400383600, 11.10000000000000000 ) ) ;
#3074 = CARTESIAN_POINT ( 'NONE',  ( -0.9221518071335551600, 4.292525841408476600, 10.98999999999999300 ) ) ;
#3075 = CARTESIAN_POINT ( 'NONE',  ( 0.8562315162874492000, 2.508383653686455400, 10.98999999999999500 ) ) ;
#3076 = ORIENTED_EDGE ( 'NONE', *, *, #1403, .T. ) ;
#3077 = AXIS2_PLACEMENT_3D ( 'NONE', #622, #1184, #1151 ) ;
#3078 = CARTESIAN_POINT ( 'NONE',  ( 0.4888233980493607000, 3.386488890598088600, 11.09999999999999800 ) ) ;
#3079 = CARTESIAN_POINT ( 'NONE',  ( 0.8969158239008506700, 2.694893812833548000, 11.10000000000000000 ) ) ;
#3080 = CARTESIAN_POINT ( 'NONE',  ( -0.7174238237057490900, 3.614998148281977300, 10.98999999999999500 ) ) ;
#3081 = CARTESIAN_POINT ( 'NONE',  ( -1.124335635977826700, 4.174026752478298800, 11.09999999999999800 ) ) ;
#3082 = CARTESIAN_POINT ( 'NONE',  ( 1.093716666108916200, 4.201379318578498000, 10.98999999999999800 ) ) ;
#3083 = CARTESIAN_POINT ( 'NONE',  ( -0.8380658832643168600, 3.573743094782493300, 10.98999999999999800 ) ) ;
#3084 = B_SPLINE_CURVE_WITH_KNOTS ( 'NONE', 3,
 ( #2430, #3581, #1342, #3016, #229, #3271, #1355, #3315, #486, #770, #2156 ),
 .UNSPECIFIED., .F., .F.,
 ( 4, 1, 1, 1, 1, 1, 1, 1, 4 ),
 ( 0.0000000000000000000, 0.1438186084352599500, 0.2767201840605344500, 0.4013965905471702500, 0.5205947740628839000, 0.6372932455672328800, 0.7540980756085193800, 0.8739621908267563000, 1.000000000000000000 ),
 .UNSPECIFIED. ) ;
#3085 = CARTESIAN_POINT ( 'NONE',  ( -0.5603522695587777000, 3.112960592401685200, 11.09999999999999400 ) ) ;
#3086 = CARTESIAN_POINT ( 'NONE',  ( -1.111910316707101800, 3.151495128754886000, 10.98999999999999500 ) ) ;
#3087 = CARTESIAN_POINT ( 'NONE',  ( 0.5277951880642834900, 4.141394453623283000, 10.98999999999999500 ) ) ;
#3088 = EDGE_CURVE ( 'NONE', #3482, #2567, #3123, .T. ) ;
#3089 = CARTESIAN_POINT ( 'NONE',  ( -1.234585504473014100, 3.785695865919705700, 10.98999999999999800 ) ) ;
#3090 = ADVANCED_FACE ( 'NONE', ( #2729 ), #852, .T. ) ;
#3091 = VERTEX_POINT ( 'NONE', #1301 ) ;
#3092 = CARTESIAN_POINT ( 'NONE',  ( 1.102792145555341800, 2.894594043665037500, 11.09999999999999800 ) ) ;
#3093 = CARTESIAN_POINT ( 'NONE',  ( 0.07935320155711062000, 2.779993094782492700, 11.09999999999999800 ) ) ;
#3094 = CARTESIAN_POINT ( 'NONE',  ( -1.223920292096846200, 3.727023994742694900, 11.09999999999999800 ) ) ;
#3095 = CARTESIAN_POINT ( 'NONE',  ( -0.4854149202588313200, 3.376309752780876300, 11.09999999999999400 ) ) ;
#3096 = CARTESIAN_POINT ( 'NONE',  ( -1.076059716810686500, 2.839444491132630400, 11.09999999999999800 ) ) ;
#3097 = ORIENTED_EDGE ( 'NONE', *, *, #337, .F. ) ;
#3098 = LINE ( 'NONE', #1482, #830 ) ;
#3099 = CARTESIAN_POINT ( 'NONE',  ( 0.0000000000000000000, 0.0000000000000000000, 11.09999999999999800 ) ) ;
#3100 = CARTESIAN_POINT ( 'NONE',  ( 0.5828262139323223700, 4.203262673880241000, 10.98999999999999500 ) ) ;
#3101 = CARTESIAN_POINT ( 'NONE',  ( 0.6544675988785400000, 3.488698451925350300, 11.09999999999999800 ) ) ;
#3102 = ORIENTED_EDGE ( 'NONE', *, *, #3600, .F. ) ;
#3103 = CARTESIAN_POINT ( 'NONE',  ( 1.058455506567389300, 3.475500103232540500, 10.98999999999999500 ) ) ;
#3104 = ORIENTED_EDGE ( 'NONE', *, *, #3541, .T. ) ;
#3105 = COORDINATED_UNIVERSAL_TIME_OFFSET ( 6, 0, .BEHIND. ) ;
#3106 = CARTESIAN_POINT ( 'NONE',  ( -0.9212189882591276200, 2.702699384954926600, 10.98999999999999800 ) ) ;
#3107 = B_SPLINE_CURVE_WITH_KNOTS ( 'NONE', 3,
 ( #727, #1567, #185, #2142, #469, #536, #561, #1339, #548, #2766, #2752 ),
 .UNSPECIFIED., .F., .F.,
 ( 4, 1, 1, 1, 1, 1, 1, 1, 4 ),
 ( 0.0000000000000000000, 0.1111416758378028800, 0.2197033519811579800, 0.3301161264885611500, 0.4489369152466319300, 0.5740470567636601900, 0.7053790097930137100, 0.8460242139566093200, 0.9999999999999998900 ),
 .UNSPECIFIED. ) ;
#3108 = CARTESIAN_POINT ( 'NONE',  ( -0.6523850796928881700, 3.488698451925350300, 11.09999999999999800 ) ) ;
#3109 = CARTESIAN_POINT ( 'NONE',  ( -0.9968189836971250700, 4.268493849555404100, 11.09999999999999800 ) ) ;
#3110 = CARTESIAN_POINT ( 'NONE',  ( -1.023746686835745400, 3.488698451925350300, 10.98999999999999800 ) ) ;
#3111 = EDGE_CURVE ( 'NONE', #435, #1505, #1500, .T. ) ;
#3112 = CARTESIAN_POINT ( 'NONE',  ( -0.6523850796928881700, 3.488698451925350300, 10.98999999999999500 ) ) ;
#3113 = CARTESIAN_POINT ( 'NONE',  ( 0.7560624785807300600, 4.292525841408477500, 11.10000000000000000 ) ) ;
#3114 = ORIENTED_EDGE ( 'NONE', *, *, #2287, .T. ) ;
#3115 = CARTESIAN_POINT ( 'NONE',  ( -1.039654442886874400, 2.786488122536756200, 10.98999999999999500 ) ) ;
#3116 = ORIENTED_EDGE ( 'NONE', *, *, #2232, .F. ) ;
#3117 = CARTESIAN_POINT ( 'NONE',  ( -0.4645131263221418100, 3.350385268182776600, 10.98999999999999500 ) ) ;
#3118 = CARTESIAN_POINT ( 'NONE',  ( -0.4933928207397054200, 3.625437816364761800, 10.98999999999999700 ) ) ;
#3119 = CARTESIAN_POINT ( 'NONE',  ( 0.8512727204127119600, 4.299030532466503000, 11.09999999999999800 ) ) ;
#3120 = CARTESIAN_POINT ( 'NONE',  ( -0.8219827694268361200, 2.508383653686455400, 10.98999999999999500 ) ) ;
#3121 = B_SPLINE_SURFACE_WITH_KNOTS ( 'NONE', 3, 1, ( 
 ( #1860, #1304 ),
 ( #3558, #2168 ),
 ( #1066, #186 ),
 ( #2475, #798 ),
 ( #2445, #496 ),
 ( #3003, #1326 ),
 ( #2741, #1609 ),
 ( #200, #1081 ),
 ( #3028, #2144 ),
 ( #471, #2420 ),
 ( #1872, #742 ),
 ( #2696, #1029 ),
 ( #3369, #3170 ),
 ( #1488, #3415 ),
 ( #3464, #1990 ),
 ( #3394, #3113 ),
 ( #2908, #1441 ),
 ( #318, #1702 ),
 ( #1727, #2063 ) ),
 .UNSPECIFIED., .F., .F., .F.,
 ( 4, 1, 1, 1, 1, 1, 1, 1, 1, 1, 1, 1, 1, 1, 1, 1, 4 ),
 ( 2, 2 ),
 ( 0.0000000000000000000, 0.07284555922537268300, 0.1424022577019357400, 0.2096481568532460600, 0.2744279852265614200, 0.3376116097491712600, 0.3998969850871568800, 0.4623719526881577800, 0.5246550940941329100, 0.5862033916266324900, 0.6457758197763566700, 0.7040065034449222200, 0.7620433196493318100, 0.8196493987145294600, 0.8779946628339820900, 0.9381990289718444800, 0.9999999999999998900 ),
 ( 0.0000000000000000000, 1.000000000000000000 ),
 .UNSPECIFIED. ) ;
#3122 = ORIENTED_EDGE ( 'NONE', *, *, #2034, .T. ) ;
#3123 = B_SPLINE_CURVE_WITH_KNOTS ( 'NONE', 3,
 ( #2703, #1026, #2738, #493, #1338, #3311, #210, #238, #2976, #226, #2456, #2442, #1579, #251, #1078, #3604, #1620, #3579, #766 ),
 .UNSPECIFIED., .F., .F.,
 ( 4, 1, 1, 1, 1, 1, 1, 1, 1, 1, 1, 1, 1, 1, 1, 1, 4 ),
 ( 0.0000000000000000000, 0.07567792875955134400, 0.1484753851653020900, 0.2186868393837586600, 0.2858941638698260200, 0.3503945110435428000, 0.4133303484977597400, 0.4751316621820915700, 0.5353957076288711200, 0.5950697936472945100, 0.6531907066014455100, 0.7102252784822401500, 0.7670641673232893000, 0.8241261497892926600, 0.8820617975462210500, 0.9402768008465848300, 1.000000000000000000 ),
 .UNSPECIFIED. ) ;
#3124 = CARTESIAN_POINT ( 'NONE',  ( 0.9236447292481947400, 3.591310740557707200, 10.98999999999999700 ) ) ;
#3125 = B_SPLINE_SURFACE_WITH_KNOTS ( 'NONE', 3, 1, ( 
 ( #2720, #1602 ),
 ( #792, #2735 ),
 ( #762, #1074 ),
 ( #532, #2709 ),
 ( #1879, #2482 ),
 ( #2163, #1362 ),
 ( #3615, #1048 ),
 ( #2996, #2267 ),
 ( #264, #1672 ),
 ( #2763, #14 ),
 ( #313, #1404 ),
 ( #39, #3078 ),
 ( #1414, #1424 ),
 ( #849, #2794 ),
 ( #818, #1374 ),
 ( #1660, #2216 ),
 ( #1125, #3390 ),
 ( #873, #1711 ),
 ( #1695, #3101 ) ),
 .UNSPECIFIED., .F., .F., .F.,
 ( 4, 1, 1, 1, 1, 1, 1, 1, 1, 1, 1, 1, 1, 1, 1, 1, 4 ),
 ( 2, 2 ),
 ( 0.0000000000000000000, 0.07567792875955134400, 0.1484753851653020900, 0.2186868393837586600, 0.2858941638698259700, 0.3503945110435426900, 0.4133303484977597900, 0.4751316621820914600, 0.5353957076288710100, 0.5950697936472945100, 0.6531907066014452900, 0.7102252784822400400, 0.7670641673232891900, 0.8241261497892927700, 0.8820617975462207200, 0.9402768008465844900, 1.000000000000000000 ),
 ( 0.0000000000000000000, 1.000000000000000000 ),
 .UNSPECIFIED. ) ;
#3126 = CARTESIAN_POINT ( 'NONE',  ( 0.4065907270503204000, 2.826570149929942900, 11.09999999999999400 ) ) ;
#3127 = LINE ( 'NONE', #2208, #2388 ) ;
#3128 = CARTESIAN_POINT ( 'NONE',  ( 0.0000000000000000000, 0.0000000000000000000, 11.09999999999999800 ) ) ;
#3129 = CARTESIAN_POINT ( 'NONE',  ( 0.6255093600934708000, 3.906567333999333900, 11.09999999999999800 ) ) ;
#3130 = ORIENTED_EDGE ( 'NONE', *, *, #3018, .T. ) ;
#3131 = CARTESIAN_POINT ( 'NONE',  ( 1.025829206021397200, 3.488698451925350300, 10.98999999999999500 ) ) ;
#3132 = LINE ( 'NONE', #2841, #1920 ) ;
#3133 = CARTESIAN_POINT ( 'NONE',  ( 1.075368066731617400, 3.513608420985328900, 10.98999999999999800 ) ) ;
#3134 = EDGE_CURVE ( 'NONE', #316, #15, #1820, .T. ) ;
#3135 = ORIENTED_EDGE ( 'NONE', *, *, #1328, .F. ) ;
#3136 = CIRCLE ( 'NONE', #779, 5.000000000000000900 ) ;
#3137 = CARTESIAN_POINT ( 'NONE',  ( -0.8258826853346790100, 4.117092635159863800, 11.09999999999999800 ) ) ;
#3138 = AXIS2_PLACEMENT_3D ( 'NONE', #2623, #658, #651 ) ;
#3139 = ORIENTED_EDGE ( 'NONE', *, *, #1025, .F. ) ;
#3140 = CARTESIAN_POINT ( 'NONE',  ( 0.8355418176285400700, 3.392314523353921400, 11.09999999999999800 ) ) ;
#3141 = CARTESIAN_POINT ( 'NONE',  ( 0.3753171337874330300, 2.985824556656354400, 11.09999999999999800 ) ) ;
#3142 = DIRECTION ( 'NONE',  ( 0.0000000000000000000, 0.0000000000000000000, 1.000000000000000000 ) ) ;
#3143 = CARTESIAN_POINT ( 'NONE',  ( 0.6242766096830496500, 3.871245013948906500, 11.09999999999999800 ) ) ;
#3144 = CARTESIAN_POINT ( 'NONE',  ( 1.169706372172839800, 3.400061065581184900, 11.10000000000000000 ) ) ;
#3145 = CARTESIAN_POINT ( 'NONE',  ( 1.155013043191503600, 3.583260556701645800, 11.09999999999999800 ) ) ;
#3146 = PERSON_AND_ORGANIZATION ( #1849, #3292 ) ;
#3147 = B_SPLINE_SURFACE_WITH_KNOTS ( 'NONE', 3, 1, ( 
 ( #892, #2836 ),
 ( #1443, #621 ),
 ( #2844, #1174 ),
 ( #3124, #2954 ),
 ( #1819, #3231 ),
 ( #988, #2104 ),
 ( #1233, #678 ),
 ( #2079, #961 ),
 ( #434, #1794 ),
 ( #2411, #693 ),
 ( #3246, #2913 ) ),
 .UNSPECIFIED., .F., .F., .F.,
 ( 4, 1, 1, 1, 1, 1, 1, 1, 4 ),
 ( 2, 2 ),
 ( 0.0000000000000000000, 0.1130086633576878500, 0.2234471210077719200, 0.3357630953330285600, 0.4572409977117646900, 0.5842199638331534400, 0.7148113151141048900, 0.8519978021403351600, 1.000000000000000000 ),
 ( 0.0000000000000000000, 1.000000000000000000 ),
 .UNSPECIFIED. ) ;
#3148 = CARTESIAN_POINT ( 'NONE',  ( -0.4065436599375523700, 2.825106878882725600, 10.98999999999999500 ) ) ;
#3149 = CARTESIAN_POINT ( 'NONE',  ( -0.6378029683661203800, 3.951660913131407300, 11.09999999999999800 ) ) ;
#3150 = CARTESIAN_POINT ( 'NONE',  ( -0.4142436072406059900, 3.261533241853796600, 11.09999999999999800 ) ) ;
#3151 = EDGE_CURVE ( 'NONE', #2757, #1827, #2126, .T. ) ;
#3152 = CARTESIAN_POINT ( 'NONE',  ( 0.6998411053353845700, 2.527992846758169600, 11.09999999999999800 ) ) ;
#3153 = CARTESIAN_POINT ( 'NONE',  ( 1.029609459827256700, 4.250047618791763100, 10.98999999999999300 ) ) ;
#3154 = ADVANCED_FACE ( 'NONE', ( #2779 ), #1366, .F. ) ;
#3155 = CARTESIAN_POINT ( 'NONE',  ( 0.6255093600934708000, 3.906567333999333900, 10.98999999999999700 ) ) ;
#3156 = EDGE_LOOP ( 'NONE', ( #864, #2675, #3023, #213 ) ) ;
#3157 = CARTESIAN_POINT ( 'NONE',  ( 1.192799365455454100, 3.376309752780877600, 10.98999999999999500 ) ) ;
#3158 = CARTESIAN_POINT ( 'NONE',  ( 1.235960344414254600, 3.840925014425350600, 11.09999999999999800 ) ) ;
#3159 = CARTESIAN_POINT ( 'NONE',  ( -1.117776379847214500, 2.968679010749432300, 10.98999999999999800 ) ) ;
#3160 = DIRECTION ( 'NONE',  ( 0.0000000000000000000, 0.0000000000000000000, 1.000000000000000000 ) ) ;
#3161 = CARTESIAN_POINT ( 'NONE',  ( -0.3743756699570799900, 3.051554532906131100, 11.09999999999999800 ) ) ;
#3162 = B_SPLINE_SURFACE_WITH_KNOTS ( 'NONE', 3, 1, ( 
 ( #163, #3517 ),
 ( #1247, #3488 ),
 ( #2952, #3245 ),
 ( #1263, #945 ),
 ( #129, #401 ),
 ( #2380, #3213 ),
 ( #2358, #675 ),
 ( #1836, #703 ),
 ( #2661, #1554 ),
 ( #986, #2938 ),
 ( #2911, #3229 ),
 ( #448, #3531 ),
 ( #1848, #178 ),
 ( #1017, #2143 ),
 ( #2419, #1303 ),
 ( #3543, #2195 ),
 ( #3313, #1900 ),
 ( #485, #2458 ),
 ( #2429, #212 ) ),
 .UNSPECIFIED., .F., .F., .F.,
 ( 4, 1, 1, 1, 1, 1, 1, 1, 1, 1, 1, 1, 1, 1, 1, 1, 4 ),
 ( 2, 2 ),
 ( 0.0000000000000000000, 0.05806926843425561800, 0.1140013034453750000, 0.1697720990707013700, 0.2246749544949091000, 0.2800541501658241900, 0.3369572153142668700, 0.3951125761137120900, 0.4566494824596167300, 0.5191823985913716100, 0.5821657281370281600, 0.6457538253551424700, 0.7109080123294577700, 0.7783413192901061900, 0.8489495059178642200, 0.9228501408925513500, 1.000000000000000000 ),
 ( 0.0000000000000000000, 1.000000000000000000 ),
 .UNSPECIFIED. ) ;
#3163 = CARTESIAN_POINT ( 'NONE',  ( -0.6028462189826681000, 3.513608420985328900, 10.98999999999999700 ) ) ;
#3164 = CARTESIAN_POINT ( 'NONE',  ( 0.6544675988785400000, 3.488698451925350300, 11.09999999999999800 ) ) ;
#3165 = CARTESIAN_POINT ( 'NONE',  ( -1.077447696555556600, 3.243361380375340300, 11.09999999999999600 ) ) ;
#3166 = CARTESIAN_POINT ( 'NONE',  ( 0.5663039690071834900, 3.151495128754884700, 11.09999999999999800 ) ) ;
#3167 = CARTESIAN_POINT ( 'NONE',  ( 0.7180248941826465900, 4.075886065384056100, 11.09999999999999800 ) ) ;
#3168 = CARTESIAN_POINT ( 'NONE',  ( 0.6998411053353845700, 2.527992846758169600, 10.98999999999999800 ) ) ;
#3169 = ADVANCED_FACE ( 'NONE', ( #1382 ), #857, .T. ) ;
#3170 = CARTESIAN_POINT ( 'NONE',  ( 0.6465991077996597900, 4.250848728142858400, 11.09999999999999800 ) ) ;
#3171 = CARTESIAN_POINT ( 'NONE',  ( 0.4542939936174391600, 3.727023994742696200, 11.10000000000000100 ) ) ;
#3172 = CARTESIAN_POINT ( 'NONE',  ( -0.8401919993357454000, 4.118028809068207800, 10.98999999999999500 ) ) ;
#3173 = CARTESIAN_POINT ( 'NONE',  ( -0.3784553337526113100, 3.118766778876397500, 11.09999999999999800 ) ) ;
#3174 = CIRCLE ( 'NONE', #2854, 5.000000000000000900 ) ;
#3175 = CARTESIAN_POINT ( 'NONE',  ( -0.6157179671970400800, 4.227612095855930900, 11.09999999999999800 ) ) ;
#3176 = CARTESIAN_POINT ( 'NONE',  ( -1.373404076592345200E-015, -5.773502691896258200, 11.09999999999999800 ) ) ;
#3177 = VERTEX_POINT ( 'NONE', #3038 ) ;
#3178 = FACE_OUTER_BOUND ( 'NONE', #947, .T. ) ;
#3179 = CARTESIAN_POINT ( 'NONE',  ( 0.6793361710778053100, 3.338078878092782400, 10.98999999999999700 ) ) ;
#3180 = VERTEX_POINT ( 'NONE', #2291 ) ;
#3181 = DIRECTION ( 'NONE',  ( 0.0000000000000000000, 0.0000000000000000000, -1.000000000000000000 ) ) ;
#3182 = EDGE_LOOP ( 'NONE', ( #1397, #3277, #1776 ) ) ;
#3183 = CARTESIAN_POINT ( 'NONE',  ( 0.8380222863785399300, 4.118028809068207800, 8.861479739173429200 ) ) ;
#3184 = CARTESIAN_POINT ( 'NONE',  ( 0.8925167532945919000, 3.386912160432885800, 11.09999999999999400 ) ) ;
#3185 = DIRECTION ( 'NONE',  ( 1.000000000000000000, 0.0000000000000000000, 0.0000000000000000000 ) ) ;
#3186 = PERSON_AND_ORGANIZATION ( #1849, #3292 ) ;
#3187 = CARTESIAN_POINT ( 'NONE',  ( -0.5553602095118518300, 4.171520288981032100, 10.98999999999998800 ) ) ;
#3188 = CARTESIAN_POINT ( 'NONE',  ( -5.000000000000002700, 2.886751345948130000, 6.899999999999996800 ) ) ;
#3189 = ADVANCED_FACE ( 'NONE', ( #1289 ), #3463, .T. ) ;
#3190 = CARTESIAN_POINT ( 'NONE',  ( -1.023746686835745400, 3.488698451925350300, 10.98999999999999800 ) ) ;
#3191 = CARTESIAN_POINT ( 'NONE',  ( 1.286389121350529200, 3.193574200081226600, 10.98999999999999500 ) ) ;
#3192 = CARTESIAN_POINT ( 'NONE',  ( -0.8426724680857453600, 3.392314523353921400, 10.98999999999999500 ) ) ;
#3193 = CARTESIAN_POINT ( 'NONE',  ( 0.8512727204127119600, 4.299030532466503000, 11.09999999999999800 ) ) ;
#3194 = CARTESIAN_POINT ( 'NONE',  ( -0.7902664314313308000, 2.509435564641269200, 10.98999999999999700 ) ) ;
#3195 = CARTESIAN_POINT ( 'NONE',  ( 1.122567487271397100, 3.037253139425350100, 11.09999999999999400 ) ) ;
#3196 = CARTESIAN_POINT ( 'NONE',  ( 0.5045922177506428900, 4.106429464397683300, 11.09999999999999800 ) ) ;
#3197 = VERTEX_POINT ( 'NONE', #2586 ) ;
#3198 = EDGE_CURVE ( 'NONE', #2757, #718, #141, .T. ) ;
#3199 = CARTESIAN_POINT ( 'NONE',  ( 5.000000000000000900, 0.0000000000000000000, 11.09999999999999800 ) ) ;
#3200 = CARTESIAN_POINT ( 'NONE',  ( -0.5553602095118518300, 4.171520288981032100, 11.10000000000000000 ) ) ;
#3201 = CARTESIAN_POINT ( 'NONE',  ( -0.8820500979351587600, 4.298069048815627900, 10.98999999999999800 ) ) ;
#3202 = CARTESIAN_POINT ( 'NONE',  ( -0.8269415653015734800, 4.299030532466503000, 11.09999999999999800 ) ) ;
#3203 = EDGE_CURVE ( 'NONE', #2029, #2488, #215, .T. ) ;
#3204 = CARTESIAN_POINT ( 'NONE',  ( 0.5756918966006695500, 3.183751001091313700, 10.99000000000000000 ) ) ;
#3205 = ORIENTED_EDGE ( 'NONE', *, *, #648, .T. ) ;
#3206 = CARTESIAN_POINT ( 'NONE',  ( -0.5890587517875226500, 3.459411331504061800, 10.98999999999999500 ) ) ;
#3207 = CARTESIAN_POINT ( 'NONE',  ( 0.8373135810213971900, 4.299457380496778400, 11.09999999999999800 ) ) ;
#3208 = ADVANCED_FACE ( 'NONE', ( #1477 ), #1734, .T. ) ;
#3209 = AXIS2_PLACEMENT_3D ( 'NONE', #3536, #2375, #1022 ) ;
#3210 = CARTESIAN_POINT ( 'NONE',  ( 0.0000000000000000000, 1.925929944387235900E-031, -11.10000000000000100 ) ) ;
#3211 = CARTESIAN_POINT ( 'NONE',  ( -1.054575369871459700, 3.852973005496779000, 10.98999999999999800 ) ) ;
#3212 = CARTESIAN_POINT ( 'NONE',  ( 0.9193947254152729000, 3.378875579349696500, 11.09999999999999800 ) ) ;
#3213 = CARTESIAN_POINT ( 'NONE',  ( -0.7286484430851805100, 2.712620927313122500, 11.09999999999999800 ) ) ;
#3214 = EDGE_LOOP ( 'NONE', ( #1549, #1452, #328, #781 ) ) ;
#3215 = B_SPLINE_SURFACE_WITH_KNOTS ( 'NONE', 3, 1, ( 
 ( #3528, #687 ),
 ( #3227, #174 ),
 ( #1284, #2100 ),
 ( #150, #466 ),
 ( #3503, #3255 ),
 ( #1565, #1024 ),
 ( #2377, #2657 ),
 ( #1909, #2470 ),
 ( #3024, #3267 ),
 ( #92, #120 ),
 ( #1713, #2234 ),
 ( #2299, #3165 ),
 ( #3523, #1623 ),
 ( #3545, #664 ),
 ( #3086, #3361 ),
 ( #1422, #48 ),
 ( #2802, #1708 ),
 ( #1411, #2553 ),
 ( #2543, #3397 ) ),
 .UNSPECIFIED., .F., .F., .F.,
 ( 4, 1, 1, 1, 1, 1, 1, 1, 1, 1, 1, 1, 1, 1, 1, 1, 4 ),
 ( 2, 2 ),
 ( 0.0000000000000000000, 0.05771703668670721100, 0.1139944747680075400, 0.1689375842317504000, 0.2241794871235041300, 0.2799688045719304100, 0.3376331636966859500, 0.3970921931266115900, 0.4590418275838770200, 0.5225259007509049900, 0.5861215733290792200, 0.6501023529161029700, 0.7154073102766304000, 0.7827625508401581100, 0.8522752723205726500, 0.9245072986072190300, 1.000000000000000000 ),
 ( 0.0000000000000000000, 1.000000000000000000 ),
 .UNSPECIFIED. ) ;
#3216 = MECHANICAL_CONTEXT ( 'NONE', #3233, 'mechanical' ) ;
#3217 = CARTESIAN_POINT ( 'NONE',  ( -0.4432179427098428800, 3.889605646518361900, 10.98999999999998600 ) ) ;
#3218 = CARTESIAN_POINT ( 'NONE',  ( 0.8179331680532974100, -5.301268757141562200, 10.92606240196662500 ) ) ;
#3219 = VERTEX_POINT ( 'NONE', #3112 ) ;
#3220 = CARTESIAN_POINT ( 'NONE',  ( -0.6157179671970400800, 4.227612095855930900, 11.09999999999999800 ) ) ;
#3221 = CARTESIAN_POINT ( 'NONE',  ( -1.303868302482568600, 3.057931034967372500, 10.98999999999999800 ) ) ;
#3222 = LINE ( 'NONE', #3516, #2645 ) ;
#3223 = B_SPLINE_SURFACE_WITH_KNOTS ( 'NONE', 3, 1, ( 
 ( #1952, #34 ),
 ( #2252, #1982 ),
 ( #2834, #1163 ),
 ( #308, #321 ),
 ( #2242, #2516 ),
 ( #2551, #842 ),
 ( #866, #2810 ),
 ( #1144, #3096 ),
 ( #881, #579 ),
 ( #3115, #1419 ),
 ( #2819, #3396 ),
 ( #1705, #1156 ),
 ( #1993, #3406 ),
 ( #2787, #1122 ),
 ( #3106, #3371 ),
 ( #2527, #1718 ),
 ( #2004, #1679 ),
 ( #23, #1967 ),
 ( #855, #1189 ) ),
 .UNSPECIFIED., .F., .F., .F.,
 ( 4, 1, 1, 1, 1, 1, 1, 1, 1, 1, 1, 1, 1, 1, 1, 1, 4 ),
 ( 2, 2 ),
 ( 0.0000000000000000000, 0.07687235360389441100, 0.1506033435728517100, 0.2208762735822743000, 0.2883158705187556200, 0.3539522566076095400, 0.4186041066179969100, 0.4819720487176054600, 0.5452475615343715900, 0.6069938136329324800, 0.6658609062344172900, 0.7234209814868144400, 0.7784334887197438300, 0.8335522832980709600, 0.8881375715834199900, 0.9433624489439211800, 1.000000000000000000 ),
 ( 0.0000000000000000000, 1.000000000000000000 ),
 .UNSPECIFIED. ) ;
#3224 = CARTESIAN_POINT ( 'NONE',  ( 0.9578391181964595000, 4.282107682951223500, 11.10000000000000100 ) ) ;
#3225 = ORIENTED_EDGE ( 'NONE', *, *, #3602, .T. ) ;
#3226 = CONICAL_SURFACE ( 'NONE', #340, 5.000000000000000900, 1.047197551196600100 ) ;
#3227 = CARTESIAN_POINT ( 'NONE',  ( -0.8522558760489569200, 3.392067524160755200, 10.98999999999999500 ) ) ;
#3228 = CARTESIAN_POINT ( 'NONE',  ( 0.4154451720275633100, 3.272544233422831600, 10.98999999999999800 ) ) ;
#3229 = CARTESIAN_POINT ( 'NONE',  ( -0.6184065810132406400, 2.808556902386627900, 11.10000000000000100 ) ) ;
#3230 = ORIENTED_EDGE ( 'NONE', *, *, #22, .T. ) ;
#3231 = CARTESIAN_POINT ( 'NONE',  ( 0.9607904620085362400, 3.614998148281977300, 11.09999999999999800 ) ) ;
#3232 = LINE ( 'NONE', #1614, #2871 ) ;
#3233 = APPLICATION_CONTEXT ( 'configuration controlled 3d designs of mechanical parts and assemblies' ) ;
#3234 = CARTESIAN_POINT ( 'NONE',  ( -0.7993649469096479900, 4.298187283831161700, 11.10000000000000000 ) ) ;
#3235 = CARTESIAN_POINT ( 'NONE',  ( 1.090697986634672200, 2.864103027666709900, 10.98999999999999500 ) ) ;
#3236 = ADVANCED_FACE ( 'NONE', ( #1179 ), #2988, .T. ) ;
#3237 = ORIENTED_EDGE ( 'NONE', *, *, #3151, .T. ) ;
#3238 = CARTESIAN_POINT ( 'NONE',  ( -0.4432179427098428800, 3.889605646518361900, 11.09999999999999800 ) ) ;
#3239 = CARTESIAN_POINT ( 'NONE',  ( -1.053937676031235800, 3.871245013948907000, 10.98999999999999800 ) ) ;
#3240 = CARTESIAN_POINT ( 'NONE',  ( 0.7311474113022500300, 2.713231921530399500, 10.98999999999999800 ) ) ;
#3241 = CARTESIAN_POINT ( 'NONE',  ( 1.303996058699968400, 3.037607492103921100, 8.861479739173429200 ) ) ;
#3242 = CARTESIAN_POINT ( 'NONE',  ( 0.6255093600934708000, 3.906567333999333900, 10.98999999999999800 ) ) ;
#3243 = CARTESIAN_POINT ( 'NONE',  ( -1.303532118361113900, 3.085985856656808100, 11.10000000000000000 ) ) ;
#3244 = VECTOR ( 'NONE', #364, 1000.000000000000000 ) ;
#3245 = CARTESIAN_POINT ( 'NONE',  ( -0.8093000479058146700, 2.689937862810674500, 11.10000000000000100 ) ) ;
#3246 = CARTESIAN_POINT ( 'NONE',  ( 1.054531772985682900, 3.841279367103922000, 10.98999999999999500 ) ) ;
#3247 = CARTESIAN_POINT ( 'NONE',  ( -0.8864569189453467300, 2.509414347494277800, 10.98999999999999800 ) ) ;
#3248 = CARTESIAN_POINT ( 'NONE',  ( 0.6175598432962905400, 3.270322636002435800, 11.09999999999999800 ) ) ;
#3249 = CARTESIAN_POINT ( 'NONE',  ( -1.230058757372903800, 3.333638543034679500, 10.98999999999999500 ) ) ;
#3250 = CARTESIAN_POINT ( 'NONE',  ( 0.6021545689035990900, 2.839444491132630900, 10.98999999999999800 ) ) ;
#3251 = B_SPLINE_SURFACE_WITH_KNOTS ( 'NONE', 3, 1, ( 
 ( #1700, #2537 ),
 ( #1407, #3380 ),
 ( #861, #2806 ),
 ( #1140, #1416 ),
 ( #3080, #40 ),
 ( #1687, #30 ),
 ( #694, #3493 ),
 ( #2916, #405 ),
 ( #1265, #450 ),
 ( #166, #3509 ),
 ( #2647, #706 ) ),
 .UNSPECIFIED., .F., .F., .F.,
 ( 4, 1, 1, 1, 1, 1, 1, 1, 4 ),
 ( 2, 2 ),
 ( 0.0000000000000000000, 0.1130086633576878500, 0.2234471210077719200, 0.3357630953330285600, 0.4572409977117646900, 0.5842199638331534400, 0.7148113151141048900, 0.8519978021403351600, 1.000000000000000000 ),
 ( 0.0000000000000000000, 1.000000000000000000 ),
 .UNSPECIFIED. ) ;
#3252 = CARTESIAN_POINT ( 'NONE',  ( 1.235960344414254600, 3.840925014425350600, 11.09999999999999800 ) ) ;
#3253 = ADVANCED_FACE ( 'NONE', ( #3064 ), #1874, .T. ) ;
#3254 = ORIENTED_EDGE ( 'NONE', *, *, #696, .T. ) ;
#3255 = CARTESIAN_POINT ( 'NONE',  ( -0.9253706124488971800, 3.378760981436650400, 11.09999999999999600 ) ) ;
#3256 = CARTESIAN_POINT ( 'NONE',  ( 0.6574772601350892300, 4.002880141081535100, 10.98999999999999800 ) ) ;
#3257 = CARTESIAN_POINT ( 'NONE',  ( 3.673940397442059900E-016, 3.000000000000000400, 6.899999999999996800 ) ) ;
#3258 = CARTESIAN_POINT ( 'NONE',  ( 1.054531772985682900, 3.841279367103922000, 11.09999999999999800 ) ) ;
#3259 = CARTESIAN_POINT ( 'NONE',  ( -5.000000000000002700, 2.886751345948130000, 10.65341801261479700 ) ) ;
#3260 = DIRECTION ( 'NONE',  ( 1.000000000000000000, 0.0000000000000000000, 0.0000000000000000000 ) ) ;
#3261 = CARTESIAN_POINT ( 'NONE',  ( 0.6256236924312346100, 3.793956696871945100, 11.09999999999999800 ) ) ;
#3262 = EDGE_CURVE ( 'NONE', #3499, #2268, #1305, .T. ) ;
#3263 = CARTESIAN_POINT ( 'NONE',  ( -1.040043902580990400, 3.956924737339596400, 10.98999999999999500 ) ) ;
#3264 = CARTESIAN_POINT ( 'NONE',  ( 0.9346021590196108600, 2.516064858245973500, 11.09999999999999100 ) ) ;
#3265 = CARTESIAN_POINT ( 'NONE',  ( -0.5559430954842834400, 3.050254611289249200, 10.98999999999999800 ) ) ;
#3266 = CARTESIAN_POINT ( 'NONE',  ( 1.155013043191503600, 3.583260556701645800, 10.98999999999999000 ) ) ;
#3267 = CARTESIAN_POINT ( 'NONE',  ( -1.020779778613724300, 3.317882389967756300, 11.09999999999999600 ) ) ;
#3268 = CARTESIAN_POINT ( 'NONE',  ( -1.137494508359924200, 2.620593281444169700, 11.10000000000000000 ) ) ;
#3269 = CARTESIAN_POINT ( 'NONE',  ( -1.247554084421817100, 3.304055035815017600, 11.10000000000000000 ) ) ;
#3270 = CARTESIAN_POINT ( 'NONE',  ( -1.052704925620814700, 3.906567333999335600, 11.09999999999999800 ) ) ;
#3271 = CARTESIAN_POINT ( 'NONE',  ( 0.4942877479146762200, 3.625410187238375000, 10.98999999999999500 ) ) ;
#3272 = VERTEX_POINT ( 'NONE', #2374 ) ;
#3273 = CARTESIAN_POINT ( 'NONE',  ( 0.3741746301285400200, 3.043631487639636200, 11.09999999999999800 ) ) ;
#3274 = CARTESIAN_POINT ( 'NONE',  ( -0.1020753698714608100, 2.779993094782492700, 8.861479739173429200 ) ) ;
#3275 = FACE_OUTER_BOUND ( 'NONE', #3156, .T. ) ;
#3276 = CARTESIAN_POINT ( 'NONE',  ( 0.6373225751972292400, 3.738849586482318400, 11.09999999999999800 ) ) ;
#3277 = ORIENTED_EDGE ( 'NONE', *, *, #1825, .T. ) ;
#3278 = CARTESIAN_POINT ( 'NONE',  ( 1.303996058699968400, 3.037607492103921100, 10.98999999999999500 ) ) ;
#3279 = VECTOR ( 'NONE', #3527, 1000.000000000000000 ) ;
#3280 = CARTESIAN_POINT ( 'NONE',  ( 0.07935320155711062000, 0.05552880906820674400, 11.09999999999999800 ) ) ;
#3281 = CARTESIAN_POINT ( 'NONE',  ( -1.202795758561447700, 2.693325520477344100, 11.09999999999999800 ) ) ;
#3282 = EDGE_CURVE ( 'NONE', #911, #2398, #1840, .T. ) ;
#3283 = ORIENTED_EDGE ( 'NONE', *, *, #976, .F. ) ;
#3284 = CARTESIAN_POINT ( 'NONE',  ( -1.303654082752923300, 3.024122769253927900, 10.98999999999999300 ) ) ;
#3285 = CARTESIAN_POINT ( 'NONE',  ( -0.8380658832643168600, 3.573743094782493300, 10.98999999999999800 ) ) ;
#3286 = CARTESIAN_POINT ( 'NONE',  ( -0.8827706704072458800, 4.115581642384268200, 10.98999999999999800 ) ) ;
#3287 = CARTESIAN_POINT ( 'NONE',  ( -0.6256285130522937200, 3.898228681293233400, 11.09999999999999800 ) ) ;
#3288 = ORIENTED_EDGE ( 'NONE', *, *, #1845, .T. ) ;
#3289 = CARTESIAN_POINT ( 'NONE',  ( 0.9584865270933652400, 4.074824765153195500, 11.09999999999999800 ) ) ;
#3290 = EDGE_CURVE ( 'NONE', #8, #2403, #415, .T. ) ;
#3291 = CARTESIAN_POINT ( 'NONE',  ( 0.8498561113098948000, 2.689501222280797200, 10.98999999999999800 ) ) ;
#3292 = ORGANIZATION ( 'UNSPECIFIED', 'UNSPECIFIED', '' ) ;
#3293 = CARTESIAN_POINT ( 'NONE',  ( -1.207517951444052800, 3.673560882934337800, 10.99000000000000200 ) ) ;
#3294 = CARTESIAN_POINT ( 'NONE',  ( 1.230000267503983800, 2.734458961880007700, 11.09999999999999400 ) ) ;
#3295 = AXIS2_PLACEMENT_3D ( 'NONE', #1746, #2021, #81 ) ;
#3296 = CARTESIAN_POINT ( 'NONE',  ( -0.9601893915316388500, 4.075886065384057800, 11.09999999999999800 ) ) ;
#3297 = CARTESIAN_POINT ( 'NONE',  ( 0.8380222863785400400, 4.118028809068208700, 11.09999999999999800 ) ) ;
#3298 = CARTESIAN_POINT ( 'NONE',  ( -0.9335727895554284400, 2.516079339317844900, 11.09999999999999800 ) ) ;
#3299 = CARTESIAN_POINT ( 'NONE',  ( 0.8192951148925870000, 5.300482436767275400, 10.90165567762784200 ) ) ;
#3300 = CARTESIAN_POINT ( 'NONE',  ( -0.9601893915316388500, 4.075886065384057800, 11.09999999999999800 ) ) ;
#3301 = CARTESIAN_POINT ( 'NONE',  ( 0.9236447292481947400, 3.591310740557707200, 10.98999999999999700 ) ) ;
#3302 = B_SPLINE_SURFACE_WITH_KNOTS ( 'NONE', 3, 1, ( 
 ( #243, #1966 ),
 ( #2727, #538 ),
 ( #1624, #2490 ),
 ( #2786, #271 ),
 ( #2196, #523 ),
 ( #1930, #3017 ),
 ( #2768, #2754 ),
 ( #1356, #1101 ),
 ( #3331, #841 ),
 ( #550, #3040 ),
 ( #3607, #3344 ) ),
 .UNSPECIFIED., .F., .F., .F.,
 ( 4, 1, 1, 1, 1, 1, 1, 1, 4 ),
 ( 2, 2 ),
 ( 0.0000000000000000000, 0.1539757860433905700, 0.2946209902069862300, 0.4259529432363396400, 0.5510630847533679600, 0.6698838735114387400, 0.7802966480188419100, 0.8888583241621970100, 0.9999999999999998900 ),
 ( 0.0000000000000000000, 1.000000000000000000 ),
 .UNSPECIFIED. ) ;
#3303 = CARTESIAN_POINT ( 'NONE',  ( -1.021389296135396500, 2.543918646667263000, 10.98999999999999800 ) ) ;
#3304 = CARTESIAN_POINT ( 'NONE',  ( 0.9454320592471469100, 3.368355952270726000, 10.98999999999998800 ) ) ;
#3305 = ORIENTED_EDGE ( 'NONE', *, *, #1010, .T. ) ;
#3306 = B_SPLINE_CURVE_WITH_KNOTS ( 'NONE', 3,
 ( #1114, #787, #2263, #589 ),
 .UNSPECIFIED., .F., .F.,
 ( 4, 4 ),
 ( 2.380735200821606600E-007, 0.002921158011986711200 ),
 .UNSPECIFIED. ) ;
#3307 = CARTESIAN_POINT ( 'NONE',  ( -1.235518854991098000, 3.826700765387793800, 10.98999999999999700 ) ) ;
#3308 = CARTESIAN_POINT ( 'NONE',  ( 4.999999999999997300, -2.886751345948329400, 10.65341801261493000 ) ) ;
#3309 = CARTESIAN_POINT ( 'NONE',  ( -1.020737025579196100, 4.002880141081536000, 11.09999999999999400 ) ) ;
#3310 = CARTESIAN_POINT ( 'NONE',  ( -0.3742182270143167300, 3.037607492103921100, 8.861479739173429200 ) ) ;
#3311 = CARTESIAN_POINT ( 'NONE',  ( -1.285793344948420200, 3.203759112177297500, 11.09999999999999800 ) ) ;
#3312 = CARTESIAN_POINT ( 'NONE',  ( -1.102522389113616000, 3.183751001091311900, 11.09999999999999400 ) ) ;
#3313 = CARTESIAN_POINT ( 'NONE',  ( -0.5566601561686787000, 2.999161672086136900, 10.98999999999999300 ) ) ;
#3314 = EDGE_CURVE ( 'NONE', #1040, #1833, #1005, .T. ) ;
#3315 = CARTESIAN_POINT ( 'NONE',  ( 0.5617956137346354900, 3.545511615676273400, 10.98999999999999800 ) ) ;
#3316 = B_SPLINE_SURFACE_WITH_KNOTS ( 'NONE', 3, 1, ( 
 ( #2951, #114 ),
 ( #1590, #3567 ),
 ( #2443, #3243 ),
 ( #1038, #1027 ),
 ( #2457, #3000 ),
 ( #211, #2154 ),
 ( #1884, #1847 ),
 ( #2693, #494 ),
 ( #2977, #3269 ),
 ( #2418, #1064 ),
 ( #1899, #3530 ),
 ( #1869, #2166 ),
 ( #2124, #739 ),
 ( #1302, #198 ),
 ( #1580, #767 ),
 ( #3015, #1553 ),
 ( #3556, #484 ),
 ( #459, #2428 ),
 ( #2713, #1324 ) ),
 .UNSPECIFIED., .F., .F., .F.,
 ( 4, 1, 1, 1, 1, 1, 1, 1, 1, 1, 1, 1, 1, 1, 1, 1, 4 ),
 ( 2, 2 ),
 ( 0.0000000000000000000, 0.07567792875955134400, 0.1484753851653020900, 0.2186868393837586600, 0.2858941638698260200, 0.3503945110435428000, 0.4133303484977597400, 0.4751316621820915700, 0.5353957076288711200, 0.5950697936472945100, 0.6531907066014455100, 0.7102252784822401500, 0.7670641673232893000, 0.8241261497892926600, 0.8820617975462210500, 0.9402768008465848300, 1.000000000000000000 ),
 ( 0.0000000000000000000, 1.000000000000000000 ),
 .UNSPECIFIED. ) ;
#3317 = CARTESIAN_POINT ( 'NONE',  ( 1.286389121350529200, 3.193574200081226600, 11.09999999999999800 ) ) ;
#3318 = CARTESIAN_POINT ( 'NONE',  ( 1.122567487271397100, 3.037253139425350100, 10.98999999999998800 ) ) ;
#3319 = VERTEX_POINT ( 'NONE', #709 ) ;
#3320 = CARTESIAN_POINT ( 'NONE',  ( -1.039654442886874400, 2.786488122536756200, 11.09999999999999600 ) ) ;
#3321 = DIRECTION ( 'NONE',  ( -0.0000000000000000000, -0.0000000000000000000, -1.000000000000000000 ) ) ;
#3322 = CARTESIAN_POINT ( 'NONE',  ( -0.4756566579279388200, 2.693411838465792600, 11.09999999999999800 ) ) ;
#3323 = CARTESIAN_POINT ( 'NONE',  ( -1.052704925620814700, 3.906567333999335600, 11.09999999999999800 ) ) ;
#3324 = DIRECTION ( 'NONE',  ( 0.8660254037844387100, -0.4999999999999998300, 0.0000000000000000000 ) ) ;
#3325 = LINE ( 'NONE', #1286, #2345 ) ;
#3326 = CARTESIAN_POINT ( 'NONE',  ( -1.021389296135396500, 2.543918646667263000, 11.10000000000000300 ) ) ;
#3327 = CARTESIAN_POINT ( 'NONE',  ( 0.9942208527764779800, 3.337594452433262600, 10.98999999999999800 ) ) ;
#3328 = CARTESIAN_POINT ( 'NONE',  ( -1.235044041851564700, 3.896219461739455000, 11.09999999999999800 ) ) ;
#3329 = ORIENTED_EDGE ( 'NONE', *, *, #1381, .T. ) ;
#3330 = LINE ( 'NONE', #2136, #1388 ) ;
#3331 = CARTESIAN_POINT ( 'NONE',  ( -0.8816607769801891900, 3.576218123216200700, 10.98999999999999300 ) ) ;
#3332 = CARTESIAN_POINT ( 'NONE',  ( 0.7178909495515584100, 3.615830637768700000, 10.98999999999999700 ) ) ;
#3333 = B_SPLINE_CURVE_WITH_KNOTS ( 'NONE', 3,
 ( #2017, #76, #2296, #354, #1750, #2305, #625, #2852, #2183, #187, #2860, #2313, #2325, #2597, #3168, #2670, #698, #955, #1522 ),
 .UNSPECIFIED., .F., .F.,
 ( 4, 1, 1, 1, 1, 1, 1, 1, 1, 1, 1, 1, 1, 1, 1, 1, 4 ),
 ( 0.0000000000000000000, 0.07355939021677682100, 0.1444068805223862600, 0.2120350006123021800, 0.2774551828959636000, 0.3412408311221130100, 0.4036152257137770600, 0.4657728537259487900, 0.5278394059004349900, 0.5892711086466481100, 0.6484850610028087800, 0.7063134915718853900, 0.7638977087928441300, 0.8209955801976871500, 0.8790244565344088600, 0.9384391914470140400, 1.000000000000000000 ),
 .UNSPECIFIED. ) ;
#3334 = EDGE_LOOP ( 'NONE', ( #704, #107, #2870, #433 ) ) ;
#3335 = LINE ( 'NONE', #3606, #2576 ) ;
#3336 = CARTESIAN_POINT ( 'NONE',  ( -1.073008429048876400, 3.513453974541468100, 11.09999999999999800 ) ) ;
#3337 = CARTESIAN_POINT ( 'NONE',  ( 1.252704169054108300, 2.778555662278969300, 11.09999999999999800 ) ) ;
#3338 = CARTESIAN_POINT ( 'NONE',  ( -1.053937676031235800, 3.871245013948907000, 11.09999999999999800 ) ) ;
#3339 = ORIENTED_EDGE ( 'NONE', *, *, #3088, .F. ) ;
#3340 = CARTESIAN_POINT ( 'NONE',  ( 0.4675097607597634700, 3.361196390328840900, 11.09999999999999800 ) ) ;
#3341 = CARTESIAN_POINT ( 'NONE',  ( 0.0000000000000000000, 5.578403379103964000E-033, -11.10000000000000100 ) ) ;
#3342 = CARTESIAN_POINT ( 'NONE',  ( 0.8925167532945919000, 3.386912160432885800, 10.98999999999999500 ) ) ;
#3343 = CARTESIAN_POINT ( 'NONE',  ( 4.999999999999997300, -2.886751345948130900, 11.09999999999999800 ) ) ;
#3344 = CARTESIAN_POINT ( 'NONE',  ( -0.8380658832643168600, 3.573743094782493300, 11.10000000000000000 ) ) ;
#3345 = EDGE_CURVE ( 'NONE', #3054, #911, #472, .T. ) ;
#3346 = CARTESIAN_POINT ( 'NONE',  ( 1.121690704229081300, 3.075726254113673600, 10.98999999999998800 ) ) ;
#3347 = CARTESIAN_POINT ( 'NONE',  ( 1.230000267503983800, 2.734458961880007700, 10.98999999999999500 ) ) ;
#3348 = CARTESIAN_POINT ( 'NONE',  ( 0.8380222863785400400, 4.118028809068208700, 10.98999999999999800 ) ) ;
#3349 = CARTESIAN_POINT ( 'NONE',  ( -1.234585504473014100, 3.785695865919705700, 10.98999999999999700 ) ) ;
#3350 = CARTESIAN_POINT ( 'NONE',  ( 1.285967761890570300, 2.874569107523584900, 11.10000000000000000 ) ) ;
#3351 = AXIS2_PLACEMENT_3D ( 'NONE', #3176, #119, #1215 ) ;
#3352 = CARTESIAN_POINT ( 'NONE',  ( -0.8816607769801891900, 3.576218123216200700, 11.09999999999999600 ) ) ;
#3353 = CARTESIAN_POINT ( 'NONE',  ( 0.5369455421288288300, 3.429888379809924400, 11.09999999999999800 ) ) ;
#3354 = CARTESIAN_POINT ( 'NONE',  ( 1.040936345562441200, 2.783621255732581500, 11.09999999999999800 ) ) ;
#3355 = CARTESIAN_POINT ( 'NONE',  ( -1.060654442417995100, 3.270322636002437600, 11.09999999999999800 ) ) ;
#3356 = CARTESIAN_POINT ( 'NONE',  ( -0.8269415653015734800, 4.299030532466503000, 10.98999999999999500 ) ) ;
#3357 = CARTESIAN_POINT ( 'NONE',  ( 1.058455506567389300, 3.475500103232540500, 11.09999999999999400 ) ) ;
#3358 = CARTESIAN_POINT ( 'NONE',  ( 1.016970726732513400, 3.317572998984164000, 11.09999999999999800 ) ) ;
#3359 = B_SPLINE_CURVE_WITH_KNOTS ( 'NONE', 3,
 ( #500, #1047, #747, #2188, #2995, #1574, #514, #791, #3322, #3575, #1629, #1919, #248, #2436, #3552, #1864, #194, #478, #2984 ),
 .UNSPECIFIED., .F., .F.,
 ( 4, 1, 1, 1, 1, 1, 1, 1, 1, 1, 1, 1, 1, 1, 1, 1, 4 ),
 ( 0.0000000000000000000, 0.07248437293855862500, 0.1421900247782591200, 0.2092479436396159900, 0.2744479239677609600, 0.3380258226711698200, 0.4004065324405424700, 0.4630462859810655600, 0.5257231890505671400, 0.5877589997009549100, 0.6472072747036191600, 0.7056043792705031200, 0.7633549404132804500, 0.8210143016334019400, 0.8791787128958347100, 0.9387324439926647600, 1.000000000000000000 ),
 .UNSPECIFIED. ) ;
#3360 = CARTESIAN_POINT ( 'NONE',  ( 1.137449140468037400, 2.620734010285415300, 10.98999999999999500 ) ) ;
#3361 = CARTESIAN_POINT ( 'NONE',  ( -1.111910316707101800, 3.151495128754886000, 11.09999999999999600 ) ) ;
#3362 = CARTESIAN_POINT ( 'NONE',  ( -0.8547363150404137000, 4.298990583427368500, 11.10000000000000000 ) ) ;
#3363 = CARTESIAN_POINT ( 'NONE',  ( 0.6052058566654090500, 3.513453974541469000, 11.09999999999999800 ) ) ;
#3364 = EDGE_CURVE ( 'NONE', #1650, #116, #75, .T. ) ;
#3365 = CARTESIAN_POINT ( 'NONE',  ( -1.020965836059597900, 3.690305278343403400, 11.09999999999999600 ) ) ;
#3366 = CARTESIAN_POINT ( 'NONE',  ( 0.5666021069806436200, 2.933407325813717700, 10.98999999999998600 ) ) ;
#3367 = CARTESIAN_POINT ( 'NONE',  ( 1.019787280849372900, 2.761656325696176600, 10.98999999999999700 ) ) ;
#3368 = CARTESIAN_POINT ( 'NONE',  ( 0.0000000000000000000, 0.0000000000000000000, 11.09999999999999800 ) ) ;
#3369 = CARTESIAN_POINT ( 'NONE',  ( 0.6465991077996597900, 4.250848728142858400, 10.98999999999999300 ) ) ;
#3370 = CARTESIAN_POINT ( 'NONE',  ( 1.303996058699968400, 3.037607492103921100, 11.09999999999999800 ) ) ;
#3371 = CARTESIAN_POINT ( 'NONE',  ( -0.9212189882591276200, 2.702699384954926600, 11.10000000000000000 ) ) ;
#3372 = CARTESIAN_POINT ( 'NONE',  ( -0.8944393336601310600, 2.694733756089794600, 11.09999999999999800 ) ) ;
#3373 = CARTESIAN_POINT ( 'NONE',  ( -0.4284703397254018800, 3.293162532273087500, 11.09999999999999800 ) ) ;
#3374 = DIRECTION ( 'NONE',  ( 1.000000000000000000, 0.0000000000000000000, -0.0000000000000000000 ) ) ;
#3375 = CARTESIAN_POINT ( 'NONE',  ( 0.4942877479146762200, 3.625410187238375000, 10.98999999999999300 ) ) ;
#3376 = FACE_OUTER_BOUND ( 'NONE', #3214, .T. ) ;
#3377 = CARTESIAN_POINT ( 'NONE',  ( -1.122611084157173900, 3.044340192996778600, 10.98999999999999800 ) ) ;
#3378 = ORIENTED_EDGE ( 'NONE', *, *, #1928, .T. ) ;
#3379 = LINE ( 'NONE', #1523, #1743 ) ;
#3380 = CARTESIAN_POINT ( 'NONE',  ( -0.8236435324260277200, 3.574556288195219100, 11.09999999999999800 ) ) ;
#3381 = CARTESIAN_POINT ( 'NONE',  ( -1.031615177914625400, 4.250848728142858400, 11.09999999999999800 ) ) ;
#3382 = ORIENTED_EDGE ( 'NONE', *, *, #1755, .F. ) ;
#3383 = CARTESIAN_POINT ( 'NONE',  ( -0.3918251643637562500, 3.193574200081227500, 11.09999999999999800 ) ) ;
#3384 = CARTESIAN_POINT ( 'NONE',  ( 3.673940397442058900E-016, 3.000000000000000400, 6.899999999999996800 ) ) ;
#3385 = B_SPLINE_CURVE_WITH_KNOTS ( 'NONE', 3,
 ( #1314, #3557, #1340, #470, #1859, #2167, #1065, #1870, #199, #520, #1886, #1622, #2967, #1912, #1287, #495, #2444, #1569, #769 ),
 .UNSPECIFIED., .F., .F.,
 ( 4, 1, 1, 1, 1, 1, 1, 1, 1, 1, 1, 1, 1, 1, 1, 1, 4 ),
 ( 0.0000000000000000000, 0.07549270139278097000, 0.1477247276794274600, 0.2172374491598420000, 0.2845926897233697100, 0.3498976470838970300, 0.4138784266709209000, 0.4774740992490950100, 0.5409581724161229800, 0.6029078068733884100, 0.6623668363033139400, 0.7200311954280695900, 0.7758205128764956700, 0.8310624157682495700, 0.8860055252319922700, 0.9422829633132927500, 1.000000000000000000 ),
 .UNSPECIFIED. ) ;
#3386 = ORIENTED_EDGE ( 'NONE', *, *, #545, .T. ) ;
#3387 = CARTESIAN_POINT ( 'NONE',  ( -0.5763653981873229100, 3.181327892350341600, 11.09999999999999800 ) ) ;
#3388 = CARTESIAN_POINT ( 'NONE',  ( -0.6414374836670092600, 3.484269810391386300, 11.09999999999999800 ) ) ;
#3389 = CARTESIAN_POINT ( 'NONE',  ( -0.9603795227919912400, 4.282461523859114800, 11.10000000000000300 ) ) ;
#3390 = CARTESIAN_POINT ( 'NONE',  ( 0.6226450753774344100, 3.477976391168430500, 11.10000000000000300 ) ) ;
#3391 = FACE_OUTER_BOUND ( 'NONE', #1599, .T. ) ;
#3392 = CARTESIAN_POINT ( 'NONE',  ( 1.111278884195990000, 2.927503876142738500, 11.10000000000000000 ) ) ;
#3393 = CARTESIAN_POINT ( 'NONE',  ( 1.122567487271397100, 3.037253139425350100, 10.98999999999999500 ) ) ;
#3394 = CARTESIAN_POINT ( 'NONE',  ( 0.7560624785807300600, 4.292525841408477500, 10.98999999999999700 ) ) ;
#3395 = CARTESIAN_POINT ( 'NONE',  ( 0.5564447975231725500, 3.005860478051177100, 11.09999999999999800 ) ) ;
#3396 = CARTESIAN_POINT ( 'NONE',  ( -1.017947982997271300, 2.764143355255867600, 11.10000000000000500 ) ) ;
#3397 = CARTESIAN_POINT ( 'NONE',  ( -1.122611084157173900, 3.044340192996778600, 11.09999999999999600 ) ) ;
#3398 = CARTESIAN_POINT ( 'NONE',  ( -0.8547363150404137000, 4.298990583427368500, 10.98999999999999500 ) ) ;
#3399 = ORIENTED_EDGE ( 'NONE', *, *, #797, .T. ) ;
#3400 = AXIS2_PLACEMENT_3D ( 'NONE', #406, #2360, #1786 ) ;
#3401 = CARTESIAN_POINT ( 'NONE',  ( -0.9603233361627270300, 3.615830637768700000, 11.09999999999999800 ) ) ;
#3402 = ADVANCED_FACE ( 'NONE', ( #3391 ), #1740, .T. ) ;
#3403 = CARTESIAN_POINT ( 'NONE',  ( -0.7436121266946734700, 2.516064858245973500, 10.98999999999999100 ) ) ;
#3404 = CARTESIAN_POINT ( 'NONE',  ( 0.4942877479146762200, 3.625410187238375000, 11.09999999999999800 ) ) ;
#3405 = DIRECTION ( 'NONE',  ( -1.000000000000000000, 0.0000000000000000000, 0.0000000000000000000 ) ) ;
#3406 = CARTESIAN_POINT ( 'NONE',  ( -0.9719749396091151800, 2.726935906559685200, 11.10000000000000000 ) ) ;
#3407 = B_SPLINE_CURVE_WITH_KNOTS ( 'NONE', 3,
 ( #2673, #2372, #1528, #2106, #2382, #2412, #179, #488, #1327, #2145, #189, #2460, #201, #3303, #1277, #2185, #3247, #2431, #2157 ),
 .UNSPECIFIED., .F., .F.,
 ( 4, 1, 1, 1, 1, 1, 1, 1, 1, 1, 1, 1, 1, 1, 1, 1, 4 ),
 ( 0.0000000000000000000, 0.07355939021677682100, 0.1444068805223862600, 0.2120350006123021800, 0.2774551828959636000, 0.3412408311221130100, 0.4036152257137770600, 0.4657728537259486800, 0.5278394059004348800, 0.5892711086466480000, 0.6484850610028087800, 0.7063134915718853900, 0.7638977087928441300, 0.8209955801976869200, 0.8790244565344088600, 0.9384391914470140400, 1.000000000000000000 ),
 .UNSPECIFIED. ) ;
#3408 = DIRECTION ( 'NONE',  ( 0.0000000000000000000, 0.0000000000000000000, -1.000000000000000000 ) ) ;
#3409 = EDGE_CURVE ( 'NONE', #2571, #145, #1935, .T. ) ;
#3410 = CARTESIAN_POINT ( 'NONE',  ( 1.093716666108916200, 4.201379318578498000, 10.98999999999999500 ) ) ;
#3411 = ORIENTED_EDGE ( 'NONE', *, *, #2964, .F. ) ;
#3412 = CARTESIAN_POINT ( 'NONE',  ( -0.5067621735632407100, 2.655225130654953200, 10.98999999999999500 ) ) ;
#3413 = CARTESIAN_POINT ( 'NONE',  ( -1.023746686835745400, 3.488698451925350300, 11.09999999999999800 ) ) ;
#3414 = EDGE_CURVE ( 'NONE', #1509, #1425, #1980, .T. ) ;
#3415 = CARTESIAN_POINT ( 'NONE',  ( 0.6813953020171599200, 4.268493849555403200, 11.09999999999999800 ) ) ;
#3416 = LINE ( 'NONE', #3384, #2006 ) ;
#3417 = ORIENTED_EDGE ( 'NONE', *, *, #1769, .F. ) ;
#3418 = LINE ( 'NONE', #663, #2690 ) ;
#3419 = AXIS2_PLACEMENT_3D ( 'NONE', #236, #502, #2150 ) ;
#3420 = DIRECTION ( 'NONE',  ( 0.0000000000000000000, 0.0000000000000000000, 1.000000000000000000 ) ) ;
#3421 = CARTESIAN_POINT ( 'NONE',  ( -0.7570251182945694200, 4.099643929567848800, 10.98999999999999800 ) ) ;
#3422 = CARTESIAN_POINT ( 'NONE',  ( 0.9946487068868614700, 4.268270537087092400, 11.09999999999999800 ) ) ;
#3423 = VERTEX_POINT ( 'NONE', #276 ) ;
#3424 = ORIENTED_EDGE ( 'NONE', *, *, #3468, .T. ) ;
#3425 = ORIENTED_EDGE ( 'NONE', *, *, #909, .F. ) ;
#3426 = CARTESIAN_POINT ( 'NONE',  ( 0.6544675988785400000, 3.488698451925350300, 10.98999999999999800 ) ) ;
#3427 = CARTESIAN_POINT ( 'NONE',  ( -0.4422539413000310400, 3.840925014425350200, 10.98999999999999500 ) ) ;
#3428 = LOCAL_TIME ( 7, 54, 35.00000000000000000, #280 ) ;
#3429 = CARTESIAN_POINT ( 'NONE',  ( 0.4486788801372231200, 2.735053065727922000, 11.09999999999999400 ) ) ;
#3430 = DIRECTION ( 'NONE',  ( 0.0000000000000000000, 0.0000000000000000000, 1.000000000000000000 ) ) ;
#3431 = CARTESIAN_POINT ( 'NONE',  ( -1.481782267112372600, 4.835319883380269500, 11.09999999999999800 ) ) ;
#3432 = CARTESIAN_POINT ( 'NONE',  ( 0.6236389158428256000, 3.852973005496779000, 11.09999999999999800 ) ) ;
#3433 = CARTESIAN_POINT ( 'NONE',  ( -0.9955646087213595500, 2.743923215597083400, 10.98999999999999500 ) ) ;
#3434 = CARTESIAN_POINT ( 'NONE',  ( -0.8401919993357454000, 4.118028809068207800, 11.09999999999999800 ) ) ;
#3435 = ORIENTED_EDGE ( 'NONE', *, *, #2632, .F. ) ;
#3436 = CARTESIAN_POINT ( 'NONE',  ( -0.4540573916131993000, 3.724325877507182400, 11.09999999999999800 ) ) ;
#3437 = DIRECTION ( 'NONE',  ( 0.8660254037844389300, 0.4999999999999995000, 0.0000000000000000000 ) ) ;
#3438 = CARTESIAN_POINT ( 'NONE',  ( 1.122567487271397100, 3.037253139425350100, 10.98999999999999500 ) ) ;
#3439 = DIRECTION ( 'NONE',  ( 0.0000000000000000000, 0.0000000000000000000, 1.000000000000000000 ) ) ;
#3440 = ADVANCED_FACE ( 'NONE', ( #584 ), #3061, .T. ) ;
#3441 = EDGE_LOOP ( 'NONE', ( #3329, #684, #1116, #3378 ) ) ;
#3442 = CARTESIAN_POINT ( 'NONE',  ( -0.9212189882591276200, 2.702699384954926600, 10.98999999999999800 ) ) ;
#3443 = CARTESIAN_POINT ( 'NONE',  ( -0.7570251182945694200, 4.099643929567848800, 10.98999999999999700 ) ) ;
#3444 = CARTESIAN_POINT ( 'NONE',  ( 1.029609459827256700, 4.250047618791763100, 10.98999999999999800 ) ) ;
#3445 = CARTESIAN_POINT ( 'NONE',  ( -0.6028462189826681000, 3.513608420985328900, 11.10000000000000000 ) ) ;
#3446 = ORIENTED_EDGE ( 'NONE', *, *, #713, .F. ) ;
#3447 = CARTESIAN_POINT ( 'NONE',  ( 1.029609459827256700, 4.250047618791763100, 11.09999999999999800 ) ) ;
#3448 = ORIENTED_EDGE ( 'NONE', *, *, #648, .F. ) ;
#3449 = CARTESIAN_POINT ( 'NONE',  ( 1.192799365455454100, 3.376309752780877600, 11.09999999999999800 ) ) ;
#3450 = VECTOR ( 'NONE', #2665, 1000.000000000000100 ) ;
#3451 = CARTESIAN_POINT ( 'NONE',  ( 0.8380222863785400400, 4.118028809068208700, 11.09999999999999800 ) ) ;
#3452 = EDGE_CURVE ( 'NONE', #681, #1250, #3546, .T. ) ;
#3453 = ORIENTED_EDGE ( 'NONE', *, *, #1904, .T. ) ;
#3454 = LINE ( 'NONE', #2414, #3279 ) ;
#3455 = CARTESIAN_POINT ( 'NONE',  ( -1.122611084157173900, 3.044340192996778600, 10.98999999999999800 ) ) ;
#3456 = CARTESIAN_POINT ( 'NONE',  ( -0.5556467984428882200, 3.037253139425350100, 10.98999999999999300 ) ) ;
#3457 = CARTESIAN_POINT ( 'NONE',  ( 0.7062393461051703600, 2.726935906559685200, 11.09999999999999800 ) ) ;
#3458 = ORIENTED_EDGE ( 'NONE', *, *, #1928, .F. ) ;
#3459 = DIRECTION ( 'NONE',  ( 0.0000000000000000000, 0.0000000000000000000, 1.000000000000000000 ) ) ;
#3460 = CARTESIAN_POINT ( 'NONE',  ( -0.4437692797229020900, 3.780987957570796100, 11.10000000000000000 ) ) ;
#3461 = ADVANCED_FACE ( 'NONE', ( #2022 ), #1434, .T. ) ;
#3462 = CARTESIAN_POINT ( 'NONE',  ( 0.8070306264670370500, 3.391579686515070700, 11.10000000000000300 ) ) ;
#3463 = CONICAL_SURFACE ( 'NONE', #2266, 2.249999999999991600, 0.7853981633974529400 ) ;
#3464 = CARTESIAN_POINT ( 'NONE',  ( 0.7178347629222944200, 4.282461523859112200, 10.98999999999999500 ) ) ;
#3465 = DIRECTION ( 'NONE',  ( 0.0000000000000000000, 0.0000000000000000000, 1.000000000000000000 ) ) ;
#3466 = DIRECTION ( 'NONE',  ( 0.0000000000000000000, 0.0000000000000000000, 1.000000000000000000 ) ) ;
#3467 = DIRECTION ( 'NONE',  ( 0.0000000000000000000, 0.0000000000000000000, 1.000000000000000000 ) ) ;
#3468 = EDGE_CURVE ( 'NONE', #2446, #3423, #2666, .T. ) ;
#3469 = SECURITY_CLASSIFICATION_LEVEL ( 'unclassified' ) ;
#3470 = CARTESIAN_POINT ( 'NONE',  ( -0.4698477676255734500, 4.024665611418283700, 10.98999999999998600 ) ) ;
#3471 = DIRECTION ( 'NONE',  ( 0.0000000000000000000, 0.0000000000000000000, 1.000000000000000000 ) ) ;
#3472 = EDGE_LOOP ( 'NONE', ( #1464, #2190, #3254, #1061 ) ) ;
#3473 = CARTESIAN_POINT ( 'NONE',  ( 0.5556032015571114000, 3.044340192996778600, 11.09999999999999800 ) ) ;
#3474 = CARTESIAN_POINT ( 'NONE',  ( -1.443735181952766800, -4.939961795957294100, 11.01834180287623300 ) ) ;
#3475 = ORIENTED_EDGE ( 'NONE', *, *, #3111, .T. ) ;
#3476 = AXIS2_PLACEMENT_3D ( 'NONE', #2001, #1440, #1448 ) ;
#3477 = CARTESIAN_POINT ( 'NONE',  ( -0.3922465238237146700, 2.874569107523584900, 10.98999999999999500 ) ) ;
#3478 = CARTESIAN_POINT ( 'NONE',  ( -0.8401919993357455100, 4.118028809068208700, 11.09999999999999800 ) ) ;
#3479 = CARTESIAN_POINT ( 'NONE',  ( 0.6256236924312346100, 3.793956696871945100, 10.98999999999999800 ) ) ;
#3480 = CARTESIAN_POINT ( 'NONE',  ( 0.0000000000000000000, 0.0000000000000000000, 11.09999999999999800 ) ) ;
#3481 = CARTESIAN_POINT ( 'NONE',  ( 0.7029208167944370800, 3.354503983795138500, 11.09999999999999800 ) ) ;
#3482 = VERTEX_POINT ( 'NONE', #2774 ) ;
#3483 = CARTESIAN_POINT ( 'NONE',  ( -1.653121499799247400, -4.819072548984005200, 11.04859571291617300 ) ) ;
#3484 = CARTESIAN_POINT ( 'NONE',  ( 1.029609459827256700, 4.250047618791763100, 11.09999999999999800 ) ) ;
#3485 = CARTESIAN_POINT ( 'NONE',  ( 3.504676902604216000E-016, 5.773502691896256400, 6.899999999999996800 ) ) ;
#3486 = CARTESIAN_POINT ( 'NONE',  ( 0.8401484024499685800, 3.573743094782492900, 10.98999999999999800 ) ) ;
#3487 = CARTESIAN_POINT ( 'NONE',  ( -0.5671147005293942800, 3.148142269087852000, 11.09999999999999800 ) ) ;
#3488 = CARTESIAN_POINT ( 'NONE',  ( -0.8283581744043906300, 2.689501222280797200, 11.10000000000000100 ) ) ;
#3489 = LINE ( 'NONE', #1370, #516 ) ;
#3490 = B_SPLINE_CURVE_WITH_KNOTS ( 'NONE', 3,
 ( #2408, #468, #3242, #1846, #3256, #726, #2680, #2966, #738, #2692, #1245 ),
 .UNSPECIFIED., .F., .F.,
 ( 4, 1, 1, 1, 1, 1, 1, 1, 4 ),
 ( 0.0000000000000000000, 0.1445853710887411400, 0.2795035239605310200, 0.4091104759472831100, 0.5376950259984426600, 0.6621870154228110000, 0.7764721253835097400, 0.8869648727936149100, 1.000000000000000000 ),
 .UNSPECIFIED. ) ;
#3491 = VERTEX_POINT ( 'NONE', #846 ) ;
#3492 = MANIFOLD_SOLID_BREP ( 'Combine1', #1593 ) ;
#3493 = CARTESIAN_POINT ( 'NONE',  ( -0.6575216486462851500, 3.687845631139601300, 11.09999999999999800 ) ) ;
#3494 = ORIENTED_EDGE ( 'NONE', *, *, #3541, .F. ) ;
#3495 = ADVANCED_FACE ( 'NONE', ( #447 ), #360, .T. ) ;
#3496 = VECTOR ( 'NONE', #3471, 1000.000000000000000 ) ;
#3497 = CARTESIAN_POINT ( 'NONE',  ( -0.7993649469096479900, 4.298187283831161700, 11.09999999999999800 ) ) ;
#3498 = CARTESIAN_POINT ( 'NONE',  ( 0.6574345071005607300, 3.317882389967755900, 10.98999999999999300 ) ) ;
#3499 = VERTEX_POINT ( 'NONE', #2563 ) ;
#3500 = CARTESIAN_POINT ( 'NONE',  ( -0.6399281900510525000, 3.294665809462164100, 10.98999999999999800 ) ) ;
#3501 = VERTEX_POINT ( 'NONE', #1164 ) ;
#3502 = CARTESIAN_POINT ( 'NONE',  ( 1.235634918741340900, 3.857358525098147700, 11.09999999999999800 ) ) ;
#3503 = CARTESIAN_POINT ( 'NONE',  ( -0.9253706124488971800, 3.378760981436650400, 10.98999999999999500 ) ) ;
#3504 = ORIENTED_EDGE ( 'NONE', *, *, #1076, .F. ) ;
#3505 = CARTESIAN_POINT ( 'NONE',  ( -0.5763653981873229100, 3.181327892350341600, 10.98999999999999300 ) ) ;
#3506 = CARTESIAN_POINT ( 'NONE',  ( -0.8409007046928882500, 4.299457380496778400, 10.98999999999999500 ) ) ;
#3507 = AXIS2_PLACEMENT_3D ( 'NONE', #324, #858, #3374 ) ;
#3508 = APPROVAL_STATUS ( 'not_yet_approved' ) ;
#3509 = CARTESIAN_POINT ( 'NONE',  ( -0.6243735893784749800, 3.822435333157181400, 11.10000000000000000 ) ) ;
#3510 = CARTESIAN_POINT ( 'NONE',  ( -1.085903094422278900, 3.464302196276433800, 10.98999999999999500 ) ) ;
#3511 = CARTESIAN_POINT ( 'NONE',  ( -0.5565235814852037600, 3.075726254113675400, 10.98999999999999800 ) ) ;
#3512 = CARTESIAN_POINT ( 'NONE',  ( 0.9946487068868614700, 4.268270537087092400, 11.09999999999999400 ) ) ;
#3513 = ADVANCED_FACE ( 'NONE', ( #1213 ), #646, .T. ) ;
#3514 = CARTESIAN_POINT ( 'NONE',  ( 0.3819141098028203700, 2.929918658675568100, 11.09999999999999800 ) ) ;
#3515 = CARTESIAN_POINT ( 'NONE',  ( 4.999999999999997300, 2.886751345948130000, 6.899999999999996800 ) ) ;
#3516 = CARTESIAN_POINT ( 'NONE',  ( 0.8355418176285400700, 3.392314523353921400, 8.861479739173429200 ) ) ;
#3517 = CARTESIAN_POINT ( 'NONE',  ( -0.8380658832643167500, 2.689278809068207400, 11.09999999999999800 ) ) ;
#3518 = ORIENTED_EDGE ( 'NONE', *, *, #2943, .T. ) ;
#3519 = DATE_TIME_ROLE ( 'creation_date' ) ;
#3520 = CARTESIAN_POINT ( 'NONE',  ( -0.6835655788274236400, 4.268270537087092400, 10.98999999999998400 ) ) ;
#3521 = CARTESIAN_POINT ( 'NONE',  ( 0.9976264924929538800, 2.742145193330006500, 10.98999999999999500 ) ) ;
#3522 = ORIENTED_EDGE ( 'NONE', *, *, #272, .T. ) ;
#3523 = CARTESIAN_POINT ( 'NONE',  ( -1.091272126321160000, 3.214417206838526800, 10.98999999999999500 ) ) ;
#3524 = EDGE_CURVE ( 'NONE', #911, #936, #609, .T. ) ;
#3525 = CARTESIAN_POINT ( 'NONE',  ( -1.052704925620814700, 3.906567333999335600, 10.98999999999999500 ) ) ;
#3526 = CARTESIAN_POINT ( 'NONE',  ( -0.4015935295410265600, 3.228492539986735000, 10.98999999999999500 ) ) ;
#3527 = DIRECTION ( 'NONE',  ( 0.0000000000000000000, 0.0000000000000000000, 1.000000000000000000 ) ) ;
#3528 = CARTESIAN_POINT ( 'NONE',  ( -0.8426724680857453600, 3.392314523353921400, 10.98999999999999500 ) ) ;
#3529 = DIRECTION ( 'NONE',  ( 1.000000000000000000, 0.0000000000000000000, -0.0000000000000000000 ) ) ;
#3530 = CARTESIAN_POINT ( 'NONE',  ( -1.210704524954522100, 3.361196390328840000, 11.09999999999999800 ) ) ;
#3531 = CARTESIAN_POINT ( 'NONE',  ( -0.6009644516174449400, 2.834972710130721800, 11.09999999999999800 ) ) ;
#3532 = ORIENTED_EDGE ( 'NONE', *, *, #692, .T. ) ;
#3533 = CARTESIAN_POINT ( 'NONE',  ( 0.7528436732653879200, 3.378760981436651300, 11.09999999999999800 ) ) ;
#3534 = CARTESIAN_POINT ( 'NONE',  ( 1.021990128403915200, 2.543814928548189200, 10.98999999999999500 ) ) ;
#3535 = CARTESIAN_POINT ( 'NONE',  ( -1.055569210336851200, 3.477976391168430500, 10.98999999999999800 ) ) ;
#3536 = CARTESIAN_POINT ( 'NONE',  ( 0.0000000000000000000, 5.281289321322972100E-017, -10.35000000000000100 ) ) ;
#3537 = CARTESIAN_POINT ( 'NONE',  ( 0.6574772601350892300, 4.002880141081535100, 10.98999999999999700 ) ) ;
#3538 = ORIENTED_EDGE ( 'NONE', *, *, #1897, .T. ) ;
#3539 = VECTOR ( 'NONE', #680, 1000.000000000000000 ) ;
#3540 = CARTESIAN_POINT ( 'NONE',  ( 0.3819141098028203700, 2.929918658675568100, 10.98999999999999300 ) ) ;
#3541 = EDGE_CURVE ( 'NONE', #3219, #3272, #2583, .T. ) ;
#3542 = CARTESIAN_POINT ( 'NONE',  ( 2.287832656137184000, 4.452621892014637900, 11.10000000000000100 ) ) ;
#3543 = CARTESIAN_POINT ( 'NONE',  ( -0.5598361725627150100, 2.962214966687884300, 10.98999999999999300 ) ) ;
#3544 = EDGE_LOOP ( 'NONE', ( #2303, #384, #3570, #2003, #882 ) ) ;
#3545 = CARTESIAN_POINT ( 'NONE',  ( -1.102522389113616000, 3.183751001091311900, 10.98999999999999500 ) ) ;
#3546 = B_SPLINE_CURVE_WITH_KNOTS ( 'NONE', 3,
 ( #1709, #2256, #871, #1956, #1147, #1401, #1670, #2245, #3100, #2530, #3087, #2005, #332, #49, #2519, #1158, #2508, #2279, #1997 ),
 .UNSPECIFIED., .F., .F.,
 ( 4, 1, 1, 1, 1, 1, 1, 1, 1, 1, 1, 1, 1, 1, 1, 1, 4 ),
 ( 0.0000000000000000000, 0.06180097102815540500, 0.1220053371660178000, 0.1803506012854704200, 0.2379566803506680800, 0.2959934965550776700, 0.3542241802236432100, 0.4137966083733674000, 0.4753449059058669800, 0.5376280473118421100, 0.6001030149128430100, 0.6623883902508286300, 0.7255720147734384700, 0.7903518431467537700, 0.8575977422980641800, 0.9271544407746271600, 0.9999999999999998900 ),
 .UNSPECIFIED. ) ;
#3547 = FACE_OUTER_BOUND ( 'NONE', #1677, .T. ) ;
#3548 = CARTESIAN_POINT ( 'NONE',  ( -0.7812984618134347600, 2.694893812833548000, 10.98999999999999800 ) ) ;
#3549 = CARTESIAN_POINT ( 'NONE',  ( 1.111278884195990000, 2.927503876142738500, 10.98999999999999800 ) ) ;
#3550 = ORIENTED_EDGE ( 'NONE', *, *, #895, .F. ) ;
#3551 = CARTESIAN_POINT ( 'NONE',  ( -1.020737025579196100, 4.002880141081536000, 10.98999999999999500 ) ) ;
#3552 = CARTESIAN_POINT ( 'NONE',  ( -0.6990842527831043800, 2.528073551232728400, 11.09999999999999800 ) ) ;
#3553 = CARTESIAN_POINT ( 'NONE',  ( -0.7079571625554455000, 3.354318855201789500, 10.98999999999999500 ) ) ;
#3554 = CARTESIAN_POINT ( 'NONE',  ( 0.9584865270933652400, 4.074824765153195500, 11.09999999999999800 ) ) ;
#3555 = CARTESIAN_POINT ( 'NONE',  ( -1.171435888488099800, 2.655272428923390700, 11.10000000000000000 ) ) ;
#3556 = CARTESIAN_POINT ( 'NONE',  ( -1.055569210336851200, 3.477976391168430500, 10.98999999999999300 ) ) ;
#3557 = CARTESIAN_POINT ( 'NONE',  ( 0.5559282183600419100, 3.056867659402997500, 10.98999999999999500 ) ) ;
#3558 = CARTESIAN_POINT ( 'NONE',  ( 0.4425351997977922700, 3.864326726171309500, 10.98999999999999700 ) ) ;
#3559 = CARTESIAN_POINT ( 'NONE',  ( -0.6805877932213313400, 2.742145193330006500, 10.98999999999999800 ) ) ;
#3560 = CARTESIAN_POINT ( 'NONE',  ( 0.6256236924312346100, 3.793956696871945100, 10.98999999999999500 ) ) ;
#3561 = CARTESIAN_POINT ( 'NONE',  ( 1.299758951961674100, 3.118766778876397500, 10.98999999999999500 ) ) ;
#3562 = CARTESIAN_POINT ( 'NONE',  ( 1.303557930715467700, 3.018577949215016000, 10.98999999999999500 ) ) ;
#3563 = CARTESIAN_POINT ( 'NONE',  ( -0.1020753698714608100, 0.05552880906820674400, 11.09999999999999800 ) ) ;
#3564 = DIRECTION ( 'NONE',  ( 0.0000000000000000000, 0.0000000000000000000, 1.000000000000000000 ) ) ;
#3565 = ORIENTED_EDGE ( 'NONE', *, *, #1710, .F. ) ;
#3566 = CARTESIAN_POINT ( 'NONE',  ( -1.304039655585745200, 3.043631487639635800, 10.98999999999999300 ) ) ;
#3567 = CARTESIAN_POINT ( 'NONE',  ( -1.303868302482568600, 3.057931034967372500, 11.10000000000000000 ) ) ;
#3568 = DIRECTION ( 'NONE',  ( -0.0000000000000000000, -0.0000000000000000000, -1.000000000000000000 ) ) ;
#3569 = CARTESIAN_POINT ( 'NONE',  ( -0.8258826853346790100, 4.117092635159863800, 11.09999999999999800 ) ) ;
#3570 = ORIENTED_EDGE ( 'NONE', *, *, #951, .T. ) ;
#3571 = CARTESIAN_POINT ( 'NONE',  ( -0.5559893939063806900, 3.024375195560053100, 10.98999999999999500 ) ) ;
#3572 = CARTESIAN_POINT ( 'NONE',  ( 0.6572484496546876500, 3.690305278343404300, 11.09999999999999800 ) ) ;
#3573 = CARTESIAN_POINT ( 'NONE',  ( 0.7549406778929015300, 4.100472660524406600, 11.10000000000000000 ) ) ;
#3574 = CARTESIAN_POINT ( 'NONE',  ( -1.223920292096846200, 3.727023994742694900, 11.09999999999999800 ) ) ;
#3575 = CARTESIAN_POINT ( 'NONE',  ( -0.5067621735632407100, 2.655225130654953200, 11.09999999999999800 ) ) ;
#3576 = CARTESIAN_POINT ( 'NONE',  ( -1.303654082752923300, 3.024122769253927900, 11.09999999999999800 ) ) ;
#3577 = AXIS2_PLACEMENT_3D ( 'NONE', #3341, #2780, #1663 ) ;
#3578 = ORIENTED_EDGE ( 'NONE', *, *, #2034, .F. ) ;
#3579 = CARTESIAN_POINT ( 'NONE',  ( -1.034444243488049600, 3.485094091247523000, 11.09999999999999800 ) ) ;
#3580 = CARTESIAN_POINT ( 'NONE',  ( -0.9232736078213839000, 4.100472660524405700, 11.09999999999999800 ) ) ;
#3581 = CARTESIAN_POINT ( 'NONE',  ( 0.4426954307231871200, 3.826700765387793400, 10.98999999999999800 ) ) ;
#3582 = CARTESIAN_POINT ( 'NONE',  ( 1.052585772661992000, 3.898228681293233400, 11.10000000000000000 ) ) ;
#3583 = CARTESIAN_POINT ( 'NONE',  ( 0.8452444284446333200, 3.392070449587197600, 11.09999999999999800 ) ) ;
#3584 = LINE ( 'NONE', #2161, #1429 ) ;
#3585 = B_SPLINE_CURVE_WITH_KNOTS ( 'NONE', 3,
 ( #1761, #1770, #1535, #2655, #2087, #1843, #981, #2904, #443, #711, #1271, #2934, #424, #2947, #1548, #148, #456, #1228, #160 ),
 .UNSPECIFIED., .F., .F.,
 ( 4, 1, 1, 1, 1, 1, 1, 1, 1, 1, 1, 1, 1, 1, 1, 1, 4 ),
 ( 0.0000000000000000000, 0.05806926843425561800, 0.1140013034453750000, 0.1697720990707013700, 0.2246749544949091000, 0.2800541501658241900, 0.3369572153142668700, 0.3951125761137120900, 0.4566494824596167300, 0.5191823985913716100, 0.5821657281370281600, 0.6457538253551424700, 0.7109080123294577700, 0.7783413192901061900, 0.8489495059178642200, 0.9228501408925513500, 1.000000000000000000 ),
 .UNSPECIFIED. ) ;
#3586 = CARTESIAN_POINT ( 'NONE',  ( 0.6602663027170150300, 2.764143355255866300, 11.09999999999999800 ) ) ;
#3587 = CARTESIAN_POINT ( 'NONE',  ( -1.236003941300031000, 3.848012067996778600, 11.09999999999999800 ) ) ;
#3588 = EDGE_LOOP ( 'NONE', ( #3522, #661, #2918, #1783, #3050, #3, #1088, #477 ) ) ;
#3589 = CARTESIAN_POINT ( 'NONE',  ( 2.499999999999999600, -4.330127018922194500, 11.09999999999999800 ) ) ;
#3590 = CIRCLE ( 'NONE', #3476, 5.000000000000000900 ) ;
#3591 = CARTESIAN_POINT ( 'NONE',  ( 1.303996058699968400, 3.037607492103921100, 11.09999999999999800 ) ) ;
#3592 = EDGE_LOOP ( 'NONE', ( #439, #2653, #2982, #2026, #381 ) ) ;
#3593 = CARTESIAN_POINT ( 'NONE',  ( -1.302897151926852200, 2.985824556656354400, 11.09999999999999800 ) ) ;
#3594 = EDGE_CURVE ( 'NONE', #1242, #2637, #1556, .T. ) ;
#3595 = ORIENTED_EDGE ( 'NONE', *, *, #1845, .F. ) ;
#3596 = CARTESIAN_POINT ( 'NONE',  ( -0.8864569189453467300, 2.509414347494277800, 11.10000000000000000 ) ) ;
#3597 = CARTESIAN_POINT ( 'NONE',  ( -0.5232012425227812200, 3.583260556701644900, 11.09999999999999400 ) ) ;
#3598 = CARTESIAN_POINT ( 'NONE',  ( 1.040690297478533900, 3.734214790516043400, 10.98999999999999700 ) ) ;
#3599 = ORIENTED_EDGE ( 'NONE', *, *, #2324, .T. ) ;
#3600 = EDGE_CURVE ( 'NONE', #3423, #2446, #1666, .T. ) ;
#3601 = CARTESIAN_POINT ( 'NONE',  ( 1.117862016155507700, 3.112960592401685200, 10.98999999999998800 ) ) ;
#3602 = EDGE_CURVE ( 'NONE', #3012, #3491, #188, .T. ) ;
#3603 = DIRECTION ( 'NONE',  ( -0.4999999999999998300, -0.8660254037844387100, 0.0000000000000000000 ) ) ;
#3604 = CARTESIAN_POINT ( 'NONE',  ( -1.085903094422278900, 3.464302196276433800, 11.09999999999999800 ) ) ;
#3605 = DIRECTION ( 'NONE',  ( 0.0000000000000000000, 0.0000000000000000000, 1.000000000000000000 ) ) ;
#3606 = CARTESIAN_POINT ( 'NONE',  ( 0.6236389158428257100, 3.852973005496779500, 8.861479739173431000 ) ) ;
#3607 = CARTESIAN_POINT ( 'NONE',  ( -0.8380658832643168600, 3.573743094782493300, 10.98999999999999700 ) ) ;
#3608 = CARTESIAN_POINT ( 'NONE',  ( 1.090194899932562100, 3.212723621727938900, 11.10000000000000000 ) ) ;
#3609 = EDGE_LOOP ( 'NONE', ( #3288, #1810, #2040, #1495 ) ) ;
#3610 = B_SPLINE_CURVE_WITH_KNOTS ( 'NONE', 3,
 ( #916, #1481, #3395, #1143, #599, #1758, #2043, #369, #647, #926, #2878, #1196, #3457, #2397, #412, #716, #960, #460, #1275 ),
 .UNSPECIFIED., .F., .F.,
 ( 4, 1, 1, 1, 1, 1, 1, 1, 1, 1, 1, 1, 1, 1, 1, 1, 4 ),
 ( 0.0000000000000000000, 0.07687235360389438300, 0.1506033435728517100, 0.2208762735822743000, 0.2883158705187556200, 0.3539522566076093700, 0.4186041066179969600, 0.4819720487176053500, 0.5452475615343714800, 0.6069938136329325900, 0.6658609062344172900, 0.7234209814868142200, 0.7784334887197439400, 0.8335522832980707400, 0.8881375715834197700, 0.9433624489439214100, 1.000000000000000000 ),
 .UNSPECIFIED. ) ;
#3611 = CARTESIAN_POINT ( 'NONE',  ( 0.8305628152166711900, 2.689519887062307400, 10.98999999999999000 ) ) ;
#3612 = CARTESIAN_POINT ( 'NONE',  ( -1.040439826891241800, 3.497087262138149900, 10.98999999999999700 ) ) ;
#3613 = CARTESIAN_POINT ( 'NONE',  ( 0.9791300329311813900, 2.528073551232728800, 11.10000000000000000 ) ) ;
#3614 = VERTEX_POINT ( 'NONE', #2319 ) ;
#3615 = CARTESIAN_POINT ( 'NONE',  ( 0.4026614238688576700, 3.239111934594097500, 10.98999999999999100 ) ) ;
#3616 = CARTESIAN_POINT ( 'NONE',  ( 0.3843032653210650700, 3.166461406764926200, 11.09999999999999800 ) ) ;
#3617 = CARTESIAN_POINT ( 'NONE',  ( 0.8689142378084707700, 2.689937862810674500, 11.10000000000000000 ) ) ;
#3618 = CARTESIAN_POINT ( 'NONE',  ( -0.6028462189826681000, 3.513608420985328900, 11.09999999999999800 ) ) ;
#3619 = CARTESIAN_POINT ( 'NONE',  ( -1.054575369871459700, 3.852973005496779000, 10.98999999999999700 ) ) ;
#3620 = CARTESIAN_POINT ( 'NONE',  ( 1.089155533926762700, 3.459411331504062700, 11.09999999999999800 ) ) ;
#3621 = CARTESIAN_POINT ( 'NONE',  ( 0.7178909495515584100, 3.615830637768700000, 11.09999999999999800 ) ) ;
#3622 = ORIENTED_EDGE ( 'NONE', *, *, #745, .F. ) ;
#3623 = CARTESIAN_POINT ( 'NONE',  ( 1.252704169054108300, 2.778555662278969300, 10.98999999999999500 ) ) ;
#3624 = CARTESIAN_POINT ( 'NONE',  ( -1.153434876418467900, 3.582740964429533800, 10.98999999999999800 ) ) ;
#3625 = CARTESIAN_POINT ( 'NONE',  ( 1.296836896372984200, 2.926528197917742900, 11.09999999999999800 ) ) ;
#3626 = CARTESIAN_POINT ( 'NONE',  ( -0.8527108352452916800, 3.574574537859277300, 11.09999999999999800 ) ) ;
#3627 = CARTESIAN_POINT ( 'NONE',  ( 0.6226450753774344100, 3.477976391168430500, 11.10000000000000100 ) ) ;
ENDSEC;
END-ISO-10303-21;
