ISO-10303-21;
HEADER;
FILE_DESCRIPTION (( 'STEP AP203' ),
    '1' );
FILE_NAME ('94645A205_NO THREADS_High-Strength Steel Nylon-Insert Locknut.STEP',
    '2023-01-13T15:57:45',
    ( 'Administrator' ),
    ( 'Managed by Terraform' ),
    'SwSTEP 2.0',
    'SolidWorks 2017',
    '' );
FILE_SCHEMA (( 'CONFIG_CONTROL_DESIGN' ));
ENDSEC;

DATA;
#1 = CARTESIAN_POINT ( 'NONE',  ( 1.734723475976807100E-015, 3.000000000000002700, 5.773502691896259100 ) ) ;
#2 = CARTESIAN_POINT ( 'NONE',  ( -2.499999999999996400, 2.000000000000001300, -4.330127018922200800 ) ) ;
#3 = DATE_AND_TIME ( #312, #422 ) ;
#4 = DIRECTION ( 'NONE',  ( 1.000000000000000000, 1.180006783533433800E-016, 0.0000000000000000000 ) ) ;
#5 = CIRCLE ( 'NONE', #343, 2.950480947161670200 ) ;
#6 = EDGE_CURVE ( 'NONE', #1124, #766, #498, .T. ) ;
#7 = ORIENTED_EDGE ( 'NONE', *, *, #105, .T. ) ;
#8 = DIRECTION ( 'NONE',  ( -1.224646799147353500E-016, 1.000000000000000000, 0.0000000000000000000 ) ) ;
#9 = ORIENTED_EDGE ( 'NONE', *, *, #1347, .T. ) ;
#10 = ORIENTED_EDGE ( 'NONE', *, *, #1086, .F. ) ;
#11 = ORIENTED_EDGE ( 'NONE', *, *, #541, .F. ) ;
#12 = CIRCLE ( 'NONE', #84, 5.000000000000004400 ) ;
#13 = DIRECTION ( 'NONE',  ( 1.224646799147353500E-016, -1.000000000000000000, -0.0000000000000000000 ) ) ;
#14 = EDGE_CURVE ( 'NONE', #1087, #1190, #994, .T. ) ;
#15 = CARTESIAN_POINT ( 'NONE',  ( 4.104907945072046300, 1.873362790054483100, 3.403532984810281100 ) ) ;
#16 = VECTOR ( 'NONE', #1102, 1000.000000000000000 ) ;
#17 = DIRECTION ( 'NONE',  ( 1.000000000000000000, 8.673617379884028100E-017, 0.0000000000000000000 ) ) ;
#18 = AXIS2_PLACEMENT_3D ( 'NONE', #938, #314, #843 ) ;
#19 = VERTEX_POINT ( 'NONE', #324 ) ;
#20 = CARTESIAN_POINT ( 'NONE',  ( 0.1000000000000021600, 1.665824174159206100, -5.715767664977295900 ) ) ;
#21 = DIRECTION ( 'NONE',  ( 1.224646799147353500E-016, -1.000000000000000000, -0.0000000000000000000 ) ) ;
#22 = VERTEX_POINT ( 'NONE', #599 ) ;
#23 = ADVANCED_FACE ( 'NONE', ( #1060 ), #861, .T. ) ;
#24 = CIRCLE ( 'NONE', #588, 2.350480947161672300 ) ;
#25 = ORIENTED_EDGE ( 'NONE', *, *, #220, .T. ) ;
#26 = EDGE_CURVE ( 'NONE', #832, #987, #1204, .T. ) ;
#27 = ADVANCED_FACE ( 'NONE', ( #115 ), #989, .F. ) ;
#28 = PLANE ( 'NONE',  #866 ) ;
#29 = CARTESIAN_POINT ( 'NONE',  ( -4.900000000000000400, -2.665824174159203700, 2.944486372867100700 ) ) ;
#30 = LINE ( 'NONE', #346, #111 ) ;
#31 = EDGE_CURVE ( 'NONE', #878, #691, #192, .T. ) ;
#32 = EDGE_LOOP ( 'NONE', ( #222, #538, #1277, #134 ) ) ;
#33 = CARTESIAN_POINT ( 'NONE',  ( -2.100403331734539000, -2.999999999999998200, 4.560834262912538700 ) ) ;
#34 = AXIS2_PLACEMENT_3D ( 'NONE', #824, #833, #509 ) ;
#35 = ADVANCED_FACE ( 'NONE', ( #237 ), #118, .F. ) ;
#36 = VERTEX_POINT ( 'NONE', #965 ) ;
#37 = EDGE_LOOP ( 'NONE', ( #218, #556 ) ) ;
#38 = CARTESIAN_POINT ( 'NONE',  ( -4.504387560568868100, 1.769088767990338900, 3.172893321267429700 ) ) ;
#39 = DIRECTION ( 'NONE',  ( 1.224646799147353500E-016, -1.000000000000000000, -0.0000000000000000000 ) ) ;
#40 = CIRCLE ( 'NONE', #394, 2.350480947161672300 ) ;
#41 =( LENGTH_UNIT ( ) NAMED_UNIT ( * ) SI_UNIT ( .MILLI., .METRE. ) );
#42 = AXIS2_PLACEMENT_3D ( 'NONE', #547, #659, #355 ) ;
#43 = CARTESIAN_POINT ( 'NONE',  ( 2.500000000000000000, 2.000000000000002200, -4.330127018922195400 ) ) ;
#44 = CYLINDRICAL_SURFACE ( 'NONE', #61, 2.350480947161671400 ) ;
#45 = DIRECTION ( 'NONE',  ( 1.224646799147353500E-016, -1.000000000000000000, -0.0000000000000000000 ) ) ;
#46 = PLANE ( 'NONE',  #1245 ) ;
#47 = B_SPLINE_CURVE_WITH_KNOTS ( 'NONE', 3,
 ( #162, #578, #461, #899, #886, #269 ),
 .UNSPECIFIED., .F., .F.,
 ( 4, 2, 4 ),
 ( 0.002786376568818224000, 0.004168221629423248500, 0.005550066690028272600 ),
 .UNSPECIFIED. ) ;
#48 = APPROVAL_ROLE ( '' ) ;
#49 = ORIENTED_EDGE ( 'NONE', *, *, #31, .T. ) ;
#50 = EDGE_CURVE ( 'NONE', #106, #1124, #1222, .T. ) ;
#51 = CARTESIAN_POINT ( 'NONE',  ( 4.223973836306612400, 2.223973836306610200, 0.0000000000000000000 ) ) ;
#52 = DIRECTION ( 'NONE',  ( 1.224646799147353500E-016, -1.000000000000000000, -0.0000000000000000000 ) ) ;
#53 = SECURITY_CLASSIFICATION ( '', '', #469 ) ;
#54 = EDGE_LOOP ( 'NONE', ( #773, #786, #9, #968 ) ) ;
#55 = APPROVAL_ROLE ( '' ) ;
#56 = ORIENTED_EDGE ( 'NONE', *, *, #316, .T. ) ;
#57 = EDGE_LOOP ( 'NONE', ( #627, #1202, #730, #1250, #943, #452 ) ) ;
#58 = ORIENTED_EDGE ( 'NONE', *, *, #520, .F. ) ;
#59 = CARTESIAN_POINT ( 'NONE',  ( -5.000000000000001800, 1.665824174159202800, 2.771281292110217900 ) ) ;
#60 = CARTESIAN_POINT ( 'NONE',  ( 0.09999999999999477400, 1.665824174159203900, 5.715767664977300400 ) ) ;
#61 = AXIS2_PLACEMENT_3D ( 'NONE', #822, #411, #1254 ) ;
#62 = CARTESIAN_POINT ( 'NONE',  ( 4.900000000000001200, 3.000000000000002700, -2.944486372867093600 ) ) ;
#63 = CYLINDRICAL_SURFACE ( 'NONE', #974, 5.000000000000004400 ) ;
#64 = CARTESIAN_POINT ( 'NONE',  ( -2.499999999999996400, 2.000000000000001300, 4.330127018922200800 ) ) ;
#65 = AXIS2_PLACEMENT_3D ( 'NONE', #769, #550, #1184 ) ;
#66 = ORIENTED_EDGE ( 'NONE', *, *, #1016, .T. ) ;
#67 = DIRECTION ( 'NONE',  ( 1.000000000000000000, 1.845072896752872100E-016, 0.0000000000000000000 ) ) ;
#68 = CARTESIAN_POINT ( 'NONE',  ( 0.0000000000000000000, 3.000000000000002700, 0.0000000000000000000 ) ) ;
#69 = ORIENTED_EDGE ( 'NONE', *, *, #716, .F. ) ;
#70 = CARTESIAN_POINT ( 'NONE',  ( -4.900000000000008300, -2.665824174159201500, -2.944486372867096200 ) ) ;
#71 = FACE_OUTER_BOUND ( 'NONE', #1196, .T. ) ;
#72 = CARTESIAN_POINT ( 'NONE',  ( 4.800000000000001600, 3.000000000000002700, 2.771281292110206800 ) ) ;
#73 = CARTESIAN_POINT ( 'NONE',  ( 5.000000000000000000, -2.768417844910841600, 2.317435372764589100 ) ) ;
#74 = B_SPLINE_CURVE_WITH_KNOTS ( 'NONE', 3,
 ( #1256, #635, #1054, #632, #38, #961 ),
 .UNSPECIFIED., .F., .F.,
 ( 4, 2, 4 ),
 ( 0.002786376568818226600, 0.004168221629423245000, 0.005550066690028263900 ),
 .UNSPECIFIED. ) ;
#75 = CARTESIAN_POINT ( 'NONE',  ( -7.069527393709905000E-016, 2.772707199032394200, 0.0000000000000000000 ) ) ;
#76 = EDGE_CURVE ( 'NONE', #857, #516, #24, .T. ) ;
#77 = CYLINDRICAL_SURFACE ( 'NONE', #950, 2.350480947161671400 ) ;
#78 = CARTESIAN_POINT ( 'NONE',  ( 5.000000000000000900, 1.665824174159401800, -2.771281292110404400 ) ) ;
#79 = ORIENTED_EDGE ( 'NONE', *, *, #1047, .F. ) ;
#80 = CARTESIAN_POINT ( 'NONE',  ( 5.000000000000001800, -2.665824174159202800, 2.771281292110211700 ) ) ;
#81 = CARTESIAN_POINT ( 'NONE',  ( -5.000000000000000900, 1.665824174159399800, -2.771281292110411500 ) ) ;
#82 = ORIENTED_EDGE ( 'NONE', *, *, #1267, .F. ) ;
#83 = ORIENTED_EDGE ( 'NONE', *, *, #962, .T. ) ;
#84 = AXIS2_PLACEMENT_3D ( 'NONE', #182, #506, #1119 ) ;
#85 = ORIENTED_EDGE ( 'NONE', *, *, #564, .T. ) ;
#86 = CARTESIAN_POINT ( 'NONE',  ( -3.675240473580837300, -2.999999999999999600, 4.500871482067575500E-016 ) ) ;
#87 = ORIENTED_EDGE ( 'NONE', *, *, #1292, .T. ) ;
#88 = CARTESIAN_POINT ( 'NONE',  ( 4.900000000000000400, -2.665824174159203700, 2.944486372867094500 ) ) ;
#89 = CARTESIAN_POINT ( 'NONE',  ( -2.499999999999996400, -2.999999999999999600, -4.330127018922199900 ) ) ;
#90 = FACE_BOUND ( 'NONE', #37, .T. ) ;
#91 = CARTESIAN_POINT ( 'NONE',  ( 5.000000000000001800, 1.665824174159204400, 2.771281292110211200 ) ) ;
#92 = CARTESIAN_POINT ( 'NONE',  ( 5.000000000000000000, -2.853964407304882700, -1.851629193302275700 ) ) ;
#93 = DIRECTION ( 'NONE',  ( -0.0000000000000000000, 1.000000000000000000, -0.0000000000000000000 ) ) ;
#94 = CARTESIAN_POINT ( 'NONE',  ( -7.347880794884098000E-017, -2.400000000000001200, 0.0000000000000000000 ) ) ;
#95 = DIRECTION ( 'NONE',  ( -0.8660254037844387100, 0.0000000000000000000, 0.4999999999999998300 ) ) ;
#96 = EDGE_CURVE ( 'NONE', #987, #677, #887, .T. ) ;
#97 = APPROVAL_DATE_TIME ( #524, #946 ) ;
#98 = ORIENTED_EDGE ( 'NONE', *, *, #709, .F. ) ;
#99 = FACE_OUTER_BOUND ( 'NONE', #745, .T. ) ;
#100 = CARTESIAN_POINT ( 'NONE',  ( -5.000000000000000000, 1.768417844910843200, 2.317435372764594900 ) ) ;
#101 = CARTESIAN_POINT ( 'NONE',  ( -1.974897454428649600E-013, 1.653737380317938300, -5.742562584222008000 ) ) ;
#102 = CARTESIAN_POINT ( 'NONE',  ( -2.350480947161672300, -2.400000000000001700, 3.245903008142585900E-016 ) ) ;
#103 = ORIENTED_EDGE ( 'NONE', *, *, #274, .T. ) ;
#104 = DIRECTION ( 'NONE',  ( -1.224646799147353500E-016, 1.000000000000000000, 0.0000000000000000000 ) ) ;
#105 = EDGE_CURVE ( 'NONE', #154, #756, #515, .T. ) ;
#106 = VERTEX_POINT ( 'NONE', #835 ) ;
#107 = LINE ( 'NONE', #1240, #947 ) ;
#108 = APPROVAL ( #354, 'UNSPECIFIED' ) ;
#109 = CARTESIAN_POINT ( 'NONE',  ( -6.397522837462409500E-016, 2.223973836306609700, 0.0000000000000000000 ) ) ;
#110 = DIRECTION ( 'NONE',  ( 1.224646799147353500E-016, -1.000000000000000000, -0.0000000000000000000 ) ) ;
#111 = VECTOR ( 'NONE', #774, 999.9999999999998900 ) ;
#112 = EDGE_CURVE ( 'NONE', #758, #823, #1358, .T. ) ;
#113 = CARTESIAN_POINT ( 'NONE',  ( 3.305686161674587200, 2.000000000000002700, 3.864963896597017000 ) ) ;
#114 = ORIENTED_EDGE ( 'NONE', *, *, #620, .F. ) ;
#115 = FACE_OUTER_BOUND ( 'NONE', #54, .T. ) ;
#116 = ORIENTED_EDGE ( 'NONE', *, *, #806, .T. ) ;
#117 = EDGE_CURVE ( 'NONE', #1291, #1124, #502, .T. ) ;
#118 = PLANE ( 'NONE',  #376 ) ;
#119 = LINE ( 'NONE', #62, #1234 ) ;
#120 = CC_DESIGN_SECURITY_CLASSIFICATION ( #53, ( #1350 ) ) ;
#121 = CARTESIAN_POINT ( 'NONE',  ( -0.4956124394311252600, 1.769088767990339500, -5.487360716576970000 ) ) ;
#122 = EDGE_CURVE ( 'NONE', #741, #1235, #1136, .T. ) ;
#123 = PERSON_AND_ORGANIZATION ( #253, #1051 ) ;
#124 = EDGE_CURVE ( 'NONE', #516, #188, #746, .T. ) ;
#125 = DIRECTION ( 'NONE',  ( 0.0000000000000000000, -0.0000000000000000000, 1.000000000000000000 ) ) ;
#126 = CARTESIAN_POINT ( 'NONE',  ( -6.123233995736769200E-016, 2.000000000000001800, 0.0000000000000000000 ) ) ;
#127 = AXIS2_PLACEMENT_3D ( 'NONE', #1162, #8, #863 ) ;
#128 = ORIENTED_EDGE ( 'NONE', *, *, #840, .F. ) ;
#129 = EDGE_LOOP ( 'NONE', ( #494, #66 ) ) ;
#130 = ORIENTED_EDGE ( 'NONE', *, *, #291, .F. ) ;
#131 = CARTESIAN_POINT ( 'NONE',  ( 4.900000000000001200, -2.665824174159204100, -2.944486372867093100 ) ) ;
#132 = CARTESIAN_POINT ( 'NONE',  ( -0.09999999999999069400, -2.665824174159202800, 5.715767664977301300 ) ) ;
#133 = VERTEX_POINT ( 'NONE', #342 ) ;
#134 = ORIENTED_EDGE ( 'NONE', *, *, #898, .T. ) ;
#135 = CIRCLE ( 'NONE', #663, 2.350480947161670600 ) ;
#136 = ADVANCED_FACE ( 'NONE', ( #1170, #893 ), #232, .F. ) ;
#137 = CARTESIAN_POINT ( 'NONE',  ( -5.000000000000004400, -2.999999999999999600, 1.268959954553068900E-015 ) ) ;
#138 = AXIS2_PLACEMENT_3D ( 'NONE', #152, #280, #278 ) ;
#139 = DIRECTION ( 'NONE',  ( -0.0000000000000000000, 1.000000000000000000, -0.0000000000000000000 ) ) ;
#140 = B_SPLINE_CURVE_WITH_KNOTS ( 'NONE', 3,
 ( #954, #15, #113, #225 ),
 .UNSPECIFIED., .F., .F.,
 ( 4, 4 ),
 ( 2.336118698380338200E-007, 0.002786376568818230500 ),
 .UNSPECIFIED. ) ;
#141 = ADVANCED_FACE ( 'NONE', ( #1108 ), #224, .T. ) ;
#142 = APPLICATION_PROTOCOL_DEFINITION ( 'international standard', 'config_control_design', 1994, #986 ) ;
#143 = FACE_OUTER_BOUND ( 'NONE', #1273, .T. ) ;
#144 = EDGE_CURVE ( 'NONE', #741, #332, #373, .T. ) ;
#145 = ORIENTED_EDGE ( 'NONE', *, *, #357, .T. ) ;
#146 = CARTESIAN_POINT ( 'NONE',  ( 5.000000000000000000, 1.969452614543779200, -0.9263322004872984700 ) ) ;
#147 = DIRECTION ( 'NONE',  ( 0.0000000000000000000, 0.0000000000000000000, -1.000000000000000000 ) ) ;
#148 = CARTESIAN_POINT ( 'NONE',  ( -1.974897454428649600E-013, 1.653737380317938300, -5.742562584222008000 ) ) ;
#149 = ORIENTED_EDGE ( 'NONE', *, *, #683, .F. ) ;
#150 = ORIENTED_EDGE ( 'NONE', *, *, #1139, .F. ) ;
#151 = CARTESIAN_POINT ( 'NONE',  ( -6.922569777812225900E-016, 2.652707199032397200, 0.0000000000000000000 ) ) ;
#152 = CARTESIAN_POINT ( 'NONE',  ( 1.734723475976807100E-015, 3.000000000000002700, -5.773502691896259100 ) ) ;
#153 = CYLINDRICAL_SURFACE ( 'NONE', #256, 0.2000000000000000900 ) ;
#154 = VERTEX_POINT ( 'NONE', #1097 ) ;
#155 = CARTESIAN_POINT ( 'NONE',  ( -0.09999999999999127600, 1.665824174159204400, -5.715767664977300400 ) ) ;
#156 = CIRCLE ( 'NONE', #441, 2.350480947161672300 ) ;
#157 = CARTESIAN_POINT ( 'NONE',  ( 1.699259194265290800, 1.969685068842805400, 4.792434938664247700 ) ) ;
#158 = DIRECTION ( 'NONE',  ( 1.000000000000000000, 1.180006783533433800E-016, 0.0000000000000000000 ) ) ;
#159 = ADVANCED_FACE ( 'NONE', ( #744 ), #153, .T. ) ;
#160 = CARTESIAN_POINT ( 'NONE',  ( -4.959963468877404600, 1.650172231396143800, -2.909866447969187100 ) ) ;
#161 = CALENDAR_DATE ( 2023, 13, 1 ) ;
#162 = CARTESIAN_POINT ( 'NONE',  ( -2.499999999999996400, -2.999999999999999600, -4.330127018922199900 ) ) ;
#163 = DIRECTION ( 'NONE',  ( -1.000000000000000000, -1.502314598737159000E-016, 0.0000000000000000000 ) ) ;
#164 = VERTEX_POINT ( 'NONE', #29 ) ;
#165 = ADVANCED_FACE ( 'NONE', ( #792 ), #1201, .T. ) ;
#166 = EDGE_CURVE ( 'NONE', #754, #857, #1265, .T. ) ;
#167 = CARTESIAN_POINT ( 'NONE',  ( 5.000000000000001800, 1.665824174159204400, 2.771281292110211200 ) ) ;
#168 = VERTEX_POINT ( 'NONE', #410 ) ;
#169 = DIRECTION ( 'NONE',  ( 0.0000000000000000000, 0.0000000000000000000, -1.000000000000000000 ) ) ;
#170 = ORIENTED_EDGE ( 'NONE', *, *, #709, .T. ) ;
#171 = ORIENTED_EDGE ( 'NONE', *, *, #1122, .F. ) ;
#172 = DIRECTION ( 'NONE',  ( -1.000000000000000000, -1.502314598737159000E-016, 0.0000000000000000000 ) ) ;
#173 = CONICAL_SURFACE ( 'NONE', #720, 5.773502691896259100, 1.134464013796312900 ) ;
#174 = CARTESIAN_POINT ( 'NONE',  ( -6.123233995736769200E-016, 2.000000000000001800, 0.0000000000000000000 ) ) ;
#175 = EDGE_CURVE ( 'NONE', #443, #845, #594, .T. ) ;
#176 = DIRECTION ( 'NONE',  ( 1.224646799147353500E-016, -1.000000000000000000, -0.0000000000000000000 ) ) ;
#177 = AXIS2_PLACEMENT_3D ( 'NONE', #405, #202, #1151 ) ;
#178 = CARTESIAN_POINT ( 'NONE',  ( -5.000000000000001800, 1.665824174159202800, 2.771281292110217900 ) ) ;
#179 = CARTESIAN_POINT ( 'NONE',  ( -4.900000000000000400, 3.000000000000002700, 2.944486372867100700 ) ) ;
#180 = PERSON_AND_ORGANIZATION ( #253, #1051 ) ;
#181 = LINE ( 'NONE', #996, #16 ) ;
#182 = CARTESIAN_POINT ( 'NONE',  ( -6.123233995736769200E-016, 2.000000000000001800, 0.0000000000000000000 ) ) ;
#183 = CARTESIAN_POINT ( 'NONE',  ( 4.900000000000000400, 1.665824174159205700, 2.944486372867094000 ) ) ;
#184 = B_SPLINE_CURVE_WITH_KNOTS ( 'NONE', 3,
 ( #495, #1138, #1233, #290 ),
 .UNSPECIFIED., .F., .F.,
 ( 4, 4 ),
 ( 2.336118698400071700E-007, 0.002786376568818227900 ),
 .UNSPECIFIED. ) ;
#185 = EDGE_LOOP ( 'NONE', ( #555, #10, #990, #860, #1057 ) ) ;
#186 = CARTESIAN_POINT ( 'NONE',  ( -6.922569777812225900E-016, 2.652707199032397200, 0.0000000000000000000 ) ) ;
#187 = EDGE_CURVE ( 'NONE', #1146, #19, #639, .T. ) ;
#188 = VERTEX_POINT ( 'NONE', #257 ) ;
#189 = DIRECTION ( 'NONE',  ( 1.000000000000000000, 1.224646799147353500E-016, 0.0000000000000000000 ) ) ;
#190 = LINE ( 'NONE', #455, #957 ) ;
#191 = ORIENTED_EDGE ( 'NONE', *, *, #112, .F. ) ;
#192 = LINE ( 'NONE', #436, #929 ) ;
#193 = CARTESIAN_POINT ( 'NONE',  ( 0.0000000000000000000, -2.999999999999999100, 0.0000000000000000000 ) ) ;
#194 = CARTESIAN_POINT ( 'NONE',  ( 5.000000000000000900, 3.000000000000002700, -2.771281292110205500 ) ) ;
#195 = CARTESIAN_POINT ( 'NONE',  ( -4.999999999999945800, -2.650171813300473900, -2.840522991445314300 ) ) ;
#196 = DIRECTION ( 'NONE',  ( 1.224646799147353500E-016, -1.000000000000000000, -0.0000000000000000000 ) ) ;
#197 = EDGE_CURVE ( 'NONE', #1359, #710, #190, .T. ) ;
#198 = CARTESIAN_POINT ( 'NONE',  ( 5.000000000000000900, -2.665824174159399500, -2.771281292110404400 ) ) ;
#199 = CC_DESIGN_APPROVAL ( #946, ( #53 ) ) ;
#200 = DATE_AND_TIME ( #161, #228 ) ;
#201 = DIRECTION ( 'NONE',  ( 0.0000000000000000000, 0.0000000000000000000, -1.000000000000000000 ) ) ;
#202 = DIRECTION ( 'NONE',  ( 1.224646799147353500E-016, -1.000000000000000000, -0.0000000000000000000 ) ) ;
#203 = CARTESIAN_POINT ( 'NONE',  ( 5.000000000000004400, -2.999999999999998700, 1.268959954553068900E-015 ) ) ;
#204 = ORIENTED_EDGE ( 'NONE', *, *, #421, .T. ) ;
#205 = CARTESIAN_POINT ( 'NONE',  ( 5.000000000000000900, 3.000000000000002700, 2.886751345948131300 ) ) ;
#206 = CARTESIAN_POINT ( 'NONE',  ( 5.000000000000000900, 1.969468163852174700, 0.9266991676984341900 ) ) ;
#207 = EDGE_CURVE ( 'NONE', #154, #1163, #1193, .T. ) ;
#208 = ORIENTED_EDGE ( 'NONE', *, *, #907, .F. ) ;
#209 = EDGE_LOOP ( 'NONE', ( #574, #393, #103, #655 ) ) ;
#210 = ORIENTED_EDGE ( 'NONE', *, *, #14, .T. ) ;
#211 = CARTESIAN_POINT ( 'NONE',  ( 0.07005177130758284700, -2.658006948602973800, -5.733058282874615100 ) ) ;
#212 = VECTOR ( 'NONE', #618, 1000.000000000000000 ) ;
#213 = CARTESIAN_POINT ( 'NONE',  ( 0.1000000000000014600, -2.665824174159205000, 5.715767664977296800 ) ) ;
#214 = DIRECTION ( 'NONE',  ( -1.000000000000000000, -1.502314598737159000E-016, 0.0000000000000000000 ) ) ;
#215 = AXIS2_PLACEMENT_3D ( 'NONE', #241, #1061, #1159 ) ;
#216 = LOCAL_TIME ( 9, 57, 45.00000000000000000, #900 ) ;
#217 = CIRCLE ( 'NONE', #1361, 3.675240473580837300 ) ;
#218 = ORIENTED_EDGE ( 'NONE', *, *, #738, .T. ) ;
#219 = ORIENTED_EDGE ( 'NONE', *, *, #716, .T. ) ;
#220 = EDGE_CURVE ( 'NONE', #845, #741, #467, .T. ) ;
#221 = VERTEX_POINT ( 'NONE', #1080 ) ;
#222 = ORIENTED_EDGE ( 'NONE', *, *, #197, .F. ) ;
#223 = FACE_OUTER_BOUND ( 'NONE', #429, .T. ) ;
#224 = CONICAL_SURFACE ( 'NONE', #768, 5.773502691896259100, 1.134464013796312900 ) ;
#225 = CARTESIAN_POINT ( 'NONE',  ( 2.499999999999999600, 2.000000000000002200, 4.330127018922195400 ) ) ;
#226 = CARTESIAN_POINT ( 'NONE',  ( -6.397522837462409500E-016, 2.223973836306609700, 0.0000000000000000000 ) ) ;
#227 = CARTESIAN_POINT ( 'NONE',  ( 0.03500668700890750800, -2.653737380318682300, -5.742562584220354300 ) ) ;
#228 = LOCAL_TIME ( 9, 57, 45.00000000000000000, #279 ) ;
#229 = AXIS2_PLACEMENT_3D ( 'NONE', #932, #511, #699 ) ;
#230 = EDGE_LOOP ( 'NONE', ( #967, #611, #480, #11 ) ) ;
#231 = CARTESIAN_POINT ( 'NONE',  ( 5.000000000000000900, 2.000000000000003600, -0.4633522468285884400 ) ) ;
#232 = PLANE ( 'NONE',  #731 ) ;
#233 = ORIENTED_EDGE ( 'NONE', *, *, #1255, .T. ) ;
#234 = EDGE_LOOP ( 'NONE', ( #793, #149, #1161, #855 ) ) ;
#235 = ORIENTED_EDGE ( 'NONE', *, *, #806, .F. ) ;
#236 = ADVANCED_FACE ( 'NONE', ( #369, #90 ), #46, .F. ) ;
#237 = FACE_OUTER_BOUND ( 'NONE', #57, .T. ) ;
#238 = ORIENTED_EDGE ( 'NONE', *, *, #818, .T. ) ;
#239 = CARTESIAN_POINT ( 'NONE',  ( 0.0000000000000000000, -2.999999999999999100, 0.0000000000000000000 ) ) ;
#240 = FACE_OUTER_BOUND ( 'NONE', #953, .T. ) ;
#241 = CARTESIAN_POINT ( 'NONE',  ( -6.123233995736769200E-016, 2.000000000000001800, 0.0000000000000000000 ) ) ;
#242 = PLANE ( 'NONE',  #65 ) ;
#243 = ADVANCED_FACE ( 'NONE', ( #463 ), #242, .F. ) ;
#244 = EDGE_CURVE ( 'NONE', #1036, #832, #796, .T. ) ;
#245 = CARTESIAN_POINT ( 'NONE',  ( 5.000000000000000900, 1.665824174159401800, -2.771281292110404400 ) ) ;
#246 = CARTESIAN_POINT ( 'NONE',  ( 2.878508968398380700E-016, 3.000000000000002700, 2.350480947161672300 ) ) ;
#247 = AXIS2_PLACEMENT_3D ( 'NONE', #1155, #725, #523 ) ;
#248 = DIRECTION ( 'NONE',  ( 0.0000000000000000000, -1.000000000000000000, 0.0000000000000000000 ) ) ;
#249 = ORIENTED_EDGE ( 'NONE', *, *, #6, .F. ) ;
#250 = DIRECTION ( 'NONE',  ( 1.224646799147353500E-016, -1.000000000000000000, -0.0000000000000000000 ) ) ;
#251 = PLANE ( 'NONE',  #138 ) ;
#252 = ORIENTED_EDGE ( 'NONE', *, *, #406, .F. ) ;
#253 = PERSON ( 'UNSPECIFIED', 'UNSPECIFIED', 'UNSPECIFIED', ('UNSPECIFIED'), ('UNSPECIFIED'), ('UNSPECIFIED') ) ;
#254 = ORIENTED_EDGE ( 'NONE', *, *, #615, .F. ) ;
#255 = CONICAL_SURFACE ( 'NONE', #916, 5.000000000000004400, 1.134464013796311100 ) ;
#256 = AXIS2_PLACEMENT_3D ( 'NONE', #889, #761, #147 ) ;
#257 = CARTESIAN_POINT ( 'NONE',  ( 0.0000000000000000000, -2.400000000000001200, -2.350480947161672300 ) ) ;
#258 = ADVANCED_FACE ( 'NONE', ( #715 ), #251, .F. ) ;
#259 = APPROVAL_ROLE ( '' ) ;
#260 = CARTESIAN_POINT ( 'NONE',  ( 1.699259194265291900, -2.969685068842802300, -4.792434938664246900 ) ) ;
#261 = CARTESIAN_POINT ( 'NONE',  ( -0.4956124394311243700, -2.769088767990337500, 5.487360716576972700 ) ) ;
#262 = B_SPLINE_CURVE_WITH_KNOTS ( 'NONE', 3,
 ( #492, #1140, #503, #801, #401, #1342 ),
 .UNSPECIFIED., .F., .F.,
 ( 4, 2, 4 ),
 ( 0.01198627480542676000, 0.01337407860001656200, 0.01476188239460636400 ),
 .UNSPECIFIED. ) ;
#263 = PERSON_AND_ORGANIZATION_ROLE ( 'creator' ) ;
#264 = ADVANCED_FACE ( 'NONE', ( #431 ), #676, .T. ) ;
#265 = EDGE_CURVE ( 'NONE', #1163, #1181, #119, .T. ) ;
#266 = ORIENTED_EDGE ( 'NONE', *, *, #490, .T. ) ;
#267 = CARTESIAN_POINT ( 'NONE',  ( 0.09999999999999510700, -2.665824174159203700, -5.715767664977299500 ) ) ;
#268 = ORIENTED_EDGE ( 'NONE', *, *, #274, .F. ) ;
#269 = CARTESIAN_POINT ( 'NONE',  ( -4.900000000000008300, -2.665824174159201500, -2.944486372867096200 ) ) ;
#270 = CARTESIAN_POINT ( 'NONE',  ( -6.123233995736769200E-016, 2.000000000000001800, 0.0000000000000000000 ) ) ;
#271 = VECTOR ( 'NONE', #1279, 1000.000000000000000 ) ;
#272 = ORIENTED_EDGE ( 'NONE', *, *, #853, .F. ) ;
#273 = FACE_OUTER_BOUND ( 'NONE', #327, .T. ) ;
#274 = EDGE_CURVE ( 'NONE', #710, #19, #156, .T. ) ;
#275 = CARTESIAN_POINT ( 'NONE',  ( -0.8941408691001305800, 1.853614505297001200, -5.257270220427853900 ) ) ;
#276 = CARTESIAN_POINT ( 'NONE',  ( 4.999999999999948500, -2.650166506844309700, -2.840546465734302900 ) ) ;
#277 = AXIS2_PLACEMENT_3D ( 'NONE', #1133, #703, #804 ) ;
#278 = DIRECTION ( 'NONE',  ( 0.8660254037844392600, 0.0000000000000000000, -0.4999999999999987200 ) ) ;
#279 = COORDINATED_UNIVERSAL_TIME_OFFSET ( 6, 0, .BEHIND. ) ;
#280 = DIRECTION ( 'NONE',  ( 0.4999999999999987800, -0.0000000000000000000, 0.8660254037844393700 ) ) ;
#281 = AXIS2_PLACEMENT_3D ( 'NONE', #784, #585, #590 ) ;
#282 = DIRECTION ( 'NONE',  ( -1.224646799147353500E-016, 1.000000000000000000, 0.0000000000000000000 ) ) ;
#283 = CARTESIAN_POINT ( 'NONE',  ( 4.900000000000008300, 1.665824174159204400, -2.944486372867089100 ) ) ;
#284 = ORIENTED_EDGE ( 'NONE', *, *, #175, .T. ) ;
#285 = ORIENTED_EDGE ( 'NONE', *, *, #564, .F. ) ;
#286 = ORIENTED_EDGE ( 'NONE', *, *, #426, .T. ) ;
#287 = DIRECTION ( 'NONE',  ( 1.000000000000000000, 1.469865004250910200E-016, 0.0000000000000000000 ) ) ;
#288 = LINE ( 'NONE', #194, #1280 ) ;
#289 = CARTESIAN_POINT ( 'NONE',  ( 4.900000000000000400, -2.665824174159203700, 2.944486372867094500 ) ) ;
#290 = CARTESIAN_POINT ( 'NONE',  ( 2.500000000000000000, 2.000000000000002200, -4.330127018922195400 ) ) ;
#291 = EDGE_CURVE ( 'NONE', #844, #581, #1026, .T. ) ;
#292 = CARTESIAN_POINT ( 'NONE',  ( 5.000000000000000900, -2.853552154606672400, 1.854438946368486100 ) ) ;
#293 = PLANE ( 'NONE',  #1002 ) ;
#294 = CARTESIAN_POINT ( 'NONE',  ( 5.000000000000004400, -2.999999999999998700, 0.0000000000000000000 ) ) ;
#295 = CIRCLE ( 'NONE', #1018, 0.7760261636933921700 ) ;
#296 = DIRECTION ( 'NONE',  ( 0.0000000000000000000, 0.0000000000000000000, -1.000000000000000000 ) ) ;
#297 = CARTESIAN_POINT ( 'NONE',  ( -4.959984788390697100, -2.650166666477903100, -2.909854139142445300 ) ) ;
#298 = DIRECTION ( 'NONE',  ( 1.000000000000000000, 8.673617379884028100E-017, 0.0000000000000000000 ) ) ;
#299 = CARTESIAN_POINT ( 'NONE',  ( -4.900000000000000400, -2.665824174159203700, 2.944486372867100700 ) ) ;
#300 = EDGE_LOOP ( 'NONE', ( #912, #1262, #1331, #1056 ) ) ;
#301 = ORIENTED_EDGE ( 'NONE', *, *, #818, .F. ) ;
#302 = CARTESIAN_POINT ( 'NONE',  ( 2.950480947161670200, -2.999999999999998700, 0.0000000000000000000 ) ) ;
#303 = DIRECTION ( 'NONE',  ( 1.224646799147353500E-016, -1.000000000000000000, -0.0000000000000000000 ) ) ;
#304 = VECTOR ( 'NONE', #522, 1000.000000000000000 ) ;
#305 = ORIENTED_EDGE ( 'NONE', *, *, #265, .F. ) ;
#306 = CONICAL_SURFACE ( 'NONE', #229, 2.950480947161670200, 0.7853981633974482800 ) ;
#307 = DIRECTION ( 'NONE',  ( 1.224646799147353500E-016, -1.000000000000000000, -0.0000000000000000000 ) ) ;
#308 = CARTESIAN_POINT ( 'NONE',  ( 4.999999999999999100, -2.650171813300474400, 2.840522991445212100 ) ) ;
#309 = CARTESIAN_POINT ( 'NONE',  ( -7.347880794884098000E-017, -2.400000000000001200, 0.0000000000000000000 ) ) ;
#310 = AXIS2_PLACEMENT_3D ( 'NONE', #1362, #869, #1357 ) ;
#311 = CARTESIAN_POINT ( 'NONE',  ( -5.000000000000000000, 1.969468163852173800, 0.9266991676984345200 ) ) ;
#312 = CALENDAR_DATE ( 2023, 13, 1 ) ;
#313 = DIRECTION ( 'NONE',  ( 1.000000000000000000, 8.673617379884028100E-017, 0.0000000000000000000 ) ) ;
#314 = DIRECTION ( 'NONE',  ( 0.0000000000000000000, -1.000000000000000000, -0.0000000000000000000 ) ) ;
#315 = DIRECTION ( 'NONE',  ( 1.224646799147353200E-016, 1.499759782661857900E-032, 1.000000000000000000 ) ) ;
#316 = EDGE_CURVE ( 'NONE', #164, #443, #476, .T. ) ;
#317 = ORIENTED_EDGE ( 'NONE', *, *, #1259, .F. ) ;
#318 = CC_DESIGN_APPROVAL ( #108, ( #1120 ) ) ;
#319 = CLOSED_SHELL ( 'NONE', ( #1113, #885, #1321, #136, #1094, #236 ) ) ;
#320 = CYLINDRICAL_SURFACE ( 'NONE', #747, 2.350480947161672300 ) ;
#321 = DIRECTION ( 'NONE',  ( 1.000000000000000000, 1.180006783533433800E-016, 0.0000000000000000000 ) ) ;
#322 = AXIS2_PLACEMENT_3D ( 'NONE', #1126, #685, #1212 ) ;
#323 = CIRCLE ( 'NONE', #484, 3.675240473580837300 ) ;
#324 = CARTESIAN_POINT ( 'NONE',  ( 2.350480947161671900, 2.000000000000002200, 0.0000000000000000000 ) ) ;
#325 = ORIENTED_EDGE ( 'NONE', *, *, #26, .F. ) ;
#326 = CARTESIAN_POINT ( 'NONE',  ( 4.504387560568869000, -2.769088767990338400, 3.172893321267423500 ) ) ;
#327 = EDGE_LOOP ( 'NONE', ( #1198, #654, #58, #1194, #1000 ) ) ;
#328 = ORIENTED_EDGE ( 'NONE', *, *, #760, .F. ) ;
#329 = DIRECTION ( 'NONE',  ( 1.000000000000000000, 8.673617379884026800E-017, 0.0000000000000000000 ) ) ;
#330 = EDGE_CURVE ( 'NONE', #427, #383, #927, .T. ) ;
#331 = CARTESIAN_POINT ( 'NONE',  ( -4.900000000000001200, 1.665824174159203500, -2.944486372867100200 ) ) ;
#332 = VERTEX_POINT ( 'NONE', #60 ) ;
#333 = EDGE_LOOP ( 'NONE', ( #25, #464, #1083, #874, #56, #284 ) ) ;
#334 = ORIENTED_EDGE ( 'NONE', *, *, #1075, .T. ) ;
#335 = CC_DESIGN_PERSON_AND_ORGANIZATION_ASSIGNMENT ( #180, #263, ( #1350 ) ) ;
#336 = VECTOR ( 'NONE', #93, 1000.000000000000000 ) ;
#337 = CARTESIAN_POINT ( 'NONE',  ( -6.123233995736769200E-016, 2.000000000000001800, 0.0000000000000000000 ) ) ;
#338 = DIRECTION ( 'NONE',  ( 1.224646799147353500E-016, -1.000000000000000000, -0.0000000000000000000 ) ) ;
#339 = ADVANCED_FACE ( 'NONE', ( #1263 ), #366, .T. ) ;
#340 = EDGE_CURVE ( 'NONE', #1190, #823, #540, .T. ) ;
#341 = CARTESIAN_POINT ( 'NONE',  ( -5.000000000000000900, -2.969468163852172300, 0.9266991676984367400 ) ) ;
#342 = CARTESIAN_POINT ( 'NONE',  ( -5.000000000000001800, -2.665824174159202400, 2.771281292110217900 ) ) ;
#343 = AXIS2_PLACEMENT_3D ( 'NONE', #852, #1172, #749 ) ;
#344 = CONICAL_SURFACE ( 'NONE', #127, 5.773502691896259100, 1.134464013796312900 ) ;
#345 = ORIENTED_EDGE ( 'NONE', *, *, #1224, .F. ) ;
#346 = CARTESIAN_POINT ( 'NONE',  ( -2.950480947161670200, -2.999999999999999600, 3.613297047886790500E-016 ) ) ;
#347 = ORIENTED_EDGE ( 'NONE', *, *, #615, .T. ) ;
#348 = ORIENTED_EDGE ( 'NONE', *, *, #882, .F. ) ;
#349 = VERTEX_POINT ( 'NONE', #1316 ) ;
#350 = DIRECTION ( 'NONE',  ( 1.224646799147353500E-016, -1.000000000000000000, -0.0000000000000000000 ) ) ;
#351 = EDGE_CURVE ( 'NONE', #1087, #758, #637, .T. ) ;
#352 = CARTESIAN_POINT ( 'NONE',  ( -0.8941408691001305800, -2.853614505296998300, 5.257270220427852100 ) ) ;
#353 = FACE_OUTER_BOUND ( 'NONE', #958, .T. ) ;
#354 = APPROVAL_STATUS ( 'not_yet_approved' ) ;
#355 = DIRECTION ( 'NONE',  ( 1.000000000000000000, 1.224646799147353500E-016, 0.0000000000000000000 ) ) ;
#356 = ADVANCED_FACE ( 'NONE', ( #959 ), #404, .F. ) ;
#357 = EDGE_CURVE ( 'NONE', #859, #845, #586, .T. ) ;
#358 = CIRCLE ( 'NONE', #1168, 5.000000000000005300 ) ;
#359 = CARTESIAN_POINT ( 'NONE',  ( 2.100403331734543400, 2.000000000000003100, 4.560834262912535100 ) ) ;
#360 = CARTESIAN_POINT ( 'NONE',  ( -5.000000000000000900, 1.665824174159399800, -2.771281292110411500 ) ) ;
#361 = ORIENTED_EDGE ( 'NONE', *, *, #385, .T. ) ;
#362 = CARTESIAN_POINT ( 'NONE',  ( 0.8941408691001344600, -2.853614505296999200, -5.257270220427852100 ) ) ;
#363 = ADVANCED_FACE ( 'NONE', ( #428 ), #696, .T. ) ;
#364 = PERSON_AND_ORGANIZATION_ROLE ( 'design_supplier' ) ;
#365 = ORIENTED_EDGE ( 'NONE', *, *, #474, .T. ) ;
#366 = CYLINDRICAL_SURFACE ( 'NONE', #322, 0.1999999999999996500 ) ;
#367 = VERTEX_POINT ( 'NONE', #178 ) ;
#368 = DIRECTION ( 'NONE',  ( 1.224646799147353500E-016, -1.000000000000000000, -0.0000000000000000000 ) ) ;
#369 = FACE_OUTER_BOUND ( 'NONE', #848, .T. ) ;
#370 = AXIS2_PLACEMENT_3D ( 'NONE', #519, #104, #214 ) ;
#371 = DIRECTION ( 'NONE',  ( 1.224646799147353500E-016, -1.000000000000000000, -0.0000000000000000000 ) ) ;
#372 = CARTESIAN_POINT ( 'NONE',  ( 0.0000000000000000000, -2.999999999999999100, 0.0000000000000000000 ) ) ;
#373 = B_SPLINE_CURVE_WITH_KNOTS ( 'NONE', 3,
 ( #1301, #1188, #977, #565 ),
 .UNSPECIFIED., .F., .F.,
 ( 4, 4 ),
 ( 2.336781709342229600E-007, 0.0002103565904657230000 ),
 .UNSPECIFIED. ) ;
#374 = LOCAL_TIME ( 9, 57, 45.00000000000000000, #936 ) ;
#375 = CONICAL_SURFACE ( 'NONE', #1027, 5.000000000000004400, 1.134464013796311100 ) ;
#376 = AXIS2_PLACEMENT_3D ( 'NONE', #205, #735, #728 ) ;
#377 = CARTESIAN_POINT ( 'NONE',  ( -4.104907945072044500, -2.873362790054480700, 3.403532984810286900 ) ) ;
#378 = ADVANCED_FACE ( 'NONE', ( #678 ), #483, .T. ) ;
#379 = ORIENTED_EDGE ( 'NONE', *, *, #474, .F. ) ;
#380 = ORIENTED_EDGE ( 'NONE', *, *, #479, .T. ) ;
#381 = CARTESIAN_POINT ( 'NONE',  ( -4.417181342261797700E-017, -2.639309771165268000, 0.0000000000000000000 ) ) ;
#382 = CARTESIAN_POINT ( 'NONE',  ( -4.900000000000000400, -2.665824174159203700, 2.944486372867100700 ) ) ;
#383 = VERTEX_POINT ( 'NONE', #1025 ) ;
#384 = CONICAL_SURFACE ( 'NONE', #1226, 2.950480947161670200, 0.7853981633974482800 ) ;
#385 = EDGE_CURVE ( 'NONE', #754, #636, #40, .T. ) ;
#386 = CARTESIAN_POINT ( 'NONE',  ( -0.09999999999999127600, 1.665824174159204400, -5.715767664977300400 ) ) ;
#387 = AXIS2_PLACEMENT_3D ( 'NONE', #1, #398, #95 ) ;
#388 = DIRECTION ( 'NONE',  ( -1.224646799147353500E-016, 1.000000000000000000, 0.0000000000000000000 ) ) ;
#389 = DIRECTION ( 'NONE',  ( 1.224646799147353500E-016, -1.000000000000000000, -0.0000000000000000000 ) ) ;
#390 = CARTESIAN_POINT ( 'NONE',  ( 5.000000000000000900, 2.000000000000002200, 0.0000000000000000000 ) ) ;
#391 = CYLINDRICAL_SURFACE ( 'NONE', #762, 5.000000000000004400 ) ;
#392 = CARTESIAN_POINT ( 'NONE',  ( -5.000000000000000900, 3.000000000000002700, 2.886751345948138000 ) ) ;
#393 = ORIENTED_EDGE ( 'NONE', *, *, #197, .T. ) ;
#394 = AXIS2_PLACEMENT_3D ( 'NONE', #497, #396, #1019 ) ;
#395 = CARTESIAN_POINT ( 'NONE',  ( -5.000000000000001800, -2.768908475596937100, -2.315264958808693300 ) ) ;
#396 = DIRECTION ( 'NONE',  ( 1.224646799147353500E-016, -1.000000000000000000, -0.0000000000000000000 ) ) ;
#397 = CARTESIAN_POINT ( 'NONE',  ( 0.1000000000000014600, 3.000000000000002700, 5.715767664977296800 ) ) ;
#398 = DIRECTION ( 'NONE',  ( -0.4999999999999998300, 0.0000000000000000000, -0.8660254037844387100 ) ) ;
#399 = ORIENTED_EDGE ( 'NONE', *, *, #942, .F. ) ;
#400 = EDGE_LOOP ( 'NONE', ( #939, #347, #1081, #727, #1038, #772 ) ) ;
#401 = CARTESIAN_POINT ( 'NONE',  ( -5.000000000000000900, 1.768908475596936900, -2.315264958808691500 ) ) ;
#402 = ORIENTED_EDGE ( 'NONE', *, *, #1131, .T. ) ;
#403 = CARTESIAN_POINT ( 'NONE',  ( 5.000000000000004400, 2.223973836306610200, 0.0000000000000000000 ) ) ;
#404 = CYLINDRICAL_SURFACE ( 'NONE', #1055, 2.350480947161672300 ) ;
#405 = CARTESIAN_POINT ( 'NONE',  ( -6.123233995736769200E-016, 2.000000000000001800, 0.0000000000000000000 ) ) ;
#406 = EDGE_CURVE ( 'NONE', #1288, #1067, #1360, .T. ) ;
#407 = LOCAL_TIME ( 9, 57, 45.00000000000000000, #1242 ) ;
#408 = CARTESIAN_POINT ( 'NONE',  ( -6.123233995736769200E-016, 2.000000000000001800, 0.0000000000000000000 ) ) ;
#409 = CARTESIAN_POINT ( 'NONE',  ( 1.490777987167568600E-015, 3.000000000000002700, -5.542562584220408300 ) ) ;
#410 = CARTESIAN_POINT ( 'NONE',  ( -3.675240473580837700, 2.000000000000001300, 4.500871482067575500E-016 ) ) ;
#411 = DIRECTION ( 'NONE',  ( 1.224646799147353500E-016, -1.000000000000000000, -0.0000000000000000000 ) ) ;
#412 = EDGE_CURVE ( 'NONE', #1067, #1084, #689, .T. ) ;
#413 = VERTEX_POINT ( 'NONE', #1132 ) ;
#414 = AXIS2_PLACEMENT_3D ( 'NONE', #72, #808, #296 ) ;
#415 = CARTESIAN_POINT ( 'NONE',  ( -5.000000000000000900, 1.853552154606675800, 1.854438946368491200 ) ) ;
#416 = ORIENTED_EDGE ( 'NONE', *, *, #1325, .T. ) ;
#417 = CARTESIAN_POINT ( 'NONE',  ( 1.694313838325413700, -3.000000000000000000, 4.795290141247374300 ) ) ;
#418 = ORIENTED_EDGE ( 'NONE', *, *, #1325, .F. ) ;
#419 = FACE_OUTER_BOUND ( 'NONE', #1123, .T. ) ;
#420 = CARTESIAN_POINT ( 'NONE',  ( -4.900000000000000400, 1.665824174159203700, 2.944486372867100700 ) ) ;
#421 = EDGE_CURVE ( 'NONE', #22, #581, #904, .T. ) ;
#422 = LOCAL_TIME ( 9, 57, 45.00000000000000000, #999 ) ;
#423 = CIRCLE ( 'NONE', #1096, 2.350480947161672300 ) ;
#424 = ORIENTED_EDGE ( 'NONE', *, *, #166, .T. ) ;
#425 = CARTESIAN_POINT ( 'NONE',  ( -0.09999999999999836800, -2.665824174159205500, -5.715767664977296800 ) ) ;
#426 = EDGE_CURVE ( 'NONE', #1333, #443, #616, .T. ) ;
#427 = VERTEX_POINT ( 'NONE', #289 ) ;
#428 = FACE_OUTER_BOUND ( 'NONE', #807, .T. ) ;
#429 = EDGE_LOOP ( 'NONE', ( #1106, #402, #1021, #171, #208 ) ) ;
#430 = CARTESIAN_POINT ( 'NONE',  ( 3.300740805734709000, -2.969685068842802300, 3.867819099180144900 ) ) ;
#431 = FACE_OUTER_BOUND ( 'NONE', #234, .T. ) ;
#432 = CARTESIAN_POINT ( 'NONE',  ( 2.004713011070073700E-013, -2.653737380317937600, -5.742562584222008000 ) ) ;
#433 = AXIS2_PLACEMENT_3D ( 'NONE', #1034, #827, #201 ) ;
#434 = PERSON_AND_ORGANIZATION ( #253, #1051 ) ;
#435 = ADVANCED_FACE ( 'NONE', ( #419 ), #1112, .T. ) ;
#436 = CARTESIAN_POINT ( 'NONE',  ( 3.675240473580837300, -2.999999999999998700, 0.0000000000000000000 ) ) ;
#437 = ORIENTED_EDGE ( 'NONE', *, *, #117, .F. ) ;
#438 = ORIENTED_EDGE ( 'NONE', *, *, #797, .F. ) ;
#439 = ORIENTED_EDGE ( 'NONE', *, *, #1047, .T. ) ;
#440 = CARTESIAN_POINT ( 'NONE',  ( 0.0000000000000000000, -2.999999999999999100, 0.0000000000000000000 ) ) ;
#441 = AXIS2_PLACEMENT_3D ( 'NONE', #174, #694, #1200 ) ;
#442 = DIRECTION ( 'NONE',  ( -1.000000000000000000, -1.224646799147353500E-016, 0.0000000000000000000 ) ) ;
#443 = VERTEX_POINT ( 'NONE', #1230 ) ;
#444 = ORIENTED_EDGE ( 'NONE', *, *, #50, .T. ) ;
#445 = CIRCLE ( 'NONE', #579, 2.350480947161670600 ) ;
#446 = CARTESIAN_POINT ( 'NONE',  ( -5.000000000000001800, -2.665824174159202400, 2.771281292110217900 ) ) ;
#447 = EDGE_CURVE ( 'NONE', #766, #22, #1174, .T. ) ;
#448 = CARTESIAN_POINT ( 'NONE',  ( 5.000000000000000900, 1.853964407304885800, -1.851629193302275700 ) ) ;
#449 = CARTESIAN_POINT ( 'NONE',  ( 4.900000000000008300, 1.665824174159204400, -2.944486372867089100 ) ) ;
#450 = CC_DESIGN_PERSON_AND_ORGANIZATION_ASSIGNMENT ( #434, #1290, ( #1324 ) ) ;
#451 = FACE_OUTER_BOUND ( 'NONE', #612, .T. ) ;
#452 = ORIENTED_EDGE ( 'NONE', *, *, #779, .T. ) ;
#453 = PRODUCT_DEFINITION_SHAPE ( 'NONE', 'NONE',  #1120 ) ;
#454 = CARTESIAN_POINT ( 'NONE',  ( 5.000000000000001800, -2.665824174159202800, 2.771281292110211700 ) ) ;
#455 = CARTESIAN_POINT ( 'NONE',  ( -2.350480947161671400, -2.999999999999999600, 2.878508968398379700E-016 ) ) ;
#456 = B_SPLINE_CURVE_WITH_KNOTS ( 'NONE', 3,
 ( #1227, #308, #718, #88 ),
 .UNSPECIFIED., .F., .F.,
 ( 4, 4 ),
 ( 2.022996359076314600E-007, 0.0002103250550110661000 ),
 .UNSPECIFIED. ) ;
#457 = ORIENTED_EDGE ( 'NONE', *, *, #1165, .F. ) ;
#458 = APPLICATION_PROTOCOL_DEFINITION ( 'international standard', 'config_control_design', 1994, #888 ) ;
#459 = ORIENTED_EDGE ( 'NONE', *, *, #942, .T. ) ;
#460 = ORIENTED_EDGE ( 'NONE', *, *, #620, .T. ) ;
#461 = CARTESIAN_POINT ( 'NONE',  ( -3.300740805734709000, -2.969685068842802300, -3.867819099180148400 ) ) ;
#462 = AXIS2_PLACEMENT_3D ( 'NONE', #935, #1341, #610 ) ;
#463 = FACE_OUTER_BOUND ( 'NONE', #400, .T. ) ;
#464 = ORIENTED_EDGE ( 'NONE', *, *, #122, .T. ) ;
#465 = VERTEX_POINT ( 'NONE', #403 ) ;
#466 = DIRECTION ( 'NONE',  ( 1.000000000000000000, 0.0000000000000000000, 0.0000000000000000000 ) ) ;
#467 = LINE ( 'NONE', #775, #778 ) ;
#468 = ADVANCED_FACE ( 'NONE', ( #71 ), #255, .T. ) ;
#469 = SECURITY_CLASSIFICATION_LEVEL ( 'unclassified' ) ;
#470 = EDGE_CURVE ( 'NONE', #1124, #154, #759, .T. ) ;
#471 = PERSON_AND_ORGANIZATION ( #253, #1051 ) ;
#472 = DIRECTION ( 'NONE',  ( 0.0000000000000000000, 0.0000000000000000000, -1.000000000000000000 ) ) ;
#473 = CARTESIAN_POINT ( 'NONE',  ( -4.417181342261797700E-017, -2.639309771165268000, 0.0000000000000000000 ) ) ;
#474 = EDGE_CURVE ( 'NONE', #1067, #427, #456, .T. ) ;
#475 = CARTESIAN_POINT ( 'NONE',  ( -4.959984788390739800, 1.650166666477891300, 2.909854139142425300 ) ) ;
#476 = B_SPLINE_CURVE_WITH_KNOTS ( 'NONE', 3,
 ( #382, #377, #1206, #902 ),
 .UNSPECIFIED., .F., .F.,
 ( 4, 4 ),
 ( 2.336118698370547300E-007, 0.002786376568818231800 ),
 .UNSPECIFIED. ) ;
#477 = MANIFOLD_SOLID_BREP ( 'Cut-Revolve2', #491 ) ;
#478 = EDGE_LOOP ( 'NONE', ( #811, #1312, #1337, #582 ) ) ;
#479 = EDGE_CURVE ( 'NONE', #558, #106, #973, .T. ) ;
#480 = ORIENTED_EDGE ( 'NONE', *, *, #690, .T. ) ;
#481 = ADVANCED_FACE ( 'NONE', ( #240 ), #320, .F. ) ;
#482 = CARTESIAN_POINT ( 'NONE',  ( 2.499999999999999600, 2.000000000000002200, 4.330127018922195400 ) ) ;
#483 = CONICAL_SURFACE ( 'NONE', #849, 5.773502691896259100, 1.134464013796312900 ) ;
#484 = AXIS2_PLACEMENT_3D ( 'NONE', #1050, #529, #321 ) ;
#485 = DIRECTION ( 'NONE',  ( 1.000000000000000000, 8.673617379884028100E-017, 0.0000000000000000000 ) ) ;
#486 = CARTESIAN_POINT ( 'NONE',  ( -5.000000000000004400, -2.999999999999999600, 1.268959954553068900E-015 ) ) ;
#487 = CARTESIAN_POINT ( 'NONE',  ( -6.922569777812225900E-016, 2.652707199032397200, 0.0000000000000000000 ) ) ;
#488 = PERSON_AND_ORGANIZATION ( #253, #1051 ) ;
#489 = FACE_OUTER_BOUND ( 'NONE', #910, .T. ) ;
#490 = EDGE_CURVE ( 'NONE', #133, #367, #1340, .T. ) ;
#491 = CLOSED_SHELL ( 'NONE', ( #481, #688, #587, #27, #1176, #981, #165, #1272, #23, #363, #975, #867, #468, #897, #551, #264, #435, #879, #1310, #339, #753, #159, #35, #906, #560, #646, #258, #243, #141, #1072, #991, #378, #681, #913, #1085, #656, #356 ) ) ;
#492 = CARTESIAN_POINT ( 'NONE',  ( -5.000000000000000900, 2.000000000000001300, 0.0000000000000000000 ) ) ;
#493 = DIRECTION ( 'NONE',  ( 0.0000000000000000000, 0.0000000000000000000, -1.000000000000000000 ) ) ;
#494 = ORIENTED_EDGE ( 'NONE', *, *, #340, .T. ) ;
#495 = CARTESIAN_POINT ( 'NONE',  ( 0.1000000000000021600, 1.665824174159206100, -5.715767664977295900 ) ) ;
#496 = CARTESIAN_POINT ( 'NONE',  ( 0.0000000000000000000, -2.999999999999999100, 0.0000000000000000000 ) ) ;
#497 = CARTESIAN_POINT ( 'NONE',  ( -6.123233995736769200E-016, 2.000000000000001800, 0.0000000000000000000 ) ) ;
#498 = B_SPLINE_CURVE_WITH_KNOTS ( 'NONE', 3,
 ( #2, #1048, #917, #275, #121, #1044 ),
 .UNSPECIFIED., .F., .F.,
 ( 4, 2, 4 ),
 ( 0.002786376568818231800, 0.004168221629423251100, 0.005550066690028270800 ),
 .UNSPECIFIED. ) ;
#499 = ORIENTED_EDGE ( 'NONE', *, *, #882, .T. ) ;
#500 = VECTOR ( 'NONE', #303, 1000.000000000000000 ) ;
#501 = EDGE_CURVE ( 'NONE', #349, #36, #288, .T. ) ;
#502 = CIRCLE ( 'NONE', #1158, 5.000000000000004400 ) ;
#503 = CARTESIAN_POINT ( 'NONE',  ( -5.000000000000000900, 1.969452614543778700, -0.9263322004873015800 ) ) ;
#504 = DIRECTION ( 'NONE',  ( 0.0000000000000000000, 0.0000000000000000000, -1.000000000000000000 ) ) ;
#505 = DIRECTION ( 'NONE',  ( -0.8660254037844392600, 0.0000000000000000000, -0.4999999999999987200 ) ) ;
#506 = DIRECTION ( 'NONE',  ( 1.224646799147353500E-016, -1.000000000000000000, -0.0000000000000000000 ) ) ;
#507 = APPROVAL_PERSON_ORGANIZATION ( #919, #686, #48 ) ;
#508 = AXIS2_PLACEMENT_3D ( 'NONE', #75, #1014, #1344 ) ;
#509 = DIRECTION ( 'NONE',  ( 1.000000000000000000, 8.673617379884028100E-017, 0.0000000000000000000 ) ) ;
#510 = CARTESIAN_POINT ( 'NONE',  ( -2.499999999999996400, -2.999999999999999600, -4.330127018922199900 ) ) ;
#511 = DIRECTION ( 'NONE',  ( 1.224646799147353500E-016, -1.000000000000000000, -0.0000000000000000000 ) ) ;
#512 = ORIENTED_EDGE ( 'NONE', *, *, #924, .T. ) ;
#513 = ORIENTED_EDGE ( 'NONE', *, *, #633, .F. ) ;
#514 = ORIENTED_EDGE ( 'NONE', *, *, #1197, .T. ) ;
#515 = CIRCLE ( 'NONE', #1217, 5.000000000000004400 ) ;
#516 = VERTEX_POINT ( 'NONE', #102 ) ;
#517 = CARTESIAN_POINT ( 'NONE',  ( -7.069527393709905000E-016, 2.772707199032394200, 0.0000000000000000000 ) ) ;
#518 = FACE_OUTER_BOUND ( 'NONE', #805, .T. ) ;
#519 = CARTESIAN_POINT ( 'NONE',  ( -4.417181342261797700E-017, -2.639309771165268000, 0.0000000000000000000 ) ) ;
#520 = EDGE_CURVE ( 'NONE', #626, #857, #777, .T. ) ;
#521 = CARTESIAN_POINT ( 'NONE',  ( -5.000000000000000900, 2.000000000000001300, 0.0000000000000000000 ) ) ;
#522 = DIRECTION ( 'NONE',  ( 0.0000000000000000000, -1.000000000000000000, 0.0000000000000000000 ) ) ;
#523 = DIRECTION ( 'NONE',  ( 1.000000000000000000, 1.845072896752870600E-016, 0.0000000000000000000 ) ) ;
#524 = DATE_AND_TIME ( #665, #216 ) ;
#525 = VECTOR ( 'NONE', #1249, 1000.000000000000000 ) ;
#526 = EDGE_CURVE ( 'NONE', #221, #878, #836, .T. ) ;
#527 = CC_DESIGN_PERSON_AND_ORGANIZATION_ASSIGNMENT ( #123, #995, ( #1120 ) ) ;
#528 = ORIENTED_EDGE ( 'NONE', *, *, #244, .T. ) ;
#529 = DIRECTION ( 'NONE',  ( 1.224646799147353500E-016, -1.000000000000000000, -0.0000000000000000000 ) ) ;
#530 = EDGE_LOOP ( 'NONE', ( #235, #955 ) ) ;
#531 = CIRCLE ( 'NONE', #956, 5.000000000000004400 ) ;
#532 = CARTESIAN_POINT ( 'NONE',  ( 0.0000000000000000000, -2.999999999999999100, 0.0000000000000000000 ) ) ;
#533 = AXIS2_PLACEMENT_3D ( 'NONE', #820, #931, #1334 ) ;
#534 = DIRECTION ( 'NONE',  ( 1.224646799147353500E-016, -1.000000000000000000, -0.0000000000000000000 ) ) ;
#535 = CARTESIAN_POINT ( 'NONE',  ( 2.899596668265456100, -2.999999999999999600, 4.099419774931857500 ) ) ;
#536 = AXIS2_PLACEMENT_3D ( 'NONE', #270, #593, #485 ) ;
#537 = CARTESIAN_POINT ( 'NONE',  ( -0.8950920549279518500, 1.873362790054482300, 5.256721053034112000 ) ) ;
#538 = ORIENTED_EDGE ( 'NONE', *, *, #738, .F. ) ;
#539 = ORIENTED_EDGE ( 'NONE', *, *, #992, .F. ) ;
#540 = CIRCLE ( 'NONE', #281, 3.675240473580837300 ) ;
#541 = EDGE_CURVE ( 'NONE', #367, #1291, #998, .T. ) ;
#542 = ORIENTED_EDGE ( 'NONE', *, *, #1139, .T. ) ;
#543 = CARTESIAN_POINT ( 'NONE',  ( -5.000000000000000000, -2.853552154606672900, 1.854438946368492500 ) ) ;
#544 = CARTESIAN_POINT ( 'NONE',  ( -1.062211776130383900E-031, 2.000000000000002700, 2.350480947161672300 ) ) ;
#545 = FACE_OUTER_BOUND ( 'NONE', #530, .T. ) ;
#546 = EDGE_CURVE ( 'NONE', #878, #221, #850, .T. ) ;
#547 = CARTESIAN_POINT ( 'NONE',  ( -6.397522837462409500E-016, 2.223973836306609700, 0.0000000000000000000 ) ) ;
#548 = AXIS2_PLACEMENT_3D ( 'NONE', #1059, #1167, #1278 ) ;
#549 = SHAPE_DEFINITION_REPRESENTATION ( #453, #1160 ) ;
#550 = DIRECTION ( 'NONE',  ( -0.4999999999999998300, 0.0000000000000000000, 0.8660254037844387100 ) ) ;
#551 = ADVANCED_FACE ( 'NONE', ( #545, #1130 ), #595, .F. ) ;
#552 = CARTESIAN_POINT ( 'NONE',  ( 2.350480947161669700, 2.652707199032397600, 0.0000000000000000000 ) ) ;
#553 = EDGE_CURVE ( 'NONE', #1084, #1333, #1320, .T. ) ;
#554 = CARTESIAN_POINT ( 'NONE',  ( -1.974897454428649600E-013, 1.653737380317938300, -5.742562584222008000 ) ) ;
#555 = ORIENTED_EDGE ( 'NONE', *, *, #166, .F. ) ;
#556 = ORIENTED_EDGE ( 'NONE', *, *, #568, .T. ) ;
#557 = DIRECTION ( 'NONE',  ( 0.0000000000000000000, 0.0000000000000000000, -1.000000000000000000 ) ) ;
#558 = VERTEX_POINT ( 'NONE', #714 ) ;
#559 = VECTOR ( 'NONE', #915, 1000.000000000000000 ) ;
#560 = ADVANCED_FACE ( 'NONE', ( #1009 ), #293, .F. ) ;
#561 = CARTESIAN_POINT ( 'NONE',  ( 2.350480947161671400, -2.999999999999998700, 0.0000000000000000000 ) ) ;
#562 = B_SPLINE_CURVE_WITH_KNOTS ( 'NONE', 3,
 ( #148, #1082, #682, #155 ),
 .UNSPECIFIED., .F., .F.,
 ( 4, 4 ),
 ( 0.0001054499298915965300, 0.0002103565904657223800 ),
 .UNSPECIFIED. ) ;
#563 = MECHANICAL_CONTEXT ( 'NONE', #888, 'mechanical' ) ;
#564 = EDGE_CURVE ( 'NONE', #36, #1163, #785, .T. ) ;
#565 = CARTESIAN_POINT ( 'NONE',  ( 0.09999999999999477400, 1.665824174159203900, 5.715767664977300400 ) ) ;
#566 = DIRECTION ( 'NONE',  ( 1.000000000000000000, 1.845072896752871400E-016, 0.0000000000000000000 ) ) ;
#567 = FACE_OUTER_BOUND ( 'NONE', #1261, .T. ) ;
#568 = EDGE_CURVE ( 'NONE', #1359, #1146, #135, .T. ) ;
#569 = ORIENTED_EDGE ( 'NONE', *, *, #1282, .F. ) ;
#570 = CARTESIAN_POINT ( 'NONE',  ( 0.0000000000000000000, -2.999999999999999100, 0.0000000000000000000 ) ) ;
#571 = B_SPLINE_CURVE_WITH_KNOTS ( 'NONE', 3,
 ( #847, #535, #430, #640, #326, #851 ),
 .UNSPECIFIED., .F., .F.,
 ( 4, 2, 4 ),
 ( 0.002786376568818226600, 0.004168221629423245000, 0.005550066690028263000 ),
 .UNSPECIFIED. ) ;
#572 = ORIENTED_EDGE ( 'NONE', *, *, #1110, .F. ) ;
#573 = DATE_TIME_ROLE ( 'classification_date' ) ;
#574 = ORIENTED_EDGE ( 'NONE', *, *, #568, .F. ) ;
#575 = ORIENTED_EDGE ( 'NONE', *, *, #244, .F. ) ;
#576 = ORIENTED_EDGE ( 'NONE', *, *, #96, .T. ) ;
#577 = ORIENTED_EDGE ( 'NONE', *, *, #501, .F. ) ;
#578 = CARTESIAN_POINT ( 'NONE',  ( -2.899596668265454400, -2.999999999999999600, -4.099419774931861900 ) ) ;
#579 = AXIS2_PLACEMENT_3D ( 'NONE', #1012, #1349, #67 ) ;
#580 = DIRECTION ( 'NONE',  ( -0.0000000000000000000, 1.000000000000000000, -0.0000000000000000000 ) ) ;
#581 = VERTEX_POINT ( 'NONE', #89 ) ;
#582 = ORIENTED_EDGE ( 'NONE', *, *, #14, .F. ) ;
#583 = CIRCLE ( 'NONE', #1152, 5.000000000000004400 ) ;
#584 = CARTESIAN_POINT ( 'NONE',  ( 4.959963468877447200, 1.650172231396134700, 2.909866447969157400 ) ) ;
#585 = DIRECTION ( 'NONE',  ( 1.224646799147353500E-016, -1.000000000000000000, -0.0000000000000000000 ) ) ;
#586 = B_SPLINE_CURVE_WITH_KNOTS ( 'NONE', 3,
 ( #790, #679, #1323, #1003 ),
 .UNSPECIFIED., .F., .F.,
 ( 4, 4 ),
 ( 2.336781709349065700E-007, 0.0002103565904657234400 ),
 .UNSPECIFIED. ) ;
#587 = ADVANCED_FACE ( 'NONE', ( #1164 ), #1219, .T. ) ;
#588 = AXIS2_PLACEMENT_3D ( 'NONE', #755, #1243, #1274 ) ;
#589 = CARTESIAN_POINT ( 'NONE',  ( 4.900000000000008300, 1.665824174159204400, -2.944486372867089100 ) ) ;
#590 = DIRECTION ( 'NONE',  ( 1.000000000000000000, 1.180006783533433800E-016, 0.0000000000000000000 ) ) ;
#591 = CONICAL_SURFACE ( 'NONE', #548, 5.773502691896259100, 1.134464013796312900 ) ;
#592 = DIRECTION ( 'NONE',  ( -0.0000000000000000000, -1.000000000000000000, -0.0000000000000000000 ) ) ;
#593 = DIRECTION ( 'NONE',  ( 1.224646799147353500E-016, -1.000000000000000000, -0.0000000000000000000 ) ) ;
#594 = B_SPLINE_CURVE_WITH_KNOTS ( 'NONE', 3,
 ( #1089, #33, #651, #352, #261, #132 ),
 .UNSPECIFIED., .F., .F.,
 ( 4, 2, 4 ),
 ( 0.002786376568818231800, 0.004168221629423251100, 0.005550066690028270000 ),
 .UNSPECIFIED. ) ;
#595 = PLANE ( 'NONE',  #1304 ) ;
#596 = ORIENTED_EDGE ( 'NONE', *, *, #760, .T. ) ;
#597 = EDGE_CURVE ( 'NONE', #332, #859, #795, .T. ) ;
#598 = EDGE_LOOP ( 'NONE', ( #1109, #572 ) ) ;
#599 = CARTESIAN_POINT ( 'NONE',  ( -0.09999999999999836800, -2.665824174159205500, -5.715767664977296800 ) ) ;
#600 = CIRCLE ( 'NONE', #642, 3.675240473580837300 ) ;
#601 = CC_DESIGN_DATE_AND_TIME_ASSIGNMENT ( #200, #1302, ( #1120 ) ) ;
#602 = CARTESIAN_POINT ( 'NONE',  ( -6.123233995736769200E-016, 2.000000000000001800, 0.0000000000000000000 ) ) ;
#603 = DIRECTION ( 'NONE',  ( 1.224646799147353500E-016, -1.000000000000000000, -0.0000000000000000000 ) ) ;
#604 = B_SPLINE_CURVE_WITH_KNOTS ( 'NONE', 3,
 ( #131, #872, #971, #1066 ),
 .UNSPECIFIED., .F., .F.,
 ( 4, 4 ),
 ( 2.336118698370547300E-007, 0.002786376568818228800 ),
 .UNSPECIFIED. ) ;
#605 = CARTESIAN_POINT ( 'NONE',  ( 0.0000000000000000000, 2.000000000000001800, -2.350480947161672300 ) ) ;
#606 = AXIS2_PLACEMENT_3D ( 'NONE', #726, #624, #734 ) ;
#607 = ORIENTED_EDGE ( 'NONE', *, *, #553, .T. ) ;
#608 = CARTESIAN_POINT ( 'NONE',  ( 0.8950920549279550700, -2.873362790054480700, 5.256721053034110200 ) ) ;
#609 = CARTESIAN_POINT ( 'NONE',  ( 0.0000000000000000000, 3.000000000000002700, -2.350480947161672300 ) ) ;
#610 = DIRECTION ( 'NONE',  ( 1.000000000000000000, 8.673617379884028100E-017, 0.0000000000000000000 ) ) ;
#611 = ORIENTED_EDGE ( 'NONE', *, *, #1062, .F. ) ;
#612 = EDGE_LOOP ( 'NONE', ( #191, #514, #210, #1314 ) ) ;
#613 = ORIENTED_EDGE ( 'NONE', *, *, #144, .T. ) ;
#614 = ORIENTED_EDGE ( 'NONE', *, *, #1313, .F. ) ;
#615 = EDGE_CURVE ( 'NONE', #1036, #154, #184, .T. ) ;
#616 = CIRCLE ( 'NONE', #462, 5.000000000000004400 ) ;
#617 = CARTESIAN_POINT ( 'NONE',  ( 5.000000000000000900, -2.768908475596936600, -2.315264958808687100 ) ) ;
#618 = DIRECTION ( 'NONE',  ( 0.0000000000000000000, -1.000000000000000000, 0.0000000000000000000 ) ) ;
#619 = DIRECTION ( 'NONE',  ( 1.224646799147353500E-016, -1.000000000000000000, -0.0000000000000000000 ) ) ;
#620 = EDGE_CURVE ( 'NONE', #944, #558, #1309, .T. ) ;
#621 = CYLINDRICAL_SURFACE ( 'NONE', #1049, 0.2000000000000000900 ) ;
#622 = AXIS2_PLACEMENT_3D ( 'NONE', #532, #110, #17 ) ;
#623 = ORIENTED_EDGE ( 'NONE', *, *, #175, .F. ) ;
#624 = DIRECTION ( 'NONE',  ( 1.224646799147353500E-016, -1.000000000000000000, -0.0000000000000000000 ) ) ;
#625 = CARTESIAN_POINT ( 'NONE',  ( 0.0000000000000000000, -2.999999999999999100, 0.0000000000000000000 ) ) ;
#626 = VERTEX_POINT ( 'NONE', #1142 ) ;
#627 = ORIENTED_EDGE ( 'NONE', *, *, #501, .T. ) ;
#628 = CIRCLE ( 'NONE', #34, 5.000000000000004400 ) ;
#629 = DIRECTION ( 'NONE',  ( 1.224646799147353500E-016, -1.000000000000000000, -0.0000000000000000000 ) ) ;
#630 = AXIS2_PLACEMENT_3D ( 'NONE', #487, #52, #158 ) ;
#631 = TOROIDAL_SURFACE ( 'NONE', #809, 4.223973836306613300, 0.7760261636933921700 ) ;
#632 = CARTESIAN_POINT ( 'NONE',  ( -4.105859130899861300, 1.853614505297000300, 3.402983817416547200 ) ) ;
#633 = EDGE_CURVE ( 'NONE', #880, #944, #107, .T. ) ;
#634 = ORIENTED_EDGE ( 'NONE', *, *, #1117, .F. ) ;
#635 = CARTESIAN_POINT ( 'NONE',  ( -2.899596668265454400, 2.000000000000001800, 4.099419774931862800 ) ) ;
#636 = VERTEX_POINT ( 'NONE', #821 ) ;
#637 = CIRCLE ( 'NONE', #630, 3.675240473580837300 ) ;
#638 = ORIENTED_EDGE ( 'NONE', *, *, #1086, .T. ) ;
#639 = LINE ( 'NONE', #561, #1069 ) ;
#640 = CARTESIAN_POINT ( 'NONE',  ( 4.105859130899864000, -2.853614505296999700, 3.402983817416541000 ) ) ;
#641 = CARTESIAN_POINT ( 'NONE',  ( 1.490777987167568600E-015, 3.000000000000002700, -5.742562584220407600 ) ) ;
#642 = AXIS2_PLACEMENT_3D ( 'NONE', #408, #307, #1153 ) ;
#643 = DIRECTION ( 'NONE',  ( 1.000000000000000000, 1.845072896752870600E-016, 0.0000000000000000000 ) ) ;
#644 = DIRECTION ( 'NONE',  ( -1.224646799147353500E-016, 1.000000000000000000, 0.0000000000000000000 ) ) ;
#645 = DATE_AND_TIME ( #1032, #407 ) ;
#646 = ADVANCED_FACE ( 'NONE', ( #353 ), #719, .F. ) ;
#647 = VERTEX_POINT ( 'NONE', #302 ) ;
#648 = CYLINDRICAL_SURFACE ( 'NONE', #1209, 3.675240473580837300 ) ;
#649 = CARTESIAN_POINT ( 'NONE',  ( 0.0000000000000000000, -2.999999999999999100, 0.0000000000000000000 ) ) ;
#650 = EDGE_CURVE ( 'NONE', #1065, #164, #1183, .T. ) ;
#651 = CARTESIAN_POINT ( 'NONE',  ( -1.699259194265286800, -2.969685068842802300, 4.792434938664251300 ) ) ;
#652 = ORIENTED_EDGE ( 'NONE', *, *, #633, .T. ) ;
#653 = EDGE_LOOP ( 'NONE', ( #285, #577, #457, #305 ) ) ;
#654 = ORIENTED_EDGE ( 'NONE', *, *, #76, .F. ) ;
#655 = ORIENTED_EDGE ( 'NONE', *, *, #187, .F. ) ;
#656 = ADVANCED_FACE ( 'NONE', ( #273 ), #306, .F. ) ;
#657 = EDGE_LOOP ( 'NONE', ( #1231, #348, #145, #623 ) ) ;
#658 = DIRECTION ( 'NONE',  ( 0.7071067811865475700, -0.7071067811865474600, 0.0000000000000000000 ) ) ;
#659 = DIRECTION ( 'NONE',  ( 1.224646799147353500E-016, -1.000000000000000000, -0.0000000000000000000 ) ) ;
#660 = EDGE_CURVE ( 'NONE', #221, #168, #896, .T. ) ;
#661 = DIRECTION ( 'NONE',  ( 1.000000000000000000, 1.180006783533433800E-016, 0.0000000000000000000 ) ) ;
#662 = CARTESIAN_POINT ( 'NONE',  ( 4.105859130899868400, 1.853614505297001900, -3.402983817416539200 ) ) ;
#663 = AXIS2_PLACEMENT_3D ( 'NONE', #186, #603, #1149 ) ;
#664 = CARTESIAN_POINT ( 'NONE',  ( -4.900000000000001200, 1.665824174159203500, -2.944486372867100200 ) ) ;
#665 = CALENDAR_DATE ( 2023, 13, 1 ) ;
#666 = FACE_OUTER_BOUND ( 'NONE', #230, .T. ) ;
#667 = DIRECTION ( 'NONE',  ( 0.0000000000000000000, 1.000000000000000000, 0.0000000000000000000 ) ) ;
#668 = DIRECTION ( 'NONE',  ( 1.224646799147353500E-016, -1.000000000000000000, -0.0000000000000000000 ) ) ;
#669 =( NAMED_UNIT ( * ) PLANE_ANGLE_UNIT ( ) SI_UNIT ( $, .RADIAN. ) );
#670 = ORIENTED_EDGE ( 'NONE', *, *, #316, .F. ) ;
#671 = DIRECTION ( 'NONE',  ( 1.000000000000000000, 1.180006783533433800E-016, 0.0000000000000000000 ) ) ;
#672 = AXIS2_PLACEMENT_3D ( 'NONE', #517, #1046, #1247 ) ;
#673 = CARTESIAN_POINT ( 'NONE',  ( 3.300740805734710700, 1.969685068842804900, -3.867819099180144000 ) ) ;
#674 = APPROVAL_STATUS ( 'not_yet_approved' ) ;
#675 = ORIENTED_EDGE ( 'NONE', *, *, #1292, .F. ) ;
#676 = CONICAL_SURFACE ( 'NONE', #536, 5.000000000000004400, 1.134464013796311100 ) ;
#677 = VERTEX_POINT ( 'NONE', #908 ) ;
#678 = FACE_OUTER_BOUND ( 'NONE', #1103, .T. ) ;
#679 = CARTESIAN_POINT ( 'NONE',  ( 0.04003650602552342300, -2.650172224845190400, 5.750387604365013100 ) ) ;
#680 = B_SPLINE_CURVE_WITH_KNOTS ( 'NONE', 3,
 ( #245, #980, #448, #146, #231, #984 ),
 .UNSPECIFIED., .F., .F.,
 ( 4, 2, 4 ),
 ( 0.005018085091033967900, 0.006416343995568125900, 0.007814602900102284700 ),
 .UNSPECIFIED. ) ;
#681 = ADVANCED_FACE ( 'NONE', ( #518 ), #173, .T. ) ;
#682 = CARTESIAN_POINT ( 'NONE',  ( -0.07005177130757873900, 1.658006948602974900, -5.733058282874615100 ) ) ;
#683 = EDGE_CURVE ( 'NONE', #1291, #880, #262, .T. ) ;
#684 = DIRECTION ( 'NONE',  ( -1.000000000000000000, 0.0000000000000000000, 0.0000000000000000000 ) ) ;
#685 = DIRECTION ( 'NONE',  ( 0.0000000000000000000, -1.000000000000000000, 0.0000000000000000000 ) ) ;
#686 = APPROVAL ( #674, 'UNSPECIFIED' ) ;
#687 = APPROVAL_DATE_TIME ( #645, #686 ) ;
#688 = ADVANCED_FACE ( 'NONE', ( #223 ), #384, .F. ) ;
#689 = B_SPLINE_CURVE_WITH_KNOTS ( 'NONE', 3,
 ( #80, #73, #292, #1029, #1135, #203 ),
 .UNSPECIFIED., .F., .F.,
 ( 4, 2, 4 ),
 ( 0.009211797669949671100, 0.01059903623768821400, 0.01198627480542675600 ),
 .UNSPECIFIED. ) ;
#690 = EDGE_CURVE ( 'NONE', #1235, #1291, #12, .T. ) ;
#691 = VERTEX_POINT ( 'NONE', #814 ) ;
#692 = CARTESIAN_POINT ( 'NONE',  ( 5.000000000000001800, 1.665824174159204400, 2.771281292110211200 ) ) ;
#693 = AXIS2_PLACEMENT_3D ( 'NONE', #649, #1074, #1175 ) ;
#694 = DIRECTION ( 'NONE',  ( 1.224646799147353500E-016, -1.000000000000000000, -0.0000000000000000000 ) ) ;
#695 = ORIENTED_EDGE ( 'NONE', *, *, #546, .F. ) ;
#696 = CONICAL_SURFACE ( 'NONE', #700, 5.000000000000004400, 1.134464013796311100 ) ;
#697 = DIRECTION ( 'NONE',  ( 1.000000000000000000, 8.673617379884028100E-017, 0.0000000000000000000 ) ) ;
#698 = B_SPLINE_CURVE_WITH_KNOTS ( 'NONE', 3,
 ( #137, #868, #341, #543, #767, #446 ),
 .UNSPECIFIED., .F., .F.,
 ( 4, 2, 4 ),
 ( 0.007814602900102288200, 0.009212292319612031700, 0.01060998173912177300 ),
 .UNSPECIFIED. ) ;
#699 = DIRECTION ( 'NONE',  ( 1.000000000000000000, 1.469865004250910200E-016, 0.0000000000000000000 ) ) ;
#700 = AXIS2_PLACEMENT_3D ( 'NONE', #892, #1220, #1329 ) ;
#701 = DIRECTION ( 'NONE',  ( -0.0000000000000000000, -1.000000000000000000, -0.0000000000000000000 ) ) ;
#702 = LINE ( 'NONE', #294, #525 ) ;
#703 = DIRECTION ( 'NONE',  ( 0.0000000000000000000, -1.000000000000000000, 0.0000000000000000000 ) ) ;
#704 = UNCERTAINTY_MEASURE_WITH_UNIT (LENGTH_MEASURE( 1.000000000000000100E-005 ), #41, 'distance_accuracy_value', 'NONE');
#705 = CARTESIAN_POINT ( 'NONE',  ( 5.000000000000000000, -3.000000000000000900, -0.4633522468285894400 ) ) ;
#706 = CARTESIAN_POINT ( 'NONE',  ( 0.0000000000000000000, 3.000000000000002700, 0.0000000000000000000 ) ) ;
#707 = B_SPLINE_CURVE_WITH_KNOTS ( 'NONE', 3,
 ( #780, #1303, #276, #891 ),
 .UNSPECIFIED., .F., .F.,
 ( 4, 4 ),
 ( 2.335224145084548600E-007, 0.0002103563185770748500 ),
 .UNSPECIFIED. ) ;
#708 = DIRECTION ( 'NONE',  ( 0.0000000000000000000, -1.000000000000000000, 0.0000000000000000000 ) ) ;
#709 = EDGE_CURVE ( 'NONE', #756, #1232, #1058, .T. ) ;
#710 = VERTEX_POINT ( 'NONE', #1125 ) ;
#711 = CONICAL_SURFACE ( 'NONE', #177, 5.000000000000004400, 1.134464013796311100 ) ;
#712 = ORIENTED_EDGE ( 'NONE', *, *, #447, .T. ) ;
#713 = CARTESIAN_POINT ( 'NONE',  ( 5.000000000000000900, 3.000000000000002700, 2.771281292110206800 ) ) ;
#714 = CARTESIAN_POINT ( 'NONE',  ( -4.900000000000008300, -2.665824174159201500, -2.944486372867096200 ) ) ;
#715 = FACE_OUTER_BOUND ( 'NONE', #1171, .T. ) ;
#716 = EDGE_CURVE ( 'NONE', #443, #844, #583, .T. ) ;
#717 = CARTESIAN_POINT ( 'NONE',  ( -5.000000000000001800, -2.853964407304884400, -1.851629193302281900 ) ) ;
#718 = CARTESIAN_POINT ( 'NONE',  ( 4.959984788390738900, -2.650166666477891600, 2.909854139142419500 ) ) ;
#719 = PLANE ( 'NONE',  #433 ) ;
#720 = AXIS2_PLACEMENT_3D ( 'NONE', #381, #282, #172 ) ;
#721 = CARTESIAN_POINT ( 'NONE',  ( -4.999999999999999100, -2.650166506844311000, 2.840546465734211000 ) ) ;
#722 = CARTESIAN_POINT ( 'NONE',  ( -5.000000000000000900, 3.000000000000002700, 2.771281292110213000 ) ) ;
#723 = ORIENTED_EDGE ( 'NONE', *, *, #1075, .F. ) ;
#724 = DIRECTION ( 'NONE',  ( 1.224646799147353500E-016, -1.000000000000000000, -0.0000000000000000000 ) ) ;
#725 = DIRECTION ( 'NONE',  ( 1.224646799147353500E-016, -1.000000000000000000, -0.0000000000000000000 ) ) ;
#726 = CARTESIAN_POINT ( 'NONE',  ( -7.347880794884098000E-017, -2.400000000000001200, 0.0000000000000000000 ) ) ;
#727 = ORIENTED_EDGE ( 'NONE', *, *, #265, .T. ) ;
#728 = DIRECTION ( 'NONE',  ( 0.0000000000000000000, 0.0000000000000000000, 1.000000000000000000 ) ) ;
#729 = CARTESIAN_POINT ( 'NONE',  ( -0.09999999999999069400, -2.665824174159202800, 5.715767664977301300 ) ) ;
#730 = ORIENTED_EDGE ( 'NONE', *, *, #840, .T. ) ;
#731 = AXIS2_PLACEMENT_3D ( 'NONE', #544, #644, #442 ) ;
#732 = VECTOR ( 'NONE', #708, 1000.000000000000000 ) ;
#733 = CC_DESIGN_PERSON_AND_ORGANIZATION_ASSIGNMENT ( #471, #1203, ( #53 ) ) ;
#734 = DIRECTION ( 'NONE',  ( 1.000000000000000000, 1.845072896752870600E-016, 0.0000000000000000000 ) ) ;
#735 = DIRECTION ( 'NONE',  ( -1.000000000000000000, 0.0000000000000000000, 0.0000000000000000000 ) ) ;
#736 = DIRECTION ( 'NONE',  ( 1.000000000000000000, 1.845072896752870600E-016, 0.0000000000000000000 ) ) ;
#737 = CARTESIAN_POINT ( 'NONE',  ( 2.004713011070073700E-013, -2.653737380317937600, -5.742562584222008000 ) ) ;
#738 = EDGE_CURVE ( 'NONE', #1146, #1359, #445, .T. ) ;
#739 = VECTOR ( 'NONE', #658, 1000.000000000000000 ) ;
#740 = AXIS2_PLACEMENT_3D ( 'NONE', #440, #1286, #1281 ) ;
#741 = VERTEX_POINT ( 'NONE', #1332 ) ;
#742 = ORIENTED_EDGE ( 'NONE', *, *, #898, .F. ) ;
#743 = EDGE_LOOP ( 'NONE', ( #830, #254, #528, #416, #249 ) ) ;
#744 = FACE_OUTER_BOUND ( 'NONE', #653, .T. ) ;
#745 = EDGE_LOOP ( 'NONE', ( #130, #328, #460, #82 ) ) ;
#746 = CIRCLE ( 'NONE', #1338, 2.350480947161672300 ) ;
#747 = AXIS2_PLACEMENT_3D ( 'NONE', #706, #701, #504 ) ;
#748 = CARTESIAN_POINT ( 'NONE',  ( -4.223973836306614200, 2.223973836306609300, 5.172876038315060000E-016 ) ) ;
#749 = DIRECTION ( 'NONE',  ( 1.000000000000000000, 1.469865004250910200E-016, 0.0000000000000000000 ) ) ;
#750 = EDGE_CURVE ( 'NONE', #636, #188, #1071, .T. ) ;
#751 = DIRECTION ( 'NONE',  ( 1.000000000000000000, 1.845072896752870600E-016, 0.0000000000000000000 ) ) ;
#752 = ORIENTED_EDGE ( 'NONE', *, *, #385, .F. ) ;
#753 = ADVANCED_FACE ( 'NONE', ( #881 ), #1090, .T. ) ;
#754 = VERTEX_POINT ( 'NONE', #1238 ) ;
#755 = CARTESIAN_POINT ( 'NONE',  ( -7.347880794884098000E-017, -2.400000000000001200, 0.0000000000000000000 ) ) ;
#756 = VERTEX_POINT ( 'NONE', #390 ) ;
#757 = ORIENTED_EDGE ( 'NONE', *, *, #750, .F. ) ;
#758 = VERTEX_POINT ( 'NONE', #819 ) ;
#759 = CIRCLE ( 'NONE', #533, 5.000000000000004400 ) ;
#760 = EDGE_CURVE ( 'NONE', #944, #844, #1116, .T. ) ;
#761 = DIRECTION ( 'NONE',  ( 0.0000000000000000000, -1.000000000000000000, 0.0000000000000000000 ) ) ;
#762 = AXIS2_PLACEMENT_3D ( 'NONE', #570, #45, #798 ) ;
#763 = CARTESIAN_POINT ( 'NONE',  ( -2.499999999999996400, 2.000000000000001300, -4.330127018922200800 ) ) ;
#764 = CARTESIAN_POINT ( 'NONE',  ( 2.899596668265456600, 2.000000000000003100, -4.099419774931856600 ) ) ;
#765 = CIRCLE ( 'NONE', #622, 5.000000000000004400 ) ;
#766 = VERTEX_POINT ( 'NONE', #386 ) ;
#767 = CARTESIAN_POINT ( 'NONE',  ( -5.000000000000000900, -2.768417844910843000, 2.317435372764594400 ) ) ;
#768 = AXIS2_PLACEMENT_3D ( 'NONE', #1287, #1093, #877 ) ;
#769 = CARTESIAN_POINT ( 'NONE',  ( 5.000000000000000900, 3.000000000000002700, -2.886751345948131300 ) ) ;
#770 = CARTESIAN_POINT ( 'NONE',  ( 0.0000000000000000000, 0.0000000000000000000, 0.0000000000000000000 ) ) ;
#771 = EDGE_LOOP ( 'NONE', ( #399, #1015, #983, #1213 ) ) ;
#772 = ORIENTED_EDGE ( 'NONE', *, *, #1178, .T. ) ;
#773 = ORIENTED_EDGE ( 'NONE', *, *, #526, .F. ) ;
#774 = DIRECTION ( 'NONE',  ( -0.7071067811865473500, -0.7071067811865477900, 8.659560562354932900E-017 ) ) ;
#775 = CARTESIAN_POINT ( 'NONE',  ( -0.09999999999999766000, 3.000000000000002700, 5.715767664977296800 ) ) ;
#776 = B_SPLINE_CURVE_WITH_KNOTS ( 'NONE', 3,
 ( #482, #359, #157, #1095, #1322, #1208 ),
 .UNSPECIFIED., .F., .F.,
 ( 4, 2, 4 ),
 ( 0.002786376568818230500, 0.004168221629423251100, 0.005550066690028271700 ),
 .UNSPECIFIED. ) ;
#777 = CIRCLE ( 'NONE', #606, 2.350480947161672300 ) ;
#778 = VECTOR ( 'NONE', #139, 1000.000000000000000 ) ;
#779 = EDGE_CURVE ( 'NONE', #1084, #349, #1335, .T. ) ;
#780 = CARTESIAN_POINT ( 'NONE',  ( 4.900000000000001200, -2.665824174159204100, -2.944486372867093100 ) ) ;
#781 = DIRECTION ( 'NONE',  ( 1.000000000000000000, 1.224646799147353500E-016, 0.0000000000000000000 ) ) ;
#782 = CARTESIAN_POINT ( 'NONE',  ( 2.500000000000000900, -2.999999999999998700, 4.330127018922197200 ) ) ;
#783 = APPROVAL_PERSON_ORGANIZATION ( #488, #108, #259 ) ;
#784 = CARTESIAN_POINT ( 'NONE',  ( -6.123233995736771200E-016, 2.000000000000003600, 0.0000000000000000000 ) ) ;
#785 = B_SPLINE_CURVE_WITH_KNOTS ( 'NONE', 3,
 ( #78, #926, #1129, #283 ),
 .UNSPECIFIED., .F., .F.,
 ( 4, 4 ),
 ( 2.022996360654111200E-007, 0.0002103250550110575300 ),
 .UNSPECIFIED. ) ;
#786 = ORIENTED_EDGE ( 'NONE', *, *, #660, .T. ) ;
#787 = CARTESIAN_POINT ( 'NONE',  ( 3.675240473580837300, 2.000000000000004000, 0.0000000000000000000 ) ) ;
#788 = AXIS2_PLACEMENT_3D ( 'NONE', #226, #534, #329 ) ;
#789 = ORIENTED_EDGE ( 'NONE', *, *, #207, .F. ) ;
#790 = CARTESIAN_POINT ( 'NONE',  ( 0.1000000000000014600, -2.665824174159205000, 5.715767664977296800 ) ) ;
#791 = ORIENTED_EDGE ( 'NONE', *, *, #829, .T. ) ;
#792 = FACE_OUTER_BOUND ( 'NONE', #771, .T. ) ;
#793 = ORIENTED_EDGE ( 'NONE', *, *, #1313, .T. ) ;
#794 = CARTESIAN_POINT ( 'NONE',  ( 4.999999999999999100, 1.650166506844313000, 2.840546465734204300 ) ) ;
#795 = LINE ( 'NONE', #397, #732 ) ;
#796 = B_SPLINE_CURVE_WITH_KNOTS ( 'NONE', 3,
 ( #1180, #1283, #1192, #554 ),
 .UNSPECIFIED., .F., .F.,
 ( 4, 4 ),
 ( 2.336781709327190300E-007, 0.0001054499298915965300 ),
 .UNSPECIFIED. ) ;
#797 = EDGE_CURVE ( 'NONE', #1232, #1235, #628, .T. ) ;
#798 = DIRECTION ( 'NONE',  ( 1.000000000000000000, 8.673617379884028100E-017, 0.0000000000000000000 ) ) ;
#799 = DIRECTION ( 'NONE',  ( 0.0000000000000000000, -1.000000000000000000, 0.0000000000000000000 ) ) ;
#800 = CIRCLE ( 'NONE', #788, 5.000000000000005300 ) ;
#801 = CARTESIAN_POINT ( 'NONE',  ( -5.000000000000000000, 1.853964407304884700, -1.851629193302280200 ) ) ;
#802 = DIRECTION ( 'NONE',  ( -0.0000000000000000000, -1.000000000000000000, -0.0000000000000000000 ) ) ;
#803 = ORIENTED_EDGE ( 'NONE', *, *, #1144, .F. ) ;
#804 = DIRECTION ( 'NONE',  ( 0.0000000000000000000, 0.0000000000000000000, -1.000000000000000000 ) ) ;
#805 = EDGE_LOOP ( 'NONE', ( #1346, #925, #1145, #576, #966 ) ) ;
#806 = EDGE_CURVE ( 'NONE', #691, #168, #600, .T. ) ;
#807 = EDGE_LOOP ( 'NONE', ( #7, #803, #85, #789 ) ) ;
#808 = DIRECTION ( 'NONE',  ( 0.0000000000000000000, -1.000000000000000000, 0.0000000000000000000 ) ) ;
#809 = AXIS2_PLACEMENT_3D ( 'NONE', #109, #629, #1260 ) ;
#810 = CARTESIAN_POINT ( 'NONE',  ( -0.09999999999999843700, 3.000000000000002700, -5.715767664977296800 ) ) ;
#811 = ORIENTED_EDGE ( 'NONE', *, *, #351, .T. ) ;
#812 = LINE ( 'NONE', #828, #500 ) ;
#813 = DESIGN_CONTEXT ( 'detailed design', #986, 'design' ) ;
#814 = CARTESIAN_POINT ( 'NONE',  ( 3.675240473580837300, 2.000000000000002200, 0.0000000000000000000 ) ) ;
#815 = DIRECTION ( 'NONE',  ( 1.000000000000000000, 8.673617379884028100E-017, 0.0000000000000000000 ) ) ;
#816 = B_SPLINE_CURVE_WITH_KNOTS ( 'NONE', 3,
 ( #993, #1308, #260, #362, #901, #267 ),
 .UNSPECIFIED., .F., .F.,
 ( 4, 2, 4 ),
 ( 0.002786376568818228800, 0.004168221629423249400, 0.005550066690028270800 ),
 .UNSPECIFIED. ) ;
#817 = CARTESIAN_POINT ( 'NONE',  ( 0.0000000000000000000, -2.999999999999999100, 0.0000000000000000000 ) ) ;
#818 = EDGE_CURVE ( 'NONE', #164, #133, #1289, .T. ) ;
#819 = CARTESIAN_POINT ( 'NONE',  ( -3.675240473580838200, 2.652707199032396700, 4.500871482067575500E-016 ) ) ;
#820 = CARTESIAN_POINT ( 'NONE',  ( -6.123233995736769200E-016, 2.000000000000001800, 0.0000000000000000000 ) ) ;
#821 = CARTESIAN_POINT ( 'NONE',  ( 9.629649721936179300E-032, 2.000000000000001800, -2.350480947161672300 ) ) ;
#822 = CARTESIAN_POINT ( 'NONE',  ( 0.0000000000000000000, -2.999999999999999100, 0.0000000000000000000 ) ) ;
#823 = VERTEX_POINT ( 'NONE', #1147 ) ;
#824 = CARTESIAN_POINT ( 'NONE',  ( -6.123233995736769200E-016, 2.000000000000001800, 0.0000000000000000000 ) ) ;
#825 = DIRECTION ( 'NONE',  ( -0.0000000000000000000, 1.000000000000000000, 0.0000000000000000000 ) ) ;
#826 = ORIENTED_EDGE ( 'NONE', *, *, #690, .F. ) ;
#827 = DIRECTION ( 'NONE',  ( 1.000000000000000000, 0.0000000000000000000, 0.0000000000000000000 ) ) ;
#828 = CARTESIAN_POINT ( 'NONE',  ( -5.000000000000004400, -2.999999999999999600, 6.123233995736772200E-016 ) ) ;
#829 = EDGE_CURVE ( 'NONE', #413, #1084, #531, .T. ) ;
#830 = ORIENTED_EDGE ( 'NONE', *, *, #470, .T. ) ;
#831 = ORIENTED_EDGE ( 'NONE', *, *, #1267, .T. ) ;
#832 = VERTEX_POINT ( 'NONE', #101 ) ;
#833 = DIRECTION ( 'NONE',  ( 1.224646799147353500E-016, -1.000000000000000000, -0.0000000000000000000 ) ) ;
#834 = ORIENTED_EDGE ( 'NONE', *, *, #650, .F. ) ;
#835 = CARTESIAN_POINT ( 'NONE',  ( -4.900000000000001200, 1.665824174159203500, -2.944486372867100200 ) ) ;
#836 = CIRCLE ( 'NONE', #672, 3.675240473580837300 ) ;
#837 = DIRECTION ( 'NONE',  ( 1.224646799147353500E-016, -1.000000000000000000, -0.0000000000000000000 ) ) ;
#838 = CARTESIAN_POINT ( 'NONE',  ( 2.004713011070073700E-013, -2.653737380317937600, -5.742562584222008000 ) ) ;
#839 = CARTESIAN_POINT ( 'NONE',  ( 0.0000000000000000000, -2.999999999999999100, 0.0000000000000000000 ) ) ;
#840 = EDGE_CURVE ( 'NONE', #756, #1288, #1104, .T. ) ;
#841 = AXIS2_PLACEMENT_3D ( 'NONE', #920, #1221, #697 ) ;
#842 = FACE_OUTER_BOUND ( 'NONE', #1355, .T. ) ;
#843 = DIRECTION ( 'NONE',  ( 0.0000000000000000000, 0.0000000000000000000, -1.000000000000000000 ) ) ;
#844 = VERTEX_POINT ( 'NONE', #486 ) ;
#845 = VERTEX_POINT ( 'NONE', #729 ) ;
#846 = ORIENTED_EDGE ( 'NONE', *, *, #553, .F. ) ;
#847 = CARTESIAN_POINT ( 'NONE',  ( 2.500000000000000900, -2.999999999999998700, 4.330127018922197200 ) ) ;
#848 = EDGE_LOOP ( 'NONE', ( #1043, #1121 ) ) ;
#849 = AXIS2_PLACEMENT_3D ( 'NONE', #473, #388, #163 ) ;
#850 = CIRCLE ( 'NONE', #508, 3.675240473580837300 ) ;
#851 = CARTESIAN_POINT ( 'NONE',  ( 4.900000000000000400, -2.665824174159203700, 2.944486372867094500 ) ) ;
#852 = CARTESIAN_POINT ( 'NONE',  ( 0.0000000000000000000, -2.999999999999999100, 0.0000000000000000000 ) ) ;
#853 = EDGE_CURVE ( 'NONE', #1211, #1291, #812, .T. ) ;
#854 = FACE_OUTER_BOUND ( 'NONE', #1052, .T. ) ;
#855 = ORIENTED_EDGE ( 'NONE', *, *, #50, .F. ) ;
#856 = CC_DESIGN_DATE_AND_TIME_ASSIGNMENT ( #1306, #573, ( #53 ) ) ;
#857 = VERTEX_POINT ( 'NONE', #1035 ) ;
#858 = CARTESIAN_POINT ( 'NONE',  ( -6.123233995736769200E-016, 2.000000000000001800, 0.0000000000000000000 ) ) ;
#859 = VERTEX_POINT ( 'NONE', #213 ) ;
#860 = ORIENTED_EDGE ( 'NONE', *, *, #907, .T. ) ;
#861 = CONICAL_SURFACE ( 'NONE', #215, 5.000000000000004400, 1.134464013796311100 ) ;
#862 = ORIENTED_EDGE ( 'NONE', *, *, #470, .F. ) ;
#863 = DIRECTION ( 'NONE',  ( -1.000000000000000000, -1.502314598737159000E-016, 0.0000000000000000000 ) ) ;
#864 = CARTESIAN_POINT ( 'NONE',  ( -6.123233995736769200E-016, 2.000000000000001800, 0.0000000000000000000 ) ) ;
#865 = VECTOR ( 'NONE', #1239, 1000.000000000000000 ) ;
#866 = AXIS2_PLACEMENT_3D ( 'NONE', #239, #667, #125 ) ;
#867 = ADVANCED_FACE ( 'NONE', ( #1298 ), #711, .T. ) ;
#868 = CARTESIAN_POINT ( 'NONE',  ( -5.000000000000000000, -3.000000000000000900, 0.4631635320170895400 ) ) ;
#869 = DIRECTION ( 'NONE',  ( 1.224646799147353500E-016, -1.000000000000000000, -0.0000000000000000000 ) ) ;
#870 = APPROVAL_DATE_TIME ( #3, #108 ) ;
#871 = LINE ( 'NONE', #1186, #739 ) ;
#872 = CARTESIAN_POINT ( 'NONE',  ( 4.104907945072047100, -2.873362790054481100, -3.403532984810280200 ) ) ;
#873 = CARTESIAN_POINT ( 'NONE',  ( 4.504387560568875200, 1.769088767990339300, -3.172893321267419500 ) ) ;
#874 = ORIENTED_EDGE ( 'NONE', *, *, #650, .T. ) ;
#875 = CC_DESIGN_APPROVAL ( #686, ( #1350 ) ) ;
#876 = DIRECTION ( 'NONE',  ( 1.224646799147353500E-016, -1.000000000000000000, -0.0000000000000000000 ) ) ;
#877 = DIRECTION ( 'NONE',  ( -1.000000000000000000, -1.502314598737159000E-016, 0.0000000000000000000 ) ) ;
#878 = VERTEX_POINT ( 'NONE', #941 ) ;
#879 = ADVANCED_FACE ( 'NONE', ( #1150 ), #1236, .T. ) ;
#880 = VERTEX_POINT ( 'NONE', #81 ) ;
#881 = FACE_OUTER_BOUND ( 'NONE', #1276, .T. ) ;
#882 = EDGE_CURVE ( 'NONE', #859, #1333, #1007, .T. ) ;
#883 = DIRECTION ( 'NONE',  ( 1.224646799147353500E-016, -1.000000000000000000, -0.0000000000000000000 ) ) ;
#884 = CARTESIAN_POINT ( 'NONE',  ( -4.800000000000001600, 3.000000000000002700, 2.771281292110212600 ) ) ;
#885 = ADVANCED_FACE ( 'NONE', ( #1300 ), #44, .F. ) ;
#886 = CARTESIAN_POINT ( 'NONE',  ( -4.504387560568875200, -2.769088767990336200, -3.172893321267426200 ) ) ;
#887 = B_SPLINE_CURVE_WITH_KNOTS ( 'NONE', 3,
 ( #838, #227, #211, #937 ),
 .UNSPECIFIED., .F., .F.,
 ( 4, 4 ),
 ( 0.0001054499298915981000, 0.0002103565904657254400 ),
 .UNSPECIFIED. ) ;
#888 = APPLICATION_CONTEXT ( 'configuration controlled 3d designs of mechanical parts and assemblies' ) ;
#889 = CARTESIAN_POINT ( 'NONE',  ( 4.800000000000001600, 3.000000000000002700, -2.771281292110205500 ) ) ;
#890 = EDGE_LOOP ( 'NONE', ( #614, #1356, #114, #513 ) ) ;
#891 = CARTESIAN_POINT ( 'NONE',  ( 5.000000000000000900, -2.665824174159399500, -2.771281292110404400 ) ) ;
#892 = CARTESIAN_POINT ( 'NONE',  ( -6.123233995736769200E-016, 2.000000000000001800, 0.0000000000000000000 ) ) ;
#893 = FACE_OUTER_BOUND ( 'NONE', #129, .T. ) ;
#894 = ORIENTED_EDGE ( 'NONE', *, *, #541, .T. ) ;
#895 = DIRECTION ( 'NONE',  ( 1.000000000000000000, 1.180006783533433800E-016, 0.0000000000000000000 ) ) ;
#896 = LINE ( 'NONE', #86, #1253 ) ;
#897 = ADVANCED_FACE ( 'NONE', ( #1063 ), #648, .F. ) ;
#898 = EDGE_CURVE ( 'NONE', #19, #710, #1137, .T. ) ;
#899 = CARTESIAN_POINT ( 'NONE',  ( -4.105859130899866600, -2.853614505296998300, -3.402983817416543700 ) ) ;
#900 = COORDINATED_UNIVERSAL_TIME_OFFSET ( 6, 0, .BEHIND. ) ;
#901 = CARTESIAN_POINT ( 'NONE',  ( 0.4956124394311283200, -2.769088767990338400, -5.487360716576970900 ) ) ;
#902 = CARTESIAN_POINT ( 'NONE',  ( -2.499999999999995600, -2.999999999999999100, 4.330127018922200800 ) ) ;
#903 = EDGE_LOOP ( 'NONE', ( #418, #911, #1100, #1258 ) ) ;
#904 = B_SPLINE_CURVE_WITH_KNOTS ( 'NONE', 3,
 ( #1241, #1141, #921, #510 ),
 .UNSPECIFIED., .F., .F.,
 ( 4, 4 ),
 ( 2.336118698376171300E-007, 0.002786376568818224000 ),
 .UNSPECIFIED. ) ;
#905 = CONICAL_SURFACE ( 'NONE', #370, 5.773502691896259100, 1.134464013796312900 ) ;
#906 = ADVANCED_FACE ( 'NONE', ( #1348 ), #1345, .F. ) ;
#907 = EDGE_CURVE ( 'NONE', #188, #626, #423, .T. ) ;
#908 = CARTESIAN_POINT ( 'NONE',  ( 0.09999999999999510700, -2.665824174159203700, -5.715767664977299500 ) ) ;
#909 =( GEOMETRIC_REPRESENTATION_CONTEXT ( 3 ) GLOBAL_UNCERTAINTY_ASSIGNED_CONTEXT ( ( #704 ) ) GLOBAL_UNIT_ASSIGNED_CONTEXT ( ( #41, #669, #1295 ) ) REPRESENTATION_CONTEXT ( 'NONE', 'WORKASPACE' ) );
#910 = EDGE_LOOP ( 'NONE', ( #542, #1214, #826, #438, #98, #1296 ) ) ;
#911 = ORIENTED_EDGE ( 'NONE', *, *, #26, .T. ) ;
#912 = ORIENTED_EDGE ( 'NONE', *, *, #144, .F. ) ;
#913 = ADVANCED_FACE ( 'NONE', ( #99 ), #905, .T. ) ;
#914 = VECTOR ( 'NONE', #592, 1000.000000000000000 ) ;
#915 = DIRECTION ( 'NONE',  ( 0.0000000000000000000, -1.000000000000000000, 0.0000000000000000000 ) ) ;
#916 = AXIS2_PLACEMENT_3D ( 'NONE', #602, #1033, #815 ) ;
#917 = CARTESIAN_POINT ( 'NONE',  ( -1.699259194265287300, 1.969685068842804500, -4.792434938664251300 ) ) ;
#918 = CARTESIAN_POINT ( 'NONE',  ( -5.000000000000000000, -3.000000000000001800, -0.4633522468285907200 ) ) ;
#919 = PERSON_AND_ORGANIZATION ( #253, #1051 ) ;
#920 = CARTESIAN_POINT ( 'NONE',  ( -6.123233995736769200E-016, 2.000000000000001800, 0.0000000000000000000 ) ) ;
#921 = CARTESIAN_POINT ( 'NONE',  ( -1.694313838325410200, -2.999999999999999600, -4.795290141247377000 ) ) ;
#922 = B_SPLINE_CURVE_WITH_KNOTS ( 'NONE', 3,
 ( #664, #160, #1311, #360 ),
 .UNSPECIFIED., .F., .F.,
 ( 4, 4 ),
 ( 2.335224145096934300E-007, 0.0002103563185770762400 ),
 .UNSPECIFIED. ) ;
#923 = ORIENTED_EDGE ( 'NONE', *, *, #1165, .T. ) ;
#924 = EDGE_CURVE ( 'NONE', #465, #756, #702, .T. ) ;
#925 = ORIENTED_EDGE ( 'NONE', *, *, #421, .F. ) ;
#926 = CARTESIAN_POINT ( 'NONE',  ( 4.999999999999945800, 1.650171813300476400, -2.840522991445307200 ) ) ;
#927 = LINE ( 'NONE', #997, #1297 ) ;
#928 = ORIENTED_EDGE ( 'NONE', *, *, #330, .F. ) ;
#929 = VECTOR ( 'NONE', #1157, 1000.000000000000000 ) ;
#930 = CARTESIAN_POINT ( 'NONE',  ( 5.000000000000000900, -2.969452614543776700, -0.9263322004872991400 ) ) ;
#931 = DIRECTION ( 'NONE',  ( 1.224646799147353500E-016, -1.000000000000000000, -0.0000000000000000000 ) ) ;
#932 = CARTESIAN_POINT ( 'NONE',  ( 0.0000000000000000000, -2.999999999999999100, 0.0000000000000000000 ) ) ;
#933 = CARTESIAN_POINT ( 'NONE',  ( 5.000000000000000900, 2.000000000000002200, 0.0000000000000000000 ) ) ;
#934 = CARTESIAN_POINT ( 'NONE',  ( -5.000000000000001800, -2.665824174159202400, 2.771281292110217900 ) ) ;
#935 = CARTESIAN_POINT ( 'NONE',  ( 0.0000000000000000000, -2.999999999999999100, 0.0000000000000000000 ) ) ;
#936 = COORDINATED_UNIVERSAL_TIME_OFFSET ( 6, 0, .BEHIND. ) ;
#937 = CARTESIAN_POINT ( 'NONE',  ( 0.09999999999999510700, -2.665824174159203700, -5.715767664977299500 ) ) ;
#938 = CARTESIAN_POINT ( 'NONE',  ( -4.800000000000001600, 3.000000000000002700, -2.771281292110212100 ) ) ;
#939 = ORIENTED_EDGE ( 'NONE', *, *, #1224, .T. ) ;
#940 = CARTESIAN_POINT ( 'NONE',  ( -4.104907945072045400, 1.873362790054481600, -3.403532984810286400 ) ) ;
#941 = CARTESIAN_POINT ( 'NONE',  ( 3.675240473580836800, 2.772707199032394600, 0.0000000000000000000 ) ) ;
#942 = EDGE_CURVE ( 'NONE', #221, #1211, #295, .T. ) ;
#943 = ORIENTED_EDGE ( 'NONE', *, *, #412, .T. ) ;
#944 = VERTEX_POINT ( 'NONE', #1266 ) ;
#945 = ORIENTED_EDGE ( 'NONE', *, *, #597, .T. ) ;
#946 = APPROVAL ( #1305, 'UNSPECIFIED' ) ;
#947 = VECTOR ( 'NONE', #1352, 1000.000000000000000 ) ;
#948 = CARTESIAN_POINT ( 'NONE',  ( -0.06997407847070856400, -2.657986668858345800, -5.733103138854898100 ) ) ;
#949 = EDGE_CURVE ( 'NONE', #22, #987, #1127, .T. ) ;
#950 = AXIS2_PLACEMENT_3D ( 'NONE', #1099, #982, #566 ) ;
#951 = CYLINDRICAL_SURFACE ( 'NONE', #1237, 3.675240473580837300 ) ;
#952 = CARTESIAN_POINT ( 'NONE',  ( -0.03510999560955879000, -2.653737380318633500, -5.742562584220461700 ) ) ;
#953 = EDGE_LOOP ( 'NONE', ( #752, #424, #1318, #1182, #757 ) ) ;
#954 = CARTESIAN_POINT ( 'NONE',  ( 4.900000000000000400, 1.665824174159205700, 2.944486372867094000 ) ) ;
#955 = ORIENTED_EDGE ( 'NONE', *, *, #1347, .F. ) ;
#956 = AXIS2_PLACEMENT_3D ( 'NONE', #839, #837, #298 ) ;
#957 = VECTOR ( 'NONE', #883, 1000.000000000000000 ) ;
#958 = EDGE_LOOP ( 'NONE', ( #266, #894, #1128, #652, #596, #334 ) ) ;
#959 = FACE_OUTER_BOUND ( 'NONE', #185, .T. ) ;
#960 = DIRECTION ( 'NONE',  ( 1.000000000000000000, 0.0000000000000000000, -1.224646799147353500E-016 ) ) ;
#961 = CARTESIAN_POINT ( 'NONE',  ( -4.900000000000000400, 1.665824174159203700, 2.944486372867100700 ) ) ;
#962 = EDGE_CURVE ( 'NONE', #1211, #465, #800, .T. ) ;
#963 = CARTESIAN_POINT ( 'NONE',  ( -3.305686161674584500, 2.000000000000001800, -3.864963896597021400 ) ) ;
#964 = CARTESIAN_POINT ( 'NONE',  ( 3.675240473580836800, 2.652707199032397600, 0.0000000000000000000 ) ) ;
#965 = CARTESIAN_POINT ( 'NONE',  ( 5.000000000000000900, 1.665824174159401800, -2.771281292110404400 ) ) ;
#966 = ORIENTED_EDGE ( 'NONE', *, *, #1178, .F. ) ;
#967 = ORIENTED_EDGE ( 'NONE', *, *, #1282, .T. ) ;
#968 = ORIENTED_EDGE ( 'NONE', *, *, #31, .F. ) ;
#969 = EDGE_CURVE ( 'NONE', #581, #413, #765, .T. ) ;
#970 = ORIENTED_EDGE ( 'NONE', *, *, #660, .F. ) ;
#971 = CARTESIAN_POINT ( 'NONE',  ( 3.305686161674587200, -3.000000000000000000, -3.864963896597016100 ) ) ;
#972 = CARTESIAN_POINT ( 'NONE',  ( 0.0000000000000000000, 2.652707199032397200, 2.350480947161670600 ) ) ;
#973 = LINE ( 'NONE', #1351, #1045 ) ;
#974 = AXIS2_PLACEMENT_3D ( 'NONE', #1001, #371, #1111 ) ;
#975 = ADVANCED_FACE ( 'NONE', ( #666 ), #375, .T. ) ;
#976 = CARTESIAN_POINT ( 'NONE',  ( -6.397522837462409500E-016, 2.223973836306609700, 0.0000000000000000000 ) ) ;
#977 = CARTESIAN_POINT ( 'NONE',  ( 0.04001516208330702100, 1.650166653550400000, 5.750399927295793700 ) ) ;
#978 = DIRECTION ( 'NONE',  ( 1.224646799147353500E-016, -1.000000000000000000, -0.0000000000000000000 ) ) ;
#979 = FACE_OUTER_BOUND ( 'NONE', #32, .T. ) ;
#980 = CARTESIAN_POINT ( 'NONE',  ( 5.000000000000000000, 1.768908475596939100, -2.315264958808684000 ) ) ;
#981 = ADVANCED_FACE ( 'NONE', ( #567 ), #631, .T. ) ;
#982 = DIRECTION ( 'NONE',  ( 1.224646799147353500E-016, -1.000000000000000000, -0.0000000000000000000 ) ) ;
#983 = ORIENTED_EDGE ( 'NONE', *, *, #1259, .T. ) ;
#984 = CARTESIAN_POINT ( 'NONE',  ( 5.000000000000000900, 2.000000000000002200, 0.0000000000000000000 ) ) ;
#985 = B_SPLINE_CURVE_WITH_KNOTS ( 'NONE', 3,
 ( #183, #584, #794, #167 ),
 .UNSPECIFIED., .F., .F.,
 ( 4, 4 ),
 ( 2.335224145075196300E-007, 0.0002103563185772248000 ),
 .UNSPECIFIED. ) ;
#986 = APPLICATION_CONTEXT ( 'configuration controlled 3d designs of mechanical parts and assemblies' ) ;
#987 = VERTEX_POINT ( 'NONE', #432 ) ;
#988 = ORIENTED_EDGE ( 'NONE', *, *, #992, .T. ) ;
#989 = CYLINDRICAL_SURFACE ( 'NONE', #310, 3.675240473580837300 ) ;
#990 = ORIENTED_EDGE ( 'NONE', *, *, #750, .T. ) ;
#991 = ADVANCED_FACE ( 'NONE', ( #143 ), #344, .T. ) ;
#992 = EDGE_CURVE ( 'NONE', #1333, #427, #571, .T. ) ;
#993 = CARTESIAN_POINT ( 'NONE',  ( 2.500000000000001800, -2.999999999999998700, -4.330127018922197200 ) ) ;
#994 = LINE ( 'NONE', #1101, #1022 ) ;
#995 = PERSON_AND_ORGANIZATION_ROLE ( 'creator' ) ;
#996 = CARTESIAN_POINT ( 'NONE',  ( 0.1000000000000020000, 3.000000000000002700, -5.715767664977295900 ) ) ;
#997 = CARTESIAN_POINT ( 'NONE',  ( 4.900000000000000400, 3.000000000000002700, 2.944486372867094000 ) ) ;
#998 = B_SPLINE_CURVE_WITH_KNOTS ( 'NONE', 3,
 ( #1154, #100, #415, #311, #1156, #521 ),
 .UNSPECIFIED., .F., .F.,
 ( 4, 2, 4 ),
 ( 0.009211797669949669400, 0.01059903623768821600, 0.01198627480542676000 ),
 .UNSPECIFIED. ) ;
#999 = COORDINATED_UNIVERSAL_TIME_OFFSET ( 6, 0, .BEHIND. ) ;
#1000 = ORIENTED_EDGE ( 'NONE', *, *, #1037, .T. ) ;
#1001 = CARTESIAN_POINT ( 'NONE',  ( 0.0000000000000000000, -2.999999999999999100, 0.0000000000000000000 ) ) ;
#1002 = AXIS2_PLACEMENT_3D ( 'NONE', #392, #1030, #505 ) ;
#1003 = CARTESIAN_POINT ( 'NONE',  ( -0.09999999999999069400, -2.665824174159202800, 5.715767664977301300 ) ) ;
#1004 = ORIENTED_EDGE ( 'NONE', *, *, #122, .F. ) ;
#1005 = ORIENTED_EDGE ( 'NONE', *, *, #1255, .F. ) ;
#1006 = ORIENTED_EDGE ( 'NONE', *, *, #96, .F. ) ;
#1007 = B_SPLINE_CURVE_WITH_KNOTS ( 'NONE', 3,
 ( #1143, #608, #417, #1244 ),
 .UNSPECIFIED., .F., .F.,
 ( 4, 4 ),
 ( 2.336118698375702500E-007, 0.002786376568818226600 ),
 .UNSPECIFIED. ) ;
#1008 = EDGE_LOOP ( 'NONE', ( #742, #268 ) ) ;
#1009 = FACE_OUTER_BOUND ( 'NONE', #333, .T. ) ;
#1010 = AXIS2_PLACEMENT_3D ( 'NONE', #372, #1011, #1115 ) ;
#1011 = DIRECTION ( 'NONE',  ( 1.224646799147353500E-016, -1.000000000000000000, -0.0000000000000000000 ) ) ;
#1012 = CARTESIAN_POINT ( 'NONE',  ( -6.922569777812225900E-016, 2.652707199032397200, 0.0000000000000000000 ) ) ;
#1013 = CIRCLE ( 'NONE', #693, 2.950480947161670200 ) ;
#1014 = DIRECTION ( 'NONE',  ( 1.224646799147353500E-016, -1.000000000000000000, -0.0000000000000000000 ) ) ;
#1015 = ORIENTED_EDGE ( 'NONE', *, *, #526, .T. ) ;
#1016 = EDGE_CURVE ( 'NONE', #823, #1190, #323, .T. ) ;
#1017 = ORIENTED_EDGE ( 'NONE', *, *, #490, .F. ) ;
#1018 = AXIS2_PLACEMENT_3D ( 'NONE', #748, #315, #960 ) ;
#1019 = DIRECTION ( 'NONE',  ( 1.000000000000000000, 1.845072896752870600E-016, 0.0000000000000000000 ) ) ;
#1020 = DIRECTION ( 'NONE',  ( 1.224646799147353500E-016, -1.000000000000000000, -0.0000000000000000000 ) ) ;
#1021 = ORIENTED_EDGE ( 'NONE', *, *, #1110, .T. ) ;
#1022 = VECTOR ( 'NONE', #1205, 1000.000000000000000 ) ;
#1023 = DIRECTION ( 'NONE',  ( 1.224646799147353500E-016, -1.000000000000000000, -0.0000000000000000000 ) ) ;
#1024 = EDGE_LOOP ( 'NONE', ( #1098, #439, #233, #945, #499, #988 ) ) ;
#1025 = CARTESIAN_POINT ( 'NONE',  ( 4.900000000000000400, 1.665824174159205700, 2.944486372867094000 ) ) ;
#1026 = CIRCLE ( 'NONE', #1010, 5.000000000000004400 ) ;
#1027 = AXIS2_PLACEMENT_3D ( 'NONE', #858, #13, #1268 ) ;
#1028 = CARTESIAN_POINT ( 'NONE',  ( -5.000000000000000900, -2.665824174159399500, -2.771281292110411500 ) ) ;
#1029 = CARTESIAN_POINT ( 'NONE',  ( 5.000000000000000000, -2.969468163852170900, 0.9266991676984323000 ) ) ;
#1030 = DIRECTION ( 'NONE',  ( 0.4999999999999987800, 0.0000000000000000000, -0.8660254037844393700 ) ) ;
#1031 = CARTESIAN_POINT ( 'NONE',  ( 5.000000000000000000, 1.853552154606675800, 1.854438946368486900 ) ) ;
#1032 = CALENDAR_DATE ( 2023, 13, 1 ) ;
#1033 = DIRECTION ( 'NONE',  ( 1.224646799147353500E-016, -1.000000000000000000, -0.0000000000000000000 ) ) ;
#1034 = CARTESIAN_POINT ( 'NONE',  ( -5.000000000000000900, 3.000000000000002700, -2.886751345948138000 ) ) ;
#1035 = CARTESIAN_POINT ( 'NONE',  ( 2.878508968398380700E-016, -2.400000000000001200, 2.350480947161672300 ) ) ;
#1036 = VERTEX_POINT ( 'NONE', #20 ) ;
#1037 = EDGE_CURVE ( 'NONE', #647, #1078, #5, .T. ) ;
#1038 = ORIENTED_EDGE ( 'NONE', *, *, #1117, .T. ) ;
#1039 = CARTESIAN_POINT ( 'NONE',  ( -4.959963468877447200, -2.650172231396132900, 2.909866447969163600 ) ) ;
#1040 = EDGE_LOOP ( 'NONE', ( #170, #79, #87, #128 ) ) ;
#1041 = CARTESIAN_POINT ( 'NONE',  ( -1.694313838325411000, 2.000000000000001800, 4.795290141247377000 ) ) ;
#1042 = CARTESIAN_POINT ( 'NONE',  ( 5.000000000000000900, 1.768417844910844700, 2.317435372764588200 ) ) ;
#1043 = ORIENTED_EDGE ( 'NONE', *, *, #351, .F. ) ;
#1044 = CARTESIAN_POINT ( 'NONE',  ( -0.09999999999999127600, 1.665824174159204400, -5.715767664977300400 ) ) ;
#1045 = VECTOR ( 'NONE', #825, 1000.000000000000000 ) ;
#1046 = DIRECTION ( 'NONE',  ( 1.224646799147353500E-016, -1.000000000000000000, -0.0000000000000000000 ) ) ;
#1047 = EDGE_CURVE ( 'NONE', #383, #1232, #140, .T. ) ;
#1048 = CARTESIAN_POINT ( 'NONE',  ( -2.100403331734539000, 2.000000000000001800, -4.560834262912538700 ) ) ;
#1049 = AXIS2_PLACEMENT_3D ( 'NONE', #884, #248, #557 ) ;
#1050 = CARTESIAN_POINT ( 'NONE',  ( -6.123233995736771200E-016, 2.000000000000003600, 0.0000000000000000000 ) ) ;
#1051 = ORGANIZATION ( 'UNSPECIFIED', 'UNSPECIFIED', '' ) ;
#1052 = EDGE_LOOP ( 'NONE', ( #286, #219, #1169, #1107, #791, #607 ) ) ;
#1053 = EDGE_LOOP ( 'NONE', ( #638, #361 ) ) ;
#1054 = CARTESIAN_POINT ( 'NONE',  ( -3.300740805734705900, 1.969685068842803600, 3.867819099180150200 ) ) ;
#1055 = AXIS2_PLACEMENT_3D ( 'NONE', #68, #802, #169 ) ;
#1056 = ORIENTED_EDGE ( 'NONE', *, *, #597, .F. ) ;
#1057 = ORIENTED_EDGE ( 'NONE', *, *, #520, .T. ) ;
#1058 = CIRCLE ( 'NONE', #841, 5.000000000000004400 ) ;
#1059 = CARTESIAN_POINT ( 'NONE',  ( -4.417181342261797700E-017, -2.639309771165268000, 0.0000000000000000000 ) ) ;
#1060 = FACE_OUTER_BOUND ( 'NONE', #743, .T. ) ;
#1061 = DIRECTION ( 'NONE',  ( 1.224646799147353500E-016, -1.000000000000000000, -0.0000000000000000000 ) ) ;
#1062 = EDGE_CURVE ( 'NONE', #1235, #1065, #74, .T. ) ;
#1063 = FACE_OUTER_BOUND ( 'NONE', #1215, .T. ) ;
#1064 = CARTESIAN_POINT ( 'NONE',  ( -3.675240473580837300, -2.999999999999999600, 4.500871482067575500E-016 ) ) ;
#1065 = VERTEX_POINT ( 'NONE', #420 ) ;
#1066 = CARTESIAN_POINT ( 'NONE',  ( 2.500000000000001800, -2.999999999999998700, -4.330127018922197200 ) ) ;
#1067 = VERTEX_POINT ( 'NONE', #454 ) ;
#1068 = AXIS2_PLACEMENT_3D ( 'NONE', #337, #250, #643 ) ;
#1069 = VECTOR ( 'NONE', #668, 1000.000000000000000 ) ;
#1070 = ORIENTED_EDGE ( 'NONE', *, *, #6, .T. ) ;
#1071 = LINE ( 'NONE', #609, #914 ) ;
#1072 = ADVANCED_FACE ( 'NONE', ( #1285 ), #591, .T. ) ;
#1073 = DIRECTION ( 'NONE',  ( 1.000000000000000000, 8.673617379884028100E-017, 0.0000000000000000000 ) ) ;
#1074 = DIRECTION ( 'NONE',  ( 1.224646799147353500E-016, -1.000000000000000000, -0.0000000000000000000 ) ) ;
#1075 = EDGE_CURVE ( 'NONE', #844, #133, #698, .T. ) ;
#1076 = CALENDAR_DATE ( 2023, 13, 1 ) ;
#1077 = FACE_BOUND ( 'NONE', #598, .T. ) ;
#1078 = VERTEX_POINT ( 'NONE', #1179 ) ;
#1079 = CARTESIAN_POINT ( 'NONE',  ( 5.000000000000004400, -2.999999999999998700, 1.268959954553068900E-015 ) ) ;
#1080 = CARTESIAN_POINT ( 'NONE',  ( -3.675240473580838200, 2.772707199032393700, 5.312052738902174300E-016 ) ) ;
#1081 = ORIENTED_EDGE ( 'NONE', *, *, #207, .T. ) ;
#1082 = CARTESIAN_POINT ( 'NONE',  ( -0.03500668700890402500, 1.653737380318682600, -5.742562584220354300 ) ) ;
#1083 = ORIENTED_EDGE ( 'NONE', *, *, #1062, .T. ) ;
#1084 = VERTEX_POINT ( 'NONE', #1079 ) ;
#1085 = ADVANCED_FACE ( 'NONE', ( #854, #1077 ), #28, .F. ) ;
#1086 = EDGE_CURVE ( 'NONE', #636, #754, #1166, .T. ) ;
#1087 = VERTEX_POINT ( 'NONE', #964 ) ;
#1088 = DIRECTION ( 'NONE',  ( 1.000000000000000000, 8.673617379884026800E-017, 0.0000000000000000000 ) ) ;
#1089 = CARTESIAN_POINT ( 'NONE',  ( -2.499999999999995600, -2.999999999999999100, 4.330127018922200800 ) ) ;
#1090 = CYLINDRICAL_SURFACE ( 'NONE', #414, 0.2000000000000000900 ) ;
#1091 = AXIS2_PLACEMENT_3D ( 'NONE', #51, #472, #684 ) ;
#1092 = CARTESIAN_POINT ( 'NONE',  ( -2.350480947161671400, 2.652707199032396700, 2.878508968398379700E-016 ) ) ;
#1093 = DIRECTION ( 'NONE',  ( -1.224646799147353500E-016, 1.000000000000000000, 0.0000000000000000000 ) ) ;
#1094 = ADVANCED_FACE ( 'NONE', ( #451 ), #1257, .T. ) ;
#1095 = CARTESIAN_POINT ( 'NONE',  ( 0.8941408691001333500, 1.853614505297001400, 5.257270220427853900 ) ) ;
#1096 = AXIS2_PLACEMENT_3D ( 'NONE', #309, #619, #736 ) ;
#1097 = CARTESIAN_POINT ( 'NONE',  ( 2.500000000000000000, 2.000000000000002200, -4.330127018922195400 ) ) ;
#1098 = ORIENTED_EDGE ( 'NONE', *, *, #330, .T. ) ;
#1099 = CARTESIAN_POINT ( 'NONE',  ( 0.0000000000000000000, -2.999999999999999100, 0.0000000000000000000 ) ) ;
#1100 = ORIENTED_EDGE ( 'NONE', *, *, #949, .F. ) ;
#1101 = CARTESIAN_POINT ( 'NONE',  ( 3.675240473580837300, -2.999999999999998700, 0.0000000000000000000 ) ) ;
#1102 = DIRECTION ( 'NONE',  ( -0.0000000000000000000, 1.000000000000000000, -0.0000000000000000000 ) ) ;
#1103 = EDGE_LOOP ( 'NONE', ( #69, #670, #238, #723 ) ) ;
#1104 = B_SPLINE_CURVE_WITH_KNOTS ( 'NONE', 3,
 ( #933, #1353, #206, #1031, #1042, #91 ),
 .UNSPECIFIED., .F., .F.,
 ( 4, 2, 4 ),
 ( 0.007814602900102284700, 0.009212292319612024700, 0.01060998173912176300 ),
 .UNSPECIFIED. ) ;
#1105 = CARTESIAN_POINT ( 'NONE',  ( -6.123233995736769200E-016, 2.000000000000001800, 0.0000000000000000000 ) ) ;
#1106 = ORIENTED_EDGE ( 'NONE', *, *, #124, .F. ) ;
#1107 = ORIENTED_EDGE ( 'NONE', *, *, #969, .T. ) ;
#1108 = FACE_OUTER_BOUND ( 'NONE', #657, .T. ) ;
#1109 = ORIENTED_EDGE ( 'NONE', *, *, #1037, .F. ) ;
#1110 = EDGE_CURVE ( 'NONE', #1078, #647, #1013, .T. ) ;
#1111 = DIRECTION ( 'NONE',  ( 1.000000000000000000, 8.673617379884028100E-017, 0.0000000000000000000 ) ) ;
#1112 = CYLINDRICAL_SURFACE ( 'NONE', #1187, 0.1999999999999996500 ) ;
#1113 = ADVANCED_FACE ( 'NONE', ( #1225 ), #951, .T. ) ;
#1114 = CARTESIAN_POINT ( 'NONE',  ( -5.000000000000006200, 2.223973836306609300, 6.123233995736773200E-016 ) ) ;
#1115 = DIRECTION ( 'NONE',  ( 1.000000000000000000, 8.673617379884028100E-017, 0.0000000000000000000 ) ) ;
#1116 = B_SPLINE_CURVE_WITH_KNOTS ( 'NONE', 3,
 ( #1028, #395, #717, #1134, #918, #1339 ),
 .UNSPECIFIED., .F., .F.,
 ( 4, 2, 4 ),
 ( 0.005018085091033961900, 0.006416343995568125000, 0.007814602900102288200 ),
 .UNSPECIFIED. ) ;
#1117 = EDGE_CURVE ( 'NONE', #1181, #413, #604, .T. ) ;
#1118 = CIRCLE ( 'NONE', #1091, 0.7760261636933921700 ) ;
#1119 = DIRECTION ( 'NONE',  ( 1.000000000000000000, 8.673617379884028100E-017, 0.0000000000000000000 ) ) ;
#1120 = PRODUCT_DEFINITION ( 'UNKNOWN', '', #1350, #813 ) ;
#1121 = ORIENTED_EDGE ( 'NONE', *, *, #1197, .F. ) ;
#1122 = EDGE_CURVE ( 'NONE', #626, #647, #871, .T. ) ;
#1123 = EDGE_LOOP ( 'NONE', ( #325, #575, #345, #1006 ) ) ;
#1124 = VERTEX_POINT ( 'NONE', #763 ) ;
#1125 = CARTESIAN_POINT ( 'NONE',  ( -2.350480947161672800, 2.000000000000001300, 2.878508968398380200E-016 ) ) ;
#1126 = CARTESIAN_POINT ( 'NONE',  ( 1.680513367352531900E-015, 3.000000000000002700, 5.542562584220409100 ) ) ;
#1127 = B_SPLINE_CURVE_WITH_KNOTS ( 'NONE', 3,
 ( #425, #948, #952, #737 ),
 .UNSPECIFIED., .F., .F.,
 ( 4, 4 ),
 ( 2.336781709352059700E-007, 0.0001054499298915981000 ),
 .UNSPECIFIED. ) ;
#1128 = ORIENTED_EDGE ( 'NONE', *, *, #683, .T. ) ;
#1129 = CARTESIAN_POINT ( 'NONE',  ( 4.959984788390697100, 1.650166666477904900, -2.909854139142438600 ) ) ;
#1130 = FACE_BOUND ( 'NONE', #1053, .T. ) ;
#1131 = EDGE_CURVE ( 'NONE', #516, #1078, #30, .T. ) ;
#1132 = CARTESIAN_POINT ( 'NONE',  ( 2.500000000000001800, -2.999999999999998700, -4.330127018922197200 ) ) ;
#1133 = CARTESIAN_POINT ( 'NONE',  ( 1.490777987167568600E-015, 3.000000000000002700, -5.542562584220408300 ) ) ;
#1134 = CARTESIAN_POINT ( 'NONE',  ( -5.000000000000000000, -2.969452614543777200, -0.9263322004873018000 ) ) ;
#1135 = CARTESIAN_POINT ( 'NONE',  ( 5.000000000000000900, -3.000000000000000400, 0.4631635320170879300 ) ) ;
#1136 = B_SPLINE_CURVE_WITH_KNOTS ( 'NONE', 3,
 ( #1248, #537, #1041, #1269 ),
 .UNSPECIFIED., .F., .F.,
 ( 4, 4 ),
 ( 2.336118698385783300E-007, 0.002786376568818226600 ),
 .UNSPECIFIED. ) ;
#1137 = CIRCLE ( 'NONE', #247, 2.350480947161672300 ) ;
#1138 = CARTESIAN_POINT ( 'NONE',  ( 0.8950920549279558500, 1.873362790054483400, -5.256721053034109300 ) ) ;
#1139 = EDGE_CURVE ( 'NONE', #465, #1211, #358, .T. ) ;
#1140 = CARTESIAN_POINT ( 'NONE',  ( -5.000000000000000000, 2.000000000000003100, -0.4633522468285899400 ) ) ;
#1141 = CARTESIAN_POINT ( 'NONE',  ( -0.8950920549279517400, -2.873362790054481100, -5.256721053034111100 ) ) ;
#1142 = CARTESIAN_POINT ( 'NONE',  ( 2.350480947161672300, -2.400000000000000800, 0.0000000000000000000 ) ) ;
#1143 = CARTESIAN_POINT ( 'NONE',  ( 0.1000000000000014600, -2.665824174159205000, 5.715767664977296800 ) ) ;
#1144 = EDGE_CURVE ( 'NONE', #36, #756, #680, .T. ) ;
#1145 = ORIENTED_EDGE ( 'NONE', *, *, #949, .T. ) ;
#1146 = VERTEX_POINT ( 'NONE', #552 ) ;
#1147 = CARTESIAN_POINT ( 'NONE',  ( -3.675240473580837700, 2.000000000000003100, 4.500871482067575500E-016 ) ) ;
#1148 = ORIENTED_EDGE ( 'NONE', *, *, #546, .T. ) ;
#1149 = DIRECTION ( 'NONE',  ( 1.000000000000000000, 1.845072896752872100E-016, 0.0000000000000000000 ) ) ;
#1150 = FACE_OUTER_BOUND ( 'NONE', #890, .T. ) ;
#1151 = DIRECTION ( 'NONE',  ( 1.000000000000000000, 8.673617379884028100E-017, 0.0000000000000000000 ) ) ;
#1152 = AXIS2_PLACEMENT_3D ( 'NONE', #193, #1023, #1229 ) ;
#1153 = DIRECTION ( 'NONE',  ( 1.000000000000000000, 1.180006783533433800E-016, 0.0000000000000000000 ) ) ;
#1154 = CARTESIAN_POINT ( 'NONE',  ( -5.000000000000001800, 1.665824174159202800, 2.771281292110217900 ) ) ;
#1155 = CARTESIAN_POINT ( 'NONE',  ( -6.123233995736769200E-016, 2.000000000000001800, 0.0000000000000000000 ) ) ;
#1156 = CARTESIAN_POINT ( 'NONE',  ( -5.000000000000000900, 2.000000000000002700, 0.4631635320170899800 ) ) ;
#1157 = DIRECTION ( 'NONE',  ( 1.224646799147353500E-016, -1.000000000000000000, -0.0000000000000000000 ) ) ;
#1158 = AXIS2_PLACEMENT_3D ( 'NONE', #126, #21, #1073 ) ;
#1159 = DIRECTION ( 'NONE',  ( 1.000000000000000000, 8.673617379884028100E-017, 0.0000000000000000000 ) ) ;
#1160 = ADVANCED_BREP_SHAPE_REPRESENTATION ( '94645A205_NO THREADS_High-Strength Steel Nylon-Insert Locknut', ( #477, #1185, #1328 ), #909 ) ;
#1161 = ORIENTED_EDGE ( 'NONE', *, *, #117, .T. ) ;
#1162 = CARTESIAN_POINT ( 'NONE',  ( -4.417181342261797700E-017, -2.639309771165268000, 0.0000000000000000000 ) ) ;
#1163 = VERTEX_POINT ( 'NONE', #589 ) ;
#1164 = FACE_OUTER_BOUND ( 'NONE', #903, .T. ) ;
#1165 = EDGE_CURVE ( 'NONE', #1181, #349, #707, .T. ) ;
#1166 = CIRCLE ( 'NONE', #1068, 2.350480947161672300 ) ;
#1167 = DIRECTION ( 'NONE',  ( -1.224646799147353500E-016, 1.000000000000000000, 0.0000000000000000000 ) ) ;
#1168 = AXIS2_PLACEMENT_3D ( 'NONE', #976, #350, #1088 ) ;
#1169 = ORIENTED_EDGE ( 'NONE', *, *, #291, .T. ) ;
#1170 = FACE_BOUND ( 'NONE', #1008, .T. ) ;
#1171 = EDGE_LOOP ( 'NONE', ( #380, #444, #1070, #712, #204, #831 ) ) ;
#1172 = DIRECTION ( 'NONE',  ( 1.224646799147353500E-016, -1.000000000000000000, -0.0000000000000000000 ) ) ;
#1173 = DIRECTION ( 'NONE',  ( 1.224646799147353500E-016, -1.000000000000000000, -0.0000000000000000000 ) ) ;
#1174 = LINE ( 'NONE', #810, #212 ) ;
#1175 = DIRECTION ( 'NONE',  ( 1.000000000000000000, 1.469865004250910200E-016, 0.0000000000000000000 ) ) ;
#1176 = ADVANCED_FACE ( 'NONE', ( #489 ), #391, .T. ) ;
#1177 = FACE_OUTER_BOUND ( 'NONE', #1307, .T. ) ;
#1178 = EDGE_CURVE ( 'NONE', #413, #677, #816, .T. ) ;
#1179 = CARTESIAN_POINT ( 'NONE',  ( -2.950480947161670200, -2.999999999999999600, 3.613297047886790500E-016 ) ) ;
#1180 = CARTESIAN_POINT ( 'NONE',  ( 0.1000000000000021600, 1.665824174159206100, -5.715767664977295900 ) ) ;
#1181 = VERTEX_POINT ( 'NONE', #1299 ) ;
#1182 = ORIENTED_EDGE ( 'NONE', *, *, #124, .T. ) ;
#1183 = LINE ( 'NONE', #179, #559 ) ;
#1184 = DIRECTION ( 'NONE',  ( 0.8660254037844387100, 0.0000000000000000000, 0.4999999999999998300 ) ) ;
#1185 = MANIFOLD_SOLID_BREP ( 'Revolve1', #319 ) ;
#1186 = CARTESIAN_POINT ( 'NONE',  ( 2.950480947161670200, -2.999999999999998700, 0.0000000000000000000 ) ) ;
#1187 = AXIS2_PLACEMENT_3D ( 'NONE', #409, #1343, #493 ) ;
#1188 = CARTESIAN_POINT ( 'NONE',  ( -0.04003650602551909300, 1.650172224845191300, 5.750387604365012200 ) ) ;
#1189 = CIRCLE ( 'NONE', #1275, 3.675240473580837300 ) ;
#1190 = VERTEX_POINT ( 'NONE', #787 ) ;
#1191 = CARTESIAN_POINT ( 'NONE',  ( -5.000000000000000900, 2.000000000000001300, 0.0000000000000000000 ) ) ;
#1192 = CARTESIAN_POINT ( 'NONE',  ( 0.03510999560956205900, 1.653737380318634400, -5.742562584220461700 ) ) ;
#1193 = B_SPLINE_CURVE_WITH_KNOTS ( 'NONE', 3,
 ( #43, #764, #673, #662, #873, #449 ),
 .UNSPECIFIED., .F., .F.,
 ( 4, 2, 4 ),
 ( 0.002786376568818227900, 0.004168221629423250200, 0.005550066690028272600 ),
 .UNSPECIFIED. ) ;
#1194 = ORIENTED_EDGE ( 'NONE', *, *, #1122, .T. ) ;
#1195 = DIRECTION ( 'NONE',  ( 0.0000000000000000000, 0.0000000000000000000, 1.000000000000000000 ) ) ;
#1196 = EDGE_LOOP ( 'NONE', ( #613, #1005, #1216, #1004 ) ) ;
#1197 = EDGE_CURVE ( 'NONE', #758, #1087, #1189, .T. ) ;
#1198 = ORIENTED_EDGE ( 'NONE', *, *, #1131, .F. ) ;
#1199 = CARTESIAN_POINT ( 'NONE',  ( -4.999999999999999100, 1.650171813300474800, 2.840522991445218800 ) ) ;
#1200 = DIRECTION ( 'NONE',  ( 1.000000000000000000, 1.845072896752870600E-016, 0.0000000000000000000 ) ) ;
#1201 = TOROIDAL_SURFACE ( 'NONE', #42, 4.223973836306613300, 0.7760261636933921700 ) ;
#1202 = ORIENTED_EDGE ( 'NONE', *, *, #1144, .T. ) ;
#1203 = PERSON_AND_ORGANIZATION_ROLE ( 'classification_officer' ) ;
#1204 = LINE ( 'NONE', #641, #304 ) ;
#1205 = DIRECTION ( 'NONE',  ( 1.224646799147353500E-016, -1.000000000000000000, -0.0000000000000000000 ) ) ;
#1206 = CARTESIAN_POINT ( 'NONE',  ( -3.305686161674583600, -2.999999999999999600, 3.864963896597022800 ) ) ;
#1207 = B_SPLINE_CURVE_WITH_KNOTS ( 'NONE', 3,
 ( #59, #1199, #475, #1315 ),
 .UNSPECIFIED., .F., .F.,
 ( 4, 4 ),
 ( 2.022996359076314600E-007, 0.0002103250550110658300 ),
 .UNSPECIFIED. ) ;
#1208 = CARTESIAN_POINT ( 'NONE',  ( 0.09999999999999477400, 1.665824174159203900, 5.715767664977300400 ) ) ;
#1209 = AXIS2_PLACEMENT_3D ( 'NONE', #625, #196, #4 ) ;
#1210 = CARTESIAN_POINT ( 'NONE',  ( 2.499999999999999600, 2.000000000000002200, 4.330127018922195400 ) ) ;
#1211 = VERTEX_POINT ( 'NONE', #1114 ) ;
#1212 = DIRECTION ( 'NONE',  ( 0.0000000000000000000, 0.0000000000000000000, -1.000000000000000000 ) ) ;
#1213 = ORIENTED_EDGE ( 'NONE', *, *, #962, .F. ) ;
#1214 = ORIENTED_EDGE ( 'NONE', *, *, #853, .T. ) ;
#1215 = EDGE_LOOP ( 'NONE', ( #970, #695, #49, #116 ) ) ;
#1216 = ORIENTED_EDGE ( 'NONE', *, *, #797, .T. ) ;
#1217 = AXIS2_PLACEMENT_3D ( 'NONE', #864, #724, #313 ) ;
#1218 = CARTESIAN_POINT ( 'NONE',  ( 5.000000000000004400, -2.999999999999998700, 1.268959954553068900E-015 ) ) ;
#1219 = CYLINDRICAL_SURFACE ( 'NONE', #277, 0.1999999999999996500 ) ;
#1220 = DIRECTION ( 'NONE',  ( 1.224646799147353500E-016, -1.000000000000000000, -0.0000000000000000000 ) ) ;
#1221 = DIRECTION ( 'NONE',  ( 1.224646799147353500E-016, -1.000000000000000000, -0.0000000000000000000 ) ) ;
#1222 = B_SPLINE_CURVE_WITH_KNOTS ( 'NONE', 3,
 ( #331, #940, #963, #1252 ),
 .UNSPECIFIED., .F., .F.,
 ( 4, 4 ),
 ( 2.336118698360884000E-007, 0.002786376568818231800 ),
 .UNSPECIFIED. ) ;
#1223 = DIRECTION ( 'NONE',  ( 1.000000000000000000, 8.673617379884028100E-017, 0.0000000000000000000 ) ) ;
#1224 = EDGE_CURVE ( 'NONE', #677, #1036, #181, .T. ) ;
#1225 = FACE_OUTER_BOUND ( 'NONE', #478, .T. ) ;
#1226 = AXIS2_PLACEMENT_3D ( 'NONE', #496, #176, #287 ) ;
#1227 = CARTESIAN_POINT ( 'NONE',  ( 5.000000000000001800, -2.665824174159202800, 2.771281292110211700 ) ) ;
#1228 = ORIENTED_EDGE ( 'NONE', *, *, #779, .F. ) ;
#1229 = DIRECTION ( 'NONE',  ( 1.000000000000000000, 8.673617379884028100E-017, 0.0000000000000000000 ) ) ;
#1230 = CARTESIAN_POINT ( 'NONE',  ( -2.499999999999995600, -2.999999999999999100, 4.330127018922200800 ) ) ;
#1231 = ORIENTED_EDGE ( 'NONE', *, *, #426, .F. ) ;
#1232 = VERTEX_POINT ( 'NONE', #1210 ) ;
#1233 = CARTESIAN_POINT ( 'NONE',  ( 1.694313838325413700, 2.000000000000003100, -4.795290141247373400 ) ) ;
#1234 = VECTOR ( 'NONE', #799, 1000.000000000000000 ) ;
#1235 = VERTEX_POINT ( 'NONE', #64 ) ;
#1236 = CYLINDRICAL_SURFACE ( 'NONE', #18, 0.2000000000000000900 ) ;
#1237 = AXIS2_PLACEMENT_3D ( 'NONE', #1293, #876, #661 ) ;
#1238 = CARTESIAN_POINT ( 'NONE',  ( 2.878508968398381700E-016, 2.000000000000001800, 2.350480947161672300 ) ) ;
#1239 = DIRECTION ( 'NONE',  ( 0.0000000000000000000, -1.000000000000000000, 0.0000000000000000000 ) ) ;
#1240 = CARTESIAN_POINT ( 'NONE',  ( -5.000000000000000900, 3.000000000000002700, -2.771281292110212100 ) ) ;
#1241 = CARTESIAN_POINT ( 'NONE',  ( -0.09999999999999836800, -2.665824174159205500, -5.715767664977296800 ) ) ;
#1242 = COORDINATED_UNIVERSAL_TIME_OFFSET ( 6, 0, .BEHIND. ) ;
#1243 = DIRECTION ( 'NONE',  ( 1.224646799147353500E-016, -1.000000000000000000, -0.0000000000000000000 ) ) ;
#1244 = CARTESIAN_POINT ( 'NONE',  ( 2.500000000000000900, -2.999999999999998700, 4.330127018922197200 ) ) ;
#1245 = AXIS2_PLACEMENT_3D ( 'NONE', #972, #39, #781 ) ;
#1246 = CC_DESIGN_PERSON_AND_ORGANIZATION_ASSIGNMENT ( #1284, #364, ( #1350 ) ) ;
#1247 = DIRECTION ( 'NONE',  ( 1.000000000000000000, 1.180006783533433800E-016, 0.0000000000000000000 ) ) ;
#1248 = CARTESIAN_POINT ( 'NONE',  ( -0.09999999999999766000, 1.665824174159205500, 5.715767664977296800 ) ) ;
#1249 = DIRECTION ( 'NONE',  ( 1.224646799147353500E-016, -1.000000000000000000, -0.0000000000000000000 ) ) ;
#1250 = ORIENTED_EDGE ( 'NONE', *, *, #406, .T. ) ;
#1251 = ORIENTED_EDGE ( 'NONE', *, *, #412, .F. ) ;
#1252 = CARTESIAN_POINT ( 'NONE',  ( -2.499999999999996400, 2.000000000000001300, -4.330127018922200800 ) ) ;
#1253 = VECTOR ( 'NONE', #1327, 1000.000000000000000 ) ;
#1254 = DIRECTION ( 'NONE',  ( 1.000000000000000000, 1.845072896752871400E-016, 0.0000000000000000000 ) ) ;
#1255 = EDGE_CURVE ( 'NONE', #1232, #332, #776, .T. ) ;
#1256 = CARTESIAN_POINT ( 'NONE',  ( -2.499999999999996400, 2.000000000000001300, 4.330127018922200800 ) ) ;
#1257 = CYLINDRICAL_SURFACE ( 'NONE', #740, 3.675240473580837300 ) ;
#1258 = ORIENTED_EDGE ( 'NONE', *, *, #447, .F. ) ;
#1259 = EDGE_CURVE ( 'NONE', #878, #465, #1118, .T. ) ;
#1260 = DIRECTION ( 'NONE',  ( 1.000000000000000000, 1.224646799147353500E-016, 0.0000000000000000000 ) ) ;
#1261 = EDGE_LOOP ( 'NONE', ( #1148, #459, #150, #317 ) ) ;
#1262 = ORIENTED_EDGE ( 'NONE', *, *, #220, .F. ) ;
#1263 = FACE_OUTER_BOUND ( 'NONE', #300, .T. ) ;
#1264 = ORIENTED_EDGE ( 'NONE', *, *, #829, .F. ) ;
#1265 = LINE ( 'NONE', #246, #271 ) ;
#1266 = CARTESIAN_POINT ( 'NONE',  ( -5.000000000000000900, -2.665824174159399500, -2.771281292110411500 ) ) ;
#1267 = EDGE_CURVE ( 'NONE', #581, #558, #47, .T. ) ;
#1268 = DIRECTION ( 'NONE',  ( 1.000000000000000000, 8.673617379884028100E-017, 0.0000000000000000000 ) ) ;
#1269 = CARTESIAN_POINT ( 'NONE',  ( -2.499999999999996400, 2.000000000000001300, 4.330127018922200800 ) ) ;
#1270 = PERSON_AND_ORGANIZATION ( #253, #1051 ) ;
#1271 = EDGE_LOOP ( 'NONE', ( #365, #539, #846, #1251 ) ) ;
#1272 = ADVANCED_FACE ( 'NONE', ( #1177 ), #63, .T. ) ;
#1273 = EDGE_LOOP ( 'NONE', ( #923, #1228, #1264, #634 ) ) ;
#1274 = DIRECTION ( 'NONE',  ( 1.000000000000000000, 1.845072896752870600E-016, 0.0000000000000000000 ) ) ;
#1275 = AXIS2_PLACEMENT_3D ( 'NONE', #151, #368, #671 ) ;
#1276 = EDGE_LOOP ( 'NONE', ( #675, #928, #379, #252 ) ) ;
#1277 = ORIENTED_EDGE ( 'NONE', *, *, #187, .T. ) ;
#1278 = DIRECTION ( 'NONE',  ( -1.000000000000000000, -1.502314598737159000E-016, 0.0000000000000000000 ) ) ;
#1279 = DIRECTION ( 'NONE',  ( -0.0000000000000000000, -1.000000000000000000, -0.0000000000000000000 ) ) ;
#1280 = VECTOR ( 'NONE', #1354, 1000.000000000000000 ) ;
#1281 = DIRECTION ( 'NONE',  ( 1.000000000000000000, 1.180006783533433800E-016, 0.0000000000000000000 ) ) ;
#1282 = EDGE_CURVE ( 'NONE', #367, #1065, #1207, .T. ) ;
#1283 = CARTESIAN_POINT ( 'NONE',  ( 0.06997407847071233900, 1.657986668858346700, -5.733103138854898100 ) ) ;
#1284 = PERSON_AND_ORGANIZATION ( #253, #1051 ) ;
#1285 = FACE_OUTER_BOUND ( 'NONE', #1271, .T. ) ;
#1286 = DIRECTION ( 'NONE',  ( 1.224646799147353500E-016, -1.000000000000000000, -0.0000000000000000000 ) ) ;
#1287 = CARTESIAN_POINT ( 'NONE',  ( -4.417181342261797700E-017, -2.639309771165268000, 0.0000000000000000000 ) ) ;
#1288 = VERTEX_POINT ( 'NONE', #692 ) ;
#1289 = B_SPLINE_CURVE_WITH_KNOTS ( 'NONE', 3,
 ( #299, #1039, #721, #934 ),
 .UNSPECIFIED., .F., .F.,
 ( 4, 4 ),
 ( 2.335224145084548300E-007, 0.0002103563185772247400 ),
 .UNSPECIFIED. ) ;
#1290 = PERSON_AND_ORGANIZATION_ROLE ( 'design_owner' ) ;
#1291 = VERTEX_POINT ( 'NONE', #1191 ) ;
#1292 = EDGE_CURVE ( 'NONE', #383, #1288, #985, .T. ) ;
#1293 = CARTESIAN_POINT ( 'NONE',  ( 0.0000000000000000000, -2.999999999999999100, 0.0000000000000000000 ) ) ;
#1294 = AXIS2_PLACEMENT_3D ( 'NONE', #817, #1020, #1223 ) ;
#1295 =( NAMED_UNIT ( * ) SI_UNIT ( $, .STERADIAN. ) SOLID_ANGLE_UNIT ( ) );
#1296 = ORIENTED_EDGE ( 'NONE', *, *, #924, .F. ) ;
#1297 = VECTOR ( 'NONE', #580, 1000.000000000000000 ) ;
#1298 = FACE_OUTER_BOUND ( 'NONE', #1040, .T. ) ;
#1299 = CARTESIAN_POINT ( 'NONE',  ( 4.900000000000001200, -2.665824174159204100, -2.944486372867093100 ) ) ;
#1300 = FACE_OUTER_BOUND ( 'NONE', #209, .T. ) ;
#1301 = CARTESIAN_POINT ( 'NONE',  ( -0.09999999999999766000, 1.665824174159205500, 5.715767664977296800 ) ) ;
#1302 = DATE_TIME_ROLE ( 'creation_date' ) ;
#1303 = CARTESIAN_POINT ( 'NONE',  ( 4.959963468877404600, -2.650172231396144400, -2.909866447969180000 ) ) ;
#1304 = AXIS2_PLACEMENT_3D ( 'NONE', #605, #389, #189 ) ;
#1305 = APPROVAL_STATUS ( 'not_yet_approved' ) ;
#1306 = DATE_AND_TIME ( #1076, #374 ) ;
#1307 = EDGE_LOOP ( 'NONE', ( #272, #83, #512, #1336, #862, #437 ) ) ;
#1308 = CARTESIAN_POINT ( 'NONE',  ( 2.100403331734543400, -3.000000000000000400, -4.560834262912534200 ) ) ;
#1309 = B_SPLINE_CURVE_WITH_KNOTS ( 'NONE', 3,
 ( #1330, #195, #297, #70 ),
 .UNSPECIFIED., .F., .F.,
 ( 4, 4 ),
 ( 2.022996360654459600E-007, 0.0002103250550110576200 ),
 .UNSPECIFIED. ) ;
#1310 = ADVANCED_FACE ( 'NONE', ( #842 ), #621, .T. ) ;
#1311 = CARTESIAN_POINT ( 'NONE',  ( -4.999999999999948500, 1.650166506844309200, -2.840546465734309600 ) ) ;
#1312 = ORIENTED_EDGE ( 'NONE', *, *, #112, .T. ) ;
#1313 = EDGE_CURVE ( 'NONE', #106, #880, #922, .T. ) ;
#1314 = ORIENTED_EDGE ( 'NONE', *, *, #1016, .F. ) ;
#1315 = CARTESIAN_POINT ( 'NONE',  ( -4.900000000000000400, 1.665824174159203700, 2.944486372867100700 ) ) ;
#1316 = CARTESIAN_POINT ( 'NONE',  ( 5.000000000000000900, -2.665824174159399500, -2.771281292110404400 ) ) ;
#1317 = VECTOR ( 'NONE', #338, 1000.000000000000000 ) ;
#1318 = ORIENTED_EDGE ( 'NONE', *, *, #76, .T. ) ;
#1319 = PRODUCT_RELATED_PRODUCT_CATEGORY ( 'detail', '', ( #1324 ) ) ;
#1320 = CIRCLE ( 'NONE', #1294, 5.000000000000004400 ) ;
#1321 = ADVANCED_FACE ( 'NONE', ( #979 ), #77, .F. ) ;
#1322 = CARTESIAN_POINT ( 'NONE',  ( 0.4956124394311282000, 1.769088767990339100, 5.487360716576970900 ) ) ;
#1323 = CARTESIAN_POINT ( 'NONE',  ( -0.04001516208330224000, -2.650166653550399200, 5.750399927295793700 ) ) ;
#1324 = PRODUCT ( '94645A205_NO THREADS_High-Strength Steel Nylon-Insert Locknut', '94645A205_NO THREADS_High-Strength Steel Nylon-Insert Locknut', '', ( #563 ) ) ;
#1325 = EDGE_CURVE ( 'NONE', #832, #766, #562, .T. ) ;
#1326 = APPROVAL_PERSON_ORGANIZATION ( #1270, #946, #55 ) ;
#1327 = DIRECTION ( 'NONE',  ( 1.224646799147353500E-016, -1.000000000000000000, -0.0000000000000000000 ) ) ;
#1328 = AXIS2_PLACEMENT_3D ( 'NONE', #770, #1195, #466 ) ;
#1329 = DIRECTION ( 'NONE',  ( 1.000000000000000000, 8.673617379884028100E-017, 0.0000000000000000000 ) ) ;
#1330 = CARTESIAN_POINT ( 'NONE',  ( -5.000000000000000900, -2.665824174159399500, -2.771281292110411500 ) ) ;
#1331 = ORIENTED_EDGE ( 'NONE', *, *, #357, .F. ) ;
#1332 = CARTESIAN_POINT ( 'NONE',  ( -0.09999999999999766000, 1.665824174159205500, 5.715767664977296800 ) ) ;
#1333 = VERTEX_POINT ( 'NONE', #782 ) ;
#1334 = DIRECTION ( 'NONE',  ( 1.000000000000000000, 8.673617379884028100E-017, 0.0000000000000000000 ) ) ;
#1335 = B_SPLINE_CURVE_WITH_KNOTS ( 'NONE', 3,
 ( #1218, #705, #930, #92, #617, #198 ),
 .UNSPECIFIED., .F., .F.,
 ( 4, 2, 4 ),
 ( 0.01198627480542675600, 0.01337407860001655500, 0.01476188239460635300 ),
 .UNSPECIFIED. ) ;
#1336 = ORIENTED_EDGE ( 'NONE', *, *, #105, .F. ) ;
#1337 = ORIENTED_EDGE ( 'NONE', *, *, #340, .F. ) ;
#1338 = AXIS2_PLACEMENT_3D ( 'NONE', #94, #1173, #751 ) ;
#1339 = CARTESIAN_POINT ( 'NONE',  ( -5.000000000000004400, -2.999999999999999600, 1.268959954553068900E-015 ) ) ;
#1340 = LINE ( 'NONE', #722, #336 ) ;
#1341 = DIRECTION ( 'NONE',  ( 1.224646799147353500E-016, -1.000000000000000000, -0.0000000000000000000 ) ) ;
#1342 = CARTESIAN_POINT ( 'NONE',  ( -5.000000000000000900, 1.665824174159399800, -2.771281292110411500 ) ) ;
#1343 = DIRECTION ( 'NONE',  ( 0.0000000000000000000, -1.000000000000000000, 0.0000000000000000000 ) ) ;
#1344 = DIRECTION ( 'NONE',  ( 1.000000000000000000, 1.180006783533433800E-016, 0.0000000000000000000 ) ) ;
#1345 = PLANE ( 'NONE',  #387 ) ;
#1346 = ORIENTED_EDGE ( 'NONE', *, *, #969, .F. ) ;
#1347 = EDGE_CURVE ( 'NONE', #168, #691, #217, .T. ) ;
#1348 = FACE_OUTER_BOUND ( 'NONE', #1024, .T. ) ;
#1349 = DIRECTION ( 'NONE',  ( 1.224646799147353500E-016, -1.000000000000000000, -0.0000000000000000000 ) ) ;
#1350 = PRODUCT_DEFINITION_FORMATION_WITH_SPECIFIED_SOURCE ( 'ANY', '', #1324, .NOT_KNOWN. ) ;
#1351 = CARTESIAN_POINT ( 'NONE',  ( -4.900000000000001200, 3.000000000000002700, -2.944486372867100200 ) ) ;
#1352 = DIRECTION ( 'NONE',  ( 0.0000000000000000000, -1.000000000000000000, -0.0000000000000000000 ) ) ;
#1353 = CARTESIAN_POINT ( 'NONE',  ( 5.000000000000000000, 2.000000000000003600, 0.4631635320170887100 ) ) ;
#1354 = DIRECTION ( 'NONE',  ( -0.0000000000000000000, 1.000000000000000000, -0.0000000000000000000 ) ) ;
#1355 = EDGE_LOOP ( 'NONE', ( #569, #1017, #301, #834 ) ) ;
#1356 = ORIENTED_EDGE ( 'NONE', *, *, #479, .F. ) ;
#1357 = DIRECTION ( 'NONE',  ( 1.000000000000000000, 1.180006783533433800E-016, 0.0000000000000000000 ) ) ;
#1358 = LINE ( 'NONE', #1064, #1317 ) ;
#1359 = VERTEX_POINT ( 'NONE', #1092 ) ;
#1360 = LINE ( 'NONE', #713, #865 ) ;
#1361 = AXIS2_PLACEMENT_3D ( 'NONE', #1105, #978, #895 ) ;
#1362 = CARTESIAN_POINT ( 'NONE',  ( 0.0000000000000000000, -2.999999999999999100, 0.0000000000000000000 ) ) ;
ENDSEC;
END-ISO-10303-21;
