ISO-10303-21;
HEADER;
FILE_DESCRIPTION(('CATIA V5 STEP Exchange'),'2;1');

FILE_NAME('C:\\Users\\matia\\OneDrive\\Desktop\\Proyecto y dise\X2\00F1\X0\o mecanico 2\\001 - 001 Dobladora\\001-001-002-000\\001-001-002-004.stp','2025-06-17T01:48:59+00:00',('none'),('none'),'CATIA Version 5 Release 21 GA (IN-10)','CATIA V5 STEP AP203','none');

FILE_SCHEMA(('CONFIG_CONTROL_DESIGN'));

ENDSEC;
/* file written by CATIA V5R21 */
DATA;
#5=PRODUCT('001-001-002-004','','Patas',(#2)) ;
#1=APPLICATION_CONTEXT('configuration controlled 3D design of mechanical parts and assemblies') ;
#14=PRODUCT_DEFINITION('',' ',#6,#3) ;
#16=SECURITY_CLASSIFICATION(' ',' ',#15) ;
#15=SECURITY_CLASSIFICATION_LEVEL('unclassified') ;
#47=CARTESIAN_POINT(' ',(0.,0.,0.)) ;
#52=CARTESIAN_POINT('Axis2P3D Location',(-600.,300.,6.35)) ;
#57=CARTESIAN_POINT('Line Origine',(600.,300.,9.525)) ;
#61=CARTESIAN_POINT('Vertex',(600.,300.,6.35)) ;
#63=CARTESIAN_POINT('Vertex',(600.,300.,12.7)) ;
#66=CARTESIAN_POINT('Line Origine',(560.5,300.,6.35)) ;
#70=CARTESIAN_POINT('Vertex',(521.,300.,6.35)) ;
#73=CARTESIAN_POINT('Line Origine',(450.,300.,6.35)) ;
#77=CARTESIAN_POINT('Vertex',(379.,300.,6.35)) ;
#80=CARTESIAN_POINT('Line Origine',(-110.,300.,6.35)) ;
#84=CARTESIAN_POINT('Vertex',(-599.,300.,6.35)) ;
#87=CARTESIAN_POINT('Line Origine',(-599.5,300.,6.35)) ;
#91=CARTESIAN_POINT('Vertex',(-600.,300.,6.35)) ;
#94=CARTESIAN_POINT('Line Origine',(-600.,300.,9.525)) ;
#98=CARTESIAN_POINT('Vertex',(-600.,300.,12.7)) ;
#101=CARTESIAN_POINT('Line Origine',(0.,300.,12.7)) ;
#116=CARTESIAN_POINT('Axis2P3D Location',(0.,0.,12.7)) ;
#121=CARTESIAN_POINT('Line Origine',(-600.,-5.68434188608E-014,12.7)) ;
#125=CARTESIAN_POINT('Vertex',(-600.,-300.,12.7)) ;
#128=CARTESIAN_POINT('Line Origine',(-1.13686837722E-013,-300.,12.7)) ;
#132=CARTESIAN_POINT('Vertex',(600.,-300.,12.7)) ;
#135=CARTESIAN_POINT('Line Origine',(600.,0.,12.7)) ;
#147=CARTESIAN_POINT('Axis2P3D Location',(-600.,-300.,0.)) ;
#152=CARTESIAN_POINT('Line Origine',(-600.,-5.68434188608E-014,6.35)) ;
#156=CARTESIAN_POINT('Vertex',(-600.,-300.,6.35)) ;
#159=CARTESIAN_POINT('Line Origine',(-600.,-300.,9.525)) ;
#171=CARTESIAN_POINT('Axis2P3D Location',(0.,0.,6.35)) ;
#176=CARTESIAN_POINT('Line Origine',(-599.,-1.13686837722E-013,6.35)) ;
#180=CARTESIAN_POINT('Vertex',(-599.,-300.,6.35)) ;
#183=CARTESIAN_POINT('Line Origine',(-599.5,-300.,6.35)) ;
#195=CARTESIAN_POINT('Line Origine',(521.,196.455015798,6.35)) ;
#199=CARTESIAN_POINT('Vertex',(521.,92.9100315966,6.35)) ;
#202=CARTESIAN_POINT('Axis2P3D Location',(517.,92.9100315966,6.35)) ;
#206=CARTESIAN_POINT('Vertex',(517.,88.9100315966,6.35)) ;
#209=CARTESIAN_POINT('Line Origine',(450.,88.9100315966,6.35)) ;
#213=CARTESIAN_POINT('Vertex',(383.,88.9100315966,6.35)) ;
#216=CARTESIAN_POINT('Axis2P3D Location',(383.,92.9100315966,6.35)) ;
#220=CARTESIAN_POINT('Vertex',(379.,92.9100315966,6.35)) ;
#223=CARTESIAN_POINT('Line Origine',(379.,196.455015798,6.35)) ;
#237=CARTESIAN_POINT('Axis2P3D Location',(600.,300.,6.35)) ;
#242=CARTESIAN_POINT('Line Origine',(600.,-300.,9.525)) ;
#246=CARTESIAN_POINT('Vertex',(600.,-300.,6.35)) ;
#249=CARTESIAN_POINT('Line Origine',(600.,0.,6.35)) ;
#261=CARTESIAN_POINT('Axis2P3D Location',(600.,-300.,6.35)) ;
#266=CARTESIAN_POINT('Line Origine',(0.5,-300.,6.35)) ;
#279=CARTESIAN_POINT('Axis2P3D Location',(366.983610961,-38.5782982144,6.35)) ;
#283=CARTESIAN_POINT('Vertex',(374.983610961,-38.5782982144,6.35)) ;
#285=CARTESIAN_POINT('Vertex',(358.983610961,-38.5782982144,6.35)) ;
#288=CARTESIAN_POINT('Axis2P3D Location',(366.983610961,-38.5782982144,6.35)) ;
#298=CARTESIAN_POINT('Axis2P3D Location',(480.6,47.,6.35)) ;
#302=CARTESIAN_POINT('Vertex',(480.6,50.,6.35)) ;
#304=CARTESIAN_POINT('Vertex',(483.6,47.,6.35)) ;
#307=CARTESIAN_POINT('Line Origine',(483.6,-7.1054273576E-015,6.35)) ;
#311=CARTESIAN_POINT('Vertex',(483.6,-47.,6.35)) ;
#314=CARTESIAN_POINT('Axis2P3D Location',(480.6,-47.,6.35)) ;
#318=CARTESIAN_POINT('Vertex',(480.6,-50.,6.35)) ;
#321=CARTESIAN_POINT('Line Origine',(448.6,-50.,6.35)) ;
#325=CARTESIAN_POINT('Vertex',(416.6,-50.,6.35)) ;
#328=CARTESIAN_POINT('Axis2P3D Location',(416.6,-47.,6.35)) ;
#332=CARTESIAN_POINT('Vertex',(413.6,-47.,6.35)) ;
#335=CARTESIAN_POINT('Line Origine',(413.6,-1.42108547152E-014,6.35)) ;
#339=CARTESIAN_POINT('Vertex',(413.6,47.,6.35)) ;
#342=CARTESIAN_POINT('Axis2P3D Location',(416.6,47.,6.35)) ;
#346=CARTESIAN_POINT('Vertex',(416.6,50.,6.35)) ;
#349=CARTESIAN_POINT('Line Origine',(448.6,50.,6.35)) ;
#365=CARTESIAN_POINT('Axis2P3D Location',(300.,38.5816196501,6.35)) ;
#369=CARTESIAN_POINT('Vertex',(330.,38.5816196501,6.35)) ;
#371=CARTESIAN_POINT('Vertex',(270.,38.5816196501,6.35)) ;
#374=CARTESIAN_POINT('Axis2P3D Location',(300.,38.5816196501,6.35)) ;
#384=CARTESIAN_POINT('Axis2P3D Location',(-471.149999998,85.,6.35)) ;
#388=CARTESIAN_POINT('Vertex',(-471.149999998,70.,6.35)) ;
#390=CARTESIAN_POINT('Vertex',(-486.149999998,85.,6.35)) ;
#393=CARTESIAN_POINT('Line Origine',(-311.149999998,70.,6.35)) ;
#397=CARTESIAN_POINT('Vertex',(-151.149999999,70.,6.35)) ;
#400=CARTESIAN_POINT('Axis2P3D Location',(-151.149999999,85.,6.35)) ;
#404=CARTESIAN_POINT('Vertex',(-136.149999999,85.,6.35)) ;
#407=CARTESIAN_POINT('Line Origine',(-136.149999999,112.5,6.35)) ;
#411=CARTESIAN_POINT('Vertex',(-136.149999999,140.,6.35)) ;
#414=CARTESIAN_POINT('Line Origine',(-132.974999999,140.,6.35)) ;
#418=CARTESIAN_POINT('Vertex',(-129.799999999,140.,6.35)) ;
#421=CARTESIAN_POINT('Line Origine',(-129.799999999,57.5,6.35)) ;
#425=CARTESIAN_POINT('Vertex',(-129.799999999,-25.,6.35)) ;
#428=CARTESIAN_POINT('Axis2P3D Location',(-144.799999999,-25.,6.35)) ;
#432=CARTESIAN_POINT('Vertex',(-144.799999999,-40.,6.35)) ;
#435=CARTESIAN_POINT('Line Origine',(-311.149999998,-40.,6.35)) ;
#439=CARTESIAN_POINT('Vertex',(-477.499999998,-40.,6.35)) ;
#442=CARTESIAN_POINT('Axis2P3D Location',(-477.499999998,-25.,6.35)) ;
#446=CARTESIAN_POINT('Vertex',(-492.499999998,-25.,6.35)) ;
#449=CARTESIAN_POINT('Line Origine',(-492.499999998,57.5,6.35)) ;
#453=CARTESIAN_POINT('Vertex',(-492.499999998,140.,6.35)) ;
#456=CARTESIAN_POINT('Line Origine',(-489.324999998,140.,6.35)) ;
#460=CARTESIAN_POINT('Vertex',(-486.149999998,140.,6.35)) ;
#463=CARTESIAN_POINT('Line Origine',(-486.149999998,139.272165301,6.35)) ;
#467=CARTESIAN_POINT('Vertex',(-486.149999998,138.544330602,6.35)) ;
#470=CARTESIAN_POINT('Line Origine',(-486.149999998,111.772165301,6.35)) ;
#491=CARTESIAN_POINT('Axis2P3D Location',(177.3,101.7,6.35)) ;
#495=CARTESIAN_POINT('Vertex',(181.3,101.7,6.35)) ;
#497=CARTESIAN_POINT('Vertex',(173.3,101.7,6.35)) ;
#500=CARTESIAN_POINT('Axis2P3D Location',(177.3,101.7,6.35)) ;
#510=CARTESIAN_POINT('Axis2P3D Location',(167.3,-94.8,6.35)) ;
#514=CARTESIAN_POINT('Vertex',(171.3,-94.8,6.35)) ;
#516=CARTESIAN_POINT('Vertex',(163.3,-94.8,6.35)) ;
#519=CARTESIAN_POINT('Axis2P3D Location',(167.3,-94.8,6.35)) ;
#529=CARTESIAN_POINT('Axis2P3D Location',(127.7,-94.8,6.35)) ;
#533=CARTESIAN_POINT('Vertex',(131.7,-94.8,6.35)) ;
#535=CARTESIAN_POINT('Vertex',(123.7,-94.8,6.35)) ;
#538=CARTESIAN_POINT('Axis2P3D Location',(127.7,-94.8,6.35)) ;
#548=CARTESIAN_POINT('Axis2P3D Location',(189.,-38.,6.35)) ;
#552=CARTESIAN_POINT('Vertex',(193.,-38.,6.35)) ;
#554=CARTESIAN_POINT('Vertex',(185.,-38.,6.35)) ;
#557=CARTESIAN_POINT('Axis2P3D Location',(189.,-38.,6.35)) ;
#567=CARTESIAN_POINT('Axis2P3D Location',(164.,39.,6.35)) ;
#571=CARTESIAN_POINT('Vertex',(168.,39.,6.35)) ;
#573=CARTESIAN_POINT('Vertex',(160.,39.,6.35)) ;
#576=CARTESIAN_POINT('Axis2P3D Location',(164.,39.,6.35)) ;
#586=CARTESIAN_POINT('Axis2P3D Location',(-27.7,-94.8,6.35)) ;
#590=CARTESIAN_POINT('Vertex',(-31.7,-94.8,6.35)) ;
#592=CARTESIAN_POINT('Vertex',(-23.7,-94.8,6.35)) ;
#595=CARTESIAN_POINT('Axis2P3D Location',(-27.7,-94.8,6.35)) ;
#605=CARTESIAN_POINT('Axis2P3D Location',(-67.3,-94.8,6.35)) ;
#609=CARTESIAN_POINT('Vertex',(-71.3,-94.8,6.35)) ;
#611=CARTESIAN_POINT('Vertex',(-63.3,-94.8,6.35)) ;
#614=CARTESIAN_POINT('Axis2P3D Location',(-67.3,-94.8,6.35)) ;
#624=CARTESIAN_POINT('Axis2P3D Location',(-89.,-38.,6.35)) ;
#628=CARTESIAN_POINT('Vertex',(-93.,-38.,6.35)) ;
#630=CARTESIAN_POINT('Vertex',(-85.,-38.,6.35)) ;
#633=CARTESIAN_POINT('Axis2P3D Location',(-89.,-38.,6.35)) ;
#643=CARTESIAN_POINT('Axis2P3D Location',(-64.,39.,6.35)) ;
#647=CARTESIAN_POINT('Vertex',(-68.,39.,6.35)) ;
#649=CARTESIAN_POINT('Vertex',(-60.,39.,6.35)) ;
#652=CARTESIAN_POINT('Axis2P3D Location',(-64.,39.,6.35)) ;
#662=CARTESIAN_POINT('Axis2P3D Location',(-77.3,101.7,6.35)) ;
#666=CARTESIAN_POINT('Vertex',(-81.3,101.7,6.35)) ;
#668=CARTESIAN_POINT('Vertex',(-73.3,101.7,6.35)) ;
#671=CARTESIAN_POINT('Axis2P3D Location',(-77.3,101.7,6.35)) ;
#681=CARTESIAN_POINT('Axis2P3D Location',(-151.149999999,85.,3.175)) ;
#686=CARTESIAN_POINT('Line Origine',(-136.149999999,85.,3.175)) ;
#690=CARTESIAN_POINT('Vertex',(-136.149999999,85.,0.)) ;
#693=CARTESIAN_POINT('Line Origine',(-151.149999999,70.,3.175)) ;
#697=CARTESIAN_POINT('Vertex',(-151.149999999,70.,0.)) ;
#700=CARTESIAN_POINT('Axis2P3D Location',(-151.149999999,85.,0.)) ;
#712=CARTESIAN_POINT('Axis2P3D Location',(0.,0.,0.)) ;
#717=CARTESIAN_POINT('Axis2P3D Location',(-597.,-347.,0.)) ;
#721=CARTESIAN_POINT('Vertex',(-600.,-347.,0.)) ;
#723=CARTESIAN_POINT('Vertex',(-597.,-350.,0.)) ;
#726=CARTESIAN_POINT('Line Origine',(-600.,1.13686837722E-013,0.)) ;
#730=CARTESIAN_POINT('Vertex',(-600.,347.,0.)) ;
#733=CARTESIAN_POINT('Axis2P3D Location',(-597.,347.,0.)) ;
#737=CARTESIAN_POINT('Vertex',(-597.,350.,0.)) ;
#740=CARTESIAN_POINT('Line Origine',(-110.,350.,0.)) ;
#744=CARTESIAN_POINT('Vertex',(377.,350.,0.)) ;
#747=CARTESIAN_POINT('Axis2P3D Location',(377.,347.,0.)) ;
#751=CARTESIAN_POINT('Vertex',(380.,347.,0.)) ;
#754=CARTESIAN_POINT('Line Origine',(380.,219.955015798,0.)) ;
#758=CARTESIAN_POINT('Vertex',(380.,92.9100315966,0.)) ;
#761=CARTESIAN_POINT('Axis2P3D Location',(383.,92.9100315966,0.)) ;
#765=CARTESIAN_POINT('Vertex',(383.,89.9100315966,0.)) ;
#768=CARTESIAN_POINT('Line Origine',(450.,89.9100315966,0.)) ;
#772=CARTESIAN_POINT('Vertex',(517.,89.9100315966,0.)) ;
#775=CARTESIAN_POINT('Axis2P3D Location',(517.,92.9100315966,0.)) ;
#779=CARTESIAN_POINT('Vertex',(520.,92.9100315966,0.)) ;
#782=CARTESIAN_POINT('Line Origine',(520.,219.955015798,0.)) ;
#786=CARTESIAN_POINT('Vertex',(520.,347.,0.)) ;
#789=CARTESIAN_POINT('Axis2P3D Location',(523.,347.,0.)) ;
#793=CARTESIAN_POINT('Vertex',(523.,350.,0.)) ;
#796=CARTESIAN_POINT('Line Origine',(870.,350.,0.)) ;
#800=CARTESIAN_POINT('Vertex',(1217.,350.,0.)) ;
#803=CARTESIAN_POINT('Axis2P3D Location',(1217.,347.,0.)) ;
#807=CARTESIAN_POINT('Vertex',(1220.,347.,0.)) ;
#810=CARTESIAN_POINT('Line Origine',(1220.,5.68434188608E-014,0.)) ;
#814=CARTESIAN_POINT('Vertex',(1220.,-347.,0.)) ;
#817=CARTESIAN_POINT('Axis2P3D Location',(1217.,-347.,0.)) ;
#821=CARTESIAN_POINT('Vertex',(1217.,-350.,0.)) ;
#824=CARTESIAN_POINT('Line Origine',(310.,-350.,0.)) ;
#847=CARTESIAN_POINT('Axis2P3D Location',(366.983610961,-38.5782982144,0.)) ;
#851=CARTESIAN_POINT('Vertex',(358.983610961,-38.5782982144,0.)) ;
#853=CARTESIAN_POINT('Vertex',(374.983610961,-38.5782982144,0.)) ;
#856=CARTESIAN_POINT('Axis2P3D Location',(366.983610961,-38.5782982144,0.)) ;
#865=CARTESIAN_POINT('Line Origine',(483.6,-7.1054273576E-015,0.)) ;
#869=CARTESIAN_POINT('Vertex',(483.6,-47.,0.)) ;
#871=CARTESIAN_POINT('Vertex',(483.6,47.,0.)) ;
#874=CARTESIAN_POINT('Axis2P3D Location',(480.6,47.,0.)) ;
#878=CARTESIAN_POINT('Vertex',(480.6,50.,0.)) ;
#881=CARTESIAN_POINT('Line Origine',(448.6,50.,0.)) ;
#885=CARTESIAN_POINT('Vertex',(416.6,50.,0.)) ;
#888=CARTESIAN_POINT('Axis2P3D Location',(416.6,47.,0.)) ;
#892=CARTESIAN_POINT('Vertex',(413.6,47.,0.)) ;
#895=CARTESIAN_POINT('Line Origine',(413.6,-1.42108547152E-014,0.)) ;
#899=CARTESIAN_POINT('Vertex',(413.6,-47.,0.)) ;
#902=CARTESIAN_POINT('Axis2P3D Location',(416.6,-47.,0.)) ;
#906=CARTESIAN_POINT('Vertex',(416.6,-50.,0.)) ;
#909=CARTESIAN_POINT('Line Origine',(448.6,-50.,0.)) ;
#913=CARTESIAN_POINT('Vertex',(480.6,-50.,0.)) ;
#916=CARTESIAN_POINT('Axis2P3D Location',(480.6,-47.,0.)) ;
#931=CARTESIAN_POINT('Axis2P3D Location',(300.,38.5816196501,0.)) ;
#935=CARTESIAN_POINT('Vertex',(270.,38.5816196501,0.)) ;
#937=CARTESIAN_POINT('Vertex',(330.,38.5816196501,0.)) ;
#940=CARTESIAN_POINT('Axis2P3D Location',(300.,38.5816196501,0.)) ;
#949=CARTESIAN_POINT('Line Origine',(-486.149999998,111.772165301,0.)) ;
#953=CARTESIAN_POINT('Vertex',(-486.149999998,85.,0.)) ;
#955=CARTESIAN_POINT('Vertex',(-486.149999998,138.544330602,0.)) ;
#958=CARTESIAN_POINT('Line Origine',(-486.149999998,139.272165301,0.)) ;
#962=CARTESIAN_POINT('Vertex',(-486.149999998,140.,0.)) ;
#965=CARTESIAN_POINT('Line Origine',(-489.324999998,140.,0.)) ;
#969=CARTESIAN_POINT('Vertex',(-492.499999998,140.,0.)) ;
#972=CARTESIAN_POINT('Line Origine',(-492.499999998,57.5,0.)) ;
#976=CARTESIAN_POINT('Vertex',(-492.499999998,-25.,0.)) ;
#979=CARTESIAN_POINT('Axis2P3D Location',(-477.499999998,-25.,0.)) ;
#983=CARTESIAN_POINT('Vertex',(-477.499999998,-40.,0.)) ;
#986=CARTESIAN_POINT('Line Origine',(-311.149999998,-40.,0.)) ;
#990=CARTESIAN_POINT('Vertex',(-144.799999999,-40.,0.)) ;
#993=CARTESIAN_POINT('Axis2P3D Location',(-144.799999999,-25.,0.)) ;
#997=CARTESIAN_POINT('Vertex',(-129.799999999,-25.,0.)) ;
#1000=CARTESIAN_POINT('Line Origine',(-129.799999999,57.5,0.)) ;
#1004=CARTESIAN_POINT('Vertex',(-129.799999999,140.,0.)) ;
#1007=CARTESIAN_POINT('Line Origine',(-132.974999999,140.,0.)) ;
#1011=CARTESIAN_POINT('Vertex',(-136.149999999,140.,0.)) ;
#1014=CARTESIAN_POINT('Line Origine',(-136.149999999,112.5,0.)) ;
#1019=CARTESIAN_POINT('Line Origine',(-311.149999998,70.,0.)) ;
#1023=CARTESIAN_POINT('Vertex',(-471.149999998,70.,0.)) ;
#1026=CARTESIAN_POINT('Axis2P3D Location',(-471.149999998,85.,0.)) ;
#1046=CARTESIAN_POINT('Axis2P3D Location',(686.860999999,0.,0.)) ;
#1050=CARTESIAN_POINT('Vertex',(626.860999999,3.39929907139E-014,0.)) ;
#1052=CARTESIAN_POINT('Vertex',(746.860999999,0.,0.)) ;
#1055=CARTESIAN_POINT('Axis2P3D Location',(686.860999999,0.,0.)) ;
#1064=CARTESIAN_POINT('Axis2P3D Location',(177.3,101.7,0.)) ;
#1068=CARTESIAN_POINT('Vertex',(173.3,101.7,0.)) ;
#1070=CARTESIAN_POINT('Vertex',(181.3,101.7,0.)) ;
#1073=CARTESIAN_POINT('Axis2P3D Location',(177.3,101.7,0.)) ;
#1082=CARTESIAN_POINT('Axis2P3D Location',(167.3,-94.8,0.)) ;
#1086=CARTESIAN_POINT('Vertex',(163.3,-94.8,0.)) ;
#1088=CARTESIAN_POINT('Vertex',(171.3,-94.8,0.)) ;
#1091=CARTESIAN_POINT('Axis2P3D Location',(167.3,-94.8,0.)) ;
#1100=CARTESIAN_POINT('Axis2P3D Location',(127.7,-94.8,0.)) ;
#1104=CARTESIAN_POINT('Vertex',(123.7,-94.8,0.)) ;
#1106=CARTESIAN_POINT('Vertex',(131.7,-94.8,0.)) ;
#1109=CARTESIAN_POINT('Axis2P3D Location',(127.7,-94.8,0.)) ;
#1118=CARTESIAN_POINT('Axis2P3D Location',(189.,-38.,0.)) ;
#1122=CARTESIAN_POINT('Vertex',(185.,-38.,0.)) ;
#1124=CARTESIAN_POINT('Vertex',(193.,-38.,0.)) ;
#1127=CARTESIAN_POINT('Axis2P3D Location',(189.,-38.,0.)) ;
#1136=CARTESIAN_POINT('Axis2P3D Location',(164.,39.,0.)) ;
#1140=CARTESIAN_POINT('Vertex',(160.,39.,0.)) ;
#1142=CARTESIAN_POINT('Vertex',(168.,39.,0.)) ;
#1145=CARTESIAN_POINT('Axis2P3D Location',(164.,39.,0.)) ;
#1154=CARTESIAN_POINT('Axis2P3D Location',(-27.7,-94.8,0.)) ;
#1158=CARTESIAN_POINT('Vertex',(-23.7,-94.8,0.)) ;
#1160=CARTESIAN_POINT('Vertex',(-31.7,-94.8,0.)) ;
#1163=CARTESIAN_POINT('Axis2P3D Location',(-27.7,-94.8,0.)) ;
#1172=CARTESIAN_POINT('Axis2P3D Location',(-67.3,-94.8,0.)) ;
#1176=CARTESIAN_POINT('Vertex',(-63.3,-94.8,0.)) ;
#1178=CARTESIAN_POINT('Vertex',(-71.3,-94.8,0.)) ;
#1181=CARTESIAN_POINT('Axis2P3D Location',(-67.3,-94.8,0.)) ;
#1190=CARTESIAN_POINT('Axis2P3D Location',(-89.,-38.,0.)) ;
#1194=CARTESIAN_POINT('Vertex',(-85.,-38.,0.)) ;
#1196=CARTESIAN_POINT('Vertex',(-93.,-38.,0.)) ;
#1199=CARTESIAN_POINT('Axis2P3D Location',(-89.,-38.,0.)) ;
#1208=CARTESIAN_POINT('Axis2P3D Location',(-64.,39.,0.)) ;
#1212=CARTESIAN_POINT('Vertex',(-60.,39.,0.)) ;
#1214=CARTESIAN_POINT('Vertex',(-68.,39.,0.)) ;
#1217=CARTESIAN_POINT('Axis2P3D Location',(-64.,39.,0.)) ;
#1226=CARTESIAN_POINT('Axis2P3D Location',(-77.3,101.7,0.)) ;
#1230=CARTESIAN_POINT('Vertex',(-73.3,101.7,0.)) ;
#1232=CARTESIAN_POINT('Vertex',(-81.3,101.7,0.)) ;
#1235=CARTESIAN_POINT('Axis2P3D Location',(-77.3,101.7,0.)) ;
#1245=CARTESIAN_POINT('Axis2P3D Location',(-471.149999998,70.,6.35)) ;
#1250=CARTESIAN_POINT('Line Origine',(-471.149999998,70.,3.175)) ;
#1262=CARTESIAN_POINT('Axis2P3D Location',(-136.149999999,85.,6.35)) ;
#1267=CARTESIAN_POINT('Line Origine',(-136.149999999,140.,3.175)) ;
#1279=CARTESIAN_POINT('Axis2P3D Location',(600.,-350.,0.)) ;
#1284=CARTESIAN_POINT('Line Origine',(1217.,-350.,2.675)) ;
#1288=CARTESIAN_POINT('Vertex',(1217.,-350.,5.35)) ;
#1291=CARTESIAN_POINT('Line Origine',(310.,-350.,5.35)) ;
#1295=CARTESIAN_POINT('Vertex',(-597.,-350.,5.35)) ;
#1298=CARTESIAN_POINT('Line Origine',(-597.,-350.,2.675)) ;
#1310=CARTESIAN_POINT('Axis2P3D Location',(1217.,-347.,2.675)) ;
#1316=CARTESIAN_POINT('Control Point',(1217.77646043,-349.897776595,5.45222376491)) ;
#1317=CARTESIAN_POINT('Control Point',(1217.52890922,-349.964108045,5.38589295226)) ;
#1318=CARTESIAN_POINT('Control Point',(1217.26478144,-350.,5.35)) ;
#1319=CARTESIAN_POINT('Control Point',(1217.,-350.,5.35)) ;
#1320=CARTESIAN_POINT('Vertex',(1217.77645589,-349.897776235,5.45222376491)) ;
#1323=CARTESIAN_POINT('Line Origine',(1220.,-347.,2.675)) ;
#1327=CARTESIAN_POINT('Vertex',(1220.,-347.,5.35)) ;
#1331=CARTESIAN_POINT('Control Point',(1220.,-347.,5.35)) ;
#1332=CARTESIAN_POINT('Control Point',(1220.,-347.264760277,5.35)) ;
#1333=CARTESIAN_POINT('Control Point',(1219.96411219,-347.528892755,5.38588809914)) ;
#1334=CARTESIAN_POINT('Control Point',(1219.89777738,-347.776457509,5.45222266908)) ;
#1335=CARTESIAN_POINT('Vertex',(1219.89777733,-347.776456987,5.45222266908)) ;
#1339=CARTESIAN_POINT('Control Point',(1217.77646043,-349.897776595,5.45222376491)) ;
#1340=CARTESIAN_POINT('Control Point',(1218.37111714,-349.738438086,5.61156227459)) ;
#1341=CARTESIAN_POINT('Control Point',(1218.9412758,-349.423992357,5.70515212567)) ;
#1342=CARTESIAN_POINT('Control Point',(1219.42322961,-348.943055922,5.70553190591)) ;
#1343=CARTESIAN_POINT('Control Point',(1219.73843943,-348.371114518,5.61156061646)) ;
#1344=CARTESIAN_POINT('Control Point',(1219.89777738,-347.776457509,5.45222266908)) ;
#1355=CARTESIAN_POINT('Axis2P3D Location',(1220.,350.,0.)) ;
#1360=CARTESIAN_POINT('Line Origine',(1220.,347.,2.675)) ;
#1364=CARTESIAN_POINT('Vertex',(1220.,347.,5.35)) ;
#1367=CARTESIAN_POINT('Line Origine',(1220.,5.68434188608E-014,5.35)) ;
#1379=CARTESIAN_POINT('Axis2P3D Location',(1217.,347.,2.675)) ;
#1385=CARTESIAN_POINT('Control Point',(1219.89777665,347.776460235,5.4522231159)) ;
#1386=CARTESIAN_POINT('Control Point',(1219.96410892,347.528905879,5.38589107588)) ;
#1387=CARTESIAN_POINT('Control Point',(1220.,347.264719976,5.35)) ;
#1388=CARTESIAN_POINT('Control Point',(1220.,347.,5.35)) ;
#1389=CARTESIAN_POINT('Vertex',(1219.89777688,347.776456541,5.4522231159)) ;
#1392=CARTESIAN_POINT('Line Origine',(1217.,350.,2.675)) ;
#1396=CARTESIAN_POINT('Vertex',(1217.,350.,5.35)) ;
#1400=CARTESIAN_POINT('Control Point',(1217.,350.,5.35)) ;
#1401=CARTESIAN_POINT('Control Point',(1217.26476028,350.,5.35)) ;
#1402=CARTESIAN_POINT('Control Point',(1217.52889275,349.964112189,5.38588809909)) ;
#1403=CARTESIAN_POINT('Control Point',(1217.77645751,349.897777379,5.45222266908)) ;
#1404=CARTESIAN_POINT('Vertex',(1217.77645699,349.897777331,5.45222266908)) ;
#1408=CARTESIAN_POINT('Control Point',(1219.89777665,347.776460235,5.4522231159)) ;
#1409=CARTESIAN_POINT('Control Point',(1219.73843835,348.371116298,5.61156140959)) ;
#1410=CARTESIAN_POINT('Control Point',(1219.42399267,348.941276735,5.70515183165)) ;
#1411=CARTESIAN_POINT('Control Point',(1218.94305341,349.423231302,5.70553207116)) ;
#1412=CARTESIAN_POINT('Control Point',(1218.37111385,349.738439609,5.61156043857)) ;
#1413=CARTESIAN_POINT('Control Point',(1217.77645751,349.897777379,5.45222266908)) ;
#1424=CARTESIAN_POINT('Axis2P3D Location',(1220.,350.,0.)) ;
#1429=CARTESIAN_POINT('Line Origine',(523.,350.,2.675)) ;
#1433=CARTESIAN_POINT('Vertex',(523.,350.,5.35)) ;
#1436=CARTESIAN_POINT('Line Origine',(870.,350.,5.35)) ;
#1448=CARTESIAN_POINT('Axis2P3D Location',(523.,347.,3.175)) ;
#1453=CARTESIAN_POINT('Line Origine',(520.,347.,3.175)) ;
#1457=CARTESIAN_POINT('Vertex',(520.,347.,5.35)) ;
#1460=CARTESIAN_POINT('Axis2P3D Location',(523.,347.,5.35)) ;
#1472=CARTESIAN_POINT('Axis2P3D Location',(520.,89.9100315966,6.35)) ;
#1477=CARTESIAN_POINT('Line Origine',(520.,92.9100315966,2.675)) ;
#1481=CARTESIAN_POINT('Vertex',(520.,92.9100315966,5.35)) ;
#1484=CARTESIAN_POINT('Line Origine',(520.,219.955015798,5.35)) ;
#1496=CARTESIAN_POINT('Axis2P3D Location',(517.,92.9100315966,3.175)) ;
#1501=CARTESIAN_POINT('Axis2P3D Location',(517.,92.9100315966,5.35)) ;
#1505=CARTESIAN_POINT('Vertex',(517.,89.9100315966,5.35)) ;
#1508=CARTESIAN_POINT('Line Origine',(517.,89.9100315966,3.175)) ;
#1520=CARTESIAN_POINT('Axis2P3D Location',(380.,89.9100315966,6.35)) ;
#1525=CARTESIAN_POINT('Line Origine',(383.,89.9100315966,2.675)) ;
#1529=CARTESIAN_POINT('Vertex',(383.,89.9100315966,5.35)) ;
#1532=CARTESIAN_POINT('Line Origine',(450.,89.9100315966,5.35)) ;
#1544=CARTESIAN_POINT('Axis2P3D Location',(383.,92.9100315966,3.175)) ;
#1549=CARTESIAN_POINT('Axis2P3D Location',(383.,92.9100315966,5.35)) ;
#1553=CARTESIAN_POINT('Vertex',(380.,92.9100315966,5.35)) ;
#1556=CARTESIAN_POINT('Line Origine',(380.,92.9100315966,3.175)) ;
#1568=CARTESIAN_POINT('Axis2P3D Location',(380.,89.9100315966,6.35)) ;
#1573=CARTESIAN_POINT('Line Origine',(380.,219.955015798,5.35)) ;
#1577=CARTESIAN_POINT('Vertex',(380.,347.,5.35)) ;
#1580=CARTESIAN_POINT('Line Origine',(380.,347.,2.675)) ;
#1592=CARTESIAN_POINT('Axis2P3D Location',(377.,347.,3.175)) ;
#1597=CARTESIAN_POINT('Line Origine',(377.,350.,3.175)) ;
#1601=CARTESIAN_POINT('Vertex',(377.,350.,5.35)) ;
#1604=CARTESIAN_POINT('Axis2P3D Location',(377.,347.,5.35)) ;
#1616=CARTESIAN_POINT('Line Origine',(-110.,350.,5.35)) ;
#1620=CARTESIAN_POINT('Vertex',(-597.,350.,5.35)) ;
#1623=CARTESIAN_POINT('Line Origine',(-597.,350.,2.675)) ;
#1635=CARTESIAN_POINT('Axis2P3D Location',(-597.,347.,2.675)) ;
#1641=CARTESIAN_POINT('Control Point',(-597.,350.,5.35)) ;
#1642=CARTESIAN_POINT('Control Point',(-597.264760277,350.,5.35)) ;
#1643=CARTESIAN_POINT('Control Point',(-597.528892755,349.964112189,5.38588809913)) ;
#1644=CARTESIAN_POINT('Control Point',(-597.776457509,349.897777379,5.45222266908)) ;
#1645=CARTESIAN_POINT('Vertex',(-597.776456987,349.897777331,5.45222266908)) ;
#1648=CARTESIAN_POINT('Line Origine',(-600.,347.,2.675)) ;
#1652=CARTESIAN_POINT('Vertex',(-600.,347.,5.35)) ;
#1656=CARTESIAN_POINT('Control Point',(-599.897776595,347.776460433,5.45222376483)) ;
#1657=CARTESIAN_POINT('Control Point',(-599.964108045,347.52890922,5.38589295209)) ;
#1658=CARTESIAN_POINT('Control Point',(-600.,347.264781445,5.35)) ;
#1659=CARTESIAN_POINT('Control Point',(-600.,347.,5.35)) ;
#1660=CARTESIAN_POINT('Vertex',(-599.897776235,347.776455892,5.45222376483)) ;
#1664=CARTESIAN_POINT('Control Point',(-597.776457509,349.897777379,5.45222266908)) ;
#1665=CARTESIAN_POINT('Control Point',(-598.371117782,349.738438556,5.61156149128)) ;
#1666=CARTESIAN_POINT('Control Point',(-598.941277966,349.42401549,5.70515938821)) ;
#1667=CARTESIAN_POINT('Control Point',(-599.423267435,348.942983709,5.70551945657)) ;
#1668=CARTESIAN_POINT('Control Point',(-599.738437211,348.371120405,5.61156314935)) ;
#1669=CARTESIAN_POINT('Control Point',(-599.897776595,347.776460433,5.45222376483)) ;
#1680=CARTESIAN_POINT('Line Origine',(-600.,-347.,2.675)) ;
#1684=CARTESIAN_POINT('Vertex',(-600.,-347.,5.35)) ;
#1687=CARTESIAN_POINT('Line Origine',(-600.,1.13686837722E-013,5.35)) ;
#1699=CARTESIAN_POINT('Axis2P3D Location',(-597.,-347.,2.675)) ;
#1705=CARTESIAN_POINT('Control Point',(-600.,-347.,5.35)) ;
#1706=CARTESIAN_POINT('Control Point',(-600.,-347.264760276,5.35)) ;
#1707=CARTESIAN_POINT('Control Point',(-599.964112189,-347.528892755,5.38588809921)) ;
#1708=CARTESIAN_POINT('Control Point',(-599.897777379,-347.776457509,5.45222266908)) ;
#1709=CARTESIAN_POINT('Vertex',(-599.897777331,-347.776456987,5.45222266908)) ;
#1713=CARTESIAN_POINT('Control Point',(-597.776460235,-349.897776648,5.45222311593)) ;
#1714=CARTESIAN_POINT('Control Point',(-597.528905877,-349.964108922,5.38589107554)) ;
#1715=CARTESIAN_POINT('Control Point',(-597.264719976,-350.,5.35)) ;
#1716=CARTESIAN_POINT('Control Point',(-597.,-350.,5.35)) ;
#1717=CARTESIAN_POINT('Vertex',(-597.776456541,-349.897776884,5.45222311593)) ;
#1721=CARTESIAN_POINT('Control Point',(-599.897777379,-347.776457509,5.45222266908)) ;
#1722=CARTESIAN_POINT('Control Point',(-599.738439026,-348.37111603,5.6115610218)) ;
#1723=CARTESIAN_POINT('Control Point',(-599.42400887,-348.941277664,5.70515637601)) ;
#1724=CARTESIAN_POINT('Control Point',(-598.943004817,-349.423256618,5.7055242716)) ;
#1725=CARTESIAN_POINT('Control Point',(-598.371118475,-349.738437771,5.6115619928)) ;
#1726=CARTESIAN_POINT('Control Point',(-597.776460235,-349.897776648,5.45222311593)) ;
#1737=CARTESIAN_POINT('Axis2P3D Location',(366.983610961,-38.5782982144,3.175)) ;
#1742=CARTESIAN_POINT('Line Origine',(374.983610961,-38.5782982144,3.175)) ;
#1747=CARTESIAN_POINT('Line Origine',(358.983610961,-38.5782982144,3.175)) ;
#1766=CARTESIAN_POINT('Axis2P3D Location',(480.6,-47.,3.175)) ;
#1771=CARTESIAN_POINT('Line Origine',(483.6,-47.,3.175)) ;
#1776=CARTESIAN_POINT('Line Origine',(480.6,-50.,3.175)) ;
#1788=CARTESIAN_POINT('Axis2P3D Location',(483.6,-50.,6.35)) ;
#1793=CARTESIAN_POINT('Line Origine',(416.6,-50.,3.175)) ;
#1805=CARTESIAN_POINT('Axis2P3D Location',(416.6,-47.,3.175)) ;
#1810=CARTESIAN_POINT('Line Origine',(413.6,-47.,3.175)) ;
#1822=CARTESIAN_POINT('Axis2P3D Location',(413.6,50.,6.35)) ;
#1827=CARTESIAN_POINT('Line Origine',(413.6,47.,3.175)) ;
#1839=CARTESIAN_POINT('Axis2P3D Location',(416.6,47.,3.175)) ;
#1844=CARTESIAN_POINT('Line Origine',(416.6,50.,3.175)) ;
#1856=CARTESIAN_POINT('Axis2P3D Location',(413.6,50.,6.35)) ;
#1861=CARTESIAN_POINT('Line Origine',(480.6,50.,3.175)) ;
#1873=CARTESIAN_POINT('Axis2P3D Location',(480.6,47.,3.175)) ;
#1878=CARTESIAN_POINT('Line Origine',(483.6,47.,3.175)) ;
#1890=CARTESIAN_POINT('Axis2P3D Location',(483.6,-50.,6.35)) ;
#1902=CARTESIAN_POINT('Axis2P3D Location',(300.,38.5816196501,3.175)) ;
#1907=CARTESIAN_POINT('Line Origine',(330.,38.5816196501,3.175)) ;
#1912=CARTESIAN_POINT('Line Origine',(270.,38.5816196501,3.175)) ;
#1931=CARTESIAN_POINT('Axis2P3D Location',(-471.149999998,85.,3.175)) ;
#1936=CARTESIAN_POINT('Line Origine',(-486.149999998,85.,3.175)) ;
#1948=CARTESIAN_POINT('Axis2P3D Location',(-136.149999999,140.,6.35)) ;
#1953=CARTESIAN_POINT('Line Origine',(-129.799999999,140.,3.175)) ;
#1965=CARTESIAN_POINT('Axis2P3D Location',(-129.799999999,-25.,6.35)) ;
#1970=CARTESIAN_POINT('Line Origine',(-129.799999999,-25.,3.175)) ;
#1982=CARTESIAN_POINT('Axis2P3D Location',(-144.799999999,-25.,3.175)) ;
#1987=CARTESIAN_POINT('Line Origine',(-144.799999999,-40.,3.175)) ;
#1999=CARTESIAN_POINT('Axis2P3D Location',(-144.799999999,-40.,6.35)) ;
#2004=CARTESIAN_POINT('Line Origine',(-477.499999998,-40.,3.175)) ;
#2016=CARTESIAN_POINT('Axis2P3D Location',(-477.499999998,-25.,3.175)) ;
#2021=CARTESIAN_POINT('Line Origine',(-492.499999998,-25.,3.175)) ;
#2033=CARTESIAN_POINT('Axis2P3D Location',(-492.499999998,140.,6.35)) ;
#2038=CARTESIAN_POINT('Line Origine',(-492.499999998,140.,3.175)) ;
#2050=CARTESIAN_POINT('Line Origine',(-486.149999998,140.,3.175)) ;
#2062=CARTESIAN_POINT('Axis2P3D Location',(-486.149999998,138.544330602,6.35)) ;
#2067=CARTESIAN_POINT('Line Origine',(-486.149999998,138.544330602,3.175)) ;
#2086=CARTESIAN_POINT('Axis2P3D Location',(686.860999999,0.,3.175)) ;
#2091=CARTESIAN_POINT('Line Origine',(746.860999999,0.,3.175)) ;
#2095=CARTESIAN_POINT('Vertex',(746.860999999,0.,6.35)) ;
#2098=CARTESIAN_POINT('Axis2P3D Location',(686.860999999,0.,6.35)) ;
#2102=CARTESIAN_POINT('Vertex',(626.860999999,3.39929907139E-014,6.35)) ;
#2105=CARTESIAN_POINT('Line Origine',(626.860999999,3.39929907139E-014,3.175)) ;
#2117=CARTESIAN_POINT('Axis2P3D Location',(686.860999999,0.,6.35)) ;
#2129=CARTESIAN_POINT('Axis2P3D Location',(177.3,101.7,2.675)) ;
#2134=CARTESIAN_POINT('Line Origine',(181.3,101.7,2.675)) ;
#2139=CARTESIAN_POINT('Line Origine',(173.3,101.7,2.675)) ;
#2158=CARTESIAN_POINT('Axis2P3D Location',(167.3,-94.8,2.675)) ;
#2163=CARTESIAN_POINT('Line Origine',(171.3,-94.8,2.675)) ;
#2168=CARTESIAN_POINT('Line Origine',(163.3,-94.8,2.675)) ;
#2187=CARTESIAN_POINT('Axis2P3D Location',(127.7,-94.8,2.675)) ;
#2192=CARTESIAN_POINT('Line Origine',(131.7,-94.8,2.675)) ;
#2197=CARTESIAN_POINT('Line Origine',(123.7,-94.8,2.675)) ;
#2216=CARTESIAN_POINT('Axis2P3D Location',(189.,-38.,2.675)) ;
#2221=CARTESIAN_POINT('Line Origine',(193.,-38.,2.675)) ;
#2226=CARTESIAN_POINT('Line Origine',(185.,-38.,2.675)) ;
#2245=CARTESIAN_POINT('Axis2P3D Location',(164.,39.,2.675)) ;
#2250=CARTESIAN_POINT('Line Origine',(168.,39.,2.675)) ;
#2255=CARTESIAN_POINT('Line Origine',(160.,39.,2.675)) ;
#2274=CARTESIAN_POINT('Axis2P3D Location',(-27.7,-94.8,2.675)) ;
#2279=CARTESIAN_POINT('Line Origine',(-31.7,-94.8,2.675)) ;
#2284=CARTESIAN_POINT('Line Origine',(-23.7,-94.8,2.675)) ;
#2303=CARTESIAN_POINT('Axis2P3D Location',(-67.3,-94.8,2.675)) ;
#2308=CARTESIAN_POINT('Line Origine',(-71.3,-94.8,2.675)) ;
#2313=CARTESIAN_POINT('Line Origine',(-63.3,-94.8,2.675)) ;
#2332=CARTESIAN_POINT('Axis2P3D Location',(-89.,-38.,2.675)) ;
#2337=CARTESIAN_POINT('Line Origine',(-93.,-38.,2.675)) ;
#2342=CARTESIAN_POINT('Line Origine',(-85.,-38.,2.675)) ;
#2361=CARTESIAN_POINT('Axis2P3D Location',(-64.,39.,2.675)) ;
#2366=CARTESIAN_POINT('Line Origine',(-68.,39.,2.675)) ;
#2371=CARTESIAN_POINT('Line Origine',(-60.,39.,2.675)) ;
#2390=CARTESIAN_POINT('Axis2P3D Location',(-77.3,101.7,2.675)) ;
#2395=CARTESIAN_POINT('Line Origine',(-81.3,101.7,2.675)) ;
#2400=CARTESIAN_POINT('Line Origine',(-73.3,101.7,2.675)) ;
#2419=CARTESIAN_POINT('Axis2P3D Location',(1584.,-349.,6.35)) ;
#2425=CARTESIAN_POINT('Control Point',(1216.87867966,-349.,6.35)) ;
#2426=CARTESIAN_POINT('Control Point',(1217.77645589,-349.897776235,5.45222376491)) ;
#2427=CARTESIAN_POINT('Vertex',(1216.87867966,-349.,6.35)) ;
#2430=CARTESIAN_POINT('Line Origine',(310.,-349.,6.35)) ;
#2434=CARTESIAN_POINT('Vertex',(-596.878679656,-349.,6.35)) ;
#2438=CARTESIAN_POINT('Control Point',(-596.878679656,-349.,6.35)) ;
#2439=CARTESIAN_POINT('Control Point',(-597.776456541,-349.897776884,5.45222311593)) ;
#2450=CARTESIAN_POINT('Axis2P3D Location',(1219.,490.,6.35)) ;
#2455=CARTESIAN_POINT('Line Origine',(1219.,0.,6.35)) ;
#2459=CARTESIAN_POINT('Vertex',(1219.,346.878679656,6.35)) ;
#2461=CARTESIAN_POINT('Vertex',(1219.,-346.878679656,6.35)) ;
#2465=CARTESIAN_POINT('Control Point',(1219.,-346.878679656,6.35)) ;
#2466=CARTESIAN_POINT('Control Point',(1219.89777733,-347.776456987,5.45222266908)) ;
#2469=CARTESIAN_POINT('Control Point',(1219.,346.878679656,6.35)) ;
#2470=CARTESIAN_POINT('Control Point',(1219.89777688,347.776456541,5.4522231159)) ;
#2481=CARTESIAN_POINT('Axis2P3D Location',(1217.40363593,-347.403635932,3.70372338138)) ;
#2487=CARTESIAN_POINT('Control Point',(1216.87867966,-349.,6.35)) ;
#2488=CARTESIAN_POINT('Control Point',(1217.22728124,-349.,6.35)) ;
#2489=CARTESIAN_POINT('Control Point',(1217.57588255,-348.952260835,6.35000039782)) ;
#2490=CARTESIAN_POINT('Control Point',(1217.9202447,-348.844295907,6.34999996277)) ;
#2491=CARTESIAN_POINT('Control Point',(1218.51125659,-348.469148586,6.35000003528)) ;
#2492=CARTESIAN_POINT('Control Point',(1218.86108844,-347.865275726,6.34999996657)) ;
#2493=CARTESIAN_POINT('Control Point',(1218.9571439,-347.539263713,6.35000035713)) ;
#2494=CARTESIAN_POINT('Control Point',(1219.,-347.208971804,6.35)) ;
#2495=CARTESIAN_POINT('Control Point',(1219.,-346.878679656,6.35)) ;
#2504=CARTESIAN_POINT('Axis2P3D Location',(1584.,349.,6.35)) ;
#2510=CARTESIAN_POINT('Control Point',(1216.87867966,349.,6.35)) ;
#2511=CARTESIAN_POINT('Control Point',(1217.77645699,349.897777331,5.45222266908)) ;
#2512=CARTESIAN_POINT('Vertex',(1216.87867966,349.,6.35)) ;
#2515=CARTESIAN_POINT('Line Origine',(523.,349.5,5.85)) ;
#2519=CARTESIAN_POINT('Vertex',(523.,349.,6.35)) ;
#2522=CARTESIAN_POINT('Line Origine',(310.,349.,6.35)) ;
#2535=CARTESIAN_POINT('Axis2P3D Location',(1217.39686089,347.39686089,3.71049842263)) ;
#2541=CARTESIAN_POINT('Control Point',(1219.,346.878679656,6.35)) ;
#2542=CARTESIAN_POINT('Control Point',(1219.,347.227281237,6.35)) ;
#2543=CARTESIAN_POINT('Control Point',(1218.95226083,347.575882552,6.35000039782)) ;
#2544=CARTESIAN_POINT('Control Point',(1218.84429591,347.920244698,6.34999996277)) ;
#2545=CARTESIAN_POINT('Control Point',(1218.46914859,348.51125659,6.35000003528)) ;
#2546=CARTESIAN_POINT('Control Point',(1217.86527573,348.861088441,6.34999996657)) ;
#2547=CARTESIAN_POINT('Control Point',(1217.53926371,348.957143903,6.35000035713)) ;
#2548=CARTESIAN_POINT('Control Point',(1217.2089718,349.,6.35)) ;
#2549=CARTESIAN_POINT('Control Point',(1216.87867966,349.,6.35)) ;
#2558=CARTESIAN_POINT('Axis2P3D Location',(523.,347.,8.35)) ;
#2563=CARTESIAN_POINT('Line Origine',(520.5,347.,5.85)) ;
#2567=CARTESIAN_POINT('Vertex',(521.,347.,6.35)) ;
#2570=CARTESIAN_POINT('Axis2P3D Location',(523.,347.,6.35)) ;
#2582=CARTESIAN_POINT('Axis2P3D Location',(521.,-490.,6.35)) ;
#2587=CARTESIAN_POINT('Line Origine',(520.5,92.9100315966,5.85)) ;
#2592=CARTESIAN_POINT('Line Origine',(521.,0.,6.35)) ;
#2605=CARTESIAN_POINT('Axis2P3D Location',(517.,92.9100315966,2.35)) ;
#2610=CARTESIAN_POINT('Line Origine',(517.,89.4100315966,5.85)) ;
#2622=CARTESIAN_POINT('Axis2P3D Location',(-964.,88.9100315966,6.35)) ;
#2627=CARTESIAN_POINT('Line Origine',(383.,89.4100315966,5.85)) ;
#2639=CARTESIAN_POINT('Axis2P3D Location',(383.,92.9100315966,2.35)) ;
#2644=CARTESIAN_POINT('Line Origine',(379.5,92.9100315966,5.85)) ;
#2656=CARTESIAN_POINT('Axis2P3D Location',(379.,-490.,6.35)) ;
#2661=CARTESIAN_POINT('Line Origine',(379.5,347.,5.85)) ;
#2665=CARTESIAN_POINT('Vertex',(379.,347.,6.35)) ;
#2668=CARTESIAN_POINT('Line Origine',(379.,0.,6.35)) ;
#2681=CARTESIAN_POINT('Axis2P3D Location',(377.,347.,8.35)) ;
#2686=CARTESIAN_POINT('Line Origine',(377.,349.5,5.85)) ;
#2690=CARTESIAN_POINT('Vertex',(377.,349.,6.35)) ;
#2693=CARTESIAN_POINT('Axis2P3D Location',(377.,347.,6.35)) ;
#2705=CARTESIAN_POINT('Axis2P3D Location',(1584.,349.,6.35)) ;
#2711=CARTESIAN_POINT('Control Point',(-596.878679656,349.,6.35)) ;
#2712=CARTESIAN_POINT('Control Point',(-597.776456987,349.897777331,5.45222266908)) ;
#2713=CARTESIAN_POINT('Vertex',(-596.878679656,349.,6.35)) ;
#2716=CARTESIAN_POINT('Line Origine',(310.,349.,6.35)) ;
#2729=CARTESIAN_POINT('Axis2P3D Location',(-599.,490.,6.35)) ;
#2735=CARTESIAN_POINT('Control Point',(-599.,-346.878679656,6.35)) ;
#2736=CARTESIAN_POINT('Control Point',(-599.897777331,-347.776456987,5.45222266908)) ;
#2737=CARTESIAN_POINT('Vertex',(-599.,-346.878679656,6.35)) ;
#2740=CARTESIAN_POINT('Line Origine',(-599.,2.27373675443E-013,6.35)) ;
#2745=CARTESIAN_POINT('Line Origine',(-599.,2.27373675443E-013,6.35)) ;
#2749=CARTESIAN_POINT('Vertex',(-599.,346.878679656,6.35)) ;
#2753=CARTESIAN_POINT('Control Point',(-599.,346.878679656,6.35)) ;
#2754=CARTESIAN_POINT('Control Point',(-599.897776235,347.776455892,5.45222376483)) ;
#2767=CARTESIAN_POINT('Axis2P3D Location',(-597.403635931,347.403635931,3.70372338138)) ;
#2773=CARTESIAN_POINT('Control Point',(-596.878679656,349.,6.35)) ;
#2774=CARTESIAN_POINT('Control Point',(-597.227281236,349.,6.35)) ;
#2775=CARTESIAN_POINT('Control Point',(-597.57588255,348.952260835,6.35000039782)) ;
#2776=CARTESIAN_POINT('Control Point',(-597.920244699,348.844295907,6.34999996277)) ;
#2777=CARTESIAN_POINT('Control Point',(-598.51125659,348.469148586,6.35000003528)) ;
#2778=CARTESIAN_POINT('Control Point',(-598.861088441,347.865275726,6.34999996657)) ;
#2779=CARTESIAN_POINT('Control Point',(-598.957143903,347.539263714,6.35000035713)) ;
#2780=CARTESIAN_POINT('Control Point',(-599.,347.208971804,6.35)) ;
#2781=CARTESIAN_POINT('Control Point',(-599.,346.878679656,6.35)) ;
#2790=CARTESIAN_POINT('Axis2P3D Location',(-597.39686089,-347.39686089,3.71049842263)) ;
#2796=CARTESIAN_POINT('Control Point',(-599.,-346.878679656,6.35)) ;
#2797=CARTESIAN_POINT('Control Point',(-599.,-347.227281236,6.35)) ;
#2798=CARTESIAN_POINT('Control Point',(-598.952260835,-347.57588255,6.35000039782)) ;
#2799=CARTESIAN_POINT('Control Point',(-598.844295907,-347.920244699,6.34999996277)) ;
#2800=CARTESIAN_POINT('Control Point',(-598.469148585,-348.51125659,6.35000003528)) ;
#2801=CARTESIAN_POINT('Control Point',(-597.865275725,-348.861088441,6.34999996657)) ;
#2802=CARTESIAN_POINT('Control Point',(-597.539263714,-348.957143903,6.35000035713)) ;
#2803=CARTESIAN_POINT('Control Point',(-597.208971804,-349.,6.35)) ;
#2804=CARTESIAN_POINT('Control Point',(-596.878679656,-349.,6.35)) ;
#53=DIRECTION('Axis2P3D Direction',(0.,-1.,0.)) ;
#54=DIRECTION('Axis2P3D XDirection',(1.,0.,0.)) ;
#58=DIRECTION('Vector Direction',(0.,0.,1.)) ;
#67=DIRECTION('Vector Direction',(1.,0.,0.)) ;
#74=DIRECTION('Vector Direction',(1.,0.,0.)) ;
#81=DIRECTION('Vector Direction',(1.,0.,0.)) ;
#88=DIRECTION('Vector Direction',(1.,0.,0.)) ;
#95=DIRECTION('Vector Direction',(0.,0.,1.)) ;
#102=DIRECTION('Vector Direction',(1.,0.,0.)) ;
#117=DIRECTION('Axis2P3D Direction',(0.,0.,1.)) ;
#118=DIRECTION('Axis2P3D XDirection',(1.,0.,0.)) ;
#122=DIRECTION('Vector Direction',(0.,1.,0.)) ;
#129=DIRECTION('Vector Direction',(-1.,0.,0.)) ;
#136=DIRECTION('Vector Direction',(0.,-1.,0.)) ;
#148=DIRECTION('Axis2P3D Direction',(1.,0.,0.)) ;
#149=DIRECTION('Axis2P3D XDirection',(0.,1.,0.)) ;
#153=DIRECTION('Vector Direction',(0.,1.,0.)) ;
#160=DIRECTION('Vector Direction',(0.,0.,1.)) ;
#172=DIRECTION('Axis2P3D Direction',(0.,0.,1.)) ;
#173=DIRECTION('Axis2P3D XDirection',(1.,0.,0.)) ;
#177=DIRECTION('Vector Direction',(0.,-1.,0.)) ;
#184=DIRECTION('Vector Direction',(-1.,0.,0.)) ;
#196=DIRECTION('Vector Direction',(0.,1.,0.)) ;
#203=DIRECTION('Axis2P3D Direction',(0.,0.,1.)) ;
#210=DIRECTION('Vector Direction',(1.,0.,0.)) ;
#217=DIRECTION('Axis2P3D Direction',(0.,0.,1.)) ;
#224=DIRECTION('Vector Direction',(0.,1.,0.)) ;
#238=DIRECTION('Axis2P3D Direction',(-1.,0.,0.)) ;
#239=DIRECTION('Axis2P3D XDirection',(0.,-1.,0.)) ;
#243=DIRECTION('Vector Direction',(0.,0.,1.)) ;
#250=DIRECTION('Vector Direction',(0.,-1.,0.)) ;
#262=DIRECTION('Axis2P3D Direction',(0.,1.,-0.)) ;
#263=DIRECTION('Axis2P3D XDirection',(-1.,0.,0.)) ;
#267=DIRECTION('Vector Direction',(-1.,0.,0.)) ;
#280=DIRECTION('Axis2P3D Direction',(0.,0.,1.)) ;
#289=DIRECTION('Axis2P3D Direction',(0.,0.,1.)) ;
#299=DIRECTION('Axis2P3D Direction',(0.,0.,1.)) ;
#308=DIRECTION('Vector Direction',(0.,1.,0.)) ;
#315=DIRECTION('Axis2P3D Direction',(0.,0.,1.)) ;
#322=DIRECTION('Vector Direction',(-1.,0.,0.)) ;
#329=DIRECTION('Axis2P3D Direction',(0.,0.,1.)) ;
#336=DIRECTION('Vector Direction',(0.,-1.,0.)) ;
#343=DIRECTION('Axis2P3D Direction',(0.,0.,1.)) ;
#350=DIRECTION('Vector Direction',(1.,0.,0.)) ;
#366=DIRECTION('Axis2P3D Direction',(0.,0.,1.)) ;
#375=DIRECTION('Axis2P3D Direction',(0.,0.,1.)) ;
#385=DIRECTION('Axis2P3D Direction',(0.,0.,1.)) ;
#394=DIRECTION('Vector Direction',(1.,0.,0.)) ;
#401=DIRECTION('Axis2P3D Direction',(0.,0.,1.)) ;
#408=DIRECTION('Vector Direction',(0.,1.,0.)) ;
#415=DIRECTION('Vector Direction',(1.,0.,0.)) ;
#422=DIRECTION('Vector Direction',(0.,1.,0.)) ;
#429=DIRECTION('Axis2P3D Direction',(0.,0.,1.)) ;
#436=DIRECTION('Vector Direction',(-1.,0.,0.)) ;
#443=DIRECTION('Axis2P3D Direction',(0.,0.,1.)) ;
#450=DIRECTION('Vector Direction',(0.,-1.,0.)) ;
#457=DIRECTION('Vector Direction',(1.,0.,0.)) ;
#464=DIRECTION('Vector Direction',(0.,1.,0.)) ;
#471=DIRECTION('Vector Direction',(0.,-1.,0.)) ;
#492=DIRECTION('Axis2P3D Direction',(0.,0.,1.)) ;
#501=DIRECTION('Axis2P3D Direction',(0.,0.,1.)) ;
#511=DIRECTION('Axis2P3D Direction',(0.,0.,1.)) ;
#520=DIRECTION('Axis2P3D Direction',(0.,0.,1.)) ;
#530=DIRECTION('Axis2P3D Direction',(0.,0.,1.)) ;
#539=DIRECTION('Axis2P3D Direction',(0.,0.,1.)) ;
#549=DIRECTION('Axis2P3D Direction',(0.,0.,1.)) ;
#558=DIRECTION('Axis2P3D Direction',(0.,0.,1.)) ;
#568=DIRECTION('Axis2P3D Direction',(0.,0.,1.)) ;
#577=DIRECTION('Axis2P3D Direction',(0.,0.,1.)) ;
#587=DIRECTION('Axis2P3D Direction',(0.,0.,1.)) ;
#596=DIRECTION('Axis2P3D Direction',(0.,0.,1.)) ;
#606=DIRECTION('Axis2P3D Direction',(0.,0.,1.)) ;
#615=DIRECTION('Axis2P3D Direction',(0.,0.,1.)) ;
#625=DIRECTION('Axis2P3D Direction',(0.,0.,1.)) ;
#634=DIRECTION('Axis2P3D Direction',(0.,0.,1.)) ;
#644=DIRECTION('Axis2P3D Direction',(0.,0.,1.)) ;
#653=DIRECTION('Axis2P3D Direction',(0.,0.,1.)) ;
#663=DIRECTION('Axis2P3D Direction',(0.,0.,1.)) ;
#672=DIRECTION('Axis2P3D Direction',(0.,0.,1.)) ;
#682=DIRECTION('Axis2P3D Direction',(0.,0.,1.)) ;
#683=DIRECTION('Axis2P3D XDirection',(-1.83690953073E-016,-1.,-0.)) ;
#687=DIRECTION('Vector Direction',(0.,0.,1.)) ;
#694=DIRECTION('Vector Direction',(0.,0.,1.)) ;
#701=DIRECTION('Axis2P3D Direction',(0.,0.,1.)) ;
#713=DIRECTION('Axis2P3D Direction',(0.,0.,1.)) ;
#714=DIRECTION('Axis2P3D XDirection',(1.,0.,0.)) ;
#718=DIRECTION('Axis2P3D Direction',(0.,0.,1.)) ;
#727=DIRECTION('Vector Direction',(0.,-1.,0.)) ;
#734=DIRECTION('Axis2P3D Direction',(0.,0.,1.)) ;
#741=DIRECTION('Vector Direction',(-1.,0.,0.)) ;
#748=DIRECTION('Axis2P3D Direction',(0.,0.,1.)) ;
#755=DIRECTION('Vector Direction',(-4.47427493639E-016,-1.,0.)) ;
#762=DIRECTION('Axis2P3D Direction',(0.,0.,1.)) ;
#769=DIRECTION('Vector Direction',(1.,0.,0.)) ;
#776=DIRECTION('Axis2P3D Direction',(0.,0.,1.)) ;
#783=DIRECTION('Vector Direction',(0.,-1.,0.)) ;
#790=DIRECTION('Axis2P3D Direction',(0.,0.,1.)) ;
#797=DIRECTION('Vector Direction',(-1.,0.,0.)) ;
#804=DIRECTION('Axis2P3D Direction',(0.,0.,1.)) ;
#811=DIRECTION('Vector Direction',(0.,-1.,0.)) ;
#818=DIRECTION('Axis2P3D Direction',(0.,0.,1.)) ;
#825=DIRECTION('Vector Direction',(-1.,0.,0.)) ;
#848=DIRECTION('Axis2P3D Direction',(0.,0.,1.)) ;
#857=DIRECTION('Axis2P3D Direction',(0.,0.,1.)) ;
#866=DIRECTION('Vector Direction',(0.,1.,0.)) ;
#875=DIRECTION('Axis2P3D Direction',(0.,0.,1.)) ;
#882=DIRECTION('Vector Direction',(1.,0.,0.)) ;
#889=DIRECTION('Axis2P3D Direction',(0.,0.,1.)) ;
#896=DIRECTION('Vector Direction',(0.,-1.,0.)) ;
#903=DIRECTION('Axis2P3D Direction',(0.,0.,1.)) ;
#910=DIRECTION('Vector Direction',(-1.,0.,0.)) ;
#917=DIRECTION('Axis2P3D Direction',(0.,0.,1.)) ;
#932=DIRECTION('Axis2P3D Direction',(0.,0.,1.)) ;
#941=DIRECTION('Axis2P3D Direction',(0.,0.,1.)) ;
#950=DIRECTION('Vector Direction',(0.,-1.,0.)) ;
#959=DIRECTION('Vector Direction',(0.,1.,0.)) ;
#966=DIRECTION('Vector Direction',(1.,0.,0.)) ;
#973=DIRECTION('Vector Direction',(0.,-1.,0.)) ;
#980=DIRECTION('Axis2P3D Direction',(0.,0.,1.)) ;
#987=DIRECTION('Vector Direction',(-1.,0.,0.)) ;
#994=DIRECTION('Axis2P3D Direction',(0.,0.,1.)) ;
#1001=DIRECTION('Vector Direction',(0.,1.,0.)) ;
#1008=DIRECTION('Vector Direction',(1.,0.,0.)) ;
#1015=DIRECTION('Vector Direction',(0.,1.,0.)) ;
#1020=DIRECTION('Vector Direction',(1.,0.,0.)) ;
#1027=DIRECTION('Axis2P3D Direction',(0.,0.,1.)) ;
#1047=DIRECTION('Axis2P3D Direction',(0.,0.,1.)) ;
#1056=DIRECTION('Axis2P3D Direction',(0.,0.,1.)) ;
#1065=DIRECTION('Axis2P3D Direction',(0.,0.,1.)) ;
#1074=DIRECTION('Axis2P3D Direction',(0.,0.,1.)) ;
#1083=DIRECTION('Axis2P3D Direction',(0.,0.,1.)) ;
#1092=DIRECTION('Axis2P3D Direction',(0.,0.,1.)) ;
#1101=DIRECTION('Axis2P3D Direction',(0.,0.,1.)) ;
#1110=DIRECTION('Axis2P3D Direction',(0.,0.,1.)) ;
#1119=DIRECTION('Axis2P3D Direction',(0.,0.,1.)) ;
#1128=DIRECTION('Axis2P3D Direction',(0.,0.,1.)) ;
#1137=DIRECTION('Axis2P3D Direction',(0.,0.,1.)) ;
#1146=DIRECTION('Axis2P3D Direction',(0.,0.,1.)) ;
#1155=DIRECTION('Axis2P3D Direction',(0.,0.,1.)) ;
#1164=DIRECTION('Axis2P3D Direction',(0.,0.,1.)) ;
#1173=DIRECTION('Axis2P3D Direction',(0.,0.,1.)) ;
#1182=DIRECTION('Axis2P3D Direction',(0.,0.,1.)) ;
#1191=DIRECTION('Axis2P3D Direction',(0.,0.,1.)) ;
#1200=DIRECTION('Axis2P3D Direction',(0.,0.,1.)) ;
#1209=DIRECTION('Axis2P3D Direction',(0.,0.,1.)) ;
#1218=DIRECTION('Axis2P3D Direction',(0.,0.,1.)) ;
#1227=DIRECTION('Axis2P3D Direction',(0.,0.,1.)) ;
#1236=DIRECTION('Axis2P3D Direction',(0.,0.,1.)) ;
#1246=DIRECTION('Axis2P3D Direction',(-0.,1.,0.)) ;
#1247=DIRECTION('Axis2P3D XDirection',(1.,0.,0.)) ;
#1251=DIRECTION('Vector Direction',(0.,0.,-1.)) ;
#1263=DIRECTION('Axis2P3D Direction',(-1.,0.,0.)) ;
#1264=DIRECTION('Axis2P3D XDirection',(0.,1.,0.)) ;
#1268=DIRECTION('Vector Direction',(0.,0.,-1.)) ;
#1280=DIRECTION('Axis2P3D Direction',(0.,-1.,0.)) ;
#1281=DIRECTION('Axis2P3D XDirection',(1.,0.,0.)) ;
#1285=DIRECTION('Vector Direction',(0.,0.,1.)) ;
#1292=DIRECTION('Vector Direction',(-1.,0.,0.)) ;
#1299=DIRECTION('Vector Direction',(0.,0.,-1.)) ;
#1311=DIRECTION('Axis2P3D Direction',(0.,0.,1.)) ;
#1312=DIRECTION('Axis2P3D XDirection',(-1.83690953073E-016,-1.,-0.)) ;
#1324=DIRECTION('Vector Direction',(0.,0.,1.)) ;
#1356=DIRECTION('Axis2P3D Direction',(-1.,0.,0.)) ;
#1357=DIRECTION('Axis2P3D XDirection',(0.,-1.,0.)) ;
#1361=DIRECTION('Vector Direction',(0.,0.,1.)) ;
#1368=DIRECTION('Vector Direction',(0.,-1.,0.)) ;
#1380=DIRECTION('Axis2P3D Direction',(0.,-0.,1.)) ;
#1381=DIRECTION('Axis2P3D XDirection',(1.,-1.83690953073E-016,-0.)) ;
#1393=DIRECTION('Vector Direction',(0.,0.,1.)) ;
#1425=DIRECTION('Axis2P3D Direction',(-0.,1.,0.)) ;
#1426=DIRECTION('Axis2P3D XDirection',(-1.,-0.,0.)) ;
#1430=DIRECTION('Vector Direction',(0.,0.,-1.)) ;
#1437=DIRECTION('Vector Direction',(-1.,0.,0.)) ;
#1449=DIRECTION('Axis2P3D Direction',(0.,0.,-1.)) ;
#1450=DIRECTION('Axis2P3D XDirection',(-1.,-1.83690953073E-016,-0.)) ;
#1454=DIRECTION('Vector Direction',(0.,0.,-1.)) ;
#1461=DIRECTION('Axis2P3D Direction',(0.,0.,-1.)) ;
#1473=DIRECTION('Axis2P3D Direction',(-1.,0.,0.)) ;
#1474=DIRECTION('Axis2P3D XDirection',(0.,1.,0.)) ;
#1478=DIRECTION('Vector Direction',(0.,0.,-1.)) ;
#1485=DIRECTION('Vector Direction',(0.,1.,0.)) ;
#1497=DIRECTION('Axis2P3D Direction',(0.,0.,-1.)) ;
#1498=DIRECTION('Axis2P3D XDirection',(1.,0.,0.)) ;
#1502=DIRECTION('Axis2P3D Direction',(0.,0.,-1.)) ;
#1509=DIRECTION('Vector Direction',(0.,0.,-1.)) ;
#1521=DIRECTION('Axis2P3D Direction',(-0.,1.,0.)) ;
#1522=DIRECTION('Axis2P3D XDirection',(1.,0.,0.)) ;
#1526=DIRECTION('Vector Direction',(0.,0.,-1.)) ;
#1533=DIRECTION('Vector Direction',(1.,0.,0.)) ;
#1545=DIRECTION('Axis2P3D Direction',(0.,0.,-1.)) ;
#1546=DIRECTION('Axis2P3D XDirection',(0.,-1.,0.)) ;
#1550=DIRECTION('Axis2P3D Direction',(0.,0.,-1.)) ;
#1557=DIRECTION('Vector Direction',(0.,0.,-1.)) ;
#1569=DIRECTION('Axis2P3D Direction',(-1.,0.,0.)) ;
#1570=DIRECTION('Axis2P3D XDirection',(0.,1.,0.)) ;
#1574=DIRECTION('Vector Direction',(0.,1.,0.)) ;
#1581=DIRECTION('Vector Direction',(0.,0.,-1.)) ;
#1593=DIRECTION('Axis2P3D Direction',(0.,0.,-1.)) ;
#1594=DIRECTION('Axis2P3D XDirection',(-1.83690953073E-016,1.,-0.)) ;
#1598=DIRECTION('Vector Direction',(0.,0.,-1.)) ;
#1605=DIRECTION('Axis2P3D Direction',(0.,0.,-1.)) ;
#1617=DIRECTION('Vector Direction',(-1.,0.,0.)) ;
#1624=DIRECTION('Vector Direction',(0.,0.,-1.)) ;
#1636=DIRECTION('Axis2P3D Direction',(0.,0.,-1.)) ;
#1637=DIRECTION('Axis2P3D XDirection',(-1.,-1.83690953073E-016,-0.)) ;
#1649=DIRECTION('Vector Direction',(0.,0.,-1.)) ;
#1681=DIRECTION('Vector Direction',(0.,0.,-1.)) ;
#1688=DIRECTION('Vector Direction',(0.,-1.,0.)) ;
#1700=DIRECTION('Axis2P3D Direction',(0.,0.,-1.)) ;
#1701=DIRECTION('Axis2P3D XDirection',(1.83690953073E-016,-1.,-0.)) ;
#1738=DIRECTION('Axis2P3D Direction',(0.,0.,1.)) ;
#1739=DIRECTION('Axis2P3D XDirection',(1.,0.,0.)) ;
#1743=DIRECTION('Vector Direction',(0.,0.,1.)) ;
#1748=DIRECTION('Vector Direction',(0.,0.,1.)) ;
#1767=DIRECTION('Axis2P3D Direction',(0.,0.,-1.)) ;
#1768=DIRECTION('Axis2P3D XDirection',(1.,0.,0.)) ;
#1772=DIRECTION('Vector Direction',(0.,0.,-1.)) ;
#1777=DIRECTION('Vector Direction',(0.,0.,-1.)) ;
#1789=DIRECTION('Axis2P3D Direction',(-0.,-1.,-0.)) ;
#1790=DIRECTION('Axis2P3D XDirection',(-1.,0.,0.)) ;
#1794=DIRECTION('Vector Direction',(0.,0.,-1.)) ;
#1806=DIRECTION('Axis2P3D Direction',(0.,0.,-1.)) ;
#1807=DIRECTION('Axis2P3D XDirection',(0.,-1.,0.)) ;
#1811=DIRECTION('Vector Direction',(0.,0.,-1.)) ;
#1823=DIRECTION('Axis2P3D Direction',(1.,0.,0.)) ;
#1824=DIRECTION('Axis2P3D XDirection',(0.,-1.,0.)) ;
#1828=DIRECTION('Vector Direction',(0.,0.,-1.)) ;
#1840=DIRECTION('Axis2P3D Direction',(0.,0.,-1.)) ;
#1841=DIRECTION('Axis2P3D XDirection',(-1.,0.,0.)) ;
#1845=DIRECTION('Vector Direction',(0.,0.,-1.)) ;
#1857=DIRECTION('Axis2P3D Direction',(-0.,1.,0.)) ;
#1858=DIRECTION('Axis2P3D XDirection',(1.,0.,0.)) ;
#1862=DIRECTION('Vector Direction',(0.,0.,-1.)) ;
#1874=DIRECTION('Axis2P3D Direction',(0.,0.,-1.)) ;
#1875=DIRECTION('Axis2P3D XDirection',(0.,1.,0.)) ;
#1879=DIRECTION('Vector Direction',(0.,0.,-1.)) ;
#1891=DIRECTION('Axis2P3D Direction',(-1.,0.,0.)) ;
#1892=DIRECTION('Axis2P3D XDirection',(0.,1.,0.)) ;
#1903=DIRECTION('Axis2P3D Direction',(0.,0.,1.)) ;
#1904=DIRECTION('Axis2P3D XDirection',(1.,0.,0.)) ;
#1908=DIRECTION('Vector Direction',(0.,0.,1.)) ;
#1913=DIRECTION('Vector Direction',(0.,0.,1.)) ;
#1932=DIRECTION('Axis2P3D Direction',(0.,0.,1.)) ;
#1933=DIRECTION('Axis2P3D XDirection',(-1.,1.01063905508E-015,0.)) ;
#1937=DIRECTION('Vector Direction',(0.,0.,1.)) ;
#1949=DIRECTION('Axis2P3D Direction',(-0.,1.,0.)) ;
#1950=DIRECTION('Axis2P3D XDirection',(1.,0.,0.)) ;
#1954=DIRECTION('Vector Direction',(0.,0.,-1.)) ;
#1966=DIRECTION('Axis2P3D Direction',(-1.,0.,0.)) ;
#1967=DIRECTION('Axis2P3D XDirection',(0.,1.,0.)) ;
#1971=DIRECTION('Vector Direction',(0.,0.,-1.)) ;
#1983=DIRECTION('Axis2P3D Direction',(0.,0.,1.)) ;
#1984=DIRECTION('Axis2P3D XDirection',(-1.83690953073E-016,-1.,-0.)) ;
#1988=DIRECTION('Vector Direction',(0.,0.,1.)) ;
#2000=DIRECTION('Axis2P3D Direction',(-0.,-1.,-0.)) ;
#2001=DIRECTION('Axis2P3D XDirection',(-1.,0.,0.)) ;
#2005=DIRECTION('Vector Direction',(0.,0.,-1.)) ;
#2017=DIRECTION('Axis2P3D Direction',(0.,0.,1.)) ;
#2018=DIRECTION('Axis2P3D XDirection',(-1.,5.66549845232E-016,0.)) ;
#2022=DIRECTION('Vector Direction',(0.,0.,1.)) ;
#2034=DIRECTION('Axis2P3D Direction',(1.,0.,0.)) ;
#2035=DIRECTION('Axis2P3D XDirection',(0.,-1.,0.)) ;
#2039=DIRECTION('Vector Direction',(0.,0.,-1.)) ;
#2051=DIRECTION('Vector Direction',(0.,0.,-1.)) ;
#2063=DIRECTION('Axis2P3D Direction',(1.,0.,0.)) ;
#2064=DIRECTION('Axis2P3D XDirection',(0.,-1.,0.)) ;
#2068=DIRECTION('Vector Direction',(0.,0.,-1.)) ;
#2087=DIRECTION('Axis2P3D Direction',(0.,0.,1.)) ;
#2088=DIRECTION('Axis2P3D XDirection',(1.,0.,0.)) ;
#2092=DIRECTION('Vector Direction',(0.,0.,1.)) ;
#2099=DIRECTION('Axis2P3D Direction',(0.,0.,1.)) ;
#2106=DIRECTION('Vector Direction',(0.,0.,1.)) ;
#2118=DIRECTION('Axis2P3D Direction',(0.,0.,1.)) ;
#2130=DIRECTION('Axis2P3D Direction',(0.,0.,1.)) ;
#2131=DIRECTION('Axis2P3D XDirection',(1.,0.,0.)) ;
#2135=DIRECTION('Vector Direction',(0.,0.,1.)) ;
#2140=DIRECTION('Vector Direction',(0.,0.,1.)) ;
#2159=DIRECTION('Axis2P3D Direction',(0.,0.,1.)) ;
#2160=DIRECTION('Axis2P3D XDirection',(1.,0.,0.)) ;
#2164=DIRECTION('Vector Direction',(0.,0.,1.)) ;
#2169=DIRECTION('Vector Direction',(0.,0.,1.)) ;
#2188=DIRECTION('Axis2P3D Direction',(0.,0.,1.)) ;
#2189=DIRECTION('Axis2P3D XDirection',(1.,0.,0.)) ;
#2193=DIRECTION('Vector Direction',(0.,0.,1.)) ;
#2198=DIRECTION('Vector Direction',(0.,0.,1.)) ;
#2217=DIRECTION('Axis2P3D Direction',(0.,0.,1.)) ;
#2218=DIRECTION('Axis2P3D XDirection',(1.,0.,0.)) ;
#2222=DIRECTION('Vector Direction',(0.,0.,1.)) ;
#2227=DIRECTION('Vector Direction',(0.,0.,1.)) ;
#2246=DIRECTION('Axis2P3D Direction',(0.,0.,1.)) ;
#2247=DIRECTION('Axis2P3D XDirection',(1.,0.,0.)) ;
#2251=DIRECTION('Vector Direction',(0.,0.,1.)) ;
#2256=DIRECTION('Vector Direction',(0.,0.,1.)) ;
#2275=DIRECTION('Axis2P3D Direction',(0.,0.,1.)) ;
#2276=DIRECTION('Axis2P3D XDirection',(-1.,1.22460635382E-016,0.)) ;
#2280=DIRECTION('Vector Direction',(0.,0.,1.)) ;
#2285=DIRECTION('Vector Direction',(0.,0.,1.)) ;
#2304=DIRECTION('Axis2P3D Direction',(0.,0.,1.)) ;
#2305=DIRECTION('Axis2P3D XDirection',(-1.,1.22460635382E-016,0.)) ;
#2309=DIRECTION('Vector Direction',(0.,0.,1.)) ;
#2314=DIRECTION('Vector Direction',(0.,0.,1.)) ;
#2333=DIRECTION('Axis2P3D Direction',(0.,0.,1.)) ;
#2334=DIRECTION('Axis2P3D XDirection',(-1.,1.22460635382E-016,0.)) ;
#2338=DIRECTION('Vector Direction',(0.,0.,1.)) ;
#2343=DIRECTION('Vector Direction',(0.,0.,1.)) ;
#2362=DIRECTION('Axis2P3D Direction',(0.,0.,1.)) ;
#2363=DIRECTION('Axis2P3D XDirection',(-1.,1.22460635382E-016,0.)) ;
#2367=DIRECTION('Vector Direction',(0.,0.,1.)) ;
#2372=DIRECTION('Vector Direction',(0.,0.,1.)) ;
#2391=DIRECTION('Axis2P3D Direction',(0.,0.,1.)) ;
#2392=DIRECTION('Axis2P3D XDirection',(-1.,1.22460635382E-016,0.)) ;
#2396=DIRECTION('Vector Direction',(0.,0.,1.)) ;
#2401=DIRECTION('Vector Direction',(0.,0.,1.)) ;
#2420=DIRECTION('Axis2P3D Direction',(0.,-0.707106781187,0.707106781187)) ;
#2421=DIRECTION('Axis2P3D XDirection',(-1.,0.,0.)) ;
#2431=DIRECTION('Vector Direction',(-1.,0.,0.)) ;
#2451=DIRECTION('Axis2P3D Direction',(0.707106781187,0.,0.707106781187)) ;
#2452=DIRECTION('Axis2P3D XDirection',(0.,-1.,0.)) ;
#2456=DIRECTION('Vector Direction',(0.,-1.,0.)) ;
#2482=DIRECTION('Axis2P3D Direction',(0.57735026919,-0.57735026919,-0.57735026919)) ;
#2483=DIRECTION('Axis2P3D XDirection',(0.707106781187,1.94289029309E-015,0.707106781187)) ;
#2505=DIRECTION('Axis2P3D Direction',(-0.,-0.707106781187,-0.707106781187)) ;
#2506=DIRECTION('Axis2P3D XDirection',(-1.,0.,0.)) ;
#2516=DIRECTION('Vector Direction',(0.,0.707106781187,-0.707106781187)) ;
#2523=DIRECTION('Vector Direction',(-1.,0.,0.)) ;
#2536=DIRECTION('Axis2P3D Direction',(0.57735026919,0.57735026919,-0.57735026919)) ;
#2537=DIRECTION('Axis2P3D XDirection',(-7.54951656745E-015,0.707106781187,0.707106781187)) ;
#2559=DIRECTION('Axis2P3D Direction',(-1.13686837722E-013,-1.13686837722E-013,-1.)) ;
#2560=DIRECTION('Axis2P3D XDirection',(0.258819045103,0.965925826289,-1.39216308988E-013)) ;
#2564=DIRECTION('Vector Direction',(-0.707106781187,2.41166201654E-013,-0.707106781186)) ;
#2571=DIRECTION('Axis2P3D Direction',(7.76495542018E-014,-2.0806135341E-014,1.)) ;
#2583=DIRECTION('Axis2P3D Direction',(-0.707106781187,0.,0.707106781187)) ;
#2584=DIRECTION('Axis2P3D XDirection',(0.,1.,0.)) ;
#2588=DIRECTION('Vector Direction',(-0.707106781187,0.,-0.707106781187)) ;
#2593=DIRECTION('Vector Direction',(0.,1.,0.)) ;
#2606=DIRECTION('Axis2P3D Direction',(-0.,-2.84217094304E-014,1.)) ;
#2607=DIRECTION('Axis2P3D XDirection',(-0.258819045103,-0.965925826289,-2.73954515321E-014)) ;
#2611=DIRECTION('Vector Direction',(1.60777467769E-013,-0.707106781187,0.707106781187)) ;
#2623=DIRECTION('Axis2P3D Direction',(-0.,0.707106781187,0.707106781187)) ;
#2624=DIRECTION('Axis2P3D XDirection',(1.,0.,0.)) ;
#2628=DIRECTION('Vector Direction',(0.,0.707106781187,-0.707106781187)) ;
#2640=DIRECTION('Axis2P3D Direction',(-0.,-0.,1.)) ;
#2641=DIRECTION('Axis2P3D XDirection',(-0.965925826289,0.258819045103,0.)) ;
#2645=DIRECTION('Vector Direction',(-0.707106781187,-2.00971834712E-013,0.707106781187)) ;
#2657=DIRECTION('Axis2P3D Direction',(-0.707106781187,0.,-0.707106781187)) ;
#2658=DIRECTION('Axis2P3D XDirection',(0.,1.,0.)) ;
#2662=DIRECTION('Vector Direction',(0.707106781187,0.,-0.707106781187)) ;
#2669=DIRECTION('Vector Direction',(0.,1.,0.)) ;
#2682=DIRECTION('Axis2P3D Direction',(0.,0.,-1.)) ;
#2683=DIRECTION('Axis2P3D XDirection',(0.965925826289,-0.258819045103,0.)) ;
#2687=DIRECTION('Vector Direction',(1.56758031075E-012,0.707106781187,-0.707106781187)) ;
#2694=DIRECTION('Axis2P3D Direction',(-0.,0.,1.)) ;
#2706=DIRECTION('Axis2P3D Direction',(-0.,-0.707106781187,-0.707106781187)) ;
#2707=DIRECTION('Axis2P3D XDirection',(-1.,0.,0.)) ;
#2717=DIRECTION('Vector Direction',(-1.,0.,0.)) ;
#2730=DIRECTION('Axis2P3D Direction',(0.707106781187,0.,-0.707106781187)) ;
#2731=DIRECTION('Axis2P3D XDirection',(0.,-1.,0.)) ;
#2741=DIRECTION('Vector Direction',(0.,-1.,0.)) ;
#2746=DIRECTION('Vector Direction',(0.,-1.,0.)) ;
#2768=DIRECTION('Axis2P3D Direction',(-0.57735026919,0.57735026919,-0.57735026919)) ;
#2769=DIRECTION('Axis2P3D XDirection',(-0.707106781187,-7.21644966006E-016,0.707106781187)) ;
#2791=DIRECTION('Axis2P3D Direction',(-0.57735026919,-0.57735026919,-0.57735026919)) ;
#2792=DIRECTION('Axis2P3D XDirection',(1.44328993201E-015,-0.707106781187,0.707106781187)) ;
#48=AXIS2_PLACEMENT_3D(' ',#47,$,$) ;
#55=AXIS2_PLACEMENT_3D('Plane Axis2P3D',#52,#53,#54) ;
#119=AXIS2_PLACEMENT_3D('Plane Axis2P3D',#116,#117,#118) ;
#150=AXIS2_PLACEMENT_3D('Plane Axis2P3D',#147,#148,#149) ;
#174=AXIS2_PLACEMENT_3D('Plane Axis2P3D',#171,#172,#173) ;
#204=AXIS2_PLACEMENT_3D('Circle Axis2P3D',#202,#203,$) ;
#218=AXIS2_PLACEMENT_3D('Circle Axis2P3D',#216,#217,$) ;
#240=AXIS2_PLACEMENT_3D('Plane Axis2P3D',#237,#238,#239) ;
#264=AXIS2_PLACEMENT_3D('Plane Axis2P3D',#261,#262,#263) ;
#281=AXIS2_PLACEMENT_3D('Circle Axis2P3D',#279,#280,$) ;
#290=AXIS2_PLACEMENT_3D('Circle Axis2P3D',#288,#289,$) ;
#300=AXIS2_PLACEMENT_3D('Circle Axis2P3D',#298,#299,$) ;
#316=AXIS2_PLACEMENT_3D('Circle Axis2P3D',#314,#315,$) ;
#330=AXIS2_PLACEMENT_3D('Circle Axis2P3D',#328,#329,$) ;
#344=AXIS2_PLACEMENT_3D('Circle Axis2P3D',#342,#343,$) ;
#367=AXIS2_PLACEMENT_3D('Circle Axis2P3D',#365,#366,$) ;
#376=AXIS2_PLACEMENT_3D('Circle Axis2P3D',#374,#375,$) ;
#386=AXIS2_PLACEMENT_3D('Circle Axis2P3D',#384,#385,$) ;
#402=AXIS2_PLACEMENT_3D('Circle Axis2P3D',#400,#401,$) ;
#430=AXIS2_PLACEMENT_3D('Circle Axis2P3D',#428,#429,$) ;
#444=AXIS2_PLACEMENT_3D('Circle Axis2P3D',#442,#443,$) ;
#493=AXIS2_PLACEMENT_3D('Circle Axis2P3D',#491,#492,$) ;
#502=AXIS2_PLACEMENT_3D('Circle Axis2P3D',#500,#501,$) ;
#512=AXIS2_PLACEMENT_3D('Circle Axis2P3D',#510,#511,$) ;
#521=AXIS2_PLACEMENT_3D('Circle Axis2P3D',#519,#520,$) ;
#531=AXIS2_PLACEMENT_3D('Circle Axis2P3D',#529,#530,$) ;
#540=AXIS2_PLACEMENT_3D('Circle Axis2P3D',#538,#539,$) ;
#550=AXIS2_PLACEMENT_3D('Circle Axis2P3D',#548,#549,$) ;
#559=AXIS2_PLACEMENT_3D('Circle Axis2P3D',#557,#558,$) ;
#569=AXIS2_PLACEMENT_3D('Circle Axis2P3D',#567,#568,$) ;
#578=AXIS2_PLACEMENT_3D('Circle Axis2P3D',#576,#577,$) ;
#588=AXIS2_PLACEMENT_3D('Circle Axis2P3D',#586,#587,$) ;
#597=AXIS2_PLACEMENT_3D('Circle Axis2P3D',#595,#596,$) ;
#607=AXIS2_PLACEMENT_3D('Circle Axis2P3D',#605,#606,$) ;
#616=AXIS2_PLACEMENT_3D('Circle Axis2P3D',#614,#615,$) ;
#626=AXIS2_PLACEMENT_3D('Circle Axis2P3D',#624,#625,$) ;
#635=AXIS2_PLACEMENT_3D('Circle Axis2P3D',#633,#634,$) ;
#645=AXIS2_PLACEMENT_3D('Circle Axis2P3D',#643,#644,$) ;
#654=AXIS2_PLACEMENT_3D('Circle Axis2P3D',#652,#653,$) ;
#664=AXIS2_PLACEMENT_3D('Circle Axis2P3D',#662,#663,$) ;
#673=AXIS2_PLACEMENT_3D('Circle Axis2P3D',#671,#672,$) ;
#684=AXIS2_PLACEMENT_3D('Cylinder Axis2P3D',#681,#682,#683) ;
#702=AXIS2_PLACEMENT_3D('Circle Axis2P3D',#700,#701,$) ;
#715=AXIS2_PLACEMENT_3D('Plane Axis2P3D',#712,#713,#714) ;
#719=AXIS2_PLACEMENT_3D('Circle Axis2P3D',#717,#718,$) ;
#735=AXIS2_PLACEMENT_3D('Circle Axis2P3D',#733,#734,$) ;
#749=AXIS2_PLACEMENT_3D('Circle Axis2P3D',#747,#748,$) ;
#763=AXIS2_PLACEMENT_3D('Circle Axis2P3D',#761,#762,$) ;
#777=AXIS2_PLACEMENT_3D('Circle Axis2P3D',#775,#776,$) ;
#791=AXIS2_PLACEMENT_3D('Circle Axis2P3D',#789,#790,$) ;
#805=AXIS2_PLACEMENT_3D('Circle Axis2P3D',#803,#804,$) ;
#819=AXIS2_PLACEMENT_3D('Circle Axis2P3D',#817,#818,$) ;
#849=AXIS2_PLACEMENT_3D('Circle Axis2P3D',#847,#848,$) ;
#858=AXIS2_PLACEMENT_3D('Circle Axis2P3D',#856,#857,$) ;
#876=AXIS2_PLACEMENT_3D('Circle Axis2P3D',#874,#875,$) ;
#890=AXIS2_PLACEMENT_3D('Circle Axis2P3D',#888,#889,$) ;
#904=AXIS2_PLACEMENT_3D('Circle Axis2P3D',#902,#903,$) ;
#918=AXIS2_PLACEMENT_3D('Circle Axis2P3D',#916,#917,$) ;
#933=AXIS2_PLACEMENT_3D('Circle Axis2P3D',#931,#932,$) ;
#942=AXIS2_PLACEMENT_3D('Circle Axis2P3D',#940,#941,$) ;
#981=AXIS2_PLACEMENT_3D('Circle Axis2P3D',#979,#980,$) ;
#995=AXIS2_PLACEMENT_3D('Circle Axis2P3D',#993,#994,$) ;
#1028=AXIS2_PLACEMENT_3D('Circle Axis2P3D',#1026,#1027,$) ;
#1048=AXIS2_PLACEMENT_3D('Circle Axis2P3D',#1046,#1047,$) ;
#1057=AXIS2_PLACEMENT_3D('Circle Axis2P3D',#1055,#1056,$) ;
#1066=AXIS2_PLACEMENT_3D('Circle Axis2P3D',#1064,#1065,$) ;
#1075=AXIS2_PLACEMENT_3D('Circle Axis2P3D',#1073,#1074,$) ;
#1084=AXIS2_PLACEMENT_3D('Circle Axis2P3D',#1082,#1083,$) ;
#1093=AXIS2_PLACEMENT_3D('Circle Axis2P3D',#1091,#1092,$) ;
#1102=AXIS2_PLACEMENT_3D('Circle Axis2P3D',#1100,#1101,$) ;
#1111=AXIS2_PLACEMENT_3D('Circle Axis2P3D',#1109,#1110,$) ;
#1120=AXIS2_PLACEMENT_3D('Circle Axis2P3D',#1118,#1119,$) ;
#1129=AXIS2_PLACEMENT_3D('Circle Axis2P3D',#1127,#1128,$) ;
#1138=AXIS2_PLACEMENT_3D('Circle Axis2P3D',#1136,#1137,$) ;
#1147=AXIS2_PLACEMENT_3D('Circle Axis2P3D',#1145,#1146,$) ;
#1156=AXIS2_PLACEMENT_3D('Circle Axis2P3D',#1154,#1155,$) ;
#1165=AXIS2_PLACEMENT_3D('Circle Axis2P3D',#1163,#1164,$) ;
#1174=AXIS2_PLACEMENT_3D('Circle Axis2P3D',#1172,#1173,$) ;
#1183=AXIS2_PLACEMENT_3D('Circle Axis2P3D',#1181,#1182,$) ;
#1192=AXIS2_PLACEMENT_3D('Circle Axis2P3D',#1190,#1191,$) ;
#1201=AXIS2_PLACEMENT_3D('Circle Axis2P3D',#1199,#1200,$) ;
#1210=AXIS2_PLACEMENT_3D('Circle Axis2P3D',#1208,#1209,$) ;
#1219=AXIS2_PLACEMENT_3D('Circle Axis2P3D',#1217,#1218,$) ;
#1228=AXIS2_PLACEMENT_3D('Circle Axis2P3D',#1226,#1227,$) ;
#1237=AXIS2_PLACEMENT_3D('Circle Axis2P3D',#1235,#1236,$) ;
#1248=AXIS2_PLACEMENT_3D('Plane Axis2P3D',#1245,#1246,#1247) ;
#1265=AXIS2_PLACEMENT_3D('Plane Axis2P3D',#1262,#1263,#1264) ;
#1282=AXIS2_PLACEMENT_3D('Plane Axis2P3D',#1279,#1280,#1281) ;
#1313=AXIS2_PLACEMENT_3D('Cylinder Axis2P3D',#1310,#1311,#1312) ;
#1358=AXIS2_PLACEMENT_3D('Plane Axis2P3D',#1355,#1356,#1357) ;
#1382=AXIS2_PLACEMENT_3D('Cylinder Axis2P3D',#1379,#1380,#1381) ;
#1427=AXIS2_PLACEMENT_3D('Plane Axis2P3D',#1424,#1425,#1426) ;
#1451=AXIS2_PLACEMENT_3D('Cylinder Axis2P3D',#1448,#1449,#1450) ;
#1462=AXIS2_PLACEMENT_3D('Circle Axis2P3D',#1460,#1461,$) ;
#1475=AXIS2_PLACEMENT_3D('Plane Axis2P3D',#1472,#1473,#1474) ;
#1499=AXIS2_PLACEMENT_3D('Cylinder Axis2P3D',#1496,#1497,#1498) ;
#1503=AXIS2_PLACEMENT_3D('Circle Axis2P3D',#1501,#1502,$) ;
#1523=AXIS2_PLACEMENT_3D('Plane Axis2P3D',#1520,#1521,#1522) ;
#1547=AXIS2_PLACEMENT_3D('Cylinder Axis2P3D',#1544,#1545,#1546) ;
#1551=AXIS2_PLACEMENT_3D('Circle Axis2P3D',#1549,#1550,$) ;
#1571=AXIS2_PLACEMENT_3D('Plane Axis2P3D',#1568,#1569,#1570) ;
#1595=AXIS2_PLACEMENT_3D('Cylinder Axis2P3D',#1592,#1593,#1594) ;
#1606=AXIS2_PLACEMENT_3D('Circle Axis2P3D',#1604,#1605,$) ;
#1638=AXIS2_PLACEMENT_3D('Cylinder Axis2P3D',#1635,#1636,#1637) ;
#1702=AXIS2_PLACEMENT_3D('Cylinder Axis2P3D',#1699,#1700,#1701) ;
#1740=AXIS2_PLACEMENT_3D('Cylinder Axis2P3D',#1737,#1738,#1739) ;
#1769=AXIS2_PLACEMENT_3D('Cylinder Axis2P3D',#1766,#1767,#1768) ;
#1791=AXIS2_PLACEMENT_3D('Plane Axis2P3D',#1788,#1789,#1790) ;
#1808=AXIS2_PLACEMENT_3D('Cylinder Axis2P3D',#1805,#1806,#1807) ;
#1825=AXIS2_PLACEMENT_3D('Plane Axis2P3D',#1822,#1823,#1824) ;
#1842=AXIS2_PLACEMENT_3D('Cylinder Axis2P3D',#1839,#1840,#1841) ;
#1859=AXIS2_PLACEMENT_3D('Plane Axis2P3D',#1856,#1857,#1858) ;
#1876=AXIS2_PLACEMENT_3D('Cylinder Axis2P3D',#1873,#1874,#1875) ;
#1893=AXIS2_PLACEMENT_3D('Plane Axis2P3D',#1890,#1891,#1892) ;
#1905=AXIS2_PLACEMENT_3D('Cylinder Axis2P3D',#1902,#1903,#1904) ;
#1934=AXIS2_PLACEMENT_3D('Cylinder Axis2P3D',#1931,#1932,#1933) ;
#1951=AXIS2_PLACEMENT_3D('Plane Axis2P3D',#1948,#1949,#1950) ;
#1968=AXIS2_PLACEMENT_3D('Plane Axis2P3D',#1965,#1966,#1967) ;
#1985=AXIS2_PLACEMENT_3D('Cylinder Axis2P3D',#1982,#1983,#1984) ;
#2002=AXIS2_PLACEMENT_3D('Plane Axis2P3D',#1999,#2000,#2001) ;
#2019=AXIS2_PLACEMENT_3D('Cylinder Axis2P3D',#2016,#2017,#2018) ;
#2036=AXIS2_PLACEMENT_3D('Plane Axis2P3D',#2033,#2034,#2035) ;
#2065=AXIS2_PLACEMENT_3D('Plane Axis2P3D',#2062,#2063,#2064) ;
#2089=AXIS2_PLACEMENT_3D('Cylinder Axis2P3D',#2086,#2087,#2088) ;
#2100=AXIS2_PLACEMENT_3D('Circle Axis2P3D',#2098,#2099,$) ;
#2119=AXIS2_PLACEMENT_3D('Circle Axis2P3D',#2117,#2118,$) ;
#2132=AXIS2_PLACEMENT_3D('Cylinder Axis2P3D',#2129,#2130,#2131) ;
#2161=AXIS2_PLACEMENT_3D('Cylinder Axis2P3D',#2158,#2159,#2160) ;
#2190=AXIS2_PLACEMENT_3D('Cylinder Axis2P3D',#2187,#2188,#2189) ;
#2219=AXIS2_PLACEMENT_3D('Cylinder Axis2P3D',#2216,#2217,#2218) ;
#2248=AXIS2_PLACEMENT_3D('Cylinder Axis2P3D',#2245,#2246,#2247) ;
#2277=AXIS2_PLACEMENT_3D('Cylinder Axis2P3D',#2274,#2275,#2276) ;
#2306=AXIS2_PLACEMENT_3D('Cylinder Axis2P3D',#2303,#2304,#2305) ;
#2335=AXIS2_PLACEMENT_3D('Cylinder Axis2P3D',#2332,#2333,#2334) ;
#2364=AXIS2_PLACEMENT_3D('Cylinder Axis2P3D',#2361,#2362,#2363) ;
#2393=AXIS2_PLACEMENT_3D('Cylinder Axis2P3D',#2390,#2391,#2392) ;
#2422=AXIS2_PLACEMENT_3D('Plane Axis2P3D',#2419,#2420,#2421) ;
#2453=AXIS2_PLACEMENT_3D('Plane Axis2P3D',#2450,#2451,#2452) ;
#2484=AXIS2_PLACEMENT_3D('Cylinder Axis2P3D',#2481,#2482,#2483) ;
#2507=AXIS2_PLACEMENT_3D('Plane Axis2P3D',#2504,#2505,#2506) ;
#2538=AXIS2_PLACEMENT_3D('Cylinder Axis2P3D',#2535,#2536,#2537) ;
#2561=AXIS2_PLACEMENT_3D('Cone Axis2P3D',#2558,#2559,#2560) ;
#2572=AXIS2_PLACEMENT_3D('Circle Axis2P3D',#2570,#2571,$) ;
#2585=AXIS2_PLACEMENT_3D('Plane Axis2P3D',#2582,#2583,#2584) ;
#2608=AXIS2_PLACEMENT_3D('Cone Axis2P3D',#2605,#2606,#2607) ;
#2625=AXIS2_PLACEMENT_3D('Plane Axis2P3D',#2622,#2623,#2624) ;
#2642=AXIS2_PLACEMENT_3D('Cone Axis2P3D',#2639,#2640,#2641) ;
#2659=AXIS2_PLACEMENT_3D('Plane Axis2P3D',#2656,#2657,#2658) ;
#2684=AXIS2_PLACEMENT_3D('Cone Axis2P3D',#2681,#2682,#2683) ;
#2695=AXIS2_PLACEMENT_3D('Circle Axis2P3D',#2693,#2694,$) ;
#2708=AXIS2_PLACEMENT_3D('Plane Axis2P3D',#2705,#2706,#2707) ;
#2732=AXIS2_PLACEMENT_3D('Plane Axis2P3D',#2729,#2730,#2731) ;
#2770=AXIS2_PLACEMENT_3D('Cylinder Axis2P3D',#2767,#2768,#2769) ;
#2793=AXIS2_PLACEMENT_3D('Cylinder Axis2P3D',#2790,#2791,#2792) ;
#40=PRODUCT_DEFINITION_SHAPE(' ',' ',#14) ;
#31=APPROVAL_PERSON_ORGANIZATION(#25,#21,#19) ;
#25=PERSON_AND_ORGANIZATION(#22,#23) ;
#22=PERSON(' ',' ',' ',$,$,$) ;
#23=ORGANIZATION(' ',' ',' ') ;
#21=APPROVAL(#20,' ') ;
#20=APPROVAL_STATUS('not_yet_approved') ;
#19=APPROVAL_ROLE('APPROVER') ;
#13=DATE_AND_TIME(#11,#12) ;
#12=LOCAL_TIME(22,48,59.,#10) ;
#10=COORDINATED_UNIVERSAL_TIME_OFFSET(0,0,.AHEAD.) ;
#107=ORIENTED_EDGE('',*,*,#65,.F.) ;
#108=ORIENTED_EDGE('',*,*,#72,.T.) ;
#109=ORIENTED_EDGE('',*,*,#79,.T.) ;
#110=ORIENTED_EDGE('',*,*,#86,.T.) ;
#111=ORIENTED_EDGE('',*,*,#93,.T.) ;
#112=ORIENTED_EDGE('',*,*,#100,.T.) ;
#113=ORIENTED_EDGE('',*,*,#105,.F.) ;
#141=ORIENTED_EDGE('',*,*,#105,.T.) ;
#142=ORIENTED_EDGE('',*,*,#127,.T.) ;
#143=ORIENTED_EDGE('',*,*,#134,.T.) ;
#144=ORIENTED_EDGE('',*,*,#139,.T.) ;
#165=ORIENTED_EDGE('',*,*,#100,.F.) ;
#166=ORIENTED_EDGE('',*,*,#158,.T.) ;
#167=ORIENTED_EDGE('',*,*,#163,.T.) ;
#168=ORIENTED_EDGE('',*,*,#127,.F.) ;
#189=ORIENTED_EDGE('',*,*,#182,.F.) ;
#190=ORIENTED_EDGE('',*,*,#187,.F.) ;
#191=ORIENTED_EDGE('',*,*,#158,.F.) ;
#192=ORIENTED_EDGE('',*,*,#93,.F.) ;
#229=ORIENTED_EDGE('',*,*,#201,.F.) ;
#230=ORIENTED_EDGE('',*,*,#208,.F.) ;
#231=ORIENTED_EDGE('',*,*,#215,.F.) ;
#232=ORIENTED_EDGE('',*,*,#222,.F.) ;
#233=ORIENTED_EDGE('',*,*,#227,.F.) ;
#234=ORIENTED_EDGE('',*,*,#79,.F.) ;
#255=ORIENTED_EDGE('',*,*,#248,.F.) ;
#256=ORIENTED_EDGE('',*,*,#253,.T.) ;
#257=ORIENTED_EDGE('',*,*,#65,.T.) ;
#258=ORIENTED_EDGE('',*,*,#139,.F.) ;
#272=ORIENTED_EDGE('',*,*,#163,.F.) ;
#273=ORIENTED_EDGE('',*,*,#187,.T.) ;
#274=ORIENTED_EDGE('',*,*,#270,.T.) ;
#275=ORIENTED_EDGE('',*,*,#248,.T.) ;
#276=ORIENTED_EDGE('',*,*,#134,.F.) ;
#294=ORIENTED_EDGE('',*,*,#287,.F.) ;
#295=ORIENTED_EDGE('',*,*,#292,.F.) ;
#355=ORIENTED_EDGE('',*,*,#306,.T.) ;
#356=ORIENTED_EDGE('',*,*,#313,.F.) ;
#357=ORIENTED_EDGE('',*,*,#320,.T.) ;
#358=ORIENTED_EDGE('',*,*,#327,.F.) ;
#359=ORIENTED_EDGE('',*,*,#334,.T.) ;
#360=ORIENTED_EDGE('',*,*,#341,.F.) ;
#361=ORIENTED_EDGE('',*,*,#348,.T.) ;
#362=ORIENTED_EDGE('',*,*,#353,.F.) ;
#380=ORIENTED_EDGE('',*,*,#373,.F.) ;
#381=ORIENTED_EDGE('',*,*,#378,.F.) ;
#476=ORIENTED_EDGE('',*,*,#392,.F.) ;
#477=ORIENTED_EDGE('',*,*,#399,.F.) ;
#478=ORIENTED_EDGE('',*,*,#406,.F.) ;
#479=ORIENTED_EDGE('',*,*,#413,.F.) ;
#480=ORIENTED_EDGE('',*,*,#420,.F.) ;
#481=ORIENTED_EDGE('',*,*,#427,.F.) ;
#482=ORIENTED_EDGE('',*,*,#434,.F.) ;
#483=ORIENTED_EDGE('',*,*,#441,.F.) ;
#484=ORIENTED_EDGE('',*,*,#448,.F.) ;
#485=ORIENTED_EDGE('',*,*,#455,.F.) ;
#486=ORIENTED_EDGE('',*,*,#462,.F.) ;
#487=ORIENTED_EDGE('',*,*,#469,.F.) ;
#488=ORIENTED_EDGE('',*,*,#474,.F.) ;
#506=ORIENTED_EDGE('',*,*,#499,.F.) ;
#507=ORIENTED_EDGE('',*,*,#504,.F.) ;
#525=ORIENTED_EDGE('',*,*,#518,.F.) ;
#526=ORIENTED_EDGE('',*,*,#523,.F.) ;
#544=ORIENTED_EDGE('',*,*,#537,.F.) ;
#545=ORIENTED_EDGE('',*,*,#542,.F.) ;
#563=ORIENTED_EDGE('',*,*,#556,.F.) ;
#564=ORIENTED_EDGE('',*,*,#561,.F.) ;
#582=ORIENTED_EDGE('',*,*,#575,.F.) ;
#583=ORIENTED_EDGE('',*,*,#580,.F.) ;
#601=ORIENTED_EDGE('',*,*,#594,.F.) ;
#602=ORIENTED_EDGE('',*,*,#599,.F.) ;
#620=ORIENTED_EDGE('',*,*,#613,.F.) ;
#621=ORIENTED_EDGE('',*,*,#618,.F.) ;
#639=ORIENTED_EDGE('',*,*,#632,.F.) ;
#640=ORIENTED_EDGE('',*,*,#637,.F.) ;
#658=ORIENTED_EDGE('',*,*,#651,.F.) ;
#659=ORIENTED_EDGE('',*,*,#656,.F.) ;
#677=ORIENTED_EDGE('',*,*,#670,.F.) ;
#678=ORIENTED_EDGE('',*,*,#675,.F.) ;
#706=ORIENTED_EDGE('',*,*,#692,.F.) ;
#707=ORIENTED_EDGE('',*,*,#406,.T.) ;
#708=ORIENTED_EDGE('',*,*,#699,.T.) ;
#709=ORIENTED_EDGE('',*,*,#704,.F.) ;
#830=ORIENTED_EDGE('',*,*,#725,.F.) ;
#831=ORIENTED_EDGE('',*,*,#732,.F.) ;
#832=ORIENTED_EDGE('',*,*,#739,.F.) ;
#833=ORIENTED_EDGE('',*,*,#746,.F.) ;
#834=ORIENTED_EDGE('',*,*,#753,.F.) ;
#835=ORIENTED_EDGE('',*,*,#760,.T.) ;
#836=ORIENTED_EDGE('',*,*,#767,.T.) ;
#837=ORIENTED_EDGE('',*,*,#774,.T.) ;
#838=ORIENTED_EDGE('',*,*,#781,.T.) ;
#839=ORIENTED_EDGE('',*,*,#788,.F.) ;
#840=ORIENTED_EDGE('',*,*,#795,.F.) ;
#841=ORIENTED_EDGE('',*,*,#802,.F.) ;
#842=ORIENTED_EDGE('',*,*,#809,.F.) ;
#843=ORIENTED_EDGE('',*,*,#816,.T.) ;
#844=ORIENTED_EDGE('',*,*,#823,.F.) ;
#845=ORIENTED_EDGE('',*,*,#828,.T.) ;
#862=ORIENTED_EDGE('',*,*,#855,.T.) ;
#863=ORIENTED_EDGE('',*,*,#860,.T.) ;
#922=ORIENTED_EDGE('',*,*,#873,.T.) ;
#923=ORIENTED_EDGE('',*,*,#880,.T.) ;
#924=ORIENTED_EDGE('',*,*,#887,.T.) ;
#925=ORIENTED_EDGE('',*,*,#894,.T.) ;
#926=ORIENTED_EDGE('',*,*,#901,.T.) ;
#927=ORIENTED_EDGE('',*,*,#908,.T.) ;
#928=ORIENTED_EDGE('',*,*,#915,.T.) ;
#929=ORIENTED_EDGE('',*,*,#920,.T.) ;
#946=ORIENTED_EDGE('',*,*,#939,.T.) ;
#947=ORIENTED_EDGE('',*,*,#944,.T.) ;
#1032=ORIENTED_EDGE('',*,*,#957,.T.) ;
#1033=ORIENTED_EDGE('',*,*,#964,.T.) ;
#1034=ORIENTED_EDGE('',*,*,#971,.T.) ;
#1035=ORIENTED_EDGE('',*,*,#978,.T.) ;
#1036=ORIENTED_EDGE('',*,*,#985,.T.) ;
#1037=ORIENTED_EDGE('',*,*,#992,.T.) ;
#1038=ORIENTED_EDGE('',*,*,#999,.T.) ;
#1039=ORIENTED_EDGE('',*,*,#1006,.T.) ;
#1040=ORIENTED_EDGE('',*,*,#1013,.T.) ;
#1041=ORIENTED_EDGE('',*,*,#1018,.T.) ;
#1042=ORIENTED_EDGE('',*,*,#704,.T.) ;
#1043=ORIENTED_EDGE('',*,*,#1025,.T.) ;
#1044=ORIENTED_EDGE('',*,*,#1030,.T.) ;
#1061=ORIENTED_EDGE('',*,*,#1054,.T.) ;
#1062=ORIENTED_EDGE('',*,*,#1059,.T.) ;
#1079=ORIENTED_EDGE('',*,*,#1072,.T.) ;
#1080=ORIENTED_EDGE('',*,*,#1077,.T.) ;
#1097=ORIENTED_EDGE('',*,*,#1090,.T.) ;
#1098=ORIENTED_EDGE('',*,*,#1095,.T.) ;
#1115=ORIENTED_EDGE('',*,*,#1108,.T.) ;
#1116=ORIENTED_EDGE('',*,*,#1113,.T.) ;
#1133=ORIENTED_EDGE('',*,*,#1126,.T.) ;
#1134=ORIENTED_EDGE('',*,*,#1131,.T.) ;
#1151=ORIENTED_EDGE('',*,*,#1144,.T.) ;
#1152=ORIENTED_EDGE('',*,*,#1149,.T.) ;
#1169=ORIENTED_EDGE('',*,*,#1162,.T.) ;
#1170=ORIENTED_EDGE('',*,*,#1167,.T.) ;
#1187=ORIENTED_EDGE('',*,*,#1180,.T.) ;
#1188=ORIENTED_EDGE('',*,*,#1185,.T.) ;
#1205=ORIENTED_EDGE('',*,*,#1198,.T.) ;
#1206=ORIENTED_EDGE('',*,*,#1203,.T.) ;
#1223=ORIENTED_EDGE('',*,*,#1216,.T.) ;
#1224=ORIENTED_EDGE('',*,*,#1221,.T.) ;
#1241=ORIENTED_EDGE('',*,*,#1234,.T.) ;
#1242=ORIENTED_EDGE('',*,*,#1239,.T.) ;
#1256=ORIENTED_EDGE('',*,*,#699,.F.) ;
#1257=ORIENTED_EDGE('',*,*,#399,.T.) ;
#1258=ORIENTED_EDGE('',*,*,#1254,.T.) ;
#1259=ORIENTED_EDGE('',*,*,#1025,.F.) ;
#1273=ORIENTED_EDGE('',*,*,#1271,.F.) ;
#1274=ORIENTED_EDGE('',*,*,#413,.T.) ;
#1275=ORIENTED_EDGE('',*,*,#692,.T.) ;
#1276=ORIENTED_EDGE('',*,*,#1018,.F.) ;
#1304=ORIENTED_EDGE('',*,*,#828,.F.) ;
#1305=ORIENTED_EDGE('',*,*,#1290,.T.) ;
#1306=ORIENTED_EDGE('',*,*,#1297,.T.) ;
#1307=ORIENTED_EDGE('',*,*,#1302,.T.) ;
#1347=ORIENTED_EDGE('',*,*,#1322,.T.) ;
#1348=ORIENTED_EDGE('',*,*,#1290,.F.) ;
#1349=ORIENTED_EDGE('',*,*,#823,.T.) ;
#1350=ORIENTED_EDGE('',*,*,#1329,.T.) ;
#1351=ORIENTED_EDGE('',*,*,#1337,.T.) ;
#1352=ORIENTED_EDGE('',*,*,#1345,.F.) ;
#1373=ORIENTED_EDGE('',*,*,#1366,.T.) ;
#1374=ORIENTED_EDGE('',*,*,#1371,.T.) ;
#1375=ORIENTED_EDGE('',*,*,#1329,.F.) ;
#1376=ORIENTED_EDGE('',*,*,#816,.F.) ;
#1416=ORIENTED_EDGE('',*,*,#1391,.T.) ;
#1417=ORIENTED_EDGE('',*,*,#1366,.F.) ;
#1418=ORIENTED_EDGE('',*,*,#809,.T.) ;
#1419=ORIENTED_EDGE('',*,*,#1398,.T.) ;
#1420=ORIENTED_EDGE('',*,*,#1406,.T.) ;
#1421=ORIENTED_EDGE('',*,*,#1414,.F.) ;
#1442=ORIENTED_EDGE('',*,*,#802,.T.) ;
#1443=ORIENTED_EDGE('',*,*,#1435,.F.) ;
#1444=ORIENTED_EDGE('',*,*,#1440,.T.) ;
#1445=ORIENTED_EDGE('',*,*,#1398,.F.) ;
#1466=ORIENTED_EDGE('',*,*,#1435,.T.) ;
#1467=ORIENTED_EDGE('',*,*,#795,.T.) ;
#1468=ORIENTED_EDGE('',*,*,#1459,.F.) ;
#1469=ORIENTED_EDGE('',*,*,#1464,.T.) ;
#1490=ORIENTED_EDGE('',*,*,#1459,.T.) ;
#1491=ORIENTED_EDGE('',*,*,#788,.T.) ;
#1492=ORIENTED_EDGE('',*,*,#1483,.T.) ;
#1493=ORIENTED_EDGE('',*,*,#1488,.T.) ;
#1514=ORIENTED_EDGE('',*,*,#1507,.T.) ;
#1515=ORIENTED_EDGE('',*,*,#1483,.F.) ;
#1516=ORIENTED_EDGE('',*,*,#781,.F.) ;
#1517=ORIENTED_EDGE('',*,*,#1512,.T.) ;
#1538=ORIENTED_EDGE('',*,*,#1512,.F.) ;
#1539=ORIENTED_EDGE('',*,*,#774,.F.) ;
#1540=ORIENTED_EDGE('',*,*,#1531,.T.) ;
#1541=ORIENTED_EDGE('',*,*,#1536,.T.) ;
#1562=ORIENTED_EDGE('',*,*,#1555,.T.) ;
#1563=ORIENTED_EDGE('',*,*,#1531,.F.) ;
#1564=ORIENTED_EDGE('',*,*,#767,.F.) ;
#1565=ORIENTED_EDGE('',*,*,#1560,.T.) ;
#1586=ORIENTED_EDGE('',*,*,#1579,.T.) ;
#1587=ORIENTED_EDGE('',*,*,#1560,.F.) ;
#1588=ORIENTED_EDGE('',*,*,#760,.F.) ;
#1589=ORIENTED_EDGE('',*,*,#1584,.F.) ;
#1610=ORIENTED_EDGE('',*,*,#1584,.T.) ;
#1611=ORIENTED_EDGE('',*,*,#753,.T.) ;
#1612=ORIENTED_EDGE('',*,*,#1603,.F.) ;
#1613=ORIENTED_EDGE('',*,*,#1608,.T.) ;
#1629=ORIENTED_EDGE('',*,*,#1622,.T.) ;
#1630=ORIENTED_EDGE('',*,*,#1603,.T.) ;
#1631=ORIENTED_EDGE('',*,*,#746,.T.) ;
#1632=ORIENTED_EDGE('',*,*,#1627,.F.) ;
#1672=ORIENTED_EDGE('',*,*,#1647,.T.) ;
#1673=ORIENTED_EDGE('',*,*,#1627,.T.) ;
#1674=ORIENTED_EDGE('',*,*,#739,.T.) ;
#1675=ORIENTED_EDGE('',*,*,#1654,.F.) ;
#1676=ORIENTED_EDGE('',*,*,#1662,.T.) ;
#1677=ORIENTED_EDGE('',*,*,#1670,.F.) ;
#1693=ORIENTED_EDGE('',*,*,#1686,.F.) ;
#1694=ORIENTED_EDGE('',*,*,#1691,.T.) ;
#1695=ORIENTED_EDGE('',*,*,#1654,.T.) ;
#1696=ORIENTED_EDGE('',*,*,#732,.T.) ;
#1729=ORIENTED_EDGE('',*,*,#1711,.T.) ;
#1730=ORIENTED_EDGE('',*,*,#1686,.T.) ;
#1731=ORIENTED_EDGE('',*,*,#725,.T.) ;
#1732=ORIENTED_EDGE('',*,*,#1302,.F.) ;
#1733=ORIENTED_EDGE('',*,*,#1719,.T.) ;
#1734=ORIENTED_EDGE('',*,*,#1727,.F.) ;
#1753=ORIENTED_EDGE('',*,*,#1746,.F.) ;
#1754=ORIENTED_EDGE('',*,*,#287,.T.) ;
#1755=ORIENTED_EDGE('',*,*,#1751,.T.) ;
#1756=ORIENTED_EDGE('',*,*,#860,.F.) ;
#1760=ORIENTED_EDGE('',*,*,#1751,.F.) ;
#1761=ORIENTED_EDGE('',*,*,#292,.T.) ;
#1762=ORIENTED_EDGE('',*,*,#1746,.T.) ;
#1763=ORIENTED_EDGE('',*,*,#855,.F.) ;
#1782=ORIENTED_EDGE('',*,*,#1775,.F.) ;
#1783=ORIENTED_EDGE('',*,*,#920,.F.) ;
#1784=ORIENTED_EDGE('',*,*,#1780,.T.) ;
#1785=ORIENTED_EDGE('',*,*,#320,.F.) ;
#1799=ORIENTED_EDGE('',*,*,#1780,.F.) ;
#1800=ORIENTED_EDGE('',*,*,#915,.F.) ;
#1801=ORIENTED_EDGE('',*,*,#1797,.T.) ;
#1802=ORIENTED_EDGE('',*,*,#327,.T.) ;
#1816=ORIENTED_EDGE('',*,*,#1797,.F.) ;
#1817=ORIENTED_EDGE('',*,*,#908,.F.) ;
#1818=ORIENTED_EDGE('',*,*,#1814,.T.) ;
#1819=ORIENTED_EDGE('',*,*,#334,.F.) ;
#1833=ORIENTED_EDGE('',*,*,#901,.F.) ;
#1834=ORIENTED_EDGE('',*,*,#1831,.T.) ;
#1835=ORIENTED_EDGE('',*,*,#341,.T.) ;
#1836=ORIENTED_EDGE('',*,*,#1814,.F.) ;
#1850=ORIENTED_EDGE('',*,*,#1831,.F.) ;
#1851=ORIENTED_EDGE('',*,*,#894,.F.) ;
#1852=ORIENTED_EDGE('',*,*,#1848,.T.) ;
#1853=ORIENTED_EDGE('',*,*,#348,.F.) ;
#1867=ORIENTED_EDGE('',*,*,#1848,.F.) ;
#1868=ORIENTED_EDGE('',*,*,#887,.F.) ;
#1869=ORIENTED_EDGE('',*,*,#1865,.T.) ;
#1870=ORIENTED_EDGE('',*,*,#353,.T.) ;
#1884=ORIENTED_EDGE('',*,*,#1865,.F.) ;
#1885=ORIENTED_EDGE('',*,*,#880,.F.) ;
#1886=ORIENTED_EDGE('',*,*,#1882,.T.) ;
#1887=ORIENTED_EDGE('',*,*,#306,.F.) ;
#1896=ORIENTED_EDGE('',*,*,#313,.T.) ;
#1897=ORIENTED_EDGE('',*,*,#1882,.F.) ;
#1898=ORIENTED_EDGE('',*,*,#873,.F.) ;
#1899=ORIENTED_EDGE('',*,*,#1775,.T.) ;
#1918=ORIENTED_EDGE('',*,*,#1911,.F.) ;
#1919=ORIENTED_EDGE('',*,*,#373,.T.) ;
#1920=ORIENTED_EDGE('',*,*,#1916,.T.) ;
#1921=ORIENTED_EDGE('',*,*,#944,.F.) ;
#1925=ORIENTED_EDGE('',*,*,#1916,.F.) ;
#1926=ORIENTED_EDGE('',*,*,#378,.T.) ;
#1927=ORIENTED_EDGE('',*,*,#1911,.T.) ;
#1928=ORIENTED_EDGE('',*,*,#939,.F.) ;
#1942=ORIENTED_EDGE('',*,*,#1254,.F.) ;
#1943=ORIENTED_EDGE('',*,*,#392,.T.) ;
#1944=ORIENTED_EDGE('',*,*,#1940,.T.) ;
#1945=ORIENTED_EDGE('',*,*,#1030,.F.) ;
#1959=ORIENTED_EDGE('',*,*,#1957,.F.) ;
#1960=ORIENTED_EDGE('',*,*,#420,.T.) ;
#1961=ORIENTED_EDGE('',*,*,#1271,.T.) ;
#1962=ORIENTED_EDGE('',*,*,#1013,.F.) ;
#1976=ORIENTED_EDGE('',*,*,#1974,.F.) ;
#1977=ORIENTED_EDGE('',*,*,#427,.T.) ;
#1978=ORIENTED_EDGE('',*,*,#1957,.T.) ;
#1979=ORIENTED_EDGE('',*,*,#1006,.F.) ;
#1993=ORIENTED_EDGE('',*,*,#1991,.F.) ;
#1994=ORIENTED_EDGE('',*,*,#434,.T.) ;
#1995=ORIENTED_EDGE('',*,*,#1974,.T.) ;
#1996=ORIENTED_EDGE('',*,*,#999,.F.) ;
#2010=ORIENTED_EDGE('',*,*,#2008,.F.) ;
#2011=ORIENTED_EDGE('',*,*,#441,.T.) ;
#2012=ORIENTED_EDGE('',*,*,#1991,.T.) ;
#2013=ORIENTED_EDGE('',*,*,#992,.F.) ;
#2027=ORIENTED_EDGE('',*,*,#2025,.F.) ;
#2028=ORIENTED_EDGE('',*,*,#448,.T.) ;
#2029=ORIENTED_EDGE('',*,*,#2008,.T.) ;
#2030=ORIENTED_EDGE('',*,*,#985,.F.) ;
#2044=ORIENTED_EDGE('',*,*,#2042,.F.) ;
#2045=ORIENTED_EDGE('',*,*,#455,.T.) ;
#2046=ORIENTED_EDGE('',*,*,#2025,.T.) ;
#2047=ORIENTED_EDGE('',*,*,#978,.F.) ;
#2056=ORIENTED_EDGE('',*,*,#2054,.F.) ;
#2057=ORIENTED_EDGE('',*,*,#462,.T.) ;
#2058=ORIENTED_EDGE('',*,*,#2042,.T.) ;
#2059=ORIENTED_EDGE('',*,*,#971,.F.) ;
#2073=ORIENTED_EDGE('',*,*,#2071,.F.) ;
#2074=ORIENTED_EDGE('',*,*,#469,.T.) ;
#2075=ORIENTED_EDGE('',*,*,#2054,.T.) ;
#2076=ORIENTED_EDGE('',*,*,#964,.F.) ;
#2080=ORIENTED_EDGE('',*,*,#1940,.F.) ;
#2081=ORIENTED_EDGE('',*,*,#474,.T.) ;
#2082=ORIENTED_EDGE('',*,*,#2071,.T.) ;
#2083=ORIENTED_EDGE('',*,*,#957,.F.) ;
#2111=ORIENTED_EDGE('',*,*,#2097,.F.) ;
#2112=ORIENTED_EDGE('',*,*,#2104,.T.) ;
#2113=ORIENTED_EDGE('',*,*,#2109,.T.) ;
#2114=ORIENTED_EDGE('',*,*,#1059,.F.) ;
#2123=ORIENTED_EDGE('',*,*,#2109,.F.) ;
#2124=ORIENTED_EDGE('',*,*,#2121,.T.) ;
#2125=ORIENTED_EDGE('',*,*,#2097,.T.) ;
#2126=ORIENTED_EDGE('',*,*,#1054,.F.) ;
#2145=ORIENTED_EDGE('',*,*,#1077,.F.) ;
#2146=ORIENTED_EDGE('',*,*,#2138,.F.) ;
#2147=ORIENTED_EDGE('',*,*,#499,.T.) ;
#2148=ORIENTED_EDGE('',*,*,#2143,.T.) ;
#2152=ORIENTED_EDGE('',*,*,#1072,.F.) ;
#2153=ORIENTED_EDGE('',*,*,#2143,.F.) ;
#2154=ORIENTED_EDGE('',*,*,#504,.T.) ;
#2155=ORIENTED_EDGE('',*,*,#2138,.T.) ;
#2174=ORIENTED_EDGE('',*,*,#1095,.F.) ;
#2175=ORIENTED_EDGE('',*,*,#2167,.F.) ;
#2176=ORIENTED_EDGE('',*,*,#518,.T.) ;
#2177=ORIENTED_EDGE('',*,*,#2172,.T.) ;
#2181=ORIENTED_EDGE('',*,*,#1090,.F.) ;
#2182=ORIENTED_EDGE('',*,*,#2172,.F.) ;
#2183=ORIENTED_EDGE('',*,*,#523,.T.) ;
#2184=ORIENTED_EDGE('',*,*,#2167,.T.) ;
#2203=ORIENTED_EDGE('',*,*,#1113,.F.) ;
#2204=ORIENTED_EDGE('',*,*,#2196,.F.) ;
#2205=ORIENTED_EDGE('',*,*,#537,.T.) ;
#2206=ORIENTED_EDGE('',*,*,#2201,.T.) ;
#2210=ORIENTED_EDGE('',*,*,#1108,.F.) ;
#2211=ORIENTED_EDGE('',*,*,#2201,.F.) ;
#2212=ORIENTED_EDGE('',*,*,#542,.T.) ;
#2213=ORIENTED_EDGE('',*,*,#2196,.T.) ;
#2232=ORIENTED_EDGE('',*,*,#1131,.F.) ;
#2233=ORIENTED_EDGE('',*,*,#2225,.F.) ;
#2234=ORIENTED_EDGE('',*,*,#556,.T.) ;
#2235=ORIENTED_EDGE('',*,*,#2230,.T.) ;
#2239=ORIENTED_EDGE('',*,*,#1126,.F.) ;
#2240=ORIENTED_EDGE('',*,*,#2230,.F.) ;
#2241=ORIENTED_EDGE('',*,*,#561,.T.) ;
#2242=ORIENTED_EDGE('',*,*,#2225,.T.) ;
#2261=ORIENTED_EDGE('',*,*,#1149,.F.) ;
#2262=ORIENTED_EDGE('',*,*,#2254,.F.) ;
#2263=ORIENTED_EDGE('',*,*,#575,.T.) ;
#2264=ORIENTED_EDGE('',*,*,#2259,.T.) ;
#2268=ORIENTED_EDGE('',*,*,#1144,.F.) ;
#2269=ORIENTED_EDGE('',*,*,#2259,.F.) ;
#2270=ORIENTED_EDGE('',*,*,#580,.T.) ;
#2271=ORIENTED_EDGE('',*,*,#2254,.T.) ;
#2290=ORIENTED_EDGE('',*,*,#1167,.F.) ;
#2291=ORIENTED_EDGE('',*,*,#2283,.F.) ;
#2292=ORIENTED_EDGE('',*,*,#594,.T.) ;
#2293=ORIENTED_EDGE('',*,*,#2288,.T.) ;
#2297=ORIENTED_EDGE('',*,*,#1162,.F.) ;
#2298=ORIENTED_EDGE('',*,*,#2288,.F.) ;
#2299=ORIENTED_EDGE('',*,*,#599,.T.) ;
#2300=ORIENTED_EDGE('',*,*,#2283,.T.) ;
#2319=ORIENTED_EDGE('',*,*,#1185,.F.) ;
#2320=ORIENTED_EDGE('',*,*,#2312,.F.) ;
#2321=ORIENTED_EDGE('',*,*,#613,.T.) ;
#2322=ORIENTED_EDGE('',*,*,#2317,.T.) ;
#2326=ORIENTED_EDGE('',*,*,#1180,.F.) ;
#2327=ORIENTED_EDGE('',*,*,#2317,.F.) ;
#2328=ORIENTED_EDGE('',*,*,#618,.T.) ;
#2329=ORIENTED_EDGE('',*,*,#2312,.T.) ;
#2348=ORIENTED_EDGE('',*,*,#1203,.F.) ;
#2349=ORIENTED_EDGE('',*,*,#2341,.F.) ;
#2350=ORIENTED_EDGE('',*,*,#632,.T.) ;
#2351=ORIENTED_EDGE('',*,*,#2346,.T.) ;
#2355=ORIENTED_EDGE('',*,*,#1198,.F.) ;
#2356=ORIENTED_EDGE('',*,*,#2346,.F.) ;
#2357=ORIENTED_EDGE('',*,*,#637,.T.) ;
#2358=ORIENTED_EDGE('',*,*,#2341,.T.) ;
#2377=ORIENTED_EDGE('',*,*,#1221,.F.) ;
#2378=ORIENTED_EDGE('',*,*,#2370,.F.) ;
#2379=ORIENTED_EDGE('',*,*,#651,.T.) ;
#2380=ORIENTED_EDGE('',*,*,#2375,.T.) ;
#2384=ORIENTED_EDGE('',*,*,#1216,.F.) ;
#2385=ORIENTED_EDGE('',*,*,#2375,.F.) ;
#2386=ORIENTED_EDGE('',*,*,#656,.T.) ;
#2387=ORIENTED_EDGE('',*,*,#2370,.T.) ;
#2406=ORIENTED_EDGE('',*,*,#1239,.F.) ;
#2407=ORIENTED_EDGE('',*,*,#2399,.F.) ;
#2408=ORIENTED_EDGE('',*,*,#670,.T.) ;
#2409=ORIENTED_EDGE('',*,*,#2404,.T.) ;
#2413=ORIENTED_EDGE('',*,*,#1234,.F.) ;
#2414=ORIENTED_EDGE('',*,*,#2404,.F.) ;
#2415=ORIENTED_EDGE('',*,*,#675,.T.) ;
#2416=ORIENTED_EDGE('',*,*,#2399,.T.) ;
#2442=ORIENTED_EDGE('',*,*,#1719,.F.) ;
#2443=ORIENTED_EDGE('',*,*,#1297,.F.) ;
#2444=ORIENTED_EDGE('',*,*,#1322,.F.) ;
#2445=ORIENTED_EDGE('',*,*,#2429,.F.) ;
#2446=ORIENTED_EDGE('',*,*,#2436,.T.) ;
#2447=ORIENTED_EDGE('',*,*,#2440,.T.) ;
#2473=ORIENTED_EDGE('',*,*,#2463,.T.) ;
#2474=ORIENTED_EDGE('',*,*,#2467,.T.) ;
#2475=ORIENTED_EDGE('',*,*,#1337,.F.) ;
#2476=ORIENTED_EDGE('',*,*,#1371,.F.) ;
#2477=ORIENTED_EDGE('',*,*,#1391,.F.) ;
#2478=ORIENTED_EDGE('',*,*,#2471,.F.) ;
#2498=ORIENTED_EDGE('',*,*,#1345,.T.) ;
#2499=ORIENTED_EDGE('',*,*,#2467,.F.) ;
#2500=ORIENTED_EDGE('',*,*,#2496,.T.) ;
#2501=ORIENTED_EDGE('',*,*,#2429,.T.) ;
#2528=ORIENTED_EDGE('',*,*,#2514,.T.) ;
#2529=ORIENTED_EDGE('',*,*,#1406,.F.) ;
#2530=ORIENTED_EDGE('',*,*,#1440,.F.) ;
#2531=ORIENTED_EDGE('',*,*,#2521,.T.) ;
#2532=ORIENTED_EDGE('',*,*,#2526,.T.) ;
#2552=ORIENTED_EDGE('',*,*,#1414,.T.) ;
#2553=ORIENTED_EDGE('',*,*,#2514,.F.) ;
#2554=ORIENTED_EDGE('',*,*,#2550,.T.) ;
#2555=ORIENTED_EDGE('',*,*,#2471,.T.) ;
#2576=ORIENTED_EDGE('',*,*,#2569,.T.) ;
#2577=ORIENTED_EDGE('',*,*,#2574,.T.) ;
#2578=ORIENTED_EDGE('',*,*,#2521,.F.) ;
#2579=ORIENTED_EDGE('',*,*,#1464,.F.) ;
#2598=ORIENTED_EDGE('',*,*,#2591,.T.) ;
#2599=ORIENTED_EDGE('',*,*,#201,.T.) ;
#2600=ORIENTED_EDGE('',*,*,#2596,.T.) ;
#2601=ORIENTED_EDGE('',*,*,#2569,.F.) ;
#2602=ORIENTED_EDGE('',*,*,#1488,.F.) ;
#2616=ORIENTED_EDGE('',*,*,#2614,.T.) ;
#2617=ORIENTED_EDGE('',*,*,#208,.T.) ;
#2618=ORIENTED_EDGE('',*,*,#2591,.F.) ;
#2619=ORIENTED_EDGE('',*,*,#1507,.F.) ;
#2633=ORIENTED_EDGE('',*,*,#2631,.T.) ;
#2634=ORIENTED_EDGE('',*,*,#215,.T.) ;
#2635=ORIENTED_EDGE('',*,*,#2614,.F.) ;
#2636=ORIENTED_EDGE('',*,*,#1536,.F.) ;
#2650=ORIENTED_EDGE('',*,*,#2648,.T.) ;
#2651=ORIENTED_EDGE('',*,*,#222,.T.) ;
#2652=ORIENTED_EDGE('',*,*,#2631,.F.) ;
#2653=ORIENTED_EDGE('',*,*,#1555,.F.) ;
#2674=ORIENTED_EDGE('',*,*,#2667,.T.) ;
#2675=ORIENTED_EDGE('',*,*,#2672,.T.) ;
#2676=ORIENTED_EDGE('',*,*,#227,.T.) ;
#2677=ORIENTED_EDGE('',*,*,#2648,.F.) ;
#2678=ORIENTED_EDGE('',*,*,#1579,.F.) ;
#2699=ORIENTED_EDGE('',*,*,#2692,.T.) ;
#2700=ORIENTED_EDGE('',*,*,#2697,.T.) ;
#2701=ORIENTED_EDGE('',*,*,#2667,.F.) ;
#2702=ORIENTED_EDGE('',*,*,#1608,.F.) ;
#2722=ORIENTED_EDGE('',*,*,#2715,.F.) ;
#2723=ORIENTED_EDGE('',*,*,#2720,.T.) ;
#2724=ORIENTED_EDGE('',*,*,#2692,.F.) ;
#2725=ORIENTED_EDGE('',*,*,#1622,.F.) ;
#2726=ORIENTED_EDGE('',*,*,#1647,.F.) ;
#2757=ORIENTED_EDGE('',*,*,#2739,.F.) ;
#2758=ORIENTED_EDGE('',*,*,#2744,.T.) ;
#2759=ORIENTED_EDGE('',*,*,#182,.T.) ;
#2760=ORIENTED_EDGE('',*,*,#2751,.T.) ;
#2761=ORIENTED_EDGE('',*,*,#2755,.T.) ;
#2762=ORIENTED_EDGE('',*,*,#1662,.F.) ;
#2763=ORIENTED_EDGE('',*,*,#1691,.F.) ;
#2764=ORIENTED_EDGE('',*,*,#1711,.F.) ;
#2784=ORIENTED_EDGE('',*,*,#1670,.T.) ;
#2785=ORIENTED_EDGE('',*,*,#2755,.F.) ;
#2786=ORIENTED_EDGE('',*,*,#2782,.T.) ;
#2787=ORIENTED_EDGE('',*,*,#2715,.T.) ;
#2807=ORIENTED_EDGE('',*,*,#1727,.T.) ;
#2808=ORIENTED_EDGE('',*,*,#2440,.F.) ;
#2809=ORIENTED_EDGE('',*,*,#2805,.T.) ;
#2810=ORIENTED_EDGE('',*,*,#2739,.T.) ;
#2814=ORIENTED_EDGE('',*,*,#2744,.F.) ;
#2815=ORIENTED_EDGE('',*,*,#2805,.F.) ;
#2816=ORIENTED_EDGE('',*,*,#2436,.F.) ;
#2817=ORIENTED_EDGE('',*,*,#2496,.F.) ;
#2818=ORIENTED_EDGE('',*,*,#2463,.F.) ;
#2819=ORIENTED_EDGE('',*,*,#2550,.F.) ;
#2820=ORIENTED_EDGE('',*,*,#2526,.F.) ;
#2821=ORIENTED_EDGE('',*,*,#2574,.F.) ;
#2822=ORIENTED_EDGE('',*,*,#2596,.F.) ;
#2823=ORIENTED_EDGE('',*,*,#72,.F.) ;
#2824=ORIENTED_EDGE('',*,*,#253,.F.) ;
#2825=ORIENTED_EDGE('',*,*,#270,.F.) ;
#2828=ORIENTED_EDGE('',*,*,#2104,.F.) ;
#2829=ORIENTED_EDGE('',*,*,#2121,.F.) ;
#2833=ORIENTED_EDGE('',*,*,#2672,.F.) ;
#2834=ORIENTED_EDGE('',*,*,#2697,.F.) ;
#2835=ORIENTED_EDGE('',*,*,#2720,.F.) ;
#2836=ORIENTED_EDGE('',*,*,#2782,.F.) ;
#2837=ORIENTED_EDGE('',*,*,#2751,.F.) ;
#2838=ORIENTED_EDGE('',*,*,#86,.F.) ;
#864=FACE_BOUND('',#861,.T.) ;
#930=FACE_BOUND('',#921,.T.) ;
#948=FACE_BOUND('',#945,.T.) ;
#1045=FACE_BOUND('',#1031,.T.) ;
#1063=FACE_BOUND('',#1060,.T.) ;
#1081=FACE_BOUND('',#1078,.T.) ;
#1099=FACE_BOUND('',#1096,.T.) ;
#1117=FACE_BOUND('',#1114,.T.) ;
#1135=FACE_BOUND('',#1132,.T.) ;
#1153=FACE_BOUND('',#1150,.T.) ;
#1171=FACE_BOUND('',#1168,.T.) ;
#1189=FACE_BOUND('',#1186,.T.) ;
#1207=FACE_BOUND('',#1204,.T.) ;
#1225=FACE_BOUND('',#1222,.T.) ;
#1243=FACE_BOUND('',#1240,.T.) ;
#2830=FACE_BOUND('',#2827,.T.) ;
#51=CLOSED_SHELL('Closed Shell',(#115,#146,#170,#194,#236,#260,#278,#297,#364,#383,#490,#509,#528,#547,#566,#585,#604,#623,#642,#661,#680,#711,#1244,#1261,#1278,#1309,#1354,#1378,#1423,#1447,#1471,#1495,#1519,#1543,#1567,#1591,#1615,#1634,#1679,#1698,#1736,#1758,#1765,#1787,#1804,#1821,#1838,#1855,#1872,#1889,#1901,#1923,#1930,#1947,#1964,#1981,#1998,#2015,#2032,#2049,#2061,#2078,#2085,#2116,#2128,#2150,#2157,#2179,#2186,#2208,#2215,#2237,#2244,#2266,#2273,#2295,#2302,#2324,#2331,#2353,#2360,#2382,#2389,#2411,#2418,#2449,#2480,#2503,#2534,#2557,#2581,#2604,#2621,#2638,#2655,#2680,#2704,#2728,#2766,#2789,#2812,#2831,#2840)) ;
#59=VECTOR('Line Direction',#58,1.) ;
#68=VECTOR('Line Direction',#67,1.) ;
#75=VECTOR('Line Direction',#74,1.) ;
#82=VECTOR('Line Direction',#81,1.) ;
#89=VECTOR('Line Direction',#88,1.) ;
#96=VECTOR('Line Direction',#95,1.) ;
#103=VECTOR('Line Direction',#102,1.) ;
#123=VECTOR('Line Direction',#122,1.) ;
#130=VECTOR('Line Direction',#129,1.) ;
#137=VECTOR('Line Direction',#136,1.) ;
#154=VECTOR('Line Direction',#153,1.) ;
#161=VECTOR('Line Direction',#160,1.) ;
#178=VECTOR('Line Direction',#177,1.) ;
#185=VECTOR('Line Direction',#184,1.) ;
#197=VECTOR('Line Direction',#196,1.) ;
#211=VECTOR('Line Direction',#210,1.) ;
#225=VECTOR('Line Direction',#224,1.) ;
#244=VECTOR('Line Direction',#243,1.) ;
#251=VECTOR('Line Direction',#250,1.) ;
#268=VECTOR('Line Direction',#267,1.) ;
#309=VECTOR('Line Direction',#308,1.) ;
#323=VECTOR('Line Direction',#322,1.) ;
#337=VECTOR('Line Direction',#336,1.) ;
#351=VECTOR('Line Direction',#350,1.) ;
#395=VECTOR('Line Direction',#394,1.) ;
#409=VECTOR('Line Direction',#408,1.) ;
#416=VECTOR('Line Direction',#415,1.) ;
#423=VECTOR('Line Direction',#422,1.) ;
#437=VECTOR('Line Direction',#436,1.) ;
#451=VECTOR('Line Direction',#450,1.) ;
#458=VECTOR('Line Direction',#457,1.) ;
#465=VECTOR('Line Direction',#464,1.) ;
#472=VECTOR('Line Direction',#471,1.) ;
#688=VECTOR('Line Direction',#687,1.) ;
#695=VECTOR('Line Direction',#694,1.) ;
#728=VECTOR('Line Direction',#727,1.) ;
#742=VECTOR('Line Direction',#741,1.) ;
#756=VECTOR('Line Direction',#755,1.) ;
#770=VECTOR('Line Direction',#769,1.) ;
#784=VECTOR('Line Direction',#783,1.) ;
#798=VECTOR('Line Direction',#797,1.) ;
#812=VECTOR('Line Direction',#811,1.) ;
#826=VECTOR('Line Direction',#825,1.) ;
#867=VECTOR('Line Direction',#866,1.) ;
#883=VECTOR('Line Direction',#882,1.) ;
#897=VECTOR('Line Direction',#896,1.) ;
#911=VECTOR('Line Direction',#910,1.) ;
#951=VECTOR('Line Direction',#950,1.) ;
#960=VECTOR('Line Direction',#959,1.) ;
#967=VECTOR('Line Direction',#966,1.) ;
#974=VECTOR('Line Direction',#973,1.) ;
#988=VECTOR('Line Direction',#987,1.) ;
#1002=VECTOR('Line Direction',#1001,1.) ;
#1009=VECTOR('Line Direction',#1008,1.) ;
#1016=VECTOR('Line Direction',#1015,1.) ;
#1021=VECTOR('Line Direction',#1020,1.) ;
#1252=VECTOR('Line Direction',#1251,1.) ;
#1269=VECTOR('Line Direction',#1268,1.) ;
#1286=VECTOR('Line Direction',#1285,1.) ;
#1293=VECTOR('Line Direction',#1292,1.) ;
#1300=VECTOR('Line Direction',#1299,1.) ;
#1325=VECTOR('Line Direction',#1324,1.) ;
#1362=VECTOR('Line Direction',#1361,1.) ;
#1369=VECTOR('Line Direction',#1368,1.) ;
#1394=VECTOR('Line Direction',#1393,1.) ;
#1431=VECTOR('Line Direction',#1430,1.) ;
#1438=VECTOR('Line Direction',#1437,1.) ;
#1455=VECTOR('Line Direction',#1454,1.) ;
#1479=VECTOR('Line Direction',#1478,1.) ;
#1486=VECTOR('Line Direction',#1485,1.) ;
#1510=VECTOR('Line Direction',#1509,1.) ;
#1527=VECTOR('Line Direction',#1526,1.) ;
#1534=VECTOR('Line Direction',#1533,1.) ;
#1558=VECTOR('Line Direction',#1557,1.) ;
#1575=VECTOR('Line Direction',#1574,1.) ;
#1582=VECTOR('Line Direction',#1581,1.) ;
#1599=VECTOR('Line Direction',#1598,1.) ;
#1618=VECTOR('Line Direction',#1617,1.) ;
#1625=VECTOR('Line Direction',#1624,1.) ;
#1650=VECTOR('Line Direction',#1649,1.) ;
#1682=VECTOR('Line Direction',#1681,1.) ;
#1689=VECTOR('Line Direction',#1688,1.) ;
#1744=VECTOR('Line Direction',#1743,1.) ;
#1749=VECTOR('Line Direction',#1748,1.) ;
#1773=VECTOR('Line Direction',#1772,1.) ;
#1778=VECTOR('Line Direction',#1777,1.) ;
#1795=VECTOR('Line Direction',#1794,1.) ;
#1812=VECTOR('Line Direction',#1811,1.) ;
#1829=VECTOR('Line Direction',#1828,1.) ;
#1846=VECTOR('Line Direction',#1845,1.) ;
#1863=VECTOR('Line Direction',#1862,1.) ;
#1880=VECTOR('Line Direction',#1879,1.) ;
#1909=VECTOR('Line Direction',#1908,1.) ;
#1914=VECTOR('Line Direction',#1913,1.) ;
#1938=VECTOR('Line Direction',#1937,1.) ;
#1955=VECTOR('Line Direction',#1954,1.) ;
#1972=VECTOR('Line Direction',#1971,1.) ;
#1989=VECTOR('Line Direction',#1988,1.) ;
#2006=VECTOR('Line Direction',#2005,1.) ;
#2023=VECTOR('Line Direction',#2022,1.) ;
#2040=VECTOR('Line Direction',#2039,1.) ;
#2052=VECTOR('Line Direction',#2051,1.) ;
#2069=VECTOR('Line Direction',#2068,1.) ;
#2093=VECTOR('Line Direction',#2092,1.) ;
#2107=VECTOR('Line Direction',#2106,1.) ;
#2136=VECTOR('Line Direction',#2135,1.) ;
#2141=VECTOR('Line Direction',#2140,1.) ;
#2165=VECTOR('Line Direction',#2164,1.) ;
#2170=VECTOR('Line Direction',#2169,1.) ;
#2194=VECTOR('Line Direction',#2193,1.) ;
#2199=VECTOR('Line Direction',#2198,1.) ;
#2223=VECTOR('Line Direction',#2222,1.) ;
#2228=VECTOR('Line Direction',#2227,1.) ;
#2252=VECTOR('Line Direction',#2251,1.) ;
#2257=VECTOR('Line Direction',#2256,1.) ;
#2281=VECTOR('Line Direction',#2280,1.) ;
#2286=VECTOR('Line Direction',#2285,1.) ;
#2310=VECTOR('Line Direction',#2309,1.) ;
#2315=VECTOR('Line Direction',#2314,1.) ;
#2339=VECTOR('Line Direction',#2338,1.) ;
#2344=VECTOR('Line Direction',#2343,1.) ;
#2368=VECTOR('Line Direction',#2367,1.) ;
#2373=VECTOR('Line Direction',#2372,1.) ;
#2397=VECTOR('Line Direction',#2396,1.) ;
#2402=VECTOR('Line Direction',#2401,1.) ;
#2432=VECTOR('Line Direction',#2431,1.) ;
#2457=VECTOR('Line Direction',#2456,1.) ;
#2517=VECTOR('Line Direction',#2516,1.) ;
#2524=VECTOR('Line Direction',#2523,1.) ;
#2565=VECTOR('Line Direction',#2564,1.) ;
#2589=VECTOR('Line Direction',#2588,1.) ;
#2594=VECTOR('Line Direction',#2593,1.) ;
#2612=VECTOR('Line Direction',#2611,1.) ;
#2629=VECTOR('Line Direction',#2628,1.) ;
#2646=VECTOR('Line Direction',#2645,1.) ;
#2663=VECTOR('Line Direction',#2662,1.) ;
#2670=VECTOR('Line Direction',#2669,1.) ;
#2688=VECTOR('Line Direction',#2687,1.) ;
#2718=VECTOR('Line Direction',#2717,1.) ;
#2742=VECTOR('Line Direction',#2741,1.) ;
#2747=VECTOR('Line Direction',#2746,1.) ;
#2842=ADVANCED_BREP_SHAPE_REPRESENTATION('NONE',(#2841),#46) ;
#49=SHAPE_REPRESENTATION(' ',(#48),#46) ;
#115=ADVANCED_FACE('PartBody',(#114),#56,.F.) ;
#146=ADVANCED_FACE('PartBody',(#145),#120,.T.) ;
#170=ADVANCED_FACE('PartBody',(#169),#151,.F.) ;
#194=ADVANCED_FACE('PartBody',(#193),#175,.F.) ;
#236=ADVANCED_FACE('PartBody',(#235),#175,.F.) ;
#260=ADVANCED_FACE('PartBody',(#259),#241,.F.) ;
#278=ADVANCED_FACE('PartBody',(#277),#265,.F.) ;
#297=ADVANCED_FACE('PartBody',(#296),#175,.F.) ;
#364=ADVANCED_FACE('PartBody',(#363),#175,.F.) ;
#383=ADVANCED_FACE('PartBody',(#382),#175,.F.) ;
#490=ADVANCED_FACE('PartBody',(#489),#175,.F.) ;
#509=ADVANCED_FACE('PartBody',(#508),#175,.F.) ;
#528=ADVANCED_FACE('PartBody',(#527),#175,.F.) ;
#547=ADVANCED_FACE('PartBody',(#546),#175,.F.) ;
#566=ADVANCED_FACE('PartBody',(#565),#175,.F.) ;
#585=ADVANCED_FACE('PartBody',(#584),#175,.F.) ;
#604=ADVANCED_FACE('PartBody',(#603),#175,.F.) ;
#623=ADVANCED_FACE('PartBody',(#622),#175,.F.) ;
#642=ADVANCED_FACE('PartBody',(#641),#175,.F.) ;
#661=ADVANCED_FACE('PartBody',(#660),#175,.F.) ;
#680=ADVANCED_FACE('PartBody',(#679),#175,.F.) ;
#711=ADVANCED_FACE('PartBody',(#710),#685,.T.) ;
#1244=ADVANCED_FACE('PartBody',(#846,#864,#930,#948,#1045,#1063,#1081,#1099,#1117,#1135,#1153,#1171,#1189,#1207,#1225,#1243),#716,.F.) ;
#1261=ADVANCED_FACE('PartBody',(#1260),#1249,.F.) ;
#1278=ADVANCED_FACE('PartBody',(#1277),#1266,.F.) ;
#1309=ADVANCED_FACE('PartBody',(#1308),#1283,.T.) ;
#1354=ADVANCED_FACE('PartBody',(#1353),#1314,.T.) ;
#1378=ADVANCED_FACE('PartBody',(#1377),#1359,.F.) ;
#1423=ADVANCED_FACE('PartBody',(#1422),#1383,.T.) ;
#1447=ADVANCED_FACE('PartBody',(#1446),#1428,.T.) ;
#1471=ADVANCED_FACE('PartBody',(#1470),#1452,.T.) ;
#1495=ADVANCED_FACE('PartBody',(#1494),#1476,.T.) ;
#1519=ADVANCED_FACE('PartBody',(#1518),#1500,.F.) ;
#1543=ADVANCED_FACE('PartBody',(#1542),#1524,.T.) ;
#1567=ADVANCED_FACE('PartBody',(#1566),#1548,.F.) ;
#1591=ADVANCED_FACE('PartBody',(#1590),#1572,.F.) ;
#1615=ADVANCED_FACE('PartBody',(#1614),#1596,.T.) ;
#1634=ADVANCED_FACE('PartBody',(#1633),#1428,.T.) ;
#1679=ADVANCED_FACE('PartBody',(#1678),#1639,.T.) ;
#1698=ADVANCED_FACE('PartBody',(#1697),#151,.F.) ;
#1736=ADVANCED_FACE('PartBody',(#1735),#1703,.T.) ;
#1758=ADVANCED_FACE('PartBody',(#1757),#1741,.F.) ;
#1765=ADVANCED_FACE('PartBody',(#1764),#1741,.F.) ;
#1787=ADVANCED_FACE('PartBody',(#1786),#1770,.F.) ;
#1804=ADVANCED_FACE('PartBody',(#1803),#1792,.F.) ;
#1821=ADVANCED_FACE('PartBody',(#1820),#1809,.F.) ;
#1838=ADVANCED_FACE('PartBody',(#1837),#1826,.T.) ;
#1855=ADVANCED_FACE('PartBody',(#1854),#1843,.F.) ;
#1872=ADVANCED_FACE('PartBody',(#1871),#1860,.F.) ;
#1889=ADVANCED_FACE('PartBody',(#1888),#1877,.F.) ;
#1901=ADVANCED_FACE('PartBody',(#1900),#1894,.T.) ;
#1923=ADVANCED_FACE('PartBody',(#1922),#1906,.F.) ;
#1930=ADVANCED_FACE('PartBody',(#1929),#1906,.F.) ;
#1947=ADVANCED_FACE('PartBody',(#1946),#1935,.T.) ;
#1964=ADVANCED_FACE('PartBody',(#1963),#1952,.F.) ;
#1981=ADVANCED_FACE('PartBody',(#1980),#1969,.T.) ;
#1998=ADVANCED_FACE('PartBody',(#1997),#1986,.F.) ;
#2015=ADVANCED_FACE('PartBody',(#2014),#2003,.F.) ;
#2032=ADVANCED_FACE('PartBody',(#2031),#2020,.F.) ;
#2049=ADVANCED_FACE('PartBody',(#2048),#2037,.T.) ;
#2061=ADVANCED_FACE('PartBody',(#2060),#1952,.F.) ;
#2078=ADVANCED_FACE('PartBody',(#2077),#2066,.F.) ;
#2085=ADVANCED_FACE('PartBody',(#2084),#2066,.F.) ;
#2116=ADVANCED_FACE('PartBody',(#2115),#2090,.F.) ;
#2128=ADVANCED_FACE('PartBody',(#2127),#2090,.F.) ;
#2150=ADVANCED_FACE('PartBody',(#2149),#2133,.F.) ;
#2157=ADVANCED_FACE('PartBody',(#2156),#2133,.F.) ;
#2179=ADVANCED_FACE('PartBody',(#2178),#2162,.F.) ;
#2186=ADVANCED_FACE('PartBody',(#2185),#2162,.F.) ;
#2208=ADVANCED_FACE('PartBody',(#2207),#2191,.F.) ;
#2215=ADVANCED_FACE('PartBody',(#2214),#2191,.F.) ;
#2237=ADVANCED_FACE('PartBody',(#2236),#2220,.F.) ;
#2244=ADVANCED_FACE('PartBody',(#2243),#2220,.F.) ;
#2266=ADVANCED_FACE('PartBody',(#2265),#2249,.F.) ;
#2273=ADVANCED_FACE('PartBody',(#2272),#2249,.F.) ;
#2295=ADVANCED_FACE('PartBody',(#2294),#2278,.F.) ;
#2302=ADVANCED_FACE('PartBody',(#2301),#2278,.F.) ;
#2324=ADVANCED_FACE('PartBody',(#2323),#2307,.F.) ;
#2331=ADVANCED_FACE('PartBody',(#2330),#2307,.F.) ;
#2353=ADVANCED_FACE('PartBody',(#2352),#2336,.F.) ;
#2360=ADVANCED_FACE('PartBody',(#2359),#2336,.F.) ;
#2382=ADVANCED_FACE('PartBody',(#2381),#2365,.F.) ;
#2389=ADVANCED_FACE('PartBody',(#2388),#2365,.F.) ;
#2411=ADVANCED_FACE('PartBody',(#2410),#2394,.F.) ;
#2418=ADVANCED_FACE('PartBody',(#2417),#2394,.F.) ;
#2449=ADVANCED_FACE('PartBody',(#2448),#2423,.T.) ;
#2480=ADVANCED_FACE('PartBody',(#2479),#2454,.T.) ;
#2503=ADVANCED_FACE('PartBody',(#2502),#2485,.T.) ;
#2534=ADVANCED_FACE('PartBody',(#2533),#2508,.F.) ;
#2557=ADVANCED_FACE('PartBody',(#2556),#2539,.T.) ;
#2581=ADVANCED_FACE('PartBody',(#2580),#2562,.T.) ;
#2604=ADVANCED_FACE('PartBody',(#2603),#2586,.T.) ;
#2621=ADVANCED_FACE('PartBody',(#2620),#2609,.F.) ;
#2638=ADVANCED_FACE('PartBody',(#2637),#2626,.T.) ;
#2655=ADVANCED_FACE('PartBody',(#2654),#2643,.F.) ;
#2680=ADVANCED_FACE('PartBody',(#2679),#2660,.F.) ;
#2704=ADVANCED_FACE('PartBody',(#2703),#2685,.T.) ;
#2728=ADVANCED_FACE('PartBody',(#2727),#2709,.F.) ;
#2766=ADVANCED_FACE('PartBody',(#2765),#2733,.F.) ;
#2789=ADVANCED_FACE('PartBody',(#2788),#2771,.T.) ;
#2812=ADVANCED_FACE('PartBody',(#2811),#2794,.T.) ;
#2831=ADVANCED_FACE('PartBody',(#2826,#2830),#175,.T.) ;
#2840=ADVANCED_FACE('PartBody',(#2839),#175,.T.) ;
#4=APPLICATION_PROTOCOL_DEFINITION('international standard','config_control_design',1994,#1) ;
#32=APPROVAL_DATE_TIME(#13,#21) ;
#1315=B_SPLINE_CURVE_WITH_KNOTS('',3,(#1316,#1317,#1318,#1319),.UNSPECIFIED.,.F.,.U.,(4,4),(2.49061395294,3.61398647859),.UNSPECIFIED.) ;
#1330=B_SPLINE_CURVE_WITH_KNOTS('',3,(#1331,#1332,#1333,#1334),.UNSPECIFIED.,.F.,.U.,(4,4),(0.,1.12328272271),.UNSPECIFIED.) ;
#1338=B_SPLINE_CURVE_WITH_KNOTS('',5,(#1339,#1340,#1341,#1342,#1343,#1344),.UNSPECIFIED.,.F.,.U.,(6,6),(0.,4.49663274117),.UNSPECIFIED.) ;
#1384=B_SPLINE_CURVE_WITH_KNOTS('',3,(#1385,#1386,#1387,#1388),.UNSPECIFIED.,.F.,.U.,(4,4),(2.49116937124,3.61428111401),.UNSPECIFIED.) ;
#1399=B_SPLINE_CURVE_WITH_KNOTS('',3,(#1400,#1401,#1402,#1403),.UNSPECIFIED.,.F.,.U.,(4,4),(0.,1.12328272374),.UNSPECIFIED.) ;
#1407=B_SPLINE_CURVE_WITH_KNOTS('',5,(#1408,#1409,#1410,#1411,#1412,#1413),.UNSPECIFIED.,.F.,.U.,(6,6),(0.,4.49662772132),.UNSPECIFIED.) ;
#1640=B_SPLINE_CURVE_WITH_KNOTS('',3,(#1641,#1642,#1643,#1644),.UNSPECIFIED.,.F.,.U.,(4,4),(0.,1.123282723),.UNSPECIFIED.) ;
#1655=B_SPLINE_CURVE_WITH_KNOTS('',3,(#1656,#1657,#1658,#1659),.UNSPECIFIED.,.F.,.U.,(4,4),(2.49061395514,3.6139864865),.UNSPECIFIED.) ;
#1663=B_SPLINE_CURVE_WITH_KNOTS('',5,(#1664,#1665,#1666,#1667,#1668,#1669),.UNSPECIFIED.,.F.,.U.,(6,6),(0.,4.49665742931),.UNSPECIFIED.) ;
#1704=B_SPLINE_CURVE_WITH_KNOTS('',3,(#1705,#1706,#1707,#1708),.UNSPECIFIED.,.F.,.U.,(4,4),(0.,1.12328272123),.UNSPECIFIED.) ;
#1712=B_SPLINE_CURVE_WITH_KNOTS('',3,(#1713,#1714,#1715,#1716),.UNSPECIFIED.,.F.,.U.,(4,4),(2.49123201699,3.6143437574),.UNSPECIFIED.) ;
#1720=B_SPLINE_CURVE_WITH_KNOTS('',5,(#1721,#1722,#1723,#1724,#1725,#1726),.UNSPECIFIED.,.F.,.U.,(6,6),(0.,4.49664418017),.UNSPECIFIED.) ;
#2424=B_SPLINE_CURVE_WITH_KNOTS('',1,(#2425,#2426),.UNSPECIFIED.,.F.,.U.,(2,2),(-0.90925094016,0.645743112848),.UNSPECIFIED.) ;
#2437=B_SPLINE_CURVE_WITH_KNOTS('',1,(#2438,#2439),.UNSPECIFIED.,.F.,.U.,(2,2),(-0.89751622449,0.657478952588),.UNSPECIFIED.) ;
#2464=B_SPLINE_CURVE_WITH_KNOTS('',1,(#2465,#2466),.UNSPECIFIED.,.F.,.U.,(2,2),(-0.90925094016,0.645745010878),.UNSPECIFIED.) ;
#2468=B_SPLINE_CURVE_WITH_KNOTS('',1,(#2469,#2470),.UNSPECIFIED.,.F.,.U.,(2,2),(-0.897516224488,0.657478952642),.UNSPECIFIED.) ;
#2486=B_SPLINE_CURVE_WITH_KNOTS('',5,(#2487,#2488,#2489,#2490,#2491,#2492,#2493,#2494,#2495),.UNSPECIFIED.,.F.,.U.,(6,3,6),(0.,2.4649854087,4.80050358149),.UNSPECIFIED.) ;
#2509=B_SPLINE_CURVE_WITH_KNOTS('',1,(#2510,#2511),.UNSPECIFIED.,.F.,.U.,(2,2),(-0.897516224488,0.657479726556),.UNSPECIFIED.) ;
#2540=B_SPLINE_CURVE_WITH_KNOTS('',5,(#2541,#2542,#2543,#2544,#2545,#2546,#2547,#2548,#2549),.UNSPECIFIED.,.F.,.U.,(6,3,6),(0.,2.46498541308,4.80050358579),.UNSPECIFIED.) ;
#2710=B_SPLINE_CURVE_WITH_KNOTS('',1,(#2711,#2712),.UNSPECIFIED.,.F.,.U.,(2,2),(-0.909250940153,0.645745010887),.UNSPECIFIED.) ;
#2734=B_SPLINE_CURVE_WITH_KNOTS('',1,(#2735,#2736),.UNSPECIFIED.,.F.,.U.,(2,2),(-0.89751622449,0.657479726541),.UNSPECIFIED.) ;
#2752=B_SPLINE_CURVE_WITH_KNOTS('',1,(#2753,#2754),.UNSPECIFIED.,.F.,.U.,(2,2),(-0.909250940153,0.645743112992),.UNSPECIFIED.) ;
#2772=B_SPLINE_CURVE_WITH_KNOTS('',5,(#2773,#2774,#2775,#2776,#2777,#2778,#2779,#2780,#2781),.UNSPECIFIED.,.F.,.U.,(6,3,6),(0.,2.46498540726,4.80050358125),.UNSPECIFIED.) ;
#2795=B_SPLINE_CURVE_WITH_KNOTS('',5,(#2796,#2797,#2798,#2799,#2800,#2801,#2802,#2803,#2804),.UNSPECIFIED.,.F.,.U.,(6,3,6),(0.,2.46498540681,4.80050358105),.UNSPECIFIED.) ;
#2841=MANIFOLD_SOLID_BREP('PartBody',#51) ;
#11=CALENDAR_DATE(2025,16,6) ;
#30=CC_DESIGN_APPROVAL(#21,(#16,#6,#14)) ;
#18=CC_DESIGN_DATE_AND_TIME_ASSIGNMENT(#13,#17,(#16)) ;
#29=CC_DESIGN_DATE_AND_TIME_ASSIGNMENT(#13,#28,(#14)) ;
#17=DATE_TIME_ROLE('classification_date') ;
#28=DATE_TIME_ROLE('creation_date') ;
#27=CC_DESIGN_PERSON_AND_ORGANIZATION_ASSIGNMENT(#25,#26,(#16)) ;
#33=CC_DESIGN_PERSON_AND_ORGANIZATION_ASSIGNMENT(#25,#34,(#6)) ;
#35=CC_DESIGN_PERSON_AND_ORGANIZATION_ASSIGNMENT(#25,#36,(#6,#14)) ;
#37=CC_DESIGN_PERSON_AND_ORGANIZATION_ASSIGNMENT(#25,#38,(#5)) ;
#26=PERSON_AND_ORGANIZATION_ROLE('classification_officer') ;
#34=PERSON_AND_ORGANIZATION_ROLE('design_supplier') ;
#36=PERSON_AND_ORGANIZATION_ROLE('creator') ;
#38=PERSON_AND_ORGANIZATION_ROLE('design_owner') ;
#39=CC_DESIGN_SECURITY_CLASSIFICATION(#16,(#6)) ;
#205=CIRCLE('generated circle',#204,4.) ;
#219=CIRCLE('generated circle',#218,4.) ;
#282=CIRCLE('generated circle',#281,8.) ;
#291=CIRCLE('generated circle',#290,8.) ;
#301=CIRCLE('generated circle',#300,3.) ;
#317=CIRCLE('generated circle',#316,3.) ;
#331=CIRCLE('generated circle',#330,3.) ;
#345=CIRCLE('generated circle',#344,3.) ;
#368=CIRCLE('generated circle',#367,30.) ;
#377=CIRCLE('generated circle',#376,30.) ;
#387=CIRCLE('generated circle',#386,15.) ;
#403=CIRCLE('generated circle',#402,15.) ;
#431=CIRCLE('generated circle',#430,15.) ;
#445=CIRCLE('generated circle',#444,15.) ;
#494=CIRCLE('generated circle',#493,4.) ;
#503=CIRCLE('generated circle',#502,4.) ;
#513=CIRCLE('generated circle',#512,4.) ;
#522=CIRCLE('generated circle',#521,4.) ;
#532=CIRCLE('generated circle',#531,4.) ;
#541=CIRCLE('generated circle',#540,4.) ;
#551=CIRCLE('generated circle',#550,4.) ;
#560=CIRCLE('generated circle',#559,4.) ;
#570=CIRCLE('generated circle',#569,4.) ;
#579=CIRCLE('generated circle',#578,4.) ;
#589=CIRCLE('generated circle',#588,4.) ;
#598=CIRCLE('generated circle',#597,4.) ;
#608=CIRCLE('generated circle',#607,4.) ;
#617=CIRCLE('generated circle',#616,4.) ;
#627=CIRCLE('generated circle',#626,4.) ;
#636=CIRCLE('generated circle',#635,4.) ;
#646=CIRCLE('generated circle',#645,4.) ;
#655=CIRCLE('generated circle',#654,4.) ;
#665=CIRCLE('generated circle',#664,4.) ;
#674=CIRCLE('generated circle',#673,4.) ;
#703=CIRCLE('generated circle',#702,15.) ;
#720=CIRCLE('generated circle',#719,3.) ;
#736=CIRCLE('generated circle',#735,3.) ;
#750=CIRCLE('generated circle',#749,3.) ;
#764=CIRCLE('generated circle',#763,3.) ;
#778=CIRCLE('generated circle',#777,3.) ;
#792=CIRCLE('generated circle',#791,3.) ;
#806=CIRCLE('generated circle',#805,3.) ;
#820=CIRCLE('generated circle',#819,3.) ;
#850=CIRCLE('generated circle',#849,8.) ;
#859=CIRCLE('generated circle',#858,8.) ;
#877=CIRCLE('generated circle',#876,3.) ;
#891=CIRCLE('generated circle',#890,3.) ;
#905=CIRCLE('generated circle',#904,3.) ;
#919=CIRCLE('generated circle',#918,3.) ;
#934=CIRCLE('generated circle',#933,30.) ;
#943=CIRCLE('generated circle',#942,30.) ;
#982=CIRCLE('generated circle',#981,15.) ;
#996=CIRCLE('generated circle',#995,15.) ;
#1029=CIRCLE('generated circle',#1028,15.) ;
#1049=CIRCLE('generated circle',#1048,60.) ;
#1058=CIRCLE('generated circle',#1057,60.) ;
#1067=CIRCLE('generated circle',#1066,4.) ;
#1076=CIRCLE('generated circle',#1075,4.) ;
#1085=CIRCLE('generated circle',#1084,4.) ;
#1094=CIRCLE('generated circle',#1093,4.) ;
#1103=CIRCLE('generated circle',#1102,4.) ;
#1112=CIRCLE('generated circle',#1111,4.) ;
#1121=CIRCLE('generated circle',#1120,4.) ;
#1130=CIRCLE('generated circle',#1129,4.) ;
#1139=CIRCLE('generated circle',#1138,4.) ;
#1148=CIRCLE('generated circle',#1147,4.) ;
#1157=CIRCLE('generated circle',#1156,4.) ;
#1166=CIRCLE('generated circle',#1165,4.) ;
#1175=CIRCLE('generated circle',#1174,4.) ;
#1184=CIRCLE('generated circle',#1183,4.) ;
#1193=CIRCLE('generated circle',#1192,4.) ;
#1202=CIRCLE('generated circle',#1201,4.) ;
#1211=CIRCLE('generated circle',#1210,4.) ;
#1220=CIRCLE('generated circle',#1219,4.) ;
#1229=CIRCLE('generated circle',#1228,4.) ;
#1238=CIRCLE('generated circle',#1237,4.) ;
#1463=CIRCLE('generated circle',#1462,3.) ;
#1504=CIRCLE('generated circle',#1503,3.) ;
#1552=CIRCLE('generated circle',#1551,3.) ;
#1607=CIRCLE('generated circle',#1606,3.) ;
#2101=CIRCLE('generated circle',#2100,60.) ;
#2120=CIRCLE('generated circle',#2119,60.) ;
#2573=CIRCLE('generated circle',#2572,2.) ;
#2696=CIRCLE('generated circle',#2695,2.) ;
#2562=CONICAL_SURFACE('Cone',#2561,0.,0.785398163397) ;
#2609=CONICAL_SURFACE('Cone',#2608,0.,0.785398163397) ;
#2643=CONICAL_SURFACE('Cone',#2642,0.,0.785398163397) ;
#2685=CONICAL_SURFACE('Cone',#2684,0.,0.785398163397) ;
#2843=SHAPE_REPRESENTATION_RELATIONSHIP(' ',' ',#49,#2842) ;
#685=CYLINDRICAL_SURFACE('generated cylinder',#684,15.) ;
#1314=CYLINDRICAL_SURFACE('generated cylinder',#1313,3.) ;
#1383=CYLINDRICAL_SURFACE('generated cylinder',#1382,3.) ;
#1452=CYLINDRICAL_SURFACE('generated cylinder',#1451,3.) ;
#1500=CYLINDRICAL_SURFACE('generated cylinder',#1499,3.) ;
#1548=CYLINDRICAL_SURFACE('generated cylinder',#1547,3.) ;
#1596=CYLINDRICAL_SURFACE('generated cylinder',#1595,3.) ;
#1639=CYLINDRICAL_SURFACE('generated cylinder',#1638,3.) ;
#1703=CYLINDRICAL_SURFACE('generated cylinder',#1702,3.) ;
#1741=CYLINDRICAL_SURFACE('generated cylinder',#1740,8.) ;
#1770=CYLINDRICAL_SURFACE('generated cylinder',#1769,3.) ;
#1809=CYLINDRICAL_SURFACE('generated cylinder',#1808,3.) ;
#1843=CYLINDRICAL_SURFACE('generated cylinder',#1842,3.) ;
#1877=CYLINDRICAL_SURFACE('generated cylinder',#1876,3.) ;
#1906=CYLINDRICAL_SURFACE('generated cylinder',#1905,30.) ;
#1935=CYLINDRICAL_SURFACE('generated cylinder',#1934,15.) ;
#1986=CYLINDRICAL_SURFACE('generated cylinder',#1985,15.) ;
#2020=CYLINDRICAL_SURFACE('generated cylinder',#2019,15.) ;
#2090=CYLINDRICAL_SURFACE('generated cylinder',#2089,60.) ;
#2133=CYLINDRICAL_SURFACE('generated cylinder',#2132,4.) ;
#2162=CYLINDRICAL_SURFACE('generated cylinder',#2161,4.) ;
#2191=CYLINDRICAL_SURFACE('generated cylinder',#2190,4.) ;
#2220=CYLINDRICAL_SURFACE('generated cylinder',#2219,4.) ;
#2249=CYLINDRICAL_SURFACE('generated cylinder',#2248,4.) ;
#2278=CYLINDRICAL_SURFACE('generated cylinder',#2277,4.) ;
#2307=CYLINDRICAL_SURFACE('generated cylinder',#2306,4.) ;
#2336=CYLINDRICAL_SURFACE('generated cylinder',#2335,4.) ;
#2365=CYLINDRICAL_SURFACE('generated cylinder',#2364,4.) ;
#2394=CYLINDRICAL_SURFACE('generated cylinder',#2393,4.) ;
#2485=CYLINDRICAL_SURFACE('generated cylinder',#2484,3.) ;
#2539=CYLINDRICAL_SURFACE('generated cylinder',#2538,3.) ;
#2771=CYLINDRICAL_SURFACE('generated cylinder',#2770,3.) ;
#2794=CYLINDRICAL_SURFACE('generated cylinder',#2793,3.) ;
#3=DESIGN_CONTEXT(' ',#1,'design') ;
#65=EDGE_CURVE('',#62,#64,#60,.T.) ;
#72=EDGE_CURVE('',#62,#71,#69,.F.) ;
#79=EDGE_CURVE('',#71,#78,#76,.F.) ;
#86=EDGE_CURVE('',#78,#85,#83,.F.) ;
#93=EDGE_CURVE('',#85,#92,#90,.F.) ;
#100=EDGE_CURVE('',#92,#99,#97,.T.) ;
#105=EDGE_CURVE('',#64,#99,#104,.F.) ;
#127=EDGE_CURVE('',#99,#126,#124,.F.) ;
#134=EDGE_CURVE('',#126,#133,#131,.F.) ;
#139=EDGE_CURVE('',#133,#64,#138,.F.) ;
#158=EDGE_CURVE('',#92,#157,#155,.F.) ;
#163=EDGE_CURVE('',#157,#126,#162,.T.) ;
#182=EDGE_CURVE('',#181,#85,#179,.F.) ;
#187=EDGE_CURVE('',#157,#181,#186,.F.) ;
#201=EDGE_CURVE('',#200,#71,#198,.T.) ;
#208=EDGE_CURVE('',#207,#200,#205,.T.) ;
#215=EDGE_CURVE('',#214,#207,#212,.T.) ;
#222=EDGE_CURVE('',#221,#214,#219,.T.) ;
#227=EDGE_CURVE('',#78,#221,#226,.F.) ;
#248=EDGE_CURVE('',#247,#133,#245,.T.) ;
#253=EDGE_CURVE('',#247,#62,#252,.F.) ;
#270=EDGE_CURVE('',#181,#247,#269,.F.) ;
#287=EDGE_CURVE('',#284,#286,#282,.T.) ;
#292=EDGE_CURVE('',#286,#284,#291,.T.) ;
#306=EDGE_CURVE('',#303,#305,#301,.F.) ;
#313=EDGE_CURVE('',#312,#305,#310,.T.) ;
#320=EDGE_CURVE('',#312,#319,#317,.F.) ;
#327=EDGE_CURVE('',#326,#319,#324,.F.) ;
#334=EDGE_CURVE('',#326,#333,#331,.F.) ;
#341=EDGE_CURVE('',#340,#333,#338,.T.) ;
#348=EDGE_CURVE('',#340,#347,#345,.F.) ;
#353=EDGE_CURVE('',#303,#347,#352,.F.) ;
#373=EDGE_CURVE('',#370,#372,#368,.T.) ;
#378=EDGE_CURVE('',#372,#370,#377,.T.) ;
#392=EDGE_CURVE('',#389,#391,#387,.F.) ;
#399=EDGE_CURVE('',#398,#389,#396,.F.) ;
#406=EDGE_CURVE('',#405,#398,#403,.F.) ;
#413=EDGE_CURVE('',#412,#405,#410,.F.) ;
#420=EDGE_CURVE('',#419,#412,#417,.F.) ;
#427=EDGE_CURVE('',#426,#419,#424,.T.) ;
#434=EDGE_CURVE('',#433,#426,#431,.T.) ;
#441=EDGE_CURVE('',#440,#433,#438,.F.) ;
#448=EDGE_CURVE('',#447,#440,#445,.T.) ;
#455=EDGE_CURVE('',#454,#447,#452,.T.) ;
#462=EDGE_CURVE('',#461,#454,#459,.F.) ;
#469=EDGE_CURVE('',#468,#461,#466,.T.) ;
#474=EDGE_CURVE('',#391,#468,#473,.F.) ;
#499=EDGE_CURVE('',#496,#498,#494,.T.) ;
#504=EDGE_CURVE('',#498,#496,#503,.T.) ;
#518=EDGE_CURVE('',#515,#517,#513,.T.) ;
#523=EDGE_CURVE('',#517,#515,#522,.T.) ;
#537=EDGE_CURVE('',#534,#536,#532,.T.) ;
#542=EDGE_CURVE('',#536,#534,#541,.T.) ;
#556=EDGE_CURVE('',#553,#555,#551,.T.) ;
#561=EDGE_CURVE('',#555,#553,#560,.T.) ;
#575=EDGE_CURVE('',#572,#574,#570,.T.) ;
#580=EDGE_CURVE('',#574,#572,#579,.T.) ;
#594=EDGE_CURVE('',#591,#593,#589,.T.) ;
#599=EDGE_CURVE('',#593,#591,#598,.T.) ;
#613=EDGE_CURVE('',#610,#612,#608,.T.) ;
#618=EDGE_CURVE('',#612,#610,#617,.T.) ;
#632=EDGE_CURVE('',#629,#631,#627,.T.) ;
#637=EDGE_CURVE('',#631,#629,#636,.T.) ;
#651=EDGE_CURVE('',#648,#650,#646,.T.) ;
#656=EDGE_CURVE('',#650,#648,#655,.T.) ;
#670=EDGE_CURVE('',#667,#669,#665,.T.) ;
#675=EDGE_CURVE('',#669,#667,#674,.T.) ;
#692=EDGE_CURVE('',#405,#691,#689,.F.) ;
#699=EDGE_CURVE('',#398,#698,#696,.F.) ;
#704=EDGE_CURVE('',#691,#698,#703,.F.) ;
#725=EDGE_CURVE('',#722,#724,#720,.T.) ;
#732=EDGE_CURVE('',#731,#722,#729,.T.) ;
#739=EDGE_CURVE('',#738,#731,#736,.T.) ;
#746=EDGE_CURVE('',#745,#738,#743,.T.) ;
#753=EDGE_CURVE('',#752,#745,#750,.T.) ;
#760=EDGE_CURVE('',#752,#759,#757,.T.) ;
#767=EDGE_CURVE('',#759,#766,#764,.T.) ;
#774=EDGE_CURVE('',#766,#773,#771,.T.) ;
#781=EDGE_CURVE('',#773,#780,#778,.T.) ;
#788=EDGE_CURVE('',#787,#780,#785,.T.) ;
#795=EDGE_CURVE('',#794,#787,#792,.T.) ;
#802=EDGE_CURVE('',#801,#794,#799,.T.) ;
#809=EDGE_CURVE('',#808,#801,#806,.T.) ;
#816=EDGE_CURVE('',#808,#815,#813,.T.) ;
#823=EDGE_CURVE('',#822,#815,#820,.T.) ;
#828=EDGE_CURVE('',#822,#724,#827,.T.) ;
#855=EDGE_CURVE('',#852,#854,#850,.T.) ;
#860=EDGE_CURVE('',#854,#852,#859,.T.) ;
#873=EDGE_CURVE('',#870,#872,#868,.T.) ;
#880=EDGE_CURVE('',#872,#879,#877,.T.) ;
#887=EDGE_CURVE('',#879,#886,#884,.F.) ;
#894=EDGE_CURVE('',#886,#893,#891,.T.) ;
#901=EDGE_CURVE('',#893,#900,#898,.T.) ;
#908=EDGE_CURVE('',#900,#907,#905,.T.) ;
#915=EDGE_CURVE('',#907,#914,#912,.F.) ;
#920=EDGE_CURVE('',#914,#870,#919,.T.) ;
#939=EDGE_CURVE('',#936,#938,#934,.T.) ;
#944=EDGE_CURVE('',#938,#936,#943,.T.) ;
#957=EDGE_CURVE('',#954,#956,#952,.F.) ;
#964=EDGE_CURVE('',#956,#963,#961,.T.) ;
#971=EDGE_CURVE('',#963,#970,#968,.F.) ;
#978=EDGE_CURVE('',#970,#977,#975,.T.) ;
#985=EDGE_CURVE('',#977,#984,#982,.T.) ;
#992=EDGE_CURVE('',#984,#991,#989,.F.) ;
#999=EDGE_CURVE('',#991,#998,#996,.T.) ;
#1006=EDGE_CURVE('',#998,#1005,#1003,.T.) ;
#1013=EDGE_CURVE('',#1005,#1012,#1010,.F.) ;
#1018=EDGE_CURVE('',#1012,#691,#1017,.F.) ;
#1025=EDGE_CURVE('',#698,#1024,#1022,.F.) ;
#1030=EDGE_CURVE('',#1024,#954,#1029,.F.) ;
#1054=EDGE_CURVE('',#1051,#1053,#1049,.T.) ;
#1059=EDGE_CURVE('',#1053,#1051,#1058,.T.) ;
#1072=EDGE_CURVE('',#1069,#1071,#1067,.T.) ;
#1077=EDGE_CURVE('',#1071,#1069,#1076,.T.) ;
#1090=EDGE_CURVE('',#1087,#1089,#1085,.T.) ;
#1095=EDGE_CURVE('',#1089,#1087,#1094,.T.) ;
#1108=EDGE_CURVE('',#1105,#1107,#1103,.T.) ;
#1113=EDGE_CURVE('',#1107,#1105,#1112,.T.) ;
#1126=EDGE_CURVE('',#1123,#1125,#1121,.T.) ;
#1131=EDGE_CURVE('',#1125,#1123,#1130,.T.) ;
#1144=EDGE_CURVE('',#1141,#1143,#1139,.T.) ;
#1149=EDGE_CURVE('',#1143,#1141,#1148,.T.) ;
#1162=EDGE_CURVE('',#1159,#1161,#1157,.T.) ;
#1167=EDGE_CURVE('',#1161,#1159,#1166,.T.) ;
#1180=EDGE_CURVE('',#1177,#1179,#1175,.T.) ;
#1185=EDGE_CURVE('',#1179,#1177,#1184,.T.) ;
#1198=EDGE_CURVE('',#1195,#1197,#1193,.T.) ;
#1203=EDGE_CURVE('',#1197,#1195,#1202,.T.) ;
#1216=EDGE_CURVE('',#1213,#1215,#1211,.T.) ;
#1221=EDGE_CURVE('',#1215,#1213,#1220,.T.) ;
#1234=EDGE_CURVE('',#1231,#1233,#1229,.T.) ;
#1239=EDGE_CURVE('',#1233,#1231,#1238,.T.) ;
#1254=EDGE_CURVE('',#389,#1024,#1253,.T.) ;
#1271=EDGE_CURVE('',#412,#1012,#1270,.T.) ;
#1290=EDGE_CURVE('',#822,#1289,#1287,.T.) ;
#1297=EDGE_CURVE('',#1289,#1296,#1294,.T.) ;
#1302=EDGE_CURVE('',#1296,#724,#1301,.T.) ;
#1322=EDGE_CURVE('',#1321,#1289,#1315,.T.) ;
#1329=EDGE_CURVE('',#815,#1328,#1326,.T.) ;
#1337=EDGE_CURVE('',#1328,#1336,#1330,.T.) ;
#1345=EDGE_CURVE('',#1321,#1336,#1338,.T.) ;
#1366=EDGE_CURVE('',#808,#1365,#1363,.T.) ;
#1371=EDGE_CURVE('',#1365,#1328,#1370,.T.) ;
#1391=EDGE_CURVE('',#1390,#1365,#1384,.T.) ;
#1398=EDGE_CURVE('',#801,#1397,#1395,.T.) ;
#1406=EDGE_CURVE('',#1397,#1405,#1399,.T.) ;
#1414=EDGE_CURVE('',#1390,#1405,#1407,.T.) ;
#1435=EDGE_CURVE('',#1434,#794,#1432,.T.) ;
#1440=EDGE_CURVE('',#1434,#1397,#1439,.F.) ;
#1459=EDGE_CURVE('',#1458,#787,#1456,.T.) ;
#1464=EDGE_CURVE('',#1458,#1434,#1463,.T.) ;
#1483=EDGE_CURVE('',#780,#1482,#1480,.F.) ;
#1488=EDGE_CURVE('',#1482,#1458,#1487,.T.) ;
#1507=EDGE_CURVE('',#1506,#1482,#1504,.F.) ;
#1512=EDGE_CURVE('',#773,#1506,#1511,.F.) ;
#1531=EDGE_CURVE('',#766,#1530,#1528,.F.) ;
#1536=EDGE_CURVE('',#1530,#1506,#1535,.T.) ;
#1555=EDGE_CURVE('',#1554,#1530,#1552,.F.) ;
#1560=EDGE_CURVE('',#759,#1554,#1559,.F.) ;
#1579=EDGE_CURVE('',#1578,#1554,#1576,.F.) ;
#1584=EDGE_CURVE('',#1578,#752,#1583,.T.) ;
#1603=EDGE_CURVE('',#1602,#745,#1600,.T.) ;
#1608=EDGE_CURVE('',#1602,#1578,#1607,.T.) ;
#1622=EDGE_CURVE('',#1621,#1602,#1619,.F.) ;
#1627=EDGE_CURVE('',#1621,#738,#1626,.T.) ;
#1647=EDGE_CURVE('',#1646,#1621,#1640,.F.) ;
#1654=EDGE_CURVE('',#1653,#731,#1651,.T.) ;
#1662=EDGE_CURVE('',#1653,#1661,#1655,.F.) ;
#1670=EDGE_CURVE('',#1646,#1661,#1663,.T.) ;
#1686=EDGE_CURVE('',#1685,#722,#1683,.T.) ;
#1691=EDGE_CURVE('',#1685,#1653,#1690,.F.) ;
#1711=EDGE_CURVE('',#1710,#1685,#1704,.F.) ;
#1719=EDGE_CURVE('',#1296,#1718,#1712,.F.) ;
#1727=EDGE_CURVE('',#1710,#1718,#1720,.T.) ;
#1746=EDGE_CURVE('',#284,#854,#1745,.F.) ;
#1751=EDGE_CURVE('',#286,#852,#1750,.F.) ;
#1775=EDGE_CURVE('',#870,#312,#1774,.F.) ;
#1780=EDGE_CURVE('',#914,#319,#1779,.F.) ;
#1797=EDGE_CURVE('',#907,#326,#1796,.F.) ;
#1814=EDGE_CURVE('',#900,#333,#1813,.F.) ;
#1831=EDGE_CURVE('',#893,#340,#1830,.F.) ;
#1848=EDGE_CURVE('',#886,#347,#1847,.F.) ;
#1865=EDGE_CURVE('',#879,#303,#1864,.F.) ;
#1882=EDGE_CURVE('',#872,#305,#1881,.F.) ;
#1911=EDGE_CURVE('',#370,#938,#1910,.F.) ;
#1916=EDGE_CURVE('',#372,#936,#1915,.F.) ;
#1940=EDGE_CURVE('',#391,#954,#1939,.F.) ;
#1957=EDGE_CURVE('',#419,#1005,#1956,.T.) ;
#1974=EDGE_CURVE('',#426,#998,#1973,.T.) ;
#1991=EDGE_CURVE('',#433,#991,#1990,.F.) ;
#2008=EDGE_CURVE('',#440,#984,#2007,.T.) ;
#2025=EDGE_CURVE('',#447,#977,#2024,.F.) ;
#2042=EDGE_CURVE('',#454,#970,#2041,.T.) ;
#2054=EDGE_CURVE('',#461,#963,#2053,.T.) ;
#2071=EDGE_CURVE('',#468,#956,#2070,.T.) ;
#2097=EDGE_CURVE('',#2096,#1053,#2094,.F.) ;
#2104=EDGE_CURVE('',#2096,#2103,#2101,.T.) ;
#2109=EDGE_CURVE('',#2103,#1051,#2108,.F.) ;
#2121=EDGE_CURVE('',#2103,#2096,#2120,.T.) ;
#2138=EDGE_CURVE('',#496,#1071,#2137,.F.) ;
#2143=EDGE_CURVE('',#498,#1069,#2142,.F.) ;
#2167=EDGE_CURVE('',#515,#1089,#2166,.F.) ;
#2172=EDGE_CURVE('',#517,#1087,#2171,.F.) ;
#2196=EDGE_CURVE('',#534,#1107,#2195,.F.) ;
#2201=EDGE_CURVE('',#536,#1105,#2200,.F.) ;
#2225=EDGE_CURVE('',#553,#1125,#2224,.F.) ;
#2230=EDGE_CURVE('',#555,#1123,#2229,.F.) ;
#2254=EDGE_CURVE('',#572,#1143,#2253,.F.) ;
#2259=EDGE_CURVE('',#574,#1141,#2258,.F.) ;
#2283=EDGE_CURVE('',#591,#1161,#2282,.F.) ;
#2288=EDGE_CURVE('',#593,#1159,#2287,.F.) ;
#2312=EDGE_CURVE('',#610,#1179,#2311,.F.) ;
#2317=EDGE_CURVE('',#612,#1177,#2316,.F.) ;
#2341=EDGE_CURVE('',#629,#1197,#2340,.F.) ;
#2346=EDGE_CURVE('',#631,#1195,#2345,.F.) ;
#2370=EDGE_CURVE('',#648,#1215,#2369,.F.) ;
#2375=EDGE_CURVE('',#650,#1213,#2374,.F.) ;
#2399=EDGE_CURVE('',#667,#1233,#2398,.F.) ;
#2404=EDGE_CURVE('',#669,#1231,#2403,.F.) ;
#2429=EDGE_CURVE('',#2428,#1321,#2424,.T.) ;
#2436=EDGE_CURVE('',#2428,#2435,#2433,.T.) ;
#2440=EDGE_CURVE('',#2435,#1718,#2437,.T.) ;
#2463=EDGE_CURVE('',#2460,#2462,#2458,.T.) ;
#2467=EDGE_CURVE('',#2462,#1336,#2464,.T.) ;
#2471=EDGE_CURVE('',#2460,#1390,#2468,.T.) ;
#2496=EDGE_CURVE('',#2462,#2428,#2486,.F.) ;
#2514=EDGE_CURVE('',#2513,#1405,#2509,.T.) ;
#2521=EDGE_CURVE('',#1434,#2520,#2518,.F.) ;
#2526=EDGE_CURVE('',#2520,#2513,#2525,.F.) ;
#2550=EDGE_CURVE('',#2513,#2460,#2540,.F.) ;
#2569=EDGE_CURVE('',#1458,#2568,#2566,.F.) ;
#2574=EDGE_CURVE('',#2568,#2520,#2573,.F.) ;
#2591=EDGE_CURVE('',#1482,#200,#2590,.F.) ;
#2596=EDGE_CURVE('',#71,#2568,#2595,.T.) ;
#2614=EDGE_CURVE('',#1506,#207,#2613,.T.) ;
#2631=EDGE_CURVE('',#1530,#214,#2630,.F.) ;
#2648=EDGE_CURVE('',#1554,#221,#2647,.T.) ;
#2667=EDGE_CURVE('',#1578,#2666,#2664,.F.) ;
#2672=EDGE_CURVE('',#2666,#78,#2671,.F.) ;
#2692=EDGE_CURVE('',#1602,#2691,#2689,.F.) ;
#2697=EDGE_CURVE('',#2691,#2666,#2696,.F.) ;
#2715=EDGE_CURVE('',#2714,#1646,#2710,.T.) ;
#2720=EDGE_CURVE('',#2714,#2691,#2719,.F.) ;
#2739=EDGE_CURVE('',#2738,#1710,#2734,.T.) ;
#2744=EDGE_CURVE('',#2738,#181,#2743,.F.) ;
#2751=EDGE_CURVE('',#85,#2750,#2748,.F.) ;
#2755=EDGE_CURVE('',#2750,#1661,#2752,.T.) ;
#2782=EDGE_CURVE('',#2750,#2714,#2772,.F.) ;
#2805=EDGE_CURVE('',#2435,#2738,#2795,.F.) ;
#106=EDGE_LOOP('',(#107,#108,#109,#110,#111,#112,#113)) ;
#140=EDGE_LOOP('',(#141,#142,#143,#144)) ;
#164=EDGE_LOOP('',(#165,#166,#167,#168)) ;
#188=EDGE_LOOP('',(#189,#190,#191,#192)) ;
#228=EDGE_LOOP('',(#229,#230,#231,#232,#233,#234)) ;
#254=EDGE_LOOP('',(#255,#256,#257,#258)) ;
#271=EDGE_LOOP('',(#272,#273,#274,#275,#276)) ;
#293=EDGE_LOOP('',(#294,#295)) ;
#354=EDGE_LOOP('',(#355,#356,#357,#358,#359,#360,#361,#362)) ;
#379=EDGE_LOOP('',(#380,#381)) ;
#475=EDGE_LOOP('',(#476,#477,#478,#479,#480,#481,#482,#483,#484,#485,#486,#487,#488)) ;
#505=EDGE_LOOP('',(#506,#507)) ;
#524=EDGE_LOOP('',(#525,#526)) ;
#543=EDGE_LOOP('',(#544,#545)) ;
#562=EDGE_LOOP('',(#563,#564)) ;
#581=EDGE_LOOP('',(#582,#583)) ;
#600=EDGE_LOOP('',(#601,#602)) ;
#619=EDGE_LOOP('',(#620,#621)) ;
#638=EDGE_LOOP('',(#639,#640)) ;
#657=EDGE_LOOP('',(#658,#659)) ;
#676=EDGE_LOOP('',(#677,#678)) ;
#705=EDGE_LOOP('',(#706,#707,#708,#709)) ;
#829=EDGE_LOOP('',(#830,#831,#832,#833,#834,#835,#836,#837,#838,#839,#840,#841,#842,#843,#844,#845)) ;
#861=EDGE_LOOP('',(#862,#863)) ;
#921=EDGE_LOOP('',(#922,#923,#924,#925,#926,#927,#928,#929)) ;
#945=EDGE_LOOP('',(#946,#947)) ;
#1031=EDGE_LOOP('',(#1032,#1033,#1034,#1035,#1036,#1037,#1038,#1039,#1040,#1041,#1042,#1043,#1044)) ;
#1060=EDGE_LOOP('',(#1061,#1062)) ;
#1078=EDGE_LOOP('',(#1079,#1080)) ;
#1096=EDGE_LOOP('',(#1097,#1098)) ;
#1114=EDGE_LOOP('',(#1115,#1116)) ;
#1132=EDGE_LOOP('',(#1133,#1134)) ;
#1150=EDGE_LOOP('',(#1151,#1152)) ;
#1168=EDGE_LOOP('',(#1169,#1170)) ;
#1186=EDGE_LOOP('',(#1187,#1188)) ;
#1204=EDGE_LOOP('',(#1205,#1206)) ;
#1222=EDGE_LOOP('',(#1223,#1224)) ;
#1240=EDGE_LOOP('',(#1241,#1242)) ;
#1255=EDGE_LOOP('',(#1256,#1257,#1258,#1259)) ;
#1272=EDGE_LOOP('',(#1273,#1274,#1275,#1276)) ;
#1303=EDGE_LOOP('',(#1304,#1305,#1306,#1307)) ;
#1346=EDGE_LOOP('',(#1347,#1348,#1349,#1350,#1351,#1352)) ;
#1372=EDGE_LOOP('',(#1373,#1374,#1375,#1376)) ;
#1415=EDGE_LOOP('',(#1416,#1417,#1418,#1419,#1420,#1421)) ;
#1441=EDGE_LOOP('',(#1442,#1443,#1444,#1445)) ;
#1465=EDGE_LOOP('',(#1466,#1467,#1468,#1469)) ;
#1489=EDGE_LOOP('',(#1490,#1491,#1492,#1493)) ;
#1513=EDGE_LOOP('',(#1514,#1515,#1516,#1517)) ;
#1537=EDGE_LOOP('',(#1538,#1539,#1540,#1541)) ;
#1561=EDGE_LOOP('',(#1562,#1563,#1564,#1565)) ;
#1585=EDGE_LOOP('',(#1586,#1587,#1588,#1589)) ;
#1609=EDGE_LOOP('',(#1610,#1611,#1612,#1613)) ;
#1628=EDGE_LOOP('',(#1629,#1630,#1631,#1632)) ;
#1671=EDGE_LOOP('',(#1672,#1673,#1674,#1675,#1676,#1677)) ;
#1692=EDGE_LOOP('',(#1693,#1694,#1695,#1696)) ;
#1728=EDGE_LOOP('',(#1729,#1730,#1731,#1732,#1733,#1734)) ;
#1752=EDGE_LOOP('',(#1753,#1754,#1755,#1756)) ;
#1759=EDGE_LOOP('',(#1760,#1761,#1762,#1763)) ;
#1781=EDGE_LOOP('',(#1782,#1783,#1784,#1785)) ;
#1798=EDGE_LOOP('',(#1799,#1800,#1801,#1802)) ;
#1815=EDGE_LOOP('',(#1816,#1817,#1818,#1819)) ;
#1832=EDGE_LOOP('',(#1833,#1834,#1835,#1836)) ;
#1849=EDGE_LOOP('',(#1850,#1851,#1852,#1853)) ;
#1866=EDGE_LOOP('',(#1867,#1868,#1869,#1870)) ;
#1883=EDGE_LOOP('',(#1884,#1885,#1886,#1887)) ;
#1895=EDGE_LOOP('',(#1896,#1897,#1898,#1899)) ;
#1917=EDGE_LOOP('',(#1918,#1919,#1920,#1921)) ;
#1924=EDGE_LOOP('',(#1925,#1926,#1927,#1928)) ;
#1941=EDGE_LOOP('',(#1942,#1943,#1944,#1945)) ;
#1958=EDGE_LOOP('',(#1959,#1960,#1961,#1962)) ;
#1975=EDGE_LOOP('',(#1976,#1977,#1978,#1979)) ;
#1992=EDGE_LOOP('',(#1993,#1994,#1995,#1996)) ;
#2009=EDGE_LOOP('',(#2010,#2011,#2012,#2013)) ;
#2026=EDGE_LOOP('',(#2027,#2028,#2029,#2030)) ;
#2043=EDGE_LOOP('',(#2044,#2045,#2046,#2047)) ;
#2055=EDGE_LOOP('',(#2056,#2057,#2058,#2059)) ;
#2072=EDGE_LOOP('',(#2073,#2074,#2075,#2076)) ;
#2079=EDGE_LOOP('',(#2080,#2081,#2082,#2083)) ;
#2110=EDGE_LOOP('',(#2111,#2112,#2113,#2114)) ;
#2122=EDGE_LOOP('',(#2123,#2124,#2125,#2126)) ;
#2144=EDGE_LOOP('',(#2145,#2146,#2147,#2148)) ;
#2151=EDGE_LOOP('',(#2152,#2153,#2154,#2155)) ;
#2173=EDGE_LOOP('',(#2174,#2175,#2176,#2177)) ;
#2180=EDGE_LOOP('',(#2181,#2182,#2183,#2184)) ;
#2202=EDGE_LOOP('',(#2203,#2204,#2205,#2206)) ;
#2209=EDGE_LOOP('',(#2210,#2211,#2212,#2213)) ;
#2231=EDGE_LOOP('',(#2232,#2233,#2234,#2235)) ;
#2238=EDGE_LOOP('',(#2239,#2240,#2241,#2242)) ;
#2260=EDGE_LOOP('',(#2261,#2262,#2263,#2264)) ;
#2267=EDGE_LOOP('',(#2268,#2269,#2270,#2271)) ;
#2289=EDGE_LOOP('',(#2290,#2291,#2292,#2293)) ;
#2296=EDGE_LOOP('',(#2297,#2298,#2299,#2300)) ;
#2318=EDGE_LOOP('',(#2319,#2320,#2321,#2322)) ;
#2325=EDGE_LOOP('',(#2326,#2327,#2328,#2329)) ;
#2347=EDGE_LOOP('',(#2348,#2349,#2350,#2351)) ;
#2354=EDGE_LOOP('',(#2355,#2356,#2357,#2358)) ;
#2376=EDGE_LOOP('',(#2377,#2378,#2379,#2380)) ;
#2383=EDGE_LOOP('',(#2384,#2385,#2386,#2387)) ;
#2405=EDGE_LOOP('',(#2406,#2407,#2408,#2409)) ;
#2412=EDGE_LOOP('',(#2413,#2414,#2415,#2416)) ;
#2441=EDGE_LOOP('',(#2442,#2443,#2444,#2445,#2446,#2447)) ;
#2472=EDGE_LOOP('',(#2473,#2474,#2475,#2476,#2477,#2478)) ;
#2497=EDGE_LOOP('',(#2498,#2499,#2500,#2501)) ;
#2527=EDGE_LOOP('',(#2528,#2529,#2530,#2531,#2532)) ;
#2551=EDGE_LOOP('',(#2552,#2553,#2554,#2555)) ;
#2575=EDGE_LOOP('',(#2576,#2577,#2578,#2579)) ;
#2597=EDGE_LOOP('',(#2598,#2599,#2600,#2601,#2602)) ;
#2615=EDGE_LOOP('',(#2616,#2617,#2618,#2619)) ;
#2632=EDGE_LOOP('',(#2633,#2634,#2635,#2636)) ;
#2649=EDGE_LOOP('',(#2650,#2651,#2652,#2653)) ;
#2673=EDGE_LOOP('',(#2674,#2675,#2676,#2677,#2678)) ;
#2698=EDGE_LOOP('',(#2699,#2700,#2701,#2702)) ;
#2721=EDGE_LOOP('',(#2722,#2723,#2724,#2725,#2726)) ;
#2756=EDGE_LOOP('',(#2757,#2758,#2759,#2760,#2761,#2762,#2763,#2764)) ;
#2783=EDGE_LOOP('',(#2784,#2785,#2786,#2787)) ;
#2806=EDGE_LOOP('',(#2807,#2808,#2809,#2810)) ;
#2813=EDGE_LOOP('',(#2814,#2815,#2816,#2817,#2818,#2819,#2820,#2821,#2822,#2823,#2824,#2825)) ;
#2827=EDGE_LOOP('',(#2828,#2829)) ;
#2832=EDGE_LOOP('',(#2833,#2834,#2835,#2836,#2837,#2838)) ;
#114=FACE_OUTER_BOUND('',#106,.T.) ;
#145=FACE_OUTER_BOUND('',#140,.T.) ;
#169=FACE_OUTER_BOUND('',#164,.T.) ;
#193=FACE_OUTER_BOUND('',#188,.T.) ;
#235=FACE_OUTER_BOUND('',#228,.T.) ;
#259=FACE_OUTER_BOUND('',#254,.T.) ;
#277=FACE_OUTER_BOUND('',#271,.T.) ;
#296=FACE_OUTER_BOUND('',#293,.T.) ;
#363=FACE_OUTER_BOUND('',#354,.T.) ;
#382=FACE_OUTER_BOUND('',#379,.T.) ;
#489=FACE_OUTER_BOUND('',#475,.T.) ;
#508=FACE_OUTER_BOUND('',#505,.T.) ;
#527=FACE_OUTER_BOUND('',#524,.T.) ;
#546=FACE_OUTER_BOUND('',#543,.T.) ;
#565=FACE_OUTER_BOUND('',#562,.T.) ;
#584=FACE_OUTER_BOUND('',#581,.T.) ;
#603=FACE_OUTER_BOUND('',#600,.T.) ;
#622=FACE_OUTER_BOUND('',#619,.T.) ;
#641=FACE_OUTER_BOUND('',#638,.T.) ;
#660=FACE_OUTER_BOUND('',#657,.T.) ;
#679=FACE_OUTER_BOUND('',#676,.T.) ;
#710=FACE_OUTER_BOUND('',#705,.T.) ;
#846=FACE_OUTER_BOUND('',#829,.T.) ;
#1260=FACE_OUTER_BOUND('',#1255,.T.) ;
#1277=FACE_OUTER_BOUND('',#1272,.T.) ;
#1308=FACE_OUTER_BOUND('',#1303,.T.) ;
#1353=FACE_OUTER_BOUND('',#1346,.T.) ;
#1377=FACE_OUTER_BOUND('',#1372,.T.) ;
#1422=FACE_OUTER_BOUND('',#1415,.T.) ;
#1446=FACE_OUTER_BOUND('',#1441,.T.) ;
#1470=FACE_OUTER_BOUND('',#1465,.T.) ;
#1494=FACE_OUTER_BOUND('',#1489,.T.) ;
#1518=FACE_OUTER_BOUND('',#1513,.T.) ;
#1542=FACE_OUTER_BOUND('',#1537,.T.) ;
#1566=FACE_OUTER_BOUND('',#1561,.T.) ;
#1590=FACE_OUTER_BOUND('',#1585,.T.) ;
#1614=FACE_OUTER_BOUND('',#1609,.T.) ;
#1633=FACE_OUTER_BOUND('',#1628,.T.) ;
#1678=FACE_OUTER_BOUND('',#1671,.T.) ;
#1697=FACE_OUTER_BOUND('',#1692,.T.) ;
#1735=FACE_OUTER_BOUND('',#1728,.T.) ;
#1757=FACE_OUTER_BOUND('',#1752,.T.) ;
#1764=FACE_OUTER_BOUND('',#1759,.T.) ;
#1786=FACE_OUTER_BOUND('',#1781,.T.) ;
#1803=FACE_OUTER_BOUND('',#1798,.T.) ;
#1820=FACE_OUTER_BOUND('',#1815,.T.) ;
#1837=FACE_OUTER_BOUND('',#1832,.T.) ;
#1854=FACE_OUTER_BOUND('',#1849,.T.) ;
#1871=FACE_OUTER_BOUND('',#1866,.T.) ;
#1888=FACE_OUTER_BOUND('',#1883,.T.) ;
#1900=FACE_OUTER_BOUND('',#1895,.T.) ;
#1922=FACE_OUTER_BOUND('',#1917,.T.) ;
#1929=FACE_OUTER_BOUND('',#1924,.T.) ;
#1946=FACE_OUTER_BOUND('',#1941,.T.) ;
#1963=FACE_OUTER_BOUND('',#1958,.T.) ;
#1980=FACE_OUTER_BOUND('',#1975,.T.) ;
#1997=FACE_OUTER_BOUND('',#1992,.T.) ;
#2014=FACE_OUTER_BOUND('',#2009,.T.) ;
#2031=FACE_OUTER_BOUND('',#2026,.T.) ;
#2048=FACE_OUTER_BOUND('',#2043,.T.) ;
#2060=FACE_OUTER_BOUND('',#2055,.T.) ;
#2077=FACE_OUTER_BOUND('',#2072,.T.) ;
#2084=FACE_OUTER_BOUND('',#2079,.T.) ;
#2115=FACE_OUTER_BOUND('',#2110,.T.) ;
#2127=FACE_OUTER_BOUND('',#2122,.T.) ;
#2149=FACE_OUTER_BOUND('',#2144,.T.) ;
#2156=FACE_OUTER_BOUND('',#2151,.T.) ;
#2178=FACE_OUTER_BOUND('',#2173,.T.) ;
#2185=FACE_OUTER_BOUND('',#2180,.T.) ;
#2207=FACE_OUTER_BOUND('',#2202,.T.) ;
#2214=FACE_OUTER_BOUND('',#2209,.T.) ;
#2236=FACE_OUTER_BOUND('',#2231,.T.) ;
#2243=FACE_OUTER_BOUND('',#2238,.T.) ;
#2265=FACE_OUTER_BOUND('',#2260,.T.) ;
#2272=FACE_OUTER_BOUND('',#2267,.T.) ;
#2294=FACE_OUTER_BOUND('',#2289,.T.) ;
#2301=FACE_OUTER_BOUND('',#2296,.T.) ;
#2323=FACE_OUTER_BOUND('',#2318,.T.) ;
#2330=FACE_OUTER_BOUND('',#2325,.T.) ;
#2352=FACE_OUTER_BOUND('',#2347,.T.) ;
#2359=FACE_OUTER_BOUND('',#2354,.T.) ;
#2381=FACE_OUTER_BOUND('',#2376,.T.) ;
#2388=FACE_OUTER_BOUND('',#2383,.T.) ;
#2410=FACE_OUTER_BOUND('',#2405,.T.) ;
#2417=FACE_OUTER_BOUND('',#2412,.T.) ;
#2448=FACE_OUTER_BOUND('',#2441,.T.) ;
#2479=FACE_OUTER_BOUND('',#2472,.T.) ;
#2502=FACE_OUTER_BOUND('',#2497,.T.) ;
#2533=FACE_OUTER_BOUND('',#2527,.T.) ;
#2556=FACE_OUTER_BOUND('',#2551,.T.) ;
#2580=FACE_OUTER_BOUND('',#2575,.T.) ;
#2603=FACE_OUTER_BOUND('',#2597,.T.) ;
#2620=FACE_OUTER_BOUND('',#2615,.T.) ;
#2637=FACE_OUTER_BOUND('',#2632,.T.) ;
#2654=FACE_OUTER_BOUND('',#2649,.T.) ;
#2679=FACE_OUTER_BOUND('',#2673,.T.) ;
#2703=FACE_OUTER_BOUND('',#2698,.T.) ;
#2727=FACE_OUTER_BOUND('',#2721,.T.) ;
#2765=FACE_OUTER_BOUND('',#2756,.T.) ;
#2788=FACE_OUTER_BOUND('',#2783,.T.) ;
#2811=FACE_OUTER_BOUND('',#2806,.T.) ;
#2826=FACE_OUTER_BOUND('',#2813,.T.) ;
#2839=FACE_OUTER_BOUND('',#2832,.T.) ;
#45=UNCERTAINTY_MEASURE_WITH_UNIT(LENGTH_MEASURE(0.005),#41,'distance_accuracy_value','CONFUSED CURVE UNCERTAINTY') ;
#60=LINE('Line',#57,#59) ;
#69=LINE('Line',#66,#68) ;
#76=LINE('Line',#73,#75) ;
#83=LINE('Line',#80,#82) ;
#90=LINE('Line',#87,#89) ;
#97=LINE('Line',#94,#96) ;
#104=LINE('Line',#101,#103) ;
#124=LINE('Line',#121,#123) ;
#131=LINE('Line',#128,#130) ;
#138=LINE('Line',#135,#137) ;
#155=LINE('Line',#152,#154) ;
#162=LINE('Line',#159,#161) ;
#179=LINE('Line',#176,#178) ;
#186=LINE('Line',#183,#185) ;
#198=LINE('Line',#195,#197) ;
#212=LINE('Line',#209,#211) ;
#226=LINE('Line',#223,#225) ;
#245=LINE('Line',#242,#244) ;
#252=LINE('Line',#249,#251) ;
#269=LINE('Line',#266,#268) ;
#310=LINE('Line',#307,#309) ;
#324=LINE('Line',#321,#323) ;
#338=LINE('Line',#335,#337) ;
#352=LINE('Line',#349,#351) ;
#396=LINE('Line',#393,#395) ;
#410=LINE('Line',#407,#409) ;
#417=LINE('Line',#414,#416) ;
#424=LINE('Line',#421,#423) ;
#438=LINE('Line',#435,#437) ;
#452=LINE('Line',#449,#451) ;
#459=LINE('Line',#456,#458) ;
#466=LINE('Line',#463,#465) ;
#473=LINE('Line',#470,#472) ;
#689=LINE('Line',#686,#688) ;
#696=LINE('Line',#693,#695) ;
#729=LINE('Line',#726,#728) ;
#743=LINE('Line',#740,#742) ;
#757=LINE('Line',#754,#756) ;
#771=LINE('Line',#768,#770) ;
#785=LINE('Line',#782,#784) ;
#799=LINE('Line',#796,#798) ;
#813=LINE('Line',#810,#812) ;
#827=LINE('Line',#824,#826) ;
#868=LINE('Line',#865,#867) ;
#884=LINE('Line',#881,#883) ;
#898=LINE('Line',#895,#897) ;
#912=LINE('Line',#909,#911) ;
#952=LINE('Line',#949,#951) ;
#961=LINE('Line',#958,#960) ;
#968=LINE('Line',#965,#967) ;
#975=LINE('Line',#972,#974) ;
#989=LINE('Line',#986,#988) ;
#1003=LINE('Line',#1000,#1002) ;
#1010=LINE('Line',#1007,#1009) ;
#1017=LINE('Line',#1014,#1016) ;
#1022=LINE('Line',#1019,#1021) ;
#1253=LINE('Line',#1250,#1252) ;
#1270=LINE('Line',#1267,#1269) ;
#1287=LINE('Line',#1284,#1286) ;
#1294=LINE('Line',#1291,#1293) ;
#1301=LINE('Line',#1298,#1300) ;
#1326=LINE('Line',#1323,#1325) ;
#1363=LINE('Line',#1360,#1362) ;
#1370=LINE('Line',#1367,#1369) ;
#1395=LINE('Line',#1392,#1394) ;
#1432=LINE('Line',#1429,#1431) ;
#1439=LINE('Line',#1436,#1438) ;
#1456=LINE('Line',#1453,#1455) ;
#1480=LINE('Line',#1477,#1479) ;
#1487=LINE('Line',#1484,#1486) ;
#1511=LINE('Line',#1508,#1510) ;
#1528=LINE('Line',#1525,#1527) ;
#1535=LINE('Line',#1532,#1534) ;
#1559=LINE('Line',#1556,#1558) ;
#1576=LINE('Line',#1573,#1575) ;
#1583=LINE('Line',#1580,#1582) ;
#1600=LINE('Line',#1597,#1599) ;
#1619=LINE('Line',#1616,#1618) ;
#1626=LINE('Line',#1623,#1625) ;
#1651=LINE('Line',#1648,#1650) ;
#1683=LINE('Line',#1680,#1682) ;
#1690=LINE('Line',#1687,#1689) ;
#1745=LINE('Line',#1742,#1744) ;
#1750=LINE('Line',#1747,#1749) ;
#1774=LINE('Line',#1771,#1773) ;
#1779=LINE('Line',#1776,#1778) ;
#1796=LINE('Line',#1793,#1795) ;
#1813=LINE('Line',#1810,#1812) ;
#1830=LINE('Line',#1827,#1829) ;
#1847=LINE('Line',#1844,#1846) ;
#1864=LINE('Line',#1861,#1863) ;
#1881=LINE('Line',#1878,#1880) ;
#1910=LINE('Line',#1907,#1909) ;
#1915=LINE('Line',#1912,#1914) ;
#1939=LINE('Line',#1936,#1938) ;
#1956=LINE('Line',#1953,#1955) ;
#1973=LINE('Line',#1970,#1972) ;
#1990=LINE('Line',#1987,#1989) ;
#2007=LINE('Line',#2004,#2006) ;
#2024=LINE('Line',#2021,#2023) ;
#2041=LINE('Line',#2038,#2040) ;
#2053=LINE('Line',#2050,#2052) ;
#2070=LINE('Line',#2067,#2069) ;
#2094=LINE('Line',#2091,#2093) ;
#2108=LINE('Line',#2105,#2107) ;
#2137=LINE('Line',#2134,#2136) ;
#2142=LINE('Line',#2139,#2141) ;
#2166=LINE('Line',#2163,#2165) ;
#2171=LINE('Line',#2168,#2170) ;
#2195=LINE('Line',#2192,#2194) ;
#2200=LINE('Line',#2197,#2199) ;
#2224=LINE('Line',#2221,#2223) ;
#2229=LINE('Line',#2226,#2228) ;
#2253=LINE('Line',#2250,#2252) ;
#2258=LINE('Line',#2255,#2257) ;
#2282=LINE('Line',#2279,#2281) ;
#2287=LINE('Line',#2284,#2286) ;
#2311=LINE('Line',#2308,#2310) ;
#2316=LINE('Line',#2313,#2315) ;
#2340=LINE('Line',#2337,#2339) ;
#2345=LINE('Line',#2342,#2344) ;
#2369=LINE('Line',#2366,#2368) ;
#2374=LINE('Line',#2371,#2373) ;
#2398=LINE('Line',#2395,#2397) ;
#2403=LINE('Line',#2400,#2402) ;
#2433=LINE('Line',#2430,#2432) ;
#2458=LINE('Line',#2455,#2457) ;
#2518=LINE('Line',#2515,#2517) ;
#2525=LINE('Line',#2522,#2524) ;
#2566=LINE('Line',#2563,#2565) ;
#2590=LINE('Line',#2587,#2589) ;
#2595=LINE('Line',#2592,#2594) ;
#2613=LINE('Line',#2610,#2612) ;
#2630=LINE('Line',#2627,#2629) ;
#2647=LINE('Line',#2644,#2646) ;
#2664=LINE('Line',#2661,#2663) ;
#2671=LINE('Line',#2668,#2670) ;
#2689=LINE('Line',#2686,#2688) ;
#2719=LINE('Line',#2716,#2718) ;
#2743=LINE('Line',#2740,#2742) ;
#2748=LINE('Line',#2745,#2747) ;
#2=MECHANICAL_CONTEXT(' ',#1,'mechanical') ;
#24=PERSONAL_ADDRESS(' ',' ',' ',' ',' ',' ',' ',' ',' ',' ',' ',' ',(#22),' ') ;
#56=PLANE('',#55) ;
#120=PLANE('',#119) ;
#151=PLANE('',#150) ;
#175=PLANE('',#174) ;
#241=PLANE('',#240) ;
#265=PLANE('',#264) ;
#716=PLANE('',#715) ;
#1249=PLANE('',#1248) ;
#1266=PLANE('',#1265) ;
#1283=PLANE('',#1282) ;
#1359=PLANE('',#1358) ;
#1428=PLANE('',#1427) ;
#1476=PLANE('',#1475) ;
#1524=PLANE('',#1523) ;
#1572=PLANE('',#1571) ;
#1792=PLANE('',#1791) ;
#1826=PLANE('',#1825) ;
#1860=PLANE('',#1859) ;
#1894=PLANE('',#1893) ;
#1952=PLANE('',#1951) ;
#1969=PLANE('',#1968) ;
#2003=PLANE('',#2002) ;
#2037=PLANE('',#2036) ;
#2066=PLANE('',#2065) ;
#2423=PLANE('',#2422) ;
#2454=PLANE('',#2453) ;
#2508=PLANE('',#2507) ;
#2586=PLANE('',#2585) ;
#2626=PLANE('',#2625) ;
#2660=PLANE('',#2659) ;
#2709=PLANE('',#2708) ;
#2733=PLANE('',#2732) ;
#43=PLANE_ANGLE_MEASURE_WITH_UNIT(PLANE_ANGLE_MEASURE(0.0174532925199),#42) ;
#7=PRODUCT_CATEGORY('part',$) ;
#9=PRODUCT_CATEGORY_RELATIONSHIP(' ',' ',#7,#8) ;
#6=PRODUCT_DEFINITION_FORMATION_WITH_SPECIFIED_SOURCE('',' ',#5,.NOT_KNOWN.) ;
#8=PRODUCT_RELATED_PRODUCT_CATEGORY('detail',$,(#5)) ;
#50=SHAPE_DEFINITION_REPRESENTATION(#40,#49) ;
#62=VERTEX_POINT('',#61) ;
#64=VERTEX_POINT('',#63) ;
#71=VERTEX_POINT('',#70) ;
#78=VERTEX_POINT('',#77) ;
#85=VERTEX_POINT('',#84) ;
#92=VERTEX_POINT('',#91) ;
#99=VERTEX_POINT('',#98) ;
#126=VERTEX_POINT('',#125) ;
#133=VERTEX_POINT('',#132) ;
#157=VERTEX_POINT('',#156) ;
#181=VERTEX_POINT('',#180) ;
#200=VERTEX_POINT('',#199) ;
#207=VERTEX_POINT('',#206) ;
#214=VERTEX_POINT('',#213) ;
#221=VERTEX_POINT('',#220) ;
#247=VERTEX_POINT('',#246) ;
#284=VERTEX_POINT('',#283) ;
#286=VERTEX_POINT('',#285) ;
#303=VERTEX_POINT('',#302) ;
#305=VERTEX_POINT('',#304) ;
#312=VERTEX_POINT('',#311) ;
#319=VERTEX_POINT('',#318) ;
#326=VERTEX_POINT('',#325) ;
#333=VERTEX_POINT('',#332) ;
#340=VERTEX_POINT('',#339) ;
#347=VERTEX_POINT('',#346) ;
#370=VERTEX_POINT('',#369) ;
#372=VERTEX_POINT('',#371) ;
#389=VERTEX_POINT('',#388) ;
#391=VERTEX_POINT('',#390) ;
#398=VERTEX_POINT('',#397) ;
#405=VERTEX_POINT('',#404) ;
#412=VERTEX_POINT('',#411) ;
#419=VERTEX_POINT('',#418) ;
#426=VERTEX_POINT('',#425) ;
#433=VERTEX_POINT('',#432) ;
#440=VERTEX_POINT('',#439) ;
#447=VERTEX_POINT('',#446) ;
#454=VERTEX_POINT('',#453) ;
#461=VERTEX_POINT('',#460) ;
#468=VERTEX_POINT('',#467) ;
#496=VERTEX_POINT('',#495) ;
#498=VERTEX_POINT('',#497) ;
#515=VERTEX_POINT('',#514) ;
#517=VERTEX_POINT('',#516) ;
#534=VERTEX_POINT('',#533) ;
#536=VERTEX_POINT('',#535) ;
#553=VERTEX_POINT('',#552) ;
#555=VERTEX_POINT('',#554) ;
#572=VERTEX_POINT('',#571) ;
#574=VERTEX_POINT('',#573) ;
#591=VERTEX_POINT('',#590) ;
#593=VERTEX_POINT('',#592) ;
#610=VERTEX_POINT('',#609) ;
#612=VERTEX_POINT('',#611) ;
#629=VERTEX_POINT('',#628) ;
#631=VERTEX_POINT('',#630) ;
#648=VERTEX_POINT('',#647) ;
#650=VERTEX_POINT('',#649) ;
#667=VERTEX_POINT('',#666) ;
#669=VERTEX_POINT('',#668) ;
#691=VERTEX_POINT('',#690) ;
#698=VERTEX_POINT('',#697) ;
#722=VERTEX_POINT('',#721) ;
#724=VERTEX_POINT('',#723) ;
#731=VERTEX_POINT('',#730) ;
#738=VERTEX_POINT('',#737) ;
#745=VERTEX_POINT('',#744) ;
#752=VERTEX_POINT('',#751) ;
#759=VERTEX_POINT('',#758) ;
#766=VERTEX_POINT('',#765) ;
#773=VERTEX_POINT('',#772) ;
#780=VERTEX_POINT('',#779) ;
#787=VERTEX_POINT('',#786) ;
#794=VERTEX_POINT('',#793) ;
#801=VERTEX_POINT('',#800) ;
#808=VERTEX_POINT('',#807) ;
#815=VERTEX_POINT('',#814) ;
#822=VERTEX_POINT('',#821) ;
#852=VERTEX_POINT('',#851) ;
#854=VERTEX_POINT('',#853) ;
#870=VERTEX_POINT('',#869) ;
#872=VERTEX_POINT('',#871) ;
#879=VERTEX_POINT('',#878) ;
#886=VERTEX_POINT('',#885) ;
#893=VERTEX_POINT('',#892) ;
#900=VERTEX_POINT('',#899) ;
#907=VERTEX_POINT('',#906) ;
#914=VERTEX_POINT('',#913) ;
#936=VERTEX_POINT('',#935) ;
#938=VERTEX_POINT('',#937) ;
#954=VERTEX_POINT('',#953) ;
#956=VERTEX_POINT('',#955) ;
#963=VERTEX_POINT('',#962) ;
#970=VERTEX_POINT('',#969) ;
#977=VERTEX_POINT('',#976) ;
#984=VERTEX_POINT('',#983) ;
#991=VERTEX_POINT('',#990) ;
#998=VERTEX_POINT('',#997) ;
#1005=VERTEX_POINT('',#1004) ;
#1012=VERTEX_POINT('',#1011) ;
#1024=VERTEX_POINT('',#1023) ;
#1051=VERTEX_POINT('',#1050) ;
#1053=VERTEX_POINT('',#1052) ;
#1069=VERTEX_POINT('',#1068) ;
#1071=VERTEX_POINT('',#1070) ;
#1087=VERTEX_POINT('',#1086) ;
#1089=VERTEX_POINT('',#1088) ;
#1105=VERTEX_POINT('',#1104) ;
#1107=VERTEX_POINT('',#1106) ;
#1123=VERTEX_POINT('',#1122) ;
#1125=VERTEX_POINT('',#1124) ;
#1141=VERTEX_POINT('',#1140) ;
#1143=VERTEX_POINT('',#1142) ;
#1159=VERTEX_POINT('',#1158) ;
#1161=VERTEX_POINT('',#1160) ;
#1177=VERTEX_POINT('',#1176) ;
#1179=VERTEX_POINT('',#1178) ;
#1195=VERTEX_POINT('',#1194) ;
#1197=VERTEX_POINT('',#1196) ;
#1213=VERTEX_POINT('',#1212) ;
#1215=VERTEX_POINT('',#1214) ;
#1231=VERTEX_POINT('',#1230) ;
#1233=VERTEX_POINT('',#1232) ;
#1289=VERTEX_POINT('',#1288) ;
#1296=VERTEX_POINT('',#1295) ;
#1321=VERTEX_POINT('',#1320) ;
#1328=VERTEX_POINT('',#1327) ;
#1336=VERTEX_POINT('',#1335) ;
#1365=VERTEX_POINT('',#1364) ;
#1390=VERTEX_POINT('',#1389) ;
#1397=VERTEX_POINT('',#1396) ;
#1405=VERTEX_POINT('',#1404) ;
#1434=VERTEX_POINT('',#1433) ;
#1458=VERTEX_POINT('',#1457) ;
#1482=VERTEX_POINT('',#1481) ;
#1506=VERTEX_POINT('',#1505) ;
#1530=VERTEX_POINT('',#1529) ;
#1554=VERTEX_POINT('',#1553) ;
#1578=VERTEX_POINT('',#1577) ;
#1602=VERTEX_POINT('',#1601) ;
#1621=VERTEX_POINT('',#1620) ;
#1646=VERTEX_POINT('',#1645) ;
#1653=VERTEX_POINT('',#1652) ;
#1661=VERTEX_POINT('',#1660) ;
#1685=VERTEX_POINT('',#1684) ;
#1710=VERTEX_POINT('',#1709) ;
#1718=VERTEX_POINT('',#1717) ;
#2096=VERTEX_POINT('',#2095) ;
#2103=VERTEX_POINT('',#2102) ;
#2428=VERTEX_POINT('',#2427) ;
#2435=VERTEX_POINT('',#2434) ;
#2460=VERTEX_POINT('',#2459) ;
#2462=VERTEX_POINT('',#2461) ;
#2513=VERTEX_POINT('',#2512) ;
#2520=VERTEX_POINT('',#2519) ;
#2568=VERTEX_POINT('',#2567) ;
#2666=VERTEX_POINT('',#2665) ;
#2691=VERTEX_POINT('',#2690) ;
#2714=VERTEX_POINT('',#2713) ;
#2738=VERTEX_POINT('',#2737) ;
#2750=VERTEX_POINT('',#2749) ;
#41=(LENGTH_UNIT()NAMED_UNIT(*)SI_UNIT(.MILLI.,.METRE.)) ;
#42=(NAMED_UNIT(*)PLANE_ANGLE_UNIT()SI_UNIT($,.RADIAN.)) ;
#44=(NAMED_UNIT(*)SI_UNIT($,.STERADIAN.)SOLID_ANGLE_UNIT()) ;
#46=(GEOMETRIC_REPRESENTATION_CONTEXT(3)GLOBAL_UNCERTAINTY_ASSIGNED_CONTEXT((#45))GLOBAL_UNIT_ASSIGNED_CONTEXT((#41,#42,#44))REPRESENTATION_CONTEXT(' ',' ')) ;
ENDSEC;
END-ISO-10303-21;
