ISO-10303-21;
HEADER;
FILE_DESCRIPTION (( 'STEP AP203' ),
    '1' );
FILE_NAME ('3582N11_Metal-Detectable Hinge with Holes.STEP',
    '2023-03-10T16:22:12',
    ( 'Administrator' ),
    ( 'Managed by Terraform' ),
    'SwSTEP 2.0',
    'SolidWorks 2017',
    '' );
FILE_SCHEMA (( 'CONFIG_CONTROL_DESIGN' ));
ENDSEC;

DATA;
#1 = CARTESIAN_POINT ( 'NONE',  ( -4.750000000000000000, 6.792893218813454800, 0.0000000000000000000 ) ) ;
#2 = ORIENTED_EDGE ( 'NONE', *, *, #1398, .T. ) ;
#3 = AXIS2_PLACEMENT_3D ( 'NONE', #4911, #7192, #9346 ) ;
#4 = VERTEX_POINT ( 'NONE', #4077 ) ;
#5 = FACE_OUTER_BOUND ( 'NONE', #5343, .T. ) ;
#6 = ORIENTED_EDGE ( 'NONE', *, *, #5548, .T. ) ;
#7 = DIRECTION ( 'NONE',  ( -0.0000000000000000000, -1.000000000000000000, -0.0000000000000000000 ) ) ;
#8 = DIRECTION ( 'NONE',  ( -1.000000000000000000, 0.0000000000000000000, 0.0000000000000000000 ) ) ;
#9 = CARTESIAN_POINT ( 'NONE',  ( 1.330407161568939100E-016, 5.499999999999998200, 10.12500000000000000 ) ) ;
#10 = DIRECTION ( 'NONE',  ( 0.0000000000000000000, -0.0000000000000000000, 1.000000000000000000 ) ) ;
#11 = VERTEX_POINT ( 'NONE', #7579 ) ;
#12 = VECTOR ( 'NONE', #5687, 1000.000000000000000 ) ;
#13 = AXIS2_PLACEMENT_3D ( 'NONE', #2646, #7943, #4898 ) ;
#14 = ORIENTED_EDGE ( 'NONE', *, *, #479, .F. ) ;
#15 = EDGE_CURVE ( 'NONE', #4227, #6929, #6483, .T. ) ;
#16 = DIRECTION ( 'NONE',  ( -0.0000000000000000000, -0.0000000000000000000, 1.000000000000000000 ) ) ;
#17 = ORIENTED_EDGE ( 'NONE', *, *, #15, .F. ) ;
#18 = LINE ( 'NONE', #1591, #9108 ) ;
#19 = CARTESIAN_POINT ( 'NONE',  ( 6.250000000000003600, 0.0000000000000000000, -20.00000000000000000 ) ) ;
#20 = DIRECTION ( 'NONE',  ( -0.0000000000000000000, -0.0000000000000000000, -1.000000000000000000 ) ) ;
#21 = CARTESIAN_POINT ( 'NONE',  ( 2.792893218813457400, 9.000000000000000000, 20.00000000000000000 ) ) ;
#22 = DIRECTION ( 'NONE',  ( 1.000000000000000000, 0.0000000000000000000, 0.0000000000000000000 ) ) ;
#23 = ORIENTED_EDGE ( 'NONE', *, *, #4121, .T. ) ;
#24 = ORIENTED_EDGE ( 'NONE', *, *, #864, .T. ) ;
#25 = ORIENTED_EDGE ( 'NONE', *, *, #421, .T. ) ;
#26 = AXIS2_PLACEMENT_3D ( 'NONE', #6816, #8521, #3878 ) ;
#27 = DIRECTION ( 'NONE',  ( -1.000000000000000000, 0.0000000000000000000, 3.469446951953614200E-016 ) ) ;
#28 = EDGE_LOOP ( 'NONE', ( #7220, #1883, #9434, #4457 ) ) ;
#29 = CYLINDRICAL_SURFACE ( 'NONE', #9640, 0.2500000000000002200 ) ;
#30 = AXIS2_PLACEMENT_3D ( 'NONE', #3598, #5858, #5050 ) ;
#31 = CARTESIAN_POINT ( 'NONE',  ( 12.50000000000000000, 2.711339312526813900, -12.50000000000000000 ) ) ;
#32 = EDGE_CURVE ( 'NONE', #193, #8160, #4332, .T. ) ;
#33 = CARTESIAN_POINT ( 'NONE',  ( 5.750000000000003600, 0.2500000000000002200, 9.875000000000000000 ) ) ;
#34 = EDGE_CURVE ( 'NONE', #9474, #8522, #5163, .T. ) ;
#35 = CARTESIAN_POINT ( 'NONE',  ( -12.50000000000002700, 5.399999999999980800, 12.50000000000000000 ) ) ;
#36 = ADVANCED_FACE ( 'NONE', ( #936 ), #8724, .T. ) ;
#37 = ORIENTED_EDGE ( 'NONE', *, *, #2894, .F. ) ;
#38 = VERTEX_POINT ( 'NONE', #5912 ) ;
#39 = DIRECTION ( 'NONE',  ( 0.7071067811865491300, -0.7071067811865460200, -2.044391222244504800E-016 ) ) ;
#40 = CARTESIAN_POINT ( 'NONE',  ( -19.74999999999999600, 0.0000000000000000000, -20.00000000000000000 ) ) ;
#41 = VECTOR ( 'NONE', #2986, 1000.000000000000000 ) ;
#42 = CARTESIAN_POINT ( 'NONE',  ( 4.101061471818666400, 0.5000000000000001100, -9.624999999999998200 ) ) ;
#43 = VECTOR ( 'NONE', #7219, 1000.000000000000000 ) ;
#44 = ORIENTED_EDGE ( 'NONE', *, *, #9321, .F. ) ;
#45 = DIRECTION ( 'NONE',  ( 0.0000000000000000000, -0.0000000000000000000, -1.000000000000000000 ) ) ;
#46 = ORIENTED_EDGE ( 'NONE', *, *, #4262, .T. ) ;
#47 = ADVANCED_FACE ( 'NONE', ( #2209 ), #9194, .T. ) ;
#48 = CIRCLE ( 'NONE', #9566, 0.4999999999999995600 ) ;
#49 = CARTESIAN_POINT ( 'NONE',  ( -5.000000000000000000, 7.000000000000001800, 10.37500000000000000 ) ) ;
#50 = CARTESIAN_POINT ( 'NONE',  ( -5.249999999999998200, 5.249999999999999100, -9.999999999999998200 ) ) ;
#51 = ORIENTED_EDGE ( 'NONE', *, *, #3044, .F. ) ;
#52 = EDGE_CURVE ( 'NONE', #5907, #3936, #8008, .T. ) ;
#53 = CARTESIAN_POINT ( 'NONE',  ( 6.250000000000003600, 0.0000000000000000000, -10.12499999999999800 ) ) ;
#54 = CARTESIAN_POINT ( 'NONE',  ( -3.000000000000002700, 9.000000000000000000, 10.37500000000000000 ) ) ;
#55 = VECTOR ( 'NONE', #1953, 1000.000000000000000 ) ;
#56 = EDGE_CURVE ( 'NONE', #1819, #9485, #6821, .T. ) ;
#57 = ORIENTED_EDGE ( 'NONE', *, *, #3635, .T. ) ;
#58 = CARTESIAN_POINT ( 'NONE',  ( -19.74999999999999600, 0.0000000000000000000, -19.75000000000000000 ) ) ;
#59 = DIRECTION ( 'NONE',  ( -1.000000000000000000, -2.602085213965201600E-015, 0.0000000000000000000 ) ) ;
#60 = CIRCLE ( 'NONE', #1666, 0.5000000000000004400 ) ;
#61 = AXIS2_PLACEMENT_3D ( 'NONE', #6289, #7804, #900 ) ;
#62 = DIRECTION ( 'NONE',  ( 0.0000000000000000000, -1.000000000000000000, 0.0000000000000000000 ) ) ;
#63 = CARTESIAN_POINT ( 'NONE',  ( 12.50000000000000500, 5.400000000000003900, 12.50000000000000000 ) ) ;
#64 = CARTESIAN_POINT ( 'NONE',  ( -2.792893218813456500, 8.499999999999998200, 9.750000000000000000 ) ) ;
#65 = VERTEX_POINT ( 'NONE', #7470 ) ;
#66 = CARTESIAN_POINT ( 'NONE',  ( -5.250000000000000000, 5.750000000000000000, -20.00000000000000000 ) ) ;
#67 = CIRCLE ( 'NONE', #7401, 0.2500000000000002200 ) ;
#68 = EDGE_CURVE ( 'NONE', #2661, #7201, #6588, .T. ) ;
#69 = FACE_OUTER_BOUND ( 'NONE', #3018, .T. ) ;
#70 = DIRECTION ( 'NONE',  ( 0.0000000000000000000, 0.0000000000000000000, 1.000000000000000000 ) ) ;
#71 = DIRECTION ( 'NONE',  ( -1.000000000000000000, 0.0000000000000000000, 0.0000000000000000000 ) ) ;
#72 = DIRECTION ( 'NONE',  ( -1.000000000000000000, 0.0000000000000000000, 0.0000000000000000000 ) ) ;
#73 = CARTESIAN_POINT ( 'NONE',  ( 20.00000000000000400, 0.5000000000000000000, 19.75000000000000000 ) ) ;
#74 = DIRECTION ( 'NONE',  ( 8.673617379884004900E-016, -1.000000000000000000, 0.0000000000000000000 ) ) ;
#75 = AXIS2_PLACEMENT_3D ( 'NONE', #5260, #5335, #6848 ) ;
#76 = DIRECTION ( 'NONE',  ( 1.000000000000000000, 8.673617379884004900E-016, 0.0000000000000000000 ) ) ;
#77 = DIRECTION ( 'NONE',  ( 1.000000000000000000, 0.0000000000000000000, 0.0000000000000000000 ) ) ;
#78 = ORIENTED_EDGE ( 'NONE', *, *, #6817, .T. ) ;
#79 = ADVANCED_FACE ( 'NONE', ( #7532 ), #3511, .T. ) ;
#80 = TOROIDAL_SURFACE ( 'NONE', #3984, 4.750000000000000000, 0.2500000000000000000 ) ;
#81 = ORIENTED_EDGE ( 'NONE', *, *, #86, .F. ) ;
#82 = CYLINDRICAL_SURFACE ( 'NONE', #9548, 2.749999999999999100 ) ;
#83 = DIRECTION ( 'NONE',  ( 0.7071067811865475700, 0.7071067811865475700, 0.0000000000000000000 ) ) ;
#84 = AXIS2_PLACEMENT_3D ( 'NONE', #8809, #1961, #8023 ) ;
#85 = DIRECTION ( 'NONE',  ( -0.0000000000000000000, 1.000000000000000000, 0.0000000000000000000 ) ) ;
#86 = EDGE_CURVE ( 'NONE', #4569, #11, #8613, .T. ) ;
#87 = DIRECTION ( 'NONE',  ( 0.7071067811865474600, 0.7071067811865474600, 0.0000000000000000000 ) ) ;
#88 = EDGE_CURVE ( 'NONE', #9126, #5697, #7788, .T. ) ;
#89 = ORIENTED_EDGE ( 'NONE', *, *, #3044, .T. ) ;
#90 = FACE_OUTER_BOUND ( 'NONE', #7485, .T. ) ;
#91 = DIRECTION ( 'NONE',  ( -1.000000000000000000, -0.0000000000000000000, -0.0000000000000000000 ) ) ;
#92 = CYLINDRICAL_SURFACE ( 'NONE', #503, 2.749999999999999100 ) ;
#93 = ADVANCED_FACE ( 'NONE', ( #2461 ), #1508, .T. ) ;
#94 = CARTESIAN_POINT ( 'NONE',  ( -4.676776695296636500, 6.969669914110091300, -0.2500000000000000000 ) ) ;
#95 = DIRECTION ( 'NONE',  ( 8.673617379884004900E-016, -1.000000000000000000, 0.0000000000000000000 ) ) ;
#96 = CARTESIAN_POINT ( 'NONE',  ( -2.792893218813456500, 9.000000000000000000, -9.624999999999998200 ) ) ;
#97 = EDGE_CURVE ( 'NONE', #9202, #8304, #6954, .T. ) ;
#98 = CARTESIAN_POINT ( 'NONE',  ( 1.330407161568939100E-016, 0.5000000000000004400, -0.2500000000000002200 ) ) ;
#99 = VERTEX_POINT ( 'NONE', #9738 ) ;
#100 = LINE ( 'NONE', #7837, #4113 ) ;
#101 = AXIS2_PLACEMENT_3D ( 'NONE', #7292, #9502, #7182 ) ;
#102 = CARTESIAN_POINT ( 'NONE',  ( 6.250000000000003600, 5.249999999999998200, -20.00000000000000000 ) ) ;
#103 = VERTEX_POINT ( 'NONE', #1384 ) ;
#104 = EDGE_CURVE ( 'NONE', #615, #3793, #8241, .T. ) ;
#105 = EDGE_CURVE ( 'NONE', #1407, #4942, #5287, .T. ) ;
#106 = ORIENTED_EDGE ( 'NONE', *, *, #5782, .F. ) ;
#107 = CARTESIAN_POINT ( 'NONE',  ( -5.849496439246690800, 0.2724863621184528400, 0.1099260722872470000 ) ) ;
#108 = ADVANCED_FACE ( 'NONE', ( #7313 ), #6705, .T. ) ;
#109 = DIRECTION ( 'NONE',  ( 1.000000000000000000, 0.0000000000000000000, 0.0000000000000000000 ) ) ;
#110 = DIRECTION ( 'NONE',  ( -0.7071067811865490200, 0.7071067811865460200, 0.0000000000000000000 ) ) ;
#111 = DIRECTION ( 'NONE',  ( -1.000000000000000000, 0.0000000000000000000, 2.891205793294680300E-016 ) ) ;
#112 = ORIENTED_EDGE ( 'NONE', *, *, #2454, .F. ) ;
#113 = TOROIDAL_SURFACE ( 'NONE', #6408, 0.2500000000000000000, 0.2500000000000000000 ) ;
#114 = FACE_OUTER_BOUND ( 'NONE', #9596, .T. ) ;
#115 = DIRECTION ( 'NONE',  ( 0.0000000000000000000, 0.0000000000000000000, 1.000000000000000000 ) ) ;
#116 = DIRECTION ( 'NONE',  ( 1.000000000000000000, 8.191565091004766200E-016, 0.0000000000000000000 ) ) ;
#117 = EDGE_CURVE ( 'NONE', #630, #3403, #2784, .T. ) ;
#118 = ORIENTED_EDGE ( 'NONE', *, *, #8316, .F. ) ;
#119 = CARTESIAN_POINT ( 'NONE',  ( -5.996659633835752100, 0.0008950484161334591400, 9.840793023838857700 ) ) ;
#120 = ORIENTED_EDGE ( 'NONE', *, *, #8401, .T. ) ;
#121 = CARTESIAN_POINT ( 'NONE',  ( -6.249999999999996400, 0.2500000000000000000, 19.75000000000000000 ) ) ;
#122 = VERTEX_POINT ( 'NONE', #2115 ) ;
#123 = DIRECTION ( 'NONE',  ( -1.000000000000000000, 0.0000000000000000000, 0.0000000000000000000 ) ) ;
#124 = DIRECTION ( 'NONE',  ( 0.0000000000000000000, 0.0000000000000000000, -1.000000000000000000 ) ) ;
#125 = CARTESIAN_POINT ( 'NONE',  ( -19.99999999999999600, 4.792893218813452100, 19.75000000000000000 ) ) ;
#126 = ORIENTED_EDGE ( 'NONE', *, *, #1250, .T. ) ;
#127 = TOROIDAL_SURFACE ( 'NONE', #5654, 0.2500000000000000000, 0.2500000000000000000 ) ;
#128 = ORIENTED_EDGE ( 'NONE', *, *, #6276, .F. ) ;
#129 = DIRECTION ( 'NONE',  ( 0.0000000000000000000, 0.0000000000000000000, 1.000000000000000000 ) ) ;
#130 = ORIENTED_EDGE ( 'NONE', *, *, #4328, .T. ) ;
#131 = CIRCLE ( 'NONE', #2754, 0.2500000000000002200 ) ;
#132 = VERTEX_POINT ( 'NONE', #5918 ) ;
#133 = DIRECTION ( 'NONE',  ( 0.0000000000000000000, 1.000000000000000000, -0.0000000000000000000 ) ) ;
#134 = CIRCLE ( 'NONE', #3551, 0.09999999999999939500 ) ;
#135 = ORIENTED_EDGE ( 'NONE', *, *, #3501, .F. ) ;
#136 = LINE ( 'NONE', #4255, #8651 ) ;
#137 = CARTESIAN_POINT ( 'NONE',  ( 0.4666285499222927500, 1.741481456572233200, 20.00000000000000000 ) ) ;
#138 = DIRECTION ( 'NONE',  ( 0.0000000000000000000, 0.0000000000000000000, -1.000000000000000000 ) ) ;
#139 = VERTEX_POINT ( 'NONE', #8124 ) ;
#140 = ADVANCED_FACE ( 'NONE', ( #4715 ), #4575, .T. ) ;
#141 = AXIS2_PLACEMENT_3D ( 'NONE', #5220, #5178, #6772 ) ;
#142 = ORIENTED_EDGE ( 'NONE', *, *, #650, .T. ) ;
#143 = EDGE_CURVE ( 'NONE', #9375, #2190, #1052, .T. ) ;
#144 = CYLINDRICAL_SURFACE ( 'NONE', #9495, 0.2500000000000002200 ) ;
#145 = CARTESIAN_POINT ( 'NONE',  ( -5.749999999999996400, 0.0000000000000000000, -9.999999999999998200 ) ) ;
#146 = ORIENTED_EDGE ( 'NONE', *, *, #5534, .F. ) ;
#147 = CARTESIAN_POINT ( 'NONE',  ( -5.685295238724367400, 0.08432488663803165700, -10.24999999999999600 ) ) ;
#148 = DIRECTION ( 'NONE',  ( 1.000000000000000000, 2.602085213965201600E-015, 0.0000000000000000000 ) ) ;
#149 = ORIENTED_EDGE ( 'NONE', *, *, #7868, .F. ) ;
#150 = ORIENTED_EDGE ( 'NONE', *, *, #7831, .F. ) ;
#151 = AXIS2_PLACEMENT_3D ( 'NONE', #1094, #1787, #309 ) ;
#152 = ORIENTED_EDGE ( 'NONE', *, *, #7565, .F. ) ;
#153 = CARTESIAN_POINT ( 'NONE',  ( -12.50000000000000000, 2.778606591926445500, 9.723994007339596700 ) ) ;
#154 = CARTESIAN_POINT ( 'NONE',  ( -3.000000000000002700, 8.749999999999998200, -0.2500000000000002200 ) ) ;
#155 = ORIENTED_EDGE ( 'NONE', *, *, #8817, .F. ) ;
#156 = FACE_OUTER_BOUND ( 'NONE', #3877, .T. ) ;
#157 = CARTESIAN_POINT ( 'NONE',  ( 5.250000000000000000, 5.249999999999997300, 10.37500000000000000 ) ) ;
#158 = DIRECTION ( 'NONE',  ( 1.000000000000000000, 0.0000000000000000000, 0.0000000000000000000 ) ) ;
#159 = ADVANCED_FACE ( 'NONE', ( #3393 ), #5137, .F. ) ;
#160 = AXIS2_PLACEMENT_3D ( 'NONE', #6023, #8235, #9025 ) ;
#161 = CARTESIAN_POINT ( 'NONE',  ( -4.750000000000000000, 5.750000000000000000, 10.00000000000000000 ) ) ;
#162 = EDGE_CURVE ( 'NONE', #7723, #8871, #808, .T. ) ;
#163 = DIRECTION ( 'NONE',  ( -1.000000000000000000, 0.0000000000000000000, 0.0000000000000000000 ) ) ;
#164 = CARTESIAN_POINT ( 'NONE',  ( -19.49999999999999600, 0.5000000000000000000, -20.00000000000000000 ) ) ;
#165 = ORIENTED_EDGE ( 'NONE', *, *, #5784, .F. ) ;
#166 = VERTEX_POINT ( 'NONE', #6766 ) ;
#167 = ORIENTED_EDGE ( 'NONE', *, *, #479, .T. ) ;
#168 = DIRECTION ( 'NONE',  ( 0.0000000000000000000, 0.0000000000000000000, -1.000000000000000000 ) ) ;
#169 = ORIENTED_EDGE ( 'NONE', *, *, #5338, .F. ) ;
#170 = DIRECTION ( 'NONE',  ( -0.0000000000000000000, 1.000000000000000000, -0.0000000000000000000 ) ) ;
#171 = CIRCLE ( 'NONE', #7255, 0.4999999999999995600 ) ;
#172 = CARTESIAN_POINT ( 'NONE',  ( 1.330407161568939100E-016, 5.499999999999998200, 20.00000000000000000 ) ) ;
#173 = ADVANCED_FACE ( 'NONE', ( #3024 ), #4107, .F. ) ;
#175 = VERTEX_POINT ( 'NONE', #147 ) ;
#174 = AXIS2_PLACEMENT_3D ( 'NONE', #7491, #5971, #8832 ) ;
#176 = CARTESIAN_POINT ( 'NONE',  ( -2.969669914110093100, 8.676776695296634800, -20.00000000000000000 ) ) ;
#177 = VERTEX_POINT ( 'NONE', #102 ) ;
#178 = PRODUCT_DEFINITION ( 'UNKNOWN', '', #3504, #4981 ) ;
#179 = CARTESIAN_POINT ( 'NONE',  ( 4.165766233094295500, 0.4914814565722677200, -9.874999999999998200 ) ) ;
#180 = CIRCLE ( 'NONE', #9662, 0.09999999999999939500 ) ;
#181 = EDGE_CURVE ( 'NONE', #4942, #4877, #7191, .T. ) ;
#182 = TOROIDAL_SURFACE ( 'NONE', #7533, 2.849999999999998300, 0.1000000000000000100 ) ;
#183 = DIRECTION ( 'NONE',  ( -1.000000000000000000, 0.0000000000000000000, 0.0000000000000000000 ) ) ;
#184 = CARTESIAN_POINT ( 'NONE',  ( -4.750000000000000000, 5.500000000000000900, 10.12500000000000000 ) ) ;
#185 = EDGE_CURVE ( 'NONE', #4160, #9633, #1395, .T. ) ;
#186 = DIRECTION ( 'NONE',  ( 1.000000000000000000, 0.0000000000000000000, 0.0000000000000000000 ) ) ;
#187 = CARTESIAN_POINT ( 'NONE',  ( 6.000000000000003600, 0.2500000000000000000, 20.00000000000000000 ) ) ;
#188 = EDGE_LOOP ( 'NONE', ( #8678, #5543 ) ) ;
#189 = DIRECTION ( 'NONE',  ( 0.0000000000000000000, 0.0000000000000000000, -1.000000000000000000 ) ) ;
#190 = FACE_OUTER_BOUND ( 'NONE', #8237, .T. ) ;
#191 = CARTESIAN_POINT ( 'NONE',  ( 12.50000000000000000, 0.1000000000000000100, 12.50000000000000000 ) ) ;
#192 = CARTESIAN_POINT ( 'NONE',  ( 1.330407161568939100E-016, 5.499999999999998200, -9.774999999999998600 ) ) ;
#193 = VERTEX_POINT ( 'NONE', #1558 ) ;
#194 = CARTESIAN_POINT ( 'NONE',  ( -5.249999999999998200, 5.249999999999999100, -19.75000000000000000 ) ) ;
#195 = DIRECTION ( 'NONE',  ( 1.000000000000000000, 0.0000000000000000000, 0.0000000000000000000 ) ) ;
#196 = CIRCLE ( 'NONE', #5587, 0.2500000000000002200 ) ;
#197 = ADVANCED_FACE ( 'NONE', ( #2570 ), #2330, .T. ) ;
#198 = CARTESIAN_POINT ( 'NONE',  ( -4.770489558936197400E-015, 5.499999999999993800, -19.75000000000000000 ) ) ;
#199 = AXIS2_PLACEMENT_3D ( 'NONE', #6255, #6323, #7008 ) ;
#200 = DIRECTION ( 'NONE',  ( -0.7071067811865482400, 0.7071067811865469100, 0.0000000000000000000 ) ) ;
#201 = VERTEX_POINT ( 'NONE', #6831 ) ;
#202 = CARTESIAN_POINT ( 'NONE',  ( 19.29289321881344700, 5.000000000000010700, -19.75000000000000000 ) ) ;
#203 = VECTOR ( 'NONE', #6052, 999.9999999999998900 ) ;
#204 = AXIS2_PLACEMENT_3D ( 'NONE', #2073, #8016, #5875 ) ;
#205 = DIRECTION ( 'NONE',  ( 0.7071067811865492400, -0.7071067811865458000, 0.0000000000000000000 ) ) ;
#206 = CARTESIAN_POINT ( 'NONE',  ( -6.000000000000001800, -1.734725280734508100E-015, 20.00000000000000000 ) ) ;
#207 = ADVANCED_FACE ( 'NONE', ( #337 ), #92, .F. ) ;
#208 = CARTESIAN_POINT ( 'NONE',  ( -4.853553390593274000, 7.146446609406727800, 20.00000000000000000 ) ) ;
#209 = ORIENTED_EDGE ( 'NONE', *, *, #7891, .T. ) ;
#210 = CYLINDRICAL_SURFACE ( 'NONE', #3844, 0.5000000000000000000 ) ;
#211 = CIRCLE ( 'NONE', #6826, 0.2500000000000002200 ) ;
#212 = CARTESIAN_POINT ( 'NONE',  ( -3.000000000000011500, 8.749999999999998200, -10.24999999999999800 ) ) ;
#213 = CARTESIAN_POINT ( 'NONE',  ( -2.792893218813456500, 9.000000000000000000, 20.00000000000000000 ) ) ;
#214 = CARTESIAN_POINT ( 'NONE',  ( -2.792893218813456500, 9.000000000000000000, -10.24999999999999800 ) ) ;
#215 = AXIS2_PLACEMENT_3D ( 'NONE', #1296, #507, #4986 ) ;
#216 = EDGE_CURVE ( 'NONE', #7912, #3175, #6117, .T. ) ;
#217 = ADVANCED_FACE ( 'NONE', ( #2098 ), #4280, .T. ) ;
#218 = PLANE ( 'NONE',  #4051 ) ;
#219 = ORIENTED_EDGE ( 'NONE', *, *, #9702, .T. ) ;
#220 = CIRCLE ( 'NONE', #2194, 0.4999999999999995600 ) ;
#221 = VERTEX_POINT ( 'NONE', #6796 ) ;
#222 = CARTESIAN_POINT ( 'NONE',  ( -19.99999999999999600, 0.5000000000000000000, 19.75000000000000000 ) ) ;
#223 = DIRECTION ( 'NONE',  ( 0.0000000000000000000, 0.0000000000000000000, -1.000000000000000000 ) ) ;
#224 = CARTESIAN_POINT ( 'NONE',  ( -12.32322330470319100, 12.32322330470340600, 19.75000000000000000 ) ) ;
#225 = DIRECTION ( 'NONE',  ( -1.000000000000000000, 0.0000000000000000000, 0.0000000000000000000 ) ) ;
#226 = VERTEX_POINT ( 'NONE', #7661 ) ;
#227 = FACE_OUTER_BOUND ( 'NONE', #8504, .T. ) ;
#228 = LINE ( 'NONE', #7674, #6949 ) ;
#229 = CARTESIAN_POINT ( 'NONE',  ( -5.998226606295144600, 0.0004751794110770800900, -10.16619021710903100 ) ) ;
#230 = AXIS2_PLACEMENT_3D ( 'NONE', #7384, #607, #7411 ) ;
#231 = CARTESIAN_POINT ( 'NONE',  ( -2.000000000000000000, 5.499999999999998200, 10.22500000000000000 ) ) ;
#232 = ORIENTED_EDGE ( 'NONE', *, *, #2583, .F. ) ;
#233 = EDGE_CURVE ( 'NONE', #6306, #99, #5826, .T. ) ;
#234 = DIRECTION ( 'NONE',  ( 0.7071067811865475700, -0.7071067811865475700, 0.0000000000000000000 ) ) ;
#235 = CARTESIAN_POINT ( 'NONE',  ( -3.000000000000002700, 9.000000000000000000, 20.00000000000000000 ) ) ;
#236 = ORIENTED_EDGE ( 'NONE', *, *, #34, .F. ) ;
#237 = VECTOR ( 'NONE', #8540, 1000.000000000000100 ) ;
#238 = FACE_OUTER_BOUND ( 'NONE', #9459, .T. ) ;
#239 = DIRECTION ( 'NONE',  ( 0.0000000000000000000, 1.000000000000000000, -0.0000000000000000000 ) ) ;
#240 = VERTEX_POINT ( 'NONE', #5384 ) ;
#241 = DIRECTION ( 'NONE',  ( 0.0000000000000000000, 0.0000000000000000000, -1.000000000000000000 ) ) ;
#242 = DIRECTION ( 'NONE',  ( 0.2588190451025123600, -0.9659258262890706400, 0.0000000000000000000 ) ) ;
#243 = ORIENTED_EDGE ( 'NONE', *, *, #8186, .F. ) ;
#244 = DIRECTION ( 'NONE',  ( 1.000000000000000000, 0.0000000000000000000, 0.0000000000000000000 ) ) ;
#245 = CARTESIAN_POINT ( 'NONE',  ( 6.250000000000003600, 5.249999999999998200, -19.75000000000000000 ) ) ;
#246 = VERTEX_POINT ( 'NONE', #9037 ) ;
#247 = CIRCLE ( 'NONE', #9305, 0.2500000000000000600 ) ;
#248 = DIRECTION ( 'NONE',  ( -0.7071067811865469100, -0.7071067811865482400, 0.0000000000000000000 ) ) ;
#249 = ORIENTED_EDGE ( 'NONE', *, *, #778, .F. ) ;
#250 = EDGE_LOOP ( 'NONE', ( #5702, #9552, #4003, #4035, #9406 ) ) ;
#251 = CARTESIAN_POINT ( 'NONE',  ( 4.500000000000002700, 6.792893218813461900, 10.12500000000000000 ) ) ;
#252 = CARTESIAN_POINT ( 'NONE',  ( -5.000000000000000000, 6.792893218813454800, -9.624999999999998200 ) ) ;
#254 = CIRCLE ( 'NONE', #9445, 0.2500000000000002200 ) ;
#253 = DIRECTION ( 'NONE',  ( 0.0000000000000000000, -0.0000000000000000000, 1.000000000000000000 ) ) ;
#255 = AXIS2_PLACEMENT_3D ( 'NONE', #2174, #7629, #2339 ) ;
#256 = ADVANCED_FACE ( 'NONE', ( #9378 ), #3575, .T. ) ;
#257 = ORIENTED_EDGE ( 'NONE', *, *, #8043, .T. ) ;
#258 = FACE_OUTER_BOUND ( 'NONE', #6415, .T. ) ;
#259 = ORIENTED_EDGE ( 'NONE', *, *, #7828, .F. ) ;
#260 = DIRECTION ( 'NONE',  ( 0.0000000000000000000, -0.0000000000000000000, -1.000000000000000000 ) ) ;
#261 = EDGE_CURVE ( 'NONE', #6929, #1588, #9130, .T. ) ;
#262 = ORIENTED_EDGE ( 'NONE', *, *, #1284, .F. ) ;
#263 = CIRCLE ( 'NONE', #4225, 0.5000000000000000000 ) ;
#264 = DIRECTION ( 'NONE',  ( 1.000000000000000000, 0.0000000000000000000, 0.0000000000000000000 ) ) ;
#265 = EDGE_LOOP ( 'NONE', ( #1041, #2316, #6425, #5929 ) ) ;
#266 = VECTOR ( 'NONE', #1231, 1000.000000000000000 ) ;
#267 = EDGE_LOOP ( 'NONE', ( #5103, #4901, #4362, #2104, #4264 ) ) ;
#268 = ADVANCED_FACE ( 'NONE', ( #7369 ), #2162, .T. ) ;
#269 = AXIS2_PLACEMENT_3D ( 'NONE', #9, #839, #9121 ) ;
#270 = DIRECTION ( 'NONE',  ( -1.000000000000000000, 0.0000000000000000000, 0.0000000000000000000 ) ) ;
#271 = ORIENTED_EDGE ( 'NONE', *, *, #3665, .T. ) ;
#272 = CIRCLE ( 'NONE', #5857, 0.4999999999999995600 ) ;
#273 = CARTESIAN_POINT ( 'NONE',  ( 2.969669914110093500, 8.676776695296634800, 10.12500000000000000 ) ) ;
#274 = CARTESIAN_POINT ( 'NONE',  ( 20.00000000000000400, 0.0000000000000000000, -19.75000000000000000 ) ) ;
#275 = ORIENTED_EDGE ( 'NONE', *, *, #6042, .T. ) ;
#276 = ORIENTED_EDGE ( 'NONE', *, *, #2777, .T. ) ;
#277 = VERTEX_POINT ( 'NONE', #1623 ) ;
#278 = EDGE_CURVE ( 'NONE', #2610, #5351, #3159, .T. ) ;
#279 = CARTESIAN_POINT ( 'NONE',  ( 5.750000000000003600, 0.2500000000000000000, 0.2500000000000002200 ) ) ;
#280 = ORIENTED_EDGE ( 'NONE', *, *, #9518, .T. ) ;
#281 = CARTESIAN_POINT ( 'NONE',  ( 1.330407161568939100E-016, 5.499999999999998200, 20.00000000000000000 ) ) ;
#282 = FACE_OUTER_BOUND ( 'NONE', #1537, .T. ) ;
#283 = AXIS2_PLACEMENT_3D ( 'NONE', #1523, #805, #6081 ) ;
#284 = CARTESIAN_POINT ( 'NONE',  ( 4.750000000000000900, 5.749999999999998200, -0.2500000000000000000 ) ) ;
#285 = ORIENTED_EDGE ( 'NONE', *, *, #7372, .F. ) ;
#286 = DIRECTION ( 'NONE',  ( 0.0000000000000000000, 0.0000000000000000000, -1.000000000000000000 ) ) ;
#287 = ORIENTED_EDGE ( 'NONE', *, *, #3854, .T. ) ;
#288 = CARTESIAN_POINT ( 'NONE',  ( -7.205763011388057700, 5.399999999999995000, -12.50000000000000000 ) ) ;
#289 = LINE ( 'NONE', #8065, #5153 ) ;
#290 = VECTOR ( 'NONE', #87, 1000.000000000000100 ) ;
#291 = AXIS2_PLACEMENT_3D ( 'NONE', #558, #5913, #2854 ) ;
#292 = EDGE_CURVE ( 'NONE', #6404, #4462, #5356, .T. ) ;
#293 = ADVANCED_FACE ( 'NONE', ( #3335 ), #7132, .T. ) ;
#294 = EDGE_CURVE ( 'NONE', #1819, #4350, #4991, .T. ) ;
#295 = DIRECTION ( 'NONE',  ( -1.000000000000000000, 0.0000000000000000000, 0.0000000000000000000 ) ) ;
#296 = ORIENTED_EDGE ( 'NONE', *, *, #1359, .F. ) ;
#297 = ORIENTED_EDGE ( 'NONE', *, *, #1976, .T. ) ;
#298 = VECTOR ( 'NONE', #5027, 1000.000000000000000 ) ;
#299 = CARTESIAN_POINT ( 'NONE',  ( -2.969669914110094000, 8.676776695296634800, 19.75000000000000000 ) ) ;
#300 = EDGE_CURVE ( 'NONE', #9671, #8637, #1227, .T. ) ;
#301 = CARTESIAN_POINT ( 'NONE',  ( 1.330407161568939100E-016, 5.499999999999998200, 0.3750000000000003300 ) ) ;
#302 = AXIS2_PLACEMENT_3D ( 'NONE', #6944, #4705, #6201 ) ;
#303 = VERTEX_POINT ( 'NONE', #1037 ) ;
#304 = EDGE_CURVE ( 'NONE', #2671, #1374, #180, .T. ) ;
#305 = ADVANCED_FACE ( 'NONE', ( #2051 ), #2735, .T. ) ;
#306 = CARTESIAN_POINT ( 'NONE',  ( -19.82322330470336200, 4.823223304703361700, -19.75000000000000000 ) ) ;
#307 = DIRECTION ( 'NONE',  ( 1.000000000000000000, 0.0000000000000000000, 0.0000000000000000000 ) ) ;
#308 = EDGE_CURVE ( 'NONE', #3815, #8774, #5106, .T. ) ;
#309 = DIRECTION ( 'NONE',  ( -1.000000000000000000, -3.469446951953611000E-015, 0.0000000000000000000 ) ) ;
#310 = VECTOR ( 'NONE', #7583, 1000.000000000000100 ) ;
#311 = CARTESIAN_POINT ( 'NONE',  ( -4.853553390593274000, 7.146446609406727800, 20.00000000000000000 ) ) ;
#312 = CARTESIAN_POINT ( 'NONE',  ( 5.905669631949021600, 0.02527574594099024300, -0.2123099257821233200 ) ) ;
#313 = ORIENTED_EDGE ( 'NONE', *, *, #1951, .T. ) ;
#314 = DIRECTION ( 'NONE',  ( 0.0000000000000000000, 0.0000000000000000000, -1.000000000000000000 ) ) ;
#315 = ADVANCED_FACE ( 'NONE', ( #1333 ), #8561, .T. ) ;
#316 = FACE_OUTER_BOUND ( 'NONE', #8190, .T. ) ;
#317 = CARTESIAN_POINT ( 'NONE',  ( 5.750000000000003600, 5.249999999999997300, 9.875000000000000000 ) ) ;
#318 = ORIENTED_EDGE ( 'NONE', *, *, #4935, .F. ) ;
#319 = ORIENTED_EDGE ( 'NONE', *, *, #6102, .F. ) ;
#320 = VECTOR ( 'NONE', #1994, 1000.000000000000000 ) ;
#321 = CARTESIAN_POINT ( 'NONE',  ( 12.50000000000000000, 0.1000000000000000100, -15.35000000000000000 ) ) ;
#322 = VECTOR ( 'NONE', #2763, 1000.000000000000000 ) ;
#323 = DIRECTION ( 'NONE',  ( -1.000000000000000000, 0.0000000000000000000, 0.0000000000000000000 ) ) ;
#324 = DIRECTION ( 'NONE',  ( 3.469446951953611000E-015, -1.000000000000000000, 0.0000000000000000000 ) ) ;
#325 = ORIENTED_EDGE ( 'NONE', *, *, #764, .F. ) ;
#326 = FACE_OUTER_BOUND ( 'NONE', #9137, .T. ) ;
#327 = AXIS2_PLACEMENT_3D ( 'NONE', #4555, #2955, #6006 ) ;
#328 = DIRECTION ( 'NONE',  ( 0.0000000000000000000, 0.0000000000000000000, 1.000000000000000000 ) ) ;
#329 = EDGE_CURVE ( 'NONE', #5095, #5315, #7966, .T. ) ;
#330 = CYLINDRICAL_SURFACE ( 'NONE', #8216, 0.2500000000000005000 ) ;
#331 = DIRECTION ( 'NONE',  ( 0.0000000000000000000, 0.0000000000000000000, 1.000000000000000000 ) ) ;
#332 = CARTESIAN_POINT ( 'NONE',  ( -5.749999999999996400, 0.0000000000000000000, 10.25000000000000000 ) ) ;
#333 = AXIS2_PLACEMENT_3D ( 'NONE', #6444, #6346, #4119 ) ;
#334 = CARTESIAN_POINT ( 'NONE',  ( -4.101061471818665500, 0.2500000000000001100, -19.75000000000000000 ) ) ;
#335 = VERTEX_POINT ( 'NONE', #6936 ) ;
#336 = CYLINDRICAL_SURFACE ( 'NONE', #1789, 0.2500000000000002200 ) ;
#337 = FACE_OUTER_BOUND ( 'NONE', #4831, .T. ) ;
#338 = CARTESIAN_POINT ( 'NONE',  ( 4.853553390593274800, 7.146446609406734900, 20.00000000000000000 ) ) ;
#339 = AXIS2_PLACEMENT_3D ( 'NONE', #7121, #385, #1964 ) ;
#340 = EDGE_CURVE ( 'NONE', #1555, #5218, #5601, .T. ) ;
#341 = DIRECTION ( 'NONE',  ( 0.0000000000000000000, 0.0000000000000000000, -1.000000000000000000 ) ) ;
#342 = CARTESIAN_POINT ( 'NONE',  ( -2.000000000000000000, 5.499999999999998200, -19.49999999999998600 ) ) ;
#343 = VERTEX_POINT ( 'NONE', #3258 ) ;
#344 = VECTOR ( 'NONE', #8152, 1000.000000000000000 ) ;
#345 = VERTEX_POINT ( 'NONE', #3157 ) ;
#346 = ORIENTED_EDGE ( 'NONE', *, *, #6671, .T. ) ;
#347 = AXIS2_PLACEMENT_3D ( 'NONE', #1372, #2899, #8958 ) ;
#348 = ORIENTED_EDGE ( 'NONE', *, *, #104, .F. ) ;
#349 = FACE_OUTER_BOUND ( 'NONE', #2057, .T. ) ;
#350 = TOROIDAL_SURFACE ( 'NONE', #9336, 0.2500000000000000000, 0.2500000000000000000 ) ;
#351 = CARTESIAN_POINT ( 'NONE',  ( -3.000000000000002700, 8.749999999999998200, -19.75000000000000000 ) ) ;
#352 = ORIENTED_EDGE ( 'NONE', *, *, #1512, .F. ) ;
#353 = EDGE_CURVE ( 'NONE', #4160, #6337, #5953, .T. ) ;
#354 = CARTESIAN_POINT ( 'NONE',  ( -4.500000000000000900, 6.792893218813454800, -9.624999999999998200 ) ) ;
#355 = DIRECTION ( 'NONE',  ( 1.000000000000000000, 0.0000000000000000000, 0.0000000000000000000 ) ) ;
#356 = EDGE_CURVE ( 'NONE', #9015, #8961, #7852, .T. ) ;
#357 = ORIENTED_EDGE ( 'NONE', *, *, #2432, .T. ) ;
#358 = ADVANCED_FACE ( 'NONE', ( #1821 ), #6318, .T. ) ;
#359 = CIRCLE ( 'NONE', #1530, 2.000000000000000000 ) ;
#360 = DIRECTION ( 'NONE',  ( 1.000000000000000000, 0.0000000000000000000, 0.0000000000000000000 ) ) ;
#361 = EDGE_LOOP ( 'NONE', ( #7704, #4318, #3542, #6891 ) ) ;
#362 = FACE_OUTER_BOUND ( 'NONE', #3361, .T. ) ;
#363 = CARTESIAN_POINT ( 'NONE',  ( 20.00000000000000400, 0.5000000000000000000, -19.75000000000000000 ) ) ;
#364 = CARTESIAN_POINT ( 'NONE',  ( -12.50000000000000000, 0.1000000000000000100, -12.50000000000000000 ) ) ;
#365 = EDGE_LOOP ( 'NONE', ( #2263, #1697, #4033, #4583 ) ) ;
#366 = EDGE_LOOP ( 'NONE', ( #8669, #3423, #7246, #9788 ) ) ;
#367 = CYLINDRICAL_SURFACE ( 'NONE', #204, 0.2500000000000005000 ) ;
#368 = DIRECTION ( 'NONE',  ( 1.000000000000000000, 1.604619215278545000E-014, 0.0000000000000000000 ) ) ;
#369 = FACE_OUTER_BOUND ( 'NONE', #8999, .T. ) ;
#370 = DIRECTION ( 'NONE',  ( 0.7071067811865450200, 0.7071067811865501300, 0.0000000000000000000 ) ) ;
#371 = ORIENTED_EDGE ( 'NONE', *, *, #7297, .T. ) ;
#372 = LINE ( 'NONE', #4650, #2609 ) ;
#373 = ORIENTED_EDGE ( 'NONE', *, *, #2293, .F. ) ;
#374 = DIRECTION ( 'NONE',  ( -1.000000000000000000, 0.0000000000000000000, 0.0000000000000000000 ) ) ;
#375 = DIRECTION ( 'NONE',  ( 1.000000000000000000, 0.0000000000000000000, 0.0000000000000000000 ) ) ;
#376 = CARTESIAN_POINT ( 'NONE',  ( 5.750000000000003600, 5.499999999999999100, 0.0000000000000000000 ) ) ;
#377 = ORIENTED_EDGE ( 'NONE', *, *, #3627, .F. ) ;
#378 = CYLINDRICAL_SURFACE ( 'NONE', #2081, 0.2500000000000002200 ) ;
#379 = AXIS2_PLACEMENT_3D ( 'NONE', #1924, #7962, #3420 ) ;
#380 = CARTESIAN_POINT ( 'NONE',  ( -4.230470994369922800, 0.7329629131445352100, 0.3750000000000001100 ) ) ;
#381 = ADVANCED_FACE ( 'NONE', ( #1944 ), #9726, .T. ) ;
#382 = ORIENTED_EDGE ( 'NONE', *, *, #4162, .F. ) ;
#383 = VERTEX_POINT ( 'NONE', #8746 ) ;
#384 = EDGE_LOOP ( 'NONE', ( #6279, #7367, #7452, #3217, #6960 ) ) ;
#385 = DIRECTION ( 'NONE',  ( 0.0000000000000000000, 0.0000000000000000000, 1.000000000000000000 ) ) ;
#386 = AXIS2_PLACEMENT_3D ( 'NONE', #556, #8782, #2050 ) ;
#387 = ORIENTED_EDGE ( 'NONE', *, *, #4693, .F. ) ;
#388 = CIRCLE ( 'NONE', #3447, 0.2500000000000002200 ) ;
#389 = DIRECTION ( 'NONE',  ( -0.0000000000000000000, -1.000000000000000000, -0.0000000000000000000 ) ) ;
#390 = CARTESIAN_POINT ( 'NONE',  ( -4.750000000000000000, 6.792893218813454800, -20.00000000000000000 ) ) ;
#391 = PLANE ( 'NONE',  #7745 ) ;
#392 = VERTEX_POINT ( 'NONE', #4970 ) ;
#393 = AXIS2_PLACEMENT_3D ( 'NONE', #194, #7751, #8579 ) ;
#394 = DIRECTION ( 'NONE',  ( 0.0000000000000000000, 0.0000000000000000000, -1.000000000000000000 ) ) ;
#395 = VERTEX_POINT ( 'NONE', #3194 ) ;
#396 = ORIENTED_EDGE ( 'NONE', *, *, #5851, .F. ) ;
#397 = EDGE_LOOP ( 'NONE', ( #2590, #5469 ) ) ;
#398 = TOROIDAL_SURFACE ( 'NONE', #2556, 0.2500000000000000000, 0.2500000000000000000 ) ;
#399 = DIRECTION ( 'NONE',  ( -8.673617379884004900E-016, 1.000000000000000000, -0.0000000000000000000 ) ) ;
#400 = DIRECTION ( 'NONE',  ( 0.0000000000000000000, -0.0000000000000000000, -1.000000000000000000 ) ) ;
#401 = EDGE_CURVE ( 'NONE', #3861, #8436, #2522, .T. ) ;
#402 = CARTESIAN_POINT ( 'NONE',  ( 5.750000000000003600, 0.3258063432103006600, 10.12500000000000000 ) ) ;
#403 = ORIENTED_EDGE ( 'NONE', *, *, #5017, .T. ) ;
#404 = VERTEX_POINT ( 'NONE', #9386 ) ;
#405 = DIRECTION ( 'NONE',  ( -1.000000000000000000, -6.938893903907228400E-015, 0.0000000000000000000 ) ) ;
#406 = VECTOR ( 'NONE', #8569, 999.9999999999998900 ) ;
#407 = ADVANCED_FACE ( 'NONE', ( #9608 ), #3454, .F. ) ;
#408 = CARTESIAN_POINT ( 'NONE',  ( 1.330407161568939100E-016, 5.499999999999998200, 10.37500000000000000 ) ) ;
#409 = ORIENTED_EDGE ( 'NONE', *, *, #594, .T. ) ;
#410 =( LENGTH_UNIT ( ) NAMED_UNIT ( * ) SI_UNIT ( .MILLI., .METRE. ) );
#411 = AXIS2_PLACEMENT_3D ( 'NONE', #2956, #2246, #4522 ) ;
#412 = EDGE_CURVE ( 'NONE', #4765, #4334, #7734, .T. ) ;
#413 = DIRECTION ( 'NONE',  ( 0.0000000000000000000, -1.000000000000000000, 0.0000000000000000000 ) ) ;
#414 = LINE ( 'NONE', #418, #7617 ) ;
#415 = DIRECTION ( 'NONE',  ( -1.000000000000000000, 0.0000000000000000000, 0.0000000000000000000 ) ) ;
#416 = ORIENTED_EDGE ( 'NONE', *, *, #6187, .T. ) ;
#417 = DIRECTION ( 'NONE',  ( -1.000000000000000000, 0.0000000000000000000, 0.0000000000000000000 ) ) ;
#418 = CARTESIAN_POINT ( 'NONE',  ( 20.00000000000000400, 5.000000000000000000, -19.75000000000000000 ) ) ;
#419 = DIRECTION ( 'NONE',  ( 0.0000000000000000000, -1.000000000000000000, 0.0000000000000000000 ) ) ;
#420 = FACE_OUTER_BOUND ( 'NONE', #5901, .T. ) ;
#421 = EDGE_CURVE ( 'NONE', #801, #919, #3588, .T. ) ;
#422 = DIRECTION ( 'NONE',  ( 1.000000000000000000, 0.0000000000000000000, 0.0000000000000000000 ) ) ;
#423 = AXIS2_PLACEMENT_3D ( 'NONE', #3147, #8455, #2328 ) ;
#424 = EDGE_CURVE ( 'NONE', #4606, #7658, #3692, .T. ) ;
#425 = DIRECTION ( 'NONE',  ( 0.7071067811865490200, -0.7071067811865460200, -2.044391222244505000E-016 ) ) ;
#426 = ORIENTED_EDGE ( 'NONE', *, *, #2631, .F. ) ;
#427 = CARTESIAN_POINT ( 'NONE',  ( 0.0000000000000000000, 0.7500000000000001100, 9.750000000000000000 ) ) ;
#428 = SECURITY_CLASSIFICATION ( '', '', #2644 ) ;
#429 = B_SPLINE_CURVE_WITH_KNOTS ( 'NONE', 3,
 ( #9427, #6465, #1178, #4905, #6238, #3979 ),
 .UNSPECIFIED., .F., .F.,
 ( 4, 2, 4 ),
 ( -5.132694486366121200E-006, 0.0001746918583319080300, 0.0003545164111501821800 ),
 .UNSPECIFIED. ) ;
#430 = LINE ( 'NONE', #8331, #5136 ) ;
#431 = DIRECTION ( 'NONE',  ( -1.000000000000000000, 0.0000000000000000000, 0.0000000000000000000 ) ) ;
#432 = EDGE_CURVE ( 'NONE', #1828, #8637, #513, .T. ) ;
#433 = CARTESIAN_POINT ( 'NONE',  ( -6.032913124396843700, 0.2500000000000000000, -20.00000000000000000 ) ) ;
#434 = EDGE_LOOP ( 'NONE', ( #2175, #4190, #2576, #7343 ) ) ;
#435 = EDGE_CURVE ( 'NONE', #3808, #1251, #9499, .T. ) ;
#436 = LINE ( 'NONE', #3959, #1255 ) ;
#437 = CARTESIAN_POINT ( 'NONE',  ( 4.750000000000002700, 6.792893218813461000, -20.00000000000000000 ) ) ;
#438 = CIRCLE ( 'NONE', #3276, 0.2500000000000002200 ) ;
#439 = CARTESIAN_POINT ( 'NONE',  ( 19.29289321881344700, 5.000000000000010700, 19.75000000000000000 ) ) ;
#440 = DIRECTION ( 'NONE',  ( 0.0000000000000000000, 0.0000000000000000000, 1.000000000000000000 ) ) ;
#441 = DIRECTION ( 'NONE',  ( 0.0000000000000000000, 0.0000000000000000000, -1.000000000000000000 ) ) ;
#442 = EDGE_LOOP ( 'NONE', ( #9799, #6818, #9704, #9600 ) ) ;
#443 = FACE_OUTER_BOUND ( 'NONE', #2636, .T. ) ;
#444 = AXIS2_PLACEMENT_3D ( 'NONE', #7440, #8218, #5138 ) ;
#445 = CARTESIAN_POINT ( 'NONE',  ( 4.101061471818666400, 0.2500000000000002200, -0.2500000000000002200 ) ) ;
#446 = DIRECTION ( 'NONE',  ( -0.0000000000000000000, -0.0000000000000000000, 1.000000000000000000 ) ) ;
#447 = DIRECTION ( 'NONE',  ( -1.000000000000000000, -1.734723475976808700E-015, 0.0000000000000000000 ) ) ;
#448 = ADVANCED_FACE ( 'NONE', ( #7600 ), #2276, .F. ) ;
#449 = AXIS2_PLACEMENT_3D ( 'NONE', #5615, #1849, #2595 ) ;
#450 = DIRECTION ( 'NONE',  ( 1.000000000000000000, 0.0000000000000000000, 0.0000000000000000000 ) ) ;
#451 = EDGE_CURVE ( 'NONE', #395, #6530, #5482, .T. ) ;
#452 = ORIENTED_EDGE ( 'NONE', *, *, #3824, .F. ) ;
#453 = LINE ( 'NONE', #9244, #9189 ) ;
#454 = CYLINDRICAL_SURFACE ( 'NONE', #9460, 0.5000000000000004400 ) ;
#455 = CARTESIAN_POINT ( 'NONE',  ( 5.901785354210688600, 0.02631653502415602300, -9.660782423846448800 ) ) ;
#456 = VECTOR ( 'NONE', #5246, 1000.000000000000000 ) ;
#457 = DIRECTION ( 'NONE',  ( 1.000000000000000000, 8.673617379884004900E-016, 0.0000000000000000000 ) ) ;
#458 = AXIS2_PLACEMENT_3D ( 'NONE', #3690, #8246, #2908 ) ;
#459 = DIRECTION ( 'NONE',  ( 0.0000000000000000000, 0.0000000000000000000, -1.000000000000000000 ) ) ;
#460 = DIRECTION ( 'NONE',  ( 0.0000000000000000000, 0.0000000000000000000, -1.000000000000000000 ) ) ;
#461 = ORIENTED_EDGE ( 'NONE', *, *, #3797, .F. ) ;
#462 = CYLINDRICAL_SURFACE ( 'NONE', #5577, 0.2500000000000002200 ) ;
#463 = TOROIDAL_SURFACE ( 'NONE', #8765, 2.100000000000000100, 0.1000000000000000100 ) ;
#464 = CARTESIAN_POINT ( 'NONE',  ( -5.000000000000000000, 7.000000000000001800, 20.00000000000000000 ) ) ;
#465 = VERTEX_POINT ( 'NONE', #1101 ) ;
#466 = VERTEX_POINT ( 'NONE', #6447 ) ;
#467 = EDGE_CURVE ( 'NONE', #4624, #5796, #7488, .T. ) ;
#468 = DIRECTION ( 'NONE',  ( 1.000000000000000000, -1.040834085586083300E-014, 0.0000000000000000000 ) ) ;
#469 = EDGE_LOOP ( 'NONE', ( #9161, #8755, #9050, #583 ) ) ;
#470 = LINE ( 'NONE', #137, #3763 ) ;
#471 = FACE_OUTER_BOUND ( 'NONE', #5690, .T. ) ;
#472 = DIRECTION ( 'NONE',  ( 0.0000000000000000000, 0.0000000000000000000, -1.000000000000000000 ) ) ;
#473 = VERTEX_POINT ( 'NONE', #3385 ) ;
#474 = CARTESIAN_POINT ( 'NONE',  ( -4.500000000000000900, 6.792893218813454800, -9.874999999999998200 ) ) ;
#475 = ORIENTED_EDGE ( 'NONE', *, *, #2732, .T. ) ;
#476 = EDGE_CURVE ( 'NONE', #2747, #2766, #1459, .T. ) ;
#477 = CARTESIAN_POINT ( 'NONE',  ( 1.330407161568939100E-016, 5.499999999999998200, 19.50000000000000400 ) ) ;
#478 = FACE_OUTER_BOUND ( 'NONE', #1388, .T. ) ;
#479 = EDGE_CURVE ( 'NONE', #4461, #8922, #7259, .T. ) ;
#480 = VERTEX_POINT ( 'NONE', #1983 ) ;
#481 = CARTESIAN_POINT ( 'NONE',  ( 1.330407161568939100E-016, 5.499999999999998200, -9.624999999999998200 ) ) ;
#482 = DIRECTION ( 'NONE',  ( 1.000000000000000000, 0.0000000000000000000, 0.0000000000000000000 ) ) ;
#483 = EDGE_CURVE ( 'NONE', #8434, #6787, #9012, .T. ) ;
#484 = ORIENTED_EDGE ( 'NONE', *, *, #9413, .T. ) ;
#485 = DIRECTION ( 'NONE',  ( 1.224646799147353200E-016, 1.062211776130380000E-031, 1.000000000000000000 ) ) ;
#486 = ORIENTED_EDGE ( 'NONE', *, *, #7060, .F. ) ;
#487 = CIRCLE ( 'NONE', #6461, 0.2500000000000002200 ) ;
#488 = ORIENTED_EDGE ( 'NONE', *, *, #9801, .F. ) ;
#489 = CARTESIAN_POINT ( 'NONE',  ( -2.969669914110093500, 8.676776695296634800, 9.750000000000000000 ) ) ;
#490 = ORIENTED_EDGE ( 'NONE', *, *, #8236, .T. ) ;
#491 = ORIENTED_EDGE ( 'NONE', *, *, #8073, .F. ) ;
#492 = CARTESIAN_POINT ( 'NONE',  ( 12.50000000000000000, 0.0000000000000000000, 9.750000000000001800 ) ) ;
#493 = DIRECTION ( 'NONE',  ( 1.000000000000000000, 0.0000000000000000000, 0.0000000000000000000 ) ) ;
#494 = ORIENTED_EDGE ( 'NONE', *, *, #2001, .F. ) ;
#495 = FACE_OUTER_BOUND ( 'NONE', #2944, .T. ) ;
#496 = CARTESIAN_POINT ( 'NONE',  ( 5.805433175708869500, 0.2960997938801086500, 2.168404344971008900E-016 ) ) ;
#497 = ADVANCED_FACE ( 'NONE', ( #3458 ), #8308, .T. ) ;
#498 = DIRECTION ( 'NONE',  ( -0.0000000000000000000, -1.000000000000000000, 0.0000000000000000000 ) ) ;
#499 = ORIENTED_EDGE ( 'NONE', *, *, #3270, .T. ) ;
#500 = ORIENTED_EDGE ( 'NONE', *, *, #2280, .T. ) ;
#501 = CARTESIAN_POINT ( 'NONE',  ( 4.750000000000006200, 8.999999999999991100, 0.0000000000000000000 ) ) ;
#502 = EDGE_LOOP ( 'NONE', ( #5801, #8869, #5951, #2643 ) ) ;
#503 = AXIS2_PLACEMENT_3D ( 'NONE', #795, #3015, #2237 ) ;
#504 = ORIENTED_EDGE ( 'NONE', *, *, #9725, .T. ) ;
#505 = VECTOR ( 'NONE', #5092, 1000.000000000000000 ) ;
#506 = CARTESIAN_POINT ( 'NONE',  ( 3.146446609406729600, 8.853553390593273100, 20.00000000000000000 ) ) ;
#507 = DIRECTION ( 'NONE',  ( -2.891205793294680300E-016, -0.0000000000000000000, -1.000000000000000000 ) ) ;
#508 = AXIS2_PLACEMENT_3D ( 'NONE', #7037, #2538, #1882 ) ;
#509 = ORIENTED_EDGE ( 'NONE', *, *, #9644, .T. ) ;
#510 = ORIENTED_EDGE ( 'NONE', *, *, #7260, .T. ) ;
#511 = EDGE_CURVE ( 'NONE', #3614, #4466, #9264, .T. ) ;
#512 = DIRECTION ( 'NONE',  ( 1.000000000000000000, 0.0000000000000000000, 0.0000000000000000000 ) ) ;
#513 = LINE ( 'NONE', #1130, #5713 ) ;
#514 = LINE ( 'NONE', #6684, #7022 ) ;
#515 = CARTESIAN_POINT ( 'NONE',  ( 2.100000000000000100, 5.499999999999998200, -0.09999999999999939500 ) ) ;
#516 = UNCERTAINTY_MEASURE_WITH_UNIT (LENGTH_MEASURE( 1.000000000000000100E-005 ), #410, 'distance_accuracy_value', 'NONE');
#517 = CARTESIAN_POINT ( 'NONE',  ( -4.853553390593274800, 7.146446609406726900, -9.624999999999998200 ) ) ;
#518 = AXIS2_PLACEMENT_3D ( 'NONE', #8142, #8233, #3609 ) ;
#519 = DIRECTION ( 'NONE',  ( -1.000000000000000000, 0.0000000000000000000, 0.0000000000000000000 ) ) ;
#520 = VERTEX_POINT ( 'NONE', #6504 ) ;
#521 = ORIENTED_EDGE ( 'NONE', *, *, #6561, .F. ) ;
#522 = CARTESIAN_POINT ( 'NONE',  ( -5.886158196240430100, 0.1904008895929048000, 10.04023289431291500 ) ) ;
#523 = CARTESIAN_POINT ( 'NONE',  ( 19.75000000000000400, 0.5000000000000000000, 19.75000000000000000 ) ) ;
#524 = LINE ( 'NONE', #8662, #1117 ) ;
#525 = AXIS2_PLACEMENT_3D ( 'NONE', #5044, #8887, #9520 ) ;
#526 = EDGE_CURVE ( 'NONE', #5758, #395, #1001, .T. ) ;
#527 = DIRECTION ( 'NONE',  ( 0.0000000000000000000, 0.0000000000000000000, -1.000000000000000000 ) ) ;
#528 = ORIENTED_EDGE ( 'NONE', *, *, #9642, .T. ) ;
#529 = DIRECTION ( 'NONE',  ( 1.000000000000000000, 0.0000000000000000000, 0.0000000000000000000 ) ) ;
#530 = VECTOR ( 'NONE', #911, 1000.000000000000000 ) ;
#531 = DIRECTION ( 'NONE',  ( -0.0000000000000000000, 0.0000000000000000000, 1.000000000000000000 ) ) ;
#532 = CARTESIAN_POINT ( 'NONE',  ( 5.957230827270184800, 0.01145996529388413100, -9.778040106661343600 ) ) ;
#533 = DIRECTION ( 'NONE',  ( 1.000000000000000000, 0.0000000000000000000, 0.0000000000000000000 ) ) ;
#534 = AXIS2_PLACEMENT_3D ( 'NONE', #6339, #4904, #5629 ) ;
#535 = AXIS2_PLACEMENT_3D ( 'NONE', #6644, #2089, #1362 ) ;
#536 = CARTESIAN_POINT ( 'NONE',  ( -4.500000000000000900, 6.792893218813454800, 0.0000000000000000000 ) ) ;
#537 = ORIENTED_EDGE ( 'NONE', *, *, #6036, .F. ) ;
#538 = EDGE_CURVE ( 'NONE', #612, #3487, #4776, .T. ) ;
#539 = CARTESIAN_POINT ( 'NONE',  ( 0.0000000000000000000, 0.7500000000000006700, -0.2500000000000000000 ) ) ;
#540 = EDGE_CURVE ( 'NONE', #8392, #6265, #2969, .T. ) ;
#541 = DIRECTION ( 'NONE',  ( 1.000000000000000000, 0.0000000000000000000, -0.0000000000000000000 ) ) ;
#542 = CYLINDRICAL_SURFACE ( 'NONE', #2344, 0.2500000000000002200 ) ;
#543 = CARTESIAN_POINT ( 'NONE',  ( -5.886158196241453300, 0.1904008895927710400, -9.959767105686379900 ) ) ;
#544 = CARTESIAN_POINT ( 'NONE',  ( -6.249999999999996400, 0.2500000000000002200, 20.00000000000000000 ) ) ;
#545 = ORIENTED_EDGE ( 'NONE', *, *, #9268, .F. ) ;
#546 = CARTESIAN_POINT ( 'NONE',  ( 5.750000000000003600, 5.499999999999999100, 0.2500000000000002200 ) ) ;
#547 = ADVANCED_FACE ( 'NONE', ( #7021 ), #1234, .F. ) ;
#548 = CIRCLE ( 'NONE', #2647, 2.000000000000000000 ) ;
#549 = CIRCLE ( 'NONE', #3406, 5.220242981272396500 ) ;
#550 = CARTESIAN_POINT ( 'NONE',  ( -19.29289321881348200, 5.249999999999962700, -20.00000000000000000 ) ) ;
#551 = EDGE_LOOP ( 'NONE', ( #8690, #5861, #7519, #5207 ) ) ;
#552 = LINE ( 'NONE', #562, #8711 ) ;
#553 = ORIENTED_EDGE ( 'NONE', *, *, #6043, .F. ) ;
#554 = CIRCLE ( 'NONE', #7032, 0.2500000000000002200 ) ;
#555 = EDGE_CURVE ( 'NONE', #5653, #4942, #1167, .T. ) ;
#556 = CARTESIAN_POINT ( 'NONE',  ( 2.792893218813457400, 8.749999999999998200, 10.37500000000000000 ) ) ;
#557 = EDGE_CURVE ( 'NONE', #6074, #5841, #6541, .T. ) ;
#558 = CARTESIAN_POINT ( 'NONE',  ( 6.250000000000003600, 5.249999999999998200, 20.00000000000000000 ) ) ;
#559 = ORIENTED_EDGE ( 'NONE', *, *, #4481, .T. ) ;
#560 = LINE ( 'NONE', #3582, #2325 ) ;
#561 = AXIS2_PLACEMENT_3D ( 'NONE', #66, #9039, #6770 ) ;
#562 = CARTESIAN_POINT ( 'NONE',  ( -12.50000000000000000, 0.0000000000000000000, 9.750000000000001800 ) ) ;
#563 = EDGE_LOOP ( 'NONE', ( #4740, #2029, #1796, #8047 ) ) ;
#564 = CARTESIAN_POINT ( 'NONE',  ( 5.993059256806192900, 0.001859766533654201700, 10.26905749475696300 ) ) ;
#565 = CARTESIAN_POINT ( 'NONE',  ( 1.330407161568939100E-016, 5.499999999999998200, -9.774999999999998600 ) ) ;
#566 = AXIS2_PLACEMENT_3D ( 'NONE', #6188, #3158, #935 ) ;
#567 = ORIENTED_EDGE ( 'NONE', *, *, #3109, .F. ) ;
#568 = LINE ( 'NONE', #1550, #8130 ) ;
#569 = CIRCLE ( 'NONE', #2173, 5.220242981272376100 ) ;
#570 = ORIENTED_EDGE ( 'NONE', *, *, #2261, .F. ) ;
#571 = CARTESIAN_POINT ( 'NONE',  ( 4.500000000000002700, 6.792893218813461900, 10.37500000000000000 ) ) ;
#572 = ORIENTED_EDGE ( 'NONE', *, *, #7918, .T. ) ;
#573 = AXIS2_PLACEMENT_3D ( 'NONE', #4342, #9635, #5108 ) ;
#574 = DIRECTION ( 'NONE',  ( 1.000000000000000000, 2.602085213965201600E-015, -2.891205793294680300E-016 ) ) ;
#575 = EDGE_CURVE ( 'NONE', #2882, #8423, #289, .T. ) ;
#576 = CARTESIAN_POINT ( 'NONE',  ( 4.750000000000000900, 5.749999999999998200, 20.00000000000000000 ) ) ;
#577 = ORIENTED_EDGE ( 'NONE', *, *, #6219, .F. ) ;
#578 = CIRCLE ( 'NONE', #5381, 0.09999999999999939500 ) ;
#579 = FACE_OUTER_BOUND ( 'NONE', #6742, .T. ) ;
#580 = DIRECTION ( 'NONE',  ( 0.0000000000000000000, 0.0000000000000000000, -1.000000000000000000 ) ) ;
#581 = ORIENTED_EDGE ( 'NONE', *, *, #7597, .T. ) ;
#582 = AXIS2_PLACEMENT_3D ( 'NONE', #2247, #6805, #3062 ) ;
#583 = ORIENTED_EDGE ( 'NONE', *, *, #2453, .F. ) ;
#584 = DIRECTION ( 'NONE',  ( 0.0000000000000000000, -0.0000000000000000000, -1.000000000000000000 ) ) ;
#585 = CYLINDRICAL_SURFACE ( 'NONE', #6851, 0.5000000000000000000 ) ;
#586 = CARTESIAN_POINT ( 'NONE',  ( -12.50000000000000000, 5.467267279399611500, -17.72024298127237800 ) ) ;
#587 = ORIENTED_EDGE ( 'NONE', *, *, #56, .F. ) ;
#588 = AXIS2_PLACEMENT_3D ( 'NONE', #7899, #1894, #1802 ) ;
#589 = EDGE_LOOP ( 'NONE', ( #4028, #6305, #7969, #9303, #3048, #4672, #6283, #4373, #730, #5278 ) ) ;
#590 = EDGE_CURVE ( 'NONE', #6643, #5051, #1263, .T. ) ;
#591 = ADVANCED_FACE ( 'NONE', ( #9534, #8349 ), #6482, .F. ) ;
#592 = CARTESIAN_POINT ( 'NONE',  ( 19.29289321881344700, 5.500000000000009800, 20.00000000000000000 ) ) ;
#593 = CARTESIAN_POINT ( 'NONE',  ( 2.000000000000000000, 5.499999999999998200, -9.774999999999998600 ) ) ;
#594 = EDGE_CURVE ( 'NONE', #3099, #2808, #6693, .T. ) ;
#595 = VERTEX_POINT ( 'NONE', #8092 ) ;
#596 = CIRCLE ( 'NONE', #8676, 0.5000000000000000000 ) ;
#597 = TOROIDAL_SURFACE ( 'NONE', #8299, 0.2500000000000000000, 0.2500000000000000000 ) ;
#598 = CARTESIAN_POINT ( 'NONE',  ( 5.796185835555103700, 0.05461184076903422000, 10.37499999980005500 ) ) ;
#599 = EDGE_LOOP ( 'NONE', ( #5707, #2608, #5925, #789 ) ) ;
#600 = LINE ( 'NONE', #5969, #3067 ) ;
#601 = ORIENTED_EDGE ( 'NONE', *, *, #9447, .T. ) ;
#602 = DIRECTION ( 'NONE',  ( 0.0000000000000000000, 0.0000000000000000000, 1.000000000000000000 ) ) ;
#603 = EDGE_CURVE ( 'NONE', #2926, #9232, #6105, .T. ) ;
#604 = ORIENTED_EDGE ( 'NONE', *, *, #1957, .F. ) ;
#605 = FACE_OUTER_BOUND ( 'NONE', #2151, .T. ) ;
#606 = AXIS2_PLACEMENT_3D ( 'NONE', #2963, #6741, #8987 ) ;
#607 = DIRECTION ( 'NONE',  ( 0.0000000000000000000, 1.000000000000000000, 0.0000000000000000000 ) ) ;
#608 = EDGE_CURVE ( 'NONE', #8849, #705, #2562, .T. ) ;
#609 = CARTESIAN_POINT ( 'NONE',  ( 5.685295238724374500, 0.08432488663803175400, -0.2500000000000000000 ) ) ;
#610 = DIRECTION ( 'NONE',  ( -0.0000000000000000000, 0.0000000000000000000, 1.000000000000000000 ) ) ;
#611 = EDGE_CURVE ( 'NONE', #2808, #5758, #6358, .T. ) ;
#612 = VERTEX_POINT ( 'NONE', #3527 ) ;
#613 = ORIENTED_EDGE ( 'NONE', *, *, #9463, .F. ) ;
#614 = DIRECTION ( 'NONE',  ( 0.0000000000000000000, 1.000000000000000000, -0.0000000000000000000 ) ) ;
#615 = VERTEX_POINT ( 'NONE', #4196 ) ;
#616 = VERTEX_POINT ( 'NONE', #7971 ) ;
#617 = CONICAL_SURFACE ( 'NONE', #6872, 2.749999999999999100, 0.7378150601204653800 ) ;
#618 = EDGE_CURVE ( 'NONE', #7017, #712, #552, .T. ) ;
#619 = CARTESIAN_POINT ( 'NONE',  ( 6.250000000000003600, 5.499999999999999100, -19.75000000000000000 ) ) ;
#620 = CARTESIAN_POINT ( 'NONE',  ( 5.000000000000002700, 6.792893218813461000, 20.00000000000000000 ) ) ;
#621 = EDGE_CURVE ( 'NONE', #8956, #9375, #4700, .T. ) ;
#622 = ORIENTED_EDGE ( 'NONE', *, *, #2119, .T. ) ;
#623 = ORIENTED_EDGE ( 'NONE', *, *, #181, .F. ) ;
#624 = VERTEX_POINT ( 'NONE', #3431 ) ;
#625 = PLANE ( 'NONE',  #5628 ) ;
#626 = VERTEX_POINT ( 'NONE', #3494 ) ;
#627 = TOROIDAL_SURFACE ( 'NONE', #4383, 2.849999999999998300, 0.1000000000000000100 ) ;
#628 = DIRECTION ( 'NONE',  ( 0.0000000000000000000, 1.000000000000000000, -0.0000000000000000000 ) ) ;
#629 = CARTESIAN_POINT ( 'NONE',  ( 2.792893218813457400, 9.000000000000000000, -19.75000000000000000 ) ) ;
#630 = VERTEX_POINT ( 'NONE', #8723 ) ;
#631 = AXIS2_PLACEMENT_3D ( 'NONE', #2372, #1652, #3846 ) ;
#632 = EDGE_LOOP ( 'NONE', ( #155, #9605, #9238, #3282 ) ) ;
#633 = CARTESIAN_POINT ( 'NONE',  ( 5.685295238724375400, 0.08432488663803232300, 10.12500000000000000 ) ) ;
#634 = CIRCLE ( 'NONE', #3803, 0.5000000000000004400 ) ;
#635 = DIRECTION ( 'NONE',  ( 0.0000000000000000000, 0.0000000000000000000, -1.000000000000000000 ) ) ;
#636 = AXIS2_PLACEMENT_3D ( 'NONE', #2449, #8470, #7604 ) ;
#637 = EDGE_CURVE ( 'NONE', #2025, #6539, #8000, .T. ) ;
#638 = ORIENTED_EDGE ( 'NONE', *, *, #782, .F. ) ;
#639 = CARTESIAN_POINT ( 'NONE',  ( 4.676776695296638300, 6.969669914110097500, -10.24999999999999800 ) ) ;
#640 = DIRECTION ( 'NONE',  ( 0.0000000000000000000, 0.0000000000000000000, -1.000000000000000000 ) ) ;
#641 = ADVANCED_FACE ( 'NONE', ( #5277 ), #4213, .T. ) ;
#642 = CYLINDRICAL_SURFACE ( 'NONE', #8743, 0.2500000000000006100 ) ;
#643 = AXIS2_PLACEMENT_3D ( 'NONE', #9033, #9764, #4621 ) ;
#644 = DIRECTION ( 'NONE',  ( 1.000000000000000000, 0.0000000000000000000, 0.0000000000000000000 ) ) ;
#645 = DIRECTION ( 'NONE',  ( 1.000000000000000000, 0.0000000000000000000, 0.0000000000000000000 ) ) ;
#646 = ORIENTED_EDGE ( 'NONE', *, *, #3974, .F. ) ;
#647 = CARTESIAN_POINT ( 'NONE',  ( -1.323223304703365500, 10.32322330470336300, -10.00000000000000000 ) ) ;
#648 = AXIS2_PLACEMENT_3D ( 'NONE', #7145, #2695, #4894 ) ;
#649 = DIRECTION ( 'NONE',  ( 8.237865840410914700E-017, 0.7399400733959433700, -0.6726727939963128600 ) ) ;
#650 = EDGE_CURVE ( 'NONE', #7810, #4378, #4319, .T. ) ;
#651 = CIRCLE ( 'NONE', #6771, 0.2500000000000002200 ) ;
#652 = ORIENTED_EDGE ( 'NONE', *, *, #1304, .F. ) ;
#653 = DIRECTION ( 'NONE',  ( 0.7071067811865441300, -0.7071067811865510100, 0.0000000000000000000 ) ) ;
#654 = DIRECTION ( 'NONE',  ( 0.0000000000000000000, 0.0000000000000000000, 1.000000000000000000 ) ) ;
#655 = CARTESIAN_POINT ( 'NONE',  ( 2.969669914110094000, 8.676776695296634800, -19.75000000000000000 ) ) ;
#656 = VECTOR ( 'NONE', #5120, 1000.000000000000100 ) ;
#657 = DIRECTION ( 'NONE',  ( -1.000000000000000000, -8.673617379884004900E-016, 0.0000000000000000000 ) ) ;
#658 = AXIS2_PLACEMENT_3D ( 'NONE', #8880, #9192, #7028 ) ;
#659 = CARTESIAN_POINT ( 'NONE',  ( 1.500000000000005100, 5.499999999999998200, 20.00000000000000000 ) ) ;
#660 = EDGE_CURVE ( 'NONE', #9472, #3287, #790, .T. ) ;
#661 = DIRECTION ( 'NONE',  ( -1.000000000000000000, 0.0000000000000000000, 0.0000000000000000000 ) ) ;
#662 = ORIENTED_EDGE ( 'NONE', *, *, #1573, .T. ) ;
#663 = EDGE_CURVE ( 'NONE', #99, #1565, #2773, .T. ) ;
#664 = CARTESIAN_POINT ( 'NONE',  ( 19.29289321881344700, 5.500000000000009800, -19.75000000000000000 ) ) ;
#665 = CIRCLE ( 'NONE', #4988, 0.2500000000000002200 ) ;
#666 = FACE_OUTER_BOUND ( 'NONE', #9517, .T. ) ;
#667 = CARTESIAN_POINT ( 'NONE',  ( 12.50000000000000000, 2.750000000000000900, 15.25000000000000000 ) ) ;
#668 = DIRECTION ( 'NONE',  ( 0.0000000000000000000, 0.0000000000000000000, -1.000000000000000000 ) ) ;
#669 = DIRECTION ( 'NONE',  ( -1.000000000000000000, 0.0000000000000000000, 0.0000000000000000000 ) ) ;
#670 = DIRECTION ( 'NONE',  ( 1.000000000000000000, -0.0000000000000000000, 1.224646799147353200E-016 ) ) ;
#671 = ORIENTED_EDGE ( 'NONE', *, *, #1078, .T. ) ;
#672 = FACE_OUTER_BOUND ( 'NONE', #1225, .T. ) ;
#673 = DIRECTION ( 'NONE',  ( 0.0000000000000000000, 0.0000000000000000000, -1.000000000000000000 ) ) ;
#674 = ORIENTED_EDGE ( 'NONE', *, *, #8547, .F. ) ;
#675 = CIRCLE ( 'NONE', #7665, 5.220242981272396500 ) ;
#676 = LINE ( 'NONE', #3700, #931 ) ;
#677 = AXIS2_PLACEMENT_3D ( 'NONE', #6544, #3558, #5809 ) ;
#678 = DIRECTION ( 'NONE',  ( 1.000000000000000000, 8.673617379884004900E-016, 0.0000000000000000000 ) ) ;
#679 = DIRECTION ( 'NONE',  ( -0.9659258262890698700, -0.2588190451025151900, -0.0000000000000000000 ) ) ;
#680 = EDGE_LOOP ( 'NONE', ( #5631, #8990 ) ) ;
#681 = ADVANCED_FACE ( 'NONE', ( #2317 ), #4442, .T. ) ;
#682 = CARTESIAN_POINT ( 'NONE',  ( 4.750000000000002700, 6.792893218813461000, 10.00000000000000000 ) ) ;
#683 = AXIS2_PLACEMENT_3D ( 'NONE', #2448, #8498, #3230 ) ;
#684 = CARTESIAN_POINT ( 'NONE',  ( 19.82322330470336900, 4.823223304703362600, -19.75000000000000000 ) ) ;
#685 = ORIENTED_EDGE ( 'NONE', *, *, #8520, .T. ) ;
#686 = FACE_OUTER_BOUND ( 'NONE', #2835, .T. ) ;
#687 = CIRCLE ( 'NONE', #2857, 0.2500000000000002200 ) ;
#688 = DIRECTION ( 'NONE',  ( 1.000000000000000000, 0.0000000000000000000, 0.0000000000000000000 ) ) ;
#689 = ORIENTED_EDGE ( 'NONE', *, *, #6545, .F. ) ;
#690 = CARTESIAN_POINT ( 'NONE',  ( -4.500000000000000900, 6.792893218813454800, -10.24999999999999800 ) ) ;
#691 = ORIENTED_EDGE ( 'NONE', *, *, #8335, .T. ) ;
#692 = AXIS2_PLACEMENT_3D ( 'NONE', #4269, #7286, #3541 ) ;
#693 = DIRECTION ( 'NONE',  ( 0.0000000000000000000, 0.0000000000000000000, -1.000000000000000000 ) ) ;
#694 = CARTESIAN_POINT ( 'NONE',  ( 2.969669914110093500, 8.676776695296634800, -10.24999999999999800 ) ) ;
#695 = DIRECTION ( 'NONE',  ( 0.7071067811865458000, 0.7071067811865492400, 0.0000000000000000000 ) ) ;
#696 = ORIENTED_EDGE ( 'NONE', *, *, #2862, .T. ) ;
#697 = VECTOR ( 'NONE', #6177, 1000.000000000000000 ) ;
#698 = VECTOR ( 'NONE', #9182, 1000.000000000000000 ) ;
#699 = ORIENTED_EDGE ( 'NONE', *, *, #1446, .T. ) ;
#700 = AXIS2_PLACEMENT_3D ( 'NONE', #1811, #8585, #3309 ) ;
#701 = CARTESIAN_POINT ( 'NONE',  ( 5.000000000000000000, 5.499999999999998200, 20.00000000000000000 ) ) ;
#702 = VERTEX_POINT ( 'NONE', #4308 ) ;
#703 = EDGE_CURVE ( 'NONE', #2450, #9391, #220, .T. ) ;
#704 = CARTESIAN_POINT ( 'NONE',  ( 5.998226606295154400, 0.0004751794110771272000, -9.708809782890966700 ) ) ;
#705 = VERTEX_POINT ( 'NONE', #3488 ) ;
#706 = DIRECTION ( 'NONE',  ( 0.0000000000000000000, -1.000000000000000000, 0.0000000000000000000 ) ) ;
#707 = FACE_OUTER_BOUND ( 'NONE', #7088, .T. ) ;
#708 = CARTESIAN_POINT ( 'NONE',  ( 4.750000000000002700, 6.792893218813461000, 0.3750000000000001100 ) ) ;
#709 = ORIENTED_EDGE ( 'NONE', *, *, #9587, .T. ) ;
#710 = FACE_OUTER_BOUND ( 'NONE', #6597, .T. ) ;
#711 = CARTESIAN_POINT ( 'NONE',  ( 4.750000000000000900, 5.749999999999998200, 0.0000000000000000000 ) ) ;
#712 = VERTEX_POINT ( 'NONE', #6596 ) ;
#713 = DIRECTION ( 'NONE',  ( -1.224646799147353200E-016, 1.000000000000000000, 0.0000000000000000000 ) ) ;
#714 = ORIENTED_EDGE ( 'NONE', *, *, #4026, .F. ) ;
#715 = FACE_OUTER_BOUND ( 'NONE', #9112, .T. ) ;
#716 = EDGE_LOOP ( 'NONE', ( #1620, #6656, #3752, #975 ) ) ;
#717 = AXIS2_PLACEMENT_3D ( 'NONE', #6259, #4773, #3967 ) ;
#718 = CARTESIAN_POINT ( 'NONE',  ( -19.67677669529662800, 4.969669914110091300, -19.75000000000000000 ) ) ;
#719 = EDGE_CURVE ( 'NONE', #2394, #8774, #2672, .T. ) ;
#720 = CARTESIAN_POINT ( 'NONE',  ( -12.50000000000002700, 5.467267279399611500, 12.50000000000000000 ) ) ;
#721 = EDGE_LOOP ( 'NONE', ( #4880, #57, #8081, #4958 ) ) ;
#722 = DIRECTION ( 'NONE',  ( -1.000000000000000000, 0.0000000000000000000, 0.0000000000000000000 ) ) ;
#723 = EDGE_LOOP ( 'NONE', ( #1370, #9318, #346, #2233 ) ) ;
#724 = ADVANCED_FACE ( 'NONE', ( #326 ), #3496, .T. ) ;
#725 = ORIENTED_EDGE ( 'NONE', *, *, #6733, .F. ) ;
#726 = FACE_OUTER_BOUND ( 'NONE', #5467, .T. ) ;
#727 = CARTESIAN_POINT ( 'NONE',  ( 4.500000000000002700, 6.792893218813461900, 19.75000000000000000 ) ) ;
#728 = ORIENTED_EDGE ( 'NONE', *, *, #660, .F. ) ;
#729 = ORIENTED_EDGE ( 'NONE', *, *, #6313, .F. ) ;
#730 = ORIENTED_EDGE ( 'NONE', *, *, #9043, .T. ) ;
#731 = CARTESIAN_POINT ( 'NONE',  ( 5.250000000000000000, 5.499999999999998200, -9.624999999999998200 ) ) ;
#732 = CARTESIAN_POINT ( 'NONE',  ( -12.50000000000000000, 0.1000000000000000100, 9.650000000000002100 ) ) ;
#733 = ORIENTED_EDGE ( 'NONE', *, *, #8500, .F. ) ;
#734 = CIRCLE ( 'NONE', #9767, 0.2499999999999999700 ) ;
#735 = DIRECTION ( 'NONE',  ( 1.000000000000000000, -0.0000000000000000000, -0.0000000000000000000 ) ) ;
#736 = DIRECTION ( 'NONE',  ( -0.7071067811865475700, -0.7071067811865475700, 0.0000000000000000000 ) ) ;
#737 = DIRECTION ( 'NONE',  ( -1.000000000000000000, -2.602085213965201600E-015, 0.0000000000000000000 ) ) ;
#738 = ADVANCED_FACE ( 'NONE', ( #672 ), #6798, .T. ) ;
#739 = DIRECTION ( 'NONE',  ( 0.0000000000000000000, 0.0000000000000000000, -1.000000000000000000 ) ) ;
#740 = ORIENTED_EDGE ( 'NONE', *, *, #1730, .F. ) ;
#741 = ORIENTED_EDGE ( 'NONE', *, *, #1693, .F. ) ;
#742 = CARTESIAN_POINT ( 'NONE',  ( 5.750000000000003600, 5.499999999999999100, 9.875000000000000000 ) ) ;
#743 = AXIS2_PLACEMENT_3D ( 'NONE', #7402, #3719, #2858 ) ;
#744 = DIRECTION ( 'NONE',  ( 0.0000000000000000000, 0.0000000000000000000, -1.000000000000000000 ) ) ;
#745 = VECTOR ( 'NONE', #9535, 1000.000000000000000 ) ;
#746 = VECTOR ( 'NONE', #1541, 1000.000000000000000 ) ;
#747 = DIRECTION ( 'NONE',  ( 1.000000000000000000, 0.0000000000000000000, -0.0000000000000000000 ) ) ;
#748 = EDGE_CURVE ( 'NONE', #5152, #9325, #3144, .T. ) ;
#749 = ORIENTED_EDGE ( 'NONE', *, *, #4906, .F. ) ;
#750 = DIRECTION ( 'NONE',  ( -2.891205793294680300E-016, -0.0000000000000000000, -1.000000000000000000 ) ) ;
#751 = VERTEX_POINT ( 'NONE', #4066 ) ;
#752 = CARTESIAN_POINT ( 'NONE',  ( 5.993015931438608700, 0.001871375530909669700, -0.1510813697091293900 ) ) ;
#753 = FACE_OUTER_BOUND ( 'NONE', #5752, .T. ) ;
#754 = DIRECTION ( 'NONE',  ( -0.7071067811865475700, -0.7071067811865475700, 0.0000000000000000000 ) ) ;
#755 = CARTESIAN_POINT ( 'NONE',  ( -12.50000000000000000, 0.0000000000000000000, -9.650000000000002100 ) ) ;
#756 = CARTESIAN_POINT ( 'NONE',  ( -5.000000000000000000, 6.792893218813454800, 9.750000000000000000 ) ) ;
#757 = AXIS2_PLACEMENT_3D ( 'NONE', #281, #1661, #8467 ) ;
#758 = DIRECTION ( 'NONE',  ( -0.7071067811865491300, 0.7071067811865460200, 0.0000000000000000000 ) ) ;
#759 = CARTESIAN_POINT ( 'NONE',  ( -6.000000000000001800, -1.734725280734508100E-015, -19.75000000000000000 ) ) ;
#760 = ORIENTED_EDGE ( 'NONE', *, *, #1995, .T. ) ;
#761 = PLANE ( 'NONE',  #2759 ) ;
#762 = CIRCLE ( 'NONE', #6078, 0.5000000000000000000 ) ;
#763 = AXIS2_PLACEMENT_3D ( 'NONE', #7461, #2077, #7432 ) ;
#764 = EDGE_CURVE ( 'NONE', #4765, #122, #8603, .T. ) ;
#765 = DIRECTION ( 'NONE',  ( -0.0000000000000000000, -0.0000000000000000000, 1.000000000000000000 ) ) ;
#766 = CARTESIAN_POINT ( 'NONE',  ( 19.50000000000000400, 4.792893218813453900, -20.00000000000000000 ) ) ;
#767 = CARTESIAN_POINT ( 'NONE',  ( 5.250000000000000000, 5.749999999999998200, -9.624999999999998200 ) ) ;
#768 = ORIENTED_EDGE ( 'NONE', *, *, #3568, .T. ) ;
#769 = DIRECTION ( 'NONE',  ( 1.000000000000000000, -1.040834085586084300E-014, 0.0000000000000000000 ) ) ;
#770 = CARTESIAN_POINT ( 'NONE',  ( -5.993059256806177800, 0.001859766533654174600, -10.14405749475696800 ) ) ;
#771 = AXIS2_PLACEMENT_3D ( 'NONE', #8208, #4372, #9632 ) ;
#772 = CARTESIAN_POINT ( 'NONE',  ( -19.85355339059326600, 5.146446609406728700, 20.00000000000000000 ) ) ;
#773 = CYLINDRICAL_SURFACE ( 'NONE', #3858, 0.2500000000000002200 ) ;
#774 = ADVANCED_FACE ( 'NONE', ( #1748 ), #3983, .T. ) ;
#775 = DIRECTION ( 'NONE',  ( 1.000000000000000000, 0.0000000000000000000, 0.0000000000000000000 ) ) ;
#776 = AXIS2_PLACEMENT_3D ( 'NONE', #3737, #2165, #5197 ) ;
#777 = ORIENTED_EDGE ( 'NONE', *, *, #1619, .F. ) ;
#778 = EDGE_CURVE ( 'NONE', #6963, #8728, #1157, .T. ) ;
#779 = CARTESIAN_POINT ( 'NONE',  ( 5.000000000000000000, 5.749999999999998200, 10.12500000000000000 ) ) ;
#780 = FACE_OUTER_BOUND ( 'NONE', #8247, .T. ) ;
#781 = ORIENTED_EDGE ( 'NONE', *, *, #3130, .F. ) ;
#782 = EDGE_CURVE ( 'NONE', #595, #5777, #3263, .T. ) ;
#783 = LINE ( 'NONE', #4702, #8341 ) ;
#784 = DIRECTION ( 'NONE',  ( 1.000000000000000000, 3.469446951953610600E-015, 0.0000000000000000000 ) ) ;
#785 = ADVANCED_FACE ( 'NONE', ( #5983 ), #6578, .T. ) ;
#786 = DIRECTION ( 'NONE',  ( 0.9659258262890698700, 0.2588190451025151900, -0.0000000000000000000 ) ) ;
#787 = CARTESIAN_POINT ( 'NONE',  ( -5.905669631949140600, 0.02527574594095581900, 9.787690074217735500 ) ) ;
#788 = DIRECTION ( 'NONE',  ( -0.0000000000000000000, 0.0000000000000000000, 1.000000000000000000 ) ) ;
#789 = ORIENTED_EDGE ( 'NONE', *, *, #7024, .F. ) ;
#790 = CIRCLE ( 'NONE', #5749, 0.2500000000000002200 ) ;
#791 = EDGE_CURVE ( 'NONE', #5903, #7709, #4923, .T. ) ;
#792 = CIRCLE ( 'NONE', #3146, 0.5000000000000004400 ) ;
#793 = DIRECTION ( 'NONE',  ( -0.0000000000000000000, -0.0000000000000000000, 1.000000000000000000 ) ) ;
#794 = AXIS2_PLACEMENT_3D ( 'NONE', #1182, #8705, #9528 ) ;
#795 = CARTESIAN_POINT ( 'NONE',  ( 12.50000000000000000, 0.0000000000000000000, -12.50000000000000000 ) ) ;
#796 = EDGE_CURVE ( 'NONE', #4466, #5425, #8484, .T. ) ;
#797 = CARTESIAN_POINT ( 'NONE',  ( 12.50000000000000000, 2.711339312526813900, 9.650000000000002100 ) ) ;
#798 = EDGE_CURVE ( 'NONE', #1662, #4112, #2199, .T. ) ;
#799 = CARTESIAN_POINT ( 'NONE',  ( 12.50000000000000000, 2.778606591926445500, -9.723994007339596700 ) ) ;
#800 = CARTESIAN_POINT ( 'NONE',  ( -4.101061471818665500, 0.2500000000000001100, 9.750000000000000000 ) ) ;
#801 = VERTEX_POINT ( 'NONE', #5204 ) ;
#802 = CIRCLE ( 'NONE', #3939, 0.5000000000000004400 ) ;
#803 = PERSON_AND_ORGANIZATION ( #8779, #7896 ) ;
#804 = CARTESIAN_POINT ( 'NONE',  ( 6.000000000000003600, 5.249999999999997300, -10.12499999999999800 ) ) ;
#805 = DIRECTION ( 'NONE',  ( 0.0000000000000000000, 0.0000000000000000000, -1.000000000000000000 ) ) ;
#806 = DIRECTION ( 'NONE',  ( 8.673617379883997000E-016, -1.000000000000000000, 0.0000000000000000000 ) ) ;
#807 = CARTESIAN_POINT ( 'NONE',  ( 19.29289321881344700, 5.000000000000010700, -19.75000000000000000 ) ) ;
#808 = CIRCLE ( 'NONE', #3772, 0.2500000000000002200 ) ;
#809 = CARTESIAN_POINT ( 'NONE',  ( -2.100000000000000100, 5.499999999999998200, -9.874999999999998200 ) ) ;
#810 = DIRECTION ( 'NONE',  ( 1.000000000000000000, -0.0000000000000000000, 1.224646799147353200E-016 ) ) ;
#811 = ORIENTED_EDGE ( 'NONE', *, *, #9252, .T. ) ;
#812 = FACE_OUTER_BOUND ( 'NONE', #2630, .T. ) ;
#813 = LINE ( 'NONE', #3238, #7185 ) ;
#814 = DIRECTION ( 'NONE',  ( 0.0000000000000000000, 1.000000000000000000, 0.0000000000000000000 ) ) ;
#815 = ORIENTED_EDGE ( 'NONE', *, *, #1822, .T. ) ;
#816 = DIRECTION ( 'NONE',  ( -0.0000000000000000000, -0.0000000000000000000, 1.000000000000000000 ) ) ;
#817 = ORIENTED_EDGE ( 'NONE', *, *, #1484, .T. ) ;
#818 = DIRECTION ( 'NONE',  ( -1.000000000000000000, 0.0000000000000000000, 0.0000000000000000000 ) ) ;
#819 = AXIS2_PLACEMENT_3D ( 'NONE', #4757, #9201, #8560 ) ;
#820 = VERTEX_POINT ( 'NONE', #6721 ) ;
#821 = VECTOR ( 'NONE', #4520, 1000.000000000000000 ) ;
#822 = VECTOR ( 'NONE', #110, 1000.000000000000100 ) ;
#823 = ORIENTED_EDGE ( 'NONE', *, *, #34, .T. ) ;
#824 = PLANE ( 'NONE',  #9742 ) ;
#825 = ORIENTED_EDGE ( 'NONE', *, *, #2420, .F. ) ;
#826 = ADVANCED_FACE ( 'NONE', ( #8937, #2896 ), #9733, .T. ) ;
#827 = AXIS2_PLACEMENT_3D ( 'NONE', #5637, #7767, #3224 ) ;
#828 = EDGE_CURVE ( 'NONE', #1688, #6857, #5753, .T. ) ;
#829 = LINE ( 'NONE', #7277, #266 ) ;
#830 = VERTEX_POINT ( 'NONE', #4410 ) ;
#831 = TOROIDAL_SURFACE ( 'NONE', #7311, 0.5000000000000000000, 0.2500000000000000000 ) ;
#832 = ORIENTED_EDGE ( 'NONE', *, *, #4082, .F. ) ;
#833 = AXIS2_PLACEMENT_3D ( 'NONE', #364, #7158, #9437 ) ;
#834 = ORIENTED_EDGE ( 'NONE', *, *, #6513, .T. ) ;
#835 = LINE ( 'NONE', #6420, #2936 ) ;
#836 = CARTESIAN_POINT ( 'NONE',  ( 1.330407161568939100E-016, 5.499999999999998200, -19.75000000000000000 ) ) ;
#837 = DIRECTION ( 'NONE',  ( -1.000000000000000000, -2.602085213965201600E-015, 0.0000000000000000000 ) ) ;
#838 = DIRECTION ( 'NONE',  ( 0.0000000000000000000, -1.000000000000000000, 0.0000000000000000000 ) ) ;
#839 = DIRECTION ( 'NONE',  ( 0.0000000000000000000, 0.0000000000000000000, 1.000000000000000000 ) ) ;
#841 = CIRCLE ( 'NONE', #1220, 0.2500000000000002200 ) ;
#840 = DIRECTION ( 'NONE',  ( 1.000000000000000000, 0.0000000000000000000, 0.0000000000000000000 ) ) ;
#842 = ADVANCED_FACE ( 'NONE', ( #9051 ), #6473, .T. ) ;
#843 = ORIENTED_EDGE ( 'NONE', *, *, #7828, .T. ) ;
#844 = CIRCLE ( 'NONE', #7240, 2.749999999999999100 ) ;
#845 = AXIS2_PLACEMENT_3D ( 'NONE', #4317, #9617, #5751 ) ;
#846 = EDGE_LOOP ( 'NONE', ( #3340, #8119, #7977, #5329, #4404 ) ) ;
#847 = EDGE_CURVE ( 'NONE', #2144, #9126, #1498, .T. ) ;
#848 = CARTESIAN_POINT ( 'NONE',  ( -4.750000000000000000, 5.500000000000000900, 0.0000000000000000000 ) ) ;
#849 = VERTEX_POINT ( 'NONE', #7495 ) ;
#850 = LINE ( 'NONE', #5594, #3072 ) ;
#851 = DIRECTION ( 'NONE',  ( 0.0000000000000000000, 0.0000000000000000000, -1.000000000000000000 ) ) ;
#852 = PLANE ( 'NONE',  #8234 ) ;
#853 = EDGE_LOOP ( 'NONE', ( #9222, #7699, #7229, #5606 ) ) ;
#854 = ORIENTED_EDGE ( 'NONE', *, *, #7111, .F. ) ;
#855 = ORIENTED_EDGE ( 'NONE', *, *, #1180, .F. ) ;
#856 = ADVANCED_FACE ( 'NONE', ( #443 ), #9766, .T. ) ;
#857 = AXIS2_PLACEMENT_3D ( 'NONE', #1363, #1436, #7445 ) ;
#858 = DIRECTION ( 'NONE',  ( -0.0000000000000000000, -1.000000000000000000, 0.0000000000000000000 ) ) ;
#859 = ORIENTED_EDGE ( 'NONE', *, *, #2635, .F. ) ;
#860 = FACE_OUTER_BOUND ( 'NONE', #3880, .T. ) ;
#861 = AXIS2_PLACEMENT_3D ( 'NONE', #945, #6230, #1734 ) ;
#862 = EDGE_CURVE ( 'NONE', #7989, #5139, #5029, .T. ) ;
#863 = DIRECTION ( 'NONE',  ( -0.7071067811865475700, -0.7071067811865475700, 0.0000000000000000000 ) ) ;
#864 = EDGE_CURVE ( 'NONE', #5869, #9422, #7059, .T. ) ;
#865 = ORIENTED_EDGE ( 'NONE', *, *, #2094, .F. ) ;
#866 = ORIENTED_EDGE ( 'NONE', *, *, #7482, .T. ) ;
#867 = CARTESIAN_POINT ( 'NONE',  ( 6.250000000000003600, 0.0000000000000000000, -19.75000000000000000 ) ) ;
#868 = VERTEX_POINT ( 'NONE', #8150 ) ;
#869 = DIRECTION ( 'NONE',  ( -1.000000000000000000, 0.0000000000000000000, 0.0000000000000000000 ) ) ;
#870 = EDGE_LOOP ( 'NONE', ( #3914, #4699, #2167, #3777, #3909 ) ) ;
#871 = DIRECTION ( 'NONE',  ( 1.000000000000000000, 0.0000000000000000000, 0.0000000000000000000 ) ) ;
#872 = VECTOR ( 'NONE', #9604, 1000.000000000000000 ) ;
#873 = DIRECTION ( 'NONE',  ( 0.0000000000000000000, 0.0000000000000000000, 1.000000000000000000 ) ) ;
#874 = VERTEX_POINT ( 'NONE', #4655 ) ;
#875 = PLANE ( 'NONE',  #2892 ) ;
#876 = EDGE_LOOP ( 'NONE', ( #6493, #3009, #6008, #8181 ) ) ;
#877 = DIRECTION ( 'NONE',  ( -1.000000000000000000, 0.0000000000000000000, 0.0000000000000000000 ) ) ;
#878 = CIRCLE ( 'NONE', #1469, 0.2500000000000000000 ) ;
#879 = CARTESIAN_POINT ( 'NONE',  ( -6.000000000003527800, -9.462977607144289000E-013, 9.822628089177749500 ) ) ;
#880 = DIRECTION ( 'NONE',  ( 0.0000000000000000000, 0.0000000000000000000, -1.000000000000000000 ) ) ;
#881 = ADVANCED_FACE ( 'NONE', ( #3733 ), #6811, .T. ) ;
#882 = ORIENTED_EDGE ( 'NONE', *, *, #5357, .T. ) ;
#883 = AXIS2_PLACEMENT_3D ( 'NONE', #2978, #4435, #9002 ) ;
#884 = CARTESIAN_POINT ( 'NONE',  ( 2.000000000000000000, 5.499999999999998200, 20.00000000000000000 ) ) ;
#885 = CARTESIAN_POINT ( 'NONE',  ( -4.750000000000000000, 6.792893218813454800, -9.874999999999998200 ) ) ;
#886 = CARTESIAN_POINT ( 'NONE',  ( -1.323223304703363200, 10.32322330470336300, 10.12500000000000000 ) ) ;
#887 = FACE_OUTER_BOUND ( 'NONE', #4382, .T. ) ;
#888 = DIRECTION ( 'NONE',  ( 0.0000000000000000000, 0.0000000000000000000, -1.000000000000000000 ) ) ;
#889 = AXIS2_PLACEMENT_3D ( 'NONE', #2168, #6657, #4465 ) ;
#890 = CARTESIAN_POINT ( 'NONE',  ( -5.249999999999998200, 5.249999999999999100, 0.3750000000000001100 ) ) ;
#891 = ORIENTED_EDGE ( 'NONE', *, *, #8401, .F. ) ;
#892 = DIRECTION ( 'NONE',  ( 0.0000000000000000000, 1.000000000000000000, 0.0000000000000000000 ) ) ;
#893 = ADVANCED_FACE ( 'NONE', ( #9304 ), #4565, .T. ) ;
#894 = DIRECTION ( 'NONE',  ( -0.0000000000000000000, -0.0000000000000000000, 1.000000000000000000 ) ) ;
#895 = CARTESIAN_POINT ( 'NONE',  ( -12.50000000000000000, 0.0000000000000000000, -12.50000000000000000 ) ) ;
#896 = VECTOR ( 'NONE', #6932, 1000.000000000000000 ) ;
#897 = AXIS2_PLACEMENT_3D ( 'NONE', #9651, #9720, #5931 ) ;
#898 = DIRECTION ( 'NONE',  ( -1.000000000000000000, 0.0000000000000000000, 0.0000000000000000000 ) ) ;
#899 = DIRECTION ( 'NONE',  ( 0.0000000000000000000, 0.0000000000000000000, -1.000000000000000000 ) ) ;
#900 = DIRECTION ( 'NONE',  ( 0.0000000000000000000, 0.0000000000000000000, 1.000000000000000000 ) ) ;
#901 = ORIENTED_EDGE ( 'NONE', *, *, #3824, .T. ) ;
#902 = AXIS2_PLACEMENT_3D ( 'NONE', #3510, #5000, #5734 ) ;
#903 = EDGE_CURVE ( 'NONE', #5973, #9472, #8820, .T. ) ;
#904 = ADVANCED_FACE ( 'NONE', ( #3010 ), #1042, .T. ) ;
#905 = VECTOR ( 'NONE', #9184, 1000.000000000000000 ) ;
#906 = DIRECTION ( 'NONE',  ( -1.000000000000000000, -2.621300829121535600E-015, 0.0000000000000000000 ) ) ;
#907 = CARTESIAN_POINT ( 'NONE',  ( -1.366094737331734200E-014, 5.250000000000013300, 0.3750000000000003300 ) ) ;
#908 = ORIENTED_EDGE ( 'NONE', *, *, #7198, .T. ) ;
#909 = CARTESIAN_POINT ( 'NONE',  ( -17.79423698861199600, 5.399999999999967500, 12.50000000000000000 ) ) ;
#910 = FACE_OUTER_BOUND ( 'NONE', #7492, .T. ) ;
#911 = DIRECTION ( 'NONE',  ( 1.000000000000000000, 2.602085213965201600E-015, -2.891205793294680300E-016 ) ) ;
#912 = VECTOR ( 'NONE', #1625, 1000.000000000000000 ) ;
#913 = DIRECTION ( 'NONE',  ( -2.602085213965201600E-015, 1.000000000000000000, 0.0000000000000000000 ) ) ;
#914 = AXIS2_PLACEMENT_3D ( 'NONE', #3831, #2519, #6227 ) ;
#915 = CARTESIAN_POINT ( 'NONE',  ( 4.750000000000006200, 8.999999999999991100, -9.624999999999998200 ) ) ;
#916 = EDGE_CURVE ( 'NONE', #5796, #7070, #3975, .T. ) ;
#917 = CARTESIAN_POINT ( 'NONE',  ( 3.000000000000002700, 9.000000000000000000, 20.00000000000000000 ) ) ;
#918 = EDGE_CURVE ( 'NONE', #2513, #240, #6235, .T. ) ;
#919 = VERTEX_POINT ( 'NONE', #6066 ) ;
#920 = VECTOR ( 'NONE', #2721, 1000.000000000000000 ) ;
#921 = LOCAL_TIME ( 10, 22, 12.00000000000000000, #3145 ) ;
#922 = DIRECTION ( 'NONE',  ( 1.000000000000000000, -0.0000000000000000000, -0.0000000000000000000 ) ) ;
#923 = DIRECTION ( 'NONE',  ( -0.7071067811865458000, -0.7071067811865492400, 0.0000000000000000000 ) ) ;
#924 = CARTESIAN_POINT ( 'NONE',  ( 5.750000000000003600, 0.2500000000000002200, 9.875000000000000000 ) ) ;
#925 = DIRECTION ( 'NONE',  ( -1.000000000000000000, -0.0000000000000000000, 2.891205793294680300E-016 ) ) ;
#926 = ADVANCED_FACE ( 'NONE', ( #9647 ), #1738, .T. ) ;
#927 = EDGE_CURVE ( 'NONE', #5585, #1528, #3851, .T. ) ;
#928 = CARTESIAN_POINT ( 'NONE',  ( -5.891456562198418300, 0.2500000000000002200, -9.956131125769504200 ) ) ;
#929 = ORIENTED_EDGE ( 'NONE', *, *, #6311, .T. ) ;
#930 = CIRCLE ( 'NONE', #5123, 0.2500000000000002200 ) ;
#931 = VECTOR ( 'NONE', #8983, 1000.000000000000000 ) ;
#932 = AXIS2_PLACEMENT_3D ( 'NONE', #5613, #205, #3317 ) ;
#933 = DIRECTION ( 'NONE',  ( -0.0000000000000000000, -0.0000000000000000000, 1.000000000000000000 ) ) ;
#934 = EDGE_CURVE ( 'NONE', #8849, #8980, #1489, .T. ) ;
#935 = DIRECTION ( 'NONE',  ( 0.2588190451025158000, -0.9659258262890697600, 0.0000000000000000000 ) ) ;
#936 = FACE_OUTER_BOUND ( 'NONE', #8833, .T. ) ;
#937 = DIRECTION ( 'NONE',  ( -0.0000000000000000000, 0.0000000000000000000, 1.000000000000000000 ) ) ;
#938 = DIRECTION ( 'NONE',  ( 0.0000000000000000000, -1.000000000000000000, 0.0000000000000000000 ) ) ;
#939 = DIRECTION ( 'NONE',  ( -0.0000000000000000000, -0.0000000000000000000, -1.000000000000000000 ) ) ;
#940 = CARTESIAN_POINT ( 'NONE',  ( 1.330407161568939100E-016, 5.499999999999998200, 10.22500000000000000 ) ) ;
#941 = EDGE_LOOP ( 'NONE', ( #8786, #3314, #9111, #9218 ) ) ;
#942 = CIRCLE ( 'NONE', #9618, 0.2500000000000002200 ) ;
#943 = CYLINDRICAL_SURFACE ( 'NONE', #7125, 0.5000000000000004400 ) ;
#944 = DIRECTION ( 'NONE',  ( 0.0000000000000000000, 0.0000000000000000000, -1.000000000000000000 ) ) ;
#945 = CARTESIAN_POINT ( 'NONE',  ( 2.792893218813457400, 8.499999999999998200, 20.00000000000000000 ) ) ;
#946 = EDGE_CURVE ( 'NONE', #705, #4480, #3490, .T. ) ;
#947 = ORIENTED_EDGE ( 'NONE', *, *, #2121, .T. ) ;
#948 = ADVANCED_FACE ( 'NONE', ( #1972 ), #4918, .T. ) ;
#949 = ORIENTED_EDGE ( 'NONE', *, *, #4137, .F. ) ;
#950 = DIRECTION ( 'NONE',  ( -0.7071067811865490200, 0.7071067811865460200, -0.0000000000000000000 ) ) ;
#951 = EDGE_CURVE ( 'NONE', #8890, #466, #8010, .T. ) ;
#952 = ORIENTED_EDGE ( 'NONE', *, *, #5534, .T. ) ;
#953 = CARTESIAN_POINT ( 'NONE',  ( 0.4019237886466642300, 1.499999999999966200, 20.00000000000000000 ) ) ;
#954 = CARTESIAN_POINT ( 'NONE',  ( 1.330407161568939100E-016, 5.499999999999998200, 10.12500000000000000 ) ) ;
#955 = DIRECTION ( 'NONE',  ( 0.0000000000000000000, 0.0000000000000000000, -1.000000000000000000 ) ) ;
#956 = ORIENTED_EDGE ( 'NONE', *, *, #1976, .F. ) ;
#957 = LINE ( 'NONE', #7443, #8026 ) ;
#958 = CIRCLE ( 'NONE', #6310, 0.09999999999999939500 ) ;
#959 = DIRECTION ( 'NONE',  ( 0.7071067811865474600, 0.7071067811865474600, -0.0000000000000000000 ) ) ;
#960 = ORIENTED_EDGE ( 'NONE', *, *, #2988, .T. ) ;
#961 = ORIENTED_EDGE ( 'NONE', *, *, #5673, .T. ) ;
#962 = ADVANCED_FACE ( 'NONE', ( #9040 ), #4207, .T. ) ;
#963 = AXIS2_PLACEMENT_3D ( 'NONE', #8972, #9740, #7501 ) ;
#964 = VECTOR ( 'NONE', #4870, 1000.000000000000000 ) ;
#965 = ORIENTED_EDGE ( 'NONE', *, *, #9140, .T. ) ;
#966 = LINE ( 'NONE', #2221, #6863 ) ;
#967 = CARTESIAN_POINT ( 'NONE',  ( 5.993059256806192000, 0.001859766533654472700, -9.730942505243033800 ) ) ;
#968 = DIRECTION ( 'NONE',  ( -0.0000000000000000000, 0.0000000000000000000, 1.000000000000000000 ) ) ;
#969 = ORIENTED_EDGE ( 'NONE', *, *, #52, .T. ) ;
#970 = AXIS2_PLACEMENT_3D ( 'NONE', #5099, #5231, #2841 ) ;
#971 = ORIENTED_EDGE ( 'NONE', *, *, #6421, .F. ) ;
#972 = EDGE_CURVE ( 'NONE', #624, #2716, #2442, .T. ) ;
#973 = CIRCLE ( 'NONE', #8969, 0.2500000000000003300 ) ;
#974 = CARTESIAN_POINT ( 'NONE',  ( 5.250000000000000000, 5.749999999999998200, 0.0000000000000000000 ) ) ;
#975 = ORIENTED_EDGE ( 'NONE', *, *, #8222, .F. ) ;
#976 = DIRECTION ( 'NONE',  ( -0.0000000000000000000, -0.0000000000000000000, 1.000000000000000000 ) ) ;
#977 = VERTEX_POINT ( 'NONE', #9062 ) ;
#978 = VERTEX_POINT ( 'NONE', #3251 ) ;
#979 = AXIS2_PLACEMENT_3D ( 'NONE', #1876, #3372, #4204 ) ;
#980 = ORIENTED_EDGE ( 'NONE', *, *, #4152, .F. ) ;
#981 = CARTESIAN_POINT ( 'NONE',  ( 5.998226606295153500, 0.0004751794110771001500, 10.29119021710903300 ) ) ;
#982 = DIRECTION ( 'NONE',  ( -0.0000000000000000000, 0.0000000000000000000, 1.000000000000000000 ) ) ;
#983 = ORIENTED_EDGE ( 'NONE', *, *, #2152, .F. ) ;
#984 = CIRCLE ( 'NONE', #1434, 4.750000000000000000 ) ;
#985 = DIRECTION ( 'NONE',  ( -0.0000000000000000000, -0.0000000000000000000, 1.000000000000000000 ) ) ;
#986 = AXIS2_PLACEMENT_3D ( 'NONE', #8503, #6260, #6477 ) ;
#987 = EDGE_CURVE ( 'NONE', #1810, #8849, #436, .T. ) ;
#988 = CARTESIAN_POINT ( 'NONE',  ( 3.000000000000002700, 9.000000000000000000, -0.2500000000000002200 ) ) ;
#989 = VERTEX_POINT ( 'NONE', #4616 ) ;
#990 = ORIENTED_EDGE ( 'NONE', *, *, #9697, .F. ) ;
#991 = ORIENTED_EDGE ( 'NONE', *, *, #3497, .F. ) ;
#992 = CARTESIAN_POINT ( 'NONE',  ( 6.250000000000002700, 5.499999999999999100, -10.12499999999999800 ) ) ;
#993 = ORIENTED_EDGE ( 'NONE', *, *, #5046, .F. ) ;
#994 = CARTESIAN_POINT ( 'NONE',  ( -5.996659633835752100, 0.0008950484161333123400, -10.15920697616114100 ) ) ;
#995 = CIRCLE ( 'NONE', #5605, 0.2499999999999997200 ) ;
#997 = ORIENTED_EDGE ( 'NONE', *, *, #2030, .F. ) ;
#996 = EDGE_CURVE ( 'NONE', #8403, #2274, #9759, .T. ) ;
#998 = DIRECTION ( 'NONE',  ( 0.0000000000000000000, 0.0000000000000000000, 1.000000000000000000 ) ) ;
#999 = EDGE_LOOP ( 'NONE', ( #8936, #4307, #8031, #7130 ) ) ;
#1000 = DIRECTION ( 'NONE',  ( 1.000000000000000000, 0.0000000000000000000, -0.0000000000000000000 ) ) ;
#1001 = LINE ( 'NONE', #8011, #6767 ) ;
#1002 = EDGE_CURVE ( 'NONE', #7070, #4096, #9299, .T. ) ;
#1003 = ADVANCED_FACE ( 'NONE', ( #910 ), #4686, .F. ) ;
#1004 = LINE ( 'NONE', #3738, #3092 ) ;
#1005 = DIRECTION ( 'NONE',  ( 1.000000000000000000, 0.0000000000000000000, 0.0000000000000000000 ) ) ;
#1006 = DIRECTION ( 'NONE',  ( 1.000000000000000000, 0.0000000000000000000, 0.0000000000000000000 ) ) ;
#1007 = EDGE_CURVE ( 'NONE', #5315, #4065, #2192, .T. ) ;
#1008 = DIRECTION ( 'NONE',  ( 0.7071067811865501300, -0.7071067811865449100, 0.0000000000000000000 ) ) ;
#1009 = ORIENTED_EDGE ( 'NONE', *, *, #5257, .T. ) ;
#1010 = ORIENTED_EDGE ( 'NONE', *, *, #9404, .F. ) ;
#1011 = DIRECTION ( 'NONE',  ( 2.891205793294680300E-016, 0.0000000000000000000, 1.000000000000000000 ) ) ;
#1012 = CARTESIAN_POINT ( 'NONE',  ( 5.750000000000003600, 0.3258063432103005000, -0.2500000000000000000 ) ) ;
#1013 = CYLINDRICAL_SURFACE ( 'NONE', #8228, 0.5000000000000004400 ) ;
#1014 = ADVANCED_FACE ( 'NONE', ( #8932 ), #7513, .T. ) ;
#1015 = PLANE ( 'NONE',  #1657 ) ;
#1016 = DIRECTION ( 'NONE',  ( 0.0000000000000000000, 0.0000000000000000000, -1.000000000000000000 ) ) ;
#1017 = DIRECTION ( 'NONE',  ( 0.0000000000000000000, 0.0000000000000000000, -1.000000000000000000 ) ) ;
#1018 = ORIENTED_EDGE ( 'NONE', *, *, #8198, .F. ) ;
#1019 = DIRECTION ( 'NONE',  ( -0.0000000000000000000, -0.0000000000000000000, 1.000000000000000000 ) ) ;
#1020 = CARTESIAN_POINT ( 'NONE',  ( -2.792893218813456500, 9.000000000000000000, -9.624999999999998200 ) ) ;
#1021 = TOROIDAL_SURFACE ( 'NONE', #2039, 2.100000000000000100, 0.1000000000000000100 ) ;
#1022 = DIRECTION ( 'NONE',  ( -0.0000000000000000000, 0.0000000000000000000, -1.000000000000000000 ) ) ;
#1023 = AXIS2_PLACEMENT_3D ( 'NONE', #6417, #1857, #8626 ) ;
#1024 = EDGE_LOOP ( 'NONE', ( #1257, #2477, #1175, #725 ) ) ;
#1025 = CARTESIAN_POINT ( 'NONE',  ( 12.50000000000000000, 2.711339312526813900, -15.25000000000000000 ) ) ;
#1026 = TOROIDAL_SURFACE ( 'NONE', #333, 0.2500000000000000000, 0.2500000000000000000 ) ;
#1027 = AXIS2_PLACEMENT_3D ( 'NONE', #5320, #765, #2203 ) ;
#1028 = DIRECTION ( 'NONE',  ( 0.0000000000000000000, 0.0000000000000000000, 1.000000000000000000 ) ) ;
#1029 = EDGE_CURVE ( 'NONE', #5463, #4251, #7290, .T. ) ;
#1030 = CARTESIAN_POINT ( 'NONE',  ( 0.0000000000000000000, 8.749999999999998200, 0.0000000000000000000 ) ) ;
#1031 = ORIENTED_EDGE ( 'NONE', *, *, #8255, .F. ) ;
#1032 = CARTESIAN_POINT ( 'NONE',  ( -3.146446609406729200, 8.853553390593273100, 9.750000000000000000 ) ) ;
#1033 = CIRCLE ( 'NONE', #7084, 0.2500000000000002200 ) ;
#1034 = AXIS2_PLACEMENT_3D ( 'NONE', #1480, #6725, #8282 ) ;
#1035 = TOROIDAL_SURFACE ( 'NONE', #8351, 2.849999999999998800, 0.1000000000000000100 ) ;
#1036 = DIRECTION ( 'NONE',  ( -0.0000000000000000000, -0.0000000000000000000, -1.000000000000000000 ) ) ;
#1037 = CARTESIAN_POINT ( 'NONE',  ( 5.750000000000003600, 5.249999999999997300, 10.12500000000000000 ) ) ;
#1038 = DIRECTION ( 'NONE',  ( 1.000000000000000000, -0.0000000000000000000, 0.0000000000000000000 ) ) ;
#1039 = AXIS2_PLACEMENT_3D ( 'NONE', #5530, #2520, #7814 ) ;
#1040 = EDGE_CURVE ( 'NONE', #6551, #2661, #7884, .T. ) ;
#1041 = ORIENTED_EDGE ( 'NONE', *, *, #2078, .T. ) ;
#1042 = TOROIDAL_SURFACE ( 'NONE', #4684, 2.849999999999998800, 0.1000000000000000100 ) ;
#1043 = DIRECTION ( 'NONE',  ( -0.0000000000000000000, -1.000000000000000000, -0.0000000000000000000 ) ) ;
#1044 = ORIENTED_EDGE ( 'NONE', *, *, #2078, .F. ) ;
#1045 = CYLINDRICAL_SURFACE ( 'NONE', #963, 0.2500000000000002200 ) ;
#1046 = ADVANCED_FACE ( 'NONE', ( #8703 ), #210, .T. ) ;
#1047 = DIRECTION ( 'NONE',  ( -1.000000000000000000, -8.673617379884004900E-016, 0.0000000000000000000 ) ) ;
#1048 = ORIENTED_EDGE ( 'NONE', *, *, #5125, .T. ) ;
#1049 = TOROIDAL_SURFACE ( 'NONE', #3604, 0.2500000000000000000, 0.2500000000000000000 ) ;
#1050 = AXIS2_PLACEMENT_3D ( 'NONE', #2874, #1347, #6591 ) ;
#1051 = DIRECTION ( 'NONE',  ( -0.7071067811865441300, -0.7071067811865510100, 0.0000000000000000000 ) ) ;
#1052 = CIRCLE ( 'NONE', #9023, 0.2500000000000002200 ) ;
#1053 = EDGE_CURVE ( 'NONE', #2510, #2610, #7991, .T. ) ;
#1054 = EDGE_CURVE ( 'NONE', #1448, #6996, #6686, .T. ) ;
#1055 = ADVANCED_FACE ( 'NONE', ( #8220 ), #5022, .T. ) ;
#1056 = ORIENTED_EDGE ( 'NONE', *, *, #4320, .T. ) ;
#1057 = LINE ( 'NONE', #4617, #3155 ) ;
#1058 = FACE_OUTER_BOUND ( 'NONE', #6325, .T. ) ;
#1059 = ORIENTED_EDGE ( 'NONE', *, *, #2432, .F. ) ;
#1060 = CARTESIAN_POINT ( 'NONE',  ( -2.969669914110092200, 8.676776695296633000, 0.1250000000000001100 ) ) ;
#1061 = VERTEX_POINT ( 'NONE', #50 ) ;
#1062 = CARTESIAN_POINT ( 'NONE',  ( 1.330407161568939100E-016, 0.7499999999999983300, 0.1250000000000001100 ) ) ;
#1063 = ORIENTED_EDGE ( 'NONE', *, *, #4579, .T. ) ;
#1064 = TOROIDAL_SURFACE ( 'NONE', #4692, 0.5000000000000000000, 0.2500000000000000000 ) ;
#1065 = FACE_OUTER_BOUND ( 'NONE', #7324, .T. ) ;
#1066 = DIRECTION ( 'NONE',  ( 0.7071067811865475700, -0.7071067811865475700, 0.0000000000000000000 ) ) ;
#1067 = ORIENTED_EDGE ( 'NONE', *, *, #2505, .F. ) ;
#1068 = ORIENTED_EDGE ( 'NONE', *, *, #3322, .F. ) ;
#1069 = CARTESIAN_POINT ( 'NONE',  ( -5.000000000000000000, 5.500000000000000900, 20.00000000000000000 ) ) ;
#1070 = EDGE_LOOP ( 'NONE', ( #348, #3993, #128, #9431, #8399 ) ) ;
#1071 = CARTESIAN_POINT ( 'NONE',  ( -5.000000000000000000, 5.500000000000000900, -0.2500000000000002200 ) ) ;
#1072 = DIRECTION ( 'NONE',  ( -0.0000000000000000000, -1.000000000000000000, 0.0000000000000000000 ) ) ;
#1073 = FACE_BOUND ( 'NONE', #1440, .T. ) ;
#1074 = EDGE_CURVE ( 'NONE', #8845, #6618, #7644, .T. ) ;
#1075 = ORIENTED_EDGE ( 'NONE', *, *, #3678, .T. ) ;
#1076 = TOROIDAL_SURFACE ( 'NONE', #3244, 0.5000000000000000000, 0.2500000000000000000 ) ;
#1077 = ORIENTED_EDGE ( 'NONE', *, *, #9772, .T. ) ;
#1078 = EDGE_CURVE ( 'NONE', #6722, #3069, #5977, .T. ) ;
#1079 = VERTEX_POINT ( 'NONE', #7483 ) ;
#1080 = FACE_OUTER_BOUND ( 'NONE', #9084, .T. ) ;
#1081 = DIRECTION ( 'NONE',  ( 0.0000000000000000000, 0.0000000000000000000, -1.000000000000000000 ) ) ;
#1082 = CARTESIAN_POINT ( 'NONE',  ( -5.749999999999996400, 5.249999999999998200, -0.1250000000000001100 ) ) ;
#1083 = LINE ( 'NONE', #4101, #9687 ) ;
#1084 = DIRECTION ( 'NONE',  ( 0.0000000000000000000, 1.000000000000000000, 0.0000000000000000000 ) ) ;
#1085 = ORIENTED_EDGE ( 'NONE', *, *, #5087, .F. ) ;
#1086 = FACE_OUTER_BOUND ( 'NONE', #680, .T. ) ;
#1087 = EDGE_LOOP ( 'NONE', ( #6724, #4171, #8878 ) ) ;
#1088 = AXIS2_PLACEMENT_3D ( 'NONE', #481, #4960, #2034 ) ;
#1089 = PLANE ( 'NONE',  #3320 ) ;
#1090 = EDGE_LOOP ( 'NONE', ( #4989, #5404, #7645, #1262 ) ) ;
#1091 = FACE_OUTER_BOUND ( 'NONE', #6171, .T. ) ;
#1092 = CARTESIAN_POINT ( 'NONE',  ( 12.50000000000000000, 0.1000000000000000100, -15.25000000000000000 ) ) ;
#1093 = CARTESIAN_POINT ( 'NONE',  ( 4.500000000000002700, 6.792893218813461900, -0.2500000000000002200 ) ) ;
#1094 = CARTESIAN_POINT ( 'NONE',  ( -5.749999999999996400, 5.249999999999998200, -0.1250000000000001100 ) ) ;
#1095 = EDGE_LOOP ( 'NONE', ( #4175, #4598, #7843, #7014 ) ) ;
#1096 = AXIS2_PLACEMENT_3D ( 'NONE', #9064, #3848, #2980 ) ;
#1097 = ORIENTED_EDGE ( 'NONE', *, *, #1848, .F. ) ;
#1098 = ORIENTED_EDGE ( 'NONE', *, *, #7561, .F. ) ;
#1099 = EDGE_CURVE ( 'NONE', #3256, #9102, #5632, .T. ) ;
#1100 = CARTESIAN_POINT ( 'NONE',  ( 5.823223304703359000, 5.823223304703384800, 19.75000000000000000 ) ) ;
#1101 = CARTESIAN_POINT ( 'NONE',  ( -17.72024298127239900, 5.467267279399611500, 12.50000000000000000 ) ) ;
#1102 = ORIENTED_EDGE ( 'NONE', *, *, #1398, .F. ) ;
#1103 = CYLINDRICAL_SURFACE ( 'NONE', #7705, 2.000000000000000000 ) ;
#1104 = AXIS2_PLACEMENT_3D ( 'NONE', #974, #2383, #6183 ) ;
#1105 = ADVANCED_FACE ( 'NONE', ( #7406 ), #3374, .T. ) ;
#1106 = DIRECTION ( 'NONE',  ( 1.000000000000000000, 0.0000000000000000000, 0.0000000000000000000 ) ) ;
#1107 = ORIENTED_EDGE ( 'NONE', *, *, #3373, .F. ) ;
#1108 = CARTESIAN_POINT ( 'NONE',  ( -19.49999999999999600, 4.792893218813452100, -20.00000000000000000 ) ) ;
#1109 = ORIENTED_EDGE ( 'NONE', *, *, #7768, .T. ) ;
#1110 = VERTEX_POINT ( 'NONE', #3805 ) ;
#1111 = TOROIDAL_SURFACE ( 'NONE', #3178, 2.849999999999998300, 0.1000000000000000100 ) ;
#1112 = AXIS2_PLACEMENT_3D ( 'NONE', #4312, #5036, #3522 ) ;
#1113 = EDGE_CURVE ( 'NONE', #3767, #3659, #5744, .T. ) ;
#1114 = CARTESIAN_POINT ( 'NONE',  ( 19.64644660940671600, 5.353553390593285500, -19.75000000000000000 ) ) ;
#1115 = ORIENTED_EDGE ( 'NONE', *, *, #9307, .T. ) ;
#1116 = ORIENTED_EDGE ( 'NONE', *, *, #6025, .F. ) ;
#1117 = VECTOR ( 'NONE', #4885, 999.9999999999998900 ) ;
#1118 = DIRECTION ( 'NONE',  ( 0.0000000000000000000, 0.0000000000000000000, 1.000000000000000000 ) ) ;
#1119 = CARTESIAN_POINT ( 'NONE',  ( -5.749999999999996400, 0.3258063432103001100, 10.00000000000000000 ) ) ;
#1120 = EDGE_CURVE ( 'NONE', #9325, #2957, #3613, .T. ) ;
#1121 = DIRECTION ( 'NONE',  ( 0.0000000000000000000, 0.0000000000000000000, -1.000000000000000000 ) ) ;
#1122 = AXIS2_PLACEMENT_3D ( 'NONE', #8369, #5963, #6707 ) ;
#1123 = EDGE_LOOP ( 'NONE', ( #3917, #2637, #1163, #832 ) ) ;
#1124 = EDGE_CURVE ( 'NONE', #8964, #7017, #3721, .T. ) ;
#1125 = CARTESIAN_POINT ( 'NONE',  ( 0.0000000000000000000, 8.749999999999998200, -9.624999999999998200 ) ) ;
#1126 = EDGE_CURVE ( 'NONE', #3455, #2568, #8085, .T. ) ;
#1127 = CARTESIAN_POINT ( 'NONE',  ( 20.00000000000000400, 4.792893218813453900, 19.75000000000000000 ) ) ;
#1128 = VECTOR ( 'NONE', #168, 1000.000000000000000 ) ;
#1129 = DIRECTION ( 'NONE',  ( 0.0000000000000000000, 0.0000000000000000000, -1.000000000000000000 ) ) ;
#1130 = CARTESIAN_POINT ( 'NONE',  ( -6.249999999999996400, 0.0000000000000000000, 20.00000000000000000 ) ) ;
#1131 = ORIENTED_EDGE ( 'NONE', *, *, #3321, .T. ) ;
#1132 = EDGE_CURVE ( 'NONE', #5051, #1308, #3255, .T. ) ;
#1133 = DIRECTION ( 'NONE',  ( 0.0000000000000000000, 0.0000000000000000000, -1.000000000000000000 ) ) ;
#1134 = FACE_OUTER_BOUND ( 'NONE', #2544, .T. ) ;
#1135 = EDGE_CURVE ( 'NONE', #3097, #4501, #4691, .T. ) ;
#1136 = DIRECTION ( 'NONE',  ( 0.0000000000000000000, 1.000000000000000000, -0.0000000000000000000 ) ) ;
#1137 = CARTESIAN_POINT ( 'NONE',  ( 1.783371450077659400, 2.344367139542236100, 0.3750000000000001100 ) ) ;
#1138 = ORIENTED_EDGE ( 'NONE', *, *, #4153, .T. ) ;
#1139 = DIRECTION ( 'NONE',  ( 0.0000000000000000000, 0.0000000000000000000, 1.000000000000000000 ) ) ;
#1140 = LINE ( 'NONE', #8200, #6460 ) ;
#1141 = AXIS2_PLACEMENT_3D ( 'NONE', #1460, #1425, #7471 ) ;
#1142 = CARTESIAN_POINT ( 'NONE',  ( 19.50000000000000400, 0.2500000000000000000, 20.00000000000000000 ) ) ;
#1143 = DIRECTION ( 'NONE',  ( 0.0000000000000000000, 0.0000000000000000000, 1.000000000000000000 ) ) ;
#1144 = EDGE_LOOP ( 'NONE', ( #5607, #623, #5096, #5656 ) ) ;
#1145 = CARTESIAN_POINT ( 'NONE',  ( -5.999999999999996400, 0.0000000000000000000, 20.00000000000000000 ) ) ;
#1146 = CARTESIAN_POINT ( 'NONE',  ( 2.000000000000000000, 5.499999999999998200, -10.10000000000000100 ) ) ;
#1147 = ADVANCED_FACE ( 'NONE', ( #6933 ), #80, .T. ) ;
#1148 = LINE ( 'NONE', #988, #3603 ) ;
#1149 = ORIENTED_EDGE ( 'NONE', *, *, #1658, .F. ) ;
#1150 = CARTESIAN_POINT ( 'NONE',  ( 4.750000000000002700, 6.792893218813461000, 20.00000000000000000 ) ) ;
#1151 = EDGE_CURVE ( 'NONE', #6920, #595, #7054, .T. ) ;
#1152 = FACE_BOUND ( 'NONE', #1278, .T. ) ;
#1153 = DIRECTION ( 'NONE',  ( 0.0000000000000000000, 0.0000000000000000000, 1.000000000000000000 ) ) ;
#1154 = AXIS2_PLACEMENT_3D ( 'NONE', #35, #4580, #59 ) ;
#1155 = DIRECTION ( 'NONE',  ( 0.0000000000000000000, 0.0000000000000000000, -1.000000000000000000 ) ) ;
#1156 = ORIENTED_EDGE ( 'NONE', *, *, #6764, .F. ) ;
#1157 = CIRCLE ( 'NONE', #2072, 0.2500000000000002200 ) ;
#1158 = AXIS2_PLACEMENT_3D ( 'NONE', #3707, #7649, #3920 ) ;
#1159 = EDGE_CURVE ( 'NONE', #1808, #3815, #5517, .T. ) ;
#1160 = DIRECTION ( 'NONE',  ( -1.000000000000000000, -8.673617379884004900E-016, 0.0000000000000000000 ) ) ;
#1161 = DIRECTION ( 'NONE',  ( 0.0000000000000000000, -0.0000000000000000000, -1.000000000000000000 ) ) ;
#1162 = DIRECTION ( 'NONE',  ( 0.0000000000000000000, 0.0000000000000000000, -1.000000000000000000 ) ) ;
#1163 = ORIENTED_EDGE ( 'NONE', *, *, #2030, .T. ) ;
#1164 = TOROIDAL_SURFACE ( 'NONE', #7525, 0.5000000000000000000, 0.2500000000000000000 ) ;
#1165 = SHAPE_DEFINITION_REPRESENTATION ( #1348, #1850 ) ;
#1166 = PERSON_AND_ORGANIZATION_ROLE ( 'creator' ) ;
#1167 = CIRCLE ( 'NONE', #3586, 0.2500000000000002200 ) ;
#1168 = DIRECTION ( 'NONE',  ( 0.0000000000000000000, 0.0000000000000000000, 1.000000000000000000 ) ) ;
#1169 = DIRECTION ( 'NONE',  ( 1.000000000000000000, 0.0000000000000000000, 0.0000000000000000000 ) ) ;
#1170 = AXIS2_PLACEMENT_3D ( 'NONE', #7913, #5574, #1843 ) ;
#1171 = ORIENTED_EDGE ( 'NONE', *, *, #6180, .T. ) ;
#1172 = FACE_OUTER_BOUND ( 'NONE', #9347, .T. ) ;
#1173 = VECTOR ( 'NONE', #4180, 1000.000000000000000 ) ;
#1174 = AXIS2_PLACEMENT_3D ( 'NONE', #9749, #670, #8102 ) ;
#1175 = ORIENTED_EDGE ( 'NONE', *, *, #3535, .F. ) ;
#1176 = EDGE_CURVE ( 'NONE', #6330, #465, #5872, .T. ) ;
#1177 = DIRECTION ( 'NONE',  ( 0.0000000000000000000, 0.0000000000000000000, -1.000000000000000000 ) ) ;
#1178 = CARTESIAN_POINT ( 'NONE',  ( -5.893211169802993900, 0.1319926310135606500, 0.1059093025722882600 ) ) ;
#1179 = CARTESIAN_POINT ( 'NONE',  ( 5.250000000000000000, 5.249999999999997300, -9.874999999999998200 ) ) ;
#1180 = EDGE_CURVE ( 'NONE', #7912, #8772, #665, .T. ) ;
#1181 = VERTEX_POINT ( 'NONE', #3868 ) ;
#1182 = CARTESIAN_POINT ( 'NONE',  ( 4.500000000000002700, 6.792893218813461900, 10.37500000000000000 ) ) ;
#1183 = ORIENTED_EDGE ( 'NONE', *, *, #2934, .T. ) ;
#1184 = FACE_OUTER_BOUND ( 'NONE', #941, .T. ) ;
#1185 = VECTOR ( 'NONE', #1705, 1000.000000000000000 ) ;
#1186 = CARTESIAN_POINT ( 'NONE',  ( 12.50000000000000000, 2.750000000000000900, -9.750000000000001800 ) ) ;
#1187 = EDGE_LOOP ( 'NONE', ( #313, #7662, #8957, #6995 ) ) ;
#1188 = B_SPLINE_CURVE_WITH_KNOTS ( 'NONE', 3,
 ( #3126, #3830, #8501, #981, #6149, #6192, #5461 ),
 .UNSPECIFIED., .F., .F.,
 ( 4, 3, 4 ),
 ( 0.0000000000000000000, 2.150758287828556100E-005, 3.827315050610561600E-005 ),
 .UNSPECIFIED. ) ;
#1189 = ORIENTED_EDGE ( 'NONE', *, *, #4952, .T. ) ;
#1190 = DIRECTION ( 'NONE',  ( 1.734723475976795500E-015, 1.000000000000000000, 0.0000000000000000000 ) ) ;
#1191 = ORIENTED_EDGE ( 'NONE', *, *, #6817, .F. ) ;
#1192 = CARTESIAN_POINT ( 'NONE',  ( 6.000000000000003600, -2.168404344971008900E-016, 20.00000000000000000 ) ) ;
#1193 = TOROIDAL_SURFACE ( 'NONE', #4560, 2.100000000000000100, 0.1000000000000000100 ) ;
#1194 = CARTESIAN_POINT ( 'NONE',  ( 12.50000000000000500, 5.500000000000005300, -12.50000000000000000 ) ) ;
#1195 = ORIENTED_EDGE ( 'NONE', *, *, #8068, .F. ) ;
#1196 = VECTOR ( 'NONE', #649, 1000.000000000000000 ) ;
#1197 = EDGE_LOOP ( 'NONE', ( #4393, #3670, #7301, #5118 ) ) ;
#1198 = ADVANCED_FACE ( 'NONE', ( #4097 ), #1864, .T. ) ;
#1199 = DIRECTION ( 'NONE',  ( 0.0000000000000000000, 0.0000000000000000000, -1.000000000000000000 ) ) ;
#1200 = DIRECTION ( 'NONE',  ( -1.000000000000000000, -3.469446951953611000E-015, 0.0000000000000000000 ) ) ;
#1201 = ORIENTED_EDGE ( 'NONE', *, *, #2767, .F. ) ;
#1202 = FACE_BOUND ( 'NONE', #5012, .T. ) ;
#1203 = AXIS2_PLACEMENT_3D ( 'NONE', #1699, #1757, #7803 ) ;
#1204 = CARTESIAN_POINT ( 'NONE',  ( -19.74999999999999600, 0.0000000000000000000, 20.00000000000000000 ) ) ;
#1205 = ORIENTED_EDGE ( 'NONE', *, *, #951, .F. ) ;
#1206 = ORIENTED_EDGE ( 'NONE', *, *, #4191, .F. ) ;
#1207 = ORIENTED_EDGE ( 'NONE', *, *, #2653, .F. ) ;
#1208 = CARTESIAN_POINT ( 'NONE',  ( -5.749999999999997300, 5.499999999999999100, -0.1250000000000001100 ) ) ;
#1209 = EDGE_LOOP ( 'NONE', ( #3272, #8889, #1950, #5172, #7510, #5762, #3086, #6367, #8538, #4709, #5047, #416, #3177, #9236, #6976, #7818, #4237, #9543, #7849, #4979, #3964 ) ) ;
#1210 = CIRCLE ( 'NONE', #3962, 0.2500000000000002200 ) ;
#1211 = DIRECTION ( 'NONE',  ( -1.000000000000000000, 0.0000000000000000000, 0.0000000000000000000 ) ) ;
#1212 = DIRECTION ( 'NONE',  ( 0.0000000000000000000, 0.0000000000000000000, 1.000000000000000000 ) ) ;
#1213 = ORIENTED_EDGE ( 'NONE', *, *, #6698, .F. ) ;
#1214 = ORIENTED_EDGE ( 'NONE', *, *, #4082, .T. ) ;
#1215 = AXIS2_PLACEMENT_3D ( 'NONE', #523, #2805, #8109 ) ;
#1216 = ORIENTED_EDGE ( 'NONE', *, *, #2060, .F. ) ;
#1217 = ORIENTED_EDGE ( 'NONE', *, *, #798, .F. ) ;
#1218 = DIRECTION ( 'NONE',  ( 0.7071067811865490200, -0.7071067811865460200, 0.0000000000000000000 ) ) ;
#1219 = CARTESIAN_POINT ( 'NONE',  ( 2.792893218813457400, 8.499999999999998200, 10.37500000000000000 ) ) ;
#1220 = AXIS2_PLACEMENT_3D ( 'NONE', #3128, #8943, #635 ) ;
#1221 = EDGE_CURVE ( 'NONE', #8980, #6265, #5398, .T. ) ;
#1222 = DIRECTION ( 'NONE',  ( 0.0000000000000000000, 0.0000000000000000000, 1.000000000000000000 ) ) ;
#1223 = CARTESIAN_POINT ( 'NONE',  ( -4.101061471818665500, 0.2500000000000001100, 9.750000000000000000 ) ) ;
#1224 = EDGE_LOOP ( 'NONE', ( #7120, #3680, #2266, #7266 ) ) ;
#1225 = EDGE_LOOP ( 'NONE', ( #8842, #3639, #1719, #146 ) ) ;
#1226 = DIRECTION ( 'NONE',  ( 0.0000000000000000000, 0.0000000000000000000, 1.000000000000000000 ) ) ;
#1227 = CIRCLE ( 'NONE', #8147, 0.2500000000000002200 ) ;
#1228 = LINE ( 'NONE', #3645, #4281 ) ;
#1229 = CARTESIAN_POINT ( 'NONE',  ( 6.000000000000003600, 0.2500000000000002200, 9.875000000000000000 ) ) ;
#1230 = CARTESIAN_POINT ( 'NONE',  ( 5.000000000000000000, 5.499999999999998200, 9.750000000000000000 ) ) ;
#1231 = DIRECTION ( 'NONE',  ( 0.0000000000000000000, -1.000000000000000000, 0.0000000000000000000 ) ) ;
#1232 = ORIENTED_EDGE ( 'NONE', *, *, #2829, .T. ) ;
#1233 = ORIENTED_EDGE ( 'NONE', *, *, #7875, .T. ) ;
#1234 = PLANE ( 'NONE',  #2023 ) ;
#1235 = EDGE_CURVE ( 'NONE', #8160, #3552, #9170, .T. ) ;
#1236 = CARTESIAN_POINT ( 'NONE',  ( 12.50000000000000000, 2.778606591926445500, -12.50000000000000000 ) ) ;
#1237 = FACE_OUTER_BOUND ( 'NONE', #265, .T. ) ;
#1238 = EDGE_LOOP ( 'NONE', ( #1077, #3435, #8219, #243 ) ) ;
#1239 = CARTESIAN_POINT ( 'NONE',  ( 1.330407161568939100E-016, 0.5000000000000004400, -19.75000000000000000 ) ) ;
#1240 = DIRECTION ( 'NONE',  ( 0.2588190451025159100, 0.9659258262890696400, 0.0000000000000000000 ) ) ;
#1241 =( BOUNDED_CURVE ( )  B_SPLINE_CURVE ( 3, ( #3056, #9176, #107, #6142 ),
 .UNSPECIFIED., .F., .F. ) 
 B_SPLINE_CURVE_WITH_KNOTS ( ( 4, 4 ),
 ( 4.712388980384687900, 5.313823981064580000 ),
 .UNSPECIFIED. ) 
 CURVE ( )  GEOMETRIC_REPRESENTATION_ITEM ( )  RATIONAL_B_SPLINE_CURVE ( ( 1.000000000000000000, 0.9700828049254921500, 0.9700828049254921500, 1.000000000000000000 ) ) 
 REPRESENTATION_ITEM ( '' )  );
#1242 = DIRECTION ( 'NONE',  ( -1.000000000000000000, 0.0000000000000000000, 2.891205793294680300E-016 ) ) ;
#1243 = ADVANCED_FACE ( 'NONE', ( #2664 ), #7633, .T. ) ;
#1244 = CIRCLE ( 'NONE', #4762, 0.5000000000000004400 ) ;
#1245 = DIRECTION ( 'NONE',  ( 1.000000000000000000, 0.0000000000000000000, -0.0000000000000000000 ) ) ;
#1246 = ORIENTED_EDGE ( 'NONE', *, *, #5141, .F. ) ;
#1247 = B_SPLINE_CURVE_WITH_KNOTS ( 'NONE', 3,
 ( #4313, #3593, #8810, #7399, #9579, #8881, #9612 ),
 .UNSPECIFIED., .F., .F.,
 ( 4, 3, 4 ),
 ( 1.790141971365948200E-018, 2.164174277804525300E-005, 3.840750802514841100E-005 ),
 .UNSPECIFIED. ) ;
#1248 = TOROIDAL_SURFACE ( 'NONE', #5388, 4.750000000000000000, 0.2500000000000000000 ) ;
#1249 = DIRECTION ( 'NONE',  ( 1.000000000000000000, 0.0000000000000000000, 0.0000000000000000000 ) ) ;
#1250 = EDGE_CURVE ( 'NONE', #277, #4622, #1148, .T. ) ;
#1251 = VERTEX_POINT ( 'NONE', #3973 ) ;
#1252 = DIRECTION ( 'NONE',  ( -1.000000000000000000, 0.0000000000000000000, 0.0000000000000000000 ) ) ;
#1253 = CARTESIAN_POINT ( 'NONE',  ( 5.250000000000000000, 5.249999999999997300, 20.00000000000000000 ) ) ;
#1254 = EDGE_CURVE ( 'NONE', #4480, #4461, #1618, .T. ) ;
#1255 = VECTOR ( 'NONE', #1000, 1000.000000000000000 ) ;
#1256 = CARTESIAN_POINT ( 'NONE',  ( 0.0000000000000000000, 0.0000000000000000000, 20.00000000000000000 ) ) ;
#1257 = ORIENTED_EDGE ( 'NONE', *, *, #4282, .T. ) ;
#1258 = TOROIDAL_SURFACE ( 'NONE', #7474, 0.2500000000000000000, 0.2500000000000000000 ) ;
#1259 = DIRECTION ( 'NONE',  ( 0.0000000000000000000, -1.000000000000000000, 0.0000000000000000000 ) ) ;
#1260 = DIRECTION ( 'NONE',  ( -1.000000000000000000, 0.0000000000000000000, 0.0000000000000000000 ) ) ;
#1261 = DIRECTION ( 'NONE',  ( 1.000000000000000000, 0.0000000000000000000, 0.0000000000000000000 ) ) ;
#1262 = ORIENTED_EDGE ( 'NONE', *, *, #2127, .F. ) ;
#1263 = CIRCLE ( 'NONE', #8278, 0.2500000000000002200 ) ;
#1264 = EDGE_LOOP ( 'NONE', ( #23, #7076, #1075, #6614 ) ) ;
#1265 = AXIS2_PLACEMENT_3D ( 'NONE', #157, #877, #115 ) ;
#1266 = CIRCLE ( 'NONE', #5374, 0.09999999999999999200 ) ;
#1267 = DIRECTION ( 'NONE',  ( 0.0000000000000000000, 0.0000000000000000000, 1.000000000000000000 ) ) ;
#1268 = CARTESIAN_POINT ( 'NONE',  ( -5.999999999999996400, 5.499999999999994700, -0.1250000000000001100 ) ) ;
#1269 = CARTESIAN_POINT ( 'NONE',  ( -19.74999999999999600, 0.5000000000000000000, 20.00000000000000000 ) ) ;
#1270 = AXIS2_PLACEMENT_3D ( 'NONE', #8083, #1245, #7364 ) ;
#1271 = EDGE_CURVE ( 'NONE', #335, #2509, #8808, .T. ) ;
#1272 = VERTEX_POINT ( 'NONE', #6267 ) ;
#1273 = LINE ( 'NONE', #8178, #7308 ) ;
#1274 = CARTESIAN_POINT ( 'NONE',  ( -5.905669631949039400, 0.02527574594098365400, 0.3373099257821338700 ) ) ;
#1275 = EDGE_LOOP ( 'NONE', ( #3166, #7237, #8664, #1318 ) ) ;
#1276 = AXIS2_PLACEMENT_3D ( 'NONE', #6837, #3833, #9120 ) ;
#1277 = CARTESIAN_POINT ( 'NONE',  ( 4.750000000000002700, 7.000000000000008000, -19.75000000000000000 ) ) ;
#1278 = EDGE_LOOP ( 'NONE', ( #1441, #1214 ) ) ;
#1279 = VECTOR ( 'NONE', #7919, 1000.000000000000000 ) ;
#1280 = LINE ( 'NONE', #2035, #3165 ) ;
#1281 = ORIENTED_EDGE ( 'NONE', *, *, #862, .F. ) ;
#1282 = DIRECTION ( 'NONE',  ( 0.0000000000000000000, 0.0000000000000000000, 1.000000000000000000 ) ) ;
#1283 = VERTEX_POINT ( 'NONE', #7719 ) ;
#1284 = EDGE_CURVE ( 'NONE', #4045, #5054, #9417, .T. ) ;
#1285 = ADVANCED_FACE ( 'NONE', ( #8597 ), #3266, .T. ) ;
#1286 = DIRECTION ( 'NONE',  ( 0.0000000000000000000, 0.0000000000000000000, 1.000000000000000000 ) ) ;
#1287 = DIRECTION ( 'NONE',  ( -0.0000000000000000000, -0.0000000000000000000, 1.000000000000000000 ) ) ;
#1288 = EDGE_CURVE ( 'NONE', #6306, #9202, #554, .T. ) ;
#1289 = ORIENTED_EDGE ( 'NONE', *, *, #4576, .T. ) ;
#1290 = CIRCLE ( 'NONE', #8790, 0.2500000000000002200 ) ;
#1291 = FACE_OUTER_BOUND ( 'NONE', #8457, .T. ) ;
#1292 = DIRECTION ( 'NONE',  ( -1.000000000000000000, 0.0000000000000000000, 0.0000000000000000000 ) ) ;
#1293 = EDGE_LOOP ( 'NONE', ( #4934, #908, #9717, #4271 ) ) ;
#1294 = DIRECTION ( 'NONE',  ( -1.000000000000000000, 0.0000000000000000000, 0.0000000000000000000 ) ) ;
#1295 = ORIENTED_EDGE ( 'NONE', *, *, #1254, .T. ) ;
#1296 = CARTESIAN_POINT ( 'NONE',  ( 4.500000000000002700, 6.792893218813461900, -10.24999999999999800 ) ) ;
#1297 = EDGE_CURVE ( 'NONE', #626, #1662, #6361, .T. ) ;
#1298 = AXIS2_PLACEMENT_3D ( 'NONE', #3168, #2424, #8448 ) ;
#1299 = DIRECTION ( 'NONE',  ( 1.000000000000000000, -0.0000000000000000000, 0.0000000000000000000 ) ) ;
#1300 = LINE ( 'NONE', #1733, #7094 ) ;
#1301 = EDGE_CURVE ( 'NONE', #8403, #9731, #8352, .T. ) ;
#1302 = ORIENTED_EDGE ( 'NONE', *, *, #7198, .F. ) ;
#1303 = LINE ( 'NONE', #5145, #2363 ) ;
#1304 = EDGE_CURVE ( 'NONE', #4511, #9008, #2774, .T. ) ;
#1305 = ORIENTED_EDGE ( 'NONE', *, *, #9124, .T. ) ;
#1306 = ORIENTED_EDGE ( 'NONE', *, *, #2859, .T. ) ;
#1307 = TOROIDAL_SURFACE ( 'NONE', #6956, 2.849999999999998300, 0.1000000000000000100 ) ;
#1308 = VERTEX_POINT ( 'NONE', #848 ) ;
#1309 = DIRECTION ( 'NONE',  ( 0.0000000000000000000, 0.0000000000000000000, 1.000000000000000000 ) ) ;
#1310 = LINE ( 'NONE', #8675, #964 ) ;
#1311 = CARTESIAN_POINT ( 'NONE',  ( 6.250000000000003600, 5.249999999999997300, -10.12499999999999800 ) ) ;
#1312 = EDGE_LOOP ( 'NONE', ( #2733, #8019, #4867, #1431 ) ) ;
#1313 = CIRCLE ( 'NONE', #6543, 0.2500000000000002200 ) ;
#1314 = VERTEX_POINT ( 'NONE', #7854 ) ;
#1315 = ORIENTED_EDGE ( 'NONE', *, *, #1848, .T. ) ;
#1316 = CIRCLE ( 'NONE', #2585, 0.2500000000000002200 ) ;
#1317 = DIRECTION ( 'NONE',  ( 0.0000000000000000000, 0.0000000000000000000, 1.000000000000000000 ) ) ;
#1318 = ORIENTED_EDGE ( 'NONE', *, *, #3940, .F. ) ;
#1319 = ORIENTED_EDGE ( 'NONE', *, *, #7934, .F. ) ;
#1320 = DIRECTION ( 'NONE',  ( 0.0000000000000000000, 0.0000000000000000000, 1.000000000000000000 ) ) ;
#1321 = CARTESIAN_POINT ( 'NONE',  ( -5.796497433456090100, 0.05452834836309813900, 9.750000000000000000 ) ) ;
#1322 = EDGE_LOOP ( 'NONE', ( #1305, #6799, #8847, #2262 ) ) ;
#1323 = AXIS2_PLACEMENT_3D ( 'NONE', #380, #3394, #4896 ) ;
#1324 = VERTEX_POINT ( 'NONE', #1868 ) ;
#1325 = TOROIDAL_SURFACE ( 'NONE', #5144, 4.750000000000000000, 0.2500000000000000000 ) ;
#1326 = DIRECTION ( 'NONE',  ( 0.0000000000000000000, 0.0000000000000000000, 1.000000000000000000 ) ) ;
#1327 = CARTESIAN_POINT ( 'NONE',  ( 5.903882009040912300, 0.2433412231059217100, 10.07202874737848000 ) ) ;
#1328 = AXIS2_PLACEMENT_3D ( 'NONE', #5035, #531, #5684 ) ;
#1329 = ORIENTED_EDGE ( 'NONE', *, *, #2583, .T. ) ;
#1330 = ORIENTED_EDGE ( 'NONE', *, *, #3633, .T. ) ;
#1331 = EDGE_CURVE ( 'NONE', #2274, #9338, #6107, .T. ) ;
#1332 = CARTESIAN_POINT ( 'NONE',  ( -5.957230827270175900, 0.01145996529388426000, -10.09695989333865300 ) ) ;
#1333 = FACE_OUTER_BOUND ( 'NONE', #6503, .T. ) ;
#1334 = CIRCLE ( 'NONE', #6242, 1.499999999999984000 ) ;
#1335 = DIRECTION ( 'NONE',  ( -1.000000000000000000, 0.0000000000000000000, 0.0000000000000000000 ) ) ;
#1336 = CARTESIAN_POINT ( 'NONE',  ( -6.249999999999996400, 0.0000000000000000000, 20.00000000000000000 ) ) ;
#1337 = CARTESIAN_POINT ( 'NONE',  ( 17.72024298127239600, 5.467267279399639100, -12.50000000000000000 ) ) ;
#1338 = ADVANCED_FACE ( 'NONE', ( #4100 ), #6095, .T. ) ;
#1339 = AXIS2_PLACEMENT_3D ( 'NONE', #3237, #1554, #6034 ) ;
#1340 = DIRECTION ( 'NONE',  ( 0.9659258262890697600, -0.2588190451025158000, -1.346938420707701800E-015 ) ) ;
#1341 = ORIENTED_EDGE ( 'NONE', *, *, #538, .T. ) ;
#1342 = ORIENTED_EDGE ( 'NONE', *, *, #1487, .F. ) ;
#1343 = DIRECTION ( 'NONE',  ( 0.0000000000000000000, -0.0000000000000000000, -1.000000000000000000 ) ) ;
#1344 = LINE ( 'NONE', #5641, #1708 ) ;
#1345 = AXIS2_PLACEMENT_3D ( 'NONE', #251, #7016, #4798 ) ;
#1346 = EDGE_CURVE ( 'NONE', #5841, #8493, #1610, .T. ) ;
#1347 = DIRECTION ( 'NONE',  ( 0.0000000000000000000, 0.0000000000000000000, -1.000000000000000000 ) ) ;
#1348 = PRODUCT_DEFINITION_SHAPE ( 'NONE', 'NONE',  #178 ) ;
#1349 = VERTEX_POINT ( 'NONE', #8583 ) ;
#1350 = DIRECTION ( 'NONE',  ( 0.0000000000000000000, 0.0000000000000000000, -1.000000000000000000 ) ) ;
#1351 = VECTOR ( 'NONE', #657, 1000.000000000000000 ) ;
#1352 = CARTESIAN_POINT ( 'NONE',  ( 0.0000000000000000000, 0.7500000000000006700, 10.12500000000000000 ) ) ;
#1353 = AXIS2_PLACEMENT_3D ( 'NONE', #1467, #5960, #2959 ) ;
#1354 = AXIS2_PLACEMENT_3D ( 'NONE', #6301, #3906, #158 ) ;
#1355 = CARTESIAN_POINT ( 'NONE',  ( 5.000000000000000000, 5.499999999999998200, 20.00000000000000000 ) ) ;
#1356 = ORIENTED_EDGE ( 'NONE', *, *, #2257, .F. ) ;
#1357 = EDGE_CURVE ( 'NONE', #7165, #3614, #5279, .T. ) ;
#1358 = DIRECTION ( 'NONE',  ( 1.000000000000000000, 0.0000000000000000000, 0.0000000000000000000 ) ) ;
#1359 = EDGE_CURVE ( 'NONE', #4408, #7723, #8606, .T. ) ;
#1360 = DIRECTION ( 'NONE',  ( 0.0000000000000000000, 0.0000000000000000000, -1.000000000000000000 ) ) ;
#1361 = CYLINDRICAL_SURFACE ( 'NONE', #1520, 0.2500000000000003300 ) ;
#1362 = DIRECTION ( 'NONE',  ( 0.7071067811865458000, 0.7071067811865492400, 0.0000000000000000000 ) ) ;
#1363 = CARTESIAN_POINT ( 'NONE',  ( -2.969669914110092200, 8.676776695296633000, 0.3750000000000001100 ) ) ;
#1364 = ORIENTED_EDGE ( 'NONE', *, *, #5859, .T. ) ;
#1365 = CARTESIAN_POINT ( 'NONE',  ( 4.101061471818666400, 0.5000000000000001100, -0.2500000000000000000 ) ) ;
#1366 = CARTESIAN_POINT ( 'NONE',  ( -19.49999999999999600, 4.792893218813452100, 20.00000000000000000 ) ) ;
#1367 = DIRECTION ( 'NONE',  ( -1.000000000000000000, 0.0000000000000000000, 0.0000000000000000000 ) ) ;
#1368 = CIRCLE ( 'NONE', #269, 2.100000000000000100 ) ;
#1369 = CARTESIAN_POINT ( 'NONE',  ( -5.000000000000000000, 5.500000000000000900, 20.00000000000000000 ) ) ;
#1370 = ORIENTED_EDGE ( 'NONE', *, *, #7203, .T. ) ;
#1371 = ORIENTED_EDGE ( 'NONE', *, *, #6792, .T. ) ;
#1372 = CARTESIAN_POINT ( 'NONE',  ( -4.750000000000000900, 6.792893218813454800, 19.75000000000000000 ) ) ;
#1373 = VECTOR ( 'NONE', #2467, 1000.000000000000000 ) ;
#1374 = VERTEX_POINT ( 'NONE', #4833 ) ;
#1375 = CIRCLE ( 'NONE', #7657, 0.5000000000000004400 ) ;
#1376 = AXIS2_PLACEMENT_3D ( 'NONE', #9696, #628, #8211 ) ;
#1377 = ADVANCED_FACE ( 'NONE', ( #8104 ), #2079, .F. ) ;
#1378 = DIRECTION ( 'NONE',  ( -2.891205793294680300E-016, -0.0000000000000000000, -1.000000000000000000 ) ) ;
#1379 = CARTESIAN_POINT ( 'NONE',  ( 19.50000000000000400, 0.2500000000000000000, 20.00000000000000000 ) ) ;
#1380 = ORIENTED_EDGE ( 'NONE', *, *, #2446, .T. ) ;
#1381 = FACE_OUTER_BOUND ( 'NONE', #8268, .T. ) ;
#1382 = APPROVAL_DATE_TIME ( #9656, #1462 ) ;
#1383 = AXIS2_PLACEMENT_3D ( 'NONE', #5268, #750, #27 ) ;
#1384 = CARTESIAN_POINT ( 'NONE',  ( -12.50000000000000000, 2.711339312526813900, 15.25000000000000000 ) ) ;
#1385 = DIRECTION ( 'NONE',  ( -0.7071067811865536800, -0.7071067811865414700, 0.0000000000000000000 ) ) ;
#1386 = CARTESIAN_POINT ( 'NONE',  ( -12.50000000000000000, 2.711339312526813900, -9.650000000000002100 ) ) ;
#1387 = AXIS2_PLACEMENT_3D ( 'NONE', #5531, #1019, #5243 ) ;
#1388 = EDGE_LOOP ( 'NONE', ( #2806, #9042, #7585, #4128, #4384, #4427, #5097, #8537, #6497, #7265, #1531, #3382, #510 ) ) ;
#1389 = LINE ( 'NONE', #1783, #6112 ) ;
#1390 = LINE ( 'NONE', #3634, #3156 ) ;
#1391 = CARTESIAN_POINT ( 'NONE',  ( -2.000000000000000000, 5.499999999999998200, 20.00000000000000000 ) ) ;
#1392 = DIRECTION ( 'NONE',  ( 0.7071067811865458000, 0.7071067811865492400, 0.0000000000000000000 ) ) ;
#1393 = CARTESIAN_POINT ( 'NONE',  ( -12.50000000000000000, 0.1000000000000000100, -12.50000000000000000 ) ) ;
#1394 = CARTESIAN_POINT ( 'NONE',  ( -4.770489558936197400E-015, 5.499999999999993800, 10.37500000000000000 ) ) ;
#1395 = CIRCLE ( 'NONE', #6752, 0.2500000000000002200 ) ;
#1396 = VERTEX_POINT ( 'NONE', #9454 ) ;
#1397 = CARTESIAN_POINT ( 'NONE',  ( -6.249999999999996400, 5.249999999999996400, -9.749999999999998200 ) ) ;
#1398 = EDGE_CURVE ( 'NONE', #520, #5211, #4091, .T. ) ;
#1399 = DIRECTION ( 'NONE',  ( -0.0000000000000000000, 0.0000000000000000000, 1.000000000000000000 ) ) ;
#1400 = VERTEX_POINT ( 'NONE', #1837 ) ;
#1401 = FACE_OUTER_BOUND ( 'NONE', #2107, .T. ) ;
#1402 = FACE_OUTER_BOUND ( 'NONE', #6849, .T. ) ;
#1403 = DIRECTION ( 'NONE',  ( 1.000000000000000000, 0.0000000000000000000, -0.0000000000000000000 ) ) ;
#1404 = EDGE_LOOP ( 'NONE', ( #947, #2000, #5746, #8060 ) ) ;
#1405 = ORIENTED_EDGE ( 'NONE', *, *, #1923, .F. ) ;
#1406 = CARTESIAN_POINT ( 'NONE',  ( 20.00000000000000400, 0.0000000000000000000, 20.00000000000000000 ) ) ;
#1407 = VERTEX_POINT ( 'NONE', #1020 ) ;
#1408 = CARTESIAN_POINT ( 'NONE',  ( -5.999999999999996400, 5.499999999999994700, 10.25000000000000000 ) ) ;
#1409 = ORIENTED_EDGE ( 'NONE', *, *, #3570, .F. ) ;
#1410 = LINE ( 'NONE', #667, #821 ) ;
#1411 = CIRCLE ( 'NONE', #1606, 0.2500000000000002200 ) ;
#1412 = AXIS2_PLACEMENT_3D ( 'NONE', #9117, #45, #6114 ) ;
#1413 = DIRECTION ( 'NONE',  ( 0.0000000000000000000, -1.000000000000000000, 0.0000000000000000000 ) ) ;
#1414 = EDGE_LOOP ( 'NONE', ( #7058, #8387, #2839, #9584 ) ) ;
#1415 = EDGE_CURVE ( 'NONE', #1272, #7983, #5030, .T. ) ;
#1416 = CARTESIAN_POINT ( 'NONE',  ( 2.792893218813457400, 8.499999999999998200, 19.75000000000000000 ) ) ;
#1417 = CARTESIAN_POINT ( 'NONE',  ( 2.792893218813457400, 8.499999999999998200, -10.24999999999999800 ) ) ;
#1418 = EDGE_CURVE ( 'NONE', #5263, #3353, #1033, .T. ) ;
#1419 = EDGE_LOOP ( 'NONE', ( #4173, #1680, #357, #5072 ) ) ;
#1420 = VECTOR ( 'NONE', #3007, 1000.000000000000000 ) ;
#1421 = ORIENTED_EDGE ( 'NONE', *, *, #540, .F. ) ;
#1422 = DIRECTION ( 'NONE',  ( -0.7071067811865450200, -0.7071067811865501300, 0.0000000000000000000 ) ) ;
#1423 = CARTESIAN_POINT ( 'NONE',  ( -5.999999999999996400, 0.0000000000000000000, 19.75000000000000000 ) ) ;
#1424 = FACE_BOUND ( 'NONE', #4644, .T. ) ;
#1425 = DIRECTION ( 'NONE',  ( -0.0000000000000000000, -0.0000000000000000000, 1.000000000000000000 ) ) ;
#1426 = ORIENTED_EDGE ( 'NONE', *, *, #1767, .F. ) ;
#1427 = FACE_OUTER_BOUND ( 'NONE', #4632, .T. ) ;
#1428 = ORIENTED_EDGE ( 'NONE', *, *, #9043, .F. ) ;
#1429 = CARTESIAN_POINT ( 'NONE',  ( 1.330407161568939100E-016, 0.7499999999999975600, 9.750000000000000000 ) ) ;
#1430 = EDGE_CURVE ( 'NONE', #2513, #3054, #3004, .T. ) ;
#1431 = ORIENTED_EDGE ( 'NONE', *, *, #4805, .T. ) ;
#1432 = LINE ( 'NONE', #772, #3790 ) ;
#1433 = DIRECTION ( 'NONE',  ( -0.0000000000000000000, -0.0000000000000000000, 1.000000000000000000 ) ) ;
#1434 = AXIS2_PLACEMENT_3D ( 'NONE', #2593, #1818, #6998 ) ;
#1435 = EDGE_CURVE ( 'NONE', #6963, #5907, #67, .T. ) ;
#1436 = DIRECTION ( 'NONE',  ( 0.7071067811865466800, 0.7071067811865483500, 0.0000000000000000000 ) ) ;
#1437 = CARTESIAN_POINT ( 'NONE',  ( 5.989959552787909500, 0.002690329722127574700, -0.1464588953929464900 ) ) ;
#1438 = ADVANCED_FACE ( 'NONE', ( #7877 ), #330, .T. ) ;
#1439 = VERTEX_POINT ( 'NONE', #2670 ) ;
#1440 = EDGE_LOOP ( 'NONE', ( #929, #3428 ) ) ;
#1441 = ORIENTED_EDGE ( 'NONE', *, *, #6363, .T. ) ;
#1442 = VERTEX_POINT ( 'NONE', #5783 ) ;
#1443 = FACE_OUTER_BOUND ( 'NONE', #6145, .T. ) ;
#1444 = EDGE_CURVE ( 'NONE', #3861, #5078, #2565, .T. ) ;
#1445 = DIRECTION ( 'NONE',  ( 0.0000000000000000000, 0.0000000000000000000, 1.000000000000000000 ) ) ;
#1446 = EDGE_CURVE ( 'NONE', #5209, #2198, #6347, .T. ) ;
#1447 = ORIENTED_EDGE ( 'NONE', *, *, #8335, .F. ) ;
#1448 = VERTEX_POINT ( 'NONE', #3569 ) ;
#1449 = ORIENTED_EDGE ( 'NONE', *, *, #1549, .F. ) ;
#1450 = CARTESIAN_POINT ( 'NONE',  ( -2.792893218813456500, 8.749999999999998200, 10.00000000000000000 ) ) ;
#1451 = VERTEX_POINT ( 'NONE', #6552 ) ;
#1452 = CIRCLE ( 'NONE', #8122, 0.2499999999999997200 ) ;
#1453 = CARTESIAN_POINT ( 'NONE',  ( 5.886158196241061600, 0.1904008895928240900, 10.08476710568666100 ) ) ;
#1454 = EDGE_LOOP ( 'NONE', ( #2471, #3850, #3563, #3823 ) ) ;
#1455 = AXIS2_PLACEMENT_3D ( 'NONE', #1548, #8386, #9139 ) ;
#1456 = ORIENTED_EDGE ( 'NONE', *, *, #2748, .F. ) ;
#1457 = DIRECTION ( 'NONE',  ( -1.000000000000000000, -3.469446951953611000E-015, 0.0000000000000000000 ) ) ;
#1458 = DIRECTION ( 'NONE',  ( 1.224646799147353200E-016, 1.062211776130380000E-031, 1.000000000000000000 ) ) ;
#1459 = LINE ( 'NONE', #1192, #8072 ) ;
#1460 = CARTESIAN_POINT ( 'NONE',  ( -2.792893218813456500, 8.499999999999998200, -9.624999999999998200 ) ) ;
#1461 = CYLINDRICAL_SURFACE ( 'NONE', #5724, 2.749999999999999100 ) ;
#1462 = APPROVAL ( #2551, 'UNSPECIFIED' ) ;
#1463 = EDGE_CURVE ( 'NONE', #5869, #4511, #2319, .T. ) ;
#1464 = EDGE_LOOP ( 'NONE', ( #2347, #1380, #4272, #2 ) ) ;
#1465 = CARTESIAN_POINT ( 'NONE',  ( 12.50000000000000000, 0.0000000000000000000, -15.25000000000000000 ) ) ;
#1466 = ORIENTED_EDGE ( 'NONE', *, *, #7561, .T. ) ;
#1467 = CARTESIAN_POINT ( 'NONE',  ( 1.330407161568939100E-016, 5.499999999999998200, 20.00000000000000000 ) ) ;
#1468 = CIRCLE ( 'NONE', #1798, 2.100000000000000100 ) ;
#1469 = AXIS2_PLACEMENT_3D ( 'NONE', #1754, #5554, #3285 ) ;
#1470 = EDGE_LOOP ( 'NONE', ( #7953, #2691, #5816, #9646 ) ) ;
#1471 = DIRECTION ( 'NONE',  ( 1.000000000000000000, -0.0000000000000000000, 0.0000000000000000000 ) ) ;
#1472 = AXIS2_PLACEMENT_3D ( 'NONE', #408, #7248, #9487 ) ;
#1473 = DIRECTION ( 'NONE',  ( 0.0000000000000000000, 0.0000000000000000000, -1.000000000000000000 ) ) ;
#1474 = EDGE_CURVE ( 'NONE', #3446, #7215, #8114, .T. ) ;
#1475 = LINE ( 'NONE', #647, #8207 ) ;
#1476 = DIRECTION ( 'NONE',  ( -8.673617379884004900E-016, 1.000000000000000000, -0.0000000000000000000 ) ) ;
#1477 = VERTEX_POINT ( 'NONE', #8846 ) ;
#1478 = ADVANCED_FACE ( 'NONE', ( #6801 ), #5387, .T. ) ;
#1479 = DIRECTION ( 'NONE',  ( 1.000000000000000000, 0.0000000000000000000, 0.0000000000000000000 ) ) ;
#1480 = CARTESIAN_POINT ( 'NONE',  ( 12.50000000000000000, 2.711339312526813900, -12.50000000000000000 ) ) ;
#1481 = LINE ( 'NONE', #8531, #7046 ) ;
#1482 = EDGE_CURVE ( 'NONE', #6853, #1079, #9054, .T. ) ;
#1483 = AXIS2_PLACEMENT_3D ( 'NONE', #807, #10, #6012 ) ;
#1484 = EDGE_CURVE ( 'NONE', #2154, #5455, #9409, .T. ) ;
#1485 = DIRECTION ( 'NONE',  ( 0.0000000000000000000, 0.0000000000000000000, 1.000000000000000000 ) ) ;
#1486 = ORIENTED_EDGE ( 'NONE', *, *, #5728, .T. ) ;
#1487 = EDGE_CURVE ( 'NONE', #874, #277, #4551, .T. ) ;
#1488 = DIRECTION ( 'NONE',  ( 1.000000000000000000, 0.0000000000000000000, 0.0000000000000000000 ) ) ;
#1489 = CIRCLE ( 'NONE', #631, 0.5000000000000000000 ) ;
#1490 = CYLINDRICAL_SURFACE ( 'NONE', #61, 0.2500000000000000000 ) ;
#1491 = DIRECTION ( 'NONE',  ( 0.0000000000000000000, 1.000000000000000000, 0.0000000000000000000 ) ) ;
#1492 = DIRECTION ( 'NONE',  ( 1.000000000000000000, 0.0000000000000000000, 0.0000000000000000000 ) ) ;
#1493 = CARTESIAN_POINT ( 'NONE',  ( -4.676776695296635600, 6.969669914110090400, 19.75000000000000000 ) ) ;
#1494 = CARTESIAN_POINT ( 'NONE',  ( 7.279757018727605300, 5.467267279399631100, -12.50000000000000000 ) ) ;
#1495 = DIRECTION ( 'NONE',  ( 0.0000000000000000000, 0.0000000000000000000, 1.000000000000000000 ) ) ;
#1496 = CARTESIAN_POINT ( 'NONE',  ( 5.993871159241448000, 0.001642217931794822600, -9.722625181734512600 ) ) ;
#1497 = VERTEX_POINT ( 'NONE', #8758 ) ;
#1498 = LINE ( 'NONE', #3685, #6241 ) ;
#1499 = CARTESIAN_POINT ( 'NONE',  ( 1.330407161568939100E-016, 5.499999999999998200, 10.00000000000000000 ) ) ;
#1500 = FACE_OUTER_BOUND ( 'NONE', #4503, .T. ) ;
#1501 = DIRECTION ( 'NONE',  ( 0.0000000000000000000, 0.0000000000000000000, -1.000000000000000000 ) ) ;
#1502 = CARTESIAN_POINT ( 'NONE',  ( 5.250000000000000000, 5.749999999999998200, -0.2500000000000002200 ) ) ;
#1503 = ORIENTED_EDGE ( 'NONE', *, *, #3646, .F. ) ;
#1504 = FACE_OUTER_BOUND ( 'NONE', #6315, .T. ) ;
#1505 = PERSON_AND_ORGANIZATION ( #8779, #7896 ) ;
#1506 = AXIS2_PLACEMENT_3D ( 'NONE', #2815, #3460, #1282 ) ;
#1507 = DIRECTION ( 'NONE',  ( 0.0000000000000000000, 0.0000000000000000000, -1.000000000000000000 ) ) ;
#1508 = TOROIDAL_SURFACE ( 'NONE', #6198, 0.2500000000000000000, 0.2500000000000000000 ) ;
#1509 = DIRECTION ( 'NONE',  ( 0.0000000000000000000, -1.000000000000000000, -0.0000000000000000000 ) ) ;
#1510 = ADVANCED_FACE ( 'NONE', ( #1854 ), #5626, .T. ) ;
#1511 = AXIS2_PLACEMENT_3D ( 'NONE', #3760, #1703, #7636 ) ;
#1512 = EDGE_CURVE ( 'NONE', #4334, #1588, #3363, .T. ) ;
#1513 = DIRECTION ( 'NONE',  ( 0.0000000000000000000, 0.0000000000000000000, 1.000000000000000000 ) ) ;
#1514 = ORIENTED_EDGE ( 'NONE', *, *, #8449, .T. ) ;
#1515 = CIRCLE ( 'NONE', #6579, 0.2500000000000002200 ) ;
#1516 = FACE_OUTER_BOUND ( 'NONE', #5206, .T. ) ;
#1517 = CARTESIAN_POINT ( 'NONE',  ( 2.792893218813457400, 8.749999999999998200, -9.874999999999998200 ) ) ;
#1518 = ORIENTED_EDGE ( 'NONE', *, *, #927, .T. ) ;
#1519 = ORIENTED_EDGE ( 'NONE', *, *, #7753, .F. ) ;
#1520 = AXIS2_PLACEMENT_3D ( 'NONE', #6178, #5553, #3151 ) ;
#1521 = CARTESIAN_POINT ( 'NONE',  ( 6.250000000000003600, 0.2500000000000000000, 9.875000000000000000 ) ) ;
#1522 = DIRECTION ( 'NONE',  ( -0.0000000000000000000, -1.000000000000000000, -0.0000000000000000000 ) ) ;
#1523 = CARTESIAN_POINT ( 'NONE',  ( 4.101061471818666400, 0.2500000000000002200, -9.624999999999998200 ) ) ;
#1524 = ORIENTED_EDGE ( 'NONE', *, *, #3306, .F. ) ;
#1525 = VECTOR ( 'NONE', #6345, 1000.000000000000000 ) ;
#1526 = LINE ( 'NONE', #2311, #2698 ) ;
#1527 = CARTESIAN_POINT ( 'NONE',  ( 1.330407161568939100E-016, 5.499999999999998200, 0.1250000000000001100 ) ) ;
#1528 = VERTEX_POINT ( 'NONE', #2731 ) ;
#1529 = ADVANCED_FACE ( 'NONE', ( #1500 ), #3013, .T. ) ;
#1530 = AXIS2_PLACEMENT_3D ( 'NONE', #940, #6979, #1834 ) ;
#1531 = ORIENTED_EDGE ( 'NONE', *, *, #1284, .T. ) ;
#1532 = EDGE_CURVE ( 'NONE', #1407, #9665, #6572, .T. ) ;
#1533 = DIRECTION ( 'NONE',  ( 0.0000000000000000000, 0.0000000000000000000, -1.000000000000000000 ) ) ;
#1534 = CARTESIAN_POINT ( 'NONE',  ( 1.323223304703357900, 10.32322330470336300, 10.12500000000000000 ) ) ;
#1535 = LINE ( 'NONE', #9293, #3771 ) ;
#1536 = DIRECTION ( 'NONE',  ( 1.000000000000000000, 0.0000000000000000000, -0.0000000000000000000 ) ) ;
#1537 = EDGE_LOOP ( 'NONE', ( #7033, #3437, #2012, #7920, #2856 ) ) ;
#1538 = FACE_OUTER_BOUND ( 'NONE', #4321, .T. ) ;
#1539 = DIRECTION ( 'NONE',  ( 0.0000000000000000000, -1.000000000000000000, 0.0000000000000000000 ) ) ;
#1540 = VERTEX_POINT ( 'NONE', #3433 ) ;
#1541 = DIRECTION ( 'NONE',  ( -1.000000000000000000, -0.0000000000000000000, 2.891205793294680300E-016 ) ) ;
#1542 = ORIENTED_EDGE ( 'NONE', *, *, #9576, .T. ) ;
#1543 = LINE ( 'NONE', #338, #4030 ) ;
#1544 = ORIENTED_EDGE ( 'NONE', *, *, #7918, .F. ) ;
#1545 = AXIS2_PLACEMENT_3D ( 'NONE', #4609, #713, #2260 ) ;
#1546 = CARTESIAN_POINT ( 'NONE',  ( -6.249999999999996400, 5.249999999999996400, -0.1250000000000001100 ) ) ;
#1547 = AXIS2_PLACEMENT_3D ( 'NONE', #8949, #2890, #8201 ) ;
#1548 = CARTESIAN_POINT ( 'NONE',  ( 1.330407161568939100E-016, 5.499999999999998200, -9.624999999999998200 ) ) ;
#1549 = EDGE_CURVE ( 'NONE', #4664, #7457, #1266, .T. ) ;
#1550 = CARTESIAN_POINT ( 'NONE',  ( -5.000000000000000000, 5.750000000000000000, 20.00000000000000000 ) ) ;
#1551 = ORIENTED_EDGE ( 'NONE', *, *, #3854, .F. ) ;
#1552 = CIRCLE ( 'NONE', #1986, 0.5000000000000000000 ) ;
#1553 = EDGE_CURVE ( 'NONE', #3808, #6128, #2765, .T. ) ;
#1554 = DIRECTION ( 'NONE',  ( -2.891205793294680300E-016, -0.0000000000000000000, -1.000000000000000000 ) ) ;
#1555 = VERTEX_POINT ( 'NONE', #6458 ) ;
#1556 = ORIENTED_EDGE ( 'NONE', *, *, #903, .F. ) ;
#1557 = CYLINDRICAL_SURFACE ( 'NONE', #8592, 0.2500000000000002200 ) ;
#1558 = CARTESIAN_POINT ( 'NONE',  ( 4.853553390593274800, 7.146446609406734900, 9.750000000000000000 ) ) ;
#1559 = DIRECTION ( 'NONE',  ( 1.000000000000000000, 0.0000000000000000000, 0.0000000000000000000 ) ) ;
#1560 = CARTESIAN_POINT ( 'NONE',  ( -5.000000000000000000, 5.750000000000000000, -10.24999999999999800 ) ) ;
#1561 = EDGE_LOOP ( 'NONE', ( #6809, #5922, #2864, #3325 ) ) ;
#1562 = ORIENTED_EDGE ( 'NONE', *, *, #6005, .F. ) ;
#1563 = ORIENTED_EDGE ( 'NONE', *, *, #1002, .T. ) ;
#1564 = CARTESIAN_POINT ( 'NONE',  ( 2.100000000000000100, 5.499999999999998200, 19.90000000000000200 ) ) ;
#1565 = VERTEX_POINT ( 'NONE', #6696 ) ;
#1566 = CYLINDRICAL_SURFACE ( 'NONE', #4899, 0.2500000000000002200 ) ;
#1567 = DIRECTION ( 'NONE',  ( 0.7071067811865474600, 0.7071067811865474600, -0.0000000000000000000 ) ) ;
#1568 = CARTESIAN_POINT ( 'NONE',  ( 2.100000000000000100, 5.499999999999998200, 0.1249999999999998200 ) ) ;
#1569 = CARTESIAN_POINT ( 'NONE',  ( 1.330407161568939100E-016, 5.499999999999998200, -19.49999999999998600 ) ) ;
#1570 = ADVANCED_FACE ( 'NONE', ( #780 ), #2881, .F. ) ;
#1571 = EDGE_LOOP ( 'NONE', ( #1131, #823, #6291, #969, #4742, #8337, #8182, #8139, #9689, #1851, #8347, #9398, #4938, #490, #3942, #9765 ) ) ;
#1572 = ORIENTED_EDGE ( 'NONE', *, *, #2905, .F. ) ;
#1573 = EDGE_CURVE ( 'NONE', #9485, #989, #548, .T. ) ;
#1574 = LINE ( 'NONE', #5505, #5778 ) ;
#1575 = DIRECTION ( 'NONE',  ( 0.0000000000000000000, 0.0000000000000000000, -1.000000000000000000 ) ) ;
#1576 = EDGE_CURVE ( 'NONE', #2100, #4096, #7397, .T. ) ;
#1577 = AXIS2_PLACEMENT_3D ( 'NONE', #4974, #5619, #1830 ) ;
#1578 = ORIENTED_EDGE ( 'NONE', *, *, #1435, .T. ) ;
#1579 = DIRECTION ( 'NONE',  ( -0.7071067811865463500, 0.0000000000000000000, -0.7071067811865487900 ) ) ;
#1580 = EDGE_LOOP ( 'NONE', ( #6713, #2400, #7442, #1449 ) ) ;
#1581 = ADVANCED_FACE ( 'NONE', ( #2553 ), #9636, .F. ) ;
#1582 = VECTOR ( 'NONE', #5157, 1000.000000000000000 ) ;
#1583 = CARTESIAN_POINT ( 'NONE',  ( -1.323223304703363700, 10.32322330470336300, 0.3750000000000001100 ) ) ;
#1584 = DIRECTION ( 'NONE',  ( 1.000000000000000000, 3.469446951953610600E-015, 1.203706215242020200E-029 ) ) ;
#1585 = AXIS2_PLACEMENT_3D ( 'NONE', #1493, #736, #4399 ) ;
#1586 = CARTESIAN_POINT ( 'NONE',  ( -4.101061471818665500, 0.2500000000000001100, -9.999999999999998200 ) ) ;
#1587 = CARTESIAN_POINT ( 'NONE',  ( 1.783371450077659400, 2.344367139542236100, 9.750000000000000000 ) ) ;
#1588 = VERTEX_POINT ( 'NONE', #2949 ) ;
#1589 = CARTESIAN_POINT ( 'NONE',  ( -12.50000000000000000, 0.0000000000000000000, 12.50000000000000000 ) ) ;
#1590 = EDGE_LOOP ( 'NONE', ( #1364, #572, #3912, #6182, #8632, #3445, #7622, #5982 ) ) ;
#1591 = CARTESIAN_POINT ( 'NONE',  ( -2.792893218813456500, 8.749999999999998200, 10.00000000000000000 ) ) ;
#1592 = CIRCLE ( 'NONE', #582, 2.776005992660403300 ) ;
#1593 = AXIS2_PLACEMENT_3D ( 'NONE', #2410, #1005, #6247 ) ;
#1594 = EDGE_CURVE ( 'NONE', #3762, #2139, #8822, .T. ) ;
#1595 = ADVANCED_FACE ( 'NONE', ( #2309 ), #1045, .T. ) ;
#1596 = DIRECTION ( 'NONE',  ( 1.000000000000000000, 0.0000000000000000000, 0.0000000000000000000 ) ) ;
#1597 = DIRECTION ( 'NONE',  ( 0.7071067811865501300, -0.7071067811865449100, -2.453269466693422300E-015 ) ) ;
#1598 = CARTESIAN_POINT ( 'NONE',  ( -1.431146867680864300E-014, 5.500000000000013300, 20.00000000000000000 ) ) ;
#1599 = PLANE ( 'NONE',  #2482 ) ;
#1600 = ORIENTED_EDGE ( 'NONE', *, *, #9225, .T. ) ;
#1601 = AXIS2_PLACEMENT_3D ( 'NONE', #7950, #6438, #7756 ) ;
#1602 = DIRECTION ( 'NONE',  ( 0.2588190451025158500, -0.9659258262890696400, 0.0000000000000000000 ) ) ;
#1603 = CARTESIAN_POINT ( 'NONE',  ( 4.101061471818666400, 0.2500000000000002200, 10.37500000000000000 ) ) ;
#1604 = LINE ( 'NONE', #6057, #8686 ) ;
#1605 = CARTESIAN_POINT ( 'NONE',  ( 12.50000000000000000, 0.0000000000000000000, -9.750000000000001800 ) ) ;
#1606 = AXIS2_PLACEMENT_3D ( 'NONE', #445, #1967, #8001 ) ;
#1607 = ORIENTED_EDGE ( 'NONE', *, *, #7885, .F. ) ;
#1608 = DIRECTION ( 'NONE',  ( 1.000000000000000000, 0.0000000000000000000, 0.0000000000000000000 ) ) ;
#1609 = EDGE_CURVE ( 'NONE', #3403, #4521, #9308, .T. ) ;
#1610 = CIRCLE ( 'NONE', #5041, 2.849999999999998300 ) ;
#1611 = EDGE_CURVE ( 'NONE', #2100, #2513, #792, .T. ) ;
#1612 = VECTOR ( 'NONE', #9525, 1000.000000000000000 ) ;
#1613 = ORIENTED_EDGE ( 'NONE', *, *, #9229, .T. ) ;
#1614 = DIRECTION ( 'NONE',  ( 0.7071067811865475700, -0.7071067811865475700, 0.0000000000000000000 ) ) ;
#1615 = CARTESIAN_POINT ( 'NONE',  ( 4.750000000000002700, 6.792893218813461000, -19.75000000000000000 ) ) ;
#1616 = VERTEX_POINT ( 'NONE', #5854 ) ;
#1617 = ADVANCED_FACE ( 'NONE', ( #3842 ), #2566, .T. ) ;
#1618 = CIRCLE ( 'NONE', #7731, 0.5000000000000000000 ) ;
#1619 = EDGE_CURVE ( 'NONE', #2610, #1700, #5025, .T. ) ;
#1620 = ORIENTED_EDGE ( 'NONE', *, *, #1512, .T. ) ;
#1621 = VECTOR ( 'NONE', #9317, 1000.000000000000000 ) ;
#1622 = AXIS2_PLACEMENT_3D ( 'NONE', #4298, #4329, #644 ) ;
#1623 = CARTESIAN_POINT ( 'NONE',  ( 3.146446609406729600, 8.853553390593273100, -0.2500000000000002200 ) ) ;
#1624 = EDGE_CURVE ( 'NONE', #166, #7923, #2443, .T. ) ;
#1625 = DIRECTION ( 'NONE',  ( -0.0000000000000000000, -0.0000000000000000000, 1.000000000000000000 ) ) ;
#1626 = EDGE_CURVE ( 'NONE', #4350, #1819, #8933, .T. ) ;
#1627 = DIRECTION ( 'NONE',  ( 1.000000000000000000, -5.204170427930416600E-015, 0.0000000000000000000 ) ) ;
#1628 = CC_DESIGN_DATE_AND_TIME_ASSIGNMENT ( #9424, #4920, ( #178 ) ) ;
#1629 = DIRECTION ( 'NONE',  ( 0.0000000000000000000, 0.0000000000000000000, 1.000000000000000000 ) ) ;
#1630 = ORIENTED_EDGE ( 'NONE', *, *, #8316, .T. ) ;
#1631 = FACE_OUTER_BOUND ( 'NONE', #366, .T. ) ;
#1632 = CARTESIAN_POINT ( 'NONE',  ( -5.749999999999996400, 0.2500000000000002200, -0.1250000000000001100 ) ) ;
#1633 = CARTESIAN_POINT ( 'NONE',  ( 1.330407161568939100E-016, 5.499999999999998200, -0.09999999999999939500 ) ) ;
#1634 = CARTESIAN_POINT ( 'NONE',  ( -3.146446609406730500, 8.853553390593271300, -9.624999999999998200 ) ) ;
#1635 = AXIS2_PLACEMENT_3D ( 'NONE', #4349, #1458, #6605 ) ;
#1636 = ADVANCED_FACE ( 'NONE', ( #3978 ), #7056, .T. ) ;
#1637 = EDGE_CURVE ( 'NONE', #6983, #8005, #4432, .T. ) ;
#1638 = DIRECTION ( 'NONE',  ( -0.7071067811865475700, -0.7071067811865475700, 0.0000000000000000000 ) ) ;
#1639 = VERTEX_POINT ( 'NONE', #4517 ) ;
#1640 = CIRCLE ( 'NONE', #8687, 2.000000000000000000 ) ;
#1641 = CARTESIAN_POINT ( 'NONE',  ( -19.49999999999999600, 0.5000000000000000000, 19.75000000000000000 ) ) ;
#1642 = VERTEX_POINT ( 'NONE', #4588 ) ;
#1643 = CARTESIAN_POINT ( 'NONE',  ( 5.750000000000003600, 5.249999999999997300, 9.875000000000000000 ) ) ;
#1644 = CARTESIAN_POINT ( 'NONE',  ( -5.000000000000000000, 7.000000000000001800, 20.00000000000000000 ) ) ;
#1645 = ORIENTED_EDGE ( 'NONE', *, *, #1791, .T. ) ;
#1646 = CARTESIAN_POINT ( 'NONE',  ( 4.676776695296637400, 6.969669914110097500, 0.1250000000000001100 ) ) ;
#1647 = ADVANCED_FACE ( 'NONE', ( #7514 ), #82, .F. ) ;
#1648 = AXIS2_PLACEMENT_3D ( 'NONE', #9708, #8159, #6730 ) ;
#1649 = CARTESIAN_POINT ( 'NONE',  ( -5.901785354210679700, 0.02631653502415530800, 0.3392175761535478600 ) ) ;
#1650 = ORIENTED_EDGE ( 'NONE', *, *, #304, .F. ) ;
#1651 = CYLINDRICAL_SURFACE ( 'NONE', #8284, 0.2499999999999995600 ) ;
#1652 = DIRECTION ( 'NONE',  ( -0.0000000000000000000, -0.0000000000000000000, -1.000000000000000000 ) ) ;
#1653 = ORIENTED_EDGE ( 'NONE', *, *, #1637, .T. ) ;
#1654 = CARTESIAN_POINT ( 'NONE',  ( 12.50000000000000000, 0.1000000000000000100, 15.25000000000000000 ) ) ;
#1655 = EDGE_LOOP ( 'NONE', ( #1544, #8375, #1790, #2627, #3933 ) ) ;
#1656 = DIRECTION ( 'NONE',  ( -1.000000000000000000, 0.0000000000000000000, 0.0000000000000000000 ) ) ;
#1657 = AXIS2_PLACEMENT_3D ( 'NONE', #4797, #2752, #9577 ) ;
#1658 = EDGE_CURVE ( 'NONE', #874, #3734, #2088, .T. ) ;
#1659 = DIRECTION ( 'NONE',  ( 0.0000000000000000000, 0.0000000000000000000, 1.000000000000000000 ) ) ;
#1660 = DIRECTION ( 'NONE',  ( 1.000000000000000000, 0.0000000000000000000, 0.0000000000000000000 ) ) ;
#1661 = DIRECTION ( 'NONE',  ( -0.0000000000000000000, -0.0000000000000000000, -1.000000000000000000 ) ) ;
#1662 = VERTEX_POINT ( 'NONE', #42 ) ;
#1663 = FACE_OUTER_BOUND ( 'NONE', #1590, .T. ) ;
#1664 = DIRECTION ( 'NONE',  ( 0.0000000000000000000, 0.0000000000000000000, 1.000000000000000000 ) ) ;
#1665 = ORIENTED_EDGE ( 'NONE', *, *, #2152, .T. ) ;
#1666 = AXIS2_PLACEMENT_3D ( 'NONE', #332, #3283, #4883 ) ;
#1667 = ORIENTED_EDGE ( 'NONE', *, *, #6245, .T. ) ;
#1668 = FACE_OUTER_BOUND ( 'NONE', #3163, .T. ) ;
#1669 = DIRECTION ( 'NONE',  ( -0.0000000000000000000, 0.0000000000000000000, 1.000000000000000000 ) ) ;
#1671 = TOROIDAL_SURFACE ( 'NONE', #8499, 0.5000000000000000000, 0.2500000000000000000 ) ;
#1670 = CARTESIAN_POINT ( 'NONE',  ( 12.50000000000000000, 0.1000000000000000100, -12.50000000000000000 ) ) ;
#1672 = VERTEX_POINT ( 'NONE', #2989 ) ;
#1673 = LINE ( 'NONE', #6783, #9466 ) ;
#1674 = AXIS2_PLACEMENT_3D ( 'NONE', #3876, #5337, #4681 ) ;
#1675 = EDGE_LOOP ( 'NONE', ( #9621, #6049, #6762, #5793 ) ) ;
#1676 = EDGE_CURVE ( 'NONE', #7798, #7215, #7887, .T. ) ;
#1677 = ADVANCED_FACE ( 'NONE', ( #5978 ), #761, .F. ) ;
#1678 = ORIENTED_EDGE ( 'NONE', *, *, #5764, .F. ) ;
#1679 = VECTOR ( 'NONE', #2287, 1000.000000000000000 ) ;
#1680 = ORIENTED_EDGE ( 'NONE', *, *, #5657, .F. ) ;
#1681 = CARTESIAN_POINT ( 'NONE',  ( 2.792893218813457400, 8.749999999999998200, -19.75000000000000000 ) ) ;
#1682 = CARTESIAN_POINT ( 'NONE',  ( 1.330407161568939100E-016, 5.499999999999998200, 0.0000000000000000000 ) ) ;
#1683 = ORIENTED_EDGE ( 'NONE', *, *, #3356, .T. ) ;
#1684 = EDGE_LOOP ( 'NONE', ( #8609, #8719, #4751, #2220 ) ) ;
#1685 = ORIENTED_EDGE ( 'NONE', *, *, #3012, .T. ) ;
#1686 = AXIS2_PLACEMENT_3D ( 'NONE', #1682, #888, #6921 ) ;
#1687 = DIRECTION ( 'NONE',  ( 0.7071067811865490200, -0.7071067811865460200, 0.0000000000000000000 ) ) ;
#1688 = VERTEX_POINT ( 'NONE', #6797 ) ;
#1689 = CIRCLE ( 'NONE', #5490, 0.2500000000000002200 ) ;
#1690 = AXIS2_PLACEMENT_3D ( 'NONE', #2495, #3140, #5506 ) ;
#1691 = EDGE_CURVE ( 'NONE', #8871, #5211, #7647, .T. ) ;
#1692 = ADVANCED_FACE ( 'NONE', ( #5874 ), #3855, .T. ) ;
#1693 = EDGE_CURVE ( 'NONE', #3324, #2144, #4209, .T. ) ;
#1694 = CARTESIAN_POINT ( 'NONE',  ( -12.50000000000000000, 0.1000000000000000100, -12.50000000000000000 ) ) ;
#1695 = ORIENTED_EDGE ( 'NONE', *, *, #6410, .F. ) ;
#1696 = EDGE_LOOP ( 'NONE', ( #691, #7329, #8571, #1207 ) ) ;
#1697 = ORIENTED_EDGE ( 'NONE', *, *, #828, .F. ) ;
#1698 = DIRECTION ( 'NONE',  ( -1.000000000000000000, -3.469446951953610600E-015, -0.0000000000000000000 ) ) ;
#1699 = CARTESIAN_POINT ( 'NONE',  ( 2.792893218813457400, 8.749999999999998200, -10.25000000000000000 ) ) ;
#1700 = VERTEX_POINT ( 'NONE', #3895 ) ;
#1701 = FACE_OUTER_BOUND ( 'NONE', #8757, .T. ) ;
#1702 = ADVANCED_FACE ( 'NONE', ( #7167 ), #1740, .F. ) ;
#1703 = DIRECTION ( 'NONE',  ( 0.0000000000000000000, -1.000000000000000000, 0.0000000000000000000 ) ) ;
#1704 = ORIENTED_EDGE ( 'NONE', *, *, #52, .F. ) ;
#1705 = DIRECTION ( 'NONE',  ( 0.7071067811865536800, 0.7071067811865414700, -0.0000000000000000000 ) ) ;
#1706 = CARTESIAN_POINT ( 'NONE',  ( -2.792893218813456500, 8.749999999999998200, -20.00000000000000000 ) ) ;
#1707 = ORIENTED_EDGE ( 'NONE', *, *, #5412, .T. ) ;
#1708 = VECTOR ( 'NONE', #7041, 1000.000000000000000 ) ;
#1709 = DIRECTION ( 'NONE',  ( 0.7071067811865406900, -0.7071067811865544600, 0.0000000000000000000 ) ) ;
#1710 = DIRECTION ( 'NONE',  ( -0.2588190451025143000, -0.9659258262890700900, 0.0000000000000000000 ) ) ;
#1711 = EDGE_LOOP ( 'NONE', ( #1922, #4646, #1956, #3389 ) ) ;
#1712 = AXIS2_PLACEMENT_3D ( 'NONE', #6352, #1827, #7104 ) ;
#1713 = DIRECTION ( 'NONE',  ( 0.0000000000000000000, 1.000000000000000000, -0.0000000000000000000 ) ) ;
#1714 = DIRECTION ( 'NONE',  ( 0.0000000000000000000, 0.0000000000000000000, -1.000000000000000000 ) ) ;
#1715 = DIRECTION ( 'NONE',  ( 1.000000000000000000, 0.0000000000000000000, 0.0000000000000000000 ) ) ;
#1716 = LINE ( 'NONE', #2302, #1351 ) ;
#1717 = DIRECTION ( 'NONE',  ( 0.0000000000000000000, -1.000000000000000000, 0.0000000000000000000 ) ) ;
#1718 = DIRECTION ( 'NONE',  ( 0.0000000000000000000, -1.000000000000000000, 0.0000000000000000000 ) ) ;
#1719 = ORIENTED_EDGE ( 'NONE', *, *, #4353, .F. ) ;
#1720 = DIRECTION ( 'NONE',  ( 0.0000000000000000000, 0.0000000000000000000, 1.000000000000000000 ) ) ;
#1721 = DIRECTION ( 'NONE',  ( 0.0000000000000000000, 1.000000000000000000, -0.0000000000000000000 ) ) ;
#1722 = LINE ( 'NONE', #8681, #2539 ) ;
#1723 = ADVANCED_FACE ( 'NONE', ( #2193 ), #9300, .T. ) ;
#1724 = AXIS2_PLACEMENT_3D ( 'NONE', #3084, #8390, #6068 ) ;
#1725 = DIRECTION ( 'NONE',  ( -1.000000000000000000, 0.0000000000000000000, 0.0000000000000000000 ) ) ;
#1726 = CARTESIAN_POINT ( 'NONE',  ( -2.792893218813456500, 8.499999999999998200, -0.2500000000000002200 ) ) ;
#1727 = CARTESIAN_POINT ( 'NONE',  ( -4.750000000000000000, 5.500000000000000900, 19.75000000000000000 ) ) ;
#1728 = ORIENTED_EDGE ( 'NONE', *, *, #1053, .F. ) ;
#1729 = AXIS2_PLACEMENT_3D ( 'NONE', #154, #9674, #6836 ) ;
#1730 = EDGE_CURVE ( 'NONE', #9485, #1439, #3005, .T. ) ;
#1731 = VECTOR ( 'NONE', #4240, 1000.000000000000000 ) ;
#1732 = CARTESIAN_POINT ( 'NONE',  ( -4.500000000000000900, 6.792893218813454800, -20.00000000000000000 ) ) ;
#1733 = CARTESIAN_POINT ( 'NONE',  ( -19.64644660940675200, 5.353553390593238400, -20.00000000000000000 ) ) ;
#1734 = DIRECTION ( 'NONE',  ( -1.000000000000000000, 0.0000000000000000000, 0.0000000000000000000 ) ) ;
#1735 = ADVANCED_FACE ( 'NONE', ( #5636, #1977 ), #5454, .T. ) ;
#1736 = VERTEX_POINT ( 'NONE', #9288 ) ;
#1737 = DIRECTION ( 'NONE',  ( -1.000000000000000000, 0.0000000000000000000, 0.0000000000000000000 ) ) ;
#1738 = TOROIDAL_SURFACE ( 'NONE', #7522, 2.849999999999998300, 0.1000000000000000100 ) ;
#1739 = CARTESIAN_POINT ( 'NONE',  ( 12.50000000000000000, 2.711339312526813900, 9.750000000000001800 ) ) ;
#1740 = CYLINDRICAL_SURFACE ( 'NONE', #7982, 0.2500000000000002200 ) ;
#1741 = DIRECTION ( 'NONE',  ( 0.0000000000000000000, 0.0000000000000000000, -1.000000000000000000 ) ) ;
#1742 = AXIS2_PLACEMENT_3D ( 'NONE', #477, #6526, #3500 ) ;
#1743 = CARTESIAN_POINT ( 'NONE',  ( -4.553649124439097300E-015, 5.249999999999993800, -0.2500000000000002200 ) ) ;
#1744 = EDGE_CURVE ( 'NONE', #6055, #2661, #1375, .T. ) ;
#1745 = DIRECTION ( 'NONE',  ( 0.0000000000000000000, 0.0000000000000000000, 1.000000000000000000 ) ) ;
#1746 = ADVANCED_FACE ( 'NONE', ( #3615 ), #9420, .T. ) ;
#1747 = ORIENTED_EDGE ( 'NONE', *, *, #5541, .F. ) ;
#1748 = FACE_OUTER_BOUND ( 'NONE', #8533, .T. ) ;
#1749 = ORIENTED_EDGE ( 'NONE', *, *, #5146, .F. ) ;
#1750 = DIRECTION ( 'NONE',  ( 0.0000000000000000000, 0.0000000000000000000, 1.000000000000000000 ) ) ;
#1751 = DIRECTION ( 'NONE',  ( -0.0000000000000000000, -1.000000000000000000, 0.0000000000000000000 ) ) ;
#1752 = CARTESIAN_POINT ( 'NONE',  ( 5.250000000000000000, 5.749999999999998200, 10.37500000000000000 ) ) ;
#1753 = CARTESIAN_POINT ( 'NONE',  ( 4.500000000000002700, 6.792893218813461900, 20.00000000000000000 ) ) ;
#1754 = CARTESIAN_POINT ( 'NONE',  ( 4.750000000000000000, 5.499999999999998200, 0.3750000000000001100 ) ) ;
#1755 = ORIENTED_EDGE ( 'NONE', *, *, #233, .F. ) ;
#1756 = VECTOR ( 'NONE', #5400, 1000.000000000000000 ) ;
#1757 = DIRECTION ( 'NONE',  ( 1.000000000000000000, 0.0000000000000000000, 0.0000000000000000000 ) ) ;
#1758 = CARTESIAN_POINT ( 'NONE',  ( 6.000000000000003600, 0.2500000000000000000, -19.75000000000000000 ) ) ;
#1759 = ORIENTED_EDGE ( 'NONE', *, *, #2787, .F. ) ;
#1760 = DIRECTION ( 'NONE',  ( -0.0000000000000000000, -0.0000000000000000000, 1.000000000000000000 ) ) ;
#1761 = DIRECTION ( 'NONE',  ( -0.0000000000000000000, -0.0000000000000000000, 1.000000000000000000 ) ) ;
#1762 = EDGE_LOOP ( 'NONE', ( #2995, #2700, #901, #5871, #8294 ) ) ;
#1763 = CIRCLE ( 'NONE', #6070, 2.776005992660403300 ) ;
#1764 = CIRCLE ( 'NONE', #5130, 0.5000000000000004400 ) ;
#1765 = DIRECTION ( 'NONE',  ( 0.0000000000000000000, 0.0000000000000000000, -1.000000000000000000 ) ) ;
#1766 = DIRECTION ( 'NONE',  ( 0.0000000000000000000, 0.0000000000000000000, -1.000000000000000000 ) ) ;
#1767 = EDGE_CURVE ( 'NONE', #6618, #177, #438, .T. ) ;
#1768 = ORIENTED_EDGE ( 'NONE', *, *, #5410, .T. ) ;
#1769 = ORIENTED_EDGE ( 'NONE', *, *, #9195, .T. ) ;
#1770 = CARTESIAN_POINT ( 'NONE',  ( 2.100000000000000100, 5.499999999999998200, -9.774999999999998600 ) ) ;
#1771 = EDGE_CURVE ( 'NONE', #9262, #2160, #7772, .T. ) ;
#1772 = CARTESIAN_POINT ( 'NONE',  ( -5.249999999999999100, 5.500000000000000000, -10.24999999999999800 ) ) ;
#1773 = ORIENTED_EDGE ( 'NONE', *, *, #4162, .T. ) ;
#1774 = LINE ( 'NONE', #6864, #697 ) ;
#1775 = CIRCLE ( 'NONE', #2429, 0.2500000000000002200 ) ;
#1776 = CARTESIAN_POINT ( 'NONE',  ( 1.330407161568939100E-016, 0.5000000000000004400, 20.00000000000000000 ) ) ;
#1777 = ORIENTED_EDGE ( 'NONE', *, *, #4244, .F. ) ;
#1778 = VERTEX_POINT ( 'NONE', #1758 ) ;
#1779 = ORIENTED_EDGE ( 'NONE', *, *, #9282, .T. ) ;
#1780 = DIRECTION ( 'NONE',  ( 1.000000000000000000, 0.0000000000000000000, 0.0000000000000000000 ) ) ;
#1781 = FACE_BOUND ( 'NONE', #9683, .T. ) ;
#1782 = ADVANCED_FACE ( 'NONE', ( #4919 ), #1490, .F. ) ;
#1783 = CARTESIAN_POINT ( 'NONE',  ( 4.101061471818666400, 0.7500000000000006700, 0.0000000000000000000 ) ) ;
#1784 = ORIENTED_EDGE ( 'NONE', *, *, #1771, .F. ) ;
#1785 = LINE ( 'NONE', #1776, #5672 ) ;
#1786 = CARTESIAN_POINT ( 'NONE',  ( 6.250000000000003600, 5.499999999999999100, 20.00000000000000000 ) ) ;
#1787 = DIRECTION ( 'NONE',  ( -2.602085213965201600E-015, 1.000000000000000000, 0.0000000000000000000 ) ) ;
#1788 = ORIENTED_EDGE ( 'NONE', *, *, #5504, .F. ) ;
#1789 = AXIS2_PLACEMENT_3D ( 'NONE', #6535, #1309, #4236 ) ;
#1790 = ORIENTED_EDGE ( 'NONE', *, *, #9384, .F. ) ;
#1791 = EDGE_CURVE ( 'NONE', #4552, #1700, #1867, .T. ) ;
#1792 = CIRCLE ( 'NONE', #7466, 0.2500000000000003300 ) ;
#1793 = CARTESIAN_POINT ( 'NONE',  ( 5.000000000000002700, 6.792893218813461900, -9.624999999999998200 ) ) ;
#1794 = DIRECTION ( 'NONE',  ( -1.000000000000000000, 0.0000000000000000000, 0.0000000000000000000 ) ) ;
#1795 = CARTESIAN_POINT ( 'NONE',  ( -19.29289321881348200, 4.999999999999962700, -19.75000000000000000 ) ) ;
#1796 = ORIENTED_EDGE ( 'NONE', *, *, #8713, .F. ) ;
#1797 = CIRCLE ( 'NONE', #1859, 0.2500000000000000000 ) ;
#1798 = AXIS2_PLACEMENT_3D ( 'NONE', #3350, #3480, #5699 ) ;
#1799 = ORIENTED_EDGE ( 'NONE', *, *, #7666, .T. ) ;
#1800 = ADVANCED_FACE ( 'NONE', ( #5748 ), #8223, .T. ) ;
#1801 = DIRECTION ( 'NONE',  ( 1.000000000000000000, 0.0000000000000000000, 0.0000000000000000000 ) ) ;
#1802 = DIRECTION ( 'NONE',  ( -0.7071067811865475700, 0.7071067811865475700, 0.0000000000000000000 ) ) ;
#1803 = ORIENTED_EDGE ( 'NONE', *, *, #9211, .F. ) ;
#1804 = FACE_OUTER_BOUND ( 'NONE', #7051, .T. ) ;
#1805 = AXIS2_PLACEMENT_3D ( 'NONE', #655, #3713, #8243 ) ;
#1806 = EDGE_CURVE ( 'NONE', #3664, #7964, #2885, .T. ) ;
#1807 = ORIENTED_EDGE ( 'NONE', *, *, #1626, .F. ) ;
#1808 = VERTEX_POINT ( 'NONE', #8536 ) ;
#1809 = EDGE_CURVE ( 'NONE', #5058, #3808, #7293, .T. ) ;
#1810 = VERTEX_POINT ( 'NONE', #6221 ) ;
#1811 = CARTESIAN_POINT ( 'NONE',  ( -4.500000000000000900, 6.792893218813454800, 0.3750000000000003300 ) ) ;
#1812 = ORIENTED_EDGE ( 'NONE', *, *, #9730, .F. ) ;
#1813 = FACE_OUTER_BOUND ( 'NONE', #3647, .T. ) ;
#1814 = CARTESIAN_POINT ( 'NONE',  ( -5.999999999999996400, 5.249999999999996400, -0.1250000000000001100 ) ) ;
#1815 = CARTESIAN_POINT ( 'NONE',  ( -6.249999999999997300, 5.499999999999997300, -0.1250000000000001100 ) ) ;
#1817 = EDGE_LOOP ( 'NONE', ( #8578, #2483, #4277, #4849 ) ) ;
#1816 = EDGE_CURVE ( 'NONE', #8423, #7231, #5266, .T. ) ;
#1818 = DIRECTION ( 'NONE',  ( -0.0000000000000000000, 0.0000000000000000000, 1.000000000000000000 ) ) ;
#1819 = VERTEX_POINT ( 'NONE', #9256 ) ;
#1820 = AXIS2_PLACEMENT_3D ( 'NONE', #7641, #9123, #76 ) ;
#1821 = FACE_OUTER_BOUND ( 'NONE', #8618, .T. ) ;
#1822 = EDGE_CURVE ( 'NONE', #2808, #8742, #5520, .T. ) ;
#1823 = FACE_OUTER_BOUND ( 'NONE', #3758, .T. ) ;
#1824 = DIRECTION ( 'NONE',  ( 0.0000000000000000000, 0.0000000000000000000, -1.000000000000000000 ) ) ;
#1825 = EDGE_CURVE ( 'NONE', #1181, #1324, #9760, .T. ) ;
#1826 = DIRECTION ( 'NONE',  ( -1.000000000000000000, 0.0000000000000000000, 0.0000000000000000000 ) ) ;
#1827 = DIRECTION ( 'NONE',  ( 1.000000000000000000, -0.0000000000000000000, 0.0000000000000000000 ) ) ;
#1828 = VERTEX_POINT ( 'NONE', #5909 ) ;
#1829 = EDGE_LOOP ( 'NONE', ( #106, #2123, #4274, #7204, #1941 ) ) ;
#1830 = DIRECTION ( 'NONE',  ( 0.0000000000000000000, 0.0000000000000000000, 1.000000000000000000 ) ) ;
#1831 = LINE ( 'NONE', #6537, #1582 ) ;
#1832 = CARTESIAN_POINT ( 'NONE',  ( 1.330407161568939100E-016, 5.499999999999998200, 19.75000000000000000 ) ) ;
#1833 = CARTESIAN_POINT ( 'NONE',  ( 5.250000000000000000, 5.749999999999998200, 19.75000000000000000 ) ) ;
#1834 = DIRECTION ( 'NONE',  ( 1.000000000000000000, 0.0000000000000000000, 0.0000000000000000000 ) ) ;
#1835 = EDGE_LOOP ( 'NONE', ( #7107, #2040, #8952, #2816 ) ) ;
#1836 =( NAMED_UNIT ( * ) PLANE_ANGLE_UNIT ( ) SI_UNIT ( $, .RADIAN. ) );
#1837 = CARTESIAN_POINT ( 'NONE',  ( -4.750000000000000900, 6.792893218813454800, 10.12500000000000000 ) ) ;
#1838 = CIRCLE ( 'NONE', #4234, 2.749999999999999100 ) ;
#1839 = DIRECTION ( 'NONE',  ( 2.602085213965201600E-015, -1.000000000000000000, -0.0000000000000000000 ) ) ;
#1840 = AXIS2_PLACEMENT_3D ( 'NONE', #8816, #7972, #9583 ) ;
#1841 = VERTEX_POINT ( 'NONE', #9421 ) ;
#1842 = CARTESIAN_POINT ( 'NONE',  ( 2.969669914110094800, 8.676776695296636500, 19.75000000000000000 ) ) ;
#1843 = DIRECTION ( 'NONE',  ( 0.0000000000000000000, 0.0000000000000000000, 1.000000000000000000 ) ) ;
#1844 = ADVANCED_FACE ( 'NONE', ( #3138 ), #1258, .T. ) ;
#1845 = FACE_OUTER_BOUND ( 'NONE', #1187, .T. ) ;
#1846 = AXIS2_PLACEMENT_3D ( 'NONE', #7812, #341, #7846 ) ;
#1847 = CARTESIAN_POINT ( 'NONE',  ( -5.749999999999997300, 5.499999999999999100, 0.3749999999999998900 ) ) ;
#1848 = EDGE_CURVE ( 'NONE', #5142, #2395, #3377, .T. ) ;
#1849 = DIRECTION ( 'NONE',  ( 0.0000000000000000000, -0.0000000000000000000, -1.000000000000000000 ) ) ;
#1850 = ADVANCED_BREP_SHAPE_REPRESENTATION ( '3582N11_Metal-Detectable Hinge with Holes', ( #8975, #4306, #2447, #3180 ), #8456 ) ;
#1851 = ORIENTED_EDGE ( 'NONE', *, *, #2434, .T. ) ;
#1852 = DIRECTION ( 'NONE',  ( -0.0000000000000000000, -0.0000000000000000000, -1.000000000000000000 ) ) ;
#1853 = CARTESIAN_POINT ( 'NONE',  ( -4.770489558936197400E-015, 5.499999999999993800, -0.2500000000000002200 ) ) ;
#1854 = FACE_OUTER_BOUND ( 'NONE', #999, .T. ) ;
#1855 = CIRCLE ( 'NONE', #897, 0.09999999999999939500 ) ;
#1856 = CARTESIAN_POINT ( 'NONE',  ( 1.330407161568939100E-016, 5.499999999999998200, -20.00000000000000000 ) ) ;
#1857 = DIRECTION ( 'NONE',  ( 0.0000000000000000000, 1.000000000000000000, 0.0000000000000000000 ) ) ;
#1858 = DIRECTION ( 'NONE',  ( 0.7071067811865474600, 0.7071067811865474600, 0.0000000000000000000 ) ) ;
#1859 = AXIS2_PLACEMENT_3D ( 'NONE', #7779, #7113, #3235 ) ;
#1860 = ORIENTED_EDGE ( 'NONE', *, *, #2859, .F. ) ;
#1861 = EDGE_CURVE ( 'NONE', #1314, #1688, #3493, .T. ) ;
#1862 = CARTESIAN_POINT ( 'NONE',  ( -1.323223304703363700, 10.32322330470336300, -9.624999999999998200 ) ) ;
#1863 = ORIENTED_EDGE ( 'NONE', *, *, #5807, .F. ) ;
#1864 = TOROIDAL_SURFACE ( 'NONE', #5996, 2.100000000000000100, 0.1000000000000000100 ) ;
#1865 = DIRECTION ( 'NONE',  ( 0.7071067811865474600, 0.7071067811865474600, -0.0000000000000000000 ) ) ;
#1866 = CARTESIAN_POINT ( 'NONE',  ( -5.749999999999996400, 5.249999999999997300, 10.25000000000000000 ) ) ;
#1867 = CIRCLE ( 'NONE', #566, 0.2500000000000000600 ) ;
#1868 = CARTESIAN_POINT ( 'NONE',  ( -19.67677669529662800, 4.969669914110092200, 20.00000000000000000 ) ) ;
#1869 = ORIENTED_EDGE ( 'NONE', *, *, #9268, .T. ) ;
#1870 = VECTOR ( 'NONE', #1218, 1000.000000000000100 ) ;
#1871 = APPROVAL_PERSON_ORGANIZATION ( #803, #1462, #7850 ) ;
#1872 = AXIS2_PLACEMENT_3D ( 'NONE', #639, #5930, #1392 ) ;
#1873 = AXIS2_PLACEMENT_3D ( 'NONE', #7681, #955, #2460 ) ;
#1874 = EDGE_CURVE ( 'NONE', #5480, #5618, #211, .T. ) ;
#1875 = CARTESIAN_POINT ( 'NONE',  ( 1.619527740898410500E-016, 5.499999999999998200, -10.00000000000000000 ) ) ;
#1876 = CARTESIAN_POINT ( 'NONE',  ( 0.0000000000000000000, 0.2500000000000000000, 19.75000000000000000 ) ) ;
#1877 = EDGE_CURVE ( 'NONE', #9270, #1439, #5401, .T. ) ;
#1878 = ORIENTED_EDGE ( 'NONE', *, *, #9711, .F. ) ;
#1879 = CYLINDRICAL_SURFACE ( 'NONE', #3475, 0.2500000000000002200 ) ;
#1880 = LINE ( 'NONE', #1394, #8374 ) ;
#1881 = VERTEX_POINT ( 'NONE', #3600 ) ;
#1882 = DIRECTION ( 'NONE',  ( 1.000000000000000000, 0.0000000000000000000, 0.0000000000000000000 ) ) ;
#1883 = ORIENTED_EDGE ( 'NONE', *, *, #4677, .F. ) ;
#1884 = CARTESIAN_POINT ( 'NONE',  ( 12.50000000000000000, 2.711339312526813900, 15.25000000000000000 ) ) ;
#1885 = CARTESIAN_POINT ( 'NONE',  ( -19.49999999999999600, 4.792893218813452100, -19.75000000000000000 ) ) ;
#1886 = ORIENTED_EDGE ( 'NONE', *, *, #9074, .T. ) ;
#1887 = TOROIDAL_SURFACE ( 'NONE', #7225, 2.849999999999998800, 0.1000000000000000100 ) ;
#1888 = CIRCLE ( 'NONE', #5080, 0.2500000000000002200 ) ;
#1889 = ORIENTED_EDGE ( 'NONE', *, *, #5609, .T. ) ;
#1890 = ORIENTED_EDGE ( 'NONE', *, *, #5670, .T. ) ;
#1891 = ADVANCED_FACE ( 'NONE', ( #9649 ), #5143, .T. ) ;
#1892 = CARTESIAN_POINT ( 'NONE',  ( -5.749999999999996400, 5.249999999999998200, 0.1250000000000001100 ) ) ;
#1893 = VERTEX_POINT ( 'NONE', #4358 ) ;
#1894 = DIRECTION ( 'NONE',  ( 0.7071067811865475700, 0.7071067811865475700, 0.0000000000000000000 ) ) ;
#1895 = CARTESIAN_POINT ( 'NONE',  ( 0.0000000000000000000, 0.7500000000000006700, 0.1250000000000001100 ) ) ;
#1896 =( NAMED_UNIT ( * ) SI_UNIT ( $, .STERADIAN. ) SOLID_ANGLE_UNIT ( ) );
#1897 = AXIS2_PLACEMENT_3D ( 'NONE', #6756, #3618, #4376 ) ;
#1898 = ORIENTED_EDGE ( 'NONE', *, *, #8198, .T. ) ;
#1899 = CYLINDRICAL_SURFACE ( 'NONE', #5196, 0.2500000000000002200 ) ;
#1900 = VERTEX_POINT ( 'NONE', #4993 ) ;
#1901 = DIRECTION ( 'NONE',  ( 1.000000000000000000, 0.0000000000000000000, 0.0000000000000000000 ) ) ;
#1902 = ORIENTED_EDGE ( 'NONE', *, *, #6379, .T. ) ;
#1903 = LINE ( 'NONE', #4753, #3655 ) ;
#1904 = AXIS2_PLACEMENT_3D ( 'NONE', #5378, #863, #1614 ) ;
#1905 = CARTESIAN_POINT ( 'NONE',  ( -0.4666285499222950200, 1.741481456572235900, -20.00000000000000000 ) ) ;
#1906 = CYLINDRICAL_SURFACE ( 'NONE', #7984, 0.2500000000000002200 ) ;
#1907 = CARTESIAN_POINT ( 'NONE',  ( 6.250000000000003600, 0.2500000000000000000, -10.12499999999999800 ) ) ;
#1908 = ORIENTED_EDGE ( 'NONE', *, *, #1297, .F. ) ;
#1909 = VECTOR ( 'NONE', #5205, 1000.000000000000000 ) ;
#1910 = PLANE ( 'NONE',  #4491 ) ;
#1911 = DIRECTION ( 'NONE',  ( 1.000000000000000000, 0.0000000000000000000, 0.0000000000000000000 ) ) ;
#1912 = ORIENTED_EDGE ( 'NONE', *, *, #3820, .T. ) ;
#1913 = AXIS2_PLACEMENT_3D ( 'NONE', #5499, #3968, #7049 ) ;
#1914 = CARTESIAN_POINT ( 'NONE',  ( 7.205763011388014200, 5.399999999999999500, -12.50000000000000000 ) ) ;
#1915 = EDGE_LOOP ( 'NONE', ( #8906, #9362, #9297, #1102 ) ) ;
#1916 = DIRECTION ( 'NONE',  ( 0.0000000000000000000, 0.0000000000000000000, 1.000000000000000000 ) ) ;
#1917 = DIRECTION ( 'NONE',  ( 0.0000000000000000000, 0.0000000000000000000, -1.000000000000000000 ) ) ;
#1918 = PLANE ( 'NONE',  #2836 ) ;
#1919 = ORIENTED_EDGE ( 'NONE', *, *, #4848, .T. ) ;
#1920 = AXIS2_PLACEMENT_3D ( 'NONE', #7856, #6268, #8478 ) ;
#1921 = ORIENTED_EDGE ( 'NONE', *, *, #3026, .T. ) ;
#1922 = ORIENTED_EDGE ( 'NONE', *, *, #6729, .F. ) ;
#1923 = EDGE_CURVE ( 'NONE', #240, #2025, #6237, .T. ) ;
#1924 = CARTESIAN_POINT ( 'NONE',  ( 19.75000000000000400, 0.5000000000000000000, -19.75000000000000000 ) ) ;
#1925 = ORIENTED_EDGE ( 'NONE', *, *, #5382, .F. ) ;
#1926 = CIRCLE ( 'NONE', #1622, 4.750000000000000000 ) ;
#1927 = DIRECTION ( 'NONE',  ( -1.000000000000000000, 0.0000000000000000000, 0.0000000000000000000 ) ) ;
#1928 = DIRECTION ( 'NONE',  ( 0.0000000000000000000, -0.0000000000000000000, -1.000000000000000000 ) ) ;
#1929 = ORIENTED_EDGE ( 'NONE', *, *, #4724, .T. ) ;
#1930 = CARTESIAN_POINT ( 'NONE',  ( -19.99999999999999600, 0.0000000000000000000, 20.00000000000000000 ) ) ;
#1931 = DIRECTION ( 'NONE',  ( 0.9659258262890697600, 0.2588190451025151300, 0.0000000000000000000 ) ) ;
#1932 = ORIENTED_EDGE ( 'NONE', *, *, #8548, .T. ) ;
#1933 = APPROVAL_STATUS ( 'not_yet_approved' ) ;
#1934 = ORIENTED_EDGE ( 'NONE', *, *, #4436, .T. ) ;
#1935 = CIRCLE ( 'NONE', #9332, 0.1000000000000002600 ) ;
#1936 = AXIS2_PLACEMENT_3D ( 'NONE', #766, #5321, #8258 ) ;
#1937 = DIRECTION ( 'NONE',  ( -1.000000000000000000, 1.734723475976795500E-015, 0.0000000000000000000 ) ) ;
#1938 = EDGE_CURVE ( 'NONE', #5585, #4537, #7994, .T. ) ;
#1939 = DIRECTION ( 'NONE',  ( 0.9659258262890698700, 0.2588190451025151900, -2.792690344859909300E-016 ) ) ;
#1940 = EDGE_CURVE ( 'NONE', #2953, #626, #8706, .T. ) ;
#1941 = ORIENTED_EDGE ( 'NONE', *, *, #5811, .T. ) ;
#1942 = ORIENTED_EDGE ( 'NONE', *, *, #9211, .T. ) ;
#1943 = DIRECTION ( 'NONE',  ( -1.000000000000000000, 0.0000000000000000000, 0.0000000000000000000 ) ) ;
#1944 = FACE_OUTER_BOUND ( 'NONE', #8598, .T. ) ;
#1945 = CYLINDRICAL_SURFACE ( 'NONE', #3481, 2.000000000000000000 ) ;
#1946 = DIRECTION ( 'NONE',  ( -1.000000000000000000, -2.602085213965201600E-015, 0.0000000000000000000 ) ) ;
#1947 = ADVANCED_FACE ( 'NONE', ( #1152, #6934 ), #8825, .F. ) ;
#1948 = EDGE_CURVE ( 'NONE', #4396, #1642, #2667, .T. ) ;
#1949 = AXIS2_PLACEMENT_3D ( 'NONE', #7917, #5703, #422 ) ;
#1950 = ORIENTED_EDGE ( 'NONE', *, *, #3826, .T. ) ;
#1951 = EDGE_CURVE ( 'NONE', #9731, #4227, #4694, .T. ) ;
#1952 = CARTESIAN_POINT ( 'NONE',  ( 5.685295238724374500, 0.08432488663803178200, -9.624999999999998200 ) ) ;
#1953 = DIRECTION ( 'NONE',  ( 1.734723475976795500E-015, 1.000000000000000000, -0.0000000000000000000 ) ) ;
#1954 = FACE_OUTER_BOUND ( 'NONE', #9171, .T. ) ;
#1955 = DIRECTION ( 'NONE',  ( -1.734723475976795500E-015, -1.000000000000000000, 0.0000000000000000000 ) ) ;
#1956 = ORIENTED_EDGE ( 'NONE', *, *, #3170, .F. ) ;
#1957 = EDGE_CURVE ( 'NONE', #6996, #4618, #8479, .T. ) ;
#1958 = VECTOR ( 'NONE', #20, 1000.000000000000000 ) ;
#1959 = DIRECTION ( 'NONE',  ( 8.673617379884004900E-016, -1.000000000000000000, 0.0000000000000000000 ) ) ;
#1960 = EDGE_CURVE ( 'NONE', #8444, #1477, #6225, .T. ) ;
#1961 = DIRECTION ( 'NONE',  ( 1.000000000000000000, -0.0000000000000000000, 0.0000000000000000000 ) ) ;
#1962 = DIRECTION ( 'NONE',  ( 8.673617379884004900E-016, -1.000000000000000000, 0.0000000000000000000 ) ) ;
#1963 = ORIENTED_EDGE ( 'NONE', *, *, #2373, .T. ) ;
#1964 = DIRECTION ( 'NONE',  ( 1.000000000000000000, 0.0000000000000000000, 0.0000000000000000000 ) ) ;
#1965 = LINE ( 'NONE', #96, #4808 ) ;
#1966 = AXIS2_PLACEMENT_3D ( 'NONE', #7395, #3113, #4538 ) ;
#1967 = DIRECTION ( 'NONE',  ( -0.0000000000000000000, -0.0000000000000000000, 1.000000000000000000 ) ) ;
#1968 = CARTESIAN_POINT ( 'NONE',  ( 2.000000000000000000, 5.499999999999998200, -19.90000000000000600 ) ) ;
#1969 = VERTEX_POINT ( 'NONE', #6011 ) ;
#1970 = CARTESIAN_POINT ( 'NONE',  ( -5.749999999999996400, 5.499999999999994700, -0.1250000000000001100 ) ) ;
#1971 = DIRECTION ( 'NONE',  ( -1.734723475976795500E-015, -1.000000000000000000, 0.0000000000000000000 ) ) ;
#1972 = FACE_OUTER_BOUND ( 'NONE', #1470, .T. ) ;
#1973 = AXIS2_PLACEMENT_3D ( 'NONE', #8460, #1751, #8563 ) ;
#1974 = ORIENTED_EDGE ( 'NONE', *, *, #435, .F. ) ;
#1975 = DIRECTION ( 'NONE',  ( 0.0000000000000000000, 0.0000000000000000000, -1.000000000000000000 ) ) ;
#1976 = EDGE_CURVE ( 'NONE', #9665, #1451, #7400, .T. ) ;
#1977 = FACE_OUTER_BOUND ( 'NONE', #3303, .T. ) ;
#1978 = DIRECTION ( 'NONE',  ( 0.0000000000000000000, 0.0000000000000000000, 1.000000000000000000 ) ) ;
#1979 = AXIS2_PLACEMENT_3D ( 'NONE', #9045, #838, #8363 ) ;
#1980 = DIRECTION ( 'NONE',  ( -0.0000000000000000000, -1.000000000000000000, -0.0000000000000000000 ) ) ;
#1981 = ORIENTED_EDGE ( 'NONE', *, *, #1029, .F. ) ;
#1982 = VECTOR ( 'NONE', #5852, 1000.000000000000000 ) ;
#1983 = CARTESIAN_POINT ( 'NONE',  ( 1.330407161568939100E-016, 0.5000000000000004400, -10.24999999999999800 ) ) ;
#1984 = VERTEX_POINT ( 'NONE', #4487 ) ;
#1985 = CARTESIAN_POINT ( 'NONE',  ( -4.676776695296636500, 6.969669914110091300, -10.24999999999999800 ) ) ;
#1986 = AXIS2_PLACEMENT_3D ( 'NONE', #8912, #8118, #533 ) ;
#1987 = DIRECTION ( 'NONE',  ( -0.0000000000000000000, 0.0000000000000000000, 1.000000000000000000 ) ) ;
#1988 = EDGE_CURVE ( 'NONE', #8961, #5263, #1140, .T. ) ;
#1989 = ADVANCED_FACE ( 'NONE', ( #69 ), #4092, .F. ) ;
#1990 = DIRECTION ( 'NONE',  ( -1.000000000000000000, -2.602085213965201600E-015, 0.0000000000000000000 ) ) ;
#1991 = ORIENTED_EDGE ( 'NONE', *, *, #4844, .F. ) ;
#1992 = CIRCLE ( 'NONE', #902, 0.2500000000000002200 ) ;
#1993 = VECTOR ( 'NONE', #4474, 1000.000000000000000 ) ;
#1994 = DIRECTION ( 'NONE',  ( -0.0000000000000000000, -0.0000000000000000000, 1.000000000000000000 ) ) ;
#1995 = EDGE_CURVE ( 'NONE', #8330, #7983, #4314, .T. ) ;
#1996 = ORIENTED_EDGE ( 'NONE', *, *, #2559, .T. ) ;
#1997 = FACE_OUTER_BOUND ( 'NONE', #1123, .T. ) ;
#1998 = CIRCLE ( 'NONE', #2985, 0.2500000000000002200 ) ;
#1999 = AXIS2_PLACEMENT_3D ( 'NONE', #8298, #6084, #9153 ) ;
#2000 = ORIENTED_EDGE ( 'NONE', *, *, #7334, .F. ) ;
#2001 = EDGE_CURVE ( 'NONE', #4462, #4569, #9410, .T. ) ;
#2002 = CARTESIAN_POINT ( 'NONE',  ( 12.50000000000000000, 5.467267279399634600, 7.279757018727604400 ) ) ;
#2003 = DIRECTION ( 'NONE',  ( 0.0000000000000000000, 0.0000000000000000000, -1.000000000000000000 ) ) ;
#2004 = EDGE_CURVE ( 'NONE', #7231, #9126, #5389, .T. ) ;
#2005 = EDGE_LOOP ( 'NONE', ( #5190, #8189, #5910, #5433 ) ) ;
#2006 = DIRECTION ( 'NONE',  ( -1.000000000000000000, 0.0000000000000000000, 0.0000000000000000000 ) ) ;
#2007 = CARTESIAN_POINT ( 'NONE',  ( -5.860203337588428600, 0.2667485526244690600, 0.1061423567109992700 ) ) ;
#2008 = ORIENTED_EDGE ( 'NONE', *, *, #3247, .T. ) ;
#2009 = TOROIDAL_SURFACE ( 'NONE', #2880, 0.5000000000000000000, 0.2500000000000000000 ) ;
#2010 = LINE ( 'NONE', #3020, #8261 ) ;
#2011 = CARTESIAN_POINT ( 'NONE',  ( 2.000000000000000000, 5.499999999999998200, 0.2249999999999995100 ) ) ;
#2012 = ORIENTED_EDGE ( 'NONE', *, *, #5551, .F. ) ;
#2013 = ORIENTED_EDGE ( 'NONE', *, *, #3812, .T. ) ;
#2014 = DIRECTION ( 'NONE',  ( 1.224646799147353200E-016, 1.000000000000000000, -0.0000000000000000000 ) ) ;
#2015 = LINE ( 'NONE', #1352, #3550 ) ;
#2016 = ORIENTED_EDGE ( 'NONE', *, *, #2894, .T. ) ;
#2017 = CIRCLE ( 'NONE', #8376, 0.2500000000000002200 ) ;
#2018 = ORIENTED_EDGE ( 'NONE', *, *, #2777, .F. ) ;
#2019 = DIRECTION ( 'NONE',  ( -8.673617379884004900E-016, 1.000000000000000000, -0.0000000000000000000 ) ) ;
#2020 = CARTESIAN_POINT ( 'NONE',  ( 1.330407161568939100E-016, 5.499999999999998200, -0.2500000000000002200 ) ) ;
#2021 = DIRECTION ( 'NONE',  ( 1.734723475976795500E-015, 1.000000000000000000, -0.0000000000000000000 ) ) ;
#2022 = ORIENTED_EDGE ( 'NONE', *, *, #5920, .T. ) ;
#2023 = AXIS2_PLACEMENT_3D ( 'NONE', #2699, #1937, #4261 ) ;
#2024 = DIRECTION ( 'NONE',  ( 0.0000000000000000000, 0.0000000000000000000, -1.000000000000000000 ) ) ;
#2025 = VERTEX_POINT ( 'NONE', #2866 ) ;
#2026 = CIRCLE ( 'NONE', #2353, 0.2500000000000002200 ) ;
#2027 = EDGE_LOOP ( 'NONE', ( #271, #7567, #6186, #8431 ) ) ;
#2028 = AXIS2_PLACEMENT_3D ( 'NONE', #1564, #2345, #8441 ) ;
#2029 = ORIENTED_EDGE ( 'NONE', *, *, #637, .F. ) ;
#2030 = EDGE_CURVE ( 'NONE', #2160, #9804, #1855, .T. ) ;
#2031 = TOROIDAL_SURFACE ( 'NONE', #2405, 0.2500000000000000000, 0.2500000000000000000 ) ;
#2032 = CARTESIAN_POINT ( 'NONE',  ( -4.676776695296637400, 6.969669914110092200, -9.999999999999998200 ) ) ;
#2033 = CARTESIAN_POINT ( 'NONE',  ( -19.49999999999999600, 0.2500000000000000000, -20.00000000000000000 ) ) ;
#2034 = DIRECTION ( 'NONE',  ( -1.000000000000000000, 0.0000000000000000000, 0.0000000000000000000 ) ) ;
#2035 = CARTESIAN_POINT ( 'NONE',  ( 6.000000000000003600, 0.0000000000000000000, -10.12499999999999800 ) ) ;
#2036 = ADVANCED_FACE ( 'NONE', ( #7160 ), #1035, .T. ) ;
#2037 = VERTEX_POINT ( 'NONE', #7531 ) ;
#2038 = EDGE_LOOP ( 'NONE', ( #1409, #285, #2367, #5498 ) ) ;
#2039 = AXIS2_PLACEMENT_3D ( 'NONE', #7509, #8271, #5868 ) ;
#2040 = ORIENTED_EDGE ( 'NONE', *, *, #3417, .T. ) ;
#2041 = EDGE_LOOP ( 'NONE', ( #1056, #5185, #5952, #9261 ) ) ;
#2042 = VECTOR ( 'NONE', #6613, 1000.000000000000000 ) ;
#2043 = CARTESIAN_POINT ( 'NONE',  ( -5.685295238724367400, 0.08432488663803181000, 0.3749999999999998900 ) ) ;
#2044 = DIRECTION ( 'NONE',  ( 0.0000000000000000000, 0.0000000000000000000, 1.000000000000000000 ) ) ;
#2045 = AXIS2_PLACEMENT_3D ( 'NONE', #4603, #8371, #5334 ) ;
#2046 = EDGE_CURVE ( 'NONE', #466, #8283, #7241, .T. ) ;
#2047 = CARTESIAN_POINT ( 'NONE',  ( 4.101061471818666400, 0.2500000000000002200, 20.00000000000000000 ) ) ;
#2048 = ORIENTED_EDGE ( 'NONE', *, *, #996, .F. ) ;
#2049 = VERTEX_POINT ( 'NONE', #1365 ) ;
#2050 = DIRECTION ( 'NONE',  ( 0.0000000000000000000, 0.0000000000000000000, 1.000000000000000000 ) ) ;
#2051 = FACE_OUTER_BOUND ( 'NONE', #5219, .T. ) ;
#2052 = LINE ( 'NONE', #779, #5107 ) ;
#2053 = CARTESIAN_POINT ( 'NONE',  ( 5.810746011250996500, 0.05071045344973449500, -0.007085098788929357300 ) ) ;
#2054 = CARTESIAN_POINT ( 'NONE',  ( 12.50000000000000000, 0.0000000000000000000, 9.650000000000002100 ) ) ;
#2055 = DIRECTION ( 'NONE',  ( 1.000000000000000000, 0.0000000000000000000, 0.0000000000000000000 ) ) ;
#2057 = EDGE_LOOP ( 'NONE', ( #3739, #4512, #5395, #3807 ) ) ;
#2056 = AXIS2_PLACEMENT_3D ( 'NONE', #3370, #7949, #4178 ) ;
#2058 = ORIENTED_EDGE ( 'NONE', *, *, #3109, .T. ) ;
#2059 = AXIS2_PLACEMENT_3D ( 'NONE', #5392, #2249, #737 ) ;
#2060 = EDGE_CURVE ( 'NONE', #2987, #5927, #8107, .T. ) ;
#2061 = DIRECTION ( 'NONE',  ( -1.000000000000000000, 8.023096076392724900E-015, 0.0000000000000000000 ) ) ;
#2062 = CIRCLE ( 'NONE', #6536, 0.09999999999999982500 ) ;
#2063 = EDGE_CURVE ( 'NONE', #7709, #8860, #3125, .T. ) ;
#2064 = VERTEX_POINT ( 'NONE', #2125 ) ;
#2065 = CARTESIAN_POINT ( 'NONE',  ( -5.000000000000000000, 6.792893218813454800, 20.00000000000000000 ) ) ;
#2066 = CARTESIAN_POINT ( 'NONE',  ( 2.000000000000000000, 5.499999999999998200, 20.00000000000000000 ) ) ;
#2067 = LINE ( 'NONE', #5900, #9741 ) ;
#2068 = DIRECTION ( 'NONE',  ( -1.000000000000000000, 0.0000000000000000000, 0.0000000000000000000 ) ) ;
#2069 = ORIENTED_EDGE ( 'NONE', *, *, #6180, .F. ) ;
#2070 = CARTESIAN_POINT ( 'NONE',  ( -12.50000000000000000, 0.0000000000000000000, -9.750000000000001800 ) ) ;
#2071 = FACE_OUTER_BOUND ( 'NONE', #2150, .T. ) ;
#2072 = AXIS2_PLACEMENT_3D ( 'NONE', #2877, #7516, #3651 ) ;
#2073 = CARTESIAN_POINT ( 'NONE',  ( 1.323223304703357900, 10.32322330470336300, -9.624999999999998200 ) ) ;
#2074 = ORIENTED_EDGE ( 'NONE', *, *, #7181, .F. ) ;
#2075 = ORIENTED_EDGE ( 'NONE', *, *, #7361, .T. ) ;
#2076 = ADVANCED_FACE ( 'NONE', ( #8926 ), #2310, .T. ) ;
#2077 = DIRECTION ( 'NONE',  ( 2.602085213965201600E-015, -1.000000000000000000, -0.0000000000000000000 ) ) ;
#2078 = EDGE_CURVE ( 'NONE', #9768, #7901, #6922, .T. ) ;
#2079 = CYLINDRICAL_SURFACE ( 'NONE', #6574, 2.000000000000000000 ) ;
#2080 = CIRCLE ( 'NONE', #6641, 0.5000000000000000000 ) ;
#2081 = AXIS2_PLACEMENT_3D ( 'NONE', #5360, #2385, #3124 ) ;
#2082 = DIRECTION ( 'NONE',  ( 1.000000000000000000, -1.214306433183763900E-014, 0.0000000000000000000 ) ) ;
#2083 = CARTESIAN_POINT ( 'NONE',  ( 19.29289321881344700, 5.000000000000010700, 20.00000000000000000 ) ) ;
#2084 = ORIENTED_EDGE ( 'NONE', *, *, #7314, .F. ) ;
#2085 = VECTOR ( 'NONE', #16, 1000.000000000000000 ) ;
#2086 = ORIENTED_EDGE ( 'NONE', *, *, #2434, .F. ) ;
#2087 = AXIS2_PLACEMENT_3D ( 'NONE', #5523, #1011, #9212 ) ;
#2088 = CIRCLE ( 'NONE', #5117, 0.2500000000000003300 ) ;
#2089 = DIRECTION ( 'NONE',  ( 0.7071067811865492400, -0.7071067811865458000, 0.0000000000000000000 ) ) ;
#2090 = DIRECTION ( 'NONE',  ( -0.0000000000000000000, -0.0000000000000000000, 1.000000000000000000 ) ) ;
#2091 = DIRECTION ( 'NONE',  ( -0.7071067811865458000, -0.7071067811865492400, 0.0000000000000000000 ) ) ;
#2092 = AXIS2_PLACEMENT_3D ( 'NONE', #6176, #3253, #9310 ) ;
#2093 = CARTESIAN_POINT ( 'NONE',  ( 1.330407161568939100E-016, 5.499999999999998200, 20.00000000000000000 ) ) ;
#2094 = EDGE_CURVE ( 'NONE', #7614, #2952, #1368, .T. ) ;
#2095 = ORIENTED_EDGE ( 'NONE', *, *, #3170, .T. ) ;
#2096 = FACE_OUTER_BOUND ( 'NONE', #3632, .T. ) ;
#2097 = PLANE ( 'NONE',  #3794 ) ;
#2098 = FACE_OUTER_BOUND ( 'NONE', #1070, .T. ) ;
#2099 = DIRECTION ( 'NONE',  ( -0.0000000000000000000, -0.0000000000000000000, 1.000000000000000000 ) ) ;
#2100 = VERTEX_POINT ( 'NONE', #6675 ) ;
#2101 = LINE ( 'NONE', #1030, #1279 ) ;
#2102 = CIRCLE ( 'NONE', #1999, 2.749999999999999100 ) ;
#2103 = CARTESIAN_POINT ( 'NONE',  ( -5.685295238724367400, 0.08432488663803162900, 9.750000000000000000 ) ) ;
#2104 = ORIENTED_EDGE ( 'NONE', *, *, #1874, .T. ) ;
#2105 = AXIS2_PLACEMENT_3D ( 'NONE', #694, #1597, #8406 ) ;
#2106 = DIRECTION ( 'NONE',  ( -0.0000000000000000000, 0.0000000000000000000, 1.000000000000000000 ) ) ;
#2107 = EDGE_LOOP ( 'NONE', ( #6540, #3154, #6020, #9739 ) ) ;
#2108 = EDGE_CURVE ( 'NONE', #8012, #4664, #7635, .T. ) ;
#2109 = DIRECTION ( 'NONE',  ( 0.7071067811865492400, -0.7071067811865458000, 1.203706215242022700E-029 ) ) ;
#2110 = DIRECTION ( 'NONE',  ( 1.000000000000000000, -1.387778780781444400E-014, 0.0000000000000000000 ) ) ;
#2111 = EDGE_CURVE ( 'NONE', #7834, #8860, #9639, .T. ) ;
#2112 = ORIENTED_EDGE ( 'NONE', *, *, #4818, .F. ) ;
#2113 = VECTOR ( 'NONE', #1160, 1000.000000000000000 ) ;
#2114 = VECTOR ( 'NONE', #7, 1000.000000000000000 ) ;
#2115 = CARTESIAN_POINT ( 'NONE',  ( -19.67677669529662800, 4.969669914110092200, -20.00000000000000000 ) ) ;
#2116 = ORIENTED_EDGE ( 'NONE', *, *, #603, .T. ) ;
#2117 = ORIENTED_EDGE ( 'NONE', *, *, #8697, .T. ) ;
#2118 = DIRECTION ( 'NONE',  ( -1.000000000000000000, 0.0000000000000000000, 0.0000000000000000000 ) ) ;
#2119 = EDGE_CURVE ( 'NONE', #6920, #1841, #3843, .T. ) ;
#2120 = AXIS2_PLACEMENT_3D ( 'NONE', #3132, #6157, #8476 ) ;
#2121 = EDGE_CURVE ( 'NONE', #4469, #277, #6573, .T. ) ;
#2122 = DIRECTION ( 'NONE',  ( 0.7071067811865492400, -0.7071067811865458000, 0.0000000000000000000 ) ) ;
#2123 = ORIENTED_EDGE ( 'NONE', *, *, #1444, .T. ) ;
#2124 = CIRCLE ( 'NONE', #5394, 2.000000000000000000 ) ;
#2125 = CARTESIAN_POINT ( 'NONE',  ( 4.750000000000002700, 6.792893218813461000, -10.00000000000000200 ) ) ;
#2126 = CARTESIAN_POINT ( 'NONE',  ( 4.853553390593274800, 7.146446609406734900, -10.24999999999999800 ) ) ;
#2127 = EDGE_CURVE ( 'NONE', #246, #2603, #4913, .T. ) ;
#2128 = ORIENTED_EDGE ( 'NONE', *, *, #3503, .T. ) ;
#2129 = PRODUCT_RELATED_PRODUCT_CATEGORY ( 'detail', '', ( #7270 ) ) ;
#2130 = ADVANCED_FACE ( 'NONE', ( #2879 ), #8215, .T. ) ;
#2131 = VERTEX_POINT ( 'NONE', #4558 ) ;
#2132 = CYLINDRICAL_SURFACE ( 'NONE', #7346, 0.2500000000000002200 ) ;
#2133 = FACE_OUTER_BOUND ( 'NONE', #2704, .T. ) ;
#2134 = AXIS2_PLACEMENT_3D ( 'NONE', #8080, #7377, #6911 ) ;
#2135 = VERTEX_POINT ( 'NONE', #2313 ) ;
#2136 = CONICAL_SURFACE ( 'NONE', #1674, 2.749999999999999100, 0.7378150601204653800 ) ;
#2137 = ORIENTED_EDGE ( 'NONE', *, *, #4519, .F. ) ;
#2138 = EDGE_CURVE ( 'NONE', #5585, #11, #430, .T. ) ;
#2139 = VERTEX_POINT ( 'NONE', #7673 ) ;
#2140 = VECTOR ( 'NONE', #6843, 1000.000000000000000 ) ;
#2141 = ORIENTED_EDGE ( 'NONE', *, *, #590, .F. ) ;
#2142 = EDGE_LOOP ( 'NONE', ( #1578, #7726, #8409, #249 ) ) ;
#2143 = CARTESIAN_POINT ( 'NONE',  ( 2.000000000000000000, 5.499999999999998200, 20.00000000000000000 ) ) ;
#2144 = VERTEX_POINT ( 'NONE', #3905 ) ;
#2145 = AXIS2_PLACEMENT_3D ( 'NONE', #9125, #3730, #5228 ) ;
#2146 = ORIENTED_EDGE ( 'NONE', *, *, #2780, .F. ) ;
#2147 = LINE ( 'NONE', #2564, #7000 ) ;
#2148 = DIRECTION ( 'NONE',  ( 0.0000000000000000000, 0.0000000000000000000, -1.000000000000000000 ) ) ;
#2149 = AXIS2_PLACEMENT_3D ( 'NONE', #2656, #399, #2634 ) ;
#2150 = EDGE_LOOP ( 'NONE', ( #7732, #3334, #8292, #3347 ) ) ;
#2151 = EDGE_LOOP ( 'NONE', ( #4971, #3198, #6999, #262 ) ) ;
#2152 = EDGE_CURVE ( 'NONE', #3202, #9029, #8811, .T. ) ;
#2153 = CARTESIAN_POINT ( 'NONE',  ( 2.792893218813457400, 8.749999999999998200, 10.12500000000000000 ) ) ;
#2154 = VERTEX_POINT ( 'NONE', #7715 ) ;
#2155 = ORIENTED_EDGE ( 'NONE', *, *, #308, .T. ) ;
#2156 = CIRCLE ( 'NONE', #3879, 0.5000000000000004400 ) ;
#2157 = CARTESIAN_POINT ( 'NONE',  ( 1.330407161568939100E-016, 5.499999999999998200, -9.774999999999998600 ) ) ;
#2158 = AXIS2_PLACEMENT_3D ( 'NONE', #2982, #4542, #4509 ) ;
#2159 = CARTESIAN_POINT ( 'NONE',  ( 4.750000000000002700, 6.792893218813461000, 0.1250000000000001100 ) ) ;
#2160 = VERTEX_POINT ( 'NONE', #5423 ) ;
#2161 = ORIENTED_EDGE ( 'NONE', *, *, #8432, .F. ) ;
#2162 = CYLINDRICAL_SURFACE ( 'NONE', #5431, 0.2499999999999999200 ) ;
#2163 = VECTOR ( 'NONE', #2606, 1000.000000000000000 ) ;
#2164 = AXIS2_PLACEMENT_3D ( 'NONE', #4714, #2403, #1608 ) ;
#2165 = DIRECTION ( 'NONE',  ( -1.000000000000000000, 0.0000000000000000000, 2.891205793294679800E-016 ) ) ;
#2166 = EDGE_CURVE ( 'NONE', #4065, #4462, #2080, .T. ) ;
#2167 = ORIENTED_EDGE ( 'NONE', *, *, #6311, .F. ) ;
#2168 = CARTESIAN_POINT ( 'NONE',  ( 4.749999999999990200, -8.239936510889761100E-015, 19.75000000000000000 ) ) ;
#2169 = ADVANCED_FACE ( 'NONE', ( #2187 ), #4554, .T. ) ;
#2170 = CIRCLE ( 'NONE', #1601, 0.5000000000000004400 ) ;
#2171 = CARTESIAN_POINT ( 'NONE',  ( -6.249999999999996400, 5.249999999999996400, 10.25000000000000000 ) ) ;
#2172 = AXIS2_PLACEMENT_3D ( 'NONE', #9196, #3955, #5476 ) ;
#2173 = AXIS2_PLACEMENT_3D ( 'NONE', #6980, #6264, #3205 ) ;
#2174 = CARTESIAN_POINT ( 'NONE',  ( -19.99999999999999600, 5.000000000000000000, 20.00000000000000000 ) ) ;
#2175 = ORIENTED_EDGE ( 'NONE', *, *, #9177, .T. ) ;
#2176 = EDGE_CURVE ( 'NONE', #5095, #7841, #3365, .T. ) ;
#2177 = DIRECTION ( 'NONE',  ( 0.0000000000000000000, 0.0000000000000000000, -1.000000000000000000 ) ) ;
#2178 = EDGE_CURVE ( 'NONE', #6423, #7670, #5866, .T. ) ;
#2179 = VECTOR ( 'NONE', #2684, 1000.000000000000000 ) ;
#2180 = DIRECTION ( 'NONE',  ( 1.000000000000000000, 0.0000000000000000000, 0.0000000000000000000 ) ) ;
#2181 = DIRECTION ( 'NONE',  ( -1.734723475976795500E-015, -1.000000000000000000, 0.0000000000000000000 ) ) ;
#2182 = CARTESIAN_POINT ( 'NONE',  ( 2.792893218813457400, 8.749999999999998200, 9.750000000000000000 ) ) ;
#2183 = EDGE_LOOP ( 'NONE', ( #8976, #167, #8442, #1996 ) ) ;
#2184 = DIRECTION ( 'NONE',  ( 0.0000000000000000000, -1.000000000000000000, 0.0000000000000000000 ) ) ;
#2185 = CARTESIAN_POINT ( 'NONE',  ( -5.685295238724367400, 0.08432488663803165700, -10.24999999999999600 ) ) ;
#2186 = DIRECTION ( 'NONE',  ( 0.0000000000000000000, 0.0000000000000000000, -1.000000000000000000 ) ) ;
#2187 = FACE_OUTER_BOUND ( 'NONE', #1322, .T. ) ;
#2188 = CARTESIAN_POINT ( 'NONE',  ( -3.000000000000002700, 9.000000000000000000, 20.00000000000000000 ) ) ;
#2189 = DIRECTION ( 'NONE',  ( 0.0000000000000000000, 1.000000000000000000, -0.0000000000000000000 ) ) ;
#2190 = VERTEX_POINT ( 'NONE', #2350 ) ;
#2191 = DIRECTION ( 'NONE',  ( -0.7071067811865474600, -0.7071067811865474600, 0.0000000000000000000 ) ) ;
#2192 = LINE ( 'NONE', #6213, #6466 ) ;
#2193 = FACE_OUTER_BOUND ( 'NONE', #4301, .T. ) ;
#2194 = AXIS2_PLACEMENT_3D ( 'NONE', #5071, #5844, #3589 ) ;
#2195 = DIRECTION ( 'NONE',  ( 0.0000000000000000000, 0.0000000000000000000, -1.000000000000000000 ) ) ;
#2196 = DIRECTION ( 'NONE',  ( 0.0000000000000000000, -1.000000000000000000, 0.0000000000000000000 ) ) ;
#2197 = DIRECTION ( 'NONE',  ( -0.0000000000000000000, 1.000000000000000000, -0.0000000000000000000 ) ) ;
#2198 = VERTEX_POINT ( 'NONE', #6806 ) ;
#2199 = CIRCLE ( 'NONE', #883, 0.2500000000000002200 ) ;
#2200 = AXIS2_PLACEMENT_3D ( 'NONE', #8226, #1698, #324 ) ;
#2201 = DIRECTION ( 'NONE',  ( 2.891205793294680300E-016, 0.0000000000000000000, 1.000000000000000000 ) ) ;
#2202 = AXIS2_PLACEMENT_3D ( 'NONE', #7230, #5800, #9531 ) ;
#2203 = DIRECTION ( 'NONE',  ( -1.000000000000000000, 0.0000000000000000000, 0.0000000000000000000 ) ) ;
#2204 = EDGE_LOOP ( 'NONE', ( #1330, #1932, #7345, #8535 ) ) ;
#2205 = LINE ( 'NONE', #3451, #1870 ) ;
#2206 = TOROIDAL_SURFACE ( 'NONE', #2557, 0.2500000000000000000, 0.2500000000000000000 ) ;
#2207 = DIRECTION ( 'NONE',  ( 2.891205793294680300E-016, 0.0000000000000000000, 1.000000000000000000 ) ) ;
#2208 = CARTESIAN_POINT ( 'NONE',  ( 19.50000000000000400, 0.2500000000000000000, 19.75000000000000000 ) ) ;
#2209 = FACE_OUTER_BOUND ( 'NONE', #5575, .T. ) ;
#2210 = ADVANCED_FACE ( 'NONE', ( #2555 ), #2436, .T. ) ;
#2211 = AXIS2_PLACEMENT_3D ( 'NONE', #8577, #1761, #3297 ) ;
#2212 = CARTESIAN_POINT ( 'NONE',  ( -2.792893218813456500, 8.749999999999998200, -9.874999999999998200 ) ) ;
#2213 = EDGE_CURVE ( 'NONE', #8961, #8497, #8698, .T. ) ;
#2214 = CARTESIAN_POINT ( 'NONE',  ( 6.000000000000003600, -2.168404344971008900E-016, -9.691987298107777700 ) ) ;
#2215 = DIRECTION ( 'NONE',  ( 0.0000000000000000000, 0.0000000000000000000, -1.000000000000000000 ) ) ;
#2216 = ORIENTED_EDGE ( 'NONE', *, *, #6555, .T. ) ;
#2217 = CIRCLE ( 'NONE', #7039, 0.09999999999999939500 ) ;
#2218 = CIRCLE ( 'NONE', #6481, 0.2500000000000000000 ) ;
#2219 = DIRECTION ( 'NONE',  ( 0.0000000000000000000, 0.0000000000000000000, -1.000000000000000000 ) ) ;
#2220 = ORIENTED_EDGE ( 'NONE', *, *, #9197, .F. ) ;
#2221 = CARTESIAN_POINT ( 'NONE',  ( 6.250000000000003600, 5.499999999999999100, 20.00000000000000000 ) ) ;
#2222 = ORIENTED_EDGE ( 'NONE', *, *, #7811, .F. ) ;
#2223 = DIRECTION ( 'NONE',  ( -1.000000000000000000, 0.0000000000000000000, 0.0000000000000000000 ) ) ;
#2224 = ORIENTED_EDGE ( 'NONE', *, *, #8704, .F. ) ;
#2225 = FACE_OUTER_BOUND ( 'NONE', #1561, .T. ) ;
#2226 = CIRCLE ( 'NONE', #3952, 0.2500000000000002200 ) ;
#2227 = AXIS2_PLACEMENT_3D ( 'NONE', #2649, #9522, #7976 ) ;
#2228 = DIRECTION ( 'NONE',  ( 1.000000000000000000, 8.673617379884004900E-016, -0.0000000000000000000 ) ) ;
#2229 = ORIENTED_EDGE ( 'NONE', *, *, #8205, .F. ) ;
#2230 = EDGE_CURVE ( 'NONE', #8956, #9338, #7986, .T. ) ;
#2231 = DIRECTION ( 'NONE',  ( 0.0000000000000000000, 1.000000000000000000, 0.0000000000000000000 ) ) ;
#2232 = DIRECTION ( 'NONE',  ( 0.0000000000000000000, 1.000000000000000000, 0.0000000000000000000 ) ) ;
#2233 = ORIENTED_EDGE ( 'NONE', *, *, #618, .F. ) ;
#2234 = CARTESIAN_POINT ( 'NONE',  ( 1.330407161568939100E-016, 5.499999999999998200, 0.0000000000000000000 ) ) ;
#2235 = ORIENTED_EDGE ( 'NONE', *, *, #7159, .T. ) ;
#2236 = DIRECTION ( 'NONE',  ( -0.0000000000000000000, -0.0000000000000000000, 1.000000000000000000 ) ) ;
#2237 = DIRECTION ( 'NONE',  ( 0.0000000000000000000, 0.0000000000000000000, -1.000000000000000000 ) ) ;
#2238 = VECTOR ( 'NONE', #7166, 1000.000000000000000 ) ;
#2239 = CARTESIAN_POINT ( 'NONE',  ( -0.4019237886466662800, 1.499999999999968700, -19.75000000000000000 ) ) ;
#2240 = ORIENTED_EDGE ( 'NONE', *, *, #650, .F. ) ;
#2241 = CIRCLE ( 'NONE', #7541, 2.749999999999999100 ) ;
#2242 = CARTESIAN_POINT ( 'NONE',  ( 5.685295238724374500, 0.08432488663803178200, -9.624999999999998200 ) ) ;
#2243 = VERTEX_POINT ( 'NONE', #3267 ) ;
#2244 = EDGE_LOOP ( 'NONE', ( #7245, #2421, #7708, #373 ) ) ;
#2245 = LINE ( 'NONE', #198, #5440 ) ;
#2246 = DIRECTION ( 'NONE',  ( -0.0000000000000000000, 1.000000000000000000, 0.0000000000000000000 ) ) ;
#2247 = CARTESIAN_POINT ( 'NONE',  ( -12.50000000000000000, 2.778606591926445500, 12.50000000000000000 ) ) ;
#2248 = DIRECTION ( 'NONE',  ( -1.000000000000000000, 0.0000000000000000000, 0.0000000000000000000 ) ) ;
#2249 = DIRECTION ( 'NONE',  ( -2.602085213965201600E-015, 1.000000000000000000, 0.0000000000000000000 ) ) ;
#2250 = ORIENTED_EDGE ( 'NONE', *, *, #5670, .F. ) ;
#2251 = VECTOR ( 'NONE', #1162, 1000.000000000000000 ) ;
#2252 = ORIENTED_EDGE ( 'NONE', *, *, #9559, .F. ) ;
#2253 = CARTESIAN_POINT ( 'NONE',  ( 5.957230827270184800, 0.01145996529388405200, -0.09695989333865279200 ) ) ;
#2254 = ADVANCED_FACE ( 'NONE', ( #5627 ), #6096, .T. ) ;
#2255 = ORIENTED_EDGE ( 'NONE', *, *, #6088, .T. ) ;
#2256 = VECTOR ( 'NONE', #2999, 1000.000000000000000 ) ;
#2257 = EDGE_CURVE ( 'NONE', #2953, #1893, #4683, .T. ) ;
#2258 = CARTESIAN_POINT ( 'NONE',  ( -5.749999999999996400, 5.249999999999997300, 10.00000000000000000 ) ) ;
#2259 =( BOUNDED_CURVE ( )  B_SPLINE_CURVE ( 3, ( #8701, #9233, #2428, #1119 ),
 .UNSPECIFIED., .F., .F. ) 
 B_SPLINE_CURVE_WITH_KNOTS ( ( 4, 4 ),
 ( 0.9693613261150105800, 1.570796326794899400 ),
 .UNSPECIFIED. ) 
 CURVE ( )  GEOMETRIC_REPRESENTATION_ITEM ( )  RATIONAL_B_SPLINE_CURVE ( ( 1.000000000000000000, 0.9700828049254923700, 0.9700828049254923700, 1.000000000000000000 ) ) 
 REPRESENTATION_ITEM ( '' )  );
#2260 = DIRECTION ( 'NONE',  ( -1.000000000000000000, 0.0000000000000000000, 0.0000000000000000000 ) ) ;
#2261 = EDGE_CURVE ( 'NONE', #9414, #7964, #3607, .T. ) ;
#2262 = ORIENTED_EDGE ( 'NONE', *, *, #2662, .F. ) ;
#2263 = ORIENTED_EDGE ( 'NONE', *, *, #2615, .T. ) ;
#2264 = ORIENTED_EDGE ( 'NONE', *, *, #8127, .T. ) ;
#2265 = DIRECTION ( 'NONE',  ( 0.2588190451025158500, -0.9659258262890697600, 0.0000000000000000000 ) ) ;
#2266 = ORIENTED_EDGE ( 'NONE', *, *, #7340, .F. ) ;
#2267 = LINE ( 'NONE', #8733, #6309 ) ;
#2268 = CARTESIAN_POINT ( 'NONE',  ( -2.792893218813456500, 9.000000000000000000, 0.3750000000000001100 ) ) ;
#2269 = ADVANCED_FACE ( 'NONE', ( #6679 ), #6802, .T. ) ;
#2270 = CARTESIAN_POINT ( 'NONE',  ( 4.750000000000002700, 6.792893218813461000, -10.24999999999999800 ) ) ;
#2271 = PLANE ( 'NONE',  #5250 ) ;
#2272 = ORIENTED_EDGE ( 'NONE', *, *, #2111, .T. ) ;
#2273 = AXIS2_PLACEMENT_3D ( 'NONE', #9109, #9075, #6109 ) ;
#2274 = VERTEX_POINT ( 'NONE', #222 ) ;
#2275 = DIRECTION ( 'NONE',  ( -0.7071067811865481300, 0.7071067811865469100, 0.0000000000000000000 ) ) ;
#2276 = CONICAL_SURFACE ( 'NONE', #1023, 2.749999999999999100, 0.7378150601204653800 ) ;
#2277 = CIRCLE ( 'NONE', #347, 0.2500000000000002200 ) ;
#2278 = CARTESIAN_POINT ( 'NONE',  ( -6.249999999999996400, 5.249999999999996400, 20.00000000000000000 ) ) ;
#2279 = AXIS2_PLACEMENT_3D ( 'NONE', #3608, #2967, #6680 ) ;
#2280 = EDGE_CURVE ( 'NONE', #1308, #6524, #2658, .T. ) ;
#2281 = DIRECTION ( 'NONE',  ( -0.0000000000000000000, -0.0000000000000000000, -1.000000000000000000 ) ) ;
#2282 = VERTEX_POINT ( 'NONE', #252 ) ;
#2283 = ORIENTED_EDGE ( 'NONE', *, *, #987, .T. ) ;
#2284 = DIRECTION ( 'NONE',  ( 0.7071067811865458000, 0.7071067811865492400, 0.0000000000000000000 ) ) ;
#2285 = VECTOR ( 'NONE', #6351, 1000.000000000000000 ) ;
#2286 = AXIS2_PLACEMENT_3D ( 'NONE', #8970, #3718, #6827 ) ;
#2287 = DIRECTION ( 'NONE',  ( 0.0000000000000000000, 0.0000000000000000000, -1.000000000000000000 ) ) ;
#2288 = DIRECTION ( 'NONE',  ( 0.7071067811865474600, 0.7071067811865474600, 0.0000000000000000000 ) ) ;
#2289 = ORIENTED_EDGE ( 'NONE', *, *, #4440, .F. ) ;
#2290 = CARTESIAN_POINT ( 'NONE',  ( -5.749999999999996400, 0.2500000000000002200, 10.25000000000000000 ) ) ;
#2291 = EDGE_CURVE ( 'NONE', #2518, #9478, #549, .T. ) ;
#2292 = FACE_OUTER_BOUND ( 'NONE', #8419, .T. ) ;
#2293 = EDGE_CURVE ( 'NONE', #5261, #7457, #3966, .T. ) ;
#2294 = ORIENTED_EDGE ( 'NONE', *, *, #5158, .F. ) ;
#2295 = DIRECTION ( 'NONE',  ( 0.0000000000000000000, 0.0000000000000000000, -1.000000000000000000 ) ) ;
#2296 = DIRECTION ( 'NONE',  ( 0.0000000000000000000, 0.0000000000000000000, -1.000000000000000000 ) ) ;
#2297 = CARTESIAN_POINT ( 'NONE',  ( -5.999999999999996400, 0.0000000000000000000, -19.75000000000000000 ) ) ;
#2298 = DIRECTION ( 'NONE',  ( -0.0000000000000000000, -0.0000000000000000000, -1.000000000000000000 ) ) ;
#2299 = LINE ( 'NONE', #7892, #7392 ) ;
#2300 = ADVANCED_FACE ( 'NONE', ( #5975 ), #8469, .T. ) ;
#2301 = EDGE_CURVE ( 'NONE', #7350, #1407, #1965, .T. ) ;
#2302 = CARTESIAN_POINT ( 'NONE',  ( 5.250000000000000000, 5.499999999999998200, -9.624999999999998200 ) ) ;
#2303 = AXIS2_PLACEMENT_3D ( 'NONE', #5426, #9149, #9110 ) ;
#2304 = EDGE_CURVE ( 'NONE', #4664, #8330, #783, .T. ) ;
#2305 = CARTESIAN_POINT ( 'NONE',  ( -4.500000000000000900, 6.792893218813454800, 10.37500000000000000 ) ) ;
#2306 = ORIENTED_EDGE ( 'NONE', *, *, #3417, .F. ) ;
#2307 = EDGE_CURVE ( 'NONE', #1324, #1497, #8599, .T. ) ;
#2308 = CARTESIAN_POINT ( 'NONE',  ( 19.75000000000000400, 0.5000000000000000000, 20.00000000000000000 ) ) ;
#2309 = FACE_OUTER_BOUND ( 'NONE', #2946, .T. ) ;
#2310 = TOROIDAL_SURFACE ( 'NONE', #2884, 5.294236988611968900, 0.1000000000000000100 ) ;
#2311 = CARTESIAN_POINT ( 'NONE',  ( 12.50000000000000000, 0.0000000000000000000, 15.25000000000000000 ) ) ;
#2312 = CARTESIAN_POINT ( 'NONE',  ( -4.676776695296635600, 6.969669914110090400, 20.00000000000000000 ) ) ;
#2313 = CARTESIAN_POINT ( 'NONE',  ( 5.250000000000000000, 5.249999999999997300, 0.0000000000000000000 ) ) ;
#2314 = CARTESIAN_POINT ( 'NONE',  ( -5.869215054525358100, 0.03504372052207591100, -9.974104088815506600 ) ) ;
#2315 = ADVANCED_FACE ( 'NONE', ( #2768 ), #2271, .F. ) ;
#2316 = ORIENTED_EDGE ( 'NONE', *, *, #8596, .F. ) ;
#2317 = FACE_OUTER_BOUND ( 'NONE', #28, .T. ) ;
#2318 = DIRECTION ( 'NONE',  ( 1.000000000000000000, 0.0000000000000000000, 0.0000000000000000000 ) ) ;
#2319 = CIRCLE ( 'NONE', #3339, 0.5000000000000004400 ) ;
#2320 = DIRECTION ( 'NONE',  ( -0.0000000000000000000, -1.000000000000000000, 0.0000000000000000000 ) ) ;
#2321 = CARTESIAN_POINT ( 'NONE',  ( -4.165766233094293700, 0.4914814565722673800, 20.00000000000000000 ) ) ;
#2322 = CARTESIAN_POINT ( 'NONE',  ( -2.792893218813456500, 9.000000000000000000, -0.2500000000000002200 ) ) ;
#2323 = ADVANCED_FACE ( 'NONE', ( #5129 ), #3117, .T. ) ;
#2324 = ORIENTED_EDGE ( 'NONE', *, *, #7282, .F. ) ;
#2325 = VECTOR ( 'NONE', #2742, 1000.000000000000000 ) ;
#2326 = COORDINATED_UNIVERSAL_TIME_OFFSET ( 6, 0, .BEHIND. ) ;
#2327 = AXIS2_PLACEMENT_3D ( 'NONE', #4263, #4953, #6485 ) ;
#2328 = DIRECTION ( 'NONE',  ( 0.0000000000000000000, 0.0000000000000000000, 1.000000000000000000 ) ) ;
#2329 = CARTESIAN_POINT ( 'NONE',  ( 12.50000000000000000, 0.1000000000000000100, -12.50000000000000000 ) ) ;
#2330 = CYLINDRICAL_SURFACE ( 'NONE', #4221, 5.000000000000000000 ) ;
#2331 = DIRECTION ( 'NONE',  ( -0.7071067811865475700, -0.7071067811865475700, 0.0000000000000000000 ) ) ;
#2332 = CARTESIAN_POINT ( 'NONE',  ( 4.676776695296638300, 6.969669914110096600, -19.75000000000000000 ) ) ;
#2333 = CARTESIAN_POINT ( 'NONE',  ( 4.101061471818666400, 0.7500000000000001100, 20.00000000000000000 ) ) ;
#2334 = AXIS2_PLACEMENT_3D ( 'NONE', #8807, #1928, #2693 ) ;
#2335 = EDGE_CURVE ( 'NONE', #6371, #166, #4085, .T. ) ;
#2336 = DIRECTION ( 'NONE',  ( 0.0000000000000000000, 1.000000000000000000, 0.0000000000000000000 ) ) ;
#2337 = ORIENTED_EDGE ( 'NONE', *, *, #7052, .F. ) ;
#2338 = FACE_OUTER_BOUND ( 'NONE', #5312, .T. ) ;
#2339 = DIRECTION ( 'NONE',  ( 0.7071067811865536800, 0.7071067811865414700, 0.0000000000000000000 ) ) ;
#2340 = ORIENTED_EDGE ( 'NONE', *, *, #3867, .T. ) ;
#2341 = DIRECTION ( 'NONE',  ( -0.7071067811865501300, 0.7071067811865449100, 0.0000000000000000000 ) ) ;
#2342 = VERTEX_POINT ( 'NONE', #2333 ) ;
#2343 = DIRECTION ( 'NONE',  ( -2.891205793294680300E-016, -0.0000000000000000000, -1.000000000000000000 ) ) ;
#2344 = AXIS2_PLACEMENT_3D ( 'NONE', #2507, #4027, #1656 ) ;
#2345 = DIRECTION ( 'NONE',  ( 0.0000000000000000000, -1.000000000000000000, 0.0000000000000000000 ) ) ;
#2346 = DIRECTION ( 'NONE',  ( 1.000000000000000000, 0.0000000000000000000, 0.0000000000000000000 ) ) ;
#2347 = ORIENTED_EDGE ( 'NONE', *, *, #1691, .F. ) ;
#2348 = FACE_OUTER_BOUND ( 'NONE', #4286, .T. ) ;
#2349 = VECTOR ( 'NONE', #1865, 1000.000000000000100 ) ;
#2350 = CARTESIAN_POINT ( 'NONE',  ( -19.49999999999999600, 0.2500000000000000000, 20.00000000000000000 ) ) ;
#2351 = DIRECTION ( 'NONE',  ( -1.000000000000000000, 0.0000000000000000000, 0.0000000000000000000 ) ) ;
#2352 = ORIENTED_EDGE ( 'NONE', *, *, #7851, .F. ) ;
#2353 = AXIS2_PLACEMENT_3D ( 'NONE', #7749, #982, #6360 ) ;
#2354 = CARTESIAN_POINT ( 'NONE',  ( 17.79423698861199600, 5.500000000000008000, 12.50000000000000000 ) ) ;
#2355 = EDGE_LOOP ( 'NONE', ( #7332, #4788, #2950, #2727 ) ) ;
#2356 = EDGE_CURVE ( 'NONE', #8436, #7955, #5379, .T. ) ;
#2357 = ADVANCED_FACE ( 'NONE', ( #3715 ), #5510, .T. ) ;
#2358 = ORIENTED_EDGE ( 'NONE', *, *, #1151, .T. ) ;
#2359 = DIRECTION ( 'NONE',  ( -0.0000000000000000000, -0.0000000000000000000, 1.000000000000000000 ) ) ;
#2360 = CIRCLE ( 'NONE', #1345, 0.2500000000000002200 ) ;
#2361 = DIRECTION ( 'NONE',  ( 0.0000000000000000000, 0.0000000000000000000, 1.000000000000000000 ) ) ;
#2362 = ORIENTED_EDGE ( 'NONE', *, *, #1809, .F. ) ;
#2363 = VECTOR ( 'NONE', #3631, 1000.000000000000100 ) ;
#2364 = CARTESIAN_POINT ( 'NONE',  ( 5.750000000000003600, 5.499999999999999100, -10.12499999999999800 ) ) ;
#2365 = ORIENTED_EDGE ( 'NONE', *, *, #5863, .T. ) ;
#2366 = DIRECTION ( 'NONE',  ( 0.0000000000000000000, -1.000000000000000000, 0.0000000000000000000 ) ) ;
#2367 = ORIENTED_EDGE ( 'NONE', *, *, #304, .T. ) ;
#2368 = FACE_OUTER_BOUND ( 'NONE', #563, .T. ) ;
#2369 = CARTESIAN_POINT ( 'NONE',  ( 2.969669914110094000, 8.676776695296634800, 0.0000000000000000000 ) ) ;
#2370 = AXIS2_PLACEMENT_3D ( 'NONE', #7223, #2003, #7287 ) ;
#2371 = VECTOR ( 'NONE', #3061, 1000.000000000000000 ) ;
#2372 = CARTESIAN_POINT ( 'NONE',  ( 2.792893218813457400, 8.499999999999998200, 9.750000000000000000 ) ) ;
#2373 = EDGE_CURVE ( 'NONE', #5697, #1400, #8590, .T. ) ;
#2374 = ADVANCED_FACE ( 'NONE', ( #9401 ), #5995, .F. ) ;
#2375 = ORIENTED_EDGE ( 'NONE', *, *, #9142, .F. ) ;
#2376 = FACE_OUTER_BOUND ( 'NONE', #3039, .T. ) ;
#2377 = DIRECTION ( 'NONE',  ( 0.0000000000000000000, 0.0000000000000000000, 1.000000000000000000 ) ) ;
#2378 = EDGE_CURVE ( 'NONE', #7140, #4, #6794, .T. ) ;
#2379 = DIRECTION ( 'NONE',  ( 0.0000000000000000000, -1.000000000000000000, 0.0000000000000000000 ) ) ;
#2380 = ORIENTED_EDGE ( 'NONE', *, *, #5640, .T. ) ;
#2381 = ORIENTED_EDGE ( 'NONE', *, *, #8097, .T. ) ;
#2382 = CIRCLE ( 'NONE', #2120, 0.2500000000000002200 ) ;
#2383 = DIRECTION ( 'NONE',  ( 0.0000000000000000000, 0.0000000000000000000, -1.000000000000000000 ) ) ;
#2384 = DIRECTION ( 'NONE',  ( -0.0000000000000000000, -0.0000000000000000000, 1.000000000000000000 ) ) ;
#2385 = DIRECTION ( 'NONE',  ( -1.000000000000000000, 0.0000000000000000000, 2.891205793294680300E-016 ) ) ;
#2386 = VERTEX_POINT ( 'NONE', #756 ) ;
#2387 = ORIENTED_EDGE ( 'NONE', *, *, #1331, .T. ) ;
#2388 = ORIENTED_EDGE ( 'NONE', *, *, #451, .F. ) ;
#2389 = ADVANCED_FACE ( 'NONE', ( #3837 ), #9290, .T. ) ;
#2390 = CARTESIAN_POINT ( 'NONE',  ( -4.750000000000000000, 5.750000000000000000, 9.750000000000000000 ) ) ;
#2391 = CARTESIAN_POINT ( 'NONE',  ( -4.853553390593274000, 7.146446609406727800, 19.75000000000000000 ) ) ;
#2392 = ORIENTED_EDGE ( 'NONE', *, *, #8379, .T. ) ;
#2393 = CIRCLE ( 'NONE', #9071, 0.2500000000000000600 ) ;
#2394 = VERTEX_POINT ( 'NONE', #6282 ) ;
#2395 = VERTEX_POINT ( 'NONE', #9311 ) ;
#2396 = DIRECTION ( 'NONE',  ( 0.7071067811865475700, -0.7071067811865475700, 0.0000000000000000000 ) ) ;
#2397 = EDGE_LOOP ( 'NONE', ( #8660, #5625 ) ) ;
#2398 = AXIS2_PLACEMENT_3D ( 'NONE', #7623, #4574, #5409 ) ;
#2399 = CARTESIAN_POINT ( 'NONE',  ( -12.50000000000000000, 0.1000000000000000100, -9.750000000000001800 ) ) ;
#2400 = ORIENTED_EDGE ( 'NONE', *, *, #4165, .T. ) ;
#2401 = CARTESIAN_POINT ( 'NONE',  ( -6.000000000003527800, -9.462742558603353300E-013, -10.17737191082224900 ) ) ;
#2402 = LINE ( 'NONE', #5828, #2042 ) ;
#2403 = DIRECTION ( 'NONE',  ( 0.0000000000000000000, -0.0000000000000000000, -1.000000000000000000 ) ) ;
#2404 = DIRECTION ( 'NONE',  ( -0.7071067811865490200, 0.7071067811865460200, -0.0000000000000000000 ) ) ;
#2405 = AXIS2_PLACEMENT_3D ( 'NONE', #3898, #6044, #3792 ) ;
#2406 = ORIENTED_EDGE ( 'NONE', *, *, #88, .F. ) ;
#2407 = ORIENTED_EDGE ( 'NONE', *, *, #3047, .F. ) ;
#2408 = CARTESIAN_POINT ( 'NONE',  ( 20.00000000000000400, 0.0000000000000000000, -19.75000000000000000 ) ) ;
#2409 = FACE_OUTER_BOUND ( 'NONE', #384, .T. ) ;
#2410 = CARTESIAN_POINT ( 'NONE',  ( 6.000000000000003600, 0.0000000000000000000, 20.00000000000000000 ) ) ;
#2411 = CARTESIAN_POINT ( 'NONE',  ( 5.805433175708890800, 0.2960997938801081000, -9.874999999999998200 ) ) ;
#2412 = DIRECTION ( 'NONE',  ( 0.2588190451025159100, 0.9659258262890696400, 0.0000000000000000000 ) ) ;
#2413 = ADVANCED_FACE ( 'NONE', ( #7871 ), #1248, .T. ) ;
#2414 = DIRECTION ( 'NONE',  ( -0.0000000000000000000, 1.000000000000000000, 0.0000000000000000000 ) ) ;
#2415 = ORIENTED_EDGE ( 'NONE', *, *, #4153, .F. ) ;
#2416 = DIRECTION ( 'NONE',  ( 0.0000000000000000000, 0.0000000000000000000, -1.000000000000000000 ) ) ;
#2417 = CARTESIAN_POINT ( 'NONE',  ( 2.792893218813457400, 8.749999999999998200, -10.00000000000000000 ) ) ;
#2418 = CIRCLE ( 'NONE', #5839, 2.100000000000000100 ) ;
#2419 = AXIS2_PLACEMENT_3D ( 'NONE', #3571, #8818, #2118 ) ;
#2420 = EDGE_CURVE ( 'NONE', #8637, #6551, #7280, .T. ) ;
#2421 = ORIENTED_EDGE ( 'NONE', *, *, #8253, .F. ) ;
#2422 = CARTESIAN_POINT ( 'NONE',  ( -5.000000000000000000, 6.792893218813454800, 19.75000000000000000 ) ) ;
#2423 = ADVANCED_FACE ( 'NONE', ( #6917 ), #6340, .T. ) ;
#2424 = DIRECTION ( 'NONE',  ( 1.000000000000000000, 0.0000000000000000000, 0.0000000000000000000 ) ) ;
#2425 = DIRECTION ( 'NONE',  ( 0.0000000000000000000, 0.0000000000000000000, -1.000000000000000000 ) ) ;
#2426 = CIRCLE ( 'NONE', #3017, 0.2500000000000002200 ) ;
#2427 = DIRECTION ( 'NONE',  ( 0.0000000000000000000, 0.0000000000000000000, 1.000000000000000000 ) ) ;
#2428 = CARTESIAN_POINT ( 'NONE',  ( -5.800890086098210200, 0.2985344282647649000, 10.00000000000000000 ) ) ;
#2429 = AXIS2_PLACEMENT_3D ( 'NONE', #6978, #4635, #7015 ) ;
#2430 = ORIENTED_EDGE ( 'NONE', *, *, #9003, .F. ) ;
#2431 = DIRECTION ( 'NONE',  ( 1.000000000000000000, 0.0000000000000000000, -0.0000000000000000000 ) ) ;
#2432 = EDGE_CURVE ( 'NONE', #4168, #3840, #8333, .T. ) ;
#2433 = CARTESIAN_POINT ( 'NONE',  ( 1.323223304703357900, 10.32322330470336300, 0.0000000000000000000 ) ) ;
#2434 = EDGE_CURVE ( 'NONE', #5218, #5168, #1481, .T. ) ;
#2435 = ADVANCED_FACE ( 'NONE', ( #3482 ), #1361, .T. ) ;
#2436 = TOROIDAL_SURFACE ( 'NONE', #5449, 0.5000000000000000000, 0.2500000000000000000 ) ;
#2437 = CARTESIAN_POINT ( 'NONE',  ( 3.000000000000002700, 9.000000000000000000, 20.00000000000000000 ) ) ;
#2438 = DIRECTION ( 'NONE',  ( 0.0000000000000000000, 0.0000000000000000000, -1.000000000000000000 ) ) ;
#2439 = ORIENTED_EDGE ( 'NONE', *, *, #5501, .T. ) ;
#2440 = CARTESIAN_POINT ( 'NONE',  ( 5.685295238724374500, 0.08432488663803267000, -9.624999999999998200 ) ) ;
#2441 = DIRECTION ( 'NONE',  ( 0.0000000000000000000, -1.000000000000000000, 0.0000000000000000000 ) ) ;
#2442 = CIRCLE ( 'NONE', #2462, 2.849999999999998300 ) ;
#2443 = LINE ( 'NONE', #8326, #9044 ) ;
#2444 = AXIS2_PLACEMENT_3D ( 'NONE', #6098, #7620, #8343 ) ;
#2445 = DIRECTION ( 'NONE',  ( 1.000000000000000000, 0.0000000000000000000, 0.0000000000000000000 ) ) ;
#2446 = EDGE_CURVE ( 'NONE', #8871, #4947, #3250, .T. ) ;
#2447 = MANIFOLD_SOLID_BREP ( 'Fillet4', #3465 ) ;
#2448 = CARTESIAN_POINT ( 'NONE',  ( 2.100000000000000100, 5.499999999999998200, 10.22500000000000000 ) ) ;
#2449 = CARTESIAN_POINT ( 'NONE',  ( 6.250000000000003600, 0.2500000000000000000, 20.00000000000000000 ) ) ;
#2450 = VERTEX_POINT ( 'NONE', #3989 ) ;
#2451 = VECTOR ( 'NONE', #6518, 1000.000000000000000 ) ;
#2452 = CARTESIAN_POINT ( 'NONE',  ( 0.0000000000000000000, 0.0000000000000000000, 0.0000000000000000000 ) ) ;
#2453 = EDGE_CURVE ( 'NONE', #2716, #624, #9034, .T. ) ;
#2454 = EDGE_CURVE ( 'NONE', #2838, #6749, #8095, .T. ) ;
#2455 = ADVANCED_FACE ( 'NONE', ( #1845 ), #5014, .T. ) ;
#2456 = ORIENTED_EDGE ( 'NONE', *, *, #8835, .T. ) ;
#2457 = CYLINDRICAL_SURFACE ( 'NONE', #6348, 0.2499999999999995600 ) ;
#2458 = TOROIDAL_SURFACE ( 'NONE', #8250, 0.2500000000000000000, 0.2500000000000000000 ) ;
#2459 = DIRECTION ( 'NONE',  ( -0.9659258262890698700, -0.2588190451025151900, 2.792690344859908800E-016 ) ) ;
#2460 = DIRECTION ( 'NONE',  ( -1.000000000000000000, 0.0000000000000000000, 0.0000000000000000000 ) ) ;
#2461 = FACE_OUTER_BOUND ( 'NONE', #3280, .T. ) ;
#2462 = AXIS2_PLACEMENT_3D ( 'NONE', #7764, #239, #1750 ) ;
#2463 = DIRECTION ( 'NONE',  ( -1.734723475976795500E-015, -1.000000000000000000, 0.0000000000000000000 ) ) ;
#2464 = ORIENTED_EDGE ( 'NONE', *, *, #1576, .F. ) ;
#2465 = CIRCLE ( 'NONE', #7916, 5.000000000000000000 ) ;
#2466 = CONICAL_SURFACE ( 'NONE', #5473, 2.749999999999999100, 0.7378150601204653800 ) ;
#2467 = DIRECTION ( 'NONE',  ( -0.0000000000000000000, -0.0000000000000000000, -1.000000000000000000 ) ) ;
#2468 = ORIENTED_EDGE ( 'NONE', *, *, #329, .T. ) ;
#2469 = ADVANCED_FACE ( 'NONE', ( #5258 ), #773, .T. ) ;
#2470 = DIRECTION ( 'NONE',  ( 8.237865840410914700E-017, 0.7399400733959433700, -0.6726727939963128600 ) ) ;
#2471 = ORIENTED_EDGE ( 'NONE', *, *, #4390, .T. ) ;
#2472 = AXIS2_PLACEMENT_3D ( 'NONE', #4577, #2296, #8319 ) ;
#2473 = EDGE_CURVE ( 'NONE', #7801, #978, #9753, .T. ) ;
#2474 = CARTESIAN_POINT ( 'NONE',  ( -5.000000000000000000, 5.500000000000000900, 20.00000000000000000 ) ) ;
#2475 = CARTESIAN_POINT ( 'NONE',  ( -3.000000000000002700, 9.000000000000000000, -0.2500000000000002200 ) ) ;
#2476 = DIRECTION ( 'NONE',  ( 0.0000000000000000000, 0.0000000000000000000, -1.000000000000000000 ) ) ;
#2477 = ORIENTED_EDGE ( 'NONE', *, *, #3553, .F. ) ;
#2478 = FACE_OUTER_BOUND ( 'NONE', #7458, .T. ) ;
#2479 = CIRCLE ( 'NONE', #4649, 0.09999999999999939500 ) ;
#2480 = DIRECTION ( 'NONE',  ( 0.2588190451025158500, 0.9659258262890697600, 0.0000000000000000000 ) ) ;
#2481 = ORIENTED_EDGE ( 'NONE', *, *, #6506, .F. ) ;
#2482 = AXIS2_PLACEMENT_3D ( 'NONE', #5365, #8, #6885 ) ;
#2483 = ORIENTED_EDGE ( 'NONE', *, *, #5728, .F. ) ;
#2484 = ADVANCED_FACE ( 'NONE', ( #2071 ), #542, .F. ) ;
#2485 = DIRECTION ( 'NONE',  ( 0.7071067811865487900, -0.7071067811865462400, 0.0000000000000000000 ) ) ;
#2486 = CIRCLE ( 'NONE', #215, 0.5000000000000004400 ) ;
#2487 = ORIENTED_EDGE ( 'NONE', *, *, #611, .F. ) ;
#2488 = CIRCLE ( 'NONE', #7371, 0.5000000000000004400 ) ;
#2489 = ORIENTED_EDGE ( 'NONE', *, *, #6927, .T. ) ;
#2490 = EDGE_CURVE ( 'NONE', #9633, #8890, #3001, .T. ) ;
#2491 = DIRECTION ( 'NONE',  ( 0.0000000000000000000, 0.0000000000000000000, -1.000000000000000000 ) ) ;
#2492 = ORIENTED_EDGE ( 'NONE', *, *, #1221, .F. ) ;
#2493 = FACE_OUTER_BOUND ( 'NONE', #6413, .T. ) ;
#2494 = ORIENTED_EDGE ( 'NONE', *, *, #2794, .T. ) ;
#2495 = CARTESIAN_POINT ( 'NONE',  ( 1.330407161568939100E-016, 5.499999999999998200, 0.1250000000000001100 ) ) ;
#2496 = CARTESIAN_POINT ( 'NONE',  ( 12.50000000000000000, 0.1000000000000000100, 12.50000000000000000 ) ) ;
#2497 = CARTESIAN_POINT ( 'NONE',  ( 12.50000000000000000, 2.778606591926445500, -15.27600599266040300 ) ) ;
#2498 = ORIENTED_EDGE ( 'NONE', *, *, #5856, .T. ) ;
#2499 = ORIENTED_EDGE ( 'NONE', *, *, #7948, .T. ) ;
#2500 = EDGE_CURVE ( 'NONE', #2064, #8759, #4303, .T. ) ;
#2501 = DIRECTION ( 'NONE',  ( 0.0000000000000000000, -0.0000000000000000000, -1.000000000000000000 ) ) ;
#2502 = ORIENTED_EDGE ( 'NONE', *, *, #432, .F. ) ;
#2503 = CIRCLE ( 'NONE', #7382, 0.2500000000000002200 ) ;
#2504 = AXIS2_PLACEMENT_3D ( 'NONE', #6164, #6439, #7757 ) ;
#2505 = EDGE_CURVE ( 'NONE', #4763, #9008, #2299, .T. ) ;
#2506 = EDGE_CURVE ( 'NONE', #1555, #7956, #7760, .T. ) ;
#2507 = CARTESIAN_POINT ( 'NONE',  ( -5.250000000000000000, 5.750000000000000000, 20.00000000000000000 ) ) ;
#2508 = ADVANCED_FACE ( 'NONE', ( #5737 ), #1026, .T. ) ;
#2509 = VERTEX_POINT ( 'NONE', #3413 ) ;
#2510 = VERTEX_POINT ( 'NONE', #7922 ) ;
#2511 = EDGE_LOOP ( 'NONE', ( #2222, #9436, #1799, #5450 ) ) ;
#2512 = DIRECTION ( 'NONE',  ( -1.000000000000000000, 0.0000000000000000000, 0.0000000000000000000 ) ) ;
#2513 = VERTEX_POINT ( 'NONE', #1127 ) ;
#2514 = CARTESIAN_POINT ( 'NONE',  ( -6.249999999999996400, 0.2500000000000000000, 19.75000000000000000 ) ) ;
#2515 = LINE ( 'NONE', #3472, #505 ) ;
#2516 = DIRECTION ( 'NONE',  ( -1.734723475976795500E-015, -1.000000000000000000, -0.0000000000000000000 ) ) ;
#2517 = CARTESIAN_POINT ( 'NONE',  ( -4.676776695296636500, 6.969669914110091300, 10.00000000000000000 ) ) ;
#2518 = VERTEX_POINT ( 'NONE', #5638 ) ;
#2519 = DIRECTION ( 'NONE',  ( 0.0000000000000000000, 1.000000000000000000, -0.0000000000000000000 ) ) ;
#2520 = DIRECTION ( 'NONE',  ( -0.0000000000000000000, 0.0000000000000000000, 1.000000000000000000 ) ) ;
#2521 = ORIENTED_EDGE ( 'NONE', *, *, #9067, .F. ) ;
#2522 = CIRCLE ( 'NONE', #8787, 0.09999999999999939500 ) ;
#2523 = ADVANCED_FACE ( 'NONE', ( #9157 ), #4908, .T. ) ;
#2524 = LINE ( 'NONE', #1646, #8673 ) ;
#2525 = DIRECTION ( 'NONE',  ( -0.0000000000000000000, 1.000000000000000000, -0.0000000000000000000 ) ) ;
#2526 = DIRECTION ( 'NONE',  ( 0.0000000000000000000, 0.0000000000000000000, -1.000000000000000000 ) ) ;
#2527 = EDGE_LOOP ( 'NONE', ( #4421, #7374, #2552, #6170 ) ) ;
#2528 = AXIS2_PLACEMENT_3D ( 'NONE', #8028, #8814, #5820 ) ;
#2529 = ORIENTED_EDGE ( 'NONE', *, *, #6088, .F. ) ;
#2530 = DIRECTION ( 'NONE',  ( -0.0000000000000000000, -1.000000000000000000, 0.0000000000000000000 ) ) ;
#2531 = CIRCLE ( 'NONE', #5187, 0.2500000000000002200 ) ;
#2532 = ADVANCED_FACE ( 'NONE', ( #1134 ), #7152, .T. ) ;
#2533 = AXIS2_PLACEMENT_3D ( 'NONE', #9744, #693, #6226 ) ;
#2534 = CARTESIAN_POINT ( 'NONE',  ( -4.230470994369922800, 0.7329629131445352100, 0.1250000000000001100 ) ) ;
#2535 = EDGE_CURVE ( 'NONE', #8444, #6293, #2758, .T. ) ;
#2536 = ORIENTED_EDGE ( 'NONE', *, *, #6814, .T. ) ;
#2537 = DIRECTION ( 'NONE',  ( 1.000000000000000000, 0.0000000000000000000, 0.0000000000000000000 ) ) ;
#2538 = DIRECTION ( 'NONE',  ( -0.0000000000000000000, 0.0000000000000000000, 1.000000000000000000 ) ) ;
#2539 = VECTOR ( 'NONE', #2459, 999.9999999999998900 ) ;
#2540 = AXIS2_PLACEMENT_3D ( 'NONE', #6103, #788, #6825 ) ;
#2541 = DIRECTION ( 'NONE',  ( 0.0000000000000000000, -1.000000000000000000, 0.0000000000000000000 ) ) ;
#2542 = CARTESIAN_POINT ( 'NONE',  ( 2.100000000000000100, 5.499999999999998200, 9.900000000000000400 ) ) ;
#2543 = DIRECTION ( 'NONE',  ( -1.000000000000000000, 0.0000000000000000000, -0.0000000000000000000 ) ) ;
#2544 = EDGE_LOOP ( 'NONE', ( #9370, #9546, #3643, #4836 ) ) ;
#2545 = DIRECTION ( 'NONE',  ( 0.0000000000000000000, 1.000000000000000000, -0.0000000000000000000 ) ) ;
#2546 = AXIS2_PLACEMENT_3D ( 'NONE', #3030, #4643, #123 ) ;
#2547 = EDGE_CURVE ( 'NONE', #1984, #1396, #6567, .T. ) ;
#2548 = FACE_OUTER_BOUND ( 'NONE', #8155, .T. ) ;
#2549 = DIRECTION ( 'NONE',  ( 0.0000000000000000000, 0.0000000000000000000, -1.000000000000000000 ) ) ;
#2550 = CARTESIAN_POINT ( 'NONE',  ( 4.750000000000000000, 5.499999999999998200, -20.00000000000000000 ) ) ;
#2551 = APPROVAL_STATUS ( 'not_yet_approved' ) ;
#2552 = ORIENTED_EDGE ( 'NONE', *, *, #2604, .F. ) ;
#2553 = FACE_OUTER_BOUND ( 'NONE', #3921, .T. ) ;
#2554 = DIRECTION ( 'NONE',  ( 0.7071067811865490200, -0.7071067811865460200, 0.0000000000000000000 ) ) ;
#2555 = FACE_OUTER_BOUND ( 'NONE', #6888, .T. ) ;
#2556 = AXIS2_PLACEMENT_3D ( 'NONE', #354, #5729, #1211 ) ;
#2557 = AXIS2_PLACEMENT_3D ( 'NONE', #5424, #5564, #7019 ) ;
#2558 = CARTESIAN_POINT ( 'NONE',  ( -12.50000000000000000, 5.467267279399611500, -7.279757018727625700 ) ) ;
#2559 = EDGE_CURVE ( 'NONE', #868, #221, #8917, .T. ) ;
#2560 = EDGE_CURVE ( 'NONE', #3208, #1565, #60, .T. ) ;
#2561 = VERTEX_POINT ( 'NONE', #4060 ) ;
#2562 = LINE ( 'NONE', #5042, #5527 ) ;
#2563 = ORIENTED_EDGE ( 'NONE', *, *, #8902, .F. ) ;
#2564 = CARTESIAN_POINT ( 'NONE',  ( 5.000000000000002700, 7.000000000000008000, -0.2500000000000002200 ) ) ;
#2565 = CIRCLE ( 'NONE', #9425, 2.776005992660403300 ) ;
#2566 =( BOUNDED_SURFACE ( )  B_SPLINE_SURFACE ( 3, 2, ( 
 ( #564, #5114, #1327 ),
 ( #7378, #2823, #8126 ),
 ( #598, #2860, #3626 ),
 ( #8916, #633, #6665 ) ),
 .UNSPECIFIED., .F., .F., .F. ) 
 B_SPLINE_SURFACE_WITH_KNOTS ( ( 4, 4 ),
 ( 3, 3 ),
 ( 4.049333190154691000, 4.712388980384689700 ),
 ( 0.0000000000000000000, 1.000000000000000000 ),
 .UNSPECIFIED. ) 
 GEOMETRIC_REPRESENTATION_ITEM ( )  RATIONAL_B_SPLINE_SURFACE ( (
 ( 1.000000000000000000, 0.7613508976003441300, 1.000000000000000000),
 ( 1.000000000000000000, 0.7465787745745540200, 1.000000000000000000),
 ( 1.000000000000000000, 0.7273619197245428900, 1.000000000000000000),
 ( 1.000000000000000000, 0.7071067811865475700, 1.000000000000000000) ) ) 
 REPRESENTATION_ITEM ( '' )  SURFACE ( )  );
#2567 = CARTESIAN_POINT ( 'NONE',  ( 5.000000000000000000, 5.499999999999998200, 0.3750000000000003300 ) ) ;
#2568 = VERTEX_POINT ( 'NONE', #4853 ) ;
#2569 = LINE ( 'NONE', #6620, #8006 ) ;
#2570 = FACE_OUTER_BOUND ( 'NONE', #4829, .T. ) ;
#2571 = CARTESIAN_POINT ( 'NONE',  ( 4.500000000000002700, 6.792893218813461900, -20.00000000000000000 ) ) ;
#2572 = ADVANCED_FACE ( 'NONE', ( #316 ), #1918, .T. ) ;
#2573 = DIRECTION ( 'NONE',  ( 0.0000000000000000000, 1.000000000000000000, 0.0000000000000000000 ) ) ;
#2574 = DIRECTION ( 'NONE',  ( -0.0000000000000000000, 0.0000000000000000000, 1.000000000000000000 ) ) ;
#2575 = CARTESIAN_POINT ( 'NONE',  ( -5.749999999999996400, 5.249999999999998200, -9.749999999999998200 ) ) ;
#2576 = ORIENTED_EDGE ( 'NONE', *, *, #6203, .F. ) ;
#2577 = LINE ( 'NONE', #7799, #6700 ) ;
#2578 = CIRCLE ( 'NONE', #3499, 2.000000000000000000 ) ;
#2579 = AXIS2_PLACEMENT_3D ( 'NONE', #1726, #9287, #2512 ) ;
#2580 = ORIENTED_EDGE ( 'NONE', *, *, #4500, .F. ) ;
#2581 = ORIENTED_EDGE ( 'NONE', *, *, #6868, .F. ) ;
#2582 = DIRECTION ( 'NONE',  ( 0.0000000000000000000, 1.000000000000000000, -0.0000000000000000000 ) ) ;
#2583 = EDGE_CURVE ( 'NONE', #2139, #4396, #4796, .T. ) ;
#2584 = CARTESIAN_POINT ( 'NONE',  ( 2.792893218813457400, 9.000000000000000000, -9.624999999999998200 ) ) ;
#2585 = AXIS2_PLACEMENT_3D ( 'NONE', #3161, #8574, #314 ) ;
#2586 = VERTEX_POINT ( 'NONE', #3379 ) ;
#2587 = LINE ( 'NONE', #1786, #1525 ) ;
#2588 = LINE ( 'NONE', #1465, #2114 ) ;
#2589 = DIRECTION ( 'NONE',  ( -2.602085213965201600E-015, 1.000000000000000000, 0.0000000000000000000 ) ) ;
#2590 = ORIENTED_EDGE ( 'NONE', *, *, #1346, .T. ) ;
#2591 = EDGE_LOOP ( 'NONE', ( #3572, #2058, #1665, #7163, #1653 ) ) ;
#2592 = AXIS2_PLACEMENT_3D ( 'NONE', #3835, #6886, #4596 ) ;
#2593 = CARTESIAN_POINT ( 'NONE',  ( 1.330407161568939100E-016, 5.499999999999998200, 20.00000000000000000 ) ) ;
#2594 = SPHERICAL_SURFACE ( 'NONE', #5763, 0.2500000000000000000 ) ;
#2595 = DIRECTION ( 'NONE',  ( 1.000000000000000000, 0.0000000000000000000, 0.0000000000000000000 ) ) ;
#2596 = EDGE_LOOP ( 'NONE', ( #8760, #165, #3131, #9313 ) ) ;
#2597 = CYLINDRICAL_SURFACE ( 'NONE', #4434, 2.749999999999999100 ) ;
#2598 = CARTESIAN_POINT ( 'NONE',  ( -4.500000000000000900, 6.792893218813454800, 20.00000000000000000 ) ) ;
#2599 = CARTESIAN_POINT ( 'NONE',  ( 0.0000000000000000000, 0.5000000000000001100, 20.00000000000000000 ) ) ;
#2600 = ORIENTED_EDGE ( 'NONE', *, *, #4481, .F. ) ;
#2601 = ADVANCED_FACE ( 'NONE', ( #2548 ), #7628, .T. ) ;
#2602 = AXIS2_PLACEMENT_3D ( 'NONE', #6901, #7654, #4687 ) ;
#2603 = VERTEX_POINT ( 'NONE', #1062 ) ;
#2604 = EDGE_CURVE ( 'NONE', #3054, #5067, #5620, .T. ) ;
#2605 = CIRCLE ( 'NONE', #7857, 0.2500000000000002200 ) ;
#2606 = DIRECTION ( 'NONE',  ( 1.734723475976795500E-015, 1.000000000000000000, -0.0000000000000000000 ) ) ;
#2607 = CIRCLE ( 'NONE', #2419, 0.09999999999999982500 ) ;
#2608 = ORIENTED_EDGE ( 'NONE', *, *, #3356, .F. ) ;
#2609 = VECTOR ( 'NONE', #9132, 1000.000000000000000 ) ;
#2610 = VERTEX_POINT ( 'NONE', #5736 ) ;
#2611 = DIRECTION ( 'NONE',  ( 0.0000000000000000000, 0.0000000000000000000, -1.000000000000000000 ) ) ;
#2612 = CARTESIAN_POINT ( 'NONE',  ( 2.792893218813457400, 8.499999999999998200, -10.00000000000000000 ) ) ;
#2613 = ORIENTED_EDGE ( 'NONE', *, *, #1040, .T. ) ;
#2614 = AXIS2_PLACEMENT_3D ( 'NONE', #5528, #939, #6296 ) ;
#2615 = EDGE_CURVE ( 'NONE', #335, #6857, #3596, .T. ) ;
#2616 = ORIENTED_EDGE ( 'NONE', *, *, #2535, .F. ) ;
#2617 = VERTEX_POINT ( 'NONE', #2769 ) ;
#2618 = EDGE_CURVE ( 'NONE', #226, #2838, #2873, .T. ) ;
#2619 = ORIENTED_EDGE ( 'NONE', *, *, #9408, .F. ) ;
#2620 = DIRECTION ( 'NONE',  ( -1.000000000000000000, -8.673617379884004900E-016, -0.0000000000000000000 ) ) ;
#2621 = ORIENTED_EDGE ( 'NONE', *, *, #4805, .F. ) ;
#2622 = TOROIDAL_SURFACE ( 'NONE', #4513, 0.5000000000000000000, 0.2500000000000000000 ) ;
#2623 = DIRECTION ( 'NONE',  ( -1.000000000000000000, 0.0000000000000000000, 0.0000000000000000000 ) ) ;
#2624 = ADVANCED_FACE ( 'NONE', ( #7505 ), #5855, .T. ) ;
#2626 = ORIENTED_EDGE ( 'NONE', *, *, #3249, .T. ) ;
#2625 = EDGE_CURVE ( 'NONE', #4569, #4537, #7274, .T. ) ;
#2627 = ORIENTED_EDGE ( 'NONE', *, *, #4464, .F. ) ;
#2628 = EDGE_LOOP ( 'NONE', ( #3900, #4044, #2696, #149 ) ) ;
#2629 = AXIS2_PLACEMENT_3D ( 'NONE', #4111, #9403, #6370 ) ;
#2630 = EDGE_LOOP ( 'NONE', ( #6750, #5719, #325, #9469 ) ) ;
#2631 = EDGE_CURVE ( 'NONE', #4511, #1110, #6667, .T. ) ;
#2632 = FACE_OUTER_BOUND ( 'NONE', #6094, .T. ) ;
#2633 = DIRECTION ( 'NONE',  ( 0.0000000000000000000, -1.000000000000000000, 0.0000000000000000000 ) ) ;
#2634 = DIRECTION ( 'NONE',  ( 1.000000000000000000, 8.307675917577599100E-016, 0.0000000000000000000 ) ) ;
#2635 = EDGE_CURVE ( 'NONE', #7810, #5455, #5970, .T. ) ;
#2636 = EDGE_LOOP ( 'NONE', ( #7869, #17, #8621, #9068 ) ) ;
#2637 = ORIENTED_EDGE ( 'NONE', *, *, #9619, .F. ) ;
#2638 = EDGE_CURVE ( 'NONE', #5078, #2518, #2650, .T. ) ;
#2639 = PLANE ( 'NONE',  #9667 ) ;
#2640 = CIRCLE ( 'NONE', #6014, 0.09999999999999939500 ) ;
#2641 = EDGE_CURVE ( 'NONE', #8845, #7195, #2426, .T. ) ;
#2642 = DIRECTION ( 'NONE',  ( 0.0000000000000000000, -0.0000000000000000000, -1.000000000000000000 ) ) ;
#2643 = ORIENTED_EDGE ( 'NONE', *, *, #8073, .T. ) ;
#2644 = SECURITY_CLASSIFICATION_LEVEL ( 'unclassified' ) ;
#2645 = CIRCLE ( 'NONE', #8368, 2.100000000000000100 ) ;
#2646 = CARTESIAN_POINT ( 'NONE',  ( -2.969669914110093500, 8.676776695296634800, -10.24999999999999800 ) ) ;
#2647 = AXIS2_PLACEMENT_3D ( 'NONE', #9013, #5954, #1358 ) ;
#2648 = EDGE_LOOP ( 'NONE', ( #6642, #2074, #8710, #8986 ) ) ;
#2649 = CARTESIAN_POINT ( 'NONE',  ( 4.750000000000002700, 7.000000000000008000, -0.2500000000000002200 ) ) ;
#2650 = LINE ( 'NONE', #1186, #2179 ) ;
#2651 = AXIS2_PLACEMENT_3D ( 'NONE', #6048, #3724, #8979 ) ;
#2652 = CARTESIAN_POINT ( 'NONE',  ( 19.75000000000000400, 0.5000000000000000000, -20.00000000000000000 ) ) ;
#2653 = EDGE_CURVE ( 'NONE', #6974, #5585, #4417, .T. ) ;
#2654 = CARTESIAN_POINT ( 'NONE',  ( 1.330407161568939100E-016, 5.499999999999998200, 9.900000000000000400 ) ) ;
#2655 = ORIENTED_EDGE ( 'NONE', *, *, #162, .F. ) ;
#2656 = CARTESIAN_POINT ( 'NONE',  ( 12.50000000000000000, 5.467267279399634600, -12.50000000000000000 ) ) ;
#2657 = AXIS2_PLACEMENT_3D ( 'NONE', #8428, #7003, #186 ) ;
#2658 = CIRCLE ( 'NONE', #1387, 4.750000000000000000 ) ;
#2659 = CARTESIAN_POINT ( 'NONE',  ( 0.0000000000000000000, 0.2500000000000000000, 19.75000000000000000 ) ) ;
#2660 = AXIS2_PLACEMENT_3D ( 'NONE', #1866, #4982, #1200 ) ;
#2661 = VERTEX_POINT ( 'NONE', #9628 ) ;
#2662 = EDGE_CURVE ( 'NONE', #9391, #7149, #6333, .T. ) ;
#2663 = ADVANCED_FACE ( 'NONE', ( #420 ), #6077, .T. ) ;
#2664 = FACE_OUTER_BOUND ( 'NONE', #1454, .T. ) ;
#2665 = CARTESIAN_POINT ( 'NONE',  ( -19.29289321881348200, 5.499999999999963600, -19.75000000000000000 ) ) ;
#2666 = CARTESIAN_POINT ( 'NONE',  ( 3.252606517456506600E-015, 5.249999999999994700, 10.12500000000000000 ) ) ;
#2667 = CIRCLE ( 'NONE', #5308, 0.5000000000000004400 ) ;
#2668 = APPROVAL_ROLE ( '' ) ;
#2669 = CARTESIAN_POINT ( 'NONE',  ( 19.46966991411008200, 5.176776695296647200, 20.00000000000000000 ) ) ;
#2670 = CARTESIAN_POINT ( 'NONE',  ( 2.000000000000000000, 5.499999999999998200, -19.49999999999998600 ) ) ;
#2671 = VERTEX_POINT ( 'NONE', #8778 ) ;
#2672 = CIRCLE ( 'NONE', #1506, 0.2500000000000000000 ) ;
#2673 = AXIS2_PLACEMENT_3D ( 'NONE', #3401, #4108, #9373 ) ;
#2674 = AXIS2_PLACEMENT_3D ( 'NONE', #5757, #2677, #1971 ) ;
#2675 = EDGE_CURVE ( 'NONE', #103, #7017, #7502, .T. ) ;
#2676 = CARTESIAN_POINT ( 'NONE',  ( 0.0000000000000000000, 0.5000000000000001100, 20.00000000000000000 ) ) ;
#2677 = DIRECTION ( 'NONE',  ( -1.000000000000000000, 1.734723475976795500E-015, 0.0000000000000000000 ) ) ;
#2678 = EDGE_CURVE ( 'NONE', #2144, #1400, #6784, .T. ) ;
#2679 = DIRECTION ( 'NONE',  ( -1.000000000000000000, 0.0000000000000000000, 0.0000000000000000000 ) ) ;
#2680 = ORIENTED_EDGE ( 'NONE', *, *, #7889, .F. ) ;
#2681 = CIRCLE ( 'NONE', #2951, 0.2499999999999997200 ) ;
#2682 = CARTESIAN_POINT ( 'NONE',  ( 4.750000000000002700, 6.792893218813461000, -9.874999999999998200 ) ) ;
#2683 = EDGE_LOOP ( 'NONE', ( #2714, #3622, #3972, #9080 ) ) ;
#2684 = DIRECTION ( 'NONE',  ( 0.0000000000000000000, 0.7399400733959433700, 0.6726727939963128600 ) ) ;
#2685 = B_SPLINE_CURVE_WITH_KNOTS ( 'NONE', 3,
 ( #9227, #4600, #119, #5367, #3103, #879, #5396 ),
 .UNSPECIFIED., .F., .F.,
 ( 4, 3, 4 ),
 ( 0.0000000000000000000, 2.150758287828442600E-005, 3.827315050610212600E-005 ),
 .UNSPECIFIED. ) ;
#2686 = DIRECTION ( 'NONE',  ( 1.000000000000000000, 0.0000000000000000000, 0.0000000000000000000 ) ) ;
#2687 = EDGE_LOOP ( 'NONE', ( #4445, #2161, #5878, #7408 ) ) ;
#2688 = VECTOR ( 'NONE', #6662, 1000.000000000000000 ) ;
#2689 = CIRCLE ( 'NONE', #2370, 0.2500000000000002200 ) ;
#2690 = CARTESIAN_POINT ( 'NONE',  ( 6.000000000000003600, 5.499999999999999100, 9.875000000000000000 ) ) ;
#2691 = ORIENTED_EDGE ( 'NONE', *, *, #9743, .F. ) ;
#2692 = VERTEX_POINT ( 'NONE', #2011 ) ;
#2693 = DIRECTION ( 'NONE',  ( 1.000000000000000000, 0.0000000000000000000, 0.0000000000000000000 ) ) ;
#2694 = DIRECTION ( 'NONE',  ( 0.0000000000000000000, 0.0000000000000000000, -1.000000000000000000 ) ) ;
#2695 = DIRECTION ( 'NONE',  ( -1.000000000000000000, 0.0000000000000000000, 0.0000000000000000000 ) ) ;
#2696 = ORIENTED_EDGE ( 'NONE', *, *, #864, .F. ) ;
#2697 = CIRCLE ( 'NONE', #1511, 0.2500000000000002200 ) ;
#2698 = VECTOR ( 'NONE', #1522, 1000.000000000000000 ) ;
#2699 = CARTESIAN_POINT ( 'NONE',  ( 5.000000000000002700, 7.000000000000008000, 20.00000000000000000 ) ) ;
#2700 = ORIENTED_EDGE ( 'NONE', *, *, #5782, .T. ) ;
#2701 = ORIENTED_EDGE ( 'NONE', *, *, #6421, .T. ) ;
#2702 = DIRECTION ( 'NONE',  ( 0.0000000000000000000, 0.0000000000000000000, -1.000000000000000000 ) ) ;
#2703 = FACE_OUTER_BOUND ( 'NONE', #1655, .T. ) ;
#2704 = EDGE_LOOP ( 'NONE', ( #7428, #2937, #2112, #2529 ) ) ;
#2705 = CIRCLE ( 'NONE', #7932, 0.2500000000000002200 ) ;
#2706 = CARTESIAN_POINT ( 'NONE',  ( 4.750000000000002700, 6.792893218813461900, 20.00000000000000000 ) ) ;
#2707 = ORIENTED_EDGE ( 'NONE', *, *, #4576, .F. ) ;
#2708 = ADVANCED_FACE ( 'NONE', ( #8464 ), #1021, .T. ) ;
#2709 = AXIS2_PLACEMENT_3D ( 'NONE', #7295, #2743, #8046 ) ;
#2710 = DIRECTION ( 'NONE',  ( 1.000000000000000000, 0.0000000000000000000, 0.0000000000000000000 ) ) ;
#2711 = ORIENTED_EDGE ( 'NONE', *, *, #3233, .F. ) ;
#2712 = LINE ( 'NONE', #7808, #3780 ) ;
#2713 = DIRECTION ( 'NONE',  ( 1.000000000000000000, 0.0000000000000000000, 0.0000000000000000000 ) ) ;
#2714 = ORIENTED_EDGE ( 'NONE', *, *, #9619, .T. ) ;
#2715 = AXIS2_PLACEMENT_3D ( 'NONE', #2575, #8605, #4738 ) ;
#2716 = VERTEX_POINT ( 'NONE', #5001 ) ;
#2717 = EDGE_CURVE ( 'NONE', #335, #1314, #7866, .T. ) ;
#2718 = ORIENTED_EDGE ( 'NONE', *, *, #8791, .F. ) ;
#2719 = LINE ( 'NONE', #9136, #8287 ) ;
#2720 = CARTESIAN_POINT ( 'NONE',  ( 0.0000000000000000000, 9.000000000000000000, 10.12500000000000000 ) ) ;
#2721 = DIRECTION ( 'NONE',  ( -0.0000000000000000000, 1.000000000000000000, -0.0000000000000000000 ) ) ;
#2722 = ORIENTED_EDGE ( 'NONE', *, *, #6532, .F. ) ;
#2723 = ORIENTED_EDGE ( 'NONE', *, *, #7740, .F. ) ;
#2724 = CARTESIAN_POINT ( 'NONE',  ( -5.000000000000000000, 6.792893218813454800, 19.75000000000000000 ) ) ;
#2725 = ORIENTED_EDGE ( 'NONE', *, *, #2335, .F. ) ;
#2726 = AXIS2_PLACEMENT_3D ( 'NONE', #6072, #758, #1422 ) ;
#2727 = ORIENTED_EDGE ( 'NONE', *, *, #2304, .F. ) ;
#2728 = VECTOR ( 'NONE', #3577, 1000.000000000000000 ) ;
#2729 = AXIS2_PLACEMENT_3D ( 'NONE', #3863, #3725, #3761 ) ;
#2730 = EDGE_CURVE ( 'NONE', #4780, #4521, #4791, .T. ) ;
#2731 = CARTESIAN_POINT ( 'NONE',  ( 4.750000000000002700, 6.792893218813461000, 10.12500000000000000 ) ) ;
#2732 = EDGE_CURVE ( 'NONE', #2561, #7679, #8584, .T. ) ;
#2733 = ORIENTED_EDGE ( 'NONE', *, *, #7190, .T. ) ;
#2734 = VERTEX_POINT ( 'NONE', #619 ) ;
#2735 = TOROIDAL_SURFACE ( 'NONE', #199, 0.5000000000000000000, 0.2500000000000000000 ) ;
#2736 = FACE_OUTER_BOUND ( 'NONE', #632, .T. ) ;
#2737 = DIRECTION ( 'NONE',  ( -1.000000000000000000, 0.0000000000000000000, 0.0000000000000000000 ) ) ;
#2738 = CARTESIAN_POINT ( 'NONE',  ( -19.49999999999999600, 0.2500000000000000000, -19.75000000000000000 ) ) ;
#2739 = DIRECTION ( 'NONE',  ( -1.000000000000000000, 0.0000000000000000000, 0.0000000000000000000 ) ) ;
#2740 = VERTEX_POINT ( 'NONE', #5987 ) ;
#2741 = ORIENTED_EDGE ( 'NONE', *, *, #3778, .T. ) ;
#2742 = DIRECTION ( 'NONE',  ( 0.7071067811865536800, 0.7071067811865414700, -0.0000000000000000000 ) ) ;
#2743 = DIRECTION ( 'NONE',  ( 0.0000000000000000000, 1.000000000000000000, 0.0000000000000000000 ) ) ;
#2744 = LINE ( 'NONE', #7469, #7389 ) ;
#2745 = CARTESIAN_POINT ( 'NONE',  ( 3.146446609406729600, 8.853553390593273100, 0.3750000000000003300 ) ) ;
#2746 = CARTESIAN_POINT ( 'NONE',  ( 1.330407161568939100E-016, 5.499999999999998200, 10.22500000000000000 ) ) ;
#2747 = VERTEX_POINT ( 'NONE', #4497 ) ;
#2748 = EDGE_CURVE ( 'NONE', #201, #3664, #2992, .T. ) ;
#2749 = CARTESIAN_POINT ( 'NONE',  ( -12.50000000000002700, 5.467267279399611500, 12.50000000000000000 ) ) ;
#2750 = ADVANCED_FACE ( 'NONE', ( #6450 ), #5847, .T. ) ;
#2751 = VECTOR ( 'NONE', #457, 1000.000000000000000 ) ;
#2752 = DIRECTION ( 'NONE',  ( -1.000000000000000000, 1.734723475976795500E-015, 0.0000000000000000000 ) ) ;
#2753 = EDGE_CURVE ( 'NONE', #6092, #8602, #1475, .T. ) ;
#2754 = AXIS2_PLACEMENT_3D ( 'NONE', #1546, #8382, #7062 ) ;
#2755 = DIRECTION ( 'NONE',  ( 1.000000000000000000, 2.602085213965201600E-015, -0.0000000000000000000 ) ) ;
#2756 = ORIENTED_EDGE ( 'NONE', *, *, #8077, .T. ) ;
#2757 = DIRECTION ( 'NONE',  ( 1.000000000000000000, 0.0000000000000000000, 0.0000000000000000000 ) ) ;
#2758 = CIRCLE ( 'NONE', #151, 0.2500000000000002200 ) ;
#2759 = AXIS2_PLACEMENT_3D ( 'NONE', #9803, #1559, #6874 ) ;
#2760 = ADVANCED_FACE ( 'NONE', ( #3240 ), #9787, .F. ) ;
#2761 = DIRECTION ( 'NONE',  ( 0.9659258262890697600, -0.2588190451025159100, 0.0000000000000000000 ) ) ;
#2762 = VERTEX_POINT ( 'NONE', #2842 ) ;
#2763 = DIRECTION ( 'NONE',  ( 0.0000000000000000000, -1.000000000000000000, 0.0000000000000000000 ) ) ;
#2764 = DIRECTION ( 'NONE',  ( -0.0000000000000000000, 1.000000000000000000, 0.0000000000000000000 ) ) ;
#2765 = CIRCLE ( 'NONE', #5881, 0.5000000000000004400 ) ;
#2766 = VERTEX_POINT ( 'NONE', #8903 ) ;
#2767 = EDGE_CURVE ( 'NONE', #2987, #4065, #6217, .T. ) ;
#2768 = FACE_OUTER_BOUND ( 'NONE', #5555, .T. ) ;
#2769 = CARTESIAN_POINT ( 'NONE',  ( 19.50000000000000400, 0.0000000000000000000, -19.75000000000000000 ) ) ;
#2770 = AXIS2_PLACEMENT_3D ( 'NONE', #4792, #8600, #4062 ) ;
#2771 = DIRECTION ( 'NONE',  ( -1.224646799147353200E-016, 1.000000000000000000, 3.540705920434614300E-032 ) ) ;
#2772 = ORIENTED_EDGE ( 'NONE', *, *, #467, .F. ) ;
#2773 = CIRCLE ( 'NONE', #7278, 0.2500000000000002200 ) ;
#2774 = CIRCLE ( 'NONE', #1323, 0.2499999999999999700 ) ;
#2775 = AXIS2_PLACEMENT_3D ( 'NONE', #4412, #6824, #8214 ) ;
#2776 = CARTESIAN_POINT ( 'NONE',  ( -4.750000000000000000, 6.792893218813454800, 0.1250000000000001100 ) ) ;
#2777 = EDGE_CURVE ( 'NONE', #132, #2342, #3708, .T. ) ;
#2778 = CARTESIAN_POINT ( 'NONE',  ( 4.101061471818666400, 0.2500000000000002200, 10.37500000000000000 ) ) ;
#2779 = CARTESIAN_POINT ( 'NONE',  ( 2.000000000000000000, 5.499999999999998200, -0.09999999999999939500 ) ) ;
#2780 = EDGE_CURVE ( 'NONE', #712, #3899, #9026, .T. ) ;
#2781 = ORIENTED_EDGE ( 'NONE', *, *, #9468, .T. ) ;
#2782 = LINE ( 'NONE', #3839, #9655 ) ;
#2783 = CARTESIAN_POINT ( 'NONE',  ( -2.792893218813456500, 8.499999999999998200, -9.874999999999998200 ) ) ;
#2784 = LINE ( 'NONE', #1355, #4823 ) ;
#2785 = DIRECTION ( 'NONE',  ( -0.7071067811865491300, 0.7071067811865460200, 0.0000000000000000000 ) ) ;
#2786 = CARTESIAN_POINT ( 'NONE',  ( 2.792893218813457400, 8.749999999999998200, 0.3750000000000001100 ) ) ;
#2787 = EDGE_CURVE ( 'NONE', #7841, #5914, #2067, .T. ) ;
#2788 = ORIENTED_EDGE ( 'NONE', *, *, #9468, .F. ) ;
#2789 = FACE_OUTER_BOUND ( 'NONE', #1144, .T. ) ;
#2790 = CIRCLE ( 'NONE', #1354, 0.2500000000000002200 ) ;
#2791 = AXIS2_PLACEMENT_3D ( 'NONE', #9240, #5301, #6859 ) ;
#2792 = DIRECTION ( 'NONE',  ( 0.0000000000000000000, 0.0000000000000000000, 1.000000000000000000 ) ) ;
#2793 = EDGE_LOOP ( 'NONE', ( #6751, #9555, #3265, #5813, #689 ) ) ;
#2794 = EDGE_CURVE ( 'NONE', #2510, #5142, #1244, .T. ) ;
#2795 = DIRECTION ( 'NONE',  ( -0.7071067811865492400, 0.7071067811865458000, 0.0000000000000000000 ) ) ;
#2796 = EDGE_CURVE ( 'NONE', #1400, #343, #8796, .T. ) ;
#2797 = ORIENTED_EDGE ( 'NONE', *, *, #7067, .F. ) ;
#2798 = CC_DESIGN_APPROVAL ( #1462, ( #178 ) ) ;
#2799 = ADVANCED_FACE ( 'NONE', ( #4676 ), #4192, .T. ) ;
#2800 = DIRECTION ( 'NONE',  ( -1.000000000000000000, 0.0000000000000000000, 0.0000000000000000000 ) ) ;
#2801 = CARTESIAN_POINT ( 'NONE',  ( 4.165766233094295500, 0.4914814565722677200, 10.12500000000000000 ) ) ;
#2802 = ORIENTED_EDGE ( 'NONE', *, *, #7373, .T. ) ;
#2803 = FACE_OUTER_BOUND ( 'NONE', #5598, .T. ) ;
#2804 = CIRCLE ( 'NONE', #1936, 0.2500000000000002200 ) ;
#2805 = DIRECTION ( 'NONE',  ( 0.0000000000000000000, -1.000000000000000000, 0.0000000000000000000 ) ) ;
#2806 = ORIENTED_EDGE ( 'NONE', *, *, #6650, .T. ) ;
#2807 = B_SPLINE_CURVE_WITH_KNOTS ( 'NONE', 3,
 ( #4380, #2853, #994, #229, #6206, #2401, #5471 ),
 .UNSPECIFIED., .F., .F.,
 ( 4, 3, 4 ),
 ( 0.0000000000000000000, 2.150758287828314200E-005, 3.827315050610020200E-005 ),
 .UNSPECIFIED. ) ;
#2808 = VERTEX_POINT ( 'NONE', #2258 ) ;
#2809 = PLANE ( 'NONE',  #7944 ) ;
#2810 = ORIENTED_EDGE ( 'NONE', *, *, #2918, .T. ) ;
#2811 = FACE_OUTER_BOUND ( 'NONE', #7909, .T. ) ;
#2812 = DIRECTION ( 'NONE',  ( 0.7071067811865481300, -0.7071067811865469100, 0.0000000000000000000 ) ) ;
#2813 = ORIENTED_EDGE ( 'NONE', *, *, #2625, .F. ) ;
#2814 = FACE_BOUND ( 'NONE', #2397, .T. ) ;
#2815 = CARTESIAN_POINT ( 'NONE',  ( 2.792893218813457400, 8.749999999999998200, -0.2500000000000000000 ) ) ;
#2816 = ORIENTED_EDGE ( 'NONE', *, *, #4562, .T. ) ;
#2817 = DIRECTION ( 'NONE',  ( 1.000000000000000000, 0.0000000000000000000, 0.0000000000000000000 ) ) ;
#2818 = ORIENTED_EDGE ( 'NONE', *, *, #4265, .F. ) ;
#2819 = FACE_OUTER_BOUND ( 'NONE', #2183, .T. ) ;
#2820 = AXIS2_PLACEMENT_3D ( 'NONE', #1569, #8370, #77 ) ;
#2821 = CARTESIAN_POINT ( 'NONE',  ( 4.750000000000002700, 7.000000000000008000, -10.24999999999999800 ) ) ;
#2822 = VECTOR ( 'NONE', #7638, 1000.000000000000000 ) ;
#2823 = CARTESIAN_POINT ( 'NONE',  ( 5.810746011251175100, 0.05071045344960806200, 10.13208509878930000 ) ) ;
#2824 = EDGE_LOOP ( 'NONE', ( #9756, #9241 ) ) ;
#2825 = CIRCLE ( 'NONE', #2775, 0.5000000000000000000 ) ;
#2826 = ORIENTED_EDGE ( 'NONE', *, *, #5087, .T. ) ;
#2827 = AXIS2_PLACEMENT_3D ( 'NONE', #800, #2993, #2915 ) ;
#2828 = EDGE_LOOP ( 'NONE', ( #1607, #7080, #2502, #5984 ) ) ;
#2829 = EDGE_CURVE ( 'NONE', #6143, #2049, #9624, .T. ) ;
#2830 = FACE_OUTER_BOUND ( 'NONE', #267, .T. ) ;
#2831 = DIRECTION ( 'NONE',  ( 1.000000000000000000, 0.0000000000000000000, 0.0000000000000000000 ) ) ;
#2832 = DIRECTION ( 'NONE',  ( 0.0000000000000000000, 1.000000000000000000, 0.0000000000000000000 ) ) ;
#2833 = CARTESIAN_POINT ( 'NONE',  ( 19.75000000000000400, 0.0000000000000000000, 19.75000000000000000 ) ) ;
#2834 = ORIENTED_EDGE ( 'NONE', *, *, #703, .T. ) ;
#2835 = EDGE_LOOP ( 'NONE', ( #6838, #8879, #4394, #4593 ) ) ;
#2836 = AXIS2_PLACEMENT_3D ( 'NONE', #2599, #4816, #400 ) ;
#2837 = DIRECTION ( 'NONE',  ( 0.9659258262890697600, 0.2588190451025151300, 0.0000000000000000000 ) ) ;
#2838 = VERTEX_POINT ( 'NONE', #2399 ) ;
#2839 = ORIENTED_EDGE ( 'NONE', *, *, #2641, .F. ) ;
#2840 = TOROIDAL_SURFACE ( 'NONE', #7186, 5.294236988611968900, 0.1000000000000000100 ) ;
#2841 = DIRECTION ( 'NONE',  ( 0.2588190451025153000, -0.9659258262890697600, 0.0000000000000000000 ) ) ;
#2842 = CARTESIAN_POINT ( 'NONE',  ( 12.50000000000000000, 5.467267279399634600, -17.72024298127239600 ) ) ;
#2843 = AXIS2_PLACEMENT_3D ( 'NONE', #3809, #8416, #775 ) ;
#2844 = EDGE_CURVE ( 'NONE', #3498, #2386, #7038, .T. ) ;
#2845 = ORIENTED_EDGE ( 'NONE', *, *, #8022, .T. ) ;
#2846 = ORIENTED_EDGE ( 'NONE', *, *, #68, .F. ) ;
#2847 = ORIENTED_EDGE ( 'NONE', *, *, #5021, .F. ) ;
#2848 = CARTESIAN_POINT ( 'NONE',  ( 4.676776695296638300, 6.969669914110096600, 0.3750000000000001100 ) ) ;
#2849 = ORIENTED_EDGE ( 'NONE', *, *, #7875, .F. ) ;
#2850 = VECTOR ( 'NONE', #3813, 1000.000000000000000 ) ;
#2851 = ADVANCED_FACE ( 'NONE', ( #3829 ), #3474, .T. ) ;
#2852 = CARTESIAN_POINT ( 'NONE',  ( 12.50000000000000000, 2.711339312526813900, -9.650000000000002100 ) ) ;
#2853 = CARTESIAN_POINT ( 'NONE',  ( -5.993871159241439100, 0.001642217931793229000, -10.15237481826548200 ) ) ;
#2854 = DIRECTION ( 'NONE',  ( -1.000000000000000000, 0.0000000000000000000, 0.0000000000000000000 ) ) ;
#2855 = ORIENTED_EDGE ( 'NONE', *, *, #356, .F. ) ;
#2856 = ORIENTED_EDGE ( 'NONE', *, *, #9396, .F. ) ;
#2857 = AXIS2_PLACEMENT_3D ( 'NONE', #9501, #4270, #9554 ) ;
#2858 = DIRECTION ( 'NONE',  ( -0.2588190451025144700, -0.9659258262890699800, 0.0000000000000000000 ) ) ;
#2859 = EDGE_CURVE ( 'NONE', #7215, #3446, #1838, .T. ) ;
#2860 = CARTESIAN_POINT ( 'NONE',  ( 5.742974427131492200, 0.06886979468424624100, 10.13899127613201900 ) ) ;
#2861 = VECTOR ( 'NONE', #584, 1000.000000000000000 ) ;
#2862 = EDGE_CURVE ( 'NONE', #99, #2966, #651, .T. ) ;
#2863 = DIRECTION ( 'NONE',  ( 0.0000000000000000000, 0.0000000000000000000, -1.000000000000000000 ) ) ;
#2864 = ORIENTED_EDGE ( 'NONE', *, *, #4070, .F. ) ;
#2865 = CARTESIAN_POINT ( 'NONE',  ( -1.500000000000004700, 5.499999999999998200, 20.00000000000000000 ) ) ;
#2866 = CARTESIAN_POINT ( 'NONE',  ( 19.67677669529663800, 4.969669914110091300, 20.00000000000000000 ) ) ;
#2867 = CARTESIAN_POINT ( 'NONE',  ( -5.749999999999996400, 0.3258063432102992800, -9.999999999999998200 ) ) ;
#2868 = CIRCLE ( 'NONE', #1104, 0.4999999999999995600 ) ;
#2869 = CARTESIAN_POINT ( 'NONE',  ( 5.750000000000003600, 0.2500000000000000000, 0.2500000000000002200 ) ) ;
#2870 = DIRECTION ( 'NONE',  ( 0.0000000000000000000, 1.000000000000000000, 0.0000000000000000000 ) ) ;
#2871 = ORIENTED_EDGE ( 'NONE', *, *, #1995, .F. ) ;
#2872 = DIRECTION ( 'NONE',  ( 0.0000000000000000000, 0.0000000000000000000, 1.000000000000000000 ) ) ;
#2873 = LINE ( 'NONE', #2070, #1731 ) ;
#2874 = CARTESIAN_POINT ( 'NONE',  ( 1.330407161568939100E-016, 5.499999999999998200, 0.2249999999999995100 ) ) ;
#2875 = AXIS2_PLACEMENT_3D ( 'NONE', #5766, #460, #3484 ) ;
#2876 = ORIENTED_EDGE ( 'NONE', *, *, #847, .F. ) ;
#2877 = CARTESIAN_POINT ( 'NONE',  ( -4.101061471818665500, 0.2500000000000001100, -10.24999999999999800 ) ) ;
#2878 = CARTESIAN_POINT ( 'NONE',  ( -5.903882009040901700, 0.2433412231059214100, 10.05297125262151600 ) ) ;
#2879 = FACE_OUTER_BOUND ( 'NONE', #9567, .T. ) ;
#2880 = AXIS2_PLACEMENT_3D ( 'NONE', #9245, #95, #5349 ) ;
#2881 = PLANE ( 'NONE',  #1648 ) ;
#2882 = VERTEX_POINT ( 'NONE', #9191 ) ;
#2883 = VECTOR ( 'NONE', #892, 1000.000000000000000 ) ;
#2884 = AXIS2_PLACEMENT_3D ( 'NONE', #2923, #4451, #6703 ) ;
#2885 = LINE ( 'NONE', #4730, #9529 ) ;
#2886 = CARTESIAN_POINT ( 'NONE',  ( 19.50000000000000400, 0.2500000000000000000, -20.00000000000000000 ) ) ;
#2887 = CARTESIAN_POINT ( 'NONE',  ( 4.750000000000002700, 7.000000000000008000, 9.750000000000000000 ) ) ;
#2888 = CARTESIAN_POINT ( 'NONE',  ( 5.901785354210688600, 0.02631653502415600600, 10.33921757615354800 ) ) ;
#2889 = CARTESIAN_POINT ( 'NONE',  ( 5.901785354210689500, 0.02631653502415476700, -0.2142175761535470600 ) ) ;
#2890 = DIRECTION ( 'NONE',  ( -0.0000000000000000000, -0.0000000000000000000, -1.000000000000000000 ) ) ;
#2891 = ADVANCED_FACE ( 'NONE', ( #2292 ), #7981, .T. ) ;
#2892 = AXIS2_PLACEMENT_3D ( 'NONE', #1598, #7712, #837 ) ;
#2893 = CARTESIAN_POINT ( 'NONE',  ( 4.750000000000006200, 8.999999999999991100, 0.3750000000000001100 ) ) ;
#2894 = EDGE_CURVE ( 'NONE', #5066, #2926, #8692, .T. ) ;
#2895 = ORIENTED_EDGE ( 'NONE', *, *, #7372, .T. ) ;
#2896 = FACE_OUTER_BOUND ( 'NONE', #2913, .T. ) ;
#2897 = COORDINATED_UNIVERSAL_TIME_OFFSET ( 6, 0, .BEHIND. ) ;
#2898 = DIRECTION ( 'NONE',  ( -0.0000000000000000000, -0.0000000000000000000, 1.000000000000000000 ) ) ;
#2899 = DIRECTION ( 'NONE',  ( 0.0000000000000000000, -1.000000000000000000, 0.0000000000000000000 ) ) ;
#2900 = ORIENTED_EDGE ( 'NONE', *, *, #5640, .F. ) ;
#2901 = CIRCLE ( 'NONE', #573, 5.294236988611968900 ) ;
#2902 = CYLINDRICAL_SURFACE ( 'NONE', #4079, 0.2500000000000002200 ) ;
#2903 = AXIS2_PLACEMENT_3D ( 'NONE', #8132, #668, #8197 ) ;
#2904 = ORIENTED_EDGE ( 'NONE', *, *, #4202, .T. ) ;
#2905 = EDGE_CURVE ( 'NONE', #8304, #2274, #4296, .T. ) ;
#2906 = ORIENTED_EDGE ( 'NONE', *, *, #5716, .T. ) ;
#2907 = EDGE_CURVE ( 'NONE', #3734, #1688, #3961, .T. ) ;
#2908 = DIRECTION ( 'NONE',  ( -1.000000000000000000, 0.0000000000000000000, 0.0000000000000000000 ) ) ;
#2909 = ORIENTED_EDGE ( 'NONE', *, *, #4026, .T. ) ;
#2910 = LINE ( 'NONE', #1253, #2113 ) ;
#2911 = CIRCLE ( 'NONE', #1112, 0.2500000000000002200 ) ;
#2912 = CARTESIAN_POINT ( 'NONE',  ( -2.792893218813456500, 8.749999999999998200, -9.624999999999998200 ) ) ;
#2913 = EDGE_LOOP ( 'NONE', ( #7455, #5090, #7820, #4601, #8799, #142, #484, #6570, #671, #7131, #9597, #2340, #3293, #6261, #7607, #8977 ) ) ;
#2914 = EDGE_LOOP ( 'NONE', ( #7096, #2481, #3213, #2788 ) ) ;
#2915 = DIRECTION ( 'NONE',  ( 1.000000000000000000, 0.0000000000000000000, 0.0000000000000000000 ) ) ;
#2916 = AXIS2_PLACEMENT_3D ( 'NONE', #3544, #5935, #6585 ) ;
#2917 = DIRECTION ( 'NONE',  ( 1.000000000000000000, 8.307675917577599100E-016, 9.969211101093119000E-016 ) ) ;
#2918 = EDGE_CURVE ( 'NONE', #4, #6787, #5009, .T. ) ;
#2919 = DIRECTION ( 'NONE',  ( 0.0000000000000000000, 0.0000000000000000000, -1.000000000000000000 ) ) ;
#2920 = VERTEX_POINT ( 'NONE', #53 ) ;
#2921 = CIRCLE ( 'NONE', #827, 0.5000000000000000000 ) ;
#2922 = LINE ( 'NONE', #5622, #9563 ) ;
#2923 = CARTESIAN_POINT ( 'NONE',  ( -12.50000000000002700, 5.399999999999980800, -12.50000000000000000 ) ) ;
#2924 = ORIENTED_EDGE ( 'NONE', *, *, #7811, .T. ) ;
#2925 = CARTESIAN_POINT ( 'NONE',  ( -12.50000000000000000, 0.0000000000000000000, -12.50000000000000000 ) ) ;
#2926 = VERTEX_POINT ( 'NONE', #3873 ) ;
#2927 = CARTESIAN_POINT ( 'NONE',  ( 1.330407161568939100E-016, 5.499999999999998200, -10.24999999999999800 ) ) ;
#2928 = DIRECTION ( 'NONE',  ( 0.0000000000000000000, 0.0000000000000000000, 1.000000000000000000 ) ) ;
#2929 = LINE ( 'NONE', #9494, #3312 ) ;
#2930 = EDGE_CURVE ( 'NONE', #4877, #3734, #196, .T. ) ;
#2931 = ORIENTED_EDGE ( 'NONE', *, *, #7765, .F. ) ;
#2932 = VECTOR ( 'NONE', #6691, 1000.000000000000000 ) ;
#2933 = ORIENTED_EDGE ( 'NONE', *, *, #8205, .T. ) ;
#2934 = EDGE_CURVE ( 'NONE', #5189, #612, #762, .T. ) ;
#2935 = ORIENTED_EDGE ( 'NONE', *, *, #5342, .F. ) ;
#2936 = VECTOR ( 'NONE', #1927, 1000.000000000000000 ) ;
#2937 = ORIENTED_EDGE ( 'NONE', *, *, #9718, .F. ) ;
#2938 = DIRECTION ( 'NONE',  ( 1.000000000000000000, 0.0000000000000000000, 0.0000000000000000000 ) ) ;
#2939 = ADVANCED_FACE ( 'NONE', ( #7754 ), #8328, .T. ) ;
#2940 = CARTESIAN_POINT ( 'NONE',  ( 19.46966991411008200, 5.176776695296647200, 20.00000000000000000 ) ) ;
#2941 = ORIENTED_EDGE ( 'NONE', *, *, #5397, .F. ) ;
#2942 = ORIENTED_EDGE ( 'NONE', *, *, #1221, .T. ) ;
#2943 = DIRECTION ( 'NONE',  ( -8.673617379884004900E-016, 1.000000000000000000, -0.0000000000000000000 ) ) ;
#2944 = EDGE_LOOP ( 'NONE', ( #1518, #3565, #9561, #7326 ) ) ;
#2945 = AXIS2_PLACEMENT_3D ( 'NONE', #9281, #8458, #3928 ) ;
#2946 = EDGE_LOOP ( 'NONE', ( #6533, #6890, #2772, #949 ) ) ;
#2947 = FACE_OUTER_BOUND ( 'NONE', #4967, .T. ) ;
#2948 = DIRECTION ( 'NONE',  ( 0.0000000000000000000, 0.0000000000000000000, 1.000000000000000000 ) ) ;
#2949 = CARTESIAN_POINT ( 'NONE',  ( -19.74999999999999600, 4.792893218813452100, -20.00000000000000000 ) ) ;
#2950 = ORIENTED_EDGE ( 'NONE', *, *, #7422, .T. ) ;
#2951 = AXIS2_PLACEMENT_3D ( 'NONE', #7695, #3887, #923 ) ;
#2952 = VERTEX_POINT ( 'NONE', #6163 ) ;
#2953 = VERTEX_POINT ( 'NONE', #6989 ) ;
#2954 = EDGE_CURVE ( 'NONE', #7689, #404, #429, .T. ) ;
#2955 = DIRECTION ( 'NONE',  ( 1.000000000000000000, -0.0000000000000000000, 0.0000000000000000000 ) ) ;
#2956 = CARTESIAN_POINT ( 'NONE',  ( 4.750000000000002700, 6.792893218813461000, -0.2500000000000000000 ) ) ;
#2957 = VERTEX_POINT ( 'NONE', #5666 ) ;
#2958 = TOROIDAL_SURFACE ( 'NONE', #5917, 0.2500000000000000000, 0.2500000000000000000 ) ;
#2959 = DIRECTION ( 'NONE',  ( -1.000000000000000000, 0.0000000000000000000, 0.0000000000000000000 ) ) ;
#2960 = DIRECTION ( 'NONE',  ( 0.0000000000000000000, 0.0000000000000000000, 1.000000000000000000 ) ) ;
#2961 = CARTESIAN_POINT ( 'NONE',  ( -5.805433175708871300, 0.2960997938801034900, -9.999999999999998200 ) ) ;
#2962 = AXIS2_PLACEMENT_3D ( 'NONE', #212, #8394, #4728 ) ;
#2963 = CARTESIAN_POINT ( 'NONE',  ( 2.792893218813457400, 8.499999999999998200, 0.0000000000000000000 ) ) ;
#2964 = CARTESIAN_POINT ( 'NONE',  ( -1.783371450077654700, 2.344367139542230300, -9.874999999999998200 ) ) ;
#2965 = EDGE_LOOP ( 'NONE', ( #9580, #5253, #728, #1556 ) ) ;
#2966 = VERTEX_POINT ( 'NONE', #4179 ) ;
#2967 = DIRECTION ( 'NONE',  ( -0.0000000000000000000, -1.000000000000000000, -0.0000000000000000000 ) ) ;
#2968 = DIRECTION ( 'NONE',  ( -0.0000000000000000000, -0.0000000000000000000, 1.000000000000000000 ) ) ;
#2969 = LINE ( 'NONE', #6538, #4515 ) ;
#2970 = LINE ( 'NONE', #6061, #746 ) ;
#2971 = AXIS2_PLACEMENT_3D ( 'NONE', #4099, #3388, #4131 ) ;
#2972 =( BOUNDED_CURVE ( )  B_SPLINE_CURVE ( 3, ( #1952, #8863, #455, #4300 ),
 .UNSPECIFIED., .F., .F. ) 
 B_SPLINE_CURVE_WITH_KNOTS ( ( 4, 4 ),
 ( 4.712388980384689700, 5.367602584997945000 ),
 .UNSPECIFIED. ) 
 CURVE ( )  GEOMETRIC_REPRESENTATION_ITEM ( )  RATIONAL_B_SPLINE_CURVE ( ( 1.000000000000000000, 0.9645434217588899600, 0.9645434217588899600, 1.000000000000000000 ) ) 
 REPRESENTATION_ITEM ( '' )  );
#2973 = CARTESIAN_POINT ( 'NONE',  ( 12.50000000000000000, 2.750000000000000900, 9.750000000000001800 ) ) ;
#2974 = EDGE_CURVE ( 'NONE', #8728, #175, #1722, .T. ) ;
#2975 = DIRECTION ( 'NONE',  ( 1.000000000000000000, 8.307675917577599100E-016, 9.969211101093119000E-016 ) ) ;
#2976 = ORIENTED_EDGE ( 'NONE', *, *, #8188, .T. ) ;
#2977 = ORIENTED_EDGE ( 'NONE', *, *, #7315, .F. ) ;
#2978 = CARTESIAN_POINT ( 'NONE',  ( 4.101061471818666400, 0.7500000000000001100, -9.624999999999998200 ) ) ;
#2979 = VECTOR ( 'NONE', #4874, 1000.000000000000000 ) ;
#2980 = DIRECTION ( 'NONE',  ( 1.000000000000000000, 0.0000000000000000000, 0.0000000000000000000 ) ) ;
#2981 = CARTESIAN_POINT ( 'NONE',  ( 5.957230827270183000, 0.01145996529388417300, 10.22195989333865800 ) ) ;
#2982 = CARTESIAN_POINT ( 'NONE',  ( 3.000000000000002700, 9.000000000000000000, 20.00000000000000000 ) ) ;
#2983 = ADVANCED_FACE ( 'NONE', ( #5732, #9512, #6562 ), #391, .F. ) ;
#2984 = EDGE_CURVE ( 'NONE', #221, #4461, #8575, .T. ) ;
#2985 = AXIS2_PLACEMENT_3D ( 'NONE', #1643, #3875, #264 ) ;
#2986 = DIRECTION ( 'NONE',  ( -0.0000000000000000000, -0.0000000000000000000, 1.000000000000000000 ) ) ;
#2987 = VERTEX_POINT ( 'NONE', #9467 ) ;
#2988 = EDGE_CURVE ( 'NONE', #5777, #5023, #2170, .T. ) ;
#2989 = CARTESIAN_POINT ( 'NONE',  ( -5.249999999999999100, 5.500000000000000000, -10.24999999999999800 ) ) ;
#2990 = EDGE_CURVE ( 'NONE', #2952, #7614, #2645, .T. ) ;
#2991 = DIRECTION ( 'NONE',  ( -0.9659258262890707500, -0.2588190451025123600, -3.575718150616503500E-015 ) ) ;
#2992 = CIRCLE ( 'NONE', #9312, 0.2500000000000002200 ) ;
#2993 = DIRECTION ( 'NONE',  ( 0.0000000000000000000, 0.0000000000000000000, 1.000000000000000000 ) ) ;
#2994 = CARTESIAN_POINT ( 'NONE',  ( -5.749999999999996400, 0.3258063432103001100, 10.00000000000000000 ) ) ;
#2995 = ORIENTED_EDGE ( 'NONE', *, *, #6219, .T. ) ;
#2996 = DIRECTION ( 'NONE',  ( 0.0000000000000000000, -1.000000000000000000, 0.0000000000000000000 ) ) ;
#2997 = CARTESIAN_POINT ( 'NONE',  ( 4.500000000000002700, 6.792893218813461900, 20.00000000000000000 ) ) ;
#2998 = ADVANCED_FACE ( 'NONE', ( #9734 ), #9505, .T. ) ;
#2999 = DIRECTION ( 'NONE',  ( -0.0000000000000000000, -0.0000000000000000000, -1.000000000000000000 ) ) ;
#3000 = CARTESIAN_POINT ( 'NONE',  ( 5.250000000000000000, 5.499999999999998200, 20.00000000000000000 ) ) ;
#3001 = CIRCLE ( 'NONE', #3, 0.5000000000000000000 ) ;
#3002 = CARTESIAN_POINT ( 'NONE',  ( -4.500000000000000900, 6.792893218813454800, 20.00000000000000000 ) ) ;
#3003 = ORIENTED_EDGE ( 'NONE', *, *, #2293, .T. ) ;
#3004 = LINE ( 'NONE', #5535, #6582 ) ;
#3005 = LINE ( 'NONE', #7073, #1621 ) ;
#3006 = AXIS2_PLACEMENT_3D ( 'NONE', #7773, #4032, #9508 ) ;
#3007 = DIRECTION ( 'NONE',  ( -0.0000000000000000000, 1.000000000000000000, -0.0000000000000000000 ) ) ;
#3008 = DIRECTION ( 'NONE',  ( 0.0000000000000000000, 0.0000000000000000000, 1.000000000000000000 ) ) ;
#3009 = ORIENTED_EDGE ( 'NONE', *, *, #5274, .F. ) ;
#3010 = FACE_OUTER_BOUND ( 'NONE', #5420, .T. ) ;
#3011 = VERTEX_POINT ( 'NONE', #9271 ) ;
#3012 = EDGE_CURVE ( 'NONE', #4096, #7375, #414, .T. ) ;
#3013 = TOROIDAL_SURFACE ( 'NONE', #4345, 0.2500000000000000000, 0.2500000000000000000 ) ;
#3014 = CARTESIAN_POINT ( 'NONE',  ( -4.101061471818665500, 0.7500000000000001100, 9.750000000000000000 ) ) ;
#3015 = DIRECTION ( 'NONE',  ( -0.0000000000000000000, -1.000000000000000000, -0.0000000000000000000 ) ) ;
#3016 = DIRECTION ( 'NONE',  ( -0.0000000000000000000, -1.000000000000000000, 0.0000000000000000000 ) ) ;
#3017 = AXIS2_PLACEMENT_3D ( 'NONE', #1311, #3512, #8741 ) ;
#3018 = EDGE_LOOP ( 'NONE', ( #1048, #7758, #5667, #4680, #6970 ) ) ;
#3019 = CIRCLE ( 'NONE', #2279, 2.776005992660403300 ) ;
#3020 = CARTESIAN_POINT ( 'NONE',  ( 5.000000000000000000, 5.749999999999998200, -9.874999999999998200 ) ) ;
#3021 = DIRECTION ( 'NONE',  ( -1.000000000000000000, 0.0000000000000000000, 0.0000000000000000000 ) ) ;
#3022 = DIRECTION ( 'NONE',  ( -0.7071067811865510100, 0.7071067811865440200, 0.0000000000000000000 ) ) ;
#3023 = DIRECTION ( 'NONE',  ( 2.891205793294680300E-016, 0.0000000000000000000, 1.000000000000000000 ) ) ;
#3024 = FACE_OUTER_BOUND ( 'NONE', #250, .T. ) ;
#3025 = AXIS2_PLACEMENT_3D ( 'NONE', #5786, #6554, #3531 ) ;
#3026 = EDGE_CURVE ( 'NONE', #1407, #3815, #7973, .T. ) ;
#3027 = DIRECTION ( 'NONE',  ( -2.891205793294680300E-016, -0.0000000000000000000, -1.000000000000000000 ) ) ;
#3028 = ADVANCED_FACE ( 'NONE', ( #7744 ), #1910, .T. ) ;
#3029 = CARTESIAN_POINT ( 'NONE',  ( 4.853553390593274800, 7.146446609406734900, 20.00000000000000000 ) ) ;
#3030 = CARTESIAN_POINT ( 'NONE',  ( 1.330407161568939100E-016, 5.499999999999998200, 20.00000000000000000 ) ) ;
#3031 = ORIENTED_EDGE ( 'NONE', *, *, #7385, .F. ) ;
#3032 = FACE_OUTER_BOUND ( 'NONE', #5804, .T. ) ;
#3033 = FACE_OUTER_BOUND ( 'NONE', #7696, .T. ) ;
#3034 = DIRECTION ( 'NONE',  ( -0.7071067811865475700, 0.7071067811865475700, 0.0000000000000000000 ) ) ;
#3035 = ORIENTED_EDGE ( 'NONE', *, *, #2063, .T. ) ;
#3036 = ORIENTED_EDGE ( 'NONE', *, *, #5609, .F. ) ;
#3037 = CARTESIAN_POINT ( 'NONE',  ( 17.79423698861199600, 5.500000000000008000, -12.50000000000000000 ) ) ;
#3038 = CARTESIAN_POINT ( 'NONE',  ( -4.750000000000000000, 6.792893218813454800, 0.1250000000000001100 ) ) ;
#3039 = EDGE_LOOP ( 'NONE', ( #387, #811, #3768, #7832, #5591 ) ) ;
#3040 = FACE_OUTER_BOUND ( 'NONE', #6304, .T. ) ;
#3041 = CIRCLE ( 'NONE', #717, 0.5000000000000000000 ) ;
#3042 = AXIS2_PLACEMENT_3D ( 'NONE', #1681, #7727, #8452 ) ;
#3043 = VERTEX_POINT ( 'NONE', #3402 ) ;
#3044 = EDGE_CURVE ( 'NONE', #2966, #8742, #2259, .T. ) ;
#3045 = ADVANCED_FACE ( 'NONE', ( #1237 ), #5616, .T. ) ;
#3046 = CARTESIAN_POINT ( 'NONE',  ( 5.860203337588445500, 0.2667485526245288500, -9.893857643289006600 ) ) ;
#3047 = EDGE_CURVE ( 'NONE', #4826, #1272, #1468, .T. ) ;
#3048 = ORIENTED_EDGE ( 'NONE', *, *, #8209, .T. ) ;
#3049 = DIRECTION ( 'NONE',  ( -1.000000000000000000, 0.0000000000000000000, 0.0000000000000000000 ) ) ;
#3050 = ORIENTED_EDGE ( 'NONE', *, *, #4205, .F. ) ;
#3051 = DIRECTION ( 'NONE',  ( 0.7071067811865450200, 0.7071067811865501300, 0.0000000000000000000 ) ) ;
#3052 = DIRECTION ( 'NONE',  ( -1.000000000000000000, 0.0000000000000000000, 0.0000000000000000000 ) ) ;
#3053 = CARTESIAN_POINT ( 'NONE',  ( 2.969669914110093100, 8.676776695296634800, -9.624999999999998200 ) ) ;
#3054 = VERTEX_POINT ( 'NONE', #73 ) ;
#3055 = CIRCLE ( 'NONE', #8055, 0.2500000000000002200 ) ;
#3056 = CARTESIAN_POINT ( 'NONE',  ( -5.749999999999996400, 0.3258063432103001100, 0.1250000000000001100 ) ) ;
#3057 = ORIENTED_EDGE ( 'NONE', *, *, #1611, .F. ) ;
#3058 = ORIENTED_EDGE ( 'NONE', *, *, #2046, .T. ) ;
#3059 = FACE_OUTER_BOUND ( 'NONE', #6645, .T. ) ;
#3060 = ORIENTED_EDGE ( 'NONE', *, *, #946, .F. ) ;
#3061 = DIRECTION ( 'NONE',  ( 0.7071067811865487900, 0.0000000000000000000, 0.7071067811865463500 ) ) ;
#3062 = DIRECTION ( 'NONE',  ( 0.0000000000000000000, 0.0000000000000000000, -1.000000000000000000 ) ) ;
#3063 = DIRECTION ( 'NONE',  ( -0.0000000000000000000, -0.0000000000000000000, 1.000000000000000000 ) ) ;
#3065 = FACE_BOUND ( 'NONE', #9776, .T. ) ;
#3064 = CARTESIAN_POINT ( 'NONE',  ( 12.50000000000000500, 5.500000000000005300, 12.50000000000000000 ) ) ;
#3066 = ORIENTED_EDGE ( 'NONE', *, *, #8617, .F. ) ;
#3067 = VECTOR ( 'NONE', #1539, 1000.000000000000000 ) ;
#3068 = CARTESIAN_POINT ( 'NONE',  ( -5.989959552787900600, 0.002690329722127194800, -10.14645889539294600 ) ) ;
#3069 = VERTEX_POINT ( 'NONE', #3699 ) ;
#3070 = DIRECTION ( 'NONE',  ( -0.9659258262890700900, 0.2588190451025143000, -0.0000000000000000000 ) ) ;
#3071 = VERTEX_POINT ( 'NONE', #5882 ) ;
#3072 = VECTOR ( 'NONE', #2516, 1000.000000000000000 ) ;
#3073 = CARTESIAN_POINT ( 'NONE',  ( -3.146446609406730500, 8.853553390593271300, 10.37500000000000000 ) ) ;
#3074 = AXIS2_PLACEMENT_3D ( 'NONE', #63, #4663, #4547 ) ;
#3075 = CARTESIAN_POINT ( 'NONE',  ( 5.685295238724374500, 0.08432488663803175400, -0.2500000000000000000 ) ) ;
#3076 = ORIENTED_EDGE ( 'NONE', *, *, #3268, .T. ) ;
#3077 = ORIENTED_EDGE ( 'NONE', *, *, #6873, .F. ) ;
#3078 = VERTEX_POINT ( 'NONE', #9143 ) ;
#3079 = ORIENTED_EDGE ( 'NONE', *, *, #8321, .T. ) ;
#3080 = CIRCLE ( 'NONE', #9210, 0.2500000000000000000 ) ;
#3081 = DIRECTION ( 'NONE',  ( 0.0000000000000000000, 0.0000000000000000000, 1.000000000000000000 ) ) ;
#3082 = DIRECTION ( 'NONE',  ( 0.0000000000000000000, 0.0000000000000000000, 1.000000000000000000 ) ) ;
#3083 = DIRECTION ( 'NONE',  ( 0.0000000000000000000, 1.000000000000000000, -0.0000000000000000000 ) ) ;
#3084 = CARTESIAN_POINT ( 'NONE',  ( 2.792893218813457400, 8.499999999999998200, -20.00000000000000000 ) ) ;
#3085 = ADVANCED_FACE ( 'NONE', ( #753 ), #1013, .T. ) ;
#3086 = ORIENTED_EDGE ( 'NONE', *, *, #8861, .T. ) ;
#3087 = AXIS2_PLACEMENT_3D ( 'NONE', #4775, #6300, #5465 ) ;
#3088 = ORIENTED_EDGE ( 'NONE', *, *, #2796, .F. ) ;
#3089 = CARTESIAN_POINT ( 'NONE',  ( -1.366094737331734200E-014, 5.250000000000013300, 9.750000000000000000 ) ) ;
#3090 = DIRECTION ( 'NONE',  ( 0.0000000000000000000, 0.0000000000000000000, 1.000000000000000000 ) ) ;
#3091 = VECTOR ( 'NONE', #4626, 1000.000000000000000 ) ;
#3092 = VECTOR ( 'NONE', #9791, 1000.000000000000000 ) ;
#3093 = CARTESIAN_POINT ( 'NONE',  ( -2.792893218813456500, 9.000000000000000000, 10.37500000000000000 ) ) ;
#3094 = AXIS2_PLACEMENT_3D ( 'NONE', #8708, #7134, #6343 ) ;
#3095 = EDGE_CURVE ( 'NONE', #11, #4618, #9275, .T. ) ;
#3096 = DIRECTION ( 'NONE',  ( 0.0000000000000000000, 1.000000000000000000, -0.0000000000000000000 ) ) ;
#3097 = VERTEX_POINT ( 'NONE', #7530 ) ;
#3098 = DIRECTION ( 'NONE',  ( 0.0000000000000000000, 0.0000000000000000000, 1.000000000000000000 ) ) ;
#3099 = VERTEX_POINT ( 'NONE', #4524 ) ;
#3100 = DIRECTION ( 'NONE',  ( 1.000000000000000000, 0.0000000000000000000, 0.0000000000000000000 ) ) ;
#3101 = ADVANCED_FACE ( 'NONE', ( #3590 ), #1599, .F. ) ;
#3102 = LINE ( 'NONE', #8179, #2861 ) ;
#3103 = CARTESIAN_POINT ( 'NONE',  ( -5.999459515307466800, 0.0001448224368846881700, 9.828315301703213400 ) ) ;
#3104 = ORIENTED_EDGE ( 'NONE', *, *, #2280, .F. ) ;
#3105 = DIRECTION ( 'NONE',  ( -1.000000000000000000, 0.0000000000000000000, 0.0000000000000000000 ) ) ;
#3106 = CARTESIAN_POINT ( 'NONE',  ( -2.000000000000000000, 5.499999999999998200, 20.00000000000000000 ) ) ;
#3107 = AXIS2_PLACEMENT_3D ( 'NONE', #5179, #3667, #2792 ) ;
#3108 = DIRECTION ( 'NONE',  ( 8.673617379884004900E-016, -1.000000000000000000, 0.0000000000000000000 ) ) ;
#3109 = EDGE_CURVE ( 'NONE', #8964, #3202, #1592, .T. ) ;
#3110 = VECTOR ( 'NONE', #9253, 1000.000000000000000 ) ;
#3111 = ADVANCED_FACE ( 'NONE', ( #1954 ), #9395, .T. ) ;
#3112 = ORIENTED_EDGE ( 'NONE', *, *, #9074, .F. ) ;
#3113 = DIRECTION ( 'NONE',  ( 0.7071067811865491300, -0.7071067811865460200, 0.0000000000000000000 ) ) ;
#3114 = DIRECTION ( 'NONE',  ( 1.224646799147353200E-016, 1.000000000000000000, 0.0000000000000000000 ) ) ;
#3115 = DIRECTION ( 'NONE',  ( 0.7071067811865441300, 0.7071067811865510100, 0.0000000000000000000 ) ) ;
#3116 = DIRECTION ( 'NONE',  ( 0.0000000000000000000, 0.0000000000000000000, -1.000000000000000000 ) ) ;
#3117 = TOROIDAL_SURFACE ( 'NONE', #1154, 5.294236988611968900, 0.1000000000000000100 ) ;
#3118 = EDGE_CURVE ( 'NONE', #5916, #9230, #5962, .T. ) ;
#3119 = AXIS2_PLACEMENT_3D ( 'NONE', #6118, #8411, #1602 ) ;
#3120 = CARTESIAN_POINT ( 'NONE',  ( -2.792893218813456500, 8.749999999999998200, -19.75000000000000000 ) ) ;
#3121 = EDGE_CURVE ( 'NONE', #1662, #4251, #9150, .T. ) ;
#3122 = ORIENTED_EDGE ( 'NONE', *, *, #4423, .F. ) ;
#3123 = EDGE_CURVE ( 'NONE', #5066, #4408, #3351, .T. ) ;
#3124 = DIRECTION ( 'NONE',  ( 2.891205793294681300E-016, 0.0000000000000000000, 1.000000000000000000 ) ) ;
#3125 = CIRCLE ( 'NONE', #1585, 0.2500000000000003300 ) ;
#3126 = CARTESIAN_POINT ( 'NONE',  ( 5.989959552787908600, 0.002690329722128848500, 10.27145889539294800 ) ) ;
#3127 = CARTESIAN_POINT ( 'NONE',  ( 6.000000000000003600, -2.168404344971008900E-016, -0.1830127018922177200 ) ) ;
#3128 = CARTESIAN_POINT ( 'NONE',  ( -19.74999999999999600, 0.5000000000000000000, -19.75000000000000000 ) ) ;
#3129 = CARTESIAN_POINT ( 'NONE',  ( 2.969669914110093500, 8.676776695296634800, -0.2500000000000000000 ) ) ;
#3130 = EDGE_CURVE ( 'NONE', #9008, #4466, #2744, .T. ) ;
#3131 = ORIENTED_EDGE ( 'NONE', *, *, #4660, .F. ) ;
#3132 = CARTESIAN_POINT ( 'NONE',  ( 4.101061471818666400, 0.7500000000000001100, 10.37500000000000000 ) ) ;
#3133 = EDGE_LOOP ( 'NONE', ( #6155, #4868, #4505, #2283 ) ) ;
#3134 = CARTESIAN_POINT ( 'NONE',  ( -2.792893218813456500, 8.499999999999998200, 0.3750000000000003300 ) ) ;
#3135 = EDGE_CURVE ( 'NONE', #5568, #7942, #8910, .T. ) ;
#3136 = ADVANCED_FACE ( 'NONE', ( #7497 ), #8789, .T. ) ;
#3137 = VECTOR ( 'NONE', #950, 1000.000000000000100 ) ;
#3138 = FACE_OUTER_BOUND ( 'NONE', #6939, .T. ) ;
#3139 = CARTESIAN_POINT ( 'NONE',  ( -4.101061471818665500, 0.2500000000000001100, 10.00000000000000000 ) ) ;
#3140 = DIRECTION ( 'NONE',  ( -0.0000000000000000000, -0.0000000000000000000, 1.000000000000000000 ) ) ;
#3141 = PLANE ( 'NONE',  #8928 ) ;
#3142 = DIRECTION ( 'NONE',  ( 0.7071067811865474600, 0.7071067811865474600, 0.0000000000000000000 ) ) ;
#3143 = EDGE_LOOP ( 'NONE', ( #5419, #8314, #2906, #6528 ) ) ;
#3144 = CIRCLE ( 'NONE', #3212, 0.2499999999999999700 ) ;
#3145 = COORDINATED_UNIVERSAL_TIME_OFFSET ( 6, 0, .BEHIND. ) ;
#3146 = AXIS2_PLACEMENT_3D ( 'NONE', #5921, #7403, #2082 ) ;
#3147 = CARTESIAN_POINT ( 'NONE',  ( -19.29289321881348200, 5.249999999999962700, -19.75000000000000000 ) ) ;
#3148 = DIRECTION ( 'NONE',  ( 0.0000000000000000000, -1.000000000000000000, 0.0000000000000000000 ) ) ;
#3149 = ADVANCED_FACE ( 'NONE', ( #6908 ), #5241, .T. ) ;
#3150 = CARTESIAN_POINT ( 'NONE',  ( 5.750000000000003600, 0.3258063432103001600, -9.874999999999998200 ) ) ;
#3151 = DIRECTION ( 'NONE',  ( 0.7071067811865475700, -0.7071067811865475700, 0.0000000000000000000 ) ) ;
#3152 = AXIS2_PLACEMENT_3D ( 'NONE', #9435, #7189, #5280 ) ;
#3153 = EDGE_CURVE ( 'NONE', #139, #5916, #1716, .T. ) ;
#3154 = ORIENTED_EDGE ( 'NONE', *, *, #3642, .F. ) ;
#3155 = VECTOR ( 'NONE', #1509, 1000.000000000000000 ) ;
#3156 = VECTOR ( 'NONE', #6648, 1000.000000000000000 ) ;
#3157 = CARTESIAN_POINT ( 'NONE',  ( -19.29289321881348200, 5.499999999999963600, -19.75000000000000000 ) ) ;
#3158 = DIRECTION ( 'NONE',  ( -0.9659258262890697600, -0.2588190451025159700, -0.0000000000000000000 ) ) ;
#3159 =( BOUNDED_CURVE ( )  B_SPLINE_CURVE ( 3, ( #759, #9316, #7842, #4063 ),
 .UNSPECIFIED., .F., .F. ) 
 B_SPLINE_CURVE_WITH_KNOTS ( ( 4, 4 ),
 ( 0.0000000000000000000, 1.570796326794896600 ),
 .UNSPECIFIED. ) 
 CURVE ( )  GEOMETRIC_REPRESENTATION_ITEM ( )  RATIONAL_B_SPLINE_CURVE ( ( 1.000000000000000000, 0.8047378541243649400, 0.8047378541243649400, 1.000000000000000000 ) ) 
 REPRESENTATION_ITEM ( '' )  );
#3160 = VECTOR ( 'NONE', #6905, 1000.000000000000000 ) ;
#3161 = CARTESIAN_POINT ( 'NONE',  ( 6.250000000000003600, 5.249999999999998200, -19.75000000000000000 ) ) ;
#3162 = ADVANCED_FACE ( 'NONE', ( #5495 ), #5372, .T. ) ;
#3163 = EDGE_LOOP ( 'NONE', ( #9356, #5492, #3524, #7937 ) ) ;
#3164 = CYLINDRICAL_SURFACE ( 'NONE', #8096, 0.2500000000000000000 ) ;
#3165 = VECTOR ( 'NONE', #4232, 1000.000000000000000 ) ;
#3166 = ORIENTED_EDGE ( 'NONE', *, *, #9591, .T. ) ;
#3167 = AXIS2_PLACEMENT_3D ( 'NONE', #8718, #1962, #6393 ) ;
#3168 = CARTESIAN_POINT ( 'NONE',  ( -2.792893218813456500, 8.749999999999998200, -10.24999999999999800 ) ) ;
#3169 = ORIENTED_EDGE ( 'NONE', *, *, #6379, .F. ) ;
#3170 = EDGE_CURVE ( 'NONE', #3659, #3767, #5722, .T. ) ;
#3171 = DIRECTION ( 'NONE',  ( -0.0000000000000000000, -0.0000000000000000000, -1.000000000000000000 ) ) ;
#3172 = ORIENTED_EDGE ( 'NONE', *, *, #6977, .F. ) ;
#3173 = CYLINDRICAL_SURFACE ( 'NONE', #2651, 2.749999999999999100 ) ;
#3174 = VECTOR ( 'NONE', #2181, 1000.000000000000000 ) ;
#3175 = VERTEX_POINT ( 'NONE', #9010 ) ;
#3176 = CARTESIAN_POINT ( 'NONE',  ( -5.000000000000000000, 7.000000000000001800, 20.00000000000000000 ) ) ;
#3177 = ORIENTED_EDGE ( 'NONE', *, *, #3123, .T. ) ;
#3178 = AXIS2_PLACEMENT_3D ( 'NONE', #9658, #5870, #5905 ) ;
#3179 = CARTESIAN_POINT ( 'NONE',  ( -3.146446609406730500, 8.853553390593271300, 0.3750000000000003300 ) ) ;
#3180 = AXIS2_PLACEMENT_3D ( 'NONE', #2452, #7781, #7207 ) ;
#3181 = VECTOR ( 'NONE', #3864, 1000.000000000000000 ) ;
#3182 = DIRECTION ( 'NONE',  ( -1.000000000000000000, 0.0000000000000000000, 0.0000000000000000000 ) ) ;
#3183 = EDGE_CURVE ( 'NONE', #132, #820, #8202, .T. ) ;
#3184 = ORIENTED_EDGE ( 'NONE', *, *, #5964, .F. ) ;
#3185 = CIRCLE ( 'NONE', #776, 0.2500000000000002200 ) ;
#3186 = EDGE_CURVE ( 'NONE', #3614, #612, #7147, .T. ) ;
#3187 = CARTESIAN_POINT ( 'NONE',  ( 5.893211169803001900, 0.1319926310135616000, 0.01909069742771309100 ) ) ;
#3188 = ORIENTED_EDGE ( 'NONE', *, *, #4371, .F. ) ;
#3189 = ADVANCED_FACE ( 'NONE', ( #6661 ), #642, .T. ) ;
#3190 = ORIENTED_EDGE ( 'NONE', *, *, #5551, .T. ) ;
#3191 = CIRCLE ( 'NONE', #302, 0.2500000000000002200 ) ;
#3192 = CARTESIAN_POINT ( 'NONE',  ( 19.50000000000000400, 0.5000000000000000000, -20.00000000000000000 ) ) ;
#3193 = ORIENTED_EDGE ( 'NONE', *, *, #7885, .T. ) ;
#3194 = CARTESIAN_POINT ( 'NONE',  ( -5.249999999999999100, 5.500000000000000000, 9.750000000000000000 ) ) ;
#3195 = PLANE ( 'NONE',  #3395 ) ;
#3196 = ORIENTED_EDGE ( 'NONE', *, *, #401, .T. ) ;
#3197 = ORIENTED_EDGE ( 'NONE', *, *, #9384, .T. ) ;
#3198 = ORIENTED_EDGE ( 'NONE', *, *, #5920, .F. ) ;
#3199 = CARTESIAN_POINT ( 'NONE',  ( 4.230470994369924600, 0.7329629131445349900, -9.624999999999998200 ) ) ;
#3200 = CARTESIAN_POINT ( 'NONE',  ( 12.50000000000000000, 0.1000000000000000100, 9.650000000000002100 ) ) ;
#3201 = DIRECTION ( 'NONE',  ( 0.0000000000000000000, 0.0000000000000000000, 1.000000000000000000 ) ) ;
#3202 = VERTEX_POINT ( 'NONE', #8353 ) ;
#3203 = CIRCLE ( 'NONE', #8395, 5.000000000000000000 ) ;
#3204 = CARTESIAN_POINT ( 'NONE',  ( -4.750000000000000000, 5.500000000000000900, -9.624999999999998200 ) ) ;
#3205 = DIRECTION ( 'NONE',  ( 0.0000000000000000000, 0.0000000000000000000, 1.000000000000000000 ) ) ;
#3206 = ADVANCED_FACE ( 'NONE', ( #7269 ), #4897, .T. ) ;
#3207 = DIRECTION ( 'NONE',  ( -0.0000000000000000000, -0.0000000000000000000, 1.000000000000000000 ) ) ;
#3208 = VERTEX_POINT ( 'NONE', #8323 ) ;
#3209 = ORIENTED_EDGE ( 'NONE', *, *, #2178, .T. ) ;
#3210 = ORIENTED_EDGE ( 'NONE', *, *, #4516, .T. ) ;
#3211 = DIRECTION ( 'NONE',  ( -0.0000000000000000000, -0.0000000000000000000, 1.000000000000000000 ) ) ;
#3212 = AXIS2_PLACEMENT_3D ( 'NONE', #5007, #8056, #3519 ) ;
#3213 = ORIENTED_EDGE ( 'NONE', *, *, #2230, .F. ) ;
#3214 = TOROIDAL_SURFACE ( 'NONE', #6726, 2.100000000000000100, 0.1000000000000000100 ) ;
#3215 = CARTESIAN_POINT ( 'NONE',  ( 5.891456562198428900, 0.2500000000000002200, -9.918868874230494000 ) ) ;
#3216 = ADVANCED_FACE ( 'NONE', ( #190 ), #6777, .T. ) ;
#3217 = ORIENTED_EDGE ( 'NONE', *, *, #2862, .F. ) ;
#3218 = DIRECTION ( 'NONE',  ( 0.0000000000000000000, 0.0000000000000000000, -1.000000000000000000 ) ) ;
#3219 = ORIENTED_EDGE ( 'NONE', *, *, #6992, .T. ) ;
#3220 = EDGE_CURVE ( 'NONE', #5168, #6092, #3231, .T. ) ;
#3221 = VECTOR ( 'NONE', #933, 1000.000000000000000 ) ;
#3222 = FACE_OUTER_BOUND ( 'NONE', #1696, .T. ) ;
#3223 = DIRECTION ( 'NONE',  ( 1.000000000000000000, 8.307675917577599100E-016, 0.0000000000000000000 ) ) ;
#3224 = DIRECTION ( 'NONE',  ( -1.000000000000000000, -3.577867169202164600E-015, 0.0000000000000000000 ) ) ;
#3225 = DIRECTION ( 'NONE',  ( -1.000000000000000000, 0.0000000000000000000, 0.0000000000000000000 ) ) ;
#3226 = AXIS2_PLACEMENT_3D ( 'NONE', #5193, #9688, #5939 ) ;
#3227 = CARTESIAN_POINT ( 'NONE',  ( 3.146446609406729600, 8.853553390593273100, 20.00000000000000000 ) ) ;
#3228 = ORIENTED_EDGE ( 'NONE', *, *, #6440, .F. ) ;
#3229 = ORIENTED_EDGE ( 'NONE', *, *, #5863, .F. ) ;
#3230 = DIRECTION ( 'NONE',  ( 0.0000000000000000000, 0.0000000000000000000, -1.000000000000000000 ) ) ;
#3231 = CIRCLE ( 'NONE', #8576, 0.2500000000000002200 ) ;
#3232 = AXIS2_PLACEMENT_3D ( 'NONE', #7055, #1022, #295 ) ;
#3233 = EDGE_CURVE ( 'NONE', #7070, #2513, #5122, .T. ) ;
#3234 = DIRECTION ( 'NONE',  ( 2.602085213965201600E-015, -1.000000000000000000, -0.0000000000000000000 ) ) ;
#3235 = DIRECTION ( 'NONE',  ( 0.0000000000000000000, 0.0000000000000000000, -1.000000000000000000 ) ) ;
#3236 = ORIENTED_EDGE ( 'NONE', *, *, #5199, .T. ) ;
#3237 = CARTESIAN_POINT ( 'NONE',  ( -4.500000000000000900, 6.792893218813454800, -10.24999999999999800 ) ) ;
#3238 = CARTESIAN_POINT ( 'NONE',  ( -4.853553390593274000, 7.146446609406727800, 20.00000000000000000 ) ) ;
#3239 = CARTESIAN_POINT ( 'NONE',  ( 5.000000000000002700, 6.792893218813461000, 20.00000000000000000 ) ) ;
#3240 = FACE_OUTER_BOUND ( 'NONE', #9503, .T. ) ;
#3241 = CARTESIAN_POINT ( 'NONE',  ( -5.000000000000000000, 6.792893218813454800, 20.00000000000000000 ) ) ;
#3242 = AXIS2_PLACEMENT_3D ( 'NONE', #3014, #9737, #1513 ) ;
#3243 = DIRECTION ( 'NONE',  ( -0.7071067811865475700, 0.7071067811865475700, 0.0000000000000000000 ) ) ;
#3244 = AXIS2_PLACEMENT_3D ( 'NONE', #8699, #6435, #3536 ) ;
#3245 = ORIENTED_EDGE ( 'NONE', *, *, #7203, .F. ) ;
#3246 = DIRECTION ( 'NONE',  ( -0.7071067811865501300, 0.7071067811865449100, 0.0000000000000000000 ) ) ;
#3247 = EDGE_CURVE ( 'NONE', #4624, #5973, #3702, .T. ) ;
#3248 = CARTESIAN_POINT ( 'NONE',  ( 6.250000000000003600, 5.249999999999998200, 20.00000000000000000 ) ) ;
#3249 = EDGE_CURVE ( 'NONE', #2135, #8148, #2868, .T. ) ;
#3250 = CIRCLE ( 'NONE', #2657, 0.5000000000000000000 ) ;
#3251 = CARTESIAN_POINT ( 'NONE',  ( 5.000000000000002700, 6.792893218813461000, -19.75000000000000000 ) ) ;
#3252 = ADVANCED_FACE ( 'NONE', ( #887 ), #4668, .T. ) ;
#3253 = DIRECTION ( 'NONE',  ( -0.0000000000000000000, -0.0000000000000000000, -1.000000000000000000 ) ) ;
#3254 = ORIENTED_EDGE ( 'NONE', *, *, #2176, .F. ) ;
#3255 = LINE ( 'NONE', #8267, #9527 ) ;
#3256 = VERTEX_POINT ( 'NONE', #98 ) ;
#3257 = VECTOR ( 'NONE', #1385, 1000.000000000000000 ) ;
#3258 = CARTESIAN_POINT ( 'NONE',  ( -4.676776695296635600, 6.969669914110090400, 10.12500000000000000 ) ) ;
#3259 = CARTESIAN_POINT ( 'NONE',  ( 0.0000000000000000000, 9.000000000000000000, -9.874999999999998200 ) ) ;
#3260 = CARTESIAN_POINT ( 'NONE',  ( 1.330407161568939100E-016, 0.7499999999999983300, 0.3750000000000001100 ) ) ;
#3261 = ADVANCED_FACE ( 'NONE', ( #4186 ), #6445, .T. ) ;
#3262 = EDGE_LOOP ( 'NONE', ( #4587, #7362, #9250, #9228 ) ) ;
#3263 = LINE ( 'NONE', #9634, #7520 ) ;
#3264 = DIRECTION ( 'NONE',  ( 0.7071067811865474600, 0.7071067811865474600, 0.0000000000000000000 ) ) ;
#3265 = ORIENTED_EDGE ( 'NONE', *, *, #7227, .T. ) ;
#3266 = TOROIDAL_SURFACE ( 'NONE', #5511, 0.2500000000000000000, 0.2500000000000000000 ) ;
#3267 = CARTESIAN_POINT ( 'NONE',  ( 2.969669914110094800, 8.676776695296636500, 20.00000000000000000 ) ) ;
#3268 = EDGE_CURVE ( 'NONE', #9102, #2953, #6208, .T. ) ;
#3269 = CARTESIAN_POINT ( 'NONE',  ( -0.0000000000000000000, 0.7500000000000001100, -19.75000000000000000 ) ) ;
#3270 = EDGE_CURVE ( 'NONE', #1314, #874, #8453, .T. ) ;
#3271 = DIRECTION ( 'NONE',  ( 0.0000000000000000000, 1.000000000000000000, 0.0000000000000000000 ) ) ;
#3272 = ORIENTED_EDGE ( 'NONE', *, *, #7024, .T. ) ;
#3273 = CYLINDRICAL_SURFACE ( 'NONE', #1270, 0.2500000000000002200 ) ;
#3274 = AXIS2_PLACEMENT_3D ( 'NONE', #7393, #3616, #8907 ) ;
#3275 = CARTESIAN_POINT ( 'NONE',  ( -5.000000000000000000, 6.792893218813454800, 20.00000000000000000 ) ) ;
#3276 = AXIS2_PLACEMENT_3D ( 'NONE', #245, #5418, #2416 ) ;
#3277 = EDGE_LOOP ( 'NONE', ( #3982, #3188, #8112, #9673 ) ) ;
#3278 = LINE ( 'NONE', #5272, #5888 ) ;
#3279 = CIRCLE ( 'NONE', #6434, 0.5000000000000000000 ) ;
#3280 = EDGE_LOOP ( 'NONE', ( #2701, #1878, #5102, #5539 ) ) ;
#3281 = DIRECTION ( 'NONE',  ( 0.0000000000000000000, 0.0000000000000000000, -1.000000000000000000 ) ) ;
#3282 = ORIENTED_EDGE ( 'NONE', *, *, #6036, .T. ) ;
#3283 = DIRECTION ( 'NONE',  ( 0.0000000000000000000, 1.000000000000000000, -0.0000000000000000000 ) ) ;
#3284 = EDGE_CURVE ( 'NONE', #1616, #9474, #4759, .T. ) ;
#3285 = DIRECTION ( 'NONE',  ( 0.0000000000000000000, 0.0000000000000000000, -1.000000000000000000 ) ) ;
#3286 = DIRECTION ( 'NONE',  ( 0.0000000000000000000, 0.0000000000000000000, -1.000000000000000000 ) ) ;
#3287 = VERTEX_POINT ( 'NONE', #867 ) ;
#3288 = CIRCLE ( 'NONE', #2149, 5.220242981272396500 ) ;
#3289 = VECTOR ( 'NONE', #1043, 1000.000000000000000 ) ;
#3290 = CARTESIAN_POINT ( 'NONE',  ( -4.230470994369922800, 0.7329629131445352100, 10.00000000000000000 ) ) ;
#3291 = ORIENTED_EDGE ( 'NONE', *, *, #5015, .F. ) ;
#3292 = AXIS2_PLACEMENT_3D ( 'NONE', #6446, #2686, #527 ) ;
#3293 = ORIENTED_EDGE ( 'NONE', *, *, #5659, .T. ) ;
#3294 = DIRECTION ( 'NONE',  ( 0.0000000000000000000, 0.0000000000000000000, 1.000000000000000000 ) ) ;
#3295 = ORIENTED_EDGE ( 'NONE', *, *, #5350, .T. ) ;
#3296 = CARTESIAN_POINT ( 'NONE',  ( 4.676776695296639200, 6.969669914110098400, 10.12500000000000000 ) ) ;
#3297 = DIRECTION ( 'NONE',  ( -1.000000000000000000, 6.938893903907222100E-015, 0.0000000000000000000 ) ) ;
#3298 = TOROIDAL_SURFACE ( 'NONE', #4830, 0.5000000000000000000, 0.2500000000000000000 ) ;
#3299 = ADVANCED_FACE ( 'NONE', ( #4784 ), #1945, .F. ) ;
#3300 = ORIENTED_EDGE ( 'NONE', *, *, #7707, .F. ) ;
#3301 = FACE_OUTER_BOUND ( 'NONE', #361, .T. ) ;
#3302 = AXIS2_PLACEMENT_3D ( 'NONE', #1417, #5994, #722 ) ;
#3303 = EDGE_LOOP ( 'NONE', ( #3190, #5892, #4133, #559, #5897, #7335, #699, #2741, #5945, #9272, #6193, #4772, #8857, #5414, #2834, #5726 ) ) ;
#3304 = EDGE_CURVE ( 'NONE', #8451, #2671, #2418, .T. ) ;
#3305 = DIRECTION ( 'NONE',  ( -1.000000000000000000, 0.0000000000000000000, 0.0000000000000000000 ) ) ;
#3306 = EDGE_CURVE ( 'NONE', #1828, #9202, #4289, .T. ) ;
#3307 = ORIENTED_EDGE ( 'NONE', *, *, #7040, .T. ) ;
#3308 = LINE ( 'NONE', #2690, #4745 ) ;
#3309 = DIRECTION ( 'NONE',  ( -1.000000000000000000, 0.0000000000000000000, 0.0000000000000000000 ) ) ;
#3310 = ORIENTED_EDGE ( 'NONE', *, *, #4906, .T. ) ;
#3311 = CARTESIAN_POINT ( 'NONE',  ( -2.100000000000000100, 5.499999999999998200, 10.00000000000000000 ) ) ;
#3312 = VECTOR ( 'NONE', #8643, 1000.000000000000000 ) ;
#3313 = ORIENTED_EDGE ( 'NONE', *, *, #6685, .T. ) ;
#3314 = ORIENTED_EDGE ( 'NONE', *, *, #2934, .F. ) ;
#3315 = ADVANCED_FACE ( 'NONE', ( #3694 ), #182, .T. ) ;
#3316 = EDGE_CURVE ( 'NONE', #8522, #5907, #634, .T. ) ;
#3317 = DIRECTION ( 'NONE',  ( 0.7071067811865458000, 0.7071067811865492400, 0.0000000000000000000 ) ) ;
#3318 = ORIENTED_EDGE ( 'NONE', *, *, #6581, .F. ) ;
#3319 = FACE_OUTER_BOUND ( 'NONE', #4750, .T. ) ;
#3320 = AXIS2_PLACEMENT_3D ( 'NONE', #235, #1718, #2501 ) ;
#3321 = EDGE_CURVE ( 'NONE', #5480, #9474, #3946, .T. ) ;
#3322 = EDGE_CURVE ( 'NONE', #1540, #4160, #5366, .T. ) ;
#3323 = DIRECTION ( 'NONE',  ( 0.0000000000000000000, 0.0000000000000000000, -1.000000000000000000 ) ) ;
#3324 = VERTEX_POINT ( 'NONE', #4582 ) ;
#3325 = ORIENTED_EDGE ( 'NONE', *, *, #4510, .F. ) ;
#3326 = ORIENTED_EDGE ( 'NONE', *, *, #8186, .T. ) ;
#3327 = CARTESIAN_POINT ( 'NONE',  ( -2.969669914110093500, 8.676776695296634800, 10.37500000000000000 ) ) ;
#3328 = ORIENTED_EDGE ( 'NONE', *, *, #791, .T. ) ;
#3329 = CIRCLE ( 'NONE', #5016, 0.2500000000000002200 ) ;
#3330 = DIRECTION ( 'NONE',  ( 1.000000000000000000, 2.775557561562888800E-014, 0.0000000000000000000 ) ) ;
#3331 = DIRECTION ( 'NONE',  ( 0.0000000000000000000, 0.0000000000000000000, -1.000000000000000000 ) ) ;
#3332 = ORIENTED_EDGE ( 'NONE', *, *, #8286, .F. ) ;
#3333 = PLANE ( 'NONE',  #5972 ) ;
#3334 = ORIENTED_EDGE ( 'NONE', *, *, #8737, .T. ) ;
#3335 = FACE_OUTER_BOUND ( 'NONE', #1404, .T. ) ;
#3336 = LINE ( 'NONE', #6748, #290 ) ;
#3337 = CARTESIAN_POINT ( 'NONE',  ( -2.792893218813456500, 8.499999999999998200, -10.24999999999999800 ) ) ;
#3338 = ORIENTED_EDGE ( 'NONE', *, *, #2653, .T. ) ;
#3339 = AXIS2_PLACEMENT_3D ( 'NONE', #6576, #8725, #2061 ) ;
#3340 = ORIENTED_EDGE ( 'NONE', *, *, #8593, .F. ) ;
#3341 = DIRECTION ( 'NONE',  ( -1.000000000000000000, 0.0000000000000000000, 0.0000000000000000000 ) ) ;
#3342 = FACE_OUTER_BOUND ( 'NONE', #2142, .T. ) ;
#3343 = DIRECTION ( 'NONE',  ( -1.000000000000000000, 0.0000000000000000000, 0.0000000000000000000 ) ) ;
#3344 = AXIS2_PLACEMENT_3D ( 'NONE', #3349, #4117, #242 ) ;
#3345 = CARTESIAN_POINT ( 'NONE',  ( 6.000000000000003600, 5.249999999999998200, 0.2500000000000002200 ) ) ;
#3346 = EDGE_CURVE ( 'NONE', #4141, #3659, #6900, .T. ) ;
#3347 = ORIENTED_EDGE ( 'NONE', *, *, #8801, .T. ) ;
#3348 = CARTESIAN_POINT ( 'NONE',  ( 4.101061471818666400, 0.5000000000000001100, 0.0000000000000000000 ) ) ;
#3349 = CARTESIAN_POINT ( 'NONE',  ( -4.230470994369921900, 0.7329629131445354300, -10.24999999999999800 ) ) ;
#3350 = CARTESIAN_POINT ( 'NONE',  ( 1.330407161568939100E-016, 5.499999999999998200, -9.874999999999998200 ) ) ;
#3351 = LINE ( 'NONE', #4557, #9018 ) ;
#3352 = DIRECTION ( 'NONE',  ( -1.000000000000000000, 0.0000000000000000000, 2.891205793294680800E-016 ) ) ;
#3353 = VERTEX_POINT ( 'NONE', #6220 ) ;
#3354 = CARTESIAN_POINT ( 'NONE',  ( 4.500000000000002700, 6.792893218813461900, 20.00000000000000000 ) ) ;
#3355 = AXIS2_PLACEMENT_3D ( 'NONE', #9128, #1638, #2396 ) ;
#3356 = EDGE_CURVE ( 'NONE', #1700, #3353, #2531, .T. ) ;
#3357 = ADVANCED_FACE ( 'NONE', ( #3342 ), #5838, .T. ) ;
#3358 = VECTOR ( 'NONE', #3323, 1000.000000000000000 ) ;
#3359 = CARTESIAN_POINT ( 'NONE',  ( -3.146446609406730000, 8.853553390593271300, 19.75000000000000000 ) ) ;
#3360 = DIRECTION ( 'NONE',  ( 2.891205793294680300E-016, 0.0000000000000000000, 1.000000000000000000 ) ) ;
#3361 = EDGE_LOOP ( 'NONE', ( #8230, #4653, #4984, #2022 ) ) ;
#3362 = DIRECTION ( 'NONE',  ( 0.0000000000000000000, 0.0000000000000000000, 1.000000000000000000 ) ) ;
#3363 = CIRCLE ( 'NONE', #2327, 0.2500000000000002200 ) ;
#3364 = CARTESIAN_POINT ( 'NONE',  ( 6.000000000000003600, 0.0000000000000000000, 0.2500000000000002200 ) ) ;
#3365 = CIRCLE ( 'NONE', #2592, 0.2500000000000002200 ) ;
#3366 = AXIS2_PLACEMENT_3D ( 'NONE', #7862, #1084, #1143 ) ;
#3367 = AXIS2_PLACEMENT_3D ( 'NONE', #1366, #3601, #7386 ) ;
#3368 = DIRECTION ( 'NONE',  ( -1.000000000000000000, 0.0000000000000000000, 0.0000000000000000000 ) ) ;
#3369 = EDGE_CURVE ( 'NONE', #4961, #9208, #9727, .T. ) ;
#3370 = CARTESIAN_POINT ( 'NONE',  ( -12.50000000000000000, 0.1000000000000000100, -9.650000000000002100 ) ) ;
#3371 = EDGE_LOOP ( 'NONE', ( #3560, #1779, #6308, #7027, #25 ) ) ;
#3372 = DIRECTION ( 'NONE',  ( -1.000000000000000000, 0.0000000000000000000, 0.0000000000000000000 ) ) ;
#3373 = EDGE_CURVE ( 'NONE', #4521, #5063, #1344, .T. ) ;
#3374 = TOROIDAL_SURFACE ( 'NONE', #6210, 2.100000000000000100, 0.1000000000000000100 ) ;
#3375 = EDGE_LOOP ( 'NONE', ( #8196, #5159, #7925, #7285 ) ) ;
#3376 = CARTESIAN_POINT ( 'NONE',  ( -4.101061471818665500, 0.2500000000000001100, 20.00000000000000000 ) ) ;
#3377 = LINE ( 'NONE', #1336, #9173 ) ;
#3378 = CARTESIAN_POINT ( 'NONE',  ( -4.750000000000000000, 6.792893218813454800, -9.624999999999998200 ) ) ;
#3379 = CARTESIAN_POINT ( 'NONE',  ( 4.853553390593274800, 7.146446609406734900, -19.75000000000000000 ) ) ;
#3380 = ADVANCED_FACE ( 'NONE', ( #7489 ), #7967, .T. ) ;
#3381 = DIRECTION ( 'NONE',  ( 0.2588190451025144700, 0.9659258262890699800, 0.0000000000000000000 ) ) ;
#3382 = ORIENTED_EDGE ( 'NONE', *, *, #9393, .T. ) ;
#3383 = TOROIDAL_SURFACE ( 'NONE', #9557, 0.5000000000000000000, 0.2500000000000000000 ) ;
#3384 = PERSON_AND_ORGANIZATION ( #8779, #7896 ) ;
#3385 = CARTESIAN_POINT ( 'NONE',  ( 4.750000000000000000, 5.499999999999998200, -10.00000000000000200 ) ) ;
#3386 = CARTESIAN_POINT ( 'NONE',  ( 4.749999999999990200, -8.239936510889761100E-015, -20.00000000000000000 ) ) ;
#3387 = DIRECTION ( 'NONE',  ( 0.0000000000000000000, 0.0000000000000000000, -1.000000000000000000 ) ) ;
#3388 = DIRECTION ( 'NONE',  ( 0.0000000000000000000, 0.0000000000000000000, 1.000000000000000000 ) ) ;
#3389 = ORIENTED_EDGE ( 'NONE', *, *, #3346, .F. ) ;
#3390 = CIRCLE ( 'NONE', #8041, 0.2500000000000002200 ) ;
#3391 = CIRCLE ( 'NONE', #5408, 0.1000000000000002600 ) ;
#3392 = AXIS2_PLACEMENT_3D ( 'NONE', #9072, #3755, #7599 ) ;
#3393 = FACE_OUTER_BOUND ( 'NONE', #721, .T. ) ;
#3394 = DIRECTION ( 'NONE',  ( -0.9659258262890697600, -0.2588190451025158000, -0.0000000000000000000 ) ) ;
#3395 = AXIS2_PLACEMENT_3D ( 'NONE', #6290, #248, #7012 ) ;
#3396 = ORIENTED_EDGE ( 'NONE', *, *, #5459, .T. ) ;
#3397 = CONICAL_SURFACE ( 'NONE', #8615, 1.500000000000004900, 0.7853981633974466100 ) ;
#3398 = TOROIDAL_SURFACE ( 'NONE', #7169, 0.5000000000000000000, 0.2500000000000000000 ) ;
#3399 = CARTESIAN_POINT ( 'NONE',  ( -0.4019237886466662800, 1.499999999999968700, 20.00000000000000000 ) ) ;
#3400 = ORIENTED_EDGE ( 'NONE', *, *, #6561, .T. ) ;
#3401 = CARTESIAN_POINT ( 'NONE',  ( 4.750000000000000000, 5.749999999999998200, -9.624999999999998200 ) ) ;
#3402 = CARTESIAN_POINT ( 'NONE',  ( 5.989959552787908600, 0.002690329722128848500, 10.27145889539294800 ) ) ;
#3403 = VERTEX_POINT ( 'NONE', #2567 ) ;
#3404 = ADVANCED_FACE ( 'NONE', ( #8680 ), #7141, .T. ) ;
#3405 = EDGE_LOOP ( 'NONE', ( #2229, #5247, #2365, #8968, #6828 ) ) ;
#3406 = AXIS2_PLACEMENT_3D ( 'NONE', #8322, #2943, #3785 ) ;
#3407 = DIRECTION ( 'NONE',  ( -1.000000000000000000, -2.602085213965201600E-015, 0.0000000000000000000 ) ) ;
#3408 = CARTESIAN_POINT ( 'NONE',  ( -6.249999999999996400, 0.2500000000000000000, 19.75000000000000000 ) ) ;
#3409 = EDGE_LOOP ( 'NONE', ( #5671, #1925, #9366, #5812 ) ) ;
#3410 = LINE ( 'NONE', #7527, #7209 ) ;
#3411 = FACE_OUTER_BOUND ( 'NONE', #7713, .T. ) ;
#3412 = CARTESIAN_POINT ( 'NONE',  ( -2.792893218813456500, 8.499999999999998200, 19.75000000000000000 ) ) ;
#3413 = CARTESIAN_POINT ( 'NONE',  ( 5.000000000000002700, 6.792893218813461000, -0.2500000000000002200 ) ) ;
#3414 = ORIENTED_EDGE ( 'NONE', *, *, #5046, .T. ) ;
#3415 = AXIS2_PLACEMENT_3D ( 'NONE', #2786, #3595, #6610 ) ;
#3416 = ORIENTED_EDGE ( 'NONE', *, *, #4191, .T. ) ;
#3417 = EDGE_CURVE ( 'NONE', #9230, #335, #6437, .T. ) ;
#3418 = CIRCLE ( 'NONE', #2200, 0.2500000000000002200 ) ;
#3419 = CARTESIAN_POINT ( 'NONE',  ( 12.50000000000000000, 0.1000000000000000100, 9.750000000000001800 ) ) ;
#3420 = DIRECTION ( 'NONE',  ( 0.0000000000000000000, 0.0000000000000000000, -1.000000000000000000 ) ) ;
#3421 = FACE_OUTER_BOUND ( 'NONE', #7905, .T. ) ;
#3422 = DIRECTION ( 'NONE',  ( 0.0000000000000000000, -1.000000000000000000, 0.0000000000000000000 ) ) ;
#3423 = ORIENTED_EDGE ( 'NONE', *, *, #5477, .F. ) ;
#3424 = TOROIDAL_SURFACE ( 'NONE', #5843, 0.2500000000000000000, 0.2500000000000000000 ) ;
#3425 = ORIENTED_EDGE ( 'NONE', *, *, #8791, .T. ) ;
#3426 = CARTESIAN_POINT ( 'NONE',  ( -4.165766233094293700, 0.4914814565722673800, 0.3750000000000003300 ) ) ;
#3427 = PLANE ( 'NONE',  #5715 ) ;
#3428 = ORIENTED_EDGE ( 'NONE', *, *, #5342, .T. ) ;
#3429 = FACE_OUTER_BOUND ( 'NONE', #6906, .T. ) ;
#3430 = AXIS2_PLACEMENT_3D ( 'NONE', #3399, #9498, #3471 ) ;
#3431 = CARTESIAN_POINT ( 'NONE',  ( -12.50000000000000000, 0.0000000000000000000, 15.35000000000000000 ) ) ;
#3432 = EDGE_CURVE ( 'NONE', #2747, #3840, #524, .T. ) ;
#3433 = CARTESIAN_POINT ( 'NONE',  ( 5.891456562198428100, 0.2499999999999997200, 0.04386887423049577000 ) ) ;
#3434 = ORIENTED_EDGE ( 'NONE', *, *, #3497, .T. ) ;
#3435 = ORIENTED_EDGE ( 'NONE', *, *, #1135, .F. ) ;
#3436 = EDGE_CURVE ( 'NONE', #7146, #7840, #7736, .T. ) ;
#3437 = ORIENTED_EDGE ( 'NONE', *, *, #8286, .T. ) ;
#3438 = CARTESIAN_POINT ( 'NONE',  ( 2.792893218813457400, 8.499999999999998200, -0.2500000000000002200 ) ) ;
#3439 = ORIENTED_EDGE ( 'NONE', *, *, #4726, .T. ) ;
#3440 = CIRCLE ( 'NONE', #4151, 0.09999999999999939500 ) ;
#3441 = DIRECTION ( 'NONE',  ( 1.000000000000000000, 0.0000000000000000000, 0.0000000000000000000 ) ) ;
#3442 = CARTESIAN_POINT ( 'NONE',  ( 5.000000000000002700, 7.000000000000008000, -19.75000000000000000 ) ) ;
#3443 = CARTESIAN_POINT ( 'NONE',  ( 19.50000000000000400, 0.5000000000000000000, 20.00000000000000000 ) ) ;
#3444 = ORIENTED_EDGE ( 'NONE', *, *, #1180, .T. ) ;
#3445 = ORIENTED_EDGE ( 'NONE', *, *, #796, .T. ) ;
#3446 = VERTEX_POINT ( 'NONE', #1884 ) ;
#3447 = AXIS2_PLACEMENT_3D ( 'NONE', #8925, #8106, #9682 ) ;
#3448 = ORIENTED_EDGE ( 'NONE', *, *, #1487, .T. ) ;
#3449 = EDGE_CURVE ( 'NONE', #103, #3899, #7608, .T. ) ;
#3450 = FACE_OUTER_BOUND ( 'NONE', #2828, .T. ) ;
#3451 = CARTESIAN_POINT ( 'NONE',  ( 4.853553390593275700, 7.146446609406734900, 9.750000000000000000 ) ) ;
#3452 = CC_DESIGN_PERSON_AND_ORGANIZATION_ASSIGNMENT ( #5406, #6454, ( #428 ) ) ;
#3453 = B_SPLINE_CURVE_WITH_KNOTS ( 'NONE', 3,
 ( #4470, #1453, #9798, #9006, #2981, #5165 ),
 .UNSPECIFIED., .F., .F.,
 ( 4, 2, 4 ),
 ( -5.132694486367438400E-006, 0.0001746918583319072200, 0.0003545164111501818600 ),
 .UNSPECIFIED. ) ;
#3454 = PLANE ( 'NONE',  #9489 ) ;
#3455 = VERTEX_POINT ( 'NONE', #3992 ) ;
#3456 = ORIENTED_EDGE ( 'NONE', *, *, #557, .T. ) ;
#3457 = EDGE_CURVE ( 'NONE', #246, #3403, #878, .T. ) ;
#3458 = FACE_OUTER_BOUND ( 'NONE', #3262, .T. ) ;
#3459 = FACE_OUTER_BOUND ( 'NONE', #2244, .T. ) ;
#3460 = DIRECTION ( 'NONE',  ( -1.000000000000000000, 0.0000000000000000000, 0.0000000000000000000 ) ) ;
#3461 = ADVANCED_FACE ( 'NONE', ( #5955 ), #5714, .T. ) ;
#3462 = EDGE_CURVE ( 'NONE', #6857, #2450, #5115, .T. ) ;
#3463 = CARTESIAN_POINT ( 'NONE',  ( 12.50000000000000000, 2.750000000000000900, 12.50000000000000000 ) ) ;
#3464 = CARTESIAN_POINT ( 'NONE',  ( -2.969669914110094000, 8.676776695296634800, 10.12500000000000000 ) ) ;
#3465 = CLOSED_SHELL ( 'NONE', ( #9219, #6382, #1198, #7480, #8714, #904, #3960, #842, #5488, #4640, #5509, #3924, #8580, #8212, #1377, #9203, #7836, #7289, #7935, #1735, #591, #6629, #8264, #7431, #9187, #5380, #8381, #6120, #1800, #547, #4437, #4539, #7091, #3732, #5240, #5549, #8465, #8116, #4401, #6030, #3892, #9374, #4004, #7035, #8951, #8806, #207, #9154, #3838, #5403, #9276, #724, #9698, #8634, #1046, #5805, #6017, #2851, #7388, #1746, #6895, #5502, #5742, #4016, #1782, #1702, #5893, #4581, #4994, #217, #6246, #6918, #8858, #926, #8909, #3965, #1105, #4071, #2423, #2169, #8367, #8020, #9348, #7980, #5429, #6302, #8589, #1478, #6776, #8348, #2799, #3216, #6147, #3847, #4109, #1595, #315, #9470, #948, #8770, #2939, #7721, #3162, #6085, #3404, #9309, #5612, #8426, #5646, #3787, #3908, #8526, #9144, #6677, #2357, #5331, #2624, #293, #3859, #7676, #4599, #358, #881, #785, #2663, #2254, #8170, #6937, #4863, #9164, #4206, #1510, #9750, #2210, #3746, #681, #7782, #738, #6887, #4770, #6494, #3111, #7081, #5700, #1617, #6069, #3380, #5560, #6407, #9115, #3802, #79, #5846, #1844, #9100, #5393, #2130, #5093, #6592, #1891, #2413, #6546, #36, #3045, #381, #140 ) ) ;
#3466 = EDGE_LOOP ( 'NONE', ( #5340, #5735, #37, #9654 ) ) ;
#3467 = CARTESIAN_POINT ( 'NONE',  ( 12.50000000000000000, 2.711339312526813900, 12.50000000000000000 ) ) ;
#3468 = DIRECTION ( 'NONE',  ( -1.000000000000000000, 0.0000000000000000000, 0.0000000000000000000 ) ) ;
#3469 = AXIS2_PLACEMENT_3D ( 'NONE', #5965, #739, #9049 ) ;
#3470 = ORIENTED_EDGE ( 'NONE', *, *, #618, .T. ) ;
#3471 = DIRECTION ( 'NONE',  ( -0.9659258262890698700, -0.2588190451025151900, 0.0000000000000000000 ) ) ;
#3472 = CARTESIAN_POINT ( 'NONE',  ( -19.49999999999999600, 0.0000000000000000000, 20.00000000000000000 ) ) ;
#3473 = CARTESIAN_POINT ( 'NONE',  ( -4.101061471818665500, 0.5000000000000001100, 0.3750000000000003300 ) ) ;
#3474 = CYLINDRICAL_SURFACE ( 'NONE', #3722, 0.5000000000000004400 ) ;
#3475 = AXIS2_PLACEMENT_3D ( 'NONE', #9283, #1721, #8488 ) ;
#3476 = DIRECTION ( 'NONE',  ( 1.000000000000000000, 8.673617379884004900E-016, 0.0000000000000000000 ) ) ;
#3477 = EDGE_CURVE ( 'NONE', #4251, #5152, #9500, .T. ) ;
#3478 = CARTESIAN_POINT ( 'NONE',  ( -5.250000000000000000, 5.750000000000000000, 0.3750000000000003300 ) ) ;
#3479 = ORIENTED_EDGE ( 'NONE', *, *, #7297, .F. ) ;
#3480 = DIRECTION ( 'NONE',  ( -0.0000000000000000000, -0.0000000000000000000, 1.000000000000000000 ) ) ;
#3481 = AXIS2_PLACEMENT_3D ( 'NONE', #5489, #9145, #1725 ) ;
#3482 = FACE_OUTER_BOUND ( 'NONE', #9490, .T. ) ;
#3483 = DIRECTION ( 'NONE',  ( 1.000000000000000000, 0.0000000000000000000, 0.0000000000000000000 ) ) ;
#3484 = DIRECTION ( 'NONE',  ( -1.000000000000000000, 0.0000000000000000000, 0.0000000000000000000 ) ) ;
#3485 = DIRECTION ( 'NONE',  ( -8.673617379884004900E-016, 1.000000000000000000, -0.0000000000000000000 ) ) ;
#3486 = AXIS2_PLACEMENT_3D ( 'NONE', #6852, #85, #8377 ) ;
#3487 = VERTEX_POINT ( 'NONE', #7194 ) ;
#3488 = CARTESIAN_POINT ( 'NONE',  ( 2.792893218813457400, 9.000000000000000000, 0.3750000000000003300 ) ) ;
#3489 = EDGE_CURVE ( 'NONE', #595, #8086, #6655, .T. ) ;
#3490 = LINE ( 'NONE', #2268, #4431 ) ;
#3491 = DIRECTION ( 'NONE',  ( 1.000000000000000000, 8.673617379884004900E-016, 0.0000000000000000000 ) ) ;
#3492 = CARTESIAN_POINT ( 'NONE',  ( -5.901785354210679700, 0.02631653502415436800, 9.785782423846452400 ) ) ;
#3493 = CIRCLE ( 'NONE', #8683, 0.2499999999999997200 ) ;
#3494 = CARTESIAN_POINT ( 'NONE',  ( 1.330407161568939100E-016, 0.5000000000000004400, -9.624999999999998200 ) ) ;
#3495 = ORIENTED_EDGE ( 'NONE', *, *, #4137, .T. ) ;
#3496 = CYLINDRICAL_SURFACE ( 'NONE', #7648, 0.5000000000000004400 ) ;
#3497 = EDGE_CURVE ( 'NONE', #2342, #4168, #48, .T. ) ;
#3498 = VERTEX_POINT ( 'NONE', #8803 ) ;
#3499 = AXIS2_PLACEMENT_3D ( 'NONE', #8332, #3023, #2351 ) ;
#3500 = DIRECTION ( 'NONE',  ( 1.000000000000000000, 0.0000000000000000000, 0.0000000000000000000 ) ) ;
#3501 = EDGE_CURVE ( 'NONE', #1451, #7631, #6553, .T. ) ;
#3502 = DIRECTION ( 'NONE',  ( 0.0000000000000000000, 0.0000000000000000000, -1.000000000000000000 ) ) ;
#3503 = EDGE_CURVE ( 'NONE', #9262, #5076, #8447, .T. ) ;
#3504 = PRODUCT_DEFINITION_FORMATION_WITH_SPECIFIED_SOURCE ( 'ANY', '', #7270, .NOT_KNOWN. ) ;
#3505 = ADVANCED_FACE ( 'NONE', ( #4177 ), #4068, .T. ) ;
#3506 = CARTESIAN_POINT ( 'NONE',  ( -12.50000000000002700, 5.399999999999980800, -12.50000000000000000 ) ) ;
#3507 = ORIENTED_EDGE ( 'NONE', *, *, #6676, .T. ) ;
#3508 = VECTOR ( 'NONE', #425, 1000.000000000000100 ) ;
#3509 = APPROVAL_PERSON_ORGANIZATION ( #7420, #6876, #8722 ) ;
#3510 = CARTESIAN_POINT ( 'NONE',  ( 1.330407161568939100E-016, 0.7499999999999975600, 10.37500000000000000 ) ) ;
#3511 = CYLINDRICAL_SURFACE ( 'NONE', #5156, 0.2500000000000002200 ) ;
#3512 = DIRECTION ( 'NONE',  ( 0.0000000000000000000, 0.0000000000000000000, -1.000000000000000000 ) ) ;
#3513 = DIRECTION ( 'NONE',  ( -1.000000000000000000, 0.0000000000000000000, 0.0000000000000000000 ) ) ;
#3514 = ORIENTED_EDGE ( 'NONE', *, *, #3953, .F. ) ;
#3515 = CIRCLE ( 'NONE', #6902, 0.2500000000000002200 ) ;
#3516 = TOROIDAL_SURFACE ( 'NONE', #2504, 4.750000000000000000, 0.2500000000000000000 ) ;
#3517 = DIRECTION ( 'NONE',  ( 0.0000000000000000000, 1.000000000000000000, 0.0000000000000000000 ) ) ;
#3518 = ORIENTED_EDGE ( 'NONE', *, *, #6349, .T. ) ;
#3519 = DIRECTION ( 'NONE',  ( 0.2588190451025159100, 0.9659258262890696400, 0.0000000000000000000 ) ) ;
#3520 = ORIENTED_EDGE ( 'NONE', *, *, #6203, .T. ) ;
#3521 = CARTESIAN_POINT ( 'NONE',  ( 1.330407161568939100E-016, 5.499999999999998200, -10.10000000000000100 ) ) ;
#3522 = DIRECTION ( 'NONE',  ( 0.0000000000000000000, 0.0000000000000000000, -1.000000000000000000 ) ) ;
#3523 = CARTESIAN_POINT ( 'NONE',  ( -5.999999999999996400, 5.499999999999994700, 19.75000000000000000 ) ) ;
#3524 = ORIENTED_EDGE ( 'NONE', *, *, #9396, .T. ) ;
#3525 = FACE_OUTER_BOUND ( 'NONE', #8944, .T. ) ;
#3526 = LINE ( 'NONE', #7748, #822 ) ;
#3527 = CARTESIAN_POINT ( 'NONE',  ( -4.101061471818665500, 0.7500000000000001100, 10.00000000000000000 ) ) ;
#3528 = ORIENTED_EDGE ( 'NONE', *, *, #1124, .T. ) ;
#3529 = CARTESIAN_POINT ( 'NONE',  ( -4.553649124439097300E-015, 5.249999999999993800, -19.75000000000000000 ) ) ;
#3530 = ORIENTED_EDGE ( 'NONE', *, *, #2063, .F. ) ;
#3531 = DIRECTION ( 'NONE',  ( 0.0000000000000000000, -0.0000000000000000000, -1.000000000000000000 ) ) ;
#3532 = EDGE_LOOP ( 'NONE', ( #135, #7710, #8788, #4256 ) ) ;
#3533 = ORIENTED_EDGE ( 'NONE', *, *, #1120, .F. ) ;
#3534 = AXIS2_PLACEMENT_3D ( 'NONE', #3378, #7959, #1917 ) ;
#3535 = EDGE_CURVE ( 'NONE', #38, #8430, #8904, .T. ) ;
#3536 = DIRECTION ( 'NONE',  ( 1.000000000000000000, 0.0000000000000000000, 0.0000000000000000000 ) ) ;
#3537 = TOROIDAL_SURFACE ( 'NONE', #1472, 4.750000000000000000, 0.2500000000000000000 ) ;
#3538 = CARTESIAN_POINT ( 'NONE',  ( -12.50000000000000000, 2.778606591926445500, 12.50000000000000000 ) ) ;
#3539 = ORIENTED_EDGE ( 'NONE', *, *, #8941, .F. ) ;
#3540 = CYLINDRICAL_SURFACE ( 'NONE', #2903, 0.5000000000000000000 ) ;
#3541 = DIRECTION ( 'NONE',  ( 1.000000000000000000, 0.0000000000000000000, 0.0000000000000000000 ) ) ;
#3542 = ORIENTED_EDGE ( 'NONE', *, *, #4460, .F. ) ;
#3543 = AXIS2_PLACEMENT_3D ( 'NONE', #9129, #83, #3034 ) ;
#3544 = CARTESIAN_POINT ( 'NONE',  ( -5.749999999999996400, 0.2500000000000002200, -9.749999999999998200 ) ) ;
#3545 = EDGE_LOOP ( 'NONE', ( #9701, #3533, #8143, #6557 ) ) ;
#3546 = VECTOR ( 'NONE', #7743, 999.9999999999998900 ) ;
#3547 = DIRECTION ( 'NONE',  ( -0.0000000000000000000, 0.0000000000000000000, 1.000000000000000000 ) ) ;
#3548 = CARTESIAN_POINT ( 'NONE',  ( 5.250000000000000000, 5.749999999999998200, 10.37500000000000000 ) ) ;
#3549 = ORIENTED_EDGE ( 'NONE', *, *, #7995, .F. ) ;
#3550 = VECTOR ( 'NONE', #5775, 1000.000000000000000 ) ;
#3551 = AXIS2_PLACEMENT_3D ( 'NONE', #321, #5604, #1081 ) ;
#3552 = VERTEX_POINT ( 'NONE', #2745 ) ;
#3553 = EDGE_CURVE ( 'NONE', #8430, #4043, #6067, .T. ) ;
#3554 = DIRECTION ( 'NONE',  ( -0.7071067811865527900, -0.7071067811865423500, 7.359808400080280300E-015 ) ) ;
#3555 = VERTEX_POINT ( 'NONE', #3419 ) ;
#3556 = CIRCLE ( 'NONE', #4019, 0.2500000000000002200 ) ;
#3557 = DIRECTION ( 'NONE',  ( -1.000000000000000000, 0.0000000000000000000, 0.0000000000000000000 ) ) ;
#3558 = DIRECTION ( 'NONE',  ( -0.9659258262890699800, 0.2588190451025143000, 0.0000000000000000000 ) ) ;
#3559 = ADVANCED_FACE ( 'NONE', ( #7861 ), #8084, .T. ) ;
#3560 = ORIENTED_EDGE ( 'NONE', *, *, #9430, .F. ) ;
#3561 = ORIENTED_EDGE ( 'NONE', *, *, #8236, .F. ) ;
#3562 = CARTESIAN_POINT ( 'NONE',  ( 5.893211169803003600, 0.1319926310135617900, -9.894090697427715900 ) ) ;
#3563 = ORIENTED_EDGE ( 'NONE', *, *, #2307, .F. ) ;
#3564 = AXIS2_PLACEMENT_3D ( 'NONE', #4749, #5438, #129 ) ;
#3565 = ORIENTED_EDGE ( 'NONE', *, *, #7700, .F. ) ;
#3566 = FACE_OUTER_BOUND ( 'NONE', #4549, .T. ) ;
#3567 = DIRECTION ( 'NONE',  ( -0.7071067811865490200, 0.7071067811865460200, -0.0000000000000000000 ) ) ;
#3568 = EDGE_CURVE ( 'NONE', #9478, #3789, #2640, .T. ) ;
#3569 = CARTESIAN_POINT ( 'NONE',  ( 5.000000000000000000, 5.749999999999998200, 19.75000000000000000 ) ) ;
#3570 = EDGE_CURVE ( 'NONE', #8451, #4356, #2062, .T. ) ;
#3571 = CARTESIAN_POINT ( 'NONE',  ( -2.100000000000000100, 5.499999999999998200, 10.22500000000000000 ) ) ;
#3572 = ORIENTED_EDGE ( 'NONE', *, *, #8043, .F. ) ;
#3573 = ORIENTED_EDGE ( 'NONE', *, *, #4891, .T. ) ;
#3574 = ADVANCED_FACE ( 'NONE', ( #4407 ), #6327, .T. ) ;
#3575 = CYLINDRICAL_SURFACE ( 'NONE', #4409, 0.5000000000000000000 ) ;
#3576 = CIRCLE ( 'NONE', #3366, 5.220242981272376100 ) ;
#3577 = DIRECTION ( 'NONE',  ( -0.0000000000000000000, -1.000000000000000000, -0.0000000000000000000 ) ) ;
#3578 = DIRECTION ( 'NONE',  ( 8.673617379884004900E-016, -1.000000000000000000, 0.0000000000000000000 ) ) ;
#3579 = DIRECTION ( 'NONE',  ( 1.000000000000000000, 0.0000000000000000000, 0.0000000000000000000 ) ) ;
#3580 = ORIENTED_EDGE ( 'NONE', *, *, #1430, .T. ) ;
#3581 = VERTEX_POINT ( 'NONE', #7235 ) ;
#3582 = CARTESIAN_POINT ( 'NONE',  ( -19.99999999999999600, 5.000000000000000000, 19.75000000000000000 ) ) ;
#3583 = VECTOR ( 'NONE', #3611, 1000.000000000000000 ) ;
#3584 = DIRECTION ( 'NONE',  ( 0.7071067811865441300, -0.7071067811865510100, 0.0000000000000000000 ) ) ;
#3585 = VERTEX_POINT ( 'NONE', #6502 ) ;
#3586 = AXIS2_PLACEMENT_3D ( 'NONE', #2783, #472, #5081 ) ;
#3587 = DIRECTION ( 'NONE',  ( 1.000000000000000000, 0.0000000000000000000, -0.0000000000000000000 ) ) ;
#3588 =( BOUNDED_CURVE ( )  B_SPLINE_CURVE ( 3, ( #5644, #7897, #4159, #402 ),
 .UNSPECIFIED., .F., .F. ) 
 B_SPLINE_CURVE_WITH_KNOTS ( ( 4, 4 ),
 ( 4.110953979704788700, 4.712388980384689700 ),
 .UNSPECIFIED. ) 
 CURVE ( )  GEOMETRIC_REPRESENTATION_ITEM ( )  RATIONAL_B_SPLINE_CURVE ( ( 1.000000000000000000, 0.9700828049254912600, 0.9700828049254912600, 1.000000000000000000 ) ) 
 REPRESENTATION_ITEM ( '' )  );
#3589 = DIRECTION ( 'NONE',  ( -1.000000000000000000, 0.0000000000000000000, 0.0000000000000000000 ) ) ;
#3590 = FACE_OUTER_BOUND ( 'NONE', #6196, .T. ) ;
#3591 = CARTESIAN_POINT ( 'NONE',  ( 4.230470994369924600, 0.7329629131445363200, 0.0000000000000000000 ) ) ;
#3592 = CARTESIAN_POINT ( 'NONE',  ( 5.000000000000000000, 5.749999999999998200, -9.624999999999998200 ) ) ;
#3593 = CARTESIAN_POINT ( 'NONE',  ( -6.000000000000001800, 0.0000000000000000000, 0.3007987876328826500 ) ) ;
#3594 = ORIENTED_EDGE ( 'NONE', *, *, #3797, .T. ) ;
#3595 = DIRECTION ( 'NONE',  ( 1.000000000000000000, -0.0000000000000000000, 0.0000000000000000000 ) ) ;
#3596 = CIRCLE ( 'NONE', #2202, 0.2500000000000002200 ) ;
#3597 = AXIS2_PLACEMENT_3D ( 'NONE', #2514, #1038, #7774 ) ;
#3598 = CARTESIAN_POINT ( 'NONE',  ( 12.50000000000000000, 5.467267279399634600, -12.50000000000000000 ) ) ;
#3599 = ORIENTED_EDGE ( 'NONE', *, *, #292, .T. ) ;
#3600 = CARTESIAN_POINT ( 'NONE',  ( -19.64644660940675200, 5.353553390593238400, -19.75000000000000000 ) ) ;
#3601 = DIRECTION ( 'NONE',  ( -0.0000000000000000000, -0.0000000000000000000, 1.000000000000000000 ) ) ;
#3602 = ADVANCED_FACE ( 'NONE', ( #2409 ), #8192, .T. ) ;
#3603 = VECTOR ( 'NONE', #6233, 1000.000000000000100 ) ;
#3604 = AXIS2_PLACEMENT_3D ( 'NONE', #3704, #1399, #5966 ) ;
#3605 = CARTESIAN_POINT ( 'NONE',  ( -5.000000000000000000, 5.500000000000000900, -0.2500000000000002200 ) ) ;
#3606 = EDGE_CURVE ( 'NONE', #1881, #201, #9616, .T. ) ;
#3607 = CIRCLE ( 'NONE', #393, 0.2500000000000002200 ) ;
#3608 = CARTESIAN_POINT ( 'NONE',  ( 12.50000000000000000, 2.778606591926445500, 12.50000000000000000 ) ) ;
#3609 = DIRECTION ( 'NONE',  ( -1.000000000000000000, 0.0000000000000000000, 0.0000000000000000000 ) ) ;
#3610 = EDGE_LOOP ( 'NONE', ( #2146, #9524, #6257, #2521 ) ) ;
#3611 = DIRECTION ( 'NONE',  ( -0.0000000000000000000, -1.000000000000000000, -0.0000000000000000000 ) ) ;
#3612 = ORIENTED_EDGE ( 'NONE', *, *, #4973, .T. ) ;
#3613 = LINE ( 'NONE', #2964, #5265 ) ;
#3614 = VERTEX_POINT ( 'NONE', #8051 ) ;
#3615 = FACE_OUTER_BOUND ( 'NONE', #2005, .T. ) ;
#3616 = DIRECTION ( 'NONE',  ( -0.7071067811865449100, -0.7071067811865501300, -0.0000000000000000000 ) ) ;
#3617 = AXIS2_PLACEMENT_3D ( 'NONE', #6881, #3234, #906 ) ;
#3618 = DIRECTION ( 'NONE',  ( 0.0000000000000000000, 0.0000000000000000000, -1.000000000000000000 ) ) ;
#3619 = EDGE_CURVE ( 'NONE', #6699, #8922, #4890, .T. ) ;
#3620 = CARTESIAN_POINT ( 'NONE',  ( 4.676776695296639200, 6.969669914110098400, 10.37500000000000000 ) ) ;
#3621 = CARTESIAN_POINT ( 'NONE',  ( -5.989959552787899700, 0.002690329722127208700, 9.853541104607051800 ) ) ;
#3622 = ORIENTED_EDGE ( 'NONE', *, *, #7952, .T. ) ;
#3623 = FACE_OUTER_BOUND ( 'NONE', #1293, .T. ) ;
#3624 = CALENDAR_DATE ( 2023, 10, 3 ) ;
#3625 = DIRECTION ( 'NONE',  ( 0.0000000000000000000, -0.0000000000000000000, -1.000000000000000000 ) ) ;
#3626 = CARTESIAN_POINT ( 'NONE',  ( 5.805433175708820700, 0.2960997938800328200, 10.12500000000000000 ) ) ;
#3627 = EDGE_CURVE ( 'NONE', #7215, #3555, #5610, .T. ) ;
#3628 = ORIENTED_EDGE ( 'NONE', *, *, #1176, .F. ) ;
#3629 = CIRCLE ( 'NONE', #449, 2.000000000000000000 ) ;
#3630 = FACE_OUTER_BOUND ( 'NONE', #4998, .T. ) ;
#3631 = DIRECTION ( 'NONE',  ( -0.7071067811865474600, -0.7071067811865474600, -0.0000000000000000000 ) ) ;
#3632 = EDGE_LOOP ( 'NONE', ( #7805, #9588, #7090, #4129, #1171 ) ) ;
#3633 = EDGE_CURVE ( 'NONE', #3614, #9422, #1831, .T. ) ;
#3634 = CARTESIAN_POINT ( 'NONE',  ( 4.853553390593274800, 7.146446609406734900, 20.00000000000000000 ) ) ;
#3635 = EDGE_CURVE ( 'NONE', #1881, #4765, #9389, .T. ) ;
#3636 = EDGE_LOOP ( 'NONE', ( #6718, #4727, #570, #7352 ) ) ;
#3637 = DIRECTION ( 'NONE',  ( 0.0000000000000000000, 0.0000000000000000000, 1.000000000000000000 ) ) ;
#3638 = DIRECTION ( 'NONE',  ( 1.000000000000000000, 0.0000000000000000000, 0.0000000000000000000 ) ) ;
#3639 = ORIENTED_EDGE ( 'NONE', *, *, #2046, .F. ) ;
#3640 = SPHERICAL_SURFACE ( 'NONE', #1328, 0.2500000000000000000 ) ;
#3641 = TOROIDAL_SURFACE ( 'NONE', #4573, 0.2500000000000000000, 0.2500000000000000000 ) ;
#3642 = EDGE_CURVE ( 'NONE', #2920, #3287, #3102, .T. ) ;
#3643 = ORIENTED_EDGE ( 'NONE', *, *, #3186, .F. ) ;
#3644 = ORIENTED_EDGE ( 'NONE', *, *, #4726, .F. ) ;
#3645 = CARTESIAN_POINT ( 'NONE',  ( -5.000000000000000000, 7.000000000000001800, -19.75000000000000000 ) ) ;
#3646 = EDGE_CURVE ( 'NONE', #1672, #1061, #6200, .T. ) ;
#3647 = EDGE_LOOP ( 'NONE', ( #3076, #3779, #4370, #6774 ) ) ;
#3648 = CARTESIAN_POINT ( 'NONE',  ( 12.50000000000000000, 0.0000000000000000000, 12.50000000000000000 ) ) ;
#3649 = ORIENTED_EDGE ( 'NONE', *, *, #7181, .T. ) ;
#3650 = VECTOR ( 'NONE', #4293, 1000.000000000000000 ) ;
#3651 = DIRECTION ( 'NONE',  ( -1.000000000000000000, 1.604619215278545000E-014, 0.0000000000000000000 ) ) ;
#3652 = ORIENTED_EDGE ( 'NONE', *, *, #6916, .T. ) ;
#3653 = ADVANCED_FACE ( 'NONE', ( #2632 ), #1111, .T. ) ;
#3654 = ORIENTED_EDGE ( 'NONE', *, *, #5397, .T. ) ;
#3655 = VECTOR ( 'NONE', #4675, 1000.000000000000100 ) ;
#3656 = AXIS2_PLACEMENT_3D ( 'NONE', #539, #5821, #1168 ) ;
#3657 = DIRECTION ( 'NONE',  ( 1.000000000000000000, 8.673617379884004900E-016, 0.0000000000000000000 ) ) ;
#3658 = TOROIDAL_SURFACE ( 'NONE', #2715, 0.5000000000000000000, 0.2500000000000000000 ) ;
#3659 = VERTEX_POINT ( 'NONE', #6717 ) ;
#3660 = CIRCLE ( 'NONE', #5336, 0.2500000000000003300 ) ;
#3661 = ORIENTED_EDGE ( 'NONE', *, *, #918, .F. ) ;
#3662 = DIRECTION ( 'NONE',  ( -1.000000000000000000, 0.0000000000000000000, 0.0000000000000000000 ) ) ;
#3663 = AXIS2_PLACEMENT_3D ( 'NONE', #5621, #6391, #374 ) ;
#3664 = VERTEX_POINT ( 'NONE', #550 ) ;
#3665 = EDGE_CURVE ( 'NONE', #2882, #7834, #2277, .T. ) ;
#3666 = CYLINDRICAL_SURFACE ( 'NONE', #6040, 0.2500000000000001100 ) ;
#3667 = DIRECTION ( 'NONE',  ( 0.0000000000000000000, 1.000000000000000000, -0.0000000000000000000 ) ) ;
#3668 = DIRECTION ( 'NONE',  ( -0.0000000000000000000, -0.0000000000000000000, -1.000000000000000000 ) ) ;
#3669 = CARTESIAN_POINT ( 'NONE',  ( -19.49999999999999600, 0.5000000000000000000, 19.75000000000000000 ) ) ;
#3670 = ORIENTED_EDGE ( 'NONE', *, *, #2500, .F. ) ;
#3671 = EDGE_LOOP ( 'NONE', ( #1426, #5417, #1749 ) ) ;
#3672 = AXIS2_PLACEMENT_3D ( 'NONE', #3930, #3891, #9207 ) ;
#3673 = ORIENTED_EDGE ( 'NONE', *, *, #2356, .T. ) ;
#3674 = ORIENTED_EDGE ( 'NONE', *, *, #1159, .T. ) ;
#3675 = CIRCLE ( 'NONE', #932, 0.2499999999999997200 ) ;
#3676 = DIRECTION ( 'NONE',  ( 0.0000000000000000000, 0.0000000000000000000, 1.000000000000000000 ) ) ;
#3677 = DIRECTION ( 'NONE',  ( -1.000000000000000000, -0.0000000000000000000, -0.0000000000000000000 ) ) ;
#3678 = EDGE_CURVE ( 'NONE', #38, #5058, #514, .T. ) ;
#3679 = DIRECTION ( 'NONE',  ( -1.000000000000000000, 0.0000000000000000000, 0.0000000000000000000 ) ) ;
#3680 = ORIENTED_EDGE ( 'NONE', *, *, #5974, .T. ) ;
#3681 = ORIENTED_EDGE ( 'NONE', *, *, #3867, .F. ) ;
#3682 = ORIENTED_EDGE ( 'NONE', *, *, #1176, .T. ) ;
#3683 = ORIENTED_EDGE ( 'NONE', *, *, #9801, .T. ) ;
#3684 = CIRCLE ( 'NONE', #5210, 2.776005992660403300 ) ;
#3685 = CARTESIAN_POINT ( 'NONE',  ( -5.000000000000000000, 5.500000000000000900, 10.37500000000000000 ) ) ;
#3686 = CARTESIAN_POINT ( 'NONE',  ( -12.50000000000000000, 5.467267279399611500, 7.279757018727625700 ) ) ;
#3688 = ORIENTED_EDGE ( 'NONE', *, *, #2108, .T. ) ;
#3687 = AXIS2_PLACEMENT_3D ( 'NONE', #3248, #9235, #5402 ) ;
#3689 = EDGE_LOOP ( 'NONE', ( #815, #9306, #1183, #1341, #4157, #6136, #8572, #5470, #8732, #8514, #8528, #6037, #9615, #403, #2255, #409 ) ) ;
#3690 = CARTESIAN_POINT ( 'NONE',  ( 4.101061471818666400, 0.2500000000000002200, -9.624999999999998200 ) ) ;
#3691 = DIRECTION ( 'NONE',  ( -0.0000000000000000000, -1.000000000000000000, -0.0000000000000000000 ) ) ;
#3692 = CIRCLE ( 'NONE', #1712, 0.2500000000000002200 ) ;
#3693 = EDGE_CURVE ( 'NONE', #4947, #2926, #1228, .T. ) ;
#3694 = FACE_OUTER_BOUND ( 'NONE', #6521, .T. ) ;
#3695 = EDGE_CURVE ( 'NONE', #978, #1984, #8895, .T. ) ;
#3696 = DIRECTION ( 'NONE',  ( 0.0000000000000000000, 0.0000000000000000000, 1.000000000000000000 ) ) ;
#3697 = EDGE_LOOP ( 'NONE', ( #9659, #4631, #733, #6160 ) ) ;
#3698 = DIRECTION ( 'NONE',  ( 0.0000000000000000000, 0.0000000000000000000, 1.000000000000000000 ) ) ;
#3699 = CARTESIAN_POINT ( 'NONE',  ( -2.792893218813456500, 8.749999999999998200, 0.1250000000000001100 ) ) ;
#3700 = CARTESIAN_POINT ( 'NONE',  ( -4.814824860968089600E-032, 0.5000000000000001100, -0.2500000000000000000 ) ) ;
#3701 = ADVANCED_FACE ( 'NONE', ( #9266 ), #3811, .T. ) ;
#3702 = CIRCLE ( 'NONE', #4698, 0.2500000000000002200 ) ;
#3703 = DIRECTION ( 'NONE',  ( 0.0000000000000000000, 1.000000000000000000, -0.0000000000000000000 ) ) ;
#3704 = CARTESIAN_POINT ( 'NONE',  ( -19.29289321881348200, 4.999999999999962700, -19.75000000000000000 ) ) ;
#3705 = ORIENTED_EDGE ( 'NONE', *, *, #1532, .T. ) ;
#3706 = CARTESIAN_POINT ( 'NONE',  ( -19.29289321881348200, 4.999999999999962700, -20.00000000000000000 ) ) ;
#3707 = CARTESIAN_POINT ( 'NONE',  ( 0.0000000000000000000, 0.5000000000000001100, 20.00000000000000000 ) ) ;
#3708 = LINE ( 'NONE', #4426, #9286 ) ;
#3709 = DIRECTION ( 'NONE',  ( 0.0000000000000000000, 0.0000000000000000000, -1.000000000000000000 ) ) ;
#3710 = CARTESIAN_POINT ( 'NONE',  ( 5.849496439246698800, 0.2724863621184522900, 0.01507392771275359500 ) ) ;
#3711 = ORIENTED_EDGE ( 'NONE', *, *, #5357, .F. ) ;
#3712 = CARTESIAN_POINT ( 'NONE',  ( -4.676776695296635600, 6.969669914110090400, 20.00000000000000000 ) ) ;
#3713 = DIRECTION ( 'NONE',  ( 0.7071067811865510100, -0.7071067811865441300, 0.0000000000000000000 ) ) ;
#3714 = DIRECTION ( 'NONE',  ( 0.7071067811865490200, -0.7071067811865460200, 0.0000000000000000000 ) ) ;
#3715 = FACE_OUTER_BOUND ( 'NONE', #5976, .T. ) ;
#3716 = AXIS2_PLACEMENT_3D ( 'NONE', #2332, #8427, #3115 ) ;
#3717 = EDGE_CURVE ( 'NONE', #6404, #6763, #9014, .T. ) ;
#3718 = DIRECTION ( 'NONE',  ( -0.0000000000000000000, 0.0000000000000000000, 1.000000000000000000 ) ) ;
#3719 = DIRECTION ( 'NONE',  ( -0.9659258262890699800, 0.2588190451025143000, -0.0000000000000000000 ) ) ;
#3720 = ORIENTED_EDGE ( 'NONE', *, *, #6005, .T. ) ;
#3721 = CIRCLE ( 'NONE', #9239, 0.09999999999999939500 ) ;
#3722 = AXIS2_PLACEMENT_3D ( 'NONE', #3002, #7615, #3105 ) ;
#3723 = VECTOR ( 'NONE', #6768, 999.9999999999998900 ) ;
#3724 = DIRECTION ( 'NONE',  ( -0.0000000000000000000, -1.000000000000000000, -0.0000000000000000000 ) ) ;
#3725 = DIRECTION ( 'NONE',  ( 0.0000000000000000000, 1.000000000000000000, 0.0000000000000000000 ) ) ;
#3726 = CARTESIAN_POINT ( 'NONE',  ( -7.205763011388057700, 5.399999999999995000, 12.50000000000000000 ) ) ;
#3727 = AXIS2_PLACEMENT_3D ( 'NONE', #7879, #7254, #1139 ) ;
#3728 = CARTESIAN_POINT ( 'NONE',  ( -5.796497433456090100, 0.05452834836309807700, -10.24999999999999800 ) ) ;
#3729 = EDGE_CURVE ( 'NONE', #9208, #4961, #1334, .T. ) ;
#3730 = DIRECTION ( 'NONE',  ( 0.0000000000000000000, -1.000000000000000000, 0.0000000000000000000 ) ) ;
#3731 = ORIENTED_EDGE ( 'NONE', *, *, #7740, .T. ) ;
#3732 = ADVANCED_FACE ( 'NONE', ( #9379 ), #2809, .F. ) ;
#3733 = FACE_OUTER_BOUND ( 'NONE', #5785, .T. ) ;
#3734 = VERTEX_POINT ( 'NONE', #4304 ) ;
#3735 = CARTESIAN_POINT ( 'NONE',  ( 0.0000000000000000000, 0.0000000000000000000, -20.00000000000000000 ) ) ;
#3736 = CARTESIAN_POINT ( 'NONE',  ( 1.330407161568939100E-016, 5.499999999999998200, -19.49999999999998600 ) ) ;
#3737 = CARTESIAN_POINT ( 'NONE',  ( 1.330407161568939100E-016, 0.7499999999999978900, -10.24999999999999800 ) ) ;
#3738 = CARTESIAN_POINT ( 'NONE',  ( -0.0000000000000000000, 0.2500000000000000000, -20.00000000000000000 ) ) ;
#3739 = ORIENTED_EDGE ( 'NONE', *, *, #3646, .T. ) ;
#3740 = LINE ( 'NONE', #19, #1756 ) ;
#3741 = AXIS2_PLACEMENT_3D ( 'NONE', #279, #7893, #4122 ) ;
#3742 = CARTESIAN_POINT ( 'NONE',  ( -5.749999999999996400, 0.3258063432102991100, 9.750000000000000000 ) ) ;
#3743 = AXIS2_PLACEMENT_3D ( 'NONE', #8295, #2207, #9079 ) ;
#3744 = EDGE_LOOP ( 'NONE', ( #78, #4136, #8296, #2818 ) ) ;
#3745 = EDGE_CURVE ( 'NONE', #9015, #7575, #4992, .T. ) ;
#3746 = ADVANCED_FACE ( 'NONE', ( #5602 ), #7261, .T. ) ;
#3747 = CARTESIAN_POINT ( 'NONE',  ( -2.000000000000000000, 5.499999999999998200, 20.00000000000000000 ) ) ;
#3748 = CARTESIAN_POINT ( 'NONE',  ( -5.749999999999996400, 0.3258063432102983900, 10.00000000000000000 ) ) ;
#3749 = EDGE_CURVE ( 'NONE', #4876, #2692, #8438, .T. ) ;
#3750 = DIRECTION ( 'NONE',  ( -1.000000000000000000, -0.0000000000000000000, 0.0000000000000000000 ) ) ;
#3751 = DIRECTION ( 'NONE',  ( 1.000000000000000000, 0.0000000000000000000, 0.0000000000000000000 ) ) ;
#3752 = ORIENTED_EDGE ( 'NONE', *, *, #7627, .F. ) ;
#3753 = CIRCLE ( 'NONE', #9105, 5.220242981272396500 ) ;
#3754 = FACE_OUTER_BOUND ( 'NONE', #365, .T. ) ;
#3755 = DIRECTION ( 'NONE',  ( 0.0000000000000000000, 1.000000000000000000, 0.0000000000000000000 ) ) ;
#3756 = ORIENTED_EDGE ( 'NONE', *, *, #3489, .T. ) ;
#3757 = DIRECTION ( 'NONE',  ( 0.0000000000000000000, 1.000000000000000000, 0.0000000000000000000 ) ) ;
#3758 = EDGE_LOOP ( 'NONE', ( #9484, #499, #3448, #126 ) ) ;
#3759 = CARTESIAN_POINT ( 'NONE',  ( -6.249999999999996400, 0.0000000000000000000, -9.749999999999998200 ) ) ;
#3760 = CARTESIAN_POINT ( 'NONE',  ( 4.750000000000002700, 6.792893218813461000, 9.750000000000000000 ) ) ;
#3761 = DIRECTION ( 'NONE',  ( 0.0000000000000000000, 0.0000000000000000000, 1.000000000000000000 ) ) ;
#3762 = VERTEX_POINT ( 'NONE', #5298 ) ;
#3763 = VECTOR ( 'NONE', #8346, 999.9999999999998900 ) ;
#3764 = TOROIDAL_SURFACE ( 'NONE', #914, 2.849999999999998800, 0.1000000000000000100 ) ;
#3765 = DIRECTION ( 'NONE',  ( 0.0000000000000000000, 0.0000000000000000000, -1.000000000000000000 ) ) ;
#3766 = CARTESIAN_POINT ( 'NONE',  ( -5.796185835555266200, 0.05461184076898719500, -10.24999999980005300 ) ) ;
#3767 = VERTEX_POINT ( 'NONE', #4568 ) ;
#3768 = ORIENTED_EDGE ( 'NONE', *, *, #8896, .T. ) ;
#3769 = DIRECTION ( 'NONE',  ( 1.000000000000000000, 0.0000000000000000000, 0.0000000000000000000 ) ) ;
#3770 = DIRECTION ( 'NONE',  ( 0.0000000000000000000, 0.0000000000000000000, 1.000000000000000000 ) ) ;
#3771 = VECTOR ( 'NONE', #8472, 1000.000000000000100 ) ;
#3772 = AXIS2_PLACEMENT_3D ( 'NONE', #3120, #5355, #8435 ) ;
#3773 = DIRECTION ( 'NONE',  ( -1.000000000000000000, 0.0000000000000000000, 0.0000000000000000000 ) ) ;
#3774 = ORIENTED_EDGE ( 'NONE', *, *, #2560, .T. ) ;
#3775 = FACE_OUTER_BOUND ( 'NONE', #3870, .T. ) ;
#3776 = CARTESIAN_POINT ( 'NONE',  ( 12.50000000000000000, 2.750000000000000900, -12.50000000000000000 ) ) ;
#3777 = ORIENTED_EDGE ( 'NONE', *, *, #3568, .F. ) ;
#3778 = EDGE_CURVE ( 'NONE', #2198, #5653, #3336, .T. ) ;
#3779 = ORIENTED_EDGE ( 'NONE', *, *, #1940, .T. ) ;
#3780 = VECTOR ( 'NONE', #976, 1000.000000000000000 ) ;
#3781 = AXIS2_PLACEMENT_3D ( 'NONE', #2749, #3517, #9570 ) ;
#3782 = DIRECTION ( 'NONE',  ( 0.0000000000000000000, -0.0000000000000000000, -1.000000000000000000 ) ) ;
#3783 = ORIENTED_EDGE ( 'NONE', *, *, #4510, .T. ) ;
#3784 = FACE_OUTER_BOUND ( 'NONE', #9206, .T. ) ;
#3785 = DIRECTION ( 'NONE',  ( 1.000000000000000000, 8.307675917577599100E-016, 0.0000000000000000000 ) ) ;
#3786 = ORIENTED_EDGE ( 'NONE', *, *, #308, .F. ) ;
#3787 = ADVANCED_FACE ( 'NONE', ( #9131 ), #8784, .T. ) ;
#3788 = AXIS2_PLACEMENT_3D ( 'NONE', #8101, #4326, #8003 ) ;
#3789 = VERTEX_POINT ( 'NONE', #3037 ) ;
#3790 = VECTOR ( 'NONE', #5188, 1000.000000000000000 ) ;
#3791 = CARTESIAN_POINT ( 'NONE',  ( 1.330407161568939100E-016, 5.499999999999998200, 20.00000000000000000 ) ) ;
#3792 = DIRECTION ( 'NONE',  ( 1.000000000000000000, 0.0000000000000000000, 0.0000000000000000000 ) ) ;
#3793 = VERTEX_POINT ( 'NONE', #7584 ) ;
#3794 = AXIS2_PLACEMENT_3D ( 'NONE', #1369, #8927, #5290 ) ;
#3795 = EDGE_LOOP ( 'NONE', ( #1890, #6426 ) ) ;
#3796 = ORIENTED_EDGE ( 'NONE', *, *, #3153, .T. ) ;
#3797 = EDGE_CURVE ( 'NONE', #1448, #6974, #2052, .T. ) ;
#3798 = CARTESIAN_POINT ( 'NONE',  ( -2.969669914110093500, 8.676776695296634800, -0.2500000000000000000 ) ) ;
#3799 = ORIENTED_EDGE ( 'NONE', *, *, #4706, .F. ) ;
#3800 = FACE_OUTER_BOUND ( 'NONE', #8639, .T. ) ;
#3801 = CARTESIAN_POINT ( 'NONE',  ( -5.860203337588428600, 0.2667485526244909900, -9.981142356710996900 ) ) ;
#3802 = ADVANCED_FACE ( 'NONE', ( #4881 ), #8074, .T. ) ;
#3803 = AXIS2_PLACEMENT_3D ( 'NONE', #1586, #6967, #898 ) ;
#3804 = DIRECTION ( 'NONE',  ( -1.000000000000000000, 0.0000000000000000000, 0.0000000000000000000 ) ) ;
#3805 = CARTESIAN_POINT ( 'NONE',  ( -5.749999999999996400, 0.3258063432103001100, 0.1250000000000001100 ) ) ;
#3806 = CARTESIAN_POINT ( 'NONE',  ( 1.783371450077656700, 2.344367139542235200, -10.00000000000000000 ) ) ;
#3807 = ORIENTED_EDGE ( 'NONE', *, *, #8801, .F. ) ;
#3808 = VERTEX_POINT ( 'NONE', #9758 ) ;
#3809 = CARTESIAN_POINT ( 'NONE',  ( 5.750000000000003600, 5.249999999999997300, -10.12499999999999800 ) ) ;
#3810 = VECTOR ( 'NONE', #8324, 1000.000000000000000 ) ;
#3811 = TOROIDAL_SURFACE ( 'NONE', #1050, 2.100000000000000100, 0.1000000000000000100 ) ;
#3812 = EDGE_CURVE ( 'NONE', #1528, #2131, #6769, .T. ) ;
#3813 = DIRECTION ( 'NONE',  ( -1.734723475976795500E-015, -1.000000000000000000, 0.0000000000000000000 ) ) ;
#3814 = EDGE_LOOP ( 'NONE', ( #866, #3711, #6222, #1281 ) ) ;
#3815 = VERTEX_POINT ( 'NONE', #2322 ) ;
#3816 = CARTESIAN_POINT ( 'NONE',  ( 19.75000000000000400, 4.792893218813453900, 19.75000000000000000 ) ) ;
#3817 = CYLINDRICAL_SURFACE ( 'NONE', #6292, 0.2500000000000000000 ) ;
#3818 = CARTESIAN_POINT ( 'NONE',  ( 1.330407161568939100E-016, 0.7500000000000006700, 0.0000000000000000000 ) ) ;
#3819 = DIRECTION ( 'NONE',  ( 0.0000000000000000000, 0.0000000000000000000, -1.000000000000000000 ) ) ;
#3820 = EDGE_CURVE ( 'NONE', #3202, #103, #6428, .T. ) ;
#3821 = AXIS2_PLACEMENT_3D ( 'NONE', #7566, #5386, #1627 ) ;
#3822 = DIRECTION ( 'NONE',  ( -1.000000000000000000, 0.0000000000000000000, 0.0000000000000000000 ) ) ;
#3823 = ORIENTED_EDGE ( 'NONE', *, *, #1825, .F. ) ;
#3824 = EDGE_CURVE ( 'NONE', #2762, #9648, #4648, .T. ) ;
#3825 = DIRECTION ( 'NONE',  ( 1.000000000000000000, 0.0000000000000000000, 0.0000000000000000000 ) ) ;
#3826 = EDGE_CURVE ( 'NONE', #5351, #4227, #1004, .T. ) ;
#3827 = DIRECTION ( 'NONE',  ( 0.0000000000000000000, 0.0000000000000000000, 1.000000000000000000 ) ) ;
#3828 = CC_DESIGN_PERSON_AND_ORGANIZATION_ASSIGNMENT ( #5154, #7904, ( #3504 ) ) ;
#3829 = FACE_OUTER_BOUND ( 'NONE', #8852, .T. ) ;
#3830 = CARTESIAN_POINT ( 'NONE',  ( 5.993871159241447100, 0.001642217931794865300, 10.27737481826548600 ) ) ;
#3831 = CARTESIAN_POINT ( 'NONE',  ( 12.50000000000000000, 0.1000000000000000100, -12.50000000000000000 ) ) ;
#3832 = CARTESIAN_POINT ( 'NONE',  ( 4.750000000000006200, 8.999999999999991100, -10.00000000000000200 ) ) ;
#3833 = DIRECTION ( 'NONE',  ( 0.0000000000000000000, -0.0000000000000000000, -1.000000000000000000 ) ) ;
#3834 = ORIENTED_EDGE ( 'NONE', *, *, #9507, .F. ) ;
#3835 = CARTESIAN_POINT ( 'NONE',  ( -2.792893218813456500, 8.749999999999998200, 10.37500000000000000 ) ) ;
#3836 = CARTESIAN_POINT ( 'NONE',  ( 6.250000000000003600, 0.0000000000000000000, 0.2500000000000002200 ) ) ;
#3837 = FACE_OUTER_BOUND ( 'NONE', #6913, .T. ) ;
#3838 = ADVANCED_FACE ( 'NONE', ( #2736 ), #1461, .F. ) ;
#3839 = CARTESIAN_POINT ( 'NONE',  ( -1.431146867680864300E-014, 5.500000000000013300, 0.3750000000000003300 ) ) ;
#3840 = VERTEX_POINT ( 'NONE', #9057 ) ;
#3841 = CARTESIAN_POINT ( 'NONE',  ( 5.800890086098220000, 0.2985344282647657800, -9.875000000000000000 ) ) ;
#3842 = FACE_OUTER_BOUND ( 'NONE', #9444, .T. ) ;
#3843 = CIRCLE ( 'NONE', #1265, 0.2500000000000002200 ) ;
#3844 = AXIS2_PLACEMENT_3D ( 'NONE', #7733, #7001, #3182 ) ;
#3845 = DIRECTION ( 'NONE',  ( -3.469446951953611000E-015, 1.000000000000000000, 0.0000000000000000000 ) ) ;
#3846 = DIRECTION ( 'NONE',  ( 1.000000000000000000, -1.040834085586084300E-014, 0.0000000000000000000 ) ) ;
#3847 = ADVANCED_FACE ( 'NONE', ( #6542 ), #7370, .T. ) ;
#3848 = DIRECTION ( 'NONE',  ( -0.0000000000000000000, 0.0000000000000000000, 1.000000000000000000 ) ) ;
#3849 = ORIENTED_EDGE ( 'NONE', *, *, #2506, .T. ) ;
#3850 = ORIENTED_EDGE ( 'NONE', *, *, #6835, .F. ) ;
#3851 = CIRCLE ( 'NONE', #8611, 0.2500000000000002200 ) ;
#3852 = AXIS2_PLACEMENT_3D ( 'NONE', #8564, #7838, #8530 ) ;
#3853 = EDGE_LOOP ( 'NONE', ( #1728, #2494, #1315, #9440, #5069, #3774, #6692, #9488, #4734, #2756 ) ) ;
#3854 = EDGE_CURVE ( 'NONE', #480, #6963, #2970, .T. ) ;
#3855 = TOROIDAL_SURFACE ( 'NONE', #4418, 0.2500000000000000000, 0.2500000000000000000 ) ;
#3856 = DIRECTION ( 'NONE',  ( 0.7071067811865490200, -0.7071067811865460200, 0.0000000000000000000 ) ) ;
#3857 = CARTESIAN_POINT ( 'NONE',  ( 2.100000000000000100, 5.499999999999998200, -10.00000000000000200 ) ) ;
#3858 = AXIS2_PLACEMENT_3D ( 'NONE', #4790, #2441, #8463 ) ;
#3859 = ADVANCED_FACE ( 'NONE', ( #3222 ), #8562, .T. ) ;
#3860 = CARTESIAN_POINT ( 'NONE',  ( -12.50000000000002700, 5.467267279399611500, -12.50000000000000000 ) ) ;
#3861 = VERTEX_POINT ( 'NONE', #2497 ) ;
#3862 = FACE_OUTER_BOUND ( 'NONE', #9446, .T. ) ;
#3863 = CARTESIAN_POINT ( 'NONE',  ( -4.750000000000000000, 6.792893218813454800, 0.3750000000000001100 ) ) ;
#3864 = DIRECTION ( 'NONE',  ( -0.0000000000000000000, -0.0000000000000000000, -1.000000000000000000 ) ) ;
#3865 = CARTESIAN_POINT ( 'NONE',  ( -5.749999999999996400, 0.3258063432102983900, -9.999999999999998200 ) ) ;
#3866 = AXIS2_PLACEMENT_3D ( 'NONE', #3438, #441, #415 ) ;
#3867 = EDGE_CURVE ( 'NONE', #5139, #7224, #2524, .T. ) ;
#3868 = CARTESIAN_POINT ( 'NONE',  ( -19.46966991411012100, 5.176776695296603700, 20.00000000000000000 ) ) ;
#3869 = DIRECTION ( 'NONE',  ( 1.000000000000000000, 0.0000000000000000000, 0.0000000000000000000 ) ) ;
#3870 = EDGE_LOOP ( 'NONE', ( #4203, #7451, #3300, #232 ) ) ;
#3871 = CIRCLE ( 'NONE', #2472, 0.5000000000000004400 ) ;
#3872 = CIRCLE ( 'NONE', #3883, 0.2500000000000002200 ) ;
#3873 = CARTESIAN_POINT ( 'NONE',  ( -4.853553390593274000, 7.146446609406727800, -19.75000000000000000 ) ) ;
#3874 = ORIENTED_EDGE ( 'NONE', *, *, #2261, .T. ) ;
#3875 = DIRECTION ( 'NONE',  ( -8.673617379884004900E-016, 1.000000000000000000, -0.0000000000000000000 ) ) ;
#3876 = CARTESIAN_POINT ( 'NONE',  ( -12.50000000000000000, 2.750000000000000900, -12.50000000000000000 ) ) ;
#3877 = EDGE_LOOP ( 'NONE', ( #8954, #4006, #461, #46 ) ) ;
#3878 = DIRECTION ( 'NONE',  ( 1.000000000000000000, 0.0000000000000000000, 0.0000000000000000000 ) ) ;
#3879 = AXIS2_PLACEMENT_3D ( 'NONE', #9622, #2090, #7284 ) ;
#3880 = EDGE_LOOP ( 'NONE', ( #7200, #7742, #1812, #4024, #8266 ) ) ;
#3881 = CIRCLE ( 'NONE', #7092, 0.09999999999999939500 ) ;
#3882 = CIRCLE ( 'NONE', #7621, 0.4999999999999995600 ) ;
#3883 = AXIS2_PLACEMENT_3D ( 'NONE', #5532, #6197, #4041 ) ;
#3884 = CARTESIAN_POINT ( 'NONE',  ( 0.0000000000000000000, 0.2500000000000000000, -20.00000000000000000 ) ) ;
#3885 = ORIENTED_EDGE ( 'NONE', *, *, #4440, .T. ) ;
#3886 = EDGE_CURVE ( 'NONE', #7457, #5261, #4777, .T. ) ;
#3887 = DIRECTION ( 'NONE',  ( -0.7071067811865492400, 0.7071067811865458000, 0.0000000000000000000 ) ) ;
#3888 = CARTESIAN_POINT ( 'NONE',  ( 5.796185835555336400, 0.05461184076897186700, -9.625000000199944900 ) ) ;
#3889 = EDGE_CURVE ( 'NONE', #6524, #3256, #5358, .T. ) ;
#3890 = VERTEX_POINT ( 'NONE', #3215 ) ;
#3891 = DIRECTION ( 'NONE',  ( 0.0000000000000000000, 1.000000000000000000, -0.0000000000000000000 ) ) ;
#3892 = ADVANCED_FACE ( 'NONE', ( #1823 ), #4652, .F. ) ;
#3893 = DIRECTION ( 'NONE',  ( -2.602085213965202000E-015, 1.000000000000000000, 0.0000000000000000000 ) ) ;
#3894 = CARTESIAN_POINT ( 'NONE',  ( -2.792893218813456500, 8.499999999999998200, 20.00000000000000000 ) ) ;
#3895 = CARTESIAN_POINT ( 'NONE',  ( -4.165766233094293700, 0.4914814565722673800, -19.75000000000000000 ) ) ;
#3896 = ORIENTED_EDGE ( 'NONE', *, *, #1730, .T. ) ;
#3897 = CIRCLE ( 'NONE', #1742, 2.000000000000000000 ) ;
#3898 = CARTESIAN_POINT ( 'NONE',  ( 19.50000000000000400, 4.792893218813453900, 19.75000000000000000 ) ) ;
#3899 = VERTEX_POINT ( 'NONE', #6955 ) ;
#3900 = ORIENTED_EDGE ( 'NONE', *, *, #5177, .T. ) ;
#3901 = FACE_OUTER_BOUND ( 'NONE', #3409, .T. ) ;
#3902 = CARTESIAN_POINT ( 'NONE',  ( -2.969669914110093100, 8.676776695296634800, -10.00000000000000000 ) ) ;
#3903 = DIRECTION ( 'NONE',  ( -0.0000000000000000000, 1.000000000000000000, -0.0000000000000000000 ) ) ;
#3904 = DIRECTION ( 'NONE',  ( 1.000000000000000000, 0.0000000000000000000, 0.0000000000000000000 ) ) ;
#3905 = CARTESIAN_POINT ( 'NONE',  ( -5.000000000000000000, 6.792893218813454800, 10.37500000000000000 ) ) ;
#3907 = CIRCLE ( 'NONE', #6589, 0.2500000000000002200 ) ;
#3906 = DIRECTION ( 'NONE',  ( 0.0000000000000000000, 0.0000000000000000000, 1.000000000000000000 ) ) ;
#3908 = ADVANCED_FACE ( 'NONE', ( #9609 ), #6892, .T. ) ;
#3909 = ORIENTED_EDGE ( 'NONE', *, *, #2291, .F. ) ;
#3910 = FACE_OUTER_BOUND ( 'NONE', #9094, .T. ) ;
#3911 = CARTESIAN_POINT ( 'NONE',  ( -1.499999999999983800, 5.499999999999998200, -20.00000000000000000 ) ) ;
#3912 = ORIENTED_EDGE ( 'NONE', *, *, #4371, .T. ) ;
#3913 = CARTESIAN_POINT ( 'NONE',  ( -2.792893218813456500, 8.499999999999998200, -0.2500000000000002200 ) ) ;
#3914 = ORIENTED_EDGE ( 'NONE', *, *, #8652, .F. ) ;
#3915 = LINE ( 'NONE', #4550, #5333 ) ;
#3916 = CARTESIAN_POINT ( 'NONE',  ( 20.00000000000000400, 0.5000000000000000000, 20.00000000000000000 ) ) ;
#3917 = ORIENTED_EDGE ( 'NONE', *, *, #3503, .F. ) ;
#3918 = DIRECTION ( 'NONE',  ( -1.000000000000000000, 0.0000000000000000000, 0.0000000000000000000 ) ) ;
#3919 = CARTESIAN_POINT ( 'NONE',  ( -2.000000000000000000, 5.499999999999998200, -19.49999999999998600 ) ) ;
#3920 = DIRECTION ( 'NONE',  ( 0.0000000000000000000, -0.0000000000000000000, -1.000000000000000000 ) ) ;
#3921 = EDGE_LOOP ( 'NONE', ( #8180, #1683, #8285, #5873 ) ) ;
#3922 = ORIENTED_EDGE ( 'NONE', *, *, #4017, .T. ) ;
#3923 = ORIENTED_EDGE ( 'NONE', *, *, #2844, .F. ) ;
#3924 = ADVANCED_FACE ( 'NONE', ( #4518 ), #7133, .F. ) ;
#3925 = AXIS2_PLACEMENT_3D ( 'NONE', #6569, #3485, #529 ) ;
#3926 = EDGE_LOOP ( 'NONE', ( #8412, #3799, #9147, #2141 ) ) ;
#3927 = FACE_OUTER_BOUND ( 'NONE', #7213, .T. ) ;
#3928 = DIRECTION ( 'NONE',  ( -1.000000000000000000, 0.0000000000000000000, -0.0000000000000000000 ) ) ;
#3929 = DIRECTION ( 'NONE',  ( 1.000000000000000000, 0.0000000000000000000, -0.0000000000000000000 ) ) ;
#3930 = CARTESIAN_POINT ( 'NONE',  ( -12.50000000000000000, 0.0000000000000000000, 12.50000000000000000 ) ) ;
#3931 = ORIENTED_EDGE ( 'NONE', *, *, #1957, .T. ) ;
#3932 = AXIS2_PLACEMENT_3D ( 'NONE', #2208, #2248, #2960 ) ;
#3933 = ORIENTED_EDGE ( 'NONE', *, *, #2954, .T. ) ;
#3934 = DIRECTION ( 'NONE',  ( 1.000000000000000000, 2.602085213965201600E-015, -0.0000000000000000000 ) ) ;
#3935 = ORIENTED_EDGE ( 'NONE', *, *, #4279, .T. ) ;
#3936 = VERTEX_POINT ( 'NONE', #4716 ) ;
#3937 = CARTESIAN_POINT ( 'NONE',  ( -5.000000000000000000, 5.500000000000000900, -10.24999999999999800 ) ) ;
#3938 = VECTOR ( 'NONE', #8824, 1000.000000000000000 ) ;
#3939 = AXIS2_PLACEMENT_3D ( 'NONE', #742, #7582, #3869 ) ;
#3940 = EDGE_CURVE ( 'NONE', #1639, #4469, #8309, .T. ) ;
#3941 = CARTESIAN_POINT ( 'NONE',  ( 2.969669914110094400, 8.676776695296634800, -10.00000000000000000 ) ) ;
#3942 = ORIENTED_EDGE ( 'NONE', *, *, #5064, .T. ) ;
#3943 = EDGE_LOOP ( 'NONE', ( #4029, #6731, #7605, #8391 ) ) ;
#3944 = CARTESIAN_POINT ( 'NONE',  ( -5.749999999999996400, 9.000000000000000000, 10.25000000000000000 ) ) ;
#3945 = VECTOR ( 'NONE', #5453, 1000.000000000000000 ) ;
#3946 = LINE ( 'NONE', #145, #4527 ) ;
#3947 = DIRECTION ( 'NONE',  ( -1.000000000000000000, 0.0000000000000000000, 0.0000000000000000000 ) ) ;
#3948 = ADVANCED_FACE ( 'NONE', ( #7853 ), #7759, .F. ) ;
#3949 = ORIENTED_EDGE ( 'NONE', *, *, #5245, .T. ) ;
#3950 = CARTESIAN_POINT ( 'NONE',  ( -5.749999999999996400, 5.249999999999998200, 10.25000000000000000 ) ) ;
#3951 = CARTESIAN_POINT ( 'NONE',  ( -4.823223304703367000, 6.823223304703360800, -10.24999999999999800 ) ) ;
#3952 = AXIS2_PLACEMENT_3D ( 'NONE', #7144, #6424, #4036 ) ;
#3953 = EDGE_CURVE ( 'NONE', #4090, #5493, #5483, .T. ) ;
#3954 = VECTOR ( 'NONE', #2236, 1000.000000000000000 ) ;
#3955 = DIRECTION ( 'NONE',  ( 0.0000000000000000000, 0.0000000000000000000, -1.000000000000000000 ) ) ;
#3956 = EDGE_CURVE ( 'NONE', #6330, #7553, #7601, .T. ) ;
#3957 = DIRECTION ( 'NONE',  ( -0.7071067811865460200, -0.7071067811865490200, 0.0000000000000000000 ) ) ;
#3958 = EDGE_LOOP ( 'NONE', ( #9198, #5457, #2536, #1542 ) ) ;
#3959 = CARTESIAN_POINT ( 'NONE',  ( 2.792893218813457400, 9.000000000000000000, 9.750000000000000000 ) ) ;
#3960 = ADVANCED_FACE ( 'NONE', ( #4057 ), #627, .T. ) ;
#3961 = LINE ( 'NONE', #4645, #310 ) ;
#3962 = AXIS2_PLACEMENT_3D ( 'NONE', #6441, #394, #8773 ) ;
#3963 = CARTESIAN_POINT ( 'NONE',  ( -12.32322330470319100, 12.32322330470340600, 20.00000000000000000 ) ) ;
#3964 = ORIENTED_EDGE ( 'NONE', *, *, #1988, .T. ) ;
#3965 = ADVANCED_FACE ( 'NONE', ( #3459 ), #5827, .T. ) ;
#3966 = CIRCLE ( 'NONE', #9113, 2.100000000000000100 ) ;
#3967 = DIRECTION ( 'NONE',  ( -1.000000000000000000, -6.938893903907228400E-015, 0.0000000000000000000 ) ) ;
#3968 = DIRECTION ( 'NONE',  ( -0.0000000000000000000, 0.0000000000000000000, 1.000000000000000000 ) ) ;
#3969 = DIRECTION ( 'NONE',  ( 0.0000000000000000000, -1.000000000000000000, 0.0000000000000000000 ) ) ;
#3970 = EDGE_CURVE ( 'NONE', #5370, #6586, #3576, .T. ) ;
#3971 = ORIENTED_EDGE ( 'NONE', *, *, #3619, .T. ) ;
#3972 = ORIENTED_EDGE ( 'NONE', *, *, #9684, .T. ) ;
#3973 = CARTESIAN_POINT ( 'NONE',  ( -4.750000000000000000, 6.792893218813454800, -9.999999999999998200 ) ) ;
#3974 = EDGE_CURVE ( 'NONE', #6749, #2838, #5234, .T. ) ;
#3975 = LINE ( 'NONE', #2408, #2883 ) ;
#3976 = ORIENTED_EDGE ( 'NONE', *, *, #401, .F. ) ;
#3977 = CARTESIAN_POINT ( 'NONE',  ( -5.000000000000000000, 5.500000000000000900, 19.75000000000000000 ) ) ;
#3978 = FACE_OUTER_BOUND ( 'NONE', #4476, .T. ) ;
#3979 = CARTESIAN_POINT ( 'NONE',  ( -5.989959552787899700, 0.002690329722128130300, 0.2714588953929485400 ) ) ;
#3980 = DIRECTION ( 'NONE',  ( 1.000000000000000000, 0.0000000000000000000, 0.0000000000000000000 ) ) ;
#3981 = DIRECTION ( 'NONE',  ( 0.7071067811865490200, -0.7071067811865460200, 0.0000000000000000000 ) ) ;
#3982 = ORIENTED_EDGE ( 'NONE', *, *, #4977, .T. ) ;
#3983 = CYLINDRICAL_SURFACE ( 'NONE', #4605, 0.2500000000000006100 ) ;
#3984 = AXIS2_PLACEMENT_3D ( 'NONE', #2927, #3027, #6054 ) ;
#3985 = CARTESIAN_POINT ( 'NONE',  ( 5.250000000000000000, 5.749999999999998200, 20.00000000000000000 ) ) ;
#3986 = DIRECTION ( 'NONE',  ( 0.0000000000000000000, -0.0000000000000000000, 1.000000000000000000 ) ) ;
#3987 = DIRECTION ( 'NONE',  ( 1.000000000000000000, 0.0000000000000000000, 0.0000000000000000000 ) ) ;
#3988 = DIRECTION ( 'NONE',  ( -0.0000000000000000000, -0.0000000000000000000, 1.000000000000000000 ) ) ;
#3989 = CARTESIAN_POINT ( 'NONE',  ( 4.750000000000000000, 5.749999999999998200, -9.874999999999998200 ) ) ;
#3990 = AXIS2_PLACEMENT_3D ( 'NONE', #7155, #4087, #9343 ) ;
#3991 = EDGE_CURVE ( 'NONE', #8890, #2568, #6646, .T. ) ;
#3992 = CARTESIAN_POINT ( 'NONE',  ( 5.989959552787908600, 0.002690329722128821100, -9.728541104607050000 ) ) ;
#3993 = ORIENTED_EDGE ( 'NONE', *, *, #8633, .F. ) ;
#3994 = CIRCLE ( 'NONE', #8800, 4.750000000000000000 ) ;
#3995 = VECTOR ( 'NONE', #1939, 999.9999999999998900 ) ;
#3996 = CARTESIAN_POINT ( 'NONE',  ( 2.100000000000000100, 5.499999999999998200, 3.049318610115481200E-016 ) ) ;
#3997 = AXIS2_PLACEMENT_3D ( 'NONE', #3327, #5521, #1008 ) ;
#3998 = DIRECTION ( 'NONE',  ( 0.0000000000000000000, 0.0000000000000000000, 1.000000000000000000 ) ) ;
#3999 = DIRECTION ( 'NONE',  ( 1.000000000000000000, 0.0000000000000000000, 0.0000000000000000000 ) ) ;
#4000 = ORIENTED_EDGE ( 'NONE', *, *, #9725, .F. ) ;
#4001 = CIRCLE ( 'NONE', #2334, 2.100000000000000100 ) ;
#4002 = CYLINDRICAL_SURFACE ( 'NONE', #5725, 5.000000000000000000 ) ;
#4003 = ORIENTED_EDGE ( 'NONE', *, *, #3970, .T. ) ;
#4004 = ADVANCED_FACE ( 'NONE', ( #1813 ), #6050, .T. ) ;
#4005 = AXIS2_PLACEMENT_3D ( 'NONE', #915, #7685, #6207 ) ;
#4006 = ORIENTED_EDGE ( 'NONE', *, *, #5764, .T. ) ;
#4007 = EDGE_CURVE ( 'NONE', #1736, #2920, #6755, .T. ) ;
#4008 = CARTESIAN_POINT ( 'NONE',  ( 0.0000000000000000000, 8.749999999999998200, 0.3750000000000001100 ) ) ;
#4009 = ORIENTED_EDGE ( 'NONE', *, *, #2060, .T. ) ;
#4010 = LINE ( 'NONE', #274, #8962 ) ;
#4011 = CIRCLE ( 'NONE', #8185, 0.2500000000000002200 ) ;
#4012 = DIRECTION ( 'NONE',  ( -8.673617379883997000E-016, 1.000000000000000000, 0.0000000000000000000 ) ) ;
#4013 = ORIENTED_EDGE ( 'NONE', *, *, #6729, .T. ) ;
#4014 = DIRECTION ( 'NONE',  ( 0.0000000000000000000, 0.0000000000000000000, -1.000000000000000000 ) ) ;
#4015 = EDGE_LOOP ( 'NONE', ( #965, #2600, #1217, #1908 ) ) ;
#4016 = ADVANCED_FACE ( 'NONE', ( #282 ), #8297, .F. ) ;
#4017 = EDGE_CURVE ( 'NONE', #2838, #8059, #8064, .T. ) ;
#4018 = DIRECTION ( 'NONE',  ( -1.000000000000000000, 0.0000000000000000000, 0.0000000000000000000 ) ) ;
#4019 = AXIS2_PLACEMENT_3D ( 'NONE', #1397, #9558, #519 ) ;
#4020 = LINE ( 'NONE', #2143, #5565 ) ;
#4021 = DIRECTION ( 'NONE',  ( 1.000000000000000000, 0.0000000000000000000, 0.0000000000000000000 ) ) ;
#4022 = EDGE_CURVE ( 'NONE', #3256, #626, #7958, .T. ) ;
#4023 = DIRECTION ( 'NONE',  ( -8.673617379884004900E-016, 1.000000000000000000, -0.0000000000000000000 ) ) ;
#4024 = ORIENTED_EDGE ( 'NONE', *, *, #5989, .F. ) ;
#4025 = CYLINDRICAL_SURFACE ( 'NONE', #4260, 0.5000000000000004400 ) ;
#4026 = EDGE_CURVE ( 'NONE', #7834, #2144, #9601, .T. ) ;
#4027 = DIRECTION ( 'NONE',  ( 0.0000000000000000000, 0.0000000000000000000, -1.000000000000000000 ) ) ;
#4028 = ORIENTED_EDGE ( 'NONE', *, *, #3991, .T. ) ;
#4029 = ORIENTED_EDGE ( 'NONE', *, *, #8942, .F. ) ;
#4030 = VECTOR ( 'NONE', #1133, 1000.000000000000000 ) ;
#4031 = CARTESIAN_POINT ( 'NONE',  ( -12.50000000000000000, 0.0000000000000000000, 15.25000000000000000 ) ) ;
#4032 = DIRECTION ( 'NONE',  ( -0.0000000000000000000, 0.0000000000000000000, 1.000000000000000000 ) ) ;
#4033 = ORIENTED_EDGE ( 'NONE', *, *, #1861, .F. ) ;
#4034 = LINE ( 'NONE', #9390, #2251 ) ;
#4035 = ORIENTED_EDGE ( 'NONE', *, *, #5989, .T. ) ;
#4036 = DIRECTION ( 'NONE',  ( 0.0000000000000000000, 0.0000000000000000000, -1.000000000000000000 ) ) ;
#4037 = CARTESIAN_POINT ( 'NONE',  ( 3.146446609406729600, 8.853553390593273100, -10.24999999999999800 ) ) ;
#4038 = ORIENTED_EDGE ( 'NONE', *, *, #590, .T. ) ;
#4039 = TOROIDAL_SURFACE ( 'NONE', #700, 0.2500000000000000000, 0.2500000000000000000 ) ;
#4040 = CARTESIAN_POINT ( 'NONE',  ( 4.101061471818666400, 0.2500000000000002200, -0.2500000000000002200 ) ) ;
#4041 = DIRECTION ( 'NONE',  ( 1.000000000000000000, 0.0000000000000000000, 0.0000000000000000000 ) ) ;
#4042 = CARTESIAN_POINT ( 'NONE',  ( 1.330407161568939100E-016, 5.499999999999998200, 20.00000000000000000 ) ) ;
#4043 = VERTEX_POINT ( 'NONE', #390 ) ;
#4044 = ORIENTED_EDGE ( 'NONE', *, *, #8548, .F. ) ;
#4045 = VERTEX_POINT ( 'NONE', #1815 ) ;
#4046 = CARTESIAN_POINT ( 'NONE',  ( -6.249999999999997300, 5.499999999999997300, 19.75000000000000000 ) ) ;
#4047 = AXIS2_PLACEMENT_3D ( 'NONE', #9516, #9582, #4950 ) ;
#4048 = ORIENTED_EDGE ( 'NONE', *, *, #1054, .T. ) ;
#4049 = CYLINDRICAL_SURFACE ( 'NONE', #4078, 2.749999999999999100 ) ;
#4050 = DIRECTION ( 'NONE',  ( 1.000000000000000000, 0.0000000000000000000, 0.0000000000000000000 ) ) ;
#4051 = AXIS2_PLACEMENT_3D ( 'NONE', #6880, #938, #7747 ) ;
#4052 = ORIENTED_EDGE ( 'NONE', *, *, #9307, .F. ) ;
#4053 = ORIENTED_EDGE ( 'NONE', *, *, #7172, .T. ) ;
#4054 = EDGE_CURVE ( 'NONE', #9230, #2450, #4767, .T. ) ;
#4055 = VECTOR ( 'NONE', #1660, 1000.000000000000000 ) ;
#4056 = ADVANCED_FACE ( 'NONE', ( #7479 ), #4049, .F. ) ;
#4057 = FACE_OUTER_BOUND ( 'NONE', #9289, .T. ) ;
#4058 = PLANE ( 'NONE',  #5533 ) ;
#4059 = DIRECTION ( 'NONE',  ( 0.0000000000000000000, 0.0000000000000000000, -1.000000000000000000 ) ) ;
#4060 = CARTESIAN_POINT ( 'NONE',  ( 3.146446609406729600, 8.853553390593273100, -19.75000000000000000 ) ) ;
#4061 = AXIS2_PLACEMENT_3D ( 'NONE', #1694, #6216, #5516 ) ;
#4062 = DIRECTION ( 'NONE',  ( 1.000000000000000000, 0.0000000000000000000, 0.0000000000000000000 ) ) ;
#4063 = CARTESIAN_POINT ( 'NONE',  ( -6.032913124396843700, 0.2500000000000000000, -20.00000000000000000 ) ) ;
#4064 = ORIENTED_EDGE ( 'NONE', *, *, #1415, .T. ) ;
#4065 = VERTEX_POINT ( 'NONE', #7089 ) ;
#4066 = CARTESIAN_POINT ( 'NONE',  ( 5.750000000000003600, 5.499999999999999100, 10.37500000000000000 ) ) ;
#4067 = CARTESIAN_POINT ( 'NONE',  ( 19.85355339059327700, 5.146446609406726900, 19.75000000000000000 ) ) ;
#4068 = CYLINDRICAL_SURFACE ( 'NONE', #7365, 0.2500000000000002200 ) ;
#4069 = AXIS2_PLACEMENT_3D ( 'NONE', #7405, #9645, #602 ) ;
#4070 = EDGE_CURVE ( 'NONE', #5903, #8594, #995, .T. ) ;
#4071 = ADVANCED_FACE ( 'NONE', ( #3800 ), #3214, .T. ) ;
#4072 = PLANE ( 'NONE',  #4544 ) ;
#4073 = DIRECTION ( 'NONE',  ( -0.0000000000000000000, -1.000000000000000000, -0.0000000000000000000 ) ) ;
#4074 = ORIENTED_EDGE ( 'NONE', *, *, #4183, .T. ) ;
#4075 = DATE_TIME_ROLE ( 'classification_date' ) ;
#4076 = VECTOR ( 'NONE', #4333, 1000.000000000000000 ) ;
#4077 = CARTESIAN_POINT ( 'NONE',  ( 2.000000000000000000, 5.499999999999998200, 19.90000000000000200 ) ) ;
#4078 = AXIS2_PLACEMENT_3D ( 'NONE', #5665, #4841, #8588 ) ;
#4079 = AXIS2_PLACEMENT_3D ( 'NONE', #3944, #3969, #223 ) ;
#4080 = ORIENTED_EDGE ( 'NONE', *, *, #5716, .F. ) ;
#4081 = CARTESIAN_POINT ( 'NONE',  ( 12.50000000000000000, 0.0000000000000000000, -15.35000000000000000 ) ) ;
#4082 = EDGE_CURVE ( 'NONE', #5076, #9804, #4506, .T. ) ;
#4083 = DIRECTION ( 'NONE',  ( 0.7071067811865492400, -0.7071067811865458000, 0.0000000000000000000 ) ) ;
#4084 = EDGE_CURVE ( 'NONE', #9677, #7810, #171, .T. ) ;
#4085 = CIRCLE ( 'NONE', #1724, 0.2500000000000002200 ) ;
#4086 = CARTESIAN_POINT ( 'NONE',  ( 1.330407161568939100E-016, 5.499999999999998200, 10.37500000000000000 ) ) ;
#4087 = DIRECTION ( 'NONE',  ( 0.0000000000000000000, -0.0000000000000000000, 1.000000000000000000 ) ) ;
#4088 = ORIENTED_EDGE ( 'NONE', *, *, #7065, .T. ) ;
#4089 = DIRECTION ( 'NONE',  ( -1.000000000000000000, 0.0000000000000000000, 0.0000000000000000000 ) ) ;
#4090 = VERTEX_POINT ( 'NONE', #4811 ) ;
#4091 = CIRCLE ( 'NONE', #5572, 0.5000000000000000000 ) ;
#4092 = CYLINDRICAL_SURFACE ( 'NONE', #6137, 0.2500000000000000000 ) ;
#4093 = DIRECTION ( 'NONE',  ( 0.7071067811865491300, -0.7071067811865460200, 0.0000000000000000000 ) ) ;
#4094 = DIRECTION ( 'NONE',  ( -0.0000000000000000000, 0.0000000000000000000, 1.000000000000000000 ) ) ;
#4095 = DIRECTION ( 'NONE',  ( -0.7071067811865475700, -0.7071067811865475700, 0.0000000000000000000 ) ) ;
#4096 = VERTEX_POINT ( 'NONE', #7128 ) ;
#4097 = FACE_OUTER_BOUND ( 'NONE', #1580, .T. ) ;
#4098 = DIRECTION ( 'NONE',  ( -1.000000000000000000, -2.602085213965201600E-015, -0.0000000000000000000 ) ) ;
#4099 = CARTESIAN_POINT ( 'NONE',  ( 1.330407161568939100E-016, 5.499999999999998200, 9.900000000000000400 ) ) ;
#4100 = FACE_OUTER_BOUND ( 'NONE', #551, .T. ) ;
#4101 = CARTESIAN_POINT ( 'NONE',  ( 3.252606517456507000E-015, 5.249999999999993800, 0.0000000000000000000 ) ) ;
#4102 = ORIENTED_EDGE ( 'NONE', *, *, #4674, .F. ) ;
#4103 = VECTOR ( 'NONE', #7267, 1000.000000000000000 ) ;
#4104 = DATE_AND_TIME ( #5283, #5040 ) ;
#4105 = AXIS2_PLACEMENT_3D ( 'NONE', #3742, #8934, #2265 ) ;
#4106 = DIRECTION ( 'NONE',  ( 0.0000000000000000000, 0.0000000000000000000, 1.000000000000000000 ) ) ;
#4107 = CONICAL_SURFACE ( 'NONE', #3392, 2.749999999999999100, 0.7378150601204653800 ) ;
#4108 = DIRECTION ( 'NONE',  ( -0.0000000000000000000, 1.000000000000000000, 0.0000000000000000000 ) ) ;
#4109 = ADVANCED_FACE ( 'NONE', ( #6534 ), #398, .T. ) ;
#4110 = AXIS2_PLACEMENT_3D ( 'NONE', #8445, #1669, #3100 ) ;
#4111 = CARTESIAN_POINT ( 'NONE',  ( -2.792893218813456500, 8.499999999999998200, 20.00000000000000000 ) ) ;
#4112 = VERTEX_POINT ( 'NONE', #7151 ) ;
#4113 = VECTOR ( 'NONE', #2633, 1000.000000000000000 ) ;
#4114 = CIRCLE ( 'NONE', #6099, 0.2500000000000003300 ) ;
#4115 = ORIENTED_EDGE ( 'NONE', *, *, #5410, .F. ) ;
#4116 = DIRECTION ( 'NONE',  ( -1.000000000000000000, 0.0000000000000000000, 0.0000000000000000000 ) ) ;
#4117 = DIRECTION ( 'NONE',  ( -0.9659258262890707500, -0.2588190451025123600, -1.122448683923069600E-016 ) ) ;
#4118 = ORIENTED_EDGE ( 'NONE', *, *, #1484, .F. ) ;
#4119 = DIRECTION ( 'NONE',  ( -1.000000000000000000, 0.0000000000000000000, 2.891205793294680300E-016 ) ) ;
#4120 = AXIS2_PLACEMENT_3D ( 'NONE', #306, #5582, #7095 ) ;
#4121 = EDGE_CURVE ( 'NONE', #3808, #9232, #8776, .T. ) ;
#4122 = DIRECTION ( 'NONE',  ( 3.469446951953614200E-015, 0.0000000000000000000, 1.000000000000000000 ) ) ;
#4123 = CARTESIAN_POINT ( 'NONE',  ( -4.853553390593274800, 7.146446609406726900, 0.3750000000000001100 ) ) ;
#4124 = EDGE_LOOP ( 'NONE', ( #537, #9533, #2430, #7570 ) ) ;
#4125 = CIRCLE ( 'NONE', #5701, 0.4999999999999995600 ) ;
#4126 = CIRCLE ( 'NONE', #411, 0.2500000000000000000 ) ;
#4127 = DIRECTION ( 'NONE',  ( 0.7071067811865491300, -0.7071067811865460200, 0.0000000000000000000 ) ) ;
#4128 = ORIENTED_EDGE ( 'NONE', *, *, #68, .T. ) ;
#4129 = ORIENTED_EDGE ( 'NONE', *, *, #4755, .F. ) ;
#4130 = DIRECTION ( 'NONE',  ( 1.000000000000000000, 0.0000000000000000000, 0.0000000000000000000 ) ) ;
#4131 = DIRECTION ( 'NONE',  ( 1.000000000000000000, 0.0000000000000000000, 0.0000000000000000000 ) ) ;
#4132 = FACE_OUTER_BOUND ( 'NONE', #5933, .T. ) ;
#4133 = ORIENTED_EDGE ( 'NONE', *, *, #5755, .T. ) ;
#4134 = LINE ( 'NONE', #4902, #6141 ) ;
#4135 = AXIS2_PLACEMENT_3D ( 'NONE', #9360, #1136, #6392 ) ;
#4136 = ORIENTED_EDGE ( 'NONE', *, *, #7948, .F. ) ;
#4137 = EDGE_CURVE ( 'NONE', #392, #4624, #8554, .T. ) ;
#4138 = DIRECTION ( 'NONE',  ( 1.000000000000000000, 0.0000000000000000000, 0.0000000000000000000 ) ) ;
#4139 = ORIENTED_EDGE ( 'NONE', *, *, #216, .T. ) ;
#4140 = VECTOR ( 'NONE', #5494, 999.9999999999998900 ) ;
#4141 = VERTEX_POINT ( 'NONE', #1968 ) ;
#4142 = CARTESIAN_POINT ( 'NONE',  ( -4.750000000000000000, 5.500000000000000900, 20.00000000000000000 ) ) ;
#4143 = CIRCLE ( 'NONE', #3727, 0.2500000000000002200 ) ;
#4144 = CARTESIAN_POINT ( 'NONE',  ( 1.330407161568939100E-016, 0.5000000000000004400, 20.00000000000000000 ) ) ;
#4145 = VERTEX_POINT ( 'NONE', #2002 ) ;
#4146 = FACE_OUTER_BOUND ( 'NONE', #5934, .T. ) ;
#4147 = VERTEX_POINT ( 'NONE', #4325 ) ;
#4148 = EDGE_CURVE ( 'NONE', #6423, #5463, #734, .T. ) ;
#4149 = ORIENTED_EDGE ( 'NONE', *, *, #1532, .F. ) ;
#4150 = FACE_OUTER_BOUND ( 'NONE', #6490, .T. ) ;
#4151 = AXIS2_PLACEMENT_3D ( 'NONE', #8558, #4845, #328 ) ;
#4152 = EDGE_CURVE ( 'NONE', #8304, #9731, #2515, .T. ) ;
#4153 = EDGE_CURVE ( 'NONE', #4521, #8160, #2156, .T. ) ;
#4154 = DIRECTION ( 'NONE',  ( -1.000000000000000000, 0.0000000000000000000, 0.0000000000000000000 ) ) ;
#4155 = CC_DESIGN_PERSON_AND_ORGANIZATION_ASSIGNMENT ( #1505, #5623, ( #3504 ) ) ;
#4156 = ORIENTED_EDGE ( 'NONE', *, *, #1288, .T. ) ;
#4157 = ORIENTED_EDGE ( 'NONE', *, *, #7093, .T. ) ;
#4158 = ORIENTED_EDGE ( 'NONE', *, *, #6875, .T. ) ;
#4159 = CARTESIAN_POINT ( 'NONE',  ( 5.800890086098220000, 0.2985344282647657800, 10.12500000000000200 ) ) ;
#4160 = VERTEX_POINT ( 'NONE', #8099 ) ;
#4161 = FACE_OUTER_BOUND ( 'NONE', #1090, .T. ) ;
#4162 = EDGE_CURVE ( 'NONE', #7575, #978, #5946, .T. ) ;
#4163 = ADVANCED_FACE ( 'NONE', ( #3566 ), #29, .T. ) ;
#4164 = CARTESIAN_POINT ( 'NONE',  ( 12.50000000000000000, 2.778606591926445500, -12.50000000000000000 ) ) ;
#4165 = EDGE_CURVE ( 'NONE', #8012, #5261, #4276, .T. ) ;
#4166 = ORIENTED_EDGE ( 'NONE', *, *, #8068, .T. ) ;
#4167 = DIRECTION ( 'NONE',  ( -0.0000000000000000000, -1.000000000000000000, -0.0000000000000000000 ) ) ;
#4168 = VERTEX_POINT ( 'NONE', #4957 ) ;
#4169 = ORIENTED_EDGE ( 'NONE', *, *, #1271, .F. ) ;
#4170 = APPLICATION_CONTEXT ( 'configuration controlled 3d designs of mechanical parts and assemblies' ) ;
#4171 = ORIENTED_EDGE ( 'NONE', *, *, #660, .T. ) ;
#4172 = LINE ( 'NONE', #8168, #9719 ) ;
#4173 = ORIENTED_EDGE ( 'NONE', *, *, #9209, .T. ) ;
#4174 = AXIS2_PLACEMENT_3D ( 'NONE', #3791, #7663, #7523 ) ;
#4175 = ORIENTED_EDGE ( 'NONE', *, *, #4054, .F. ) ;
#4176 = DIRECTION ( 'NONE',  ( 1.000000000000000000, 0.0000000000000000000, 0.0000000000000000000 ) ) ;
#4177 = FACE_OUTER_BOUND ( 'NONE', #5448, .T. ) ;
#4178 = DIRECTION ( 'NONE',  ( 0.0000000000000000000, 0.0000000000000000000, 1.000000000000000000 ) ) ;
#4179 = CARTESIAN_POINT ( 'NONE',  ( -5.891456562198418300, 0.2500000000000002200, 10.04386887423049400 ) ) ;
#4180 = DIRECTION ( 'NONE',  ( -0.0000000000000000000, -0.0000000000000000000, -1.000000000000000000 ) ) ;
#4181 = AXIS2_PLACEMENT_3D ( 'NONE', #6962, #1584, #5583 ) ;
#4182 = DIRECTION ( 'NONE',  ( 0.0000000000000000000, 0.0000000000000000000, 1.000000000000000000 ) ) ;
#4183 = EDGE_CURVE ( 'NONE', #3202, #8964, #3684, .T. ) ;
#4184 = ORIENTED_EDGE ( 'NONE', *, *, #4388, .T. ) ;
#4185 = CARTESIAN_POINT ( 'NONE',  ( 4.500000000000002700, 6.792893218813461900, -10.00000000000000200 ) ) ;
#4186 = FACE_OUTER_BOUND ( 'NONE', #9352, .T. ) ;
#4187 = AXIS2_PLACEMENT_3D ( 'NONE', #4473, #7557, #1457 ) ;
#4188 = CARTESIAN_POINT ( 'NONE',  ( -2.100000000000000100, 5.499999999999998200, 9.900000000000000400 ) ) ;
#4189 = DIRECTION ( 'NONE',  ( -0.7071067811865482400, 0.7071067811865469100, -0.0000000000000000000 ) ) ;
#4190 = ORIENTED_EDGE ( 'NONE', *, *, #1594, .F. ) ;
#4191 = EDGE_CURVE ( 'NONE', #1349, #2243, #2267, .T. ) ;
#4192 = TOROIDAL_SURFACE ( 'NONE', #7416, 0.2500000000000000000, 0.2500000000000000000 ) ;
#4193 = CARTESIAN_POINT ( 'NONE',  ( -1.366094737331734300E-014, 5.250000000000013300, -19.75000000000000000 ) ) ;
#4194 = DIRECTION ( 'NONE',  ( -0.0000000000000000000, 0.0000000000000000000, 1.000000000000000000 ) ) ;
#4195 = DIRECTION ( 'NONE',  ( 1.000000000000000000, 8.673617379884004900E-016, -0.0000000000000000000 ) ) ;
#4196 = CARTESIAN_POINT ( 'NONE',  ( 7.279757018727605300, 5.467267279399631100, 12.50000000000000000 ) ) ;
#4197 = ORIENTED_EDGE ( 'NONE', *, *, #8930, .F. ) ;
#4198 = CARTESIAN_POINT ( 'NONE',  ( 2.792893218813457400, 8.499999999999998200, -10.24999999999999800 ) ) ;
#4199 = DIRECTION ( 'NONE',  ( 0.0000000000000000000, 0.0000000000000000000, -1.000000000000000000 ) ) ;
#4200 = VECTOR ( 'NONE', #8227, 1000.000000000000000 ) ;
#4201 = AXIS2_PLACEMENT_3D ( 'NONE', #5373, #8275, #6894 ) ;
#4202 = EDGE_CURVE ( 'NONE', #6601, #3078, #5819, .T. ) ;
#4203 = ORIENTED_EDGE ( 'NONE', *, *, #9177, .F. ) ;
#4204 = DIRECTION ( 'NONE',  ( 0.0000000000000000000, 0.0000000000000000000, 1.000000000000000000 ) ) ;
#4205 = EDGE_CURVE ( 'NONE', #7201, #616, #2402, .T. ) ;
#4206 = ADVANCED_FACE ( 'NONE', ( #9257 ), #9371, .T. ) ;
#4207 = CYLINDRICAL_SURFACE ( 'NONE', #5166, 0.2500000000000002200 ) ;
#4208 = DIRECTION ( 'NONE',  ( -2.602085213965201600E-015, 1.000000000000000000, 0.0000000000000000000 ) ) ;
#4209 = CIRCLE ( 'NONE', #6966, 0.5000000000000004400 ) ;
#4210 = DIRECTION ( 'NONE',  ( 0.7071067811865458000, 0.7071067811865492400, -1.226634733346695200E-015 ) ) ;
#4211 = DIRECTION ( 'NONE',  ( -0.9659258262890698700, -0.2588190451025151900, 0.0000000000000000000 ) ) ;
#4212 = ORIENTED_EDGE ( 'NONE', *, *, #3233, .T. ) ;
#4213 = TOROIDAL_SURFACE ( 'NONE', #8671, 0.2500000000000000000, 0.2500000000000000000 ) ;
#4214 = DIRECTION ( 'NONE',  ( 1.000000000000000000, 0.0000000000000000000, 0.0000000000000000000 ) ) ;
#4215 = CARTESIAN_POINT ( 'NONE',  ( 5.903882009040911400, 0.2433412231059212700, 0.05297125262151768800 ) ) ;
#4216 = DIRECTION ( 'NONE',  ( -0.0000000000000000000, -1.000000000000000000, -0.0000000000000000000 ) ) ;
#4217 = DIRECTION ( 'NONE',  ( 0.0000000000000000000, 0.0000000000000000000, 1.000000000000000000 ) ) ;
#4218 = CARTESIAN_POINT ( 'NONE',  ( -2.792893218813456500, 8.749999999999998200, 10.12500000000000000 ) ) ;
#4219 = EDGE_LOOP ( 'NONE', ( #6406, #8672, #1116, #7766 ) ) ;
#4220 = CIRCLE ( 'NONE', #8645, 2.749999999999999100 ) ;
#4221 = AXIS2_PLACEMENT_3D ( 'NONE', #8354, #9146, #3822 ) ;
#4222 = DIRECTION ( 'NONE',  ( -0.0000000000000000000, 0.0000000000000000000, 1.000000000000000000 ) ) ;
#4223 = ORIENTED_EDGE ( 'NONE', *, *, #9702, .F. ) ;
#4224 = DIRECTION ( 'NONE',  ( 0.0000000000000000000, 0.0000000000000000000, -1.000000000000000000 ) ) ;
#4225 = AXIS2_PLACEMENT_3D ( 'NONE', #9694, #3782, #7545 ) ;
#4226 = EDGE_CURVE ( 'NONE', #8849, #1969, #7844, .T. ) ;
#4227 = VERTEX_POINT ( 'NONE', #2033 ) ;
#4228 = CIRCLE ( 'NONE', #6697, 2.000000000000000000 ) ;
#4229 = VECTOR ( 'NONE', #419, 1000.000000000000000 ) ;
#4230 = ORIENTED_EDGE ( 'NONE', *, *, #4265, .T. ) ;
#4231 = DIRECTION ( 'NONE',  ( -2.602085213965201600E-015, 1.000000000000000000, 0.0000000000000000000 ) ) ;
#4232 = DIRECTION ( 'NONE',  ( -0.0000000000000000000, 1.000000000000000000, -0.0000000000000000000 ) ) ;
#4233 = ORIENTED_EDGE ( 'NONE', *, *, #6363, .F. ) ;
#4234 = AXIS2_PLACEMENT_3D ( 'NONE', #6815, #814, #2361 ) ;
#4235 = CARTESIAN_POINT ( 'NONE',  ( -4.750000000000000000, 5.500000000000000900, -0.2500000000000000000 ) ) ;
#4236 = DIRECTION ( 'NONE',  ( 1.000000000000000000, 0.0000000000000000000, 0.0000000000000000000 ) ) ;
#4237 = ORIENTED_EDGE ( 'NONE', *, *, #1624, .T. ) ;
#4238 = FACE_OUTER_BOUND ( 'NONE', #3532, .T. ) ;
#4239 = CIRCLE ( 'NONE', #8813, 0.09999999999999999200 ) ;
#4240 = DIRECTION ( 'NONE',  ( -0.0000000000000000000, -1.000000000000000000, -0.0000000000000000000 ) ) ;
#4241 = ORIENTED_EDGE ( 'NONE', *, *, #3369, .F. ) ;
#4242 = AXIS2_PLACEMENT_3D ( 'NONE', #7048, #4073, #6329 ) ;
#4243 = ORIENTED_EDGE ( 'NONE', *, *, #4832, .T. ) ;
#4244 = EDGE_CURVE ( 'NONE', #4480, #1810, #5346, .T. ) ;
#4245 = DIRECTION ( 'NONE',  ( 0.0000000000000000000, 0.0000000000000000000, -1.000000000000000000 ) ) ;
#4246 = DIRECTION ( 'NONE',  ( 0.0000000000000000000, 0.0000000000000000000, 1.000000000000000000 ) ) ;
#4247 = CIRCLE ( 'NONE', #2971, 2.000000000000000000 ) ;
#4248 = DIRECTION ( 'NONE',  ( 0.7071067811865475700, 0.7071067811865475700, 0.0000000000000000000 ) ) ;
#4249 = ORIENTED_EDGE ( 'NONE', *, *, #4852, .F. ) ;
#4250 = LINE ( 'NONE', #6239, #6732 ) ;
#4251 = VERTEX_POINT ( 'NONE', #5180 ) ;
#4252 = ADVANCED_FACE ( 'NONE', ( #3450 ), #1566, .T. ) ;
#4253 = CARTESIAN_POINT ( 'NONE',  ( 12.50000000000000000, 5.467267279399634600, 12.50000000000000000 ) ) ;
#4254 = CARTESIAN_POINT ( 'NONE',  ( 6.032913124396850800, 0.2500000000000000000, 20.00000000000000000 ) ) ;
#4255 = CARTESIAN_POINT ( 'NONE',  ( 6.000000000000003600, 0.0000000000000000000, 19.75000000000000000 ) ) ;
#4256 = ORIENTED_EDGE ( 'NONE', *, *, #4706, .T. ) ;
#4257 = CYLINDRICAL_SURFACE ( 'NONE', #6336, 0.2500000000000002200 ) ;
#4258 = ORIENTED_EDGE ( 'NONE', *, *, #6590, .T. ) ;
#4259 = AXIS2_PLACEMENT_3D ( 'NONE', #8625, #2541, #1129 ) ;
#4260 = AXIS2_PLACEMENT_3D ( 'NONE', #7283, #8823, #417 ) ;
#4261 = DIRECTION ( 'NONE',  ( -1.734723475976795500E-015, -1.000000000000000000, 0.0000000000000000000 ) ) ;
#4262 = EDGE_CURVE ( 'NONE', #1448, #595, #7363, .T. ) ;
#4263 = CARTESIAN_POINT ( 'NONE',  ( -19.74999999999999600, 4.792893218813452100, -19.75000000000000000 ) ) ;
#4264 = ORIENTED_EDGE ( 'NONE', *, *, #8648, .F. ) ;
#4265 = EDGE_CURVE ( 'NONE', #2037, #7912, #4172, .T. ) ;
#4266 = ORIENTED_EDGE ( 'NONE', *, *, #2454, .T. ) ;
#4267 = EDGE_LOOP ( 'NONE', ( #9104, #6442, #8735, #2224 ) ) ;
#4268 = TOROIDAL_SURFACE ( 'NONE', #794, 0.2500000000000000000, 0.2500000000000000000 ) ;
#4269 = CARTESIAN_POINT ( 'NONE',  ( 1.330407161568939100E-016, 5.499999999999998200, -19.49999999999998600 ) ) ;
#4270 = DIRECTION ( 'NONE',  ( 0.0000000000000000000, 0.0000000000000000000, -1.000000000000000000 ) ) ;
#4271 = ORIENTED_EDGE ( 'NONE', *, *, #3974, .T. ) ;
#4272 = ORIENTED_EDGE ( 'NONE', *, *, #9340, .F. ) ;
#4273 = CARTESIAN_POINT ( 'NONE',  ( 4.853553390593274800, 7.146446609406734900, -0.2500000000000002200 ) ) ;
#4274 = ORIENTED_EDGE ( 'NONE', *, *, #2638, .T. ) ;
#4275 = ORIENTED_EDGE ( 'NONE', *, *, #3095, .T. ) ;
#4276 = CIRCLE ( 'NONE', #4718, 0.09999999999999982500 ) ;
#4277 = ORIENTED_EDGE ( 'NONE', *, *, #9591, .F. ) ;
#4278 = ORIENTED_EDGE ( 'NONE', *, *, #2675, .T. ) ;
#4279 = EDGE_CURVE ( 'NONE', #7553, #6983, #1935, .T. ) ;
#4280 = TOROIDAL_SURFACE ( 'NONE', #3074, 5.294236988611992000, 0.1000000000000000100 ) ;
#4281 = VECTOR ( 'NONE', #2191, 1000.000000000000100 ) ;
#4282 = EDGE_CURVE ( 'NONE', #9232, #4043, #6189, .T. ) ;
#4283 = CARTESIAN_POINT ( 'NONE',  ( 1.499999999999984200, 5.499999999999998200, -20.00000000000000000 ) ) ;
#4284 = CARTESIAN_POINT ( 'NONE',  ( 12.50000000000000000, 2.711339312526813900, -9.750000000000001800 ) ) ;
#4285 = AXIS2_PLACEMENT_3D ( 'NONE', #5808, #2812, #4248 ) ;
#4286 = EDGE_LOOP ( 'NONE', ( #9455, #4118, #8519, #2240 ) ) ;
#4287 = ORIENTED_EDGE ( 'NONE', *, *, #3369, .T. ) ;
#4288 = CARTESIAN_POINT ( 'NONE',  ( 9.757819552369468900E-015, 5.250000000000013300, 10.00000000000000000 ) ) ;
#4289 = CIRCLE ( 'NONE', #9259, 0.2500000000000002200 ) ;
#4290 = DIRECTION ( 'NONE',  ( 1.000000000000000000, 2.602085213965201600E-015, 0.0000000000000000000 ) ) ;
#4291 = AXIS2_PLACEMENT_3D ( 'NONE', #2833, #7263, #3502 ) ;
#4292 = EDGE_LOOP ( 'NONE', ( #4169, #7119, #169, #1486 ) ) ;
#4293 = DIRECTION ( 'NONE',  ( -0.0000000000000000000, -0.0000000000000000000, 1.000000000000000000 ) ) ;
#4294 = DIRECTION ( 'NONE',  ( -1.224646799147353200E-016, 1.000000000000000000, 0.0000000000000000000 ) ) ;
#4295 = ADVANCED_FACE ( 'NONE', ( #8184 ), #7728, .F. ) ;
#4296 = CIRCLE ( 'NONE', #7291, 0.5000000000000004400 ) ;
#4297 = AXIS2_PLACEMENT_3D ( 'NONE', #9088, #8306, #7680 ) ;
#4298 = CARTESIAN_POINT ( 'NONE',  ( 1.330407161568939100E-016, 5.499999999999998200, 10.12500000000000000 ) ) ;
#4299 = EDGE_CURVE ( 'NONE', #1477, #5887, #9491, .T. ) ;
#4300 = CARTESIAN_POINT ( 'NONE',  ( 5.989959552787908600, 0.002690329722128821100, -9.728541104607050000 ) ) ;
#4301 = EDGE_LOOP ( 'NONE', ( #4531, #5781, #8176 ) ) ;
#4302 = AXIS2_PLACEMENT_3D ( 'NONE', #9411, #9385, #3381 ) ;
#4303 = CIRCLE ( 'NONE', #8293, 0.2500000000000002200 ) ;
#4304 = CARTESIAN_POINT ( 'NONE',  ( 2.969669914110093100, 8.676776695296634800, -9.874999999999998200 ) ) ;
#4305 = DIRECTION ( 'NONE',  ( 0.0000000000000000000, 1.000000000000000000, 0.0000000000000000000 ) ) ;
#4306 = MANIFOLD_SOLID_BREP ( 'Fillet8', #9784 ) ;
#4307 = ORIENTED_EDGE ( 'NONE', *, *, #9576, .F. ) ;
#4308 = CARTESIAN_POINT ( 'NONE',  ( 7.205763011388014200, 5.500000000000000000, -12.50000000000000000 ) ) ;
#4309 = EDGE_CURVE ( 'NONE', #7005, #7375, #1452, .T. ) ;
#4310 = DIRECTION ( 'NONE',  ( -0.7071067811865492400, 0.7071067811865458000, 0.0000000000000000000 ) ) ;
#4311 = VECTOR ( 'NONE', #2148, 1000.000000000000000 ) ;
#4312 = CARTESIAN_POINT ( 'NONE',  ( 1.330407161568939100E-016, 0.7499999999999978900, -9.624999999999998200 ) ) ;
#4313 = CARTESIAN_POINT ( 'NONE',  ( -6.000000000000001800, -1.734725280734508100E-015, 0.3080127018922178600 ) ) ;
#4314 = CIRCLE ( 'NONE', #8033, 2.000000000000000000 ) ;
#4315 = DIRECTION ( 'NONE',  ( -0.0000000000000000000, -1.000000000000000000, -0.0000000000000000000 ) ) ;
#4316 = DIRECTION ( 'NONE',  ( 8.673617379883997000E-016, -1.000000000000000000, 0.0000000000000000000 ) ) ;
#4317 = CARTESIAN_POINT ( 'NONE',  ( -2.969669914110093100, 8.676776695296634800, -19.75000000000000000 ) ) ;
#4318 = ORIENTED_EDGE ( 'NONE', *, *, #2930, .F. ) ;
#4319 = LINE ( 'NONE', #2776, #920 ) ;
#4320 = EDGE_CURVE ( 'NONE', #6722, #4461, #7251, .T. ) ;
#4321 = EDGE_LOOP ( 'NONE', ( #4249, #8984, #2324, #6433 ) ) ;
#4322 = VECTOR ( 'NONE', #3305, 1000.000000000000000 ) ;
#4323 = AXIS2_PLACEMENT_3D ( 'NONE', #7602, #3016, #3827 ) ;
#4324 = EDGE_CURVE ( 'NONE', #9599, #8759, #5223, .T. ) ;
#4325 = CARTESIAN_POINT ( 'NONE',  ( -4.750000000000000000, 6.792893218813454800, 10.00000000000000000 ) ) ;
#4326 = DIRECTION ( 'NONE',  ( -0.0000000000000000000, 0.0000000000000000000, 1.000000000000000000 ) ) ;
#4327 = DIRECTION ( 'NONE',  ( 8.673617379884004900E-016, -1.000000000000000000, 0.0000000000000000000 ) ) ;
#4328 = EDGE_CURVE ( 'NONE', #5088, #3043, #7524, .T. ) ;
#4329 = DIRECTION ( 'NONE',  ( -0.0000000000000000000, -0.0000000000000000000, -1.000000000000000000 ) ) ;
#4330 = EDGE_LOOP ( 'NONE', ( #1342, #5835, #1018, #7446 ) ) ;
#4331 = FACE_OUTER_BOUND ( 'NONE', #3744, .T. ) ;
#4332 = LINE ( 'NONE', #3029, #5043 ) ;
#4333 = DIRECTION ( 'NONE',  ( 0.0000000000000000000, 0.0000000000000000000, -1.000000000000000000 ) ) ;
#4334 = VERTEX_POINT ( 'NONE', #6702 ) ;
#4335 = VECTOR ( 'NONE', #894, 1000.000000000000000 ) ;
#4336 = FACE_OUTER_BOUND ( 'NONE', #4761, .T. ) ;
#4337 = DIRECTION ( 'NONE',  ( 0.7071067811865475700, 0.7071067811865475700, 0.0000000000000000000 ) ) ;
#4338 = ORIENTED_EDGE ( 'NONE', *, *, #511, .T. ) ;
#4339 = DIRECTION ( 'NONE',  ( -0.7071067811865491300, 0.7071067811865460200, -0.0000000000000000000 ) ) ;
#4340 = ORIENTED_EDGE ( 'NONE', *, *, #2547, .T. ) ;
#4341 = ADVANCED_FACE ( 'NONE', ( #1701 ), #2958, .T. ) ;
#4342 = CARTESIAN_POINT ( 'NONE',  ( -12.50000000000002700, 5.499999999999980500, 12.50000000000000000 ) ) ;
#4343 = CARTESIAN_POINT ( 'NONE',  ( -5.000000000000000000, 6.792893218813454800, -19.75000000000000000 ) ) ;
#4344 = CARTESIAN_POINT ( 'NONE',  ( 4.101061471818666400, 0.5000000000000001100, 10.37500000000000000 ) ) ;
#4345 = AXIS2_PLACEMENT_3D ( 'NONE', #4198, #7253, #5721 ) ;
#4346 = EDGE_LOOP ( 'NONE', ( #3184, #5458, #2216, #9449 ) ) ;
#4347 = FACE_OUTER_BOUND ( 'NONE', #7101, .T. ) ;
#4348 = LINE ( 'NONE', #4737, #7328 ) ;
#4349 = CARTESIAN_POINT ( 'NONE',  ( 7.205763011388014200, 5.399999999999999500, 12.50000000000000000 ) ) ;
#4350 = VERTEX_POINT ( 'NONE', #2865 ) ;
#4351 = ORIENTED_EDGE ( 'NONE', *, *, #847, .T. ) ;
#4352 = AXIS2_PLACEMENT_3D ( 'NONE', #1521, #6803, #6079 ) ;
#4353 = EDGE_CURVE ( 'NONE', #1540, #466, #4912, .T. ) ;
#4354 = TOROIDAL_SURFACE ( 'NONE', #986, 2.849999999999998800, 0.1000000000000000100 ) ;
#4355 = DIRECTION ( 'NONE',  ( 0.0000000000000000000, 0.0000000000000000000, -1.000000000000000000 ) ) ;
#4356 = VERTEX_POINT ( 'NONE', #6211 ) ;
#4357 = CIRCLE ( 'NONE', #5902, 0.2500000000000003300 ) ;
#4358 = CARTESIAN_POINT ( 'NONE',  ( -4.750000000000000000, 5.500000000000000900, -9.874999999999998200 ) ) ;
#4359 = ORIENTED_EDGE ( 'NONE', *, *, #9594, .T. ) ;
#4360 = AXIS2_PLACEMENT_3D ( 'NONE', #9564, #5026, #580 ) ;
#4361 = DIRECTION ( 'NONE',  ( 0.0000000000000000000, 0.0000000000000000000, -1.000000000000000000 ) ) ;
#4362 = ORIENTED_EDGE ( 'NONE', *, *, #3321, .F. ) ;
#4363 = VECTOR ( 'NONE', #5105, 999.9999999999998900 ) ;
#4364 = ORIENTED_EDGE ( 'NONE', *, *, #3693, .T. ) ;
#4365 = DIRECTION ( 'NONE',  ( -1.000000000000000000, 0.0000000000000000000, 0.0000000000000000000 ) ) ;
#4366 = CIRCLE ( 'NONE', #6778, 0.09999999999999939500 ) ;
#4367 = EDGE_LOOP ( 'NONE', ( #3673, #8144, #219, #5704 ) ) ;
#4368 = VECTOR ( 'NONE', #3677, 1000.000000000000000 ) ;
#4369 = AXIS2_PLACEMENT_3D ( 'NONE', #5174, #8443, #3904 ) ;
#4370 = ORIENTED_EDGE ( 'NONE', *, *, #4022, .F. ) ;
#4371 = EDGE_CURVE ( 'NONE', #404, #4763, #9709, .T. ) ;
#4372 = DIRECTION ( 'NONE',  ( 0.7071067811865475700, 0.7071067811865475700, 0.0000000000000000000 ) ) ;
#4373 = ORIENTED_EDGE ( 'NONE', *, *, #5158, .T. ) ;
#4374 = LINE ( 'NONE', #3605, #9589 ) ;
#4375 = DIRECTION ( 'NONE',  ( 0.0000000000000000000, 0.0000000000000000000, 1.000000000000000000 ) ) ;
#4376 = DIRECTION ( 'NONE',  ( -1.000000000000000000, 0.0000000000000000000, 0.0000000000000000000 ) ) ;
#4377 = DIRECTION ( 'NONE',  ( -1.000000000000000000, 0.0000000000000000000, 0.0000000000000000000 ) ) ;
#4378 = VERTEX_POINT ( 'NONE', #3038 ) ;
#4379 = ORIENTED_EDGE ( 'NONE', *, *, #421, .F. ) ;
#4380 = CARTESIAN_POINT ( 'NONE',  ( -5.989959552787900600, 0.002690329722127194800, -10.14645889539294600 ) ) ;
#4381 = DIRECTION ( 'NONE',  ( -0.0000000000000000000, -1.000000000000000000, -0.0000000000000000000 ) ) ;
#4382 = EDGE_LOOP ( 'NONE', ( #6896, #8063, #2487, #5798 ) ) ;
#4383 = AXIS2_PLACEMENT_3D ( 'NONE', #7688, #9302, #6312 ) ;
#4384 = ORIENTED_EDGE ( 'NONE', *, *, #4205, .T. ) ;
#4385 = CIRCLE ( 'NONE', #2916, 0.2500000000000002200 ) ;
#4386 = AXIS2_PLACEMENT_3D ( 'NONE', #6560, #8768, #447 ) ;
#4387 = DIRECTION ( 'NONE',  ( 0.0000000000000000000, 0.0000000000000000000, 1.000000000000000000 ) ) ;
#4388 = EDGE_CURVE ( 'NONE', #5067, #240, #2719, .T. ) ;
#4389 = CARTESIAN_POINT ( 'NONE',  ( -2.100000000000000100, 5.499999999999998200, -0.09999999999999939500 ) ) ;
#4390 = EDGE_CURVE ( 'NONE', #1181, #6055, #6174, .T. ) ;
#4391 = CARTESIAN_POINT ( 'NONE',  ( -4.853553390593274000, 7.146446609406727800, -0.2500000000000002200 ) ) ;
#4392 = ORIENTED_EDGE ( 'NONE', *, *, #3570, .T. ) ;
#4393 = ORIENTED_EDGE ( 'NONE', *, *, #4324, .T. ) ;
#4394 = ORIENTED_EDGE ( 'NONE', *, *, #2990, .F. ) ;
#4395 = DIRECTION ( 'NONE',  ( 1.000000000000000000, 0.0000000000000000000, 0.0000000000000000000 ) ) ;
#4396 = VERTEX_POINT ( 'NONE', #8486 ) ;
#4397 = VECTOR ( 'NONE', #7503, 1000.000000000000000 ) ;
#4398 = DIRECTION ( 'NONE',  ( 1.000000000000000000, 0.0000000000000000000, 0.0000000000000000000 ) ) ;
#4399 = DIRECTION ( 'NONE',  ( 0.7071067811865475700, -0.7071067811865475700, 0.0000000000000000000 ) ) ;
#4400 = DIRECTION ( 'NONE',  ( 0.0000000000000000000, 0.0000000000000000000, -1.000000000000000000 ) ) ;
#4401 = ADVANCED_FACE ( 'NONE', ( #6299 ), #7714, .F. ) ;
#4402 = DIRECTION ( 'NONE',  ( 8.237865840410914700E-017, 0.7399400733959433700, -0.6726727939963128600 ) ) ;
#4403 = ORIENTED_EDGE ( 'NONE', *, *, #7439, .F. ) ;
#4404 = ORIENTED_EDGE ( 'NONE', *, *, #4007, .T. ) ;
#4405 = CARTESIAN_POINT ( 'NONE',  ( -4.101061471818665500, 0.2500000000000001100, -20.00000000000000000 ) ) ;
#4406 = CARTESIAN_POINT ( 'NONE',  ( -5.000000000000000000, 5.500000000000000900, 20.00000000000000000 ) ) ;
#4407 = FACE_OUTER_BOUND ( 'NONE', #6617, .T. ) ;
#4408 = VERTEX_POINT ( 'NONE', #176 ) ;
#4409 = AXIS2_PLACEMENT_3D ( 'NONE', #3894, #6041, #3052 ) ;
#4410 = CARTESIAN_POINT ( 'NONE',  ( 4.750000000000000000, 5.499999999999998200, 10.00000000000000000 ) ) ;
#4411 = FACE_OUTER_BOUND ( 'NONE', #5853, .T. ) ;
#4412 = CARTESIAN_POINT ( 'NONE',  ( -2.792893218813456500, 8.499999999999998200, 9.750000000000000000 ) ) ;
#4413 = AXIS2_PLACEMENT_3D ( 'NONE', #7965, #7929, #4214 ) ;
#4414 = DIRECTION ( 'NONE',  ( 0.0000000000000000000, 0.0000000000000000000, 1.000000000000000000 ) ) ;
#4415 = ORIENTED_EDGE ( 'NONE', *, *, #5504, .T. ) ;
#4416 = CARTESIAN_POINT ( 'NONE',  ( 1.330407161568939100E-016, 0.5000000000000001100, -19.75000000000000000 ) ) ;
#4417 = LINE ( 'NONE', #7268, #55 ) ;
#4418 = AXIS2_PLACEMENT_3D ( 'NONE', #9773, #7562, #8398 ) ;
#4419 = DIRECTION ( 'NONE',  ( -0.7071067811865449100, -0.7071067811865501300, 0.0000000000000000000 ) ) ;
#4420 = DIRECTION ( 'NONE',  ( 1.734723475976795500E-015, 1.000000000000000000, -0.0000000000000000000 ) ) ;
#4421 = ORIENTED_EDGE ( 'NONE', *, *, #918, .T. ) ;
#4422 = AXIS2_PLACEMENT_3D ( 'NONE', #5116, #1360, #8067 ) ;
#4423 = EDGE_CURVE ( 'NONE', #345, #3664, #5698, .T. ) ;
#4424 = VECTOR ( 'NONE', #8948, 1000.000000000000100 ) ;
#4425 = CARTESIAN_POINT ( 'NONE',  ( -19.74999999999999600, 0.5000000000000000000, -20.00000000000000000 ) ) ;
#4426 = CARTESIAN_POINT ( 'NONE',  ( 0.0000000000000000000, 0.7500000000000001100, 20.00000000000000000 ) ) ;
#4427 = ORIENTED_EDGE ( 'NONE', *, *, #6376, .T. ) ;
#4428 = CARTESIAN_POINT ( 'NONE',  ( -7.279757018727650600, 5.467267279399611500, -12.50000000000000000 ) ) ;
#4429 = ORIENTED_EDGE ( 'NONE', *, *, #9559, .T. ) ;
#4430 = DIRECTION ( 'NONE',  ( 0.0000000000000000000, 0.0000000000000000000, 1.000000000000000000 ) ) ;
#4431 = VECTOR ( 'NONE', #9099, 1000.000000000000000 ) ;
#4432 = CIRCLE ( 'NONE', #2273, 5.220242981272376100 ) ;
#4433 = DIRECTION ( 'NONE',  ( 0.0000000000000000000, 0.0000000000000000000, 1.000000000000000000 ) ) ;
#4434 = AXIS2_PLACEMENT_3D ( 'NONE', #4926, #389, #2702 ) ;
#4435 = DIRECTION ( 'NONE',  ( 1.000000000000000000, 0.0000000000000000000, 0.0000000000000000000 ) ) ;
#4436 = EDGE_CURVE ( 'NONE', #4350, #989, #8177, .T. ) ;
#4437 = ADVANCED_FACE ( 'NONE', ( #726 ), #4614, .F. ) ;
#4438 = DIRECTION ( 'NONE',  ( 1.000000000000000000, 0.0000000000000000000, 0.0000000000000000000 ) ) ;
#4439 = CARTESIAN_POINT ( 'NONE',  ( -12.50000000000000000, 2.750000000000000900, 9.750000000000001800 ) ) ;
#4440 = EDGE_CURVE ( 'NONE', #9677, #6530, #1689, .T. ) ;
#4441 = ORIENTED_EDGE ( 'NONE', *, *, #8688, .T. ) ;
#4442 = CYLINDRICAL_SURFACE ( 'NONE', #677, 0.2499999999999998600 ) ;
#4443 = DIRECTION ( 'NONE',  ( -8.673617379883997000E-016, 1.000000000000000000, 0.0000000000000000000 ) ) ;
#4444 = CARTESIAN_POINT ( 'NONE',  ( -6.000000000000001800, -1.734725280734508100E-015, 20.00000000000000000 ) ) ;
#4445 = ORIENTED_EDGE ( 'NONE', *, *, #435, .T. ) ;
#4446 = CIRCLE ( 'NONE', #6144, 5.220242981272376100 ) ;
#4447 = CIRCLE ( 'NONE', #5213, 5.294236988611990200 ) ;
#4448 = AXIS2_PLACEMENT_3D ( 'NONE', #4235, #5635, #1121 ) ;
#4449 = CARTESIAN_POINT ( 'NONE',  ( 4.165766233094295500, 0.4914814565722677200, 10.37500000000000000 ) ) ;
#4450 = DIRECTION ( 'NONE',  ( -0.0000000000000000000, 0.0000000000000000000, 1.000000000000000000 ) ) ;
#4451 = DIRECTION ( 'NONE',  ( -2.602085213965201600E-015, 1.000000000000000000, 0.0000000000000000000 ) ) ;
#4452 = CARTESIAN_POINT ( 'NONE',  ( 2.000000000000000000, 5.499999999999998200, 19.50000000000000400 ) ) ;
#4453 = ORIENTED_EDGE ( 'NONE', *, *, #8339, .T. ) ;
#4454 = DIRECTION ( 'NONE',  ( -0.0000000000000000000, -0.0000000000000000000, -1.000000000000000000 ) ) ;
#4455 = CARTESIAN_POINT ( 'NONE',  ( 1.330407161568939100E-016, 5.499999999999998200, -20.00000000000000000 ) ) ;
#4456 = CARTESIAN_POINT ( 'NONE',  ( -7.279757018727650600, 5.467267279399611500, 12.50000000000000000 ) ) ;
#4457 = ORIENTED_EDGE ( 'NONE', *, *, #2178, .F. ) ;
#4458 = TOROIDAL_SURFACE ( 'NONE', #5639, 2.100000000000000100, 0.1000000000000000100 ) ;
#4459 = CIRCLE ( 'NONE', #4386, 0.4999999999999995600 ) ;
#4460 = EDGE_CURVE ( 'NONE', #7350, #4877, #4495, .T. ) ;
#4461 = VERTEX_POINT ( 'NONE', #3179 ) ;
#4462 = VERTEX_POINT ( 'NONE', #9097 ) ;
#4463 = DIRECTION ( 'NONE',  ( 0.0000000000000000000, 0.0000000000000000000, 1.000000000000000000 ) ) ;
#4464 = EDGE_CURVE ( 'NONE', #7689, #1477, #3080, .T. ) ;
#4465 = DIRECTION ( 'NONE',  ( 1.000000000000000000, -1.734723475976793300E-015, 0.0000000000000000000 ) ) ;
#4466 = VERTEX_POINT ( 'NONE', #6064 ) ;
#4467 = CIRCLE ( 'NONE', #4352, 0.2500000000000002200 ) ;
#4468 = FACE_OUTER_BOUND ( 'NONE', #8174, .T. ) ;
#4469 = VERTEX_POINT ( 'NONE', #2369 ) ;
#4470 = CARTESIAN_POINT ( 'NONE',  ( 5.891456562198428900, 0.2500000000000002200, 10.08113112576950400 ) ) ;
#4471 = ORIENTED_EDGE ( 'NONE', *, *, #5685, .T. ) ;
#4472 = AXIS2_PLACEMENT_3D ( 'NONE', #3913, #2491, #3947 ) ;
#4473 = CARTESIAN_POINT ( 'NONE',  ( -6.249999999999996400, 5.249999999999996400, 19.75000000000000000 ) ) ;
#4474 = DIRECTION ( 'NONE',  ( 1.000000000000000000, 0.0000000000000000000, -2.891205793294680300E-016 ) ) ;
#4475 = LINE ( 'NONE', #6912, #2371 ) ;
#4476 = EDGE_LOOP ( 'NONE', ( #6344, #9509, #152, #6104 ) ) ;
#4477 = FACE_OUTER_BOUND ( 'NONE', #1762, .T. ) ;
#4478 = ORIENTED_EDGE ( 'NONE', *, *, #9027, .T. ) ;
#4479 = AXIS2_PLACEMENT_3D ( 'NONE', #5550, #7188, #6377 ) ;
#4480 = VERTEX_POINT ( 'NONE', #6898 ) ;
#4481 = EDGE_CURVE ( 'NONE', #4112, #65, #7238, .T. ) ;
#4482 = CIRCLE ( 'NONE', #5244, 0.2500000000000002200 ) ;
#4483 = CARTESIAN_POINT ( 'NONE',  ( -2.792893218813456500, 8.499999999999998200, 10.37500000000000000 ) ) ;
#4484 = ORIENTED_EDGE ( 'NONE', *, *, #2301, .T. ) ;
#4485 = CARTESIAN_POINT ( 'NONE',  ( 2.792893218813457400, 9.000000000000000000, -0.2500000000000002200 ) ) ;
#4486 = DIRECTION ( 'NONE',  ( 0.0000000000000000000, 0.0000000000000000000, -1.000000000000000000 ) ) ;
#4487 = CARTESIAN_POINT ( 'NONE',  ( 5.000000000000002700, 6.792893218813461000, -10.24999999999999800 ) ) ;
#4488 = CARTESIAN_POINT ( 'NONE',  ( -5.999999999999996400, 5.249999999999996400, 19.75000000000000000 ) ) ;
#4489 = ADVANCED_FACE ( 'NONE', ( #4161 ), #1325, .T. ) ;
#4490 = VERTEX_POINT ( 'NONE', #1847 ) ;
#4491 = AXIS2_PLACEMENT_3D ( 'NONE', #2676, #7979, #6951 ) ;
#4492 = DIRECTION ( 'NONE',  ( 0.0000000000000000000, 0.0000000000000000000, 1.000000000000000000 ) ) ;
#4493 = ORIENTED_EDGE ( 'NONE', *, *, #3432, .T. ) ;
#4494 = ORIENTED_EDGE ( 'NONE', *, *, #3183, .T. ) ;
#4495 = CIRCLE ( 'NONE', #2791, 0.2500000000000002200 ) ;
#4496 = DIRECTION ( 'NONE',  ( 0.0000000000000000000, 0.0000000000000000000, -1.000000000000000000 ) ) ;
#4497 = CARTESIAN_POINT ( 'NONE',  ( 6.000000000000003600, -2.168404344971008900E-016, 19.75000000000000000 ) ) ;
#4498 = AXIS2_PLACEMENT_3D ( 'NONE', #1743, #5538, #4012 ) ;
#4499 = CARTESIAN_POINT ( 'NONE',  ( -4.676776695296636500, 6.969669914110091300, -9.624999999999998200 ) ) ;
#4500 = EDGE_CURVE ( 'NONE', #1900, #3446, #3440, .T. ) ;
#4501 = VERTEX_POINT ( 'NONE', #3345 ) ;
#4502 = ORIENTED_EDGE ( 'NONE', *, *, #8839, .T. ) ;
#4503 = EDGE_LOOP ( 'NONE', ( #6270, #2352, #8752, #491 ) ) ;
#4504 = CARTESIAN_POINT ( 'NONE',  ( 5.750000000000003600, 0.3258063432103001100, 0.0000000000000000000 ) ) ;
#4505 = ORIENTED_EDGE ( 'NONE', *, *, #4244, .T. ) ;
#4506 = CIRCLE ( 'NONE', #8644, 2.100000000000000100 ) ;
#4507 = CARTESIAN_POINT ( 'NONE',  ( 5.997017666293089600, 0.0007991139083280000100, -0.1615923346430029300 ) ) ;
#4508 = DIRECTION ( 'NONE',  ( 8.673617379884004900E-016, -1.000000000000000000, 0.0000000000000000000 ) ) ;
#4509 = DIRECTION ( 'NONE',  ( 0.7071067811865490200, -0.7071067811865460200, 0.0000000000000000000 ) ) ;
#4511 = VERTEX_POINT ( 'NONE', #2534 ) ;
#4510 = EDGE_CURVE ( 'NONE', #5927, #5903, #6884, .T. ) ;
#4512 = ORIENTED_EDGE ( 'NONE', *, *, #5064, .F. ) ;
#4513 = AXIS2_PLACEMENT_3D ( 'NONE', #2869, #614, #3637 ) ;
#4514 = DIRECTION ( 'NONE',  ( 0.2588190451025151300, -0.9659258262890698700, 0.0000000000000000000 ) ) ;
#4515 = VECTOR ( 'NONE', #3567, 1000.000000000000100 ) ;
#4516 = EDGE_CURVE ( 'NONE', #8423, #132, #984, .T. ) ;
#4517 = CARTESIAN_POINT ( 'NONE',  ( 4.676776695296637400, 6.969669914110096600, 0.0000000000000000000 ) ) ;
#4518 = FACE_OUTER_BOUND ( 'NONE', #9387, .T. ) ;
#4519 = EDGE_CURVE ( 'NONE', #977, #4096, #3675, .T. ) ;
#4520 = DIRECTION ( 'NONE',  ( 0.0000000000000000000, 0.7399400733959433700, 0.6726727939963128600 ) ) ;
#4521 = VERTEX_POINT ( 'NONE', #8524 ) ;
#4522 = DIRECTION ( 'NONE',  ( 0.0000000000000000000, 0.0000000000000000000, 1.000000000000000000 ) ) ;
#4523 = ORIENTED_EDGE ( 'NONE', *, *, #2111, .F. ) ;
#4524 = CARTESIAN_POINT ( 'NONE',  ( -5.249999999999998200, 5.249999999999999100, 10.00000000000000000 ) ) ;
#4525 = DIRECTION ( 'NONE',  ( 0.0000000000000000000, -0.0000000000000000000, -1.000000000000000000 ) ) ;
#4526 = DIRECTION ( 'NONE',  ( 0.0000000000000000000, 0.0000000000000000000, -1.000000000000000000 ) ) ;
#4527 = VECTOR ( 'NONE', #62, 1000.000000000000000 ) ;
#4528 = CARTESIAN_POINT ( 'NONE',  ( 1.330407161568939100E-016, 5.499999999999998200, 20.00000000000000000 ) ) ;
#4529 = CARTESIAN_POINT ( 'NONE',  ( 5.989959552787908600, 0.002690329722128821100, -9.728541104607050000 ) ) ;
#4530 = ADVANCED_FACE ( 'NONE', ( #8991 ), #617, .F. ) ;
#4531 = ORIENTED_EDGE ( 'NONE', *, *, #6779, .F. ) ;
#4532 = DIRECTION ( 'NONE',  ( -0.7071067811865475700, -0.7071067811865475700, -0.0000000000000000000 ) ) ;
#4533 = CYLINDRICAL_SURFACE ( 'NONE', #3355, 0.2500000000000003300 ) ;
#4534 = DIRECTION ( 'NONE',  ( 0.0000000000000000000, -0.0000000000000000000, 1.000000000000000000 ) ) ;
#4535 = AXIS2_PLACEMENT_3D ( 'NONE', #5750, #4222, #7312 ) ;
#4536 = DIRECTION ( 'NONE',  ( 1.000000000000000000, 0.0000000000000000000, 0.0000000000000000000 ) ) ;
#4537 = VERTEX_POINT ( 'NONE', #6342 ) ;
#4538 = DIRECTION ( 'NONE',  ( 0.7071067811865444600, 0.7071067811865504600, 0.0000000000000000000 ) ) ;
#4539 = ADVANCED_FACE ( 'NONE', ( #6525 ), #1089, .F. ) ;
#4540 = DIRECTION ( 'NONE',  ( -0.0000000000000000000, -0.0000000000000000000, 1.000000000000000000 ) ) ;
#4541 = CARTESIAN_POINT ( 'NONE',  ( -5.685295238724368300, 0.08432488663803072700, 10.00000000000000000 ) ) ;
#4542 = DIRECTION ( 'NONE',  ( -0.7071067811865460200, -0.7071067811865490200, 0.0000000000000000000 ) ) ;
#4543 = VECTOR ( 'NONE', #7136, 1000.000000000000100 ) ;
#4544 = AXIS2_PLACEMENT_3D ( 'NONE', #1069, #1801, #3331 ) ;
#4545 = EDGE_CURVE ( 'NONE', #8637, #7201, #2503, .T. ) ;
#4546 = DIRECTION ( 'NONE',  ( 1.000000000000000000, 0.0000000000000000000, -0.0000000000000000000 ) ) ;
#4547 = DIRECTION ( 'NONE',  ( 1.000000000000000000, 8.673617379884004900E-016, 0.0000000000000000000 ) ) ;
#4548 = DIRECTION ( 'NONE',  ( 1.000000000000000000, -0.0000000000000000000, 1.224646799147353200E-016 ) ) ;
#4549 = EDGE_LOOP ( 'NONE', ( #3197, #1097, #2069, #5452 ) ) ;
#4550 = CARTESIAN_POINT ( 'NONE',  ( -3.000000000000011500, 9.000000000000000000, -10.24999999999999800 ) ) ;
#4551 = LINE ( 'NONE', #506, #320 ) ;
#4552 = VERTEX_POINT ( 'NONE', #8616 ) ;
#4553 = AXIS2_PLACEMENT_3D ( 'NONE', #4406, #6654, #5128 ) ;
#4554 = CYLINDRICAL_SURFACE ( 'NONE', #5634, 0.2500000000000002200 ) ;
#4555 = CARTESIAN_POINT ( 'NONE',  ( -2.792893218813456500, 8.749999999999998200, 0.3750000000000001100 ) ) ;
#4556 = DIRECTION ( 'NONE',  ( 0.0000000000000000000, 0.0000000000000000000, -1.000000000000000000 ) ) ;
#4557 = CARTESIAN_POINT ( 'NONE',  ( -5.823223304703362600, 5.823223304703362600, -20.00000000000000000 ) ) ;
#4558 = CARTESIAN_POINT ( 'NONE',  ( 4.750000000000000900, 5.749999999999998200, 10.12500000000000000 ) ) ;
#4559 = DIRECTION ( 'NONE',  ( 0.0000000000000000000, 0.0000000000000000000, -1.000000000000000000 ) ) ;
#4560 = AXIS2_PLACEMENT_3D ( 'NONE', #565, #2863, #5884 ) ;
#4561 = CARTESIAN_POINT ( 'NONE',  ( -5.989959552787900600, 0.002690329722127194800, -10.14645889539294600 ) ) ;
#4562 = EDGE_CURVE ( 'NONE', #2509, #3762, #2147, .T. ) ;
#4563 = DIRECTION ( 'NONE',  ( 0.0000000000000000000, -1.000000000000000000, 0.0000000000000000000 ) ) ;
#4564 = ORIENTED_EDGE ( 'NONE', *, *, #8127, .F. ) ;
#4565 = CYLINDRICAL_SURFACE ( 'NONE', #8421, 0.5000000000000004400 ) ;
#4566 = CARTESIAN_POINT ( 'NONE',  ( 20.00000000000000400, 4.792893218813453900, -19.75000000000000000 ) ) ;
#4567 = DIRECTION ( 'NONE',  ( -0.0000000000000000000, -0.0000000000000000000, 1.000000000000000000 ) ) ;
#4568 = CARTESIAN_POINT ( 'NONE',  ( -2.100000000000000100, 5.499999999999998200, -20.00000000000000400 ) ) ;
#4569 = VERTEX_POINT ( 'NONE', #7762 ) ;
#4570 = VECTOR ( 'NONE', #5867, 1000.000000000000000 ) ;
#4571 = DATE_AND_TIME ( #3624, #8121 ) ;
#4572 = AXIS2_PLACEMENT_3D ( 'NONE', #7031, #4785, #5540 ) ;
#4573 = AXIS2_PLACEMENT_3D ( 'NONE', #6492, #7951, #6527 ) ;
#4574 = DIRECTION ( 'NONE',  ( -1.000000000000000000, -0.0000000000000000000, -0.0000000000000000000 ) ) ;
#4575 = CYLINDRICAL_SURFACE ( 'NONE', #743, 0.2499999999999998900 ) ;
#4576 = EDGE_CURVE ( 'NONE', #8738, #3815, #8764, .T. ) ;
#4577 = CARTESIAN_POINT ( 'NONE',  ( -19.49999999999999600, 4.792893218813452100, 19.75000000000000000 ) ) ;
#4578 = DIRECTION ( 'NONE',  ( -1.000000000000000000, 0.0000000000000000000, 0.0000000000000000000 ) ) ;
#4579 = EDGE_CURVE ( 'NONE', #9126, #2037, #3203, .T. ) ;
#4580 = DIRECTION ( 'NONE',  ( -2.602085213965201600E-015, 1.000000000000000000, 0.0000000000000000000 ) ) ;
#4581 = ADVANCED_FACE ( 'NONE', ( #156 ), #9119, .F. ) ;
#4582 = CARTESIAN_POINT ( 'NONE',  ( -4.853553390593274000, 7.146446609406727800, 10.37500000000000000 ) ) ;
#4583 = ORIENTED_EDGE ( 'NONE', *, *, #2717, .F. ) ;
#4584 = CIRCLE ( 'NONE', #6004, 0.2500000000000002200 ) ;
#4585 = FACE_OUTER_BOUND ( 'NONE', #8819, .T. ) ;
#4586 = CARTESIAN_POINT ( 'NONE',  ( 4.101061471818666400, 0.5000000000000001100, 20.00000000000000000 ) ) ;
#4587 = ORIENTED_EDGE ( 'NONE', *, *, #6660, .F. ) ;
#4588 = CARTESIAN_POINT ( 'NONE',  ( 6.250000000000002700, 5.499999999999999100, 0.2500000000000002200 ) ) ;
#4589 = ORIENTED_EDGE ( 'NONE', *, *, #7441, .T. ) ;
#4590 = DIRECTION ( 'NONE',  ( 0.9659258262890697600, -0.2588190451025159700, 0.0000000000000000000 ) ) ;
#4591 = DIRECTION ( 'NONE',  ( 0.0000000000000000000, 0.0000000000000000000, -1.000000000000000000 ) ) ;
#4592 = DIRECTION ( 'NONE',  ( 0.0000000000000000000, 0.0000000000000000000, -1.000000000000000000 ) ) ;
#4593 = ORIENTED_EDGE ( 'NONE', *, *, #5257, .F. ) ;
#4594 = CIRCLE ( 'NONE', #3344, 0.2500000000000000600 ) ;
#4595 = CIRCLE ( 'NONE', #2105, 0.2500000000000003300 ) ;
#4596 = DIRECTION ( 'NONE',  ( 0.0000000000000000000, 0.0000000000000000000, 1.000000000000000000 ) ) ;
#4597 = CARTESIAN_POINT ( 'NONE',  ( -5.685295238724368300, 0.08432488663803072700, -9.999999999999998200 ) ) ;
#4598 = ORIENTED_EDGE ( 'NONE', *, *, #3118, .F. ) ;
#4599 = ADVANCED_FACE ( 'NONE', ( #495 ), #4268, .T. ) ;
#4600 = CARTESIAN_POINT ( 'NONE',  ( -5.993871159241439100, 0.001642217931793214700, 9.847625181734516200 ) ) ;
#4601 = ORIENTED_EDGE ( 'NONE', *, *, #8301, .T. ) ;
#4602 = DIRECTION ( 'NONE',  ( 0.0000000000000000000, 0.0000000000000000000, -1.000000000000000000 ) ) ;
#4603 = CARTESIAN_POINT ( 'NONE',  ( -12.50000000000000000, 0.0000000000000000000, -12.50000000000000000 ) ) ;
#4604 = VECTOR ( 'NONE', #5747, 1000.000000000000000 ) ;
#4605 = AXIS2_PLACEMENT_3D ( 'NONE', #4975, #4339, #6689 ) ;
#4606 = VERTEX_POINT ( 'NONE', #4962 ) ;
#4607 = VECTOR ( 'NONE', #1299, 1000.000000000000000 ) ;
#4608 = EDGE_LOOP ( 'NONE', ( #8973, #8532, #7963, #1863, #7886 ) ) ;
#4609 = CARTESIAN_POINT ( 'NONE',  ( 2.100000000000000100, 5.499999999999998200, 0.2249999999999995100 ) ) ;
#4610 = ORIENTED_EDGE ( 'NONE', *, *, #4674, .T. ) ;
#4611 = ADVANCED_FACE ( 'NONE', ( #9482 ), #4972, .F. ) ;
#4612 = FACE_OUTER_BOUND ( 'NONE', #1024, .T. ) ;
#4613 = AXIS2_PLACEMENT_3D ( 'NONE', #6076, #2991, #6800 ) ;
#4614 = PLANE ( 'NONE',  #6374 ) ;
#4615 = CYLINDRICAL_SURFACE ( 'NONE', #6470, 0.2500000000000002200 ) ;
#4616 = CARTESIAN_POINT ( 'NONE',  ( -2.000000000000000000, 5.499999999999998200, 19.50000000000000400 ) ) ;
#4617 = CARTESIAN_POINT ( 'NONE',  ( 6.000000000000003600, 0.0000000000000000000, -19.75000000000000000 ) ) ;
#4618 = VERTEX_POINT ( 'NONE', #1150 ) ;
#4619 = FACE_OUTER_BOUND ( 'NONE', #6111, .T. ) ;
#4620 = CARTESIAN_POINT ( 'NONE',  ( -12.50000000000002700, 5.467267279399611500, 12.50000000000000000 ) ) ;
#4621 = DIRECTION ( 'NONE',  ( 8.673617379883997000E-016, -1.000000000000000000, 0.0000000000000000000 ) ) ;
#4622 = VERTEX_POINT ( 'NONE', #4273 ) ;
#4623 = AXIS2_PLACEMENT_3D ( 'NONE', #797, #4548, #6139 ) ;
#4624 = VERTEX_POINT ( 'NONE', #2652 ) ;
#4625 = FACE_OUTER_BOUND ( 'NONE', #6652, .T. ) ;
#4626 = DIRECTION ( 'NONE',  ( 0.0000000000000000000, 0.0000000000000000000, -1.000000000000000000 ) ) ;
#4627 = DIRECTION ( 'NONE',  ( 0.0000000000000000000, 0.0000000000000000000, 1.000000000000000000 ) ) ;
#4628 = CARTESIAN_POINT ( 'NONE',  ( -4.676776695296637400, 6.969669914110092200, -20.00000000000000000 ) ) ;
#4629 = EDGE_LOOP ( 'NONE', ( #1233, #4589, #2626, #7183, #8029, #6632, #3573, #7596, #1630, #6947, #4038, #6140, #500, #1371, #6773, #3209 ) ) ;
#4630 = AXIS2_PLACEMENT_3D ( 'NONE', #7396, #2109, #6823 ) ;
#4631 = ORIENTED_EDGE ( 'NONE', *, *, #56, .T. ) ;
#4632 = EDGE_LOOP ( 'NONE', ( #7829, #3310, #3683, #4478 ) ) ;
#4633 = EDGE_CURVE ( 'NONE', #1778, #3287, #3329, .T. ) ;
#4634 = CARTESIAN_POINT ( 'NONE',  ( 4.750000000000002700, 6.792893218813461000, 0.0000000000000000000 ) ) ;
#4635 = DIRECTION ( 'NONE',  ( 1.000000000000000000, -0.0000000000000000000, 0.0000000000000000000 ) ) ;
#4636 = CARTESIAN_POINT ( 'NONE',  ( -4.676776695296637400, 6.969669914110092200, 10.00000000000000000 ) ) ;
#4637 = ORIENTED_EDGE ( 'NONE', *, *, #1744, .T. ) ;
#4638 = VECTOR ( 'NONE', #4402, 1000.000000000000000 ) ;
#4639 = CARTESIAN_POINT ( 'NONE',  ( -12.50000000000000000, 2.750000000000000900, 15.25000000000000000 ) ) ;
#4640 = ADVANCED_FACE ( 'NONE', ( #5464 ), #8544, .T. ) ;
#4641 = ORIENTED_EDGE ( 'NONE', *, *, #9339, .T. ) ;
#4642 = ORIENTED_EDGE ( 'NONE', *, *, #2625, .T. ) ;
#4643 = DIRECTION ( 'NONE',  ( -0.0000000000000000000, -0.0000000000000000000, -1.000000000000000000 ) ) ;
#4644 = EDGE_LOOP ( 'NONE', ( #5633, #7590 ) ) ;
#4645 = CARTESIAN_POINT ( 'NONE',  ( 4.676776695296637400, 6.969669914110097500, -9.874999999999998200 ) ) ;
#4646 = ORIENTED_EDGE ( 'NONE', *, *, #6581, .T. ) ;
#4647 = CARTESIAN_POINT ( 'NONE',  ( -3.146446609406730500, 8.853553390593271300, 20.00000000000000000 ) ) ;
#4648 = CIRCLE ( 'NONE', #6600, 5.220242981272396500 ) ;
#4649 = AXIS2_PLACEMENT_3D ( 'NONE', #7936, #5599, #4893 ) ;
#4650 = CARTESIAN_POINT ( 'NONE',  ( 9.757819552369470500E-015, 5.250000000000013300, 0.1250000000000001100 ) ) ;
#4651 = EDGE_CURVE ( 'NONE', #3054, #9768, #7468, .T. ) ;
#4652 = PLANE ( 'NONE',  #7825 ) ;
#4653 = ORIENTED_EDGE ( 'NONE', *, *, #4299, .T. ) ;
#4654 = ORIENTED_EDGE ( 'NONE', *, *, #4579, .F. ) ;
#4655 = CARTESIAN_POINT ( 'NONE',  ( 3.146446609406729600, 8.853553390593273100, -9.624999999999998200 ) ) ;
#4656 = ADVANCED_FACE ( 'NONE', ( #1443 ), #5212, .T. ) ;
#4657 = VECTOR ( 'NONE', #5003, 1000.000000000000000 ) ;
#4658 = CARTESIAN_POINT ( 'NONE',  ( -17.72024298127239900, 5.467267279399611500, -12.50000000000000000 ) ) ;
#4659 = DIRECTION ( 'NONE',  ( 1.000000000000000000, 0.0000000000000000000, 0.0000000000000000000 ) ) ;
#4660 = EDGE_CURVE ( 'NONE', #6618, #2734, #1210, .T. ) ;
#4661 = CARTESIAN_POINT ( 'NONE',  ( -5.749999999999996400, 0.3258063432102992800, -9.999999999999998200 ) ) ;
#4662 = AXIS2_PLACEMENT_3D ( 'NONE', #4996, #8798, #2006 ) ;
#4663 = DIRECTION ( 'NONE',  ( 8.673617379884004900E-016, -1.000000000000000000, 0.0000000000000000000 ) ) ;
#4664 = VERTEX_POINT ( 'NONE', #4930 ) ;
#4665 = EDGE_CURVE ( 'NONE', #9648, #702, #6745, .T. ) ;
#4666 = EDGE_CURVE ( 'NONE', #9008, #9422, #7124, .T. ) ;
#4667 = CC_DESIGN_APPROVAL ( #7069, ( #428 ) ) ;
#4668 = CYLINDRICAL_SURFACE ( 'NONE', #4825, 0.2500000000000002200 ) ;
#4669 = ADVANCED_FACE ( 'NONE', ( #2947 ), #5098, .F. ) ;
#4670 = CARTESIAN_POINT ( 'NONE',  ( 4.500000000000002700, 6.792893218813461900, 19.75000000000000000 ) ) ;
#4671 = DIRECTION ( 'NONE',  ( -1.000000000000000000, 0.0000000000000000000, 0.0000000000000000000 ) ) ;
#4672 = ORIENTED_EDGE ( 'NONE', *, *, #7985, .T. ) ;
#4673 = CARTESIAN_POINT ( 'NONE',  ( 3.252606517456507000E-015, 5.249999999999993800, -9.624999999999998200 ) ) ;
#4674 = EDGE_CURVE ( 'NONE', #1308, #9102, #4756, .T. ) ;
#4675 = DIRECTION ( 'NONE',  ( 0.7071067811865474600, 0.7071067811865474600, -2.044391222244499600E-016 ) ) ;
#4676 = FACE_OUTER_BOUND ( 'NONE', #9280, .T. ) ;
#4677 = EDGE_CURVE ( 'NONE', #8283, #5463, #8884, .T. ) ;
#4678 = CARTESIAN_POINT ( 'NONE',  ( 0.0000000000000000000, 0.7500000000000001100, 19.75000000000000000 ) ) ;
#4679 = CARTESIAN_POINT ( 'NONE',  ( 4.101061471818666400, 0.7500000000000006700, -0.2500000000000000000 ) ) ;
#4680 = ORIENTED_EDGE ( 'NONE', *, *, #2535, .T. ) ;
#4681 = DIRECTION ( 'NONE',  ( 0.0000000000000000000, 0.0000000000000000000, 1.000000000000000000 ) ) ;
#4682 = CARTESIAN_POINT ( 'NONE',  ( 5.750000000000003600, 9.000000000000000000, -10.12499999999999800 ) ) ;
#4683 = CIRCLE ( 'NONE', #9172, 0.2500000000000002200 ) ;
#4684 = AXIS2_PLACEMENT_3D ( 'NONE', #2329, #8344, #7549 ) ;
#4685 = CARTESIAN_POINT ( 'NONE',  ( -1.500000000000004700, 5.499999999999998200, 20.00000000000000000 ) ) ;
#4686 = PLANE ( 'NONE',  #2945 ) ;
#4687 = DIRECTION ( 'NONE',  ( -1.000000000000000000, 0.0000000000000000000, 0.0000000000000000000 ) ) ;
#4688 = ORIENTED_EDGE ( 'NONE', *, *, #1691, .T. ) ;
#4689 = DIRECTION ( 'NONE',  ( 1.000000000000000000, 0.0000000000000000000, 0.0000000000000000000 ) ) ;
#4690 = ADVANCED_FACE ( 'NONE', ( #860 ), #2840, .T. ) ;
#4691 = LINE ( 'NONE', #6780, #5140 ) ;
#4692 = AXIS2_PLACEMENT_3D ( 'NONE', #924, #8595, #6321 ) ;
#4693 = EDGE_CURVE ( 'NONE', #1079, #5370, #8665, .T. ) ;
#4694 = CIRCLE ( 'NONE', #9376, 0.2500000000000002200 ) ;
#4695 = DIRECTION ( 'NONE',  ( -0.0000000000000000000, -0.0000000000000000000, -1.000000000000000000 ) ) ;
#4696 = DIRECTION ( 'NONE',  ( -0.0000000000000000000, -0.0000000000000000000, 1.000000000000000000 ) ) ;
#4697 = DIRECTION ( 'NONE',  ( 0.0000000000000000000, 0.0000000000000000000, 1.000000000000000000 ) ) ;
#4698 = AXIS2_PLACEMENT_3D ( 'NONE', #3192, #6935, #8492 ) ;
#4699 = ORIENTED_EDGE ( 'NONE', *, *, #4665, .T. ) ;
#4700 = LINE ( 'NONE', #1204, #1982 ) ;
#4701 = DIRECTION ( 'NONE',  ( 1.000000000000000000, -0.0000000000000000000, 0.0000000000000000000 ) ) ;
#4702 = CARTESIAN_POINT ( 'NONE',  ( -2.000000000000000000, 5.499999999999998200, 20.00000000000000000 ) ) ;
#4703 = ADVANCED_FACE ( 'NONE', ( #3927 ), #1103, .T. ) ;
#4704 = AXIS2_PLACEMENT_3D ( 'NONE', #9399, #9301, #7029 ) ;
#4705 = DIRECTION ( 'NONE',  ( 0.0000000000000000000, -1.000000000000000000, 0.0000000000000000000 ) ) ;
#4706 = EDGE_CURVE ( 'NONE', #5275, #7631, #7946, .T. ) ;
#4707 = CARTESIAN_POINT ( 'NONE',  ( 2.969669914110093500, 8.676776695296634800, 9.750000000000000000 ) ) ;
#4708 = PLANE ( 'NONE',  #6086 ) ;
#4709 = ORIENTED_EDGE ( 'NONE', *, *, #5083, .T. ) ;
#4710 = CIRCLE ( 'NONE', #6649, 0.2500000000000002200 ) ;
#4711 = FACE_OUTER_BOUND ( 'NONE', #502, .T. ) ;
#4712 = DIRECTION ( 'NONE',  ( 0.0000000000000000000, 0.0000000000000000000, 1.000000000000000000 ) ) ;
#4713 = CARTESIAN_POINT ( 'NONE',  ( 4.500000000000002700, 6.792893218813461900, 20.00000000000000000 ) ) ;
#4714 = CARTESIAN_POINT ( 'NONE',  ( 1.330407161568939100E-016, 5.499999999999998200, 20.00000000000000000 ) ) ;
#4715 = FACE_OUTER_BOUND ( 'NONE', #1419, .T. ) ;
#4716 = CARTESIAN_POINT ( 'NONE',  ( 2.053208609892604900E-016, 0.7499999999999978900, -10.00000000000000000 ) ) ;
#4717 = ADVANCED_FACE ( 'NONE', ( #9242 ), #6419, .T. ) ;
#4718 = AXIS2_PLACEMENT_3D ( 'NONE', #515, #4294, #2737 ) ;
#4719 = ORIENTED_EDGE ( 'NONE', *, *, #7855, .F. ) ;
#4720 = LINE ( 'NONE', #9666, #2688 ) ;
#4721 = FACE_OUTER_BOUND ( 'NONE', #1835, .T. ) ;
#4722 = AXIS2_PLACEMENT_3D ( 'NONE', #8513, #9273, #1741 ) ;
#4723 = ORIENTED_EDGE ( 'NONE', *, *, #7373, .F. ) ;
#4724 = EDGE_CURVE ( 'NONE', #5139, #3552, #8424, .T. ) ;
#4725 = CARTESIAN_POINT ( 'NONE',  ( 12.50000000000000000, 5.467267279399634600, 12.50000000000000000 ) ) ;
#4726 = EDGE_CURVE ( 'NONE', #8475, #5697, #1926, .T. ) ;
#4727 = ORIENTED_EDGE ( 'NONE', *, *, #5083, .F. ) ;
#4728 = DIRECTION ( 'NONE',  ( 0.0000000000000000000, 0.0000000000000000000, -1.000000000000000000 ) ) ;
#4729 = DIRECTION ( 'NONE',  ( -1.000000000000000000, 0.0000000000000000000, 0.0000000000000000000 ) ) ;
#4730 = CARTESIAN_POINT ( 'NONE',  ( -5.249999999999998200, 5.249999999999999100, -20.00000000000000000 ) ) ;
#4731 = EDGE_LOOP ( 'NONE', ( #2289, #5217, #3036, #2337 ) ) ;
#4732 = FACE_OUTER_BOUND ( 'NONE', #9251, .T. ) ;
#4733 = FACE_OUTER_BOUND ( 'NONE', #6031, .T. ) ;
#4734 = ORIENTED_EDGE ( 'NONE', *, *, #4152, .T. ) ;
#4735 = ORIENTED_EDGE ( 'NONE', *, *, #5299, .T. ) ;
#4736 = CARTESIAN_POINT ( 'NONE',  ( -19.64644660940675200, 5.353553390593238400, 19.75000000000000000 ) ) ;
#4737 = CARTESIAN_POINT ( 'NONE',  ( 0.0000000000000000000, 8.749999999999998200, -20.00000000000000000 ) ) ;
#4738 = DIRECTION ( 'NONE',  ( -1.000000000000000000, -2.602085213965201600E-015, 0.0000000000000000000 ) ) ;
#4739 = FACE_OUTER_BOUND ( 'NONE', #7957, .T. ) ;
#4740 = ORIENTED_EDGE ( 'NONE', *, *, #9697, .T. ) ;
#4741 = LINE ( 'NONE', #2297, #9690 ) ;
#4742 = ORIENTED_EDGE ( 'NONE', *, *, #7687, .T. ) ;
#4743 = DIRECTION ( 'NONE',  ( -0.0000000000000000000, 0.0000000000000000000, -1.000000000000000000 ) ) ;
#4744 = EDGE_LOOP ( 'NONE', ( #7542, #3705, #150, #3674 ) ) ;
#4745 = VECTOR ( 'NONE', #7988, 1000.000000000000000 ) ;
#4746 = AXIS2_PLACEMENT_3D ( 'NONE', #9353, #5491, #2445 ) ;
#4747 = CARTESIAN_POINT ( 'NONE',  ( 5.750000000000003600, 0.3258063432103001100, -9.874999999999998200 ) ) ;
#4748 = CARTESIAN_POINT ( 'NONE',  ( -4.750000000000000000, 5.750000000000000000, 10.00000000000000000 ) ) ;
#4749 = CARTESIAN_POINT ( 'NONE',  ( 12.50000000000000000, 2.750000000000000900, 12.50000000000000000 ) ) ;
#4750 = EDGE_LOOP ( 'NONE', ( #9213, #1405, #3661, #3057 ) ) ;
#4751 = ORIENTED_EDGE ( 'NONE', *, *, #4997, .F. ) ;
#4752 = AXIS2_PLACEMENT_3D ( 'NONE', #7698, #3819, #4578 ) ;
#4753 = CARTESIAN_POINT ( 'NONE',  ( -5.000000000000004400, 6.999999999999997300, -10.24999999999999800 ) ) ;
#4754 = EDGE_LOOP ( 'NONE', ( #6464, #6740, #8366, #2499, #3439, #1963, #7174, #3079, #7467, #5038, #1942, #4053, #6212, #2013, #9344, #6842 ) ) ;
#4755 = EDGE_CURVE ( 'NONE', #5887, #1616, #4385, .T. ) ;
#4756 = CIRCLE ( 'NONE', #4448, 0.2500000000000000000 ) ;
#4757 = CARTESIAN_POINT ( 'NONE',  ( -2.792893218813456500, 8.499999999999998200, 20.00000000000000000 ) ) ;
#4758 = ADVANCED_FACE ( 'NONE', ( #6636 ), #1557, .T. ) ;
#4759 =( BOUNDED_CURVE ( )  B_SPLINE_CURVE ( 3, ( #928, #7007, #5383, #4661 ),
 .UNSPECIFIED., .F., .F. ) 
 B_SPLINE_CURVE_WITH_KNOTS ( ( 4, 4 ),
 ( 4.110953979704803800, 4.712388980384691500 ),
 .UNSPECIFIED. ) 
 CURVE ( )  GEOMETRIC_REPRESENTATION_ITEM ( )  RATIONAL_B_SPLINE_CURVE ( ( 1.000000000000000000, 0.9700828049254927000, 0.9700828049254927000, 1.000000000000000000 ) ) 
 REPRESENTATION_ITEM ( '' )  );
#4760 = ORIENTED_EDGE ( 'NONE', *, *, #432, .T. ) ;
#4761 = EDGE_LOOP ( 'NONE', ( #7546, #843, #1747, #696, #89 ) ) ;
#4762 = AXIS2_PLACEMENT_3D ( 'NONE', #5232, #2189, #7487 ) ;
#4763 = VERTEX_POINT ( 'NONE', #8898 ) ;
#4764 = CARTESIAN_POINT ( 'NONE',  ( -4.101061471818665500, 0.2500000000000001100, -10.24999999999999800 ) ) ;
#4765 = VERTEX_POINT ( 'NONE', #5056 ) ;
#4766 = CARTESIAN_POINT ( 'NONE',  ( -19.29289321881348200, 4.999999999999962700, 19.75000000000000000 ) ) ;
#4767 = CIRCLE ( 'NONE', #2673, 0.2500000000000002200 ) ;
#4768 = AXIS2_PLACEMENT_3D ( 'NONE', #6401, #5695, #3468 ) ;
#4769 = EDGE_CURVE ( 'NONE', #5088, #919, #2393, .T. ) ;
#4770 = ADVANCED_FACE ( 'NONE', ( #5928 ), #2622, .T. ) ;
#4771 = DIRECTION ( 'NONE',  ( -1.000000000000000000, 0.0000000000000000000, 0.0000000000000000000 ) ) ;
#4772 = ORIENTED_EDGE ( 'NONE', *, *, #2907, .T. ) ;
#4773 = DIRECTION ( 'NONE',  ( -0.0000000000000000000, -0.0000000000000000000, 1.000000000000000000 ) ) ;
#4774 = ORIENTED_EDGE ( 'NONE', *, *, #5974, .F. ) ;
#4775 = CARTESIAN_POINT ( 'NONE',  ( 1.330407161568939100E-016, 0.7499999999999983300, -19.75000000000000000 ) ) ;
#4776 = LINE ( 'NONE', #5739, #745 ) ;
#4777 = CIRCLE ( 'NONE', #1686, 2.100000000000000100 ) ;
#4778 = CARTESIAN_POINT ( 'NONE',  ( -12.50000000000000000, 2.711339312526813900, -12.50000000000000000 ) ) ;
#4779 = EDGE_LOOP ( 'NONE', ( #7085, #8070, #4862, #749 ) ) ;
#4780 = VERTEX_POINT ( 'NONE', #2159 ) ;
#4781 = AXIS2_PLACEMENT_3D ( 'NONE', #192, #1016, #4671 ) ;
#4782 = DIRECTION ( 'NONE',  ( 0.7071067811865474600, 0.7071067811865474600, 0.0000000000000000000 ) ) ;
#4783 = EDGE_CURVE ( 'NONE', #4606, #7005, #388, .T. ) ;
#4784 = FACE_OUTER_BOUND ( 'NONE', #4346, .T. ) ;
#4785 = DIRECTION ( 'NONE',  ( 2.602085213965201600E-015, -1.000000000000000000, -0.0000000000000000000 ) ) ;
#4786 = EDGE_CURVE ( 'NONE', #5054, #5618, #3556, .T. ) ;
#4787 = CARTESIAN_POINT ( 'NONE',  ( -12.50000000000000000, 2.750000000000000900, 12.50000000000000000 ) ) ;
#4788 = ORIENTED_EDGE ( 'NONE', *, *, #9404, .T. ) ;
#4789 = DIRECTION ( 'NONE',  ( -1.000000000000000000, 0.0000000000000000000, 0.0000000000000000000 ) ) ;
#4790 = CARTESIAN_POINT ( 'NONE',  ( -4.750000000000000000, 9.000000000000000000, -10.24999999999999800 ) ) ;
#4791 = CIRCLE ( 'NONE', #6284, 0.2500000000000000000 ) ;
#4792 = CARTESIAN_POINT ( 'NONE',  ( 1.330407161568939100E-016, 5.499999999999998200, -19.90000000000000600 ) ) ;
#4793 = CARTESIAN_POINT ( 'NONE',  ( -6.249999999999996400, 5.249999999999996400, 19.75000000000000000 ) ) ;
#4794 = DIRECTION ( 'NONE',  ( 0.0000000000000000000, 0.0000000000000000000, -1.000000000000000000 ) ) ;
#4795 = ORIENTED_EDGE ( 'NONE', *, *, #9630, .T. ) ;
#4796 = LINE ( 'NONE', #1853, #6090 ) ;
#4797 = CARTESIAN_POINT ( 'NONE',  ( 5.000000000000002700, 7.000000000000008000, 20.00000000000000000 ) ) ;
#4798 = DIRECTION ( 'NONE',  ( 1.000000000000000000, 2.428612866367527700E-014, 0.0000000000000000000 ) ) ;
#4799 = DIRECTION ( 'NONE',  ( -1.000000000000000000, 0.0000000000000000000, 0.0000000000000000000 ) ) ;
#4800 = CARTESIAN_POINT ( 'NONE',  ( 6.250000000000002700, 5.249999999999998200, 0.2500000000000002200 ) ) ;
#4801 = AXIS2_PLACEMENT_3D ( 'NONE', #2912, #9771, #1326 ) ;
#4802 = ADVANCED_FACE ( 'NONE', ( #1091 ), #5806, .T. ) ;
#4803 = EDGE_LOOP ( 'NONE', ( #9016, #6122, #4641, #4013 ) ) ;
#4804 = DIRECTION ( 'NONE',  ( -1.000000000000000000, -0.0000000000000000000, -0.0000000000000000000 ) ) ;
#4805 = EDGE_CURVE ( 'NONE', #9102, #5275, #4374, .T. ) ;
#4806 = VECTOR ( 'NONE', #413, 1000.000000000000000 ) ;
#4807 = CARTESIAN_POINT ( 'NONE',  ( -12.50000000000000000, 2.711339312526813900, 12.50000000000000000 ) ) ;
#4808 = VECTOR ( 'NONE', #3750, 1000.000000000000000 ) ;
#4809 = AXIS2_PLACEMENT_3D ( 'NONE', #1795, #937, #9355 ) ;
#4810 = DIRECTION ( 'NONE',  ( 0.0000000000000000000, 0.0000000000000000000, 1.000000000000000000 ) ) ;
#4811 = CARTESIAN_POINT ( 'NONE',  ( 4.230470994369924600, 0.7329629131445351000, 10.12500000000000000 ) ) ;
#4812 = ADVANCED_FACE ( 'NONE', ( #4625 ), #3666, .T. ) ;
#4813 = VERTEX_POINT ( 'NONE', #4561 ) ;
#4814 = CIRCLE ( 'NONE', #9629, 2.749999999999999100 ) ;
#4815 = VECTOR ( 'NONE', #2525, 1000.000000000000000 ) ;
#4816 = DIRECTION ( 'NONE',  ( 0.0000000000000000000, -1.000000000000000000, 0.0000000000000000000 ) ) ;
#4817 = AXIS2_PLACEMENT_3D ( 'NONE', #5848, #8877, #9699 ) ;
#4818 = EDGE_CURVE ( 'NONE', #3099, #395, #7835, .T. ) ;
#4819 = ORIENTED_EDGE ( 'NONE', *, *, #6873, .T. ) ;
#4820 = CYLINDRICAL_SURFACE ( 'NONE', #970, 0.2499999999999999400 ) ;
#4821 = DIRECTION ( 'NONE',  ( 0.0000000000000000000, -1.000000000000000000, 0.0000000000000000000 ) ) ;
#4822 = CARTESIAN_POINT ( 'NONE',  ( 5.742974427131629900, 0.06886979468419852900, -0.01399127613229165400 ) ) ;
#4823 = VECTOR ( 'NONE', #6637, 1000.000000000000000 ) ;
#4824 = CARTESIAN_POINT ( 'NONE',  ( -5.749999999999996400, 9.000000000000000000, -9.749999999999998200 ) ) ;
#4825 = AXIS2_PLACEMENT_3D ( 'NONE', #3089, #3934, #3893 ) ;
#4826 = VERTEX_POINT ( 'NONE', #809 ) ;
#4827 = VECTOR ( 'NONE', #9797, 1000.000000000000000 ) ;
#4828 = VECTOR ( 'NONE', #7716, 1000.000000000000000 ) ;
#4829 = EDGE_LOOP ( 'NONE', ( #9368, #7123, #1991, #4415 ) ) ;
#4830 = AXIS2_PLACEMENT_3D ( 'NONE', #8966, #4508, #9032 ) ;
#4831 = EDGE_LOOP ( 'NONE', ( #8378, #509, #2456, #3414 ) ) ;
#4832 = EDGE_CURVE ( 'NONE', #6963, #3353, #7459, .T. ) ;
#4833 = CARTESIAN_POINT ( 'NONE',  ( 2.000000000000000000, 5.499999999999998200, 9.900000000000000400 ) ) ;
#4834 = DIRECTION ( 'NONE',  ( 0.0000000000000000000, -0.0000000000000000000, -1.000000000000000000 ) ) ;
#4835 = DIRECTION ( 'NONE',  ( 0.0000000000000000000, -1.000000000000000000, 0.0000000000000000000 ) ) ;
#4836 = ORIENTED_EDGE ( 'NONE', *, *, #1357, .F. ) ;
#4837 = TOROIDAL_SURFACE ( 'NONE', #6761, 0.2500000000000000000, 0.2500000000000000000 ) ;
#4838 = CIRCLE ( 'NONE', #6658, 2.100000000000000100 ) ;
#4839 = CARTESIAN_POINT ( 'NONE',  ( 1.330407161568939100E-016, 5.499999999999998200, 0.2249999999999995100 ) ) ;
#4840 = ORIENTED_EDGE ( 'NONE', *, *, #2990, .T. ) ;
#4841 = DIRECTION ( 'NONE',  ( -0.0000000000000000000, -1.000000000000000000, -0.0000000000000000000 ) ) ;
#4842 = ORIENTED_EDGE ( 'NONE', *, *, #8357, .F. ) ;
#4843 = ORIENTED_EDGE ( 'NONE', *, *, #9282, .F. ) ;
#4844 = EDGE_CURVE ( 'NONE', #1396, #7575, #5689, .T. ) ;
#4845 = DIRECTION ( 'NONE',  ( -1.000000000000000000, 0.0000000000000000000, 0.0000000000000000000 ) ) ;
#4846 = AXIS2_PLACEMENT_3D ( 'NONE', #2093, #5795, #6563 ) ;
#4847 = LINE ( 'NONE', #501, #7560 ) ;
#4848 = EDGE_CURVE ( 'NONE', #175, #4813, #5032, .T. ) ;
#4849 = ORIENTED_EDGE ( 'NONE', *, *, #5924, .F. ) ;
#4850 = FACE_OUTER_BOUND ( 'NONE', #599, .T. ) ;
#4851 = CARTESIAN_POINT ( 'NONE',  ( -5.749999999999997300, 5.499999999999999100, 9.750000000000000000 ) ) ;
#4852 = EDGE_CURVE ( 'NONE', #4765, #1497, #1432, .T. ) ;
#4853 = CARTESIAN_POINT ( 'NONE',  ( 6.000000000000003600, -2.168404344971008900E-016, -9.691987298107777700 ) ) ;
#4854 = EDGE_LOOP ( 'NONE', ( #4819, #3949, #130, #275, #7940, #4493 ) ) ;
#4855 = EDGE_LOOP ( 'NONE', ( #9152, #4064, #2871, #6130 ) ) ;
#4856 = FACE_OUTER_BOUND ( 'NONE', #4608, .T. ) ;
#4857 = DIRECTION ( 'NONE',  ( -0.0000000000000000000, -1.000000000000000000, -0.0000000000000000000 ) ) ;
#4858 = FACE_OUTER_BOUND ( 'NONE', #4731, .T. ) ;
#4859 = CARTESIAN_POINT ( 'NONE',  ( -4.750000000000000000, 5.500000000000000900, -19.75000000000000000 ) ) ;
#4860 = EDGE_LOOP ( 'NONE', ( #2381, #6412, #5385, #1788 ) ) ;
#4861 = CONICAL_SURFACE ( 'NONE', #6362, 2.749999999999999100, 0.7378150601204653800 ) ;
#4862 = ORIENTED_EDGE ( 'NONE', *, *, #5673, .F. ) ;
#4863 = ADVANCED_FACE ( 'NONE', ( #3429 ), #4866, .T. ) ;
#4864 = CARTESIAN_POINT ( 'NONE',  ( -19.49999999999999600, 4.792893218813452100, 19.75000000000000000 ) ) ;
#4865 = VERTEX_POINT ( 'NONE', #9048 ) ;
#4866 = TOROIDAL_SURFACE ( 'NONE', #9715, 0.2500000000000000000, 0.2500000000000000000 ) ;
#4867 = ORIENTED_EDGE ( 'NONE', *, *, #3268, .F. ) ;
#4868 = ORIENTED_EDGE ( 'NONE', *, *, #946, .T. ) ;
#4869 = ORIENTED_EDGE ( 'NONE', *, *, #3886, .T. ) ;
#4870 = DIRECTION ( 'NONE',  ( -0.0000000000000000000, -0.0000000000000000000, 1.000000000000000000 ) ) ;
#4871 = AXIS2_PLACEMENT_3D ( 'NONE', #5569, #260, #8607 ) ;
#4872 = ORIENTED_EDGE ( 'NONE', *, *, #6927, .F. ) ;
#4873 = VECTOR ( 'NONE', #1579, 1000.000000000000000 ) ;
#4874 = DIRECTION ( 'NONE',  ( -0.0000000000000000000, -0.0000000000000000000, 1.000000000000000000 ) ) ;
#4875 = AXIS2_PLACEMENT_3D ( 'NONE', #7013, #6328, #6356 ) ;
#4876 = VERTEX_POINT ( 'NONE', #1568 ) ;
#4877 = VERTEX_POINT ( 'NONE', #9085 ) ;
#4878 = EDGE_CURVE ( 'NONE', #2190, #1828, #8053, .T. ) ;
#4879 = ORIENTED_EDGE ( 'NONE', *, *, #8188, .F. ) ;
#4880 = ORIENTED_EDGE ( 'NONE', *, *, #7706, .T. ) ;
#4881 = FACE_OUTER_BOUND ( 'NONE', #7640, .T. ) ;
#4882 = DIRECTION ( 'NONE',  ( -1.000000000000000000, -2.602085213965201600E-015, 2.891205793294680300E-016 ) ) ;
#4883 = DIRECTION ( 'NONE',  ( 0.0000000000000000000, 0.0000000000000000000, 1.000000000000000000 ) ) ;
#4884 = AXIS2_PLACEMENT_3D ( 'NONE', #7769, #8565, #2412 ) ;
#4885 = DIRECTION ( 'NONE',  ( -0.9659258262890700900, 0.2588190451025143000, 0.0000000000000000000 ) ) ;
#4886 = DIRECTION ( 'NONE',  ( 1.000000000000000000, 0.0000000000000000000, 0.0000000000000000000 ) ) ;
#4887 = ORIENTED_EDGE ( 'NONE', *, *, #3501, .T. ) ;
#4888 = ORIENTED_EDGE ( 'NONE', *, *, #6146, .F. ) ;
#4889 = DIRECTION ( 'NONE',  ( -1.000000000000000000, 0.0000000000000000000, 0.0000000000000000000 ) ) ;
#4890 = CIRCLE ( 'NONE', #771, 0.2500000000000003300 ) ;
#4891 = EDGE_CURVE ( 'NONE', #4469, #2394, #9231, .T. ) ;
#4892 = DIRECTION ( 'NONE',  ( -0.0000000000000000000, 1.000000000000000000, 0.0000000000000000000 ) ) ;
#4893 = DIRECTION ( 'NONE',  ( 0.0000000000000000000, 0.0000000000000000000, 1.000000000000000000 ) ) ;
#4894 = DIRECTION ( 'NONE',  ( 0.0000000000000000000, 0.0000000000000000000, 1.000000000000000000 ) ) ;
#4895 = ORIENTED_EDGE ( 'NONE', *, *, #8769, .T. ) ;
#4896 = DIRECTION ( 'NONE',  ( 0.2588190451025159100, -0.9659258262890696400, 0.0000000000000000000 ) ) ;
#4897 = SPHERICAL_SURFACE ( 'NONE', #4187, 0.2500000000000000000 ) ;
#4898 = DIRECTION ( 'NONE',  ( -0.7071067811865492400, 0.7071067811865458000, 0.0000000000000000000 ) ) ;
#4899 = AXIS2_PLACEMENT_3D ( 'NONE', #5252, #2832, #3698 ) ;
#4900 = AXIS2_PLACEMENT_3D ( 'NONE', #6807, #9083, #2284 ) ;
#4901 = ORIENTED_EDGE ( 'NONE', *, *, #3284, .T. ) ;
#4902 = CARTESIAN_POINT ( 'NONE',  ( -4.553649124439097300E-015, 5.249999999999993800, -20.00000000000000000 ) ) ;
#4903 = EDGE_CURVE ( 'NONE', #5973, #2617, #6162, .T. ) ;
#4904 = DIRECTION ( 'NONE',  ( -0.0000000000000000000, -0.0000000000000000000, -1.000000000000000000 ) ) ;
#4905 = CARTESIAN_POINT ( 'NONE',  ( -5.929039484401024600, 0.04174514199130657800, 0.1750707424737791300 ) ) ;
#4906 = EDGE_CURVE ( 'NONE', #7146, #3324, #8415, .T. ) ;
#4907 = ADVANCED_FACE ( 'NONE', ( #8166 ), #5202, .T. ) ;
#4908 = TOROIDAL_SURFACE ( 'NONE', #6909, 2.100000000000000100, 0.1000000000000000100 ) ;
#4909 = EDGE_LOOP ( 'NONE', ( #4080, #882, #5341, #7540 ) ) ;
#4910 = DIRECTION ( 'NONE',  ( -0.0000000000000000000, 0.0000000000000000000, 1.000000000000000000 ) ) ;
#4911 = CARTESIAN_POINT ( 'NONE',  ( 5.750000000000003600, 0.0000000000000000000, 0.2500000000000002200 ) ) ;
#4912 = B_SPLINE_CURVE_WITH_KNOTS ( 'NONE', 3,
 ( #5840, #7298, #3187, #7498, #2253, #9166 ),
 .UNSPECIFIED., .F., .F.,
 ( 4, 2, 4 ),
 ( -5.132694486367506100E-006, 0.0001746918583319072200, 0.0003545164111501819100 ),
 .UNSPECIFIED. ) ;
#4913 = CIRCLE ( 'NONE', #8850, 4.750000000000000000 ) ;
#4914 = DIRECTION ( 'NONE',  ( 1.000000000000000000, 8.023096076392740700E-015, 0.0000000000000000000 ) ) ;
#4915 = CARTESIAN_POINT ( 'NONE',  ( 12.50000000000000000, 2.711339312526813900, -15.35000000000000000 ) ) ;
#4916 = EDGE_LOOP ( 'NONE', ( #2498, #8350, #3228, #9723 ) ) ;
#4917 = DIRECTION ( 'NONE',  ( 1.000000000000000000, 8.191565091004766200E-016, 0.0000000000000000000 ) ) ;
#4918 = TOROIDAL_SURFACE ( 'NONE', #1455, 4.750000000000000000, 0.2500000000000000000 ) ;
#4919 = FACE_OUTER_BOUND ( 'NONE', #5297, .T. ) ;
#4920 = DATE_TIME_ROLE ( 'creation_date' ) ;
#4921 =( BOUNDED_CURVE ( )  B_SPLINE_CURVE ( 3, ( #4504, #9028, #3710, #5237 ),
 .UNSPECIFIED., .F., .F. ) 
 B_SPLINE_CURVE_WITH_KNOTS ( ( 4, 4 ),
 ( 1.570796326794896300, 2.172231327474795300 ),
 .UNSPECIFIED. ) 
 CURVE ( )  GEOMETRIC_REPRESENTATION_ITEM ( )  RATIONAL_B_SPLINE_CURVE ( ( 1.000000000000000000, 0.9700828049254914800, 0.9700828049254914800, 1.000000000000000000 ) ) 
 REPRESENTATION_ITEM ( '' )  );
#4922 = ORIENTED_EDGE ( 'NONE', *, *, #3095, .F. ) ;
#4923 = LINE ( 'NONE', #3712, #8231 ) ;
#4924 = APPROVAL_DATE_TIME ( #9060, #7069 ) ;
#4925 = AXIS2_PLACEMENT_3D ( 'NONE', #4620, #8489, #8461 ) ;
#4926 = CARTESIAN_POINT ( 'NONE',  ( 12.50000000000000000, 0.0000000000000000000, -12.50000000000000000 ) ) ;
#4927 = DIRECTION ( 'NONE',  ( -0.0000000000000000000, -0.0000000000000000000, -1.000000000000000000 ) ) ;
#4928 = CARTESIAN_POINT ( 'NONE',  ( 4.101061471818666400, 0.2500000000000002200, 0.0000000000000000000 ) ) ;
#4929 = AXIS2_PLACEMENT_3D ( 'NONE', #5791, #5730, #1242 ) ;
#4930 = CARTESIAN_POINT ( 'NONE',  ( -2.000000000000000000, 5.499999999999998200, -0.09999999999999939500 ) ) ;
#4931 = ORIENTED_EDGE ( 'NONE', *, *, #1099, .F. ) ;
#4932 = FACE_BOUND ( 'NONE', #9722, .T. ) ;
#4933 = CARTESIAN_POINT ( 'NONE',  ( -5.993059256806182200, 0.001859766533654039000, 0.2690574947569661100 ) ) ;
#4934 = ORIENTED_EDGE ( 'NONE', *, *, #2618, .F. ) ;
#4935 = EDGE_CURVE ( 'NONE', #3581, #8059, #7581, .T. ) ;
#4936 = DIRECTION ( 'NONE',  ( -1.000000000000000000, 0.0000000000000000000, 0.0000000000000000000 ) ) ;
#4937 = DIRECTION ( 'NONE',  ( 0.0000000000000000000, 1.000000000000000000, 0.0000000000000000000 ) ) ;
#4938 = ORIENTED_EDGE ( 'NONE', *, *, #8432, .T. ) ;
#4939 = FACE_OUTER_BOUND ( 'NONE', #8263, .T. ) ;
#4940 = VECTOR ( 'NONE', #8089, 1000.000000000000000 ) ;
#4941 = ORIENTED_EDGE ( 'NONE', *, *, #3436, .F. ) ;
#4942 = VERTEX_POINT ( 'NONE', #2212 ) ;
#4943 = ADVANCED_FACE ( 'NONE', ( #7115 ), #5451, .F. ) ;
#4944 = CARTESIAN_POINT ( 'NONE',  ( -5.250000000000000000, 5.750000000000000000, -10.24999999999999800 ) ) ;
#4945 = CARTESIAN_POINT ( 'NONE',  ( 6.013633062505249400, 0.1035533905932737200, 20.00000000000000700 ) ) ;
#4946 = CARTESIAN_POINT ( 'NONE',  ( 12.50000000000000000, 2.778606591926445500, 9.723994007339596700 ) ) ;
#4947 = VERTEX_POINT ( 'NONE', #7718 ) ;
#4948 = CIRCLE ( 'NONE', #141, 2.100000000000000100 ) ;
#4949 = FACE_OUTER_BOUND ( 'NONE', #6531, .T. ) ;
#4950 = DIRECTION ( 'NONE',  ( -1.000000000000000000, 0.0000000000000000000, -0.0000000000000000000 ) ) ;
#4951 = ORIENTED_EDGE ( 'NONE', *, *, #6789, .F. ) ;
#4952 = EDGE_CURVE ( 'NONE', #5211, #5168, #6411, .T. ) ;
#4953 = DIRECTION ( 'NONE',  ( -0.0000000000000000000, -1.000000000000000000, -0.0000000000000000000 ) ) ;
#4954 = ORIENTED_EDGE ( 'NONE', *, *, #7706, .F. ) ;
#4955 = DIRECTION ( 'NONE',  ( -0.9659258262890698700, -0.2588190451025151900, -0.0000000000000000000 ) ) ;
#4956 = FACE_OUTER_BOUND ( 'NONE', #1197, .T. ) ;
#4957 = CARTESIAN_POINT ( 'NONE',  ( 4.230470994369924600, 0.7329629131445349900, 20.00000000000000000 ) ) ;
#4958 = ORIENTED_EDGE ( 'NONE', *, *, #6835, .T. ) ;
#4959 = FACE_OUTER_BOUND ( 'NONE', #1414, .T. ) ;
#4960 = DIRECTION ( 'NONE',  ( -0.0000000000000000000, -0.0000000000000000000, 1.000000000000000000 ) ) ;
#4961 = VERTEX_POINT ( 'NONE', #3911 ) ;
#4962 = CARTESIAN_POINT ( 'NONE',  ( 19.29289321881344700, 5.250000000000009800, -20.00000000000000000 ) ) ;
#4963 = ORIENTED_EDGE ( 'NONE', *, *, #7422, .F. ) ;
#4964 = FACE_OUTER_BOUND ( 'NONE', #8402, .T. ) ;
#4965 = AXIS2_PLACEMENT_3D ( 'NONE', #2893, #5832, #1367 ) ;
#4966 = CARTESIAN_POINT ( 'NONE',  ( 5.750000000000003600, 5.249999999999998200, -9.874999999999998200 ) ) ;
#4967 = EDGE_LOOP ( 'NONE', ( #1109, #7026, #5958, #5302 ) ) ;
#4968 = ORIENTED_EDGE ( 'NONE', *, *, #5731, .T. ) ;
#4969 = ORIENTED_EDGE ( 'NONE', *, *, #621, .T. ) ;
#4970 = CARTESIAN_POINT ( 'NONE',  ( 19.75000000000000400, 4.792893218813453900, -20.00000000000000000 ) ) ;
#4971 = ORIENTED_EDGE ( 'NONE', *, *, #5580, .T. ) ;
#4972 = CYLINDRICAL_SURFACE ( 'NONE', #7064, 0.2500000000000002200 ) ;
#4973 = EDGE_CURVE ( 'NONE', #7912, #5493, #2382, .T. ) ;
#4974 = CARTESIAN_POINT ( 'NONE',  ( -12.50000000000000000, 0.1000000000000000100, 12.50000000000000000 ) ) ;
#4975 = CARTESIAN_POINT ( 'NONE',  ( 2.823223304703366100, 8.823223304703361700, -19.75000000000000000 ) ) ;
#4976 = CARTESIAN_POINT ( 'NONE',  ( 2.100000000000000100, 5.499999999999998200, 20.00000000000000000 ) ) ;
#4977 = EDGE_CURVE ( 'NONE', #1110, #4763, #7228, .T. ) ;
#4978 = ORIENTED_EDGE ( 'NONE', *, *, #3619, .F. ) ;
#4979 = ORIENTED_EDGE ( 'NONE', *, *, #356, .T. ) ;
#4980 = CARTESIAN_POINT ( 'NONE',  ( 5.886158196241302300, 0.1904008895927925800, -9.915232894313506400 ) ) ;
#4981 = DESIGN_CONTEXT ( 'detailed design', #7079, 'design' ) ;
#4982 = DIRECTION ( 'NONE',  ( -2.602085213965201600E-015, 1.000000000000000000, 0.0000000000000000000 ) ) ;
#4983 = VERTEX_POINT ( 'NONE', #2354 ) ;
#4984 = ORIENTED_EDGE ( 'NONE', *, *, #8648, .T. ) ;
#4985 = VECTOR ( 'NONE', #1177, 1000.000000000000000 ) ;
#4986 = DIRECTION ( 'NONE',  ( -1.000000000000000000, 0.0000000000000000000, 0.0000000000000000000 ) ) ;
#4987 = ORIENTED_EDGE ( 'NONE', *, *, #6608, .F. ) ;
#4988 = AXIS2_PLACEMENT_3D ( 'NONE', #1603, #3171, #8510 ) ;
#4989 = ORIENTED_EDGE ( 'NONE', *, *, #3457, .T. ) ;
#4990 = CARTESIAN_POINT ( 'NONE',  ( 2.792893218813457400, 8.499999999999998200, -9.624999999999998200 ) ) ;
#4991 = CIRCLE ( 'NONE', #4746, 1.500000000000004900 ) ;
#4992 = CIRCLE ( 'NONE', #8938, 0.2500000000000002200 ) ;
#4993 = CARTESIAN_POINT ( 'NONE',  ( 12.50000000000000000, 2.778606591926445500, 15.27600599266040300 ) ) ;
#4994 = ADVANCED_FACE ( 'NONE', ( #1804 ), #5091, .T. ) ;
#4995 = AXIS2_PLACEMENT_3D ( 'NONE', #7453, #706, #2215 ) ;
#4996 = CARTESIAN_POINT ( 'NONE',  ( -4.101061471818665500, 0.2500000000000001100, 0.3750000000000003300 ) ) ;
#4997 = EDGE_CURVE ( 'NONE', #630, #830, #3191, .T. ) ;
#4998 = EDGE_LOOP ( 'NONE', ( #1695, #3935, #6486, #2900, #3628 ) ) ;
#4999 = ORIENTED_EDGE ( 'NONE', *, *, #105, .T. ) ;
#5000 = DIRECTION ( 'NONE',  ( 1.000000000000000000, 0.0000000000000000000, 0.0000000000000000000 ) ) ;
#5001 = CARTESIAN_POINT ( 'NONE',  ( -12.50000000000000000, 0.0000000000000000000, 9.650000000000002100 ) ) ;
#5002 = AXIS2_PLACEMENT_3D ( 'NONE', #7271, #4245, #431 ) ;
#5003 = DIRECTION ( 'NONE',  ( -0.0000000000000000000, 1.000000000000000000, -0.0000000000000000000 ) ) ;
#5004 = DIRECTION ( 'NONE',  ( -0.0000000000000000000, -0.0000000000000000000, -1.000000000000000000 ) ) ;
#5005 = ORIENTED_EDGE ( 'NONE', *, *, #4545, .F. ) ;
#5006 = CARTESIAN_POINT ( 'NONE',  ( -5.000000000000000000, 5.750000000000000000, 0.3750000000000003300 ) ) ;
#5007 = CARTESIAN_POINT ( 'NONE',  ( 5.750000000000003600, 0.3258063432102992800, -9.624999999999998200 ) ) ;
#5008 = EDGE_CURVE ( 'NONE', #8420, #3208, #2685, .T. ) ;
#5009 = LINE ( 'NONE', #884, #1958 ) ;
#5010 = DIRECTION ( 'NONE',  ( -0.0000000000000000000, -1.000000000000000000, -0.0000000000000000000 ) ) ;
#5011 = DIRECTION ( 'NONE',  ( 0.0000000000000000000, 0.0000000000000000000, -1.000000000000000000 ) ) ;
#5012 = EDGE_LOOP ( 'NONE', ( #4840, #7438 ) ) ;
#5013 = PLANE ( 'NONE',  #3025 ) ;
#5014 = CYLINDRICAL_SURFACE ( 'NONE', #5894, 0.2500000000000002200 ) ;
#5015 = EDGE_CURVE ( 'NONE', #6409, #3078, #9693, .T. ) ;
#5016 = AXIS2_PLACEMENT_3D ( 'NONE', #8684, #4182, #2710 ) ;
#5017 = EDGE_CURVE ( 'NONE', #4147, #8305, #5581, .T. ) ;
#5018 = CARTESIAN_POINT ( 'NONE',  ( 12.50000000000000000, 0.1000000000000000100, 15.35000000000000000 ) ) ;
#5019 = ORIENTED_EDGE ( 'NONE', *, *, #7264, .F. ) ;
#5020 = DIRECTION ( 'NONE',  ( -0.0000000000000000000, 0.0000000000000000000, 1.000000000000000000 ) ) ;
#5021 = EDGE_CURVE ( 'NONE', #2386, #868, #8872, .T. ) ;
#5022 = CONICAL_SURFACE ( 'NONE', #2820, 2.000000000000000000, 0.7853981633974500600 ) ;
#5023 = VERTEX_POINT ( 'NONE', #5314 ) ;
#5024 = CARTESIAN_POINT ( 'NONE',  ( 2.969669914110094000, 8.676776695296634800, 0.3750000000000001100 ) ) ;
#5025 = LINE ( 'NONE', #2239, #3723 ) ;
#5026 = DIRECTION ( 'NONE',  ( -0.0000000000000000000, -1.000000000000000000, 0.0000000000000000000 ) ) ;
#5027 = DIRECTION ( 'NONE',  ( -0.0000000000000000000, -0.0000000000000000000, 1.000000000000000000 ) ) ;
#5028 = ORIENTED_EDGE ( 'NONE', *, *, #4423, .T. ) ;
#5029 = CIRCLE ( 'NONE', #1897, 0.2500000000000002200 ) ;
#5030 = CIRCLE ( 'NONE', #6694, 0.09999999999999982500 ) ;
#5031 = CARTESIAN_POINT ( 'NONE',  ( 2.792893218813457400, 9.000000000000000000, 10.37500000000000000 ) ) ;
#5032 =( BOUNDED_CURVE ( )  B_SPLINE_CURVE ( 3, ( #2185, #3728, #6087, #3068 ),
 .UNSPECIFIED., .F., .F. ) 
 B_SPLINE_CURVE_WITH_KNOTS ( ( 4, 4 ),
 ( 1.570796326794896300, 2.226009931408150500 ),
 .UNSPECIFIED. ) 
 CURVE ( )  GEOMETRIC_REPRESENTATION_ITEM ( )  RATIONAL_B_SPLINE_CURVE ( ( 1.000000000000000000, 0.9645434217588899600, 0.9645434217588899600, 1.000000000000000000 ) ) 
 REPRESENTATION_ITEM ( '' )  );
#5033 = CARTESIAN_POINT ( 'NONE',  ( 19.50000000000000400, 4.792893218813453900, 20.00000000000000000 ) ) ;
#5034 = ADVANCED_FACE ( 'NONE', ( #4150 ), #378, .T. ) ;
#5035 = CARTESIAN_POINT ( 'NONE',  ( 6.250000000000003600, 5.249999999999998200, -19.75000000000000000 ) ) ;
#5036 = DIRECTION ( 'NONE',  ( 1.000000000000000000, 0.0000000000000000000, 0.0000000000000000000 ) ) ;
#5037 = DIRECTION ( 'NONE',  ( -0.0000000000000000000, -0.0000000000000000000, -1.000000000000000000 ) ) ;
#5038 = ORIENTED_EDGE ( 'NONE', *, *, #2787, .T. ) ;
#5039 = LINE ( 'NONE', #5057, #3508 ) ;
#5040 = LOCAL_TIME ( 10, 22, 12.00000000000000000, #7176 ) ;
#5041 = AXIS2_PLACEMENT_3D ( 'NONE', #6303, #2582, #3362 ) ;
#5042 = CARTESIAN_POINT ( 'NONE',  ( 2.792893218813457400, 9.000000000000000000, 20.00000000000000000 ) ) ;
#5043 = VECTOR ( 'NONE', #6708, 1000.000000000000000 ) ;
#5044 = CARTESIAN_POINT ( 'NONE',  ( -0.4019237886466662800, 1.499999999999968700, 20.00000000000000000 ) ) ;
#5045 = AXIS2_PLACEMENT_3D ( 'NONE', #2598, #3281, #8657 ) ;
#5046 = EDGE_CURVE ( 'NONE', #6754, #6074, #7702, .T. ) ;
#5047 = ORIENTED_EDGE ( 'NONE', *, *, #3553, .T. ) ;
#5048 = CIRCLE ( 'NONE', #4479, 0.2500000000000002200 ) ;
#5049 = CIRCLE ( 'NONE', #658, 0.2500000000000000000 ) ;
#5050 = DIRECTION ( 'NONE',  ( 1.000000000000000000, 8.307675917577599100E-016, 0.0000000000000000000 ) ) ;
#5051 = VERTEX_POINT ( 'NONE', #1 ) ;
#5052 = DIRECTION ( 'NONE',  ( -1.000000000000000000, 0.0000000000000000000, 0.0000000000000000000 ) ) ;
#5053 = DIRECTION ( 'NONE',  ( 1.000000000000000000, 0.0000000000000000000, 0.0000000000000000000 ) ) ;
#5054 = VERTEX_POINT ( 'NONE', #8327 ) ;
#5055 = AXIS2_PLACEMENT_3D ( 'NONE', #6126, #744, #6919 ) ;
#5056 = CARTESIAN_POINT ( 'NONE',  ( -19.85355339059326600, 5.146446609406728700, -19.75000000000000000 ) ) ;
#5057 = CARTESIAN_POINT ( 'NONE',  ( 2.999999999999998200, 9.000000000000005300, -10.24999999999999800 ) ) ;
#5058 = VERTEX_POINT ( 'NONE', #1560 ) ;
#5059 = CIRCLE ( 'NONE', #4925, 5.220242981272376100 ) ;
#5060 = VECTOR ( 'NONE', #3903, 1000.000000000000000 ) ;
#5061 = EDGE_LOOP ( 'NONE', ( #6674, #319, #6715, #7418 ) ) ;
#5062 = AXIS2_PLACEMENT_3D ( 'NONE', #8362, #2346, #4592 ) ;
#5063 = VERTEX_POINT ( 'NONE', #6907 ) ;
#5064 = EDGE_CURVE ( 'NONE', #3585, #1061, #272, .T. ) ;
#5065 = DIRECTION ( 'NONE',  ( 1.000000000000000000, 0.0000000000000000000, 0.0000000000000000000 ) ) ;
#5066 = VERTEX_POINT ( 'NONE', #4628 ) ;
#5067 = VERTEX_POINT ( 'NONE', #2308 ) ;
#5068 = FACE_OUTER_BOUND ( 'NONE', #5890, .T. ) ;
#5069 = ORIENTED_EDGE ( 'NONE', *, *, #5859, .F. ) ;
#5070 = LINE ( 'NONE', #2321, #6396 ) ;
#5071 = CARTESIAN_POINT ( 'NONE',  ( 5.250000000000000000, 5.749999999999998200, -9.874999999999998200 ) ) ;
#5072 = ORIENTED_EDGE ( 'NONE', *, *, #3432, .F. ) ;
#5073 = DIRECTION ( 'NONE',  ( 1.000000000000000000, 0.0000000000000000000, 0.0000000000000000000 ) ) ;
#5074 = CARTESIAN_POINT ( 'NONE',  ( -6.249999999999996400, 0.0000000000000000000, 19.75000000000000000 ) ) ;
#5075 = DIRECTION ( 'NONE',  ( 0.0000000000000000000, -0.0000000000000000000, -1.000000000000000000 ) ) ;
#5076 = VERTEX_POINT ( 'NONE', #3857 ) ;
#5077 = CIRCLE ( 'NONE', #386, 0.2500000000000002200 ) ;
#5078 = VERTEX_POINT ( 'NONE', #799 ) ;
#5079 = AXIS2_PLACEMENT_3D ( 'NONE', #7544, #4534, #22 ) ;
#5080 = AXIS2_PLACEMENT_3D ( 'NONE', #3443, #5020, #482 ) ;
#5081 = DIRECTION ( 'NONE',  ( -1.000000000000000000, 0.0000000000000000000, 0.0000000000000000000 ) ) ;
#5082 = CIRCLE ( 'NONE', #845, 0.2500000000000000600 ) ;
#5083 = EDGE_CURVE ( 'NONE', #7964, #8430, #6038, .T. ) ;
#5084 = DIRECTION ( 'NONE',  ( 0.0000000000000000000, 0.0000000000000000000, -1.000000000000000000 ) ) ;
#5085 = ORIENTED_EDGE ( 'NONE', *, *, #1938, .T. ) ;
#5086 = CIRCLE ( 'NONE', #6022, 0.2500000000000002200 ) ;
#5087 = EDGE_CURVE ( 'NONE', #5211, #1555, #3915, .T. ) ;
#5088 = VERTEX_POINT ( 'NONE', #7632 ) ;
#5089 = CARTESIAN_POINT ( 'NONE',  ( -2.000000000000000000, 5.499999999999998200, 20.00000000000000000 ) ) ;
#5090 = ORIENTED_EDGE ( 'NONE', *, *, #2631, .T. ) ;
#5091 = TOROIDAL_SURFACE ( 'NONE', #1820, 5.294236988611992000, 0.1000000000000000100 ) ;
#5092 = DIRECTION ( 'NONE',  ( 0.0000000000000000000, -0.0000000000000000000, -1.000000000000000000 ) ) ;
#5093 = ADVANCED_FACE ( 'NONE', ( #3319 ), #2031, .T. ) ;
#5094 = ORIENTED_EDGE ( 'NONE', *, *, #3489, .F. ) ;
#5095 = VERTEX_POINT ( 'NONE', #3093 ) ;
#5096 = ORIENTED_EDGE ( 'NONE', *, *, #105, .F. ) ;
#5097 = ORIENTED_EDGE ( 'NONE', *, *, #526, .T. ) ;
#5098 = CYLINDRICAL_SURFACE ( 'NONE', #101, 2.000000000000000000 ) ;
#5099 = CARTESIAN_POINT ( 'NONE',  ( -0.4666285499223032400, 1.741481456572233900, -10.24999999999999800 ) ) ;
#5100 = DIRECTION ( 'NONE',  ( 0.0000000000000000000, 0.0000000000000000000, 1.000000000000000000 ) ) ;
#5101 = DIRECTION ( 'NONE',  ( -0.7071067811865536800, -0.7071067811865414700, 0.0000000000000000000 ) ) ;
#5102 = ORIENTED_EDGE ( 'NONE', *, *, #5986, .F. ) ;
#5103 = ORIENTED_EDGE ( 'NONE', *, *, #4755, .T. ) ;
#5104 = AXIS2_PLACEMENT_3D ( 'NONE', #7429, #5239, #5992 ) ;
#5105 = DIRECTION ( 'NONE',  ( -0.9659258262890700900, 0.2588190451025143000, 0.0000000000000000000 ) ) ;
#5106 = LINE ( 'NONE', #2475, #4055 ) ;
#5107 = VECTOR ( 'NONE', #3709, 1000.000000000000000 ) ;
#5108 = DIRECTION ( 'NONE',  ( -1.000000000000000000, -2.621300829121535600E-015, 0.0000000000000000000 ) ) ;
#5109 = DIRECTION ( 'NONE',  ( 0.0000000000000000000, -1.000000000000000000, 0.0000000000000000000 ) ) ;
#5110 = AXIS2_PLACEMENT_3D ( 'NONE', #464, #1066, #1858 ) ;
#5111 = ORIENTED_EDGE ( 'NONE', *, *, #8459, .F. ) ;
#5112 = EDGE_LOOP ( 'NONE', ( #5825, #7061, #8508, #5576 ) ) ;
#5113 = DIRECTION ( 'NONE',  ( 1.000000000000000000, 0.0000000000000000000, 0.0000000000000000000 ) ) ;
#5114 = CARTESIAN_POINT ( 'NONE',  ( 5.869215054525369600, 0.03504372052207682000, 10.09910408881550500 ) ) ;
#5115 = LINE ( 'NONE', #5589, #2285 ) ;
#5116 = CARTESIAN_POINT ( 'NONE',  ( 1.330407161568939100E-016, 5.499999999999998200, -9.774999999999998600 ) ) ;
#5117 = AXIS2_PLACEMENT_3D ( 'NONE', #3053, #2341, #7630 ) ;
#5118 = ORIENTED_EDGE ( 'NONE', *, *, #7512, .F. ) ;
#5119 = CARTESIAN_POINT ( 'NONE',  ( -5.929039484401019200, 0.04174514199130737600, -10.05007074247377800 ) ) ;
#5120 = DIRECTION ( 'NONE',  ( -0.7071067811865474600, -0.7071067811865474600, 0.0000000000000000000 ) ) ;
#5121 = CARTESIAN_POINT ( 'NONE',  ( -4.676776695296636500, 6.969669914110091300, 9.750000000000000000 ) ) ;
#5122 = LINE ( 'NONE', #5997, #3954 ) ;
#5123 = AXIS2_PLACEMENT_3D ( 'NONE', #6790, #6757, #3008 ) ;
#5124 = CARTESIAN_POINT ( 'NONE',  ( 5.750000000000003600, 0.3258063432102993900, 10.37500000000000000 ) ) ;
#5125 = EDGE_CURVE ( 'NONE', #1110, #7689, #1241, .T. ) ;
#5126 = CARTESIAN_POINT ( 'NONE',  ( -12.50000000000000000, 2.711339312526813900, 9.750000000000001800 ) ) ;
#5127 = ORIENTED_EDGE ( 'NONE', *, *, #2166, .F. ) ;
#5128 = DIRECTION ( 'NONE',  ( 0.0000000000000000000, 0.0000000000000000000, -1.000000000000000000 ) ) ;
#5129 = FACE_OUTER_BOUND ( 'NONE', #8052, .T. ) ;
#5130 = AXIS2_PLACEMENT_3D ( 'NONE', #7992, #1287, #6548 ) ;
#5131 = ORIENTED_EDGE ( 'NONE', *, *, #4353, .T. ) ;
#5132 = EDGE_CURVE ( 'NONE', #4466, #5189, #7938, .T. ) ;
#5133 = ADVANCED_FACE ( 'NONE', ( #605 ), #144, .T. ) ;
#5134 = CARTESIAN_POINT ( 'NONE',  ( 1.619527740898410500E-016, 5.499999999999998200, -10.00000000000000000 ) ) ;
#5135 = CARTESIAN_POINT ( 'NONE',  ( 0.0000000000000000000, 0.5000000000000001100, 20.00000000000000000 ) ) ;
#5136 = VECTOR ( 'NONE', #3063, 1000.000000000000000 ) ;
#5137 = PLANE ( 'NONE',  #255 ) ;
#5138 = DIRECTION ( 'NONE',  ( -1.000000000000000000, 0.0000000000000000000, 0.0000000000000000000 ) ) ;
#5139 = VERTEX_POINT ( 'NONE', #8290 ) ;
#5140 = VECTOR ( 'NONE', #1533, 1000.000000000000000 ) ;
#5141 = EDGE_CURVE ( 'NONE', #1969, #5568, #18, .T. ) ;
#5142 = VERTEX_POINT ( 'NONE', #3759 ) ;
#5143 = CYLINDRICAL_SURFACE ( 'NONE', #4291, 0.2500000000000002200 ) ;
#5144 = AXIS2_PLACEMENT_3D ( 'NONE', #301, #3218, #4018 ) ;
#5145 = CARTESIAN_POINT ( 'NONE',  ( -1.323223304703363900, 10.32322330470336300, 0.0000000000000000000 ) ) ;
#5146 = EDGE_CURVE ( 'NONE', #177, #2734, #1316, .T. ) ;
#5147 = CARTESIAN_POINT ( 'NONE',  ( -4.500000000000000900, 6.792893218813454800, 9.750000000000000000 ) ) ;
#5148 = CARTESIAN_POINT ( 'NONE',  ( -5.000000000000000000, 5.500000000000000900, 20.00000000000000000 ) ) ;
#5149 = DIRECTION ( 'NONE',  ( 0.9659258262890697600, -0.2588190451025159700, -1.122448683923085100E-016 ) ) ;
#5150 = EDGE_CURVE ( 'NONE', #11, #1448, #850, .T. ) ;
#5151 = DIRECTION ( 'NONE',  ( -0.2588190451025149100, 0.9659258262890699800, 0.0000000000000000000 ) ) ;
#5152 = VERTEX_POINT ( 'NONE', #2242 ) ;
#5153 = VECTOR ( 'NONE', #1259, 1000.000000000000000 ) ;
#5154 = PERSON_AND_ORGANIZATION ( #8779, #7896 ) ;
#5155 = DIRECTION ( 'NONE',  ( -0.0000000000000000000, 0.0000000000000000000, 1.000000000000000000 ) ) ;
#5156 = AXIS2_PLACEMENT_3D ( 'NONE', #7376, #3657, #4443 ) ;
#5157 = DIRECTION ( 'NONE',  ( 0.0000000000000000000, 0.0000000000000000000, -1.000000000000000000 ) ) ;
#5158 = EDGE_CURVE ( 'NONE', #2766, #3011, #6627, .T. ) ;
#5159 = ORIENTED_EDGE ( 'NONE', *, *, #7093, .F. ) ;
#5160 = LINE ( 'NONE', #208, #4335 ) ;
#5161 = CIRCLE ( 'NONE', #7437, 4.750000000000000000 ) ;
#5162 = CARTESIAN_POINT ( 'NONE',  ( 6.000000000000003600, 0.0000000000000000000, 20.00000000000000000 ) ) ;
#5163 = LINE ( 'NONE', #3806, #3995 ) ;
#5164 = DIRECTION ( 'NONE',  ( 0.0000000000000000000, -1.000000000000000000, 0.0000000000000000000 ) ) ;
#5165 = CARTESIAN_POINT ( 'NONE',  ( 5.989959552787908600, 0.002690329722128848500, 10.27145889539294800 ) ) ;
#5166 = AXIS2_PLACEMENT_3D ( 'NONE', #58, #3148, #1507 ) ;
#5167 = DIRECTION ( 'NONE',  ( 1.000000000000000000, 0.0000000000000000000, 0.0000000000000000000 ) ) ;
#5168 = VERTEX_POINT ( 'NONE', #9216 ) ;
#5169 = FACE_OUTER_BOUND ( 'NONE', #7650, .T. ) ;
#5170 = LINE ( 'NONE', #4647, #6711 ) ;
#5171 = CARTESIAN_POINT ( 'NONE',  ( -4.750000000000000000, 5.500000000000000900, 10.37500000000000000 ) ) ;
#5172 = ORIENTED_EDGE ( 'NONE', *, *, #15, .T. ) ;
#5173 = ORIENTED_EDGE ( 'NONE', *, *, #2373, .F. ) ;
#5174 = CARTESIAN_POINT ( 'NONE',  ( 1.330407161568939100E-016, 5.499999999999998200, 9.900000000000000400 ) ) ;
#5175 = ORIENTED_EDGE ( 'NONE', *, *, #2138, .F. ) ;
#5176 = AXIS2_PLACEMENT_3D ( 'NONE', #4483, #3696, #2180 ) ;
#5177 = EDGE_CURVE ( 'NONE', #2603, #2740, #6870, .T. ) ;
#5178 = DIRECTION ( 'NONE',  ( -0.0000000000000000000, -0.0000000000000000000, 1.000000000000000000 ) ) ;
#5179 = CARTESIAN_POINT ( 'NONE',  ( 5.750000000000003600, 0.0000000000000000000, -10.12499999999999800 ) ) ;
#5180 = CARTESIAN_POINT ( 'NONE',  ( 4.165766233094295500, 0.4914814565722677200, -9.624999999999998200 ) ) ;
#5181 = ORIENTED_EDGE ( 'NONE', *, *, #6167, .T. ) ;
#5182 = FACE_OUTER_BOUND ( 'NONE', #8042, .T. ) ;
#5183 = CIRCLE ( 'NONE', #9193, 0.5000000000000000000 ) ;
#5184 = CARTESIAN_POINT ( 'NONE',  ( 5.796497433456098100, 0.05452834836309863900, -0.2499999999999997800 ) ) ;
#5185 = ORIENTED_EDGE ( 'NONE', *, *, #1254, .F. ) ;
#5186 = ADVANCED_FACE ( 'NONE', ( #2830 ), #4257, .F. ) ;
#5187 = AXIS2_PLACEMENT_3D ( 'NONE', #334, #7161, #368 ) ;
#5188 = DIRECTION ( 'NONE',  ( -0.0000000000000000000, -0.0000000000000000000, 1.000000000000000000 ) ) ;
#5189 = VERTEX_POINT ( 'NONE', #3290 ) ;
#5190 = ORIENTED_EDGE ( 'NONE', *, *, #292, .F. ) ;
#5191 = CARTESIAN_POINT ( 'NONE',  ( -4.101061471818665500, 0.5000000000000001100, -10.24999999999999800 ) ) ;
#5192 = VECTOR ( 'NONE', #9457, 1000.000000000000000 ) ;
#5193 = CARTESIAN_POINT ( 'NONE',  ( -12.50000000000000000, 0.1000000000000000100, 12.50000000000000000 ) ) ;
#5194 = ORIENTED_EDGE ( 'NONE', *, *, #7611, .T. ) ;
#5195 = CIRCLE ( 'NONE', #1805, 0.2500000000000000000 ) ;
#5196 = AXIS2_PLACEMENT_3D ( 'NONE', #351, #3368, #7860 ) ;
#5197 = DIRECTION ( 'NONE',  ( 2.891205793294677300E-016, 0.0000000000000000000, 1.000000000000000000 ) ) ;
#5198 = ORIENTED_EDGE ( 'NONE', *, *, #4390, .F. ) ;
#5199 = EDGE_CURVE ( 'NONE', #345, #1881, #8655, .T. ) ;
#5200 = CARTESIAN_POINT ( 'NONE',  ( -19.46966991411011700, 5.176776695296601000, -19.75000000000000000 ) ) ;
#5201 = ORIENTED_EDGE ( 'NONE', *, *, #3449, .F. ) ;
#5202 = TOROIDAL_SURFACE ( 'NONE', #1122, 2.100000000000000100, 0.1000000000000000100 ) ;
#5203 = DIRECTION ( 'NONE',  ( 1.000000000000000000, 0.0000000000000000000, 0.0000000000000000000 ) ) ;
#5204 = CARTESIAN_POINT ( 'NONE',  ( 5.891456562198428900, 0.2500000000000002200, 10.08113112576950400 ) ) ;
#5205 = DIRECTION ( 'NONE',  ( 1.000000000000000000, 0.0000000000000000000, 0.0000000000000000000 ) ) ;
#5206 = EDGE_LOOP ( 'NONE', ( #1107, #1138, #8113, #5529 ) ) ;
#5207 = ORIENTED_EDGE ( 'NONE', *, *, #1988, .F. ) ;
#5208 = CARTESIAN_POINT ( 'NONE',  ( 2.792893218813457400, 8.749999999999998200, 0.1250000000000001100 ) ) ;
#5209 = VERTEX_POINT ( 'NONE', #8601 ) ;
#5210 = AXIS2_PLACEMENT_3D ( 'NONE', #3538, #7262, #8767 ) ;
#5211 = VERTEX_POINT ( 'NONE', #214 ) ;
#5212 = CYLINDRICAL_SURFACE ( 'NONE', #1949, 0.5000000000000004400 ) ;
#5213 = AXIS2_PLACEMENT_3D ( 'NONE', #3064, #74, #116 ) ;
#5214 = EDGE_CURVE ( 'NONE', #5023, #2100, #9095, .T. ) ;
#5215 = DIRECTION ( 'NONE',  ( -1.000000000000000000, 0.0000000000000000000, 0.0000000000000000000 ) ) ;
#5216 = EDGE_CURVE ( 'NONE', #7670, #8283, #6736, .T. ) ;
#5217 = ORIENTED_EDGE ( 'NONE', *, *, #8301, .F. ) ;
#5218 = VERTEX_POINT ( 'NONE', #2417 ) ;
#5219 = EDGE_LOOP ( 'NONE', ( #24, #6399, #652, #7784 ) ) ;
#5220 = CARTESIAN_POINT ( 'NONE',  ( 1.330407161568939100E-016, 5.499999999999998200, -9.874999999999998200 ) ) ;
#5221 = CARTESIAN_POINT ( 'NONE',  ( 20.00000000000000400, 0.2500000000000000000, -19.75000000000000000 ) ) ;
#5222 = ORIENTED_EDGE ( 'NONE', *, *, #4848, .F. ) ;
#5223 = CIRCLE ( 'NONE', #1872, 0.2499999999999997200 ) ;
#5224 = CARTESIAN_POINT ( 'NONE',  ( 5.250000000000000000, 5.749999999999998200, 19.75000000000000000 ) ) ;
#5225 = DIRECTION ( 'NONE',  ( 0.0000000000000000000, 0.0000000000000000000, 1.000000000000000000 ) ) ;
#5226 = CARTESIAN_POINT ( 'NONE',  ( -19.74999999999999600, 0.5000000000000000000, 19.75000000000000000 ) ) ;
#5227 = DIRECTION ( 'NONE',  ( 3.469446951953611000E-015, -1.000000000000000000, 0.0000000000000000000 ) ) ;
#5228 = DIRECTION ( 'NONE',  ( 0.0000000000000000000, 0.0000000000000000000, -1.000000000000000000 ) ) ;
#5229 = ORIENTED_EDGE ( 'NONE', *, *, #951, .T. ) ;
#5230 = ORIENTED_EDGE ( 'NONE', *, *, #3693, .F. ) ;
#5231 = DIRECTION ( 'NONE',  ( -0.9659258262890697600, -0.2588190451025151300, 2.792690344859909300E-016 ) ) ;
#5232 = CARTESIAN_POINT ( 'NONE',  ( -5.749999999999996400, 0.0000000000000000000, -9.749999999999998200 ) ) ;
#5233 = VECTOR ( 'NONE', #6384, 1000.000000000000100 ) ;
#5234 = CIRCLE ( 'NONE', #1170, 2.749999999999999100 ) ;
#5235 = ORIENTED_EDGE ( 'NONE', *, *, #5271, .T. ) ;
#5236 = AXIS2_PLACEMENT_3D ( 'NONE', #2746, #5004, #493 ) ;
#5237 = CARTESIAN_POINT ( 'NONE',  ( 5.891456562198428100, 0.2499999999999997200, 0.04386887423049577000 ) ) ;
#5238 = ORIENTED_EDGE ( 'NONE', *, *, #6471, .F. ) ;
#5239 = DIRECTION ( 'NONE',  ( 0.0000000000000000000, 0.0000000000000000000, -1.000000000000000000 ) ) ;
#5240 = ADVANCED_FACE ( 'NONE', ( #5 ), #3195, .F. ) ;
#5241 = CYLINDRICAL_SURFACE ( 'NONE', #2726, 0.2500000000000006100 ) ;
#5242 = CARTESIAN_POINT ( 'NONE',  ( -12.50000000000000000, 2.711339312526813900, -12.50000000000000000 ) ) ;
#5243 = DIRECTION ( 'NONE',  ( -1.000000000000000000, 0.0000000000000000000, 0.0000000000000000000 ) ) ;
#5244 = AXIS2_PLACEMENT_3D ( 'NONE', #3354, #4094, #8666 ) ;
#5245 = EDGE_CURVE ( 'NONE', #8772, #5088, #6148, .T. ) ;
#5246 = DIRECTION ( 'NONE',  ( -1.000000000000000000, -0.0000000000000000000, -0.0000000000000000000 ) ) ;
#5247 = ORIENTED_EDGE ( 'NONE', *, *, #7720, .T. ) ;
#5248 = CARTESIAN_POINT ( 'NONE',  ( 5.750000000000003600, 9.000000000000000000, 9.875000000000000000 ) ) ;
#5249 = VECTOR ( 'NONE', #5371, 1000.000000000000000 ) ;
#5250 = AXIS2_PLACEMENT_3D ( 'NONE', #9007, #9066, #3714 ) ;
#5251 = DIRECTION ( 'NONE',  ( 0.0000000000000000000, 0.0000000000000000000, -1.000000000000000000 ) ) ;
#5252 = CARTESIAN_POINT ( 'NONE',  ( -6.249999999999996400, 0.0000000000000000000, 19.75000000000000000 ) ) ;
#5253 = ORIENTED_EDGE ( 'NONE', *, *, #5833, .F. ) ;
#5254 = CARTESIAN_POINT ( 'NONE',  ( -5.903882009040901700, 0.2433412231059216300, -9.947028747378484000 ) ) ;
#5255 = AXIS2_PLACEMENT_3D ( 'NONE', #5497, #3201, #3999 ) ;
#5256 = CARTESIAN_POINT ( 'NONE',  ( -5.249999999999998200, 5.249999999999999100, 9.750000000000000000 ) ) ;
#5257 = EDGE_CURVE ( 'NONE', #6787, #2952, #8862, .T. ) ;
#5258 = FACE_OUTER_BOUND ( 'NONE', #7358, .T. ) ;
#5259 = DIRECTION ( 'NONE',  ( 0.2588190451025143000, 0.9659258262890700900, 0.0000000000000000000 ) ) ;
#5260 = CARTESIAN_POINT ( 'NONE',  ( 0.0000000000000000000, 0.7500000000000001100, -9.624999999999998200 ) ) ;
#5261 = VERTEX_POINT ( 'NONE', #3996 ) ;
#5262 = DIRECTION ( 'NONE',  ( 0.0000000000000000000, 0.0000000000000000000, 1.000000000000000000 ) ) ;
#5263 = VERTEX_POINT ( 'NONE', #6973 ) ;
#5264 = CARTESIAN_POINT ( 'NONE',  ( 12.50000000000000000, 0.0000000000000000000, 12.50000000000000000 ) ) ;
#5265 = VECTOR ( 'NONE', #3070, 999.9999999999998900 ) ;
#5266 = CIRCLE ( 'NONE', #6341, 0.2500000000000002200 ) ;
#5267 = AXIS2_PLACEMENT_3D ( 'NONE', #767, #6051, #3021 ) ;
#5268 = CARTESIAN_POINT ( 'NONE',  ( 1.330407161568939100E-016, 5.499999999999998200, -10.24999999999999800 ) ) ;
#5269 = AXIS2_PLACEMENT_3D ( 'NONE', #5390, #2574, #375 ) ;
#5270 = CARTESIAN_POINT ( 'NONE',  ( 5.995397511602042200, 0.001233233049407566800, -0.1562476134552360800 ) ) ;
#5271 = EDGE_CURVE ( 'NONE', #2926, #6128, #2712, .T. ) ;
#5272 = CARTESIAN_POINT ( 'NONE',  ( -4.230470994369921900, 0.7329629131445354300, 10.00000000000000000 ) ) ;
#5273 = CARTESIAN_POINT ( 'NONE',  ( -5.685295238724367400, 0.08432488663803093500, 9.750000000000000000 ) ) ;
#5274 = EDGE_CURVE ( 'NONE', #978, #2586, #5797, .T. ) ;
#5275 = VERTEX_POINT ( 'NONE', #8691 ) ;
#5276 = ADVANCED_FACE ( 'NONE', ( #715 ), #2132, .F. ) ;
#5277 = FACE_OUTER_BOUND ( 'NONE', #3466, .T. ) ;
#5278 = ORIENTED_EDGE ( 'NONE', *, *, #2490, .T. ) ;
#5279 = LINE ( 'NONE', #7939, #4322 ) ;
#5280 = DIRECTION ( 'NONE',  ( 1.000000000000000000, 0.0000000000000000000, 0.0000000000000000000 ) ) ;
#5281 = ORIENTED_EDGE ( 'NONE', *, *, #2378, .F. ) ;
#5282 = CYLINDRICAL_SURFACE ( 'NONE', #2045, 2.749999999999999100 ) ;
#5283 = CALENDAR_DATE ( 2023, 10, 3 ) ;
#5284 = CARTESIAN_POINT ( 'NONE',  ( -2.792893218813456500, 8.749999999999998200, 0.0000000000000000000 ) ) ;
#5285 = DIRECTION ( 'NONE',  ( 1.000000000000000000, -5.204170427930416600E-015, 0.0000000000000000000 ) ) ;
#5286 = DIRECTION ( 'NONE',  ( -1.000000000000000000, 0.0000000000000000000, 0.0000000000000000000 ) ) ;
#5287 = CIRCLE ( 'NONE', #4801, 0.2500000000000002200 ) ;
#5288 = ADVANCED_FACE ( 'NONE', ( #2819 ), #9510, .F. ) ;
#5289 = DIRECTION ( 'NONE',  ( -1.000000000000000000, -0.0000000000000000000, -0.0000000000000000000 ) ) ;
#5290 = DIRECTION ( 'NONE',  ( 0.0000000000000000000, 0.0000000000000000000, -1.000000000000000000 ) ) ;
#5291 = ORIENTED_EDGE ( 'NONE', *, *, #2004, .F. ) ;
#5292 = FACE_OUTER_BOUND ( 'NONE', #1817, .T. ) ;
#5293 = EDGE_CURVE ( 'NONE', #6337, #3097, #3308, .T. ) ;
#5294 = CARTESIAN_POINT ( 'NONE',  ( -4.500000000000000900, 6.792893218813454800, 10.12500000000000000 ) ) ;
#5295 = EDGE_LOOP ( 'NONE', ( #7730, #3313, #5005 ) ) ;
#5296 = DIRECTION ( 'NONE',  ( -0.0000000000000000000, 0.0000000000000000000, 1.000000000000000000 ) ) ;
#5297 = EDGE_LOOP ( 'NONE', ( #6013, #7390, #2849, #952, #5942 ) ) ;
#5298 = CARTESIAN_POINT ( 'NONE',  ( 5.000000000000000000, 5.749999999999998200, -0.2500000000000002200 ) ) ;
#5299 = EDGE_CURVE ( 'NONE', #4618, #1349, #4482, .T. ) ;
#5300 = AXIS2_PLACEMENT_3D ( 'NONE', #6785, #4433, #4536 ) ;
#5301 = DIRECTION ( 'NONE',  ( -1.000000000000000000, 0.0000000000000000000, 0.0000000000000000000 ) ) ;
#5302 = ORIENTED_EDGE ( 'NONE', *, *, #6555, .F. ) ;
#5303 = FACE_OUTER_BOUND ( 'NONE', #6709, .T. ) ;
#5304 = TOROIDAL_SURFACE ( 'NONE', #4781, 2.100000000000000100, 0.1000000000000000100 ) ;
#5305 = CARTESIAN_POINT ( 'NONE',  ( 4.750000000000002700, 6.792893218813461000, 10.37500000000000000 ) ) ;
#5306 = ORIENTED_EDGE ( 'NONE', *, *, #9540, .F. ) ;
#5307 = ORIENTED_EDGE ( 'NONE', *, *, #5199, .F. ) ;
#5308 = AXIS2_PLACEMENT_3D ( 'NONE', #546, #3578, #8855 ) ;
#5309 = CARTESIAN_POINT ( 'NONE',  ( -2.792893218813456500, 8.499999999999998200, -10.00000000000000000 ) ) ;
#5310 = DIRECTION ( 'NONE',  ( -0.9659258262890697600, -0.2588190451025151300, 0.0000000000000000000 ) ) ;
#5311 = LINE ( 'NONE', #6453, #9585 ) ;
#5312 = EDGE_LOOP ( 'NONE', ( #3612, #3514, #3834, #855 ) ) ;
#5313 = CIRCLE ( 'NONE', #30, 5.220242981272396500 ) ;
#5314 = CARTESIAN_POINT ( 'NONE',  ( 19.64644660940671600, 5.353553390593285500, 19.75000000000000000 ) ) ;
#5315 = VERTEX_POINT ( 'NONE', #7106 ) ;
#5316 = AXIS2_PLACEMENT_3D ( 'NONE', #9657, #2870, #2928 ) ;
#5317 = ORIENTED_EDGE ( 'NONE', *, *, #7067, .T. ) ;
#5318 = EDGE_CURVE ( 'NONE', #7956, #8871, #835, .T. ) ;
#5319 = CIRCLE ( 'NONE', #3274, 0.2500000000000000600 ) ;
#5320 = CARTESIAN_POINT ( 'NONE',  ( 4.500000000000002700, 6.792893218813461900, 0.0000000000000000000 ) ) ;
#5321 = DIRECTION ( 'NONE',  ( -0.0000000000000000000, 0.0000000000000000000, -1.000000000000000000 ) ) ;
#5322 = DIRECTION ( 'NONE',  ( 0.0000000000000000000, 0.0000000000000000000, -1.000000000000000000 ) ) ;
#5323 = CARTESIAN_POINT ( 'NONE',  ( 2.792893218813457400, 8.499999999999998200, 19.75000000000000000 ) ) ;
#5324 = VECTOR ( 'NONE', #4835, 1000.000000000000000 ) ;
#5325 = EDGE_LOOP ( 'NONE', ( #4074, #257, #3400, #2380, #983 ) ) ;
#5326 = FACE_OUTER_BOUND ( 'NONE', #3958, .T. ) ;
#5327 = AXIS2_PLACEMENT_3D ( 'NONE', #7331, #2771, #3513 ) ;
#5328 = DIRECTION ( 'NONE',  ( 1.000000000000000000, 0.0000000000000000000, 0.0000000000000000000 ) ) ;
#5329 = ORIENTED_EDGE ( 'NONE', *, *, #6232, .F. ) ;
#5330 = CARTESIAN_POINT ( 'NONE',  ( 6.000000000000003600, 5.249999999999998200, 20.00000000000000000 ) ) ;
#5331 = ADVANCED_FACE ( 'NONE', ( #7824 ), #8534, .T. ) ;
#5332 = ORIENTED_EDGE ( 'NONE', *, *, #7526, .F. ) ;
#5333 = VECTOR ( 'NONE', #6110, 1000.000000000000000 ) ;
#5334 = DIRECTION ( 'NONE',  ( 0.0000000000000000000, 0.0000000000000000000, -1.000000000000000000 ) ) ;
#5335 = DIRECTION ( 'NONE',  ( 1.000000000000000000, 0.0000000000000000000, 0.0000000000000000000 ) ) ;
#5336 = AXIS2_PLACEMENT_3D ( 'NONE', #4499, #4532, #6060 ) ;
#5337 = DIRECTION ( 'NONE',  ( 0.0000000000000000000, 1.000000000000000000, 0.0000000000000000000 ) ) ;
#5338 = EDGE_CURVE ( 'NONE', #4622, #1314, #1543, .T. ) ;
#5339 = DIRECTION ( 'NONE',  ( 0.0000000000000000000, 0.0000000000000000000, -1.000000000000000000 ) ) ;
#5340 = ORIENTED_EDGE ( 'NONE', *, *, #4282, .F. ) ;
#5341 = ORIENTED_EDGE ( 'NONE', *, *, #608, .F. ) ;
#5342 = EDGE_CURVE ( 'NONE', #702, #3789, #6619, .T. ) ;
#5343 = EDGE_LOOP ( 'NONE', ( #6169, #1685, #504, #8017 ) ) ;
#5344 = CARTESIAN_POINT ( 'NONE',  ( -5.685295238724367400, 0.08432488663803175400, 0.3750000000000001100 ) ) ;
#5345 = EDGE_LOOP ( 'NONE', ( #7500, #4364, #5235, #9188 ) ) ;
#5346 = LINE ( 'NONE', #8981, #4397 ) ;
#5347 = ADVANCED_FACE ( 'NONE', ( #4612 ), #8642, .T. ) ;
#5348 = DIRECTION ( 'NONE',  ( 0.0000000000000000000, 1.000000000000000000, 0.0000000000000000000 ) ) ;
#5349 = DIRECTION ( 'NONE',  ( 1.000000000000000000, 8.673617379884004900E-016, 0.0000000000000000000 ) ) ;
#5351 = VERTEX_POINT ( 'NONE', #433 ) ;
#5350 = EDGE_CURVE ( 'NONE', #5058, #3585, #2605, .T. ) ;
#5352 = ORIENTED_EDGE ( 'NONE', *, *, #8057, .T. ) ;
#5353 = DIRECTION ( 'NONE',  ( 1.000000000000000000, 0.0000000000000000000, 0.0000000000000000000 ) ) ;
#5354 = AXIS2_PLACEMENT_3D ( 'NONE', #4528, #4454, #3804 ) ;
#5355 = DIRECTION ( 'NONE',  ( 1.000000000000000000, -0.0000000000000000000, 0.0000000000000000000 ) ) ;
#5356 = LINE ( 'NONE', #3227, #6058 ) ;
#5357 = EDGE_CURVE ( 'NONE', #3552, #705, #596, .T. ) ;
#5358 = CIRCLE ( 'NONE', #8762, 0.2500000000000000000 ) ;
#5359 = EDGE_CURVE ( 'NONE', #7923, #7801, #487, .T. ) ;
#5360 = CARTESIAN_POINT ( 'NONE',  ( -2.963485938127047700E-015, 0.7500000000000006700, -10.25000000000000000 ) ) ;
#5361 = ADVANCED_FACE ( 'NONE', ( #8404 ), #6400, .T. ) ;
#5362 = ORIENTED_EDGE ( 'NONE', *, *, #8022, .F. ) ;
#5363 = CARTESIAN_POINT ( 'NONE',  ( 12.50000000000000000, 2.750000000000000900, -12.50000000000000000 ) ) ;
#5364 = ORIENTED_EDGE ( 'NONE', *, *, #7060, .T. ) ;
#5365 = CARTESIAN_POINT ( 'NONE',  ( -5.999999999999996400, 5.499999999999994700, 20.00000000000000000 ) ) ;
#5366 = CIRCLE ( 'NONE', #3741, 0.2500000000000000000 ) ;
#5367 = CARTESIAN_POINT ( 'NONE',  ( -5.998226606295144600, 0.0004751794110772202200, 9.833809782890968500 ) ) ;
#5368 = DIRECTION ( 'NONE',  ( 0.0000000000000000000, 0.0000000000000000000, -1.000000000000000000 ) ) ;
#5369 = DIRECTION ( 'NONE',  ( -1.000000000000000000, -2.602085213965201600E-015, 0.0000000000000000000 ) ) ;
#5370 = VERTEX_POINT ( 'NONE', #586 ) ;
#5371 = DIRECTION ( 'NONE',  ( -0.0000000000000000000, 1.000000000000000000, -0.0000000000000000000 ) ) ;
#5372 = TOROIDAL_SURFACE ( 'NONE', #458, 0.5000000000000000000, 0.2500000000000000000 ) ;
#5373 = CARTESIAN_POINT ( 'NONE',  ( 0.0000000000000000000, 8.749999999999998200, 19.75000000000000000 ) ) ;
#5374 = AXIS2_PLACEMENT_3D ( 'NONE', #4389, #5883, #5084 ) ;
#5375 = CARTESIAN_POINT ( 'NONE',  ( 0.0000000000000000000, 0.7500000000000006700, -9.874999999999998200 ) ) ;
#5376 = ORIENTED_EDGE ( 'NONE', *, *, #3778, .F. ) ;
#5377 = CARTESIAN_POINT ( 'NONE',  ( -4.676776695296637400, 6.969669914110092200, 0.1250000000000001100 ) ) ;
#5378 = CARTESIAN_POINT ( 'NONE',  ( -4.676776695296636500, 6.969669914110091300, 10.37500000000000000 ) ) ;
#5379 = CIRCLE ( 'NONE', #1034, 2.749999999999999100 ) ;
#5380 = ADVANCED_FACE ( 'NONE', ( #1202, #8156 ), #2639, .F. ) ;
#5381 = AXIS2_PLACEMENT_3D ( 'NONE', #9284, #6281, #4789 ) ;
#5382 = EDGE_CURVE ( 'NONE', #4501, #8781, #9350, .T. ) ;
#5383 = CARTESIAN_POINT ( 'NONE',  ( -5.800890086098212000, 0.2985344282647648400, -10.00000000000000000 ) ) ;
#5384 = CARTESIAN_POINT ( 'NONE',  ( 19.75000000000000400, 4.792893218813453900, 20.00000000000000000 ) ) ;
#5385 = ORIENTED_EDGE ( 'NONE', *, *, #8194, .F. ) ;
#5386 = DIRECTION ( 'NONE',  ( -0.0000000000000000000, -0.0000000000000000000, -1.000000000000000000 ) ) ;
#5387 = CYLINDRICAL_SURFACE ( 'NONE', #8727, 0.2500000000000002200 ) ;
#5388 = AXIS2_PLACEMENT_3D ( 'NONE', #9246, #968, #4689 ) ;
#5389 = LINE ( 'NONE', #5148, #7880 ) ;
#5390 = CARTESIAN_POINT ( 'NONE',  ( -2.792893218813456500, 8.499999999999998200, -19.75000000000000000 ) ) ;
#5391 = DIRECTION ( 'NONE',  ( -0.0000000000000000000, -0.0000000000000000000, 1.000000000000000000 ) ) ;
#5392 = CARTESIAN_POINT ( 'NONE',  ( -12.50000000000002700, 5.399999999999980800, 12.50000000000000000 ) ) ;
#5393 = ADVANCED_FACE ( 'NONE', ( #2368 ), #7344, .T. ) ;
#5394 = AXIS2_PLACEMENT_3D ( 'NONE', #4839, #7150, #2623 ) ;
#5395 = ORIENTED_EDGE ( 'NONE', *, *, #5350, .F. ) ;
#5396 = CARTESIAN_POINT ( 'NONE',  ( -6.000000000000001800, -1.734725280734508100E-015, 9.816987298107784800 ) ) ;
#5397 = EDGE_CURVE ( 'NONE', #5478, #5914, #5077, .T. ) ;
#5398 = CIRCLE ( 'NONE', #6402, 0.2500000000000003300 ) ;
#5399 = ORIENTED_EDGE ( 'NONE', *, *, #4309, .T. ) ;
#5400 = DIRECTION ( 'NONE',  ( -0.0000000000000000000, 1.000000000000000000, 0.0000000000000000000 ) ) ;
#5401 = CIRCLE ( 'NONE', #692, 2.000000000000000000 ) ;
#5402 = DIRECTION ( 'NONE',  ( -1.000000000000000000, 0.0000000000000000000, 0.0000000000000000000 ) ) ;
#5403 = ADVANCED_FACE ( 'NONE', ( #6516 ), #7569, .T. ) ;
#5404 = ORIENTED_EDGE ( 'NONE', *, *, #7187, .F. ) ;
#5405 = CYLINDRICAL_SURFACE ( 'NONE', #2546, 2.000000000000000000 ) ;
#5406 = PERSON_AND_ORGANIZATION ( #8779, #7896 ) ;
#5407 = CARTESIAN_POINT ( 'NONE',  ( -5.796497433456090100, 0.05452834836309901300, 0.3749999999999998900 ) ) ;
#5408 = AXIS2_PLACEMENT_3D ( 'NONE', #288, #6331, #8546 ) ;
#5409 = DIRECTION ( 'NONE',  ( 0.0000000000000000000, 0.0000000000000000000, 1.000000000000000000 ) ) ;
#5410 = EDGE_CURVE ( 'NONE', #7224, #8160, #1792, .T. ) ;
#5411 = DIRECTION ( 'NONE',  ( -0.0000000000000000000, 0.0000000000000000000, 1.000000000000000000 ) ) ;
#5412 = EDGE_CURVE ( 'NONE', #6128, #8602, #973, .T. ) ;
#5413 = DIRECTION ( 'NONE',  ( 0.0000000000000000000, 0.0000000000000000000, -1.000000000000000000 ) ) ;
#5414 = ORIENTED_EDGE ( 'NONE', *, *, #3462, .T. ) ;
#5415 = CIRCLE ( 'NONE', #4630, 0.2499999999999997200 ) ;
#5416 = CIRCLE ( 'NONE', #4900, 0.2499999999999997200 ) ;
#5417 = ORIENTED_EDGE ( 'NONE', *, *, #4660, .T. ) ;
#5418 = DIRECTION ( 'NONE',  ( 0.0000000000000000000, -1.000000000000000000, -0.0000000000000000000 ) ) ;
#5419 = ORIENTED_EDGE ( 'NONE', *, *, #32, .T. ) ;
#5420 = EDGE_LOOP ( 'NONE', ( #993, #6287, #6062, #6623 ) ) ;
#5421 = CIRCLE ( 'NONE', #7281, 0.2499999999999997200 ) ;
#5422 = LINE ( 'NONE', #1230, #4940 ) ;
#5423 = CARTESIAN_POINT ( 'NONE',  ( -2.000000000000000000, 5.499999999999998200, -10.10000000000000100 ) ) ;
#5424 = CARTESIAN_POINT ( 'NONE',  ( -4.500000000000000900, 6.792893218813454800, 10.37500000000000000 ) ) ;
#5425 = VERTEX_POINT ( 'NONE', #2103 ) ;
#5426 = CARTESIAN_POINT ( 'NONE',  ( 12.50000000000000000, 0.0000000000000000000, 12.50000000000000000 ) ) ;
#5427 = ORIENTED_EDGE ( 'NONE', *, *, #6513, .F. ) ;
#5428 = DIRECTION ( 'NONE',  ( -1.000000000000000000, 0.0000000000000000000, 0.0000000000000000000 ) ) ;
#5429 = ADVANCED_FACE ( 'NONE', ( #9581 ), #367, .T. ) ;
#5430 = DIRECTION ( 'NONE',  ( 0.0000000000000000000, -0.0000000000000000000, 1.000000000000000000 ) ) ;
#5431 = AXIS2_PLACEMENT_3D ( 'NONE', #1587, #5310, #4514 ) ;
#5432 = DIRECTION ( 'NONE',  ( 0.0000000000000000000, 0.0000000000000000000, 1.000000000000000000 ) ) ;
#5433 = ORIENTED_EDGE ( 'NONE', *, *, #2166, .T. ) ;
#5434 = CYLINDRICAL_SURFACE ( 'NONE', #3152, 0.2500000000000002200 ) ;
#5435 = VECTOR ( 'NONE', #4176, 1000.000000000000000 ) ;
#5436 = CARTESIAN_POINT ( 'NONE',  ( -2.000000000000000000, 5.499999999999998200, -9.774999999999998600 ) ) ;
#5437 = ORIENTED_EDGE ( 'NONE', *, *, #7282, .T. ) ;
#5438 = DIRECTION ( 'NONE',  ( 0.0000000000000000000, 1.000000000000000000, 0.0000000000000000000 ) ) ;
#5439 = ORIENTED_EDGE ( 'NONE', *, *, #2675, .F. ) ;
#5440 = VECTOR ( 'NONE', #1047, 1000.000000000000000 ) ;
#5441 = AXIS2_PLACEMENT_3D ( 'NONE', #1012, #9258, #2480 ) ;
#5442 = CARTESIAN_POINT ( 'NONE',  ( -19.46966991411012100, 5.176776695296601900, 19.75000000000000000 ) ) ;
#5443 = CYLINDRICAL_SURFACE ( 'NONE', #4768, 0.5000000000000004400 ) ;
#5444 = ADVANCED_FACE ( 'NONE', ( #3059 ), #8978, .T. ) ;
#5445 = CARTESIAN_POINT ( 'NONE',  ( 0.0000000000000000000, 9.000000000000000000, 10.00000000000000000 ) ) ;
#5446 = ORIENTED_EDGE ( 'NONE', *, *, #6102, .T. ) ;
#5447 = FACE_OUTER_BOUND ( 'NONE', #853, .T. ) ;
#5448 = EDGE_LOOP ( 'NONE', ( #7809, #9606, #1524, #5692 ) ) ;
#5449 = AXIS2_PLACEMENT_3D ( 'NONE', #4040, #1765, #4799 ) ;
#5450 = ORIENTED_EDGE ( 'NONE', *, *, #1877, .F. ) ;
#5451 = CYLINDRICAL_SURFACE ( 'NONE', #5354, 2.000000000000000000 ) ;
#5452 = ORIENTED_EDGE ( 'NONE', *, *, #4299, .F. ) ;
#5453 = DIRECTION ( 'NONE',  ( -0.0000000000000000000, -0.0000000000000000000, 1.000000000000000000 ) ) ;
#5454 = PLANE ( 'NONE',  #5956 ) ;
#5455 = VERTEX_POINT ( 'NONE', #5006 ) ;
#5456 = AXIS2_PLACEMENT_3D ( 'NONE', #1208, #1839, #7173 ) ;
#5457 = ORIENTED_EDGE ( 'NONE', *, *, #1297, .T. ) ;
#5458 = ORIENTED_EDGE ( 'NONE', *, *, #6789, .T. ) ;
#5459 = EDGE_CURVE ( 'NONE', #9665, #5653, #5319, .T. ) ;
#5460 = ADVANCED_FACE ( 'NONE', ( #1080 ), #1307, .T. ) ;
#5461 = CARTESIAN_POINT ( 'NONE',  ( 6.000000000000003600, -2.168404344971008900E-016, 10.30801270189222100 ) ) ;
#5462 = CARTESIAN_POINT ( 'NONE',  ( -5.749999999999996400, 9.000000000000000000, 0.1250000000000001100 ) ) ;
#5463 = VERTEX_POINT ( 'NONE', #7273 ) ;
#5464 = FACE_OUTER_BOUND ( 'NONE', #870, .T. ) ;
#5465 = DIRECTION ( 'NONE',  ( 0.0000000000000000000, 0.0000000000000000000, 1.000000000000000000 ) ) ;
#5466 = CARTESIAN_POINT ( 'NONE',  ( 6.032913124396850800, 0.2500000000000000000, 20.00000000000000000 ) ) ;
#5467 = EDGE_LOOP ( 'NONE', ( #4642, #3731, #3599, #8604 ) ) ;
#5468 = ORIENTED_EDGE ( 'NONE', *, *, #2753, .F. ) ;
#5469 = ORIENTED_EDGE ( 'NONE', *, *, #7409, .T. ) ;
#5470 = ORIENTED_EDGE ( 'NONE', *, *, #540, .T. ) ;
#5471 = CARTESIAN_POINT ( 'NONE',  ( -6.000000000000001800, -1.734725280734508100E-015, -10.18301270189221300 ) ) ;
#5472 = VECTOR ( 'NONE', #4355, 1000.000000000000000 ) ;
#5473 = AXIS2_PLACEMENT_3D ( 'NONE', #3463, #7276, #1320 ) ;
#5474 = DIRECTION ( 'NONE',  ( 0.0000000000000000000, -0.0000000000000000000, 1.000000000000000000 ) ) ;
#5475 = EDGE_CURVE ( 'NONE', #9029, #6983, #6987, .T. ) ;
#5476 = DIRECTION ( 'NONE',  ( -1.000000000000000000, 0.0000000000000000000, 0.0000000000000000000 ) ) ;
#5477 = EDGE_CURVE ( 'NONE', #919, #4090, #6858, .T. ) ;
#5478 = VERTEX_POINT ( 'NONE', #5031 ) ;
#5479 = DIRECTION ( 'NONE',  ( 0.0000000000000000000, 1.000000000000000000, 0.0000000000000000000 ) ) ;
#5480 = VERTEX_POINT ( 'NONE', #9607 ) ;
#5481 = CARTESIAN_POINT ( 'NONE',  ( -19.29289321881348200, 5.249999999999962700, 19.75000000000000000 ) ) ;
#5482 = LINE ( 'NONE', #7138, #8783 ) ;
#5483 = CIRCLE ( 'NONE', #7434, 0.4999999999999995600 ) ;
#5484 = CARTESIAN_POINT ( 'NONE',  ( 4.101061471818666400, 0.7500000000000001100, 19.75000000000000000 ) ) ;
#5485 =( BOUNDED_SURFACE ( )  B_SPLINE_SURFACE ( 3, 2, ( 
 ( #3865, #4597, #7639 ),
 ( #2961, #6053, #3766 ),
 ( #3801, #8262, #6775 ),
 ( #5254, #2314, #770 ) ),
 .UNSPECIFIED., .F., .F., .F. ) 
 B_SPLINE_SURFACE_WITH_KNOTS ( ( 4, 4 ),
 ( 3, 3 ),
 ( 1.570796326794896600, 2.233852117024877100 ),
 ( 0.0000000000000000000, 1.000000000000000000 ),
 .UNSPECIFIED. ) 
 GEOMETRIC_REPRESENTATION_ITEM ( )  RATIONAL_B_SPLINE_SURFACE ( (
 ( 1.000000000000000000, 0.7071067811865472400, 1.000000000000000000),
 ( 1.000000000000000000, 0.7273619197245444500, 1.000000000000000000),
 ( 1.000000000000000000, 0.7465787745745506900, 1.000000000000000000),
 ( 1.000000000000000000, 0.7613508976003429100, 1.000000000000000000) ) ) 
 REPRESENTATION_ITEM ( '' )  SURFACE ( )  );
#5486 = CARTESIAN_POINT ( 'NONE',  ( 5.905669631948788900, 0.02527574594105382000, -9.662690074217952200 ) ) ;
#5487 = DIRECTION ( 'NONE',  ( -1.000000000000000000, 0.0000000000000000000, 0.0000000000000000000 ) ) ;
#5488 = ADVANCED_FACE ( 'NONE', ( #4856 ), #8756, .T. ) ;
#5489 = CARTESIAN_POINT ( 'NONE',  ( 1.330407161568939100E-016, 5.499999999999998200, 20.00000000000000000 ) ) ;
#5490 = AXIS2_PLACEMENT_3D ( 'NONE', #890, #784, #3845 ) ;
#5491 = DIRECTION ( 'NONE',  ( 0.0000000000000000000, 0.0000000000000000000, 1.000000000000000000 ) ) ;
#5492 = ORIENTED_EDGE ( 'NONE', *, *, #7127, .T. ) ;
#5493 = VERTEX_POINT ( 'NONE', #6753 ) ;
#5494 = DIRECTION ( 'NONE',  ( 0.7071067811865482400, -0.7071067811865469100, -0.0000000000000000000 ) ) ;
#5495 = FACE_OUTER_BOUND ( 'NONE', #4219, .T. ) ;
#5496 = CARTESIAN_POINT ( 'NONE',  ( -2.792893218813456500, 9.000000000000000000, -19.75000000000000000 ) ) ;
#5497 = CARTESIAN_POINT ( 'NONE',  ( 2.792893218813457400, 8.499999999999998200, 9.750000000000000000 ) ) ;
#5498 = ORIENTED_EDGE ( 'NONE', *, *, #7768, .F. ) ;
#5499 = CARTESIAN_POINT ( 'NONE',  ( -19.49999999999999600, 4.792893218813452100, -19.75000000000000000 ) ) ;
#5500 = DIRECTION ( 'NONE',  ( 0.0000000000000000000, 0.0000000000000000000, 1.000000000000000000 ) ) ;
#5501 = EDGE_CURVE ( 'NONE', #5425, #8742, #8044, .T. ) ;
#5502 = ADVANCED_FACE ( 'NONE', ( #4964 ), #6286, .F. ) ;
#5503 = VECTOR ( 'NONE', #2968, 1000.000000000000000 ) ;
#5504 = EDGE_CURVE ( 'NONE', #1396, #480, #6028, .T. ) ;
#5505 = CARTESIAN_POINT ( 'NONE',  ( -19.99999999999999600, 4.792893218813452100, 20.00000000000000000 ) ) ;
#5506 = DIRECTION ( 'NONE',  ( -1.000000000000000000, 0.0000000000000000000, 0.0000000000000000000 ) ) ;
#5507 = ORIENTED_EDGE ( 'NONE', *, *, #2004, .T. ) ;
#5508 = DIRECTION ( 'NONE',  ( -0.0000000000000000000, -0.0000000000000000000, 1.000000000000000000 ) ) ;
#5509 = ADVANCED_FACE ( 'NONE', ( #2493 ), #5571, .F. ) ;
#5510 = CYLINDRICAL_SURFACE ( 'NONE', #643, 0.2500000000000002200 ) ;
#5511 = AXIS2_PLACEMENT_3D ( 'NONE', #9156, #6119, #163 ) ;
#5512 = CARTESIAN_POINT ( 'NONE',  ( -6.249999999999996400, 5.249999999999996400, 19.75000000000000000 ) ) ;
#5513 = CARTESIAN_POINT ( 'NONE',  ( -19.99999999999999600, 0.5000000000000000000, 20.00000000000000000 ) ) ;
#5514 = PLANE ( 'NONE',  #1593 ) ;
#5515 = ORIENTED_EDGE ( 'NONE', *, *, #7666, .F. ) ;
#5516 = DIRECTION ( 'NONE',  ( 0.0000000000000000000, 0.0000000000000000000, 1.000000000000000000 ) ) ;
#5517 = CIRCLE ( 'NONE', #4472, 0.5000000000000000000 ) ;
#5518 = AXIS2_PLACEMENT_3D ( 'NONE', #9475, #331, #360 ) ;
#5519 = EDGE_CURVE ( 'NONE', #8594, #5315, #263, .T. ) ;
#5520 = LINE ( 'NONE', #6256, #7410 ) ;
#5521 = DIRECTION ( 'NONE',  ( -0.7071067811865449100, -0.7071067811865501300, 1.226634733346693600E-015 ) ) ;
#5522 = CARTESIAN_POINT ( 'NONE',  ( 2.792893218813457400, 8.499999999999998200, -0.2500000000000002200 ) ) ;
#5523 = CARTESIAN_POINT ( 'NONE',  ( 1.330407161568939100E-016, 5.499999999999998200, -10.10000000000000100 ) ) ;
#5524 = CARTESIAN_POINT ( 'NONE',  ( 5.750000000000003600, 0.0000000000000000000, 9.875000000000000000 ) ) ;
#5525 = CARTESIAN_POINT ( 'NONE',  ( -4.750000000000000000, 5.500000000000000900, 0.3750000000000003300 ) ) ;
#5526 = ORIENTED_EDGE ( 'NONE', *, *, #9027, .F. ) ;
#5527 = VECTOR ( 'NONE', #6575, 1000.000000000000000 ) ;
#5528 = CARTESIAN_POINT ( 'NONE',  ( -2.792893218813456500, 8.499999999999998200, 10.12500000000000000 ) ) ;
#5529 = ORIENTED_EDGE ( 'NONE', *, *, #6668, .T. ) ;
#5530 = CARTESIAN_POINT ( 'NONE',  ( 1.330407161568939100E-016, 5.499999999999998200, -19.90000000000000600 ) ) ;
#5531 = CARTESIAN_POINT ( 'NONE',  ( 1.330407161568939100E-016, 5.499999999999998200, 0.0000000000000000000 ) ) ;
#5532 = CARTESIAN_POINT ( 'NONE',  ( -5.250000000000000000, 5.750000000000000000, 9.750000000000000000 ) ) ;
#5533 = AXIS2_PLACEMENT_3D ( 'NONE', #3735, #5430, #541 ) ;
#5534 = EDGE_CURVE ( 'NONE', #7670, #1540, #4921, .T. ) ;
#5535 = CARTESIAN_POINT ( 'NONE',  ( 20.00000000000000400, 0.5000000000000000000, 19.75000000000000000 ) ) ;
#5536 = ORIENTED_EDGE ( 'NONE', *, *, #3820, .F. ) ;
#5537 = LINE ( 'NONE', #5896, #4570 ) ;
#5538 = DIRECTION ( 'NONE',  ( 1.000000000000000000, 8.673617379884004900E-016, 0.0000000000000000000 ) ) ;
#5539 = ORIENTED_EDGE ( 'NONE', *, *, #6668, .F. ) ;
#5540 = DIRECTION ( 'NONE',  ( -1.000000000000000000, -2.621300829121535600E-015, 0.0000000000000000000 ) ) ;
#5541 = EDGE_CURVE ( 'NONE', #99, #4865, #7102, .T. ) ;
#5542 = DIRECTION ( 'NONE',  ( 0.0000000000000000000, 0.0000000000000000000, 1.000000000000000000 ) ) ;
#5543 = ORIENTED_EDGE ( 'NONE', *, *, #2453, .T. ) ;
#5544 = CIRCLE ( 'NONE', #5754, 0.2500000000000002200 ) ;
#5545 = CIRCLE ( 'NONE', #4722, 2.776005992660403300 ) ;
#5546 = AXIS2_PLACEMENT_3D ( 'NONE', #5256, #9781, #5227 ) ;
#5547 = ORIENTED_EDGE ( 'NONE', *, *, #9056, .F. ) ;
#5548 = EDGE_CURVE ( 'NONE', #6274, #7140, #7926, .T. ) ;
#5549 = ADVANCED_FACE ( 'NONE', ( #1668 ), #625, .F. ) ;
#5550 = CARTESIAN_POINT ( 'NONE',  ( -19.49999999999999600, 0.2500000000000000000, 19.75000000000000000 ) ) ;
#5551 = EDGE_CURVE ( 'NONE', #7149, #9325, #9456, .T. ) ;
#5552 = EDGE_LOOP ( 'NONE', ( #1010, #3688, #6285, #760 ) ) ;
#5553 = DIRECTION ( 'NONE',  ( -0.7071067811865475700, -0.7071067811865475700, 0.0000000000000000000 ) ) ;
#5554 = DIRECTION ( 'NONE',  ( 0.0000000000000000000, -1.000000000000000000, 0.0000000000000000000 ) ) ;
#5555 = EDGE_LOOP ( 'NONE', ( #6986, #7430, #475, #8137 ) ) ;
#5556 = CYLINDRICAL_SURFACE ( 'NONE', #5045, 0.5000000000000004400 ) ;
#5557 = LINE ( 'NONE', #5462, #5060 ) ;
#5558 = ORIENTED_EDGE ( 'NONE', *, *, #1304, .T. ) ;
#5559 = ORIENTED_EDGE ( 'NONE', *, *, #5668, .F. ) ;
#5560 = ADVANCED_FACE ( 'NONE', ( #5677 ), #7691, .T. ) ;
#5561 = DIRECTION ( 'NONE',  ( 0.0000000000000000000, 0.0000000000000000000, 1.000000000000000000 ) ) ;
#5562 = ORIENTED_EDGE ( 'NONE', *, *, #6332, .T. ) ;
#5563 = DIRECTION ( 'NONE',  ( 2.891205793294680300E-016, 0.0000000000000000000, 1.000000000000000000 ) ) ;
#5565 = VECTOR ( 'NONE', #5037, 1000.000000000000000 ) ;
#5564 = DIRECTION ( 'NONE',  ( 0.0000000000000000000, 0.0000000000000000000, 1.000000000000000000 ) ) ;
#5566 = VERTEX_POINT ( 'NONE', #9061 ) ;
#5567 = VECTOR ( 'NONE', #4955, 999.9999999999998900 ) ;
#5568 = VERTEX_POINT ( 'NONE', #1450 ) ;
#5569 = CARTESIAN_POINT ( 'NONE',  ( -2.792893218813456500, 8.499999999999998200, -20.00000000000000000 ) ) ;
#5570 = ORIENTED_EDGE ( 'NONE', *, *, #8209, .F. ) ;
#5571 = CYLINDRICAL_SURFACE ( 'NONE', #8342, 2.749999999999999100 ) ;
#5572 = AXIS2_PLACEMENT_3D ( 'NONE', #3337, #5603, #5658 ) ;
#5573 = CARTESIAN_POINT ( 'NONE',  ( -5.989959552787899700, 0.002690329722127208700, 9.853541104607051800 ) ) ;
#5574 = DIRECTION ( 'NONE',  ( -0.0000000000000000000, -1.000000000000000000, 0.0000000000000000000 ) ) ;
#5575 = EDGE_LOOP ( 'NONE', ( #8995, #601, #1302, #8827 ) ) ;
#5576 = ORIENTED_EDGE ( 'NONE', *, *, #353, .T. ) ;
#5577 = AXIS2_PLACEMENT_3D ( 'NONE', #7112, #2573, #3998 ) ;
#5578 = DIRECTION ( 'NONE',  ( 3.469446951953611000E-015, -1.000000000000000000, 0.0000000000000000000 ) ) ;
#5579 = ORIENTED_EDGE ( 'NONE', *, *, #8591, .F. ) ;
#5580 = EDGE_CURVE ( 'NONE', #4045, #8444, #131, .T. ) ;
#5581 = LINE ( 'NONE', #161, #9363 ) ;
#5582 = DIRECTION ( 'NONE',  ( -0.7071067811865536800, -0.7071067811865413600, 0.0000000000000000000 ) ) ;
#5583 = DIRECTION ( 'NONE',  ( -3.469446951953611000E-015, 1.000000000000000000, 0.0000000000000000000 ) ) ;
#5584 = DIRECTION ( 'NONE',  ( 1.000000000000000000, 8.673617379884004900E-016, 0.0000000000000000000 ) ) ;
#5585 = VERTEX_POINT ( 'NONE', #9761 ) ;
#5586 = ORIENTED_EDGE ( 'NONE', *, *, #9107, .F. ) ;
#5587 = AXIS2_PLACEMENT_3D ( 'NONE', #6019, #1501, #6782 ) ;
#5588 = EDGE_LOOP ( 'NONE', ( #6398, #3444, #3077, #5998 ) ) ;
#5589 = CARTESIAN_POINT ( 'NONE',  ( 4.750000000000000900, 5.749999999999998200, -9.874999999999998200 ) ) ;
#5590 = DIRECTION ( 'NONE',  ( -1.000000000000000000, 1.734723475976795500E-015, 0.0000000000000000000 ) ) ;
#5591 = ORIENTED_EDGE ( 'NONE', *, *, #6545, .T. ) ;
#5592 = CARTESIAN_POINT ( 'NONE',  ( 5.993059256806190200, 0.001859766533653768000, -0.1440574947569649400 ) ) ;
#5593 = VECTOR ( 'NONE', #6491, 1000.000000000000000 ) ;
#5594 = CARTESIAN_POINT ( 'NONE',  ( 5.000000000000000000, 5.749999999999999100, 19.75000000000000000 ) ) ;
#5595 = AXIS2_PLACEMENT_3D ( 'NONE', #6459, #7214, #5723 ) ;
#5596 = EDGE_CURVE ( 'NONE', #6128, #520, #1903, .T. ) ;
#5597 = DIRECTION ( 'NONE',  ( -0.0000000000000000000, 1.000000000000000000, 0.0000000000000000000 ) ) ;
#5598 = EDGE_LOOP ( 'NONE', ( #4987, #7664, #7847, #7858 ) ) ;
#5599 = DIRECTION ( 'NONE',  ( -1.000000000000000000, 0.0000000000000000000, 0.0000000000000000000 ) ) ;
#5600 = ORIENTED_EDGE ( 'NONE', *, *, #2974, .T. ) ;
#5601 = CIRCLE ( 'NONE', #1203, 0.2500000000000002200 ) ;
#5602 = FACE_OUTER_BOUND ( 'NONE', #6181, .T. ) ;
#5603 = DIRECTION ( 'NONE',  ( -2.891205793294680300E-016, -0.0000000000000000000, -1.000000000000000000 ) ) ;
#5604 = DIRECTION ( 'NONE',  ( 1.000000000000000000, 0.0000000000000000000, 1.224646799147353200E-016 ) ) ;
#5606 = ORIENTED_EDGE ( 'NONE', *, *, #4783, .F. ) ;
#5605 = AXIS2_PLACEMENT_3D ( 'NONE', #299, #6368, #4083 ) ;
#5607 = ORIENTED_EDGE ( 'NONE', *, *, #4460, .T. ) ;
#5608 = AXIS2_PLACEMENT_3D ( 'NONE', #8169, #8136, #9652 ) ;
#5609 = EDGE_CURVE ( 'NONE', #4490, #6293, #3418, .T. ) ;
#5610 = LINE ( 'NONE', #492, #3583 ) ;
#5611 = EDGE_CURVE ( 'NONE', #830, #8100, #9685, .T. ) ;
#5612 = ADVANCED_FACE ( 'NONE', ( #3525 ), #5655, .T. ) ;
#5613 = CARTESIAN_POINT ( 'NONE',  ( 19.67677669529663800, 4.969669914110091300, -19.75000000000000000 ) ) ;
#5614 = ORIENTED_EDGE ( 'NONE', *, *, #4500, .T. ) ;
#5615 = CARTESIAN_POINT ( 'NONE',  ( 1.330407161568939100E-016, 5.499999999999998200, -19.90000000000000600 ) ) ;
#5616 = CYLINDRICAL_SURFACE ( 'NONE', #979, 0.2500000000000002200 ) ;
#5617 = DIRECTION ( 'NONE',  ( 0.0000000000000000000, 1.000000000000000000, -0.0000000000000000000 ) ) ;
#5618 = VERTEX_POINT ( 'NONE', #9169 ) ;
#5619 = DIRECTION ( 'NONE',  ( 0.0000000000000000000, 1.000000000000000000, -0.0000000000000000000 ) ) ;
#5620 = CIRCLE ( 'NONE', #1215, 0.2500000000000002200 ) ;
#5621 = CARTESIAN_POINT ( 'NONE',  ( -6.249999999999996400, 0.2500000000000002200, -9.749999999999998200 ) ) ;
#5622 = CARTESIAN_POINT ( 'NONE',  ( 6.250000000000003600, 0.0000000000000000000, 20.00000000000000000 ) ) ;
#5623 = PERSON_AND_ORGANIZATION_ROLE ( 'creator' ) ;
#5624 = AXIS2_PLACEMENT_3D ( 'NONE', #8875, #2195, #7460 ) ;
#5625 = ORIENTED_EDGE ( 'NONE', *, *, #5015, .T. ) ;
#5626 = CYLINDRICAL_SURFACE ( 'NONE', #3656, 0.2500000000000000000 ) ;
#5627 = FACE_OUTER_BOUND ( 'NONE', #3926, .T. ) ;
#5628 = AXIS2_PLACEMENT_3D ( 'NONE', #5162, #5203, #6688 ) ;
#5629 = DIRECTION ( 'NONE',  ( -1.000000000000000000, 0.0000000000000000000, 0.0000000000000000000 ) ) ;
#5630 = ORIENTED_EDGE ( 'NONE', *, *, #9393, .F. ) ;
#5631 = ORIENTED_EDGE ( 'NONE', *, *, #1626, .T. ) ;
#5632 = CIRCLE ( 'NONE', #3469, 5.000000000000000000 ) ;
#5633 = ORIENTED_EDGE ( 'NONE', *, *, #3956, .T. ) ;
#5634 = AXIS2_PLACEMENT_3D ( 'NONE', #4673, #8473, #806 ) ;
#5635 = DIRECTION ( 'NONE',  ( 0.0000000000000000000, -1.000000000000000000, 0.0000000000000000000 ) ) ;
#5636 = FACE_BOUND ( 'NONE', #2824, .T. ) ;
#5637 = CARTESIAN_POINT ( 'NONE',  ( 4.101061471818666400, 0.2500000000000002200, -9.874999999999998200 ) ) ;
#5638 = CARTESIAN_POINT ( 'NONE',  ( 12.50000000000000000, 5.467267279399634600, -7.279757018727604400 ) ) ;
#5639 = AXIS2_PLACEMENT_3D ( 'NONE', #8965, #1317, #4438 ) ;
#5640 = EDGE_CURVE ( 'NONE', #465, #9029, #5059, .T. ) ;
#5641 = CARTESIAN_POINT ( 'NONE',  ( 5.000000000000002700, 6.792893218813461000, 20.00000000000000000 ) ) ;
#5642 = ORIENTED_EDGE ( 'NONE', *, *, #8888, .F. ) ;
#5643 = CYLINDRICAL_SURFACE ( 'NONE', #4120, 0.2500000000000003300 ) ;
#5644 = CARTESIAN_POINT ( 'NONE',  ( 5.891456562198428900, 0.2500000000000002200, 10.08113112576950400 ) ) ;
#5645 = CARTESIAN_POINT ( 'NONE',  ( 2.792893218813457400, 8.499999999999998200, 0.3750000000000003300 ) ) ;
#5646 = ADVANCED_FACE ( 'NONE', ( #3901 ), #2009, .T. ) ;
#5647 = CARTESIAN_POINT ( 'NONE',  ( 1.330407161568939100E-016, 5.499999999999998200, 20.00000000000000000 ) ) ;
#5648 = CARTESIAN_POINT ( 'NONE',  ( -19.74999999999999600, 0.0000000000000000000, 19.75000000000000000 ) ) ;
#5649 = EDGE_LOOP ( 'NONE', ( #3976, #577, #1902, #7272 ) ) ;
#5650 = CIRCLE ( 'NONE', #9383, 0.09999999999999982500 ) ;
#5651 = CIRCLE ( 'NONE', #7763, 0.2500000000000002200 ) ;
#5652 = PERSON_AND_ORGANIZATION_ROLE ( 'design_owner' ) ;
#5653 = VERTEX_POINT ( 'NONE', #6101 ) ;
#5654 = AXIS2_PLACEMENT_3D ( 'NONE', #4990, #7320, #1943 ) ;
#5655 =( BOUNDED_SURFACE ( )  B_SPLINE_SURFACE ( 3, 2, ( 
 ( #967, #7002, #7593 ),
 ( #5486, #7738, #3046 ),
 ( #3888, #6930, #2411 ),
 ( #2440, #6215, #3150 ) ),
 .UNSPECIFIED., .F., .F., .F. ) 
 B_SPLINE_SURFACE_WITH_KNOTS ( ( 4, 4 ),
 ( 3, 3 ),
 ( 0.9077405365649003900, 1.570796326794896600 ),
 ( 0.0000000000000000000, 1.000000000000000000 ),
 .UNSPECIFIED. ) 
 GEOMETRIC_REPRESENTATION_ITEM ( )  RATIONAL_B_SPLINE_SURFACE ( (
 ( 1.000000000000000000, 0.7613508976003439100, 1.000000000000000000),
 ( 1.000000000000000000, 0.7465787745745518000, 1.000000000000000000),
 ( 1.000000000000000000, 0.7273619197245451100, 1.000000000000000000),
 ( 1.000000000000000000, 0.7071067811865472400, 1.000000000000000000) ) ) 
 REPRESENTATION_ITEM ( '' )  SURFACE ( )  );
#5656 = ORIENTED_EDGE ( 'NONE', *, *, #2301, .F. ) ;
#5657 = EDGE_CURVE ( 'NONE', #4168, #9780, #470, .T. ) ;
#5658 = DIRECTION ( 'NONE',  ( -1.000000000000000000, 0.0000000000000000000, 0.0000000000000000000 ) ) ;
#5659 = EDGE_CURVE ( 'NONE', #7224, #4780, #9334, .T. ) ;
#5660 = ORIENTED_EDGE ( 'NONE', *, *, #791, .F. ) ;
#5661 = CIRCLE ( 'NONE', #3663, 0.2500000000000002200 ) ;
#5662 = FACE_OUTER_BOUND ( 'NONE', #3405, .T. ) ;
#5663 = DIRECTION ( 'NONE',  ( 1.000000000000000000, 8.673617379884004900E-016, -0.0000000000000000000 ) ) ;
#5664 = EDGE_LOOP ( 'NONE', ( #622, #7424, #1447, #1678 ) ) ;
#5665 = CARTESIAN_POINT ( 'NONE',  ( -12.50000000000000000, 0.0000000000000000000, -12.50000000000000000 ) ) ;
#5666 = CARTESIAN_POINT ( 'NONE',  ( 4.230470994369924600, 0.7329629131445349900, -9.874999999999998200 ) ) ;
#5667 = ORIENTED_EDGE ( 'NONE', *, *, #1960, .F. ) ;
#5668 = EDGE_CURVE ( 'NONE', #7923, #2586, #7327, .T. ) ;
#5669 = CARTESIAN_POINT ( 'NONE',  ( 4.165766233094295500, 0.4914814565722676100, -0.2500000000000000000 ) ) ;
#5670 = EDGE_CURVE ( 'NONE', #8059, #3581, #7806, .T. ) ;
#5671 = ORIENTED_EDGE ( 'NONE', *, *, #7707, .T. ) ;
#5672 = VECTOR ( 'NONE', #8587, 1000.000000000000000 ) ;
#5673 = EDGE_CURVE ( 'NONE', #3324, #343, #7547, .T. ) ;
#5674 = DIRECTION ( 'NONE',  ( 0.0000000000000000000, 0.0000000000000000000, -1.000000000000000000 ) ) ;
#5675 = ORIENTED_EDGE ( 'NONE', *, *, #5784, .T. ) ;
#5676 = ORIENTED_EDGE ( 'NONE', *, *, #6369, .T. ) ;
#5677 = FACE_OUTER_BOUND ( 'NONE', #9571, .T. ) ;
#5678 = CIRCLE ( 'NONE', #8631, 0.2500000000000002200 ) ;
#5679 = EDGE_CURVE ( 'NONE', #4065, #5478, #1774, .T. ) ;
#5680 = CARTESIAN_POINT ( 'NONE',  ( 2.823223304703366100, 8.823223304703361700, -0.2500000000000002200 ) ) ;
#5681 = EDGE_LOOP ( 'NONE', ( #3971, #14, #7528, #5019 ) ) ;
#5682 = CIRCLE ( 'NONE', #3302, 0.5000000000000000000 ) ;
#5683 = ORIENTED_EDGE ( 'NONE', *, *, #162, .T. ) ;
#5684 = DIRECTION ( 'NONE',  ( 1.000000000000000000, 0.0000000000000000000, 0.0000000000000000000 ) ) ;
#5685 = EDGE_CURVE ( 'NONE', #383, #5480, #7447, .T. ) ;
#5686 = CARTESIAN_POINT ( 'NONE',  ( -12.50000000000000000, 5.467267279399611500, 17.72024298127237800 ) ) ;
#5687 = DIRECTION ( 'NONE',  ( -0.0000000000000000000, 1.000000000000000000, -0.0000000000000000000 ) ) ;
#5688 = ORIENTED_EDGE ( 'NONE', *, *, #8688, .F. ) ;
#5689 = LINE ( 'NONE', #701, #2256 ) ;
#5690 = EDGE_LOOP ( 'NONE', ( #6565, #3196, #6106, #3169 ) ) ;
#5691 = APPROVAL_STATUS ( 'not_yet_approved' ) ;
#5692 = ORIENTED_EDGE ( 'NONE', *, *, #4878, .F. ) ;
#5693 = ORIENTED_EDGE ( 'NONE', *, *, #1676, .T. ) ;
#5694 = ORIENTED_EDGE ( 'NONE', *, *, #4519, .T. ) ;
#5695 = DIRECTION ( 'NONE',  ( 0.0000000000000000000, 0.0000000000000000000, -1.000000000000000000 ) ) ;
#5696 = AXIS2_PLACEMENT_3D ( 'NONE', #7535, #4602, #9020 ) ;
#5697 = VERTEX_POINT ( 'NONE', #184 ) ;
#5698 = CIRCLE ( 'NONE', #423, 0.2500000000000002200 ) ;
#5699 = DIRECTION ( 'NONE',  ( -1.000000000000000000, 0.0000000000000000000, 0.0000000000000000000 ) ) ;
#5700 = ADVANCED_FACE ( 'NONE', ( #3040 ), #1064, .T. ) ;
#5701 = AXIS2_PLACEMENT_3D ( 'NONE', #8358, #7143, #1106 ) ;
#5702 = ORIENTED_EDGE ( 'NONE', *, *, #1482, .T. ) ;
#5703 = DIRECTION ( 'NONE',  ( 0.0000000000000000000, 0.0000000000000000000, 1.000000000000000000 ) ) ;
#5704 = ORIENTED_EDGE ( 'NONE', *, *, #8835, .F. ) ;
#5705 = EDGE_CURVE ( 'NONE', #8728, #8522, #4594, .T. ) ;
#5706 = DIRECTION ( 'NONE',  ( -1.000000000000000000, 0.0000000000000000000, 0.0000000000000000000 ) ) ;
#5707 = ORIENTED_EDGE ( 'NONE', *, *, #1418, .T. ) ;
#5708 = CARTESIAN_POINT ( 'NONE',  ( -5.749999999999996400, 0.3258063432102992800, 0.1249999999999998900 ) ) ;
#5709 = AXIS2_PLACEMENT_3D ( 'NONE', #4764, #6416, #3352 ) ;
#5710 = ORIENTED_EDGE ( 'NONE', *, *, #412, .F. ) ;
#5711 = CLOSED_SHELL ( 'NONE', ( #6199, #2750, #9556, #4703, #8303, #1570, #1055, #4802 ) ) ;
#5712 = DIRECTION ( 'NONE',  ( 0.0000000000000000000, 1.000000000000000000, -0.0000000000000000000 ) ) ;
#5713 = VECTOR ( 'NONE', #4937, 1000.000000000000000 ) ;
#5714 = TOROIDAL_SURFACE ( 'NONE', #2770, 2.100000000000000100, 0.1000000000000000100 ) ;
#5715 = AXIS2_PLACEMENT_3D ( 'NONE', #7993, #9514, #7900 ) ;
#5716 = EDGE_CURVE ( 'NONE', #3552, #8980, #8515, .T. ) ;
#5717 = CARTESIAN_POINT ( 'NONE',  ( 6.000000000000003600, -2.168404344971008900E-016, 19.75000000000000000 ) ) ;
#5718 = PLANE ( 'NONE',  #3167 ) ;
#5719 = ORIENTED_EDGE ( 'NONE', *, *, #8861, .F. ) ;
#5720 = APPLICATION_PROTOCOL_DEFINITION ( 'international standard', 'config_control_design', 1994, #4170 ) ;
#5721 = DIRECTION ( 'NONE',  ( -1.000000000000000000, 0.0000000000000000000, 2.891205793294680300E-016 ) ) ;
#5722 = CIRCLE ( 'NONE', #2286, 2.100000000000000100 ) ;
#5723 = DIRECTION ( 'NONE',  ( 1.000000000000000000, 0.0000000000000000000, 0.0000000000000000000 ) ) ;
#5724 = AXIS2_PLACEMENT_3D ( 'NONE', #5264, #7618, #8380 ) ;
#5725 = AXIS2_PLACEMENT_3D ( 'NONE', #5830, #8826, #9526 ) ;
#5726 = ORIENTED_EDGE ( 'NONE', *, *, #2662, .T. ) ;
#5727 = CARTESIAN_POINT ( 'NONE',  ( 19.50000000000000400, 0.5000000000000000000, -19.75000000000000000 ) ) ;
#5728 = EDGE_CURVE ( 'NONE', #4622, #2509, #8260, .T. ) ;
#5729 = DIRECTION ( 'NONE',  ( 0.0000000000000000000, 0.0000000000000000000, -1.000000000000000000 ) ) ;
#5730 = DIRECTION ( 'NONE',  ( -2.891205793294680300E-016, 0.0000000000000000000, -1.000000000000000000 ) ) ;
#5731 = EDGE_CURVE ( 'NONE', #4, #7140, #8739, .T. ) ;
#5732 = FACE_BOUND ( 'NONE', #188, .T. ) ;
#5733 = CARTESIAN_POINT ( 'NONE',  ( 19.50000000000000400, 0.5000000000000000000, 19.75000000000000000 ) ) ;
#5734 = DIRECTION ( 'NONE',  ( 0.0000000000000000000, 0.0000000000000000000, -1.000000000000000000 ) ) ;
#5735 = ORIENTED_EDGE ( 'NONE', *, *, #603, .F. ) ;
#5736 = CARTESIAN_POINT ( 'NONE',  ( -6.000000000000001800, -1.734725280734508100E-015, -19.75000000000000000 ) ) ;
#5737 = FACE_OUTER_BOUND ( 'NONE', #1915, .T. ) ;
#5738 = CARTESIAN_POINT ( 'NONE',  ( -5.749999999999996400, 0.2500000000000002200, 10.25000000000000000 ) ) ;
#5739 = CARTESIAN_POINT ( 'NONE',  ( 0.0000000000000000000, 0.7500000000000006700, 10.00000000000000000 ) ) ;
#5740 = ORIENTED_EDGE ( 'NONE', *, *, #663, .F. ) ;
#5741 = DIRECTION ( 'NONE',  ( 1.000000000000000000, 0.0000000000000000000, 0.0000000000000000000 ) ) ;
#5742 = ADVANCED_FACE ( 'NONE', ( #2478 ), #6839, .T. ) ;
#5743 = DIRECTION ( 'NONE',  ( -1.000000000000000000, 0.0000000000000000000, 2.891205793294680800E-016 ) ) ;
#5744 = CIRCLE ( 'NONE', #8091, 2.100000000000000100 ) ;
#5745 = CARTESIAN_POINT ( 'NONE',  ( 5.929039484401034300, 0.04174514199130706400, -9.824929257526223500 ) ) ;
#5746 = ORIENTED_EDGE ( 'NONE', *, *, #719, .F. ) ;
#5747 = DIRECTION ( 'NONE',  ( -0.7071067811865487900, 8.659560562354948900E-017, 0.7071067811865463500 ) ) ;
#5748 = FACE_OUTER_BOUND ( 'NONE', #9703, .T. ) ;
#5749 = AXIS2_PLACEMENT_3D ( 'NONE', #6510, #7242, #8837 ) ;
#5750 = CARTESIAN_POINT ( 'NONE',  ( -4.500000000000000900, 6.792893218813454800, -19.75000000000000000 ) ) ;
#5751 = DIRECTION ( 'NONE',  ( -0.7071067811865501300, 0.7071067811865449100, 0.0000000000000000000 ) ) ;
#5752 = EDGE_LOOP ( 'NONE', ( #6204, #2116, #7475, #8414 ) ) ;
#5753 = CIRCLE ( 'NONE', #5624, 0.2500000000000002200 ) ;
#5754 = AXIS2_PLACEMENT_3D ( 'NONE', #2171, #654, #2817 ) ;
#5755 = EDGE_CURVE ( 'NONE', #2957, #4112, #2921, .T. ) ;
#5756 = CARTESIAN_POINT ( 'NONE',  ( -3.146446609406730500, 8.853553390593271300, 19.75000000000000000 ) ) ;
#5757 = CARTESIAN_POINT ( 'NONE',  ( 5.000000000000002700, 7.000000000000008000, 20.00000000000000000 ) ) ;
#5758 = VERTEX_POINT ( 'NONE', #4851 ) ;
#5759 = CIRCLE ( 'NONE', #3232, 0.09999999999999939500 ) ;
#5760 = CALENDAR_DATE ( 2023, 10, 3 ) ;
#5761 = CARTESIAN_POINT ( 'NONE',  ( -2.000000000000000000, 5.499999999999998200, -19.90000000000000600 ) ) ;
#5762 = ORIENTED_EDGE ( 'NONE', *, *, #9107, .T. ) ;
#5763 = AXIS2_PLACEMENT_3D ( 'NONE', #8542, #9361, #9324 ) ;
#5764 = EDGE_CURVE ( 'NONE', #6920, #6974, #1290, .T. ) ;
#5765 = DIRECTION ( 'NONE',  ( -1.000000000000000000, 0.0000000000000000000, 0.0000000000000000000 ) ) ;
#5766 = CARTESIAN_POINT ( 'NONE',  ( -4.500000000000000900, 6.792893218813454800, 20.00000000000000000 ) ) ;
#5767 = ORIENTED_EDGE ( 'NONE', *, *, #6071, .T. ) ;
#5768 = FACE_OUTER_BOUND ( 'NONE', #8967, .T. ) ;
#5769 = CIRCLE ( 'NONE', #3042, 0.2500000000000002200 ) ;
#5770 = DIRECTION ( 'NONE',  ( 0.7071067811865441300, 0.7071067811865510100, 0.0000000000000000000 ) ) ;
#5771 = VERTEX_POINT ( 'NONE', #7135 ) ;
#5772 = ORIENTED_EDGE ( 'NONE', *, *, #7065, .F. ) ;
#5773 = DIRECTION ( 'NONE',  ( 0.0000000000000000000, 0.0000000000000000000, 1.000000000000000000 ) ) ;
#5774 = PLANE ( 'NONE',  #7494 ) ;
#5775 = DIRECTION ( 'NONE',  ( -1.000000000000000000, 0.0000000000000000000, 0.0000000000000000000 ) ) ;
#5776 = AXIS2_PLACEMENT_3D ( 'NONE', #3950, #913, #1946 ) ;
#5777 = VERTEX_POINT ( 'NONE', #7800 ) ;
#5778 = VECTOR ( 'NONE', #2526, 1000.000000000000000 ) ;
#5779 = CIRCLE ( 'NONE', #7826, 0.09999999999999939500 ) ;
#5780 = AXIS2_PLACEMENT_3D ( 'NONE', #8947, #9716, #2917 ) ;
#5781 = ORIENTED_EDGE ( 'NONE', *, *, #3306, .T. ) ;
#5782 = EDGE_CURVE ( 'NONE', #3861, #2762, #6271, .T. ) ;
#5783 = CARTESIAN_POINT ( 'NONE',  ( 12.50000000000000000, 5.467267279399634600, 17.72024298127239600 ) ) ;
#5784 = EDGE_CURVE ( 'NONE', #2734, #7195, #2587, .T. ) ;
#5785 = EDGE_LOOP ( 'NONE', ( #3518, #6231, #9712, #2723 ) ) ;
#5786 = CARTESIAN_POINT ( 'NONE',  ( -3.000000000000002700, 9.000000000000000000, 20.00000000000000000 ) ) ;
#5787 = CARTESIAN_POINT ( 'NONE',  ( 0.0000000000000000000, 0.5000000000000001100, 0.3750000000000003300 ) ) ;
#5788 = TOROIDAL_SURFACE ( 'NONE', #1039, 2.100000000000000100, 0.1000000000000000100 ) ;
#5789 = ORIENTED_EDGE ( 'NONE', *, *, #1301, .T. ) ;
#5790 = LINE ( 'NONE', #1391, #8400 ) ;
#5791 = CARTESIAN_POINT ( 'NONE',  ( -2.891205793294680600E-015, 9.000000000000000000, -10.00000000000000000 ) ) ;
#5792 = PLANE ( 'NONE',  #2674 ) ;
#5793 = ORIENTED_EDGE ( 'NONE', *, *, #9197, .T. ) ;
#5794 = ADVANCED_FACE ( 'NONE', ( #5303 ), #9562, .T. ) ;
#5795 = DIRECTION ( 'NONE',  ( 0.0000000000000000000, 0.0000000000000000000, -1.000000000000000000 ) ) ;
#5796 = VERTEX_POINT ( 'NONE', #363 ) ;
#5797 = CIRCLE ( 'NONE', #4413, 0.5000000000000004400 ) ;
#5798 = ORIENTED_EDGE ( 'NONE', *, *, #594, .F. ) ;
#5799 = CARTESIAN_POINT ( 'NONE',  ( 5.250000000000000000, 5.499999999999998200, 10.37500000000000000 ) ) ;
#5800 = DIRECTION ( 'NONE',  ( -0.0000000000000000000, 1.000000000000000000, 0.0000000000000000000 ) ) ;
#5801 = ORIENTED_EDGE ( 'NONE', *, *, #2732, .F. ) ;
#5802 = VECTOR ( 'NONE', #4381, 1000.000000000000000 ) ;
#5803 = ORIENTED_EDGE ( 'NONE', *, *, #7260, .F. ) ;
#5804 = EDGE_LOOP ( 'NONE', ( #5562, #3050, #7463, #9077 ) ) ;
#5805 = ADVANCED_FACE ( 'NONE', ( #4238 ), #5556, .T. ) ;
#5806 = CONICAL_SURFACE ( 'NONE', #4846, 1.500000000000004900, 0.7853981633974466100 ) ;
#5807 = EDGE_CURVE ( 'NONE', #7383, #4983, #578, .T. ) ;
#5808 = CARTESIAN_POINT ( 'NONE',  ( 12.32322330470334700, 12.32322330470336900, 19.75000000000000000 ) ) ;
#5809 = DIRECTION ( 'NONE',  ( -0.2588190451025143000, -0.9659258262890700900, 0.0000000000000000000 ) ) ;
#5810 = CARTESIAN_POINT ( 'NONE',  ( 3.146446609406729600, 8.853553390593273100, 10.37500000000000000 ) ) ;
#5811 = EDGE_CURVE ( 'NONE', #9478, #2762, #3288, .T. ) ;
#5812 = ORIENTED_EDGE ( 'NONE', *, *, #1948, .F. ) ;
#5813 = ORIENTED_EDGE ( 'NONE', *, *, #3970, .F. ) ;
#5814 = DIRECTION ( 'NONE',  ( 1.000000000000000000, 0.0000000000000000000, 0.0000000000000000000 ) ) ;
#5815 = DIRECTION ( 'NONE',  ( -1.000000000000000000, 0.0000000000000000000, -0.0000000000000000000 ) ) ;
#5816 = ORIENTED_EDGE ( 'NONE', *, *, #9140, .F. ) ;
#5817 = AXIS2_PLACEMENT_3D ( 'NONE', #4859, #3422, #9443 ) ;
#5818 = ORIENTED_EDGE ( 'NONE', *, *, #3749, .F. ) ;
#5819 = CIRCLE ( 'NONE', #7619, 0.09999999999999939500 ) ;
#5820 = DIRECTION ( 'NONE',  ( 3.469446951953611000E-015, -1.000000000000000000, 0.0000000000000000000 ) ) ;
#5821 = DIRECTION ( 'NONE',  ( -1.000000000000000000, 0.0000000000000000000, 0.0000000000000000000 ) ) ;
#5822 = CARTESIAN_POINT ( 'NONE',  ( 0.4019237886466642300, 1.499999999999966200, 20.00000000000000000 ) ) ;
#5823 = ORIENTED_EDGE ( 'NONE', *, *, #1923, .T. ) ;
#5824 = AXIS2_PLACEMENT_3D ( 'NONE', #571, #1212, #5053 ) ;
#5825 = ORIENTED_EDGE ( 'NONE', *, *, #5293, .T. ) ;
#5826 = LINE ( 'NONE', #8289, #3091 ) ;
#5827 = TOROIDAL_SURFACE ( 'NONE', #2172, 2.100000000000000100, 0.1000000000000000100 ) ;
#5828 = CARTESIAN_POINT ( 'NONE',  ( -6.249999999999997300, 5.499999999999997300, 10.25000000000000000 ) ) ;
#5829 = DIRECTION ( 'NONE',  ( -0.0000000000000000000, 0.0000000000000000000, 1.000000000000000000 ) ) ;
#5830 = CARTESIAN_POINT ( 'NONE',  ( 1.330407161568939100E-016, 5.499999999999998200, 20.00000000000000000 ) ) ;
#5831 = AXIS2_PLACEMENT_3D ( 'NONE', #1416, #6630, #5073 ) ;
#5832 = DIRECTION ( 'NONE',  ( 1.734723475976795500E-015, 1.000000000000000000, 0.0000000000000000000 ) ) ;
#5833 = EDGE_CURVE ( 'NONE', #3287, #2617, #4010, .T. ) ;
#5834 = ORIENTED_EDGE ( 'NONE', *, *, #8568, .F. ) ;
#5835 = ORIENTED_EDGE ( 'NONE', *, *, #8919, .T. ) ;
#5836 = CARTESIAN_POINT ( 'NONE',  ( -5.685295238724368300, 0.08432488663803158800, 0.1249999999999996800 ) ) ;
#5837 = DIRECTION ( 'NONE',  ( 0.0000000000000000000, 1.000000000000000000, 0.0000000000000000000 ) ) ;
#5838 = TOROIDAL_SURFACE ( 'NONE', #5709, 0.5000000000000000000, 0.2500000000000000000 ) ;
#5839 = AXIS2_PLACEMENT_3D ( 'NONE', #6904, #4695, #5353 ) ;
#5840 = CARTESIAN_POINT ( 'NONE',  ( 5.891456562198428100, 0.2499999999999997200, 0.04386887423049577000 ) ) ;
#5841 = VERTEX_POINT ( 'NONE', #7921 ) ;
#5842 = DIRECTION ( 'NONE',  ( -1.000000000000000000, 0.0000000000000000000, 0.0000000000000000000 ) ) ;
#5843 = AXIS2_PLACEMENT_3D ( 'NONE', #202, #5474, #3980 ) ;
#5844 = DIRECTION ( 'NONE',  ( -0.0000000000000000000, -0.0000000000000000000, 1.000000000000000000 ) ) ;
#5845 = EDGE_CURVE ( 'NONE', #2282, #5209, #7086, .T. ) ;
#5846 = ADVANCED_FACE ( 'NONE', ( #2225 ), #4837, .T. ) ;
#5847 = CONICAL_SURFACE ( 'NONE', #7100, 2.000000000000000000, 0.7853981633974500600 ) ;
#5848 = CARTESIAN_POINT ( 'NONE',  ( -5.749999999999997300, 5.499999999999999100, 10.25000000000000000 ) ) ;
#5849 = CARTESIAN_POINT ( 'NONE',  ( 5.250000000000000000, 5.249999999999997300, -0.2500000000000000000 ) ) ;
#5850 = CARTESIAN_POINT ( 'NONE',  ( -5.685295238724367400, 0.08432488663803162900, 9.750000000000000000 ) ) ;
#5851 = EDGE_CURVE ( 'NONE', #6337, #3011, #4467, .T. ) ;
#5852 = DIRECTION ( 'NONE',  ( 0.0000000000000000000, -1.000000000000000000, 0.0000000000000000000 ) ) ;
#5853 = EDGE_LOOP ( 'NONE', ( #9038, #9090, #4978, #5967 ) ) ;
#5854 = CARTESIAN_POINT ( 'NONE',  ( -5.891456562198418300, 0.2500000000000002200, -9.956131125769504200 ) ) ;
#5855 = TOROIDAL_SURFACE ( 'NONE', #8924, 0.5000000000000000000, 0.2500000000000000000 ) ;
#5856 = EDGE_CURVE ( 'NONE', #7404, #1808, #247, .T. ) ;
#5857 = AXIS2_PLACEMENT_3D ( 'NONE', #9078, #2343, #8355 ) ;
#5858 = DIRECTION ( 'NONE',  ( -8.673617379884004900E-016, 1.000000000000000000, -0.0000000000000000000 ) ) ;
#5859 = EDGE_CURVE ( 'NONE', #3208, #6365, #9081, .T. ) ;
#5860 = DIRECTION ( 'NONE',  ( -1.000000000000000000, 0.0000000000000000000, 0.0000000000000000000 ) ) ;
#5861 = ORIENTED_EDGE ( 'NONE', *, *, #7597, .F. ) ;
#5862 = DIRECTION ( 'NONE',  ( 0.0000000000000000000, -0.0000000000000000000, 1.000000000000000000 ) ) ;
#5863 = EDGE_CURVE ( 'NONE', #1900, #1442, #1410, .T. ) ;
#5864 = VECTOR ( 'NONE', #3207, 1000.000000000000000 ) ;
#5865 = DIRECTION ( 'NONE',  ( 0.7071067811865432400, 0.7071067811865519000, 0.0000000000000000000 ) ) ;
#5866 = LINE ( 'NONE', #8364, #203 ) ;
#5867 = DIRECTION ( 'NONE',  ( -0.0000000000000000000, -0.0000000000000000000, -1.000000000000000000 ) ) ;
#5868 = DIRECTION ( 'NONE',  ( -1.000000000000000000, 0.0000000000000000000, 2.891205793294680300E-016 ) ) ;
#5869 = VERTEX_POINT ( 'NONE', #9714 ) ;
#5870 = DIRECTION ( 'NONE',  ( 0.0000000000000000000, 1.000000000000000000, 0.0000000000000000000 ) ) ;
#5871 = ORIENTED_EDGE ( 'NONE', *, *, #8652, .T. ) ;
#5872 = CIRCLE ( 'NONE', #6897, 0.09999999999999939500 ) ;
#5873 = ORIENTED_EDGE ( 'NONE', *, *, #778, .T. ) ;
#5874 = FACE_OUTER_BOUND ( 'NONE', #876, .T. ) ;
#5875 = DIRECTION ( 'NONE',  ( -0.7071067811865444600, -0.7071067811865504600, 0.0000000000000000000 ) ) ;
#5876 = DIRECTION ( 'NONE',  ( -0.7071067811865474600, -0.7071067811865474600, 0.0000000000000000000 ) ) ;
#5877 = CARTESIAN_POINT ( 'NONE',  ( 2.792893218813457400, 8.499999999999998200, 10.12500000000000000 ) ) ;
#5878 = ORIENTED_EDGE ( 'NONE', *, *, #5412, .F. ) ;
#5879 = FACE_OUTER_BOUND ( 'NONE', #6457, .T. ) ;
#5880 = LOCAL_TIME ( 10, 22, 12.00000000000000000, #7072 ) ;
#5881 = AXIS2_PLACEMENT_3D ( 'NONE', #690, #8886, #5215 ) ;
#5882 = CARTESIAN_POINT ( 'NONE',  ( -12.50000000000000000, 2.711339312526813900, -15.25000000000000000 ) ) ;
#5883 = DIRECTION ( 'NONE',  ( -0.0000000000000000000, -1.000000000000000000, -0.0000000000000000000 ) ) ;
#5884 = DIRECTION ( 'NONE',  ( -1.000000000000000000, 0.0000000000000000000, 0.0000000000000000000 ) ) ;
#5885 = AXIS2_PLACEMENT_3D ( 'NONE', #3199, #4590, #8405 ) ;
#5886 = EDGE_CURVE ( 'NONE', #1272, #4826, #4948, .T. ) ;
#5887 = VERTEX_POINT ( 'NONE', #5957 ) ;
#5888 = VECTOR ( 'NONE', #786, 999.9999999999998900 ) ;
#5889 = FACE_OUTER_BOUND ( 'NONE', #9377, .T. ) ;
#5890 = EDGE_LOOP ( 'NONE', ( #3318, #7139, #7099, #8891 ) ) ;
#5891 = DIRECTION ( 'NONE',  ( 0.0000000000000000000, 1.000000000000000000, -0.0000000000000000000 ) ) ;
#5892 = ORIENTED_EDGE ( 'NONE', *, *, #1120, .T. ) ;
#5893 = ADVANCED_FACE ( 'NONE', ( #2803 ), #5434, .F. ) ;
#5894 = AXIS2_PLACEMENT_3D ( 'NONE', #6964, #4659, #138 ) ;
#5895 = CARTESIAN_POINT ( 'NONE',  ( -12.50000000000000000, 2.750000000000000900, -15.25000000000000000 ) ) ;
#5896 = CARTESIAN_POINT ( 'NONE',  ( 1.330407161568939100E-016, 0.5000000000000004400, 20.00000000000000000 ) ) ;
#5897 = ORIENTED_EDGE ( 'NONE', *, *, #9743, .T. ) ;
#5898 = VECTOR ( 'NONE', #6547, 1000.000000000000000 ) ;
#5899 = TOROIDAL_SURFACE ( 'NONE', #7684, 4.750000000000000000, 0.2500000000000000000 ) ;
#5900 = CARTESIAN_POINT ( 'NONE',  ( 0.0000000000000000000, 8.749999999999998200, 10.12500000000000000 ) ) ;
#5901 = EDGE_LOOP ( 'NONE', ( #8129, #1803, #2941, #1319 ) ) ;
#5902 = AXIS2_PLACEMENT_3D ( 'NONE', #1842, #3246, #1051 ) ;
#5903 = VERTEX_POINT ( 'NONE', #8329 ) ;
#5904 = EDGE_CURVE ( 'NONE', #3069, #4480, #9451, .T. ) ;
#5905 = DIRECTION ( 'NONE',  ( 0.0000000000000000000, 0.0000000000000000000, 1.000000000000000000 ) ) ;
#5906 = DIRECTION ( 'NONE',  ( 1.224646799147353200E-016, 1.000000000000000000, 0.0000000000000000000 ) ) ;
#5907 = VERTEX_POINT ( 'NONE', #7476 ) ;
#5908 = LINE ( 'NONE', #1142, #4607 ) ;
#5909 = CARTESIAN_POINT ( 'NONE',  ( -6.249999999999996400, 0.2500000000000000000, 20.00000000000000000 ) ) ;
#5910 = ORIENTED_EDGE ( 'NONE', *, *, #5679, .F. ) ;
#5911 = DIRECTION ( 'NONE',  ( 2.602085213965202000E-015, -1.000000000000000000, 0.0000000000000000000 ) ) ;
#5912 = CARTESIAN_POINT ( 'NONE',  ( -5.000000000000000000, 5.750000000000000000, -19.75000000000000000 ) ) ;
#5913 = DIRECTION ( 'NONE',  ( 0.0000000000000000000, 0.0000000000000000000, -1.000000000000000000 ) ) ;
#5914 = VERTEX_POINT ( 'NONE', #2153 ) ;
#5915 = VECTOR ( 'NONE', #7427, 1000.000000000000000 ) ;
#5916 = VERTEX_POINT ( 'NONE', #731 ) ;
#5917 = AXIS2_PLACEMENT_3D ( 'NONE', #5147, #8288, #3751 ) ;
#5918 = CARTESIAN_POINT ( 'NONE',  ( 1.330407161568939100E-016, 0.7499999999999983300, 20.00000000000000000 ) ) ;
#5919 = FACE_OUTER_BOUND ( 'NONE', #4854, .T. ) ;
#5920 = EDGE_CURVE ( 'NONE', #5618, #8444, #957, .T. ) ;
#5921 = CARTESIAN_POINT ( 'NONE',  ( 19.50000000000000400, 4.792893218813453900, 19.75000000000000000 ) ) ;
#5922 = ORIENTED_EDGE ( 'NONE', *, *, #5519, .F. ) ;
#5923 = CIRCLE ( 'NONE', #3486, 0.2500000000000002200 ) ;
#5924 = EDGE_CURVE ( 'NONE', #6046, #1639, #9214, .T. ) ;
#5925 = ORIENTED_EDGE ( 'NONE', *, *, #1791, .F. ) ;
#5926 = CARTESIAN_POINT ( 'NONE',  ( -5.891456562198419200, 0.2500000000000003300, 0.08113112576950523600 ) ) ;
#5927 = VERTEX_POINT ( 'NONE', #8257 ) ;
#5928 = FACE_OUTER_BOUND ( 'NONE', #8988, .T. ) ;
#5929 = ORIENTED_EDGE ( 'NONE', *, *, #7985, .F. ) ;
#5930 = DIRECTION ( 'NONE',  ( 0.7071067811865493500, -0.7071067811865458000, 0.0000000000000000000 ) ) ;
#5931 = DIRECTION ( 'NONE',  ( 0.0000000000000000000, 0.0000000000000000000, -1.000000000000000000 ) ) ;
#5932 = CARTESIAN_POINT ( 'NONE',  ( 2.792893218813457400, 8.499999999999998200, 0.3750000000000003300 ) ) ;
#5933 = EDGE_LOOP ( 'NONE', ( #9127, #3644, #1191, #4654 ) ) ;
#5934 = EDGE_LOOP ( 'NONE', ( #2802, #4230, #4139, #8653 ) ) ;
#5935 = DIRECTION ( 'NONE',  ( -0.0000000000000000000, -1.000000000000000000, 0.0000000000000000000 ) ) ;
#5936 = ORIENTED_EDGE ( 'NONE', *, *, #8500, .T. ) ;
#5937 = ORIENTED_EDGE ( 'NONE', *, *, #7496, .F. ) ;
#5938 = VECTOR ( 'NONE', #7954, 999.9999999999998900 ) ;
#5939 = DIRECTION ( 'NONE',  ( 0.0000000000000000000, 0.0000000000000000000, 1.000000000000000000 ) ) ;
#5940 = ORIENTED_EDGE ( 'NONE', *, *, #3606, .F. ) ;
#5941 = ORIENTED_EDGE ( 'NONE', *, *, #1235, .F. ) ;
#5942 = ORIENTED_EDGE ( 'NONE', *, *, #3322, .T. ) ;
#5943 = AXIS2_PLACEMENT_3D ( 'NONE', #1885, #8663, #4886 ) ;
#5944 = CARTESIAN_POINT ( 'NONE',  ( 5.750000000000003600, 9.000000000000000000, -9.874999999999998200 ) ) ;
#5945 = ORIENTED_EDGE ( 'NONE', *, *, #555, .T. ) ;
#5946 = LINE ( 'NONE', #3442, #5593 ) ;
#5947 = CARTESIAN_POINT ( 'NONE',  ( -5.749999999999995600, 0.06698729810777921700, 9.750000000000000000 ) ) ;
#5948 = ADVANCED_FACE ( 'NONE', ( #1184 ), #8628, .T. ) ;
#5949 = CARTESIAN_POINT ( 'NONE',  ( -5.796185835555056600, 0.05461184076904331700, 9.750000000199946700 ) ) ;
#5950 = AXIS2_PLACEMENT_3D ( 'NONE', #5680, #4127, #370 ) ;
#5951 = ORIENTED_EDGE ( 'NONE', *, *, #2506, .F. ) ;
#5952 = ORIENTED_EDGE ( 'NONE', *, *, #5904, .F. ) ;
#5953 = LINE ( 'NONE', #187, #3945 ) ;
#5954 = DIRECTION ( 'NONE',  ( 0.0000000000000000000, 0.0000000000000000000, -1.000000000000000000 ) ) ;
#5955 = FACE_OUTER_BOUND ( 'NONE', #1711, .T. ) ;
#5956 = AXIS2_PLACEMENT_3D ( 'NONE', #3259, #4794, #2543 ) ;
#5957 = CARTESIAN_POINT ( 'NONE',  ( -5.999999999999996400, 0.2500000000000002200, -9.749999999999998200 ) ) ;
#5958 = ORIENTED_EDGE ( 'NONE', *, *, #8397, .T. ) ;
#5959 = CARTESIAN_POINT ( 'NONE',  ( -5.891456562198418300, 0.2500000000000002200, -9.956131125769504200 ) ) ;
#5960 = DIRECTION ( 'NONE',  ( -0.0000000000000000000, -0.0000000000000000000, -1.000000000000000000 ) ) ;
#5961 = CARTESIAN_POINT ( 'NONE',  ( 4.101061471818666400, 0.2500000000000002200, 19.75000000000000000 ) ) ;
#5962 = CIRCLE ( 'NONE', #5267, 0.2500000000000002200 ) ;
#5963 = DIRECTION ( 'NONE',  ( 0.0000000000000000000, 0.0000000000000000000, 1.000000000000000000 ) ) ;
#5964 = EDGE_CURVE ( 'NONE', #1374, #2692, #3410, .T. ) ;
#5965 = CARTESIAN_POINT ( 'NONE',  ( 1.330407161568939100E-016, 5.499999999999998200, -0.2500000000000002200 ) ) ;
#5966 = DIRECTION ( 'NONE',  ( 1.000000000000000000, 0.0000000000000000000, 0.0000000000000000000 ) ) ;
#5967 = ORIENTED_EDGE ( 'NONE', *, *, #9413, .F. ) ;
#5968 = DIRECTION ( 'NONE',  ( -1.000000000000000000, 0.0000000000000000000, 0.0000000000000000000 ) ) ;
#5969 = CARTESIAN_POINT ( 'NONE',  ( -19.99999999999999600, 0.0000000000000000000, -19.75000000000000000 ) ) ;
#5970 = CIRCLE ( 'NONE', #9438, 0.2500000000000000000 ) ;
#5971 = DIRECTION ( 'NONE',  ( 1.000000000000000000, 3.469446951953610600E-015, -0.0000000000000000000 ) ) ;
#5972 = AXIS2_PLACEMENT_3D ( 'NONE', #1930, #4130, #3387 ) ;
#5973 = VERTEX_POINT ( 'NONE', #2886 ) ;
#5974 = EDGE_CURVE ( 'NONE', #5095, #7146, #6009, .T. ) ;
#5975 = FACE_OUTER_BOUND ( 'NONE', #2687, .T. ) ;
#5976 = EDGE_LOOP ( 'NONE', ( #8151, #8272, #7906, #8062 ) ) ;
#5977 = CIRCLE ( 'NONE', #5696, 0.2500000000000002200 ) ;
#5978 = FACE_OUTER_BOUND ( 'NONE', #1264, .T. ) ;
#5979 = CARTESIAN_POINT ( 'NONE',  ( 6.250000000000003600, 0.2500000000000000000, -20.00000000000000000 ) ) ;
#5980 = ADVANCED_FACE ( 'NONE', ( #4732 ), #3173, .F. ) ;
#5981 = CARTESIAN_POINT ( 'NONE',  ( 6.000000000003535800, -9.463301804542675700E-013, -9.697628089177746000 ) ) ;
#5982 = ORIENTED_EDGE ( 'NONE', *, *, #5008, .T. ) ;
#5983 = FACE_OUTER_BOUND ( 'NONE', #4916, .T. ) ;
#5984 = ORIENTED_EDGE ( 'NONE', *, *, #6779, .T. ) ;
#5985 = CARTESIAN_POINT ( 'NONE',  ( 5.000000000000000000, 5.749999999999998200, 10.37500000000000000 ) ) ;
#5986 = EDGE_CURVE ( 'NONE', #5063, #8100, #2697, .T. ) ;
#5987 = CARTESIAN_POINT ( 'NONE',  ( 1.330407161568939100E-016, 0.5000000000000004400, 0.3750000000000003300 ) ) ;
#5988 = CARTESIAN_POINT ( 'NONE',  ( 12.50000000000000000, 5.467267279399634600, -12.50000000000000000 ) ) ;
#5989 = EDGE_CURVE ( 'NONE', #6586, #8418, #6498, .T. ) ;
#5990 = ORIENTED_EDGE ( 'NONE', *, *, #6903, .T. ) ;
#5991 = FACE_OUTER_BOUND ( 'NONE', #3133, .T. ) ;
#5992 = DIRECTION ( 'NONE',  ( -1.000000000000000000, 0.0000000000000000000, -0.0000000000000000000 ) ) ;
#5993 = VECTOR ( 'NONE', #9011, 1000.000000000000000 ) ;
#5994 = DIRECTION ( 'NONE',  ( -2.891205793294680300E-016, -0.0000000000000000000, -1.000000000000000000 ) ) ;
#5995 = PLANE ( 'NONE',  #2158 ) ;
#5996 = AXIS2_PLACEMENT_3D ( 'NONE', #6159, #2425, #9269 ) ;
#5997 = CARTESIAN_POINT ( 'NONE',  ( 20.00000000000000400, 4.792893218813453900, 20.00000000000000000 ) ) ;
#5998 = ORIENTED_EDGE ( 'NONE', *, *, #9463, .T. ) ;
#5999 = FACE_OUTER_BOUND ( 'NONE', #8744, .T. ) ;
#6000 = LINE ( 'NONE', #2066, #1173 ) ;
#6001 = ORIENTED_EDGE ( 'NONE', *, *, #1474, .F. ) ;
#6002 = DIRECTION ( 'NONE',  ( 0.0000000000000000000, 0.0000000000000000000, 1.000000000000000000 ) ) ;
#6003 = ORIENTED_EDGE ( 'NONE', *, *, #6364, .T. ) ;
#6004 = AXIS2_PLACEMENT_3D ( 'NONE', #3408, #6443, #1153 ) ;
#6005 = EDGE_CURVE ( 'NONE', #6275, #4, #9793, .T. ) ;
#6006 = DIRECTION ( 'NONE',  ( 0.0000000000000000000, 0.0000000000000000000, -1.000000000000000000 ) ) ;
#6007 = DIRECTION ( 'NONE',  ( 1.000000000000000000, 0.0000000000000000000, 0.0000000000000000000 ) ) ;
#6008 = ORIENTED_EDGE ( 'NONE', *, *, #2473, .F. ) ;
#6009 = CIRCLE ( 'NONE', #5176, 0.5000000000000000000 ) ;
#6010 = LINE ( 'NONE', #7777, #698 ) ;
#6011 = CARTESIAN_POINT ( 'NONE',  ( 2.792893218813457400, 8.749999999999998200, 10.00000000000000000 ) ) ;
#6012 = DIRECTION ( 'NONE',  ( 1.000000000000000000, 0.0000000000000000000, 0.0000000000000000000 ) ) ;
#6013 = ORIENTED_EDGE ( 'NONE', *, *, #7387, .F. ) ;
#6014 = AXIS2_PLACEMENT_3D ( 'NONE', #6568, #1155, #9480 ) ;
#6015 = CARTESIAN_POINT ( 'NONE',  ( 0.0000000000000000000, 0.2500000000000000000, 20.00000000000000000 ) ) ;
#6016 = ORIENTED_EDGE ( 'NONE', *, *, #4054, .T. ) ;
#6017 = ADVANCED_FACE ( 'NONE', ( #6602 ), #9326, .T. ) ;
#6018 = CIRCLE ( 'NONE', #4242, 2.776005992660403300 ) ;
#6019 = CARTESIAN_POINT ( 'NONE',  ( 2.792893218813457400, 8.499999999999998200, -9.874999999999998200 ) ) ;
#6020 = ORIENTED_EDGE ( 'NONE', *, *, #4007, .F. ) ;
#6021 = CYLINDRICAL_SURFACE ( 'NONE', #9695, 0.2500000000000002200 ) ;
#6022 = AXIS2_PLACEMENT_3D ( 'NONE', #9728, #8206, #7511 ) ;
#6023 = CARTESIAN_POINT ( 'NONE',  ( -4.500000000000000900, 6.792893218813454800, 10.00000000000000000 ) ) ;
#6024 = ORIENTED_EDGE ( 'NONE', *, *, #3745, .F. ) ;
#6025 = EDGE_CURVE ( 'NONE', #4251, #2957, #7795, .T. ) ;
#6026 = CARTESIAN_POINT ( 'NONE',  ( -4.750000000000000000, 5.500000000000000900, 10.37500000000000000 ) ) ;
#6027 = EDGE_LOOP ( 'NONE', ( #2942, #1421, #971, #6899 ) ) ;
#6028 = CIRCLE ( 'NONE', #1383, 5.000000000000000000 ) ;
#6029 = CARTESIAN_POINT ( 'NONE',  ( 5.989959552787909500, 0.002690329722127574700, -0.1464588953929464900 ) ) ;
#6030 = ADVANCED_FACE ( 'NONE', ( #5182 ), #218, .F. ) ;
#6031 = EDGE_LOOP ( 'NONE', ( #5437, #8792, #7234, #2387 ) ) ;
#6032 = CIRCLE ( 'NONE', #2660, 0.2500000000000002200 ) ;
#6033 = CARTESIAN_POINT ( 'NONE',  ( -5.805433175708866000, 0.2960997938801214800, 10.00000000000000000 ) ) ;
#6034 = DIRECTION ( 'NONE',  ( -1.000000000000000000, 0.0000000000000000000, 2.891205793294680300E-016 ) ) ;
#6035 = ORIENTED_EDGE ( 'NONE', *, *, #1806, .F. ) ;
#6036 = EDGE_CURVE ( 'NONE', #3555, #6601, #7196, .T. ) ;
#6037 = ORIENTED_EDGE ( 'NONE', *, *, #6146, .T. ) ;
#6038 = CIRCLE ( 'NONE', #561, 0.4999999999999995600 ) ;
#6039 = DIRECTION ( 'NONE',  ( 0.0000000000000000000, 0.0000000000000000000, -1.000000000000000000 ) ) ;
#6040 = AXIS2_PLACEMENT_3D ( 'NONE', #7359, #2837, #5151 ) ;
#6041 = DIRECTION ( 'NONE',  ( 0.0000000000000000000, 0.0000000000000000000, -1.000000000000000000 ) ) ;
#6042 = EDGE_CURVE ( 'NONE', #3043, #2766, #1188, .T. ) ;
#6043 = EDGE_CURVE ( 'NONE', #8497, #7575, #9669, .T. ) ;
#6044 = DIRECTION ( 'NONE',  ( -0.0000000000000000000, 0.0000000000000000000, 1.000000000000000000 ) ) ;
#6045 = ORIENTED_EDGE ( 'NONE', *, *, #6332, .F. ) ;
#6046 = VERTEX_POINT ( 'NONE', #4634 ) ;
#6047 = VERTEX_POINT ( 'NONE', #3941 ) ;
#6048 = CARTESIAN_POINT ( 'NONE',  ( -12.50000000000000000, 0.0000000000000000000, 12.50000000000000000 ) ) ;
#6049 = ORIENTED_EDGE ( 'NONE', *, *, #1609, .T. ) ;
#6050 = CYLINDRICAL_SURFACE ( 'NONE', #534, 5.000000000000000000 ) ;
#6051 = DIRECTION ( 'NONE',  ( 0.0000000000000000000, 0.0000000000000000000, -1.000000000000000000 ) ) ;
#6052 = DIRECTION ( 'NONE',  ( 0.9659258262890700900, -0.2588190451025143000, 0.0000000000000000000 ) ) ;
#6053 = CARTESIAN_POINT ( 'NONE',  ( -5.742974427131587200, 0.06886979468421110300, -10.01399127613247900 ) ) ;
#6054 = DIRECTION ( 'NONE',  ( -1.000000000000000000, 0.0000000000000000000, 2.891205793294680300E-016 ) ) ;
#6055 = VERTEX_POINT ( 'NONE', #4736 ) ;
#6056 = ORIENTED_EDGE ( 'NONE', *, *, #1861, .T. ) ;
#6057 = CARTESIAN_POINT ( 'NONE',  ( -5.000000000000000000, 7.000000000000001800, -0.2500000000000002200 ) ) ;
#6058 = VECTOR ( 'NONE', #4696, 1000.000000000000000 ) ;
#6059 = VECTOR ( 'NONE', #7025, 1000.000000000000000 ) ;
#6060 = DIRECTION ( 'NONE',  ( 0.7071067811865475700, -0.7071067811865475700, 0.0000000000000000000 ) ) ;
#6061 = CARTESIAN_POINT ( 'NONE',  ( -4.101061471818665500, 0.5000000000000001100, -10.24999999999999800 ) ) ;
#6062 = ORIENTED_EDGE ( 'NONE', *, *, #1346, .F. ) ;
#6063 = AXIS2_PLACEMENT_3D ( 'NONE', #3816, #6926, #2295 ) ;
#6064 = CARTESIAN_POINT ( 'NONE',  ( -4.165766233094293700, 0.4914814565722673800, 9.750000000000000000 ) ) ;
#6065 = ORIENTED_EDGE ( 'NONE', *, *, #9225, .F. ) ;
#6066 = CARTESIAN_POINT ( 'NONE',  ( 5.750000000000003600, 0.3258063432103006600, 10.12500000000000000 ) ) ;
#6067 = LINE ( 'NONE', #9532, #4657 ) ;
#6068 = DIRECTION ( 'NONE',  ( 1.000000000000000000, -6.938893903907222100E-015, 0.0000000000000000000 ) ) ;
#6069 = ADVANCED_FACE ( 'NONE', ( #5169 ), #113, .T. ) ;
#6070 = AXIS2_PLACEMENT_3D ( 'NONE', #4164, #4216, #1199 ) ;
#6071 = EDGE_CURVE ( 'NONE', #3498, #8305, #3515, .T. ) ;
#6072 = CARTESIAN_POINT ( 'NONE',  ( 2.823223304703366100, 8.823223304703361700, 9.750000000000000000 ) ) ;
#6073 = DIRECTION ( 'NONE',  ( 1.000000000000000000, 0.0000000000000000000, 0.0000000000000000000 ) ) ;
#6074 = VERTEX_POINT ( 'NONE', #9178 ) ;
#6075 = DIRECTION ( 'NONE',  ( 0.0000000000000000000, 0.0000000000000000000, -1.000000000000000000 ) ) ;
#6076 = CARTESIAN_POINT ( 'NONE',  ( -4.230470994369921900, 0.7329629131445354300, 9.750000000000000000 ) ) ;
#6077 = TOROIDAL_SURFACE ( 'NONE', #8105, 0.2500000000000000000, 0.2500000000000000000 ) ;
#6078 = AXIS2_PLACEMENT_3D ( 'NONE', #3139, #8734, #6205 ) ;
#6079 = DIRECTION ( 'NONE',  ( 1.000000000000000000, 0.0000000000000000000, 0.0000000000000000000 ) ) ;
#6080 = CARTESIAN_POINT ( 'NONE',  ( -12.32322330470318900, 12.32322330470340400, -20.00000000000000000 ) ) ;
#6081 = DIRECTION ( 'NONE',  ( -1.000000000000000000, 0.0000000000000000000, 0.0000000000000000000 ) ) ;
#6082 = EDGE_LOOP ( 'NONE', ( #7435, #7004, #6045, #259 ) ) ;
#6083 = DIRECTION ( 'NONE',  ( -1.000000000000000000, 0.0000000000000000000, 0.0000000000000000000 ) ) ;
#6084 = DIRECTION ( 'NONE',  ( 0.0000000000000000000, 1.000000000000000000, 0.0000000000000000000 ) ) ;
#6085 = ADVANCED_FACE ( 'NONE', ( #1401 ), #6386, .T. ) ;
#6086 = AXIS2_PLACEMENT_3D ( 'NONE', #953, #1710, #6988 ) ;
#6087 = CARTESIAN_POINT ( 'NONE',  ( -5.901785354210680600, 0.02631653502415425400, -10.21421757615354600 ) ) ;
#6088 = EDGE_CURVE ( 'NONE', #8305, #3099, #4125, .T. ) ;
#6089 = CARTESIAN_POINT ( 'NONE',  ( 5.996659633835760900, 0.0008950484161333343500, -9.715793023838855900 ) ) ;
#6090 = VECTOR ( 'NONE', #5584, 1000.000000000000000 ) ;
#6091 = CARTESIAN_POINT ( 'NONE',  ( -2.000000000000000000, 5.499999999999998200, 19.90000000000000200 ) ) ;
#6092 = VERTEX_POINT ( 'NONE', #3902 ) ;
#6093 = DIRECTION ( 'NONE',  ( -1.000000000000000000, -6.938893903907222100E-015, 0.0000000000000000000 ) ) ;
#6094 = EDGE_LOOP ( 'NONE', ( #567, #3528, #5439, #5536 ) ) ;
#6095 = CYLINDRICAL_SURFACE ( 'NONE', #7588, 0.2500000000000002200 ) ;
#6096 = TOROIDAL_SURFACE ( 'NONE', #9675, 0.2500000000000000000, 0.2500000000000000000 ) ;
#6097 = AXIS2_PLACEMENT_3D ( 'NONE', #8134, #8921, #2919 ) ;
#6098 = CARTESIAN_POINT ( 'NONE',  ( 1.330407161568939100E-016, 5.499999999999998200, 20.00000000000000000 ) ) ;
#6099 = AXIS2_PLACEMENT_3D ( 'NONE', #5121, #7573, #6915 ) ;
#6100 = EDGE_CURVE ( 'NONE', #615, #1442, #8384, .T. ) ;
#6101 = CARTESIAN_POINT ( 'NONE',  ( -2.969669914110093500, 8.676776695296634800, -9.874999999999998200 ) ) ;
#6102 = EDGE_CURVE ( 'NONE', #820, #7231, #2465, .T. ) ;
#6103 = CARTESIAN_POINT ( 'NONE',  ( 1.330407161568939100E-016, 5.499999999999998200, 19.90000000000000200 ) ) ;
#6104 = ORIENTED_EDGE ( 'NONE', *, *, #7997, .F. ) ;
#6105 = CIRCLE ( 'NONE', #4535, 0.5000000000000004400 ) ;
#6106 = ORIENTED_EDGE ( 'NONE', *, *, #9644, .F. ) ;
#6107 = LINE ( 'NONE', #7821, #4815 ) ;
#6108 = DIRECTION ( 'NONE',  ( 1.000000000000000000, 0.0000000000000000000, -0.0000000000000000000 ) ) ;
#6109 = DIRECTION ( 'NONE',  ( 0.0000000000000000000, 0.0000000000000000000, 1.000000000000000000 ) ) ;
#6110 = DIRECTION ( 'NONE',  ( 1.000000000000000000, 0.0000000000000000000, -2.891205793294680300E-016 ) ) ;
#6111 = EDGE_LOOP ( 'NONE', ( #3654, #1759, #3254, #1031 ) ) ;
#6112 = VECTOR ( 'NONE', #2537, 1000.000000000000000 ) ;
#6113 = PERSON_AND_ORGANIZATION ( #8779, #7896 ) ;
#6114 = DIRECTION ( 'NONE',  ( 1.000000000000000000, 0.0000000000000000000, 0.0000000000000000000 ) ) ;
#6115 = CARTESIAN_POINT ( 'NONE',  ( 4.500000000000002700, 6.792893218813461900, -10.24999999999999800 ) ) ;
#6116 = DIRECTION ( 'NONE',  ( -1.000000000000000000, 0.0000000000000000000, 0.0000000000000000000 ) ) ;
#6117 = LINE ( 'NONE', #4586, #41 ) ;
#6118 = CARTESIAN_POINT ( 'NONE',  ( -5.749999999999996400, 0.3258063432102995500, 0.3750000000000001100 ) ) ;
#6119 = DIRECTION ( 'NONE',  ( 0.0000000000000000000, 0.0000000000000000000, -1.000000000000000000 ) ) ;
#6120 = ADVANCED_FACE ( 'NONE', ( #4347 ), #4072, .F. ) ;
#6121 = CARTESIAN_POINT ( 'NONE',  ( 5.750000000000003600, 5.249999999999998200, -9.874999999999998200 ) ) ;
#6122 = ORIENTED_EDGE ( 'NONE', *, *, #1771, .T. ) ;
#6123 = TOROIDAL_SURFACE ( 'NONE', #2602, 0.2500000000000000000, 0.2500000000000000000 ) ;
#6124 = CIRCLE ( 'NONE', #1174, 0.09999999999999939500 ) ;
#6125 = AXIS2_PLACEMENT_3D ( 'NONE', #6659, #2106, #2938 ) ;
#6126 = CARTESIAN_POINT ( 'NONE',  ( -6.249999999999996400, 0.2500000000000002200, 20.00000000000000000 ) ) ;
#6127 = ORIENTED_EDGE ( 'NONE', *, *, #1624, .F. ) ;
#6128 = VERTEX_POINT ( 'NONE', #9416 ) ;
#6129 = DIRECTION ( 'NONE',  ( 0.0000000000000000000, 0.0000000000000000000, 1.000000000000000000 ) ) ;
#6130 = ORIENTED_EDGE ( 'NONE', *, *, #6245, .F. ) ;
#6131 = FACE_OUTER_BOUND ( 'NONE', #6634, .T. ) ;
#6132 = FACE_OUTER_BOUND ( 'NONE', #2965, .T. ) ;
#6133 = ORIENTED_EDGE ( 'NONE', *, *, #4324, .F. ) ;
#6134 = ADVANCED_FACE ( 'NONE', ( #1172 ), #462, .T. ) ;
#6135 = DIRECTION ( 'NONE',  ( 1.734723475976795500E-015, 1.000000000000000000, -0.0000000000000000000 ) ) ;
#6136 = ORIENTED_EDGE ( 'NONE', *, *, #5611, .T. ) ;
#6137 = AXIS2_PLACEMENT_3D ( 'NONE', #1970, #2996, #3765 ) ;
#6138 = CYLINDRICAL_SURFACE ( 'NONE', #7752, 0.2499999999999999200 ) ;
#6139 = DIRECTION ( 'NONE',  ( 0.0000000000000000000, 0.0000000000000000000, -1.000000000000000000 ) ) ;
#6140 = ORIENTED_EDGE ( 'NONE', *, *, #1132, .T. ) ;
#6141 = VECTOR ( 'NONE', #5663, 1000.000000000000000 ) ;
#6142 = CARTESIAN_POINT ( 'NONE',  ( -5.891456562198419200, 0.2500000000000003300, 0.08113112576950523600 ) ) ;
#6143 = VERTEX_POINT ( 'NONE', #8635 ) ;
#6144 = AXIS2_PLACEMENT_3D ( 'NONE', #8388, #5348, #7518 ) ;
#6145 = EDGE_LOOP ( 'NONE', ( #674, #3236, #4954, #4637 ) ) ;
#6146 = EDGE_CURVE ( 'NONE', #7942, #7568, #7910, .T. ) ;
#6147 = ADVANCED_FACE ( 'NONE', ( #6131 ), #1651, .T. ) ;
#6148 = LINE ( 'NONE', #7043, #3546 ) ;
#6149 = CARTESIAN_POINT ( 'NONE',  ( 5.999459515307474800, 0.0001448224368845591500, 10.29668469829678700 ) ) ;
#6150 = PLANE ( 'NONE',  #8315 ) ;
#6151 = DIRECTION ( 'NONE',  ( 0.0000000000000000000, 0.0000000000000000000, 1.000000000000000000 ) ) ;
#6152 = CARTESIAN_POINT ( 'NONE',  ( -4.500000000000000900, 6.792893218813454800, 19.75000000000000000 ) ) ;
#6154 = LINE ( 'NONE', #8726, #5192 ) ;
#6153 = CARTESIAN_POINT ( 'NONE',  ( -5.249999999999998200, 5.249999999999999100, 0.1250000000000001100 ) ) ;
#6155 = ORIENTED_EDGE ( 'NONE', *, *, #608, .T. ) ;
#6156 = LINE ( 'NONE', #2973, #1196 ) ;
#6157 = DIRECTION ( 'NONE',  ( 1.000000000000000000, 0.0000000000000000000, 0.0000000000000000000 ) ) ;
#6158 = ORIENTED_EDGE ( 'NONE', *, *, #8449, .F. ) ;
#6159 = CARTESIAN_POINT ( 'NONE',  ( 1.330407161568939100E-016, 5.499999999999998200, -0.09999999999999939500 ) ) ;
#6160 = ORIENTED_EDGE ( 'NONE', *, *, #4436, .F. ) ;
#6161 = EDGE_LOOP ( 'NONE', ( #3652, #9114, #6877, #3307 ) ) ;
#6162 = CIRCLE ( 'NONE', #6556, 0.2500000000000002200 ) ;
#6163 = CARTESIAN_POINT ( 'NONE',  ( 2.100000000000000100, 5.499999999999998200, 10.12500000000000000 ) ) ;
#6164 = CARTESIAN_POINT ( 'NONE',  ( 1.330407161568939100E-016, 5.499999999999998200, -19.75000000000000000 ) ) ;
#6165 = AXIS2_PLACEMENT_3D ( 'NONE', #5363, #1491, #70 ) ;
#6166 = DIRECTION ( 'NONE',  ( 0.0000000000000000000, 0.0000000000000000000, 1.000000000000000000 ) ) ;
#6167 = EDGE_CURVE ( 'NONE', #5455, #6530, #8013, .T. ) ;
#6168 = CARTESIAN_POINT ( 'NONE',  ( 1.330407161568939100E-016, 0.7499999999999981100, -0.2500000000000000000 ) ) ;
#6169 = ORIENTED_EDGE ( 'NONE', *, *, #1576, .T. ) ;
#6170 = ORIENTED_EDGE ( 'NONE', *, *, #1430, .F. ) ;
#6171 = EDGE_LOOP ( 'NONE', ( #587, #1807, #1934, #7863 ) ) ;
#6172 = DIRECTION ( 'NONE',  ( 0.7071067811865336900, -0.7071067811865614500, 0.0000000000000000000 ) ) ;
#6173 = ORIENTED_EDGE ( 'NONE', *, *, #2230, .T. ) ;
#6174 = CIRCLE ( 'NONE', #6431, 0.2499999999999991100 ) ;
#6175 = DIRECTION ( 'NONE',  ( 0.0000000000000000000, 1.000000000000000000, 0.0000000000000000000 ) ) ;
#6176 = CARTESIAN_POINT ( 'NONE',  ( 4.500000000000002700, 6.792893218813461900, 9.750000000000000000 ) ) ;
#6177 = DIRECTION ( 'NONE',  ( 0.0000000000000000000, 0.0000000000000000000, -1.000000000000000000 ) ) ;
#6178 = CARTESIAN_POINT ( 'NONE',  ( -4.823223304703362600, 6.823223304703364400, -19.75000000000000000 ) ) ;
#6179 = ADVANCED_FACE ( 'NONE', ( #2348 ), #3164, .T. ) ;
#6181 = EDGE_LOOP ( 'NONE', ( #7338, #5173, #2406, #2876 ) ) ;
#6180 = EDGE_CURVE ( 'NONE', #5887, #5142, #5661, .T. ) ;
#6182 = ORIENTED_EDGE ( 'NONE', *, *, #2505, .T. ) ;
#6183 = DIRECTION ( 'NONE',  ( -1.000000000000000000, 0.0000000000000000000, 0.0000000000000000000 ) ) ;
#6184 = ORIENTED_EDGE ( 'NONE', *, *, #2378, .T. ) ;
#6185 = AXIS2_PLACEMENT_3D ( 'NONE', #3985, #5542, #1780 ) ;
#6186 = ORIENTED_EDGE ( 'NONE', *, *, #1816, .F. ) ;
#6187 = EDGE_CURVE ( 'NONE', #4043, #5066, #8140, .T. ) ;
#6188 = CARTESIAN_POINT ( 'NONE',  ( -4.230470994369922800, 0.7329629131445351000, -19.75000000000000000 ) ) ;
#6189 = CIRCLE ( 'NONE', #6097, 0.2500000000000002200 ) ;
#6190 = EDGE_CURVE ( 'NONE', #8183, #2692, #4228, .T. ) ;
#6191 = DIRECTION ( 'NONE',  ( -1.000000000000000000, 0.0000000000000000000, -0.0000000000000000000 ) ) ;
#6192 = CARTESIAN_POINT ( 'NONE',  ( 6.000000000003535800, -9.463426739834446200E-013, 10.30237191082225200 ) ) ;
#6193 = ORIENTED_EDGE ( 'NONE', *, *, #2930, .T. ) ;
#6194 = CARTESIAN_POINT ( 'NONE',  ( -19.74999999999999600, 4.792893218813452100, 20.00000000000000000 ) ) ;
#6195 = CARTESIAN_POINT ( 'NONE',  ( 5.750000000000003600, 0.3258063432103001100, 0.0000000000000000000 ) ) ;
#6196 = EDGE_LOOP ( 'NONE', ( #6390, #8173, #3193, #7009 ) ) ;
#6197 = DIRECTION ( 'NONE',  ( 0.0000000000000000000, 0.0000000000000000000, 1.000000000000000000 ) ) ;
#6198 = AXIS2_PLACEMENT_3D ( 'NONE', #8251, #4387, #688 ) ;
#6199 = ADVANCED_FACE ( 'NONE', ( #6262 ), #3397, .T. ) ;
#6200 = CIRCLE ( 'NONE', #174, 0.2500000000000002200 ) ;
#6201 = DIRECTION ( 'NONE',  ( 0.0000000000000000000, 0.0000000000000000000, -1.000000000000000000 ) ) ;
#6202 = DIRECTION ( 'NONE',  ( 0.7071067811865501300, -0.7071067811865449100, -1.226634733346702700E-015 ) ) ;
#6203 = EDGE_CURVE ( 'NONE', #8148, #3762, #8955, .T. ) ;
#6204 = ORIENTED_EDGE ( 'NONE', *, *, #5271, .F. ) ;
#6205 = DIRECTION ( 'NONE',  ( 1.000000000000000000, -3.577867169202164600E-015, 0.0000000000000000000 ) ) ;
#6206 = CARTESIAN_POINT ( 'NONE',  ( -5.999459515307466800, 0.0001448224368845483000, -10.17168469829678500 ) ) ;
#6207 = DIRECTION ( 'NONE',  ( -1.000000000000000000, 0.0000000000000000000, 0.0000000000000000000 ) ) ;
#6208 = LINE ( 'NONE', #2474, #3110 ) ;
#6209 = ADVANCED_FACE ( 'NONE', ( #5768 ), #1015, .F. ) ;
#6210 = AXIS2_PLACEMENT_3D ( 'NONE', #8229, #8302, #7612 ) ;
#6211 = CARTESIAN_POINT ( 'NONE',  ( -2.000000000000000000, 5.499999999999998200, 9.900000000000000400 ) ) ;
#6212 = ORIENTED_EDGE ( 'NONE', *, *, #7700, .T. ) ;
#6213 = CARTESIAN_POINT ( 'NONE',  ( 2.792893218813457400, 9.000000000000000000, 19.75000000000000000 ) ) ;
#6214 = CARTESIAN_POINT ( 'NONE',  ( -2.100000000000000100, 5.499999999999998200, -19.90000000000000600 ) ) ;
#6215 = CARTESIAN_POINT ( 'NONE',  ( 5.685295238724375400, 0.08432488663803250400, -9.874999999999998200 ) ) ;
#6216 = DIRECTION ( 'NONE',  ( -0.0000000000000000000, -1.000000000000000000, 0.0000000000000000000 ) ) ;
#6217 = CIRCLE ( 'NONE', #6414, 0.2500000000000002200 ) ;
#6218 = AXIS2_PLACEMENT_3D ( 'NONE', #1732, #7898, #8667 ) ;
#6219 = EDGE_CURVE ( 'NONE', #5078, #3861, #1763, .T. ) ;
#6220 = CARTESIAN_POINT ( 'NONE',  ( -4.101061471818665500, 0.5000000000000001100, -19.75000000000000000 ) ) ;
#6221 = CARTESIAN_POINT ( 'NONE',  ( -2.792893218813456500, 9.000000000000000000, 9.750000000000000000 ) ) ;
#6222 = ORIENTED_EDGE ( 'NONE', *, *, #4724, .F. ) ;
#6223 = DIRECTION ( 'NONE',  ( -1.000000000000000000, -0.0000000000000000000, -0.0000000000000000000 ) ) ;
#6224 = AXIS2_PLACEMENT_3D ( 'NONE', #7961, #1980, #8745 ) ;
#6225 = LINE ( 'NONE', #1268, #322 ) ;
#6226 = DIRECTION ( 'NONE',  ( -1.000000000000000000, 0.0000000000000000000, 0.0000000000000000000 ) ) ;
#6227 = DIRECTION ( 'NONE',  ( 0.0000000000000000000, 0.0000000000000000000, 1.000000000000000000 ) ) ;
#6228 = CARTESIAN_POINT ( 'NONE',  ( 2.053208609892604900E-016, 5.499999999999998200, -10.00000000000000000 ) ) ;
#6229 = DIRECTION ( 'NONE',  ( -0.0000000000000000000, -1.000000000000000000, -0.0000000000000000000 ) ) ;
#6230 = DIRECTION ( 'NONE',  ( 0.0000000000000000000, 0.0000000000000000000, -1.000000000000000000 ) ) ;
#6231 = ORIENTED_EDGE ( 'NONE', *, *, #7172, .F. ) ;
#6232 = EDGE_CURVE ( 'NONE', #1736, #3890, #1515, .T. ) ;
#6233 = DIRECTION ( 'NONE',  ( 0.7071067811865490200, -0.7071067811865460200, 0.0000000000000000000 ) ) ;
#6234 = ADVANCED_FACE ( 'NONE', ( #349 ), #6958, .T. ) ;
#6235 = CIRCLE ( 'NONE', #6063, 0.2500000000000002200 ) ;
#6236 = DIRECTION ( 'NONE',  ( 0.7071067811865474600, 0.7071067811865474600, 0.0000000000000000000 ) ) ;
#6237 = CIRCLE ( 'NONE', #3788, 0.2500000000000002200 ) ;
#6238 = CARTESIAN_POINT ( 'NONE',  ( -5.957230827270175900, 0.01145996529388408500, 0.2219598933386548200 ) ) ;
#6239 = CARTESIAN_POINT ( 'NONE',  ( 12.32322330470334700, 12.32322330470336900, -20.00000000000000000 ) ) ;
#6240 = EDGE_LOOP ( 'NONE', ( #9367, #7823, #2468, #7677 ) ) ;
#6241 = VECTOR ( 'NONE', #1413, 1000.000000000000000 ) ;
#6242 = AXIS2_PLACEMENT_3D ( 'NONE', #8870, #8145, #5065 ) ;
#6243 = AXIS2_PLACEMENT_3D ( 'NONE', #5961, #610, #7415 ) ;
#6244 = DIRECTION ( 'NONE',  ( -1.000000000000000000, 0.0000000000000000000, 0.0000000000000000000 ) ) ;
#6245 = EDGE_CURVE ( 'NONE', #4826, #8330, #3881, .T. ) ;
#6246 = ADVANCED_FACE ( 'NONE', ( #4939 ), #1887, .T. ) ;
#6247 = DIRECTION ( 'NONE',  ( 0.0000000000000000000, 0.0000000000000000000, -1.000000000000000000 ) ) ;
#6248 = CARTESIAN_POINT ( 'NONE',  ( 4.750000000000002700, 6.792893218813461900, 10.00000000000000000 ) ) ;
#6249 = EDGE_CURVE ( 'NONE', #5566, #8086, #2910, .T. ) ;
#6250 = CARTESIAN_POINT ( 'NONE',  ( -19.29289321881348200, 5.249999999999962700, 20.00000000000000000 ) ) ;
#6251 = CARTESIAN_POINT ( 'NONE',  ( 3.146446609406729600, 8.853553390593273100, -9.624999999999998200 ) ) ;
#6252 = ORIENTED_EDGE ( 'NONE', *, *, #4786, .T. ) ;
#6253 = TOROIDAL_SURFACE ( 'NONE', #8859, 0.5000000000000000000, 0.2500000000000000000 ) ;
#6254 = CIRCLE ( 'NONE', #7947, 2.000000000000000000 ) ;
#6255 = CARTESIAN_POINT ( 'NONE',  ( -4.101061471818665500, 0.2500000000000001100, 0.3750000000000003300 ) ) ;
#6256 = CARTESIAN_POINT ( 'NONE',  ( -5.749999999999996400, 9.000000000000000000, 10.00000000000000000 ) ) ;
#6257 = ORIENTED_EDGE ( 'NONE', *, *, #972, .F. ) ;
#6258 = CARTESIAN_POINT ( 'NONE',  ( 1.330407161568939100E-016, 5.499999999999998200, 0.2249999999999995100 ) ) ;
#6259 = CARTESIAN_POINT ( 'NONE',  ( 2.792893218813457400, 8.499999999999998200, -9.624999999999998200 ) ) ;
#6260 = DIRECTION ( 'NONE',  ( 0.0000000000000000000, 1.000000000000000000, -0.0000000000000000000 ) ) ;
#6261 = ORIENTED_EDGE ( 'NONE', *, *, #8704, .T. ) ;
#6262 = FACE_OUTER_BOUND ( 'NONE', #3697, .T. ) ;
#6263 = LINE ( 'NONE', #8795, #4229 ) ;
#6264 = DIRECTION ( 'NONE',  ( 0.0000000000000000000, 1.000000000000000000, 0.0000000000000000000 ) ) ;
#6265 = VERTEX_POINT ( 'NONE', #6512 ) ;
#6266 = ORIENTED_EDGE ( 'NONE', *, *, #8110, .F. ) ;
#6267 = CARTESIAN_POINT ( 'NONE',  ( 2.100000000000000100, 5.499999999999998200, -9.874999999999998200 ) ) ;
#6268 = DIRECTION ( 'NONE',  ( 0.0000000000000000000, 1.000000000000000000, -0.0000000000000000000 ) ) ;
#6269 = CARTESIAN_POINT ( 'NONE',  ( 5.750000000000003600, 0.2500000000000002200, -10.12499999999999800 ) ) ;
#6270 = ORIENTED_EDGE ( 'NONE', *, *, #340, .T. ) ;
#6271 = LINE ( 'NONE', #7890, #6719 ) ;
#6272 = LINE ( 'NONE', #3359, #2349 ) ;
#6273 = DIRECTION ( 'NONE',  ( 0.0000000000000000000, 0.0000000000000000000, 1.000000000000000000 ) ) ;
#6274 = VERTEX_POINT ( 'NONE', #8693 ) ;
#6275 = VERTEX_POINT ( 'NONE', #4976 ) ;
#6276 = EDGE_CURVE ( 'NONE', #7383, #4145, #3753, .T. ) ;
#6277 = VECTOR ( 'NONE', #8193, 1000.000000000000000 ) ;
#6278 = CARTESIAN_POINT ( 'NONE',  ( 6.000000000000003600, 5.249999999999998200, -19.75000000000000000 ) ) ;
#6279 = ORIENTED_EDGE ( 'NONE', *, *, #2560, .F. ) ;
#6280 = CYLINDRICAL_SURFACE ( 'NONE', #4005, 0.2500000000000002200 ) ;
#6281 = DIRECTION ( 'NONE',  ( 0.0000000000000000000, 0.0000000000000000000, -1.000000000000000000 ) ) ;
#6282 = CARTESIAN_POINT ( 'NONE',  ( 2.792893218813457400, 8.749999999999998200, 0.0000000000000000000 ) ) ;
#6283 = ORIENTED_EDGE ( 'NONE', *, *, #476, .T. ) ;
#6284 = AXIS2_PLACEMENT_3D ( 'NONE', #708, #6747, #2219 ) ;
#6285 = ORIENTED_EDGE ( 'NONE', *, *, #2304, .T. ) ;
#6286 = CYLINDRICAL_SURFACE ( 'NONE', #5300, 0.2500000000000002200 ) ;
#6287 = ORIENTED_EDGE ( 'NONE', *, *, #7385, .T. ) ;
#6288 = DIRECTION ( 'NONE',  ( 0.0000000000000000000, 0.0000000000000000000, 1.000000000000000000 ) ) ;
#6289 = CARTESIAN_POINT ( 'NONE',  ( 5.750000000000003600, 0.0000000000000000000, 0.2500000000000002200 ) ) ;
#6290 = CARTESIAN_POINT ( 'NONE',  ( 20.00000000000000400, 5.000000000000000000, 20.00000000000000000 ) ) ;
#6291 = ORIENTED_EDGE ( 'NONE', *, *, #3316, .T. ) ;
#6292 = AXIS2_PLACEMENT_3D ( 'NONE', #4008, #225, #8608 ) ;
#6293 = VERTEX_POINT ( 'NONE', #1892 ) ;
#6294 = EDGE_CURVE ( 'NONE', #7801, #9015, #7671, .T. ) ;
#6295 = DIRECTION ( 'NONE',  ( 0.0000000000000000000, -0.0000000000000000000, -1.000000000000000000 ) ) ;
#6296 = DIRECTION ( 'NONE',  ( 1.000000000000000000, 0.0000000000000000000, 0.0000000000000000000 ) ) ;
#6297 = DIRECTION ( 'NONE',  ( -1.000000000000000000, 0.0000000000000000000, 3.652049423109067300E-016 ) ) ;
#6298 = ORIENTED_EDGE ( 'NONE', *, *, #916, .T. ) ;
#6299 = FACE_OUTER_BOUND ( 'NONE', #5552, .T. ) ;
#6300 = DIRECTION ( 'NONE',  ( -1.000000000000000000, -0.0000000000000000000, -0.0000000000000000000 ) ) ;
#6301 = CARTESIAN_POINT ( 'NONE',  ( 4.500000000000002700, 6.792893218813461900, 10.00000000000000000 ) ) ;
#6302 = ADVANCED_FACE ( 'NONE', ( #8248 ), #3640, .T. ) ;
#6303 = CARTESIAN_POINT ( 'NONE',  ( 12.50000000000000000, 0.0000000000000000000, -12.50000000000000000 ) ) ;
#6304 = EDGE_LOOP ( 'NONE', ( #2294, #7156, #1195, #8650, #6472 ) ) ;
#6305 = ORIENTED_EDGE ( 'NONE', *, *, #8593, .T. ) ;
#6306 = VERTEX_POINT ( 'NONE', #8754 ) ;
#6307 = AXIS2_PLACEMENT_3D ( 'NONE', #9769, #4546, #6039 ) ;
#6308 = ORIENTED_EDGE ( 'NONE', *, *, #5293, .F. ) ;
#6309 = VECTOR ( 'NONE', #8035, 1000.000000000000100 ) ;
#6310 = AXIS2_PLACEMENT_3D ( 'NONE', #3200, #8502, #8541 ) ;
#6311 = EDGE_CURVE ( 'NONE', #3789, #702, #8505, .T. ) ;
#6312 = DIRECTION ( 'NONE',  ( 0.0000000000000000000, 0.0000000000000000000, 1.000000000000000000 ) ) ;
#6313 = EDGE_CURVE ( 'NONE', #6274, #6275, #4001, .T. ) ;
#6314 = ADVANCED_FACE ( 'NONE', ( #1997 ), #7436, .T. ) ;
#6315 = EDGE_LOOP ( 'NONE', ( #8685, #4872, #5614, #1860 ) ) ;
#6316 = DIRECTION ( 'NONE',  ( 1.000000000000000000, 0.0000000000000000000, 0.0000000000000000000 ) ) ;
#6317 = ORIENTED_EDGE ( 'NONE', *, *, #6931, .F. ) ;
#6318 = TOROIDAL_SURFACE ( 'NONE', #2579, 0.2500000000000000000, 0.2500000000000000000 ) ;
#6319 = VECTOR ( 'NONE', #2404, 1000.000000000000100 ) ;
#6320 = DIRECTION ( 'NONE',  ( 0.0000000000000000000, 0.0000000000000000000, 1.000000000000000000 ) ) ;
#6321 = DIRECTION ( 'NONE',  ( 0.0000000000000000000, 0.0000000000000000000, 1.000000000000000000 ) ) ;
#6322 = DIRECTION ( 'NONE',  ( 0.9659258262890698700, 0.2588190451025151900, -0.0000000000000000000 ) ) ;
#6323 = DIRECTION ( 'NONE',  ( 0.0000000000000000000, 0.0000000000000000000, -1.000000000000000000 ) ) ;
#6324 = ORIENTED_EDGE ( 'NONE', *, *, #467, .T. ) ;
#6325 = EDGE_LOOP ( 'NONE', ( #3434, #8325, #8372, #8025, #4184, #5823, #9643, #6866, #9052, #209, #3931, #4735, #3416, #9795, #4009, #3783, #3328, #3507, #7550, #3210, #276 ) ) ;
#6326 = DIRECTION ( 'NONE',  ( -1.000000000000000000, 0.0000000000000000000, 0.0000000000000000000 ) ) ;
#6327 = CYLINDRICAL_SURFACE ( 'NONE', #9751, 0.2500000000000002200 ) ;
#6328 = DIRECTION ( 'NONE',  ( -8.673617379884004900E-016, 1.000000000000000000, -0.0000000000000000000 ) ) ;
#6329 = DIRECTION ( 'NONE',  ( 0.0000000000000000000, 0.0000000000000000000, -1.000000000000000000 ) ) ;
#6330 = VERTEX_POINT ( 'NONE', #9513 ) ;
#6331 = DIRECTION ( 'NONE',  ( -1.224646799147353200E-016, -3.186635328391139900E-031, 1.000000000000000000 ) ) ;
#6332 = EDGE_CURVE ( 'NONE', #4865, #616, #5544, .T. ) ;
#6333 = LINE ( 'NONE', #4966, #2751 ) ;
#6334 = EDGE_CURVE ( 'NONE', #392, #7070, #942, .T. ) ;
#6335 = DIRECTION ( 'NONE',  ( -1.000000000000000000, 0.0000000000000000000, 0.0000000000000000000 ) ) ;
#6336 = AXIS2_PLACEMENT_3D ( 'NONE', #4824, #9319, #4697 ) ;
#6337 = VERTEX_POINT ( 'NONE', #1229 ) ;
#6338 = PLANE ( 'NONE',  #9515 ) ;
#6339 = CARTESIAN_POINT ( 'NONE',  ( 1.330407161568939100E-016, 5.499999999999998200, 20.00000000000000000 ) ) ;
#6340 = TOROIDAL_SURFACE ( 'NONE', #8624, 0.5000000000000000000, 0.2500000000000000000 ) ;
#6341 = AXIS2_PLACEMENT_3D ( 'NONE', #1727, #7010, #2476 ) ;
#6342 = CARTESIAN_POINT ( 'NONE',  ( 4.853553390593274800, 7.146446609406734900, 10.37500000000000000 ) ) ;
#6343 = DIRECTION ( 'NONE',  ( 0.0000000000000000000, 0.0000000000000000000, -1.000000000000000000 ) ) ;
#6344 = ORIENTED_EDGE ( 'NONE', *, *, #6868, .T. ) ;
#6345 = DIRECTION ( 'NONE',  ( -0.0000000000000000000, -0.0000000000000000000, 1.000000000000000000 ) ) ;
#6346 = DIRECTION ( 'NONE',  ( -2.891205793294680300E-016, -0.0000000000000000000, -1.000000000000000000 ) ) ;
#6347 = CIRCLE ( 'NONE', #9096, 0.2500000000000002200 ) ;
#6348 = AXIS2_PLACEMENT_3D ( 'NONE', #1583, #2331, #8242 ) ;
#6349 = EDGE_CURVE ( 'NONE', #4537, #9073, #5421, .T. ) ;
#6350 = VECTOR ( 'NONE', #6236, 1000.000000000000100 ) ;
#6351 = DIRECTION ( 'NONE',  ( -1.734723475976795500E-015, -1.000000000000000000, 0.0000000000000000000 ) ) ;
#6352 = CARTESIAN_POINT ( 'NONE',  ( 19.29289321881344700, 5.250000000000009800, -19.75000000000000000 ) ) ;
#6353 = DIRECTION ( 'NONE',  ( 8.673617379884004900E-016, -1.000000000000000000, 0.0000000000000000000 ) ) ;
#6354 = AXIS2_PLACEMENT_3D ( 'NONE', #684, #2275, #6727 ) ;
#6355 = ADVANCED_FACE ( 'NONE', ( #9441 ), #9199, .T. ) ;
#6356 = DIRECTION ( 'NONE',  ( 1.000000000000000000, 8.307675917577599100E-016, 0.0000000000000000000 ) ) ;
#6357 = EDGE_LOOP ( 'NONE', ( #7975, #3060, #9450, #6266 ) ) ;
#6358 = CIRCLE ( 'NONE', #2528, 0.2500000000000002200 ) ;
#6359 = DIRECTION ( 'NONE',  ( 0.0000000000000000000, 0.0000000000000000000, -1.000000000000000000 ) ) ;
#6360 = DIRECTION ( 'NONE',  ( 1.000000000000000000, 0.0000000000000000000, 0.0000000000000000000 ) ) ;
#6361 = LINE ( 'NONE', #7642, #7063 ) ;
#6362 = AXIS2_PLACEMENT_3D ( 'NONE', #3776, #9055, #1445 ) ;
#6363 = EDGE_CURVE ( 'NONE', #9804, #5076, #6710, .T. ) ;
#6364 = EDGE_CURVE ( 'NONE', #2386, #2154, #4720, .T. ) ;
#6365 = VERTEX_POINT ( 'NONE', #6690 ) ;
#6366 = TOROIDAL_SURFACE ( 'NONE', #5316, 2.849999999999998300, 0.1000000000000000100 ) ;
#6367 = ORIENTED_EDGE ( 'NONE', *, *, #2748, .T. ) ;
#6368 = DIRECTION ( 'NONE',  ( -0.7071067811865458000, -0.7071067811865492400, 0.0000000000000000000 ) ) ;
#6369 = EDGE_CURVE ( 'NONE', #5771, #849, #8729, .T. ) ;
#6370 = DIRECTION ( 'NONE',  ( 1.000000000000000000, 0.0000000000000000000, 0.0000000000000000000 ) ) ;
#6371 = VERTEX_POINT ( 'NONE', #8187 ) ;
#6372 = LINE ( 'NONE', #3241, #9180 ) ;
#6373 = CIRCLE ( 'NONE', #9641, 0.2500000000000002200 ) ;
#6374 = AXIS2_PLACEMENT_3D ( 'NONE', #2437, #3957, #1687 ) ;
#6375 = ORIENTED_EDGE ( 'NONE', *, *, #8339, .F. ) ;
#6376 = EDGE_CURVE ( 'NONE', #616, #5758, #6488, .T. ) ;
#6377 = DIRECTION ( 'NONE',  ( 0.0000000000000000000, 0.0000000000000000000, -1.000000000000000000 ) ) ;
#6378 = CARTESIAN_POINT ( 'NONE',  ( 3.146446609406729600, 8.853553390593273100, 20.00000000000000000 ) ) ;
#6379 = EDGE_CURVE ( 'NONE', #5078, #7955, #2217, .T. ) ;
#6380 = ORIENTED_EDGE ( 'NONE', *, *, #782, .T. ) ;
#6381 = CARTESIAN_POINT ( 'NONE',  ( 5.000000000000002700, 7.000000000000008000, -10.24999999999999800 ) ) ;
#6382 = ADVANCED_FACE ( 'NONE', ( #686 ), #4458, .T. ) ;
#6383 = DIRECTION ( 'NONE',  ( 0.7071067811865458000, 0.7071067811865492400, 0.0000000000000000000 ) ) ;
#6384 = DIRECTION ( 'NONE',  ( -0.7071067811865474600, -0.7071067811865474600, 0.0000000000000000000 ) ) ;
#6385 = ORIENTED_EDGE ( 'NONE', *, *, #7556, .F. ) ;
#6386 = CYLINDRICAL_SURFACE ( 'NONE', #636, 0.2500000000000002200 ) ;
#6387 = CONICAL_SURFACE ( 'NONE', #6165, 2.749999999999999100, 0.7378150601204653800 ) ;
#6388 = DIRECTION ( 'NONE',  ( 0.0000000000000000000, 0.0000000000000000000, 1.000000000000000000 ) ) ;
#6389 = ORIENTED_EDGE ( 'NONE', *, *, #6607, .F. ) ;
#6390 = ORIENTED_EDGE ( 'NONE', *, *, #5541, .T. ) ;
#6391 = DIRECTION ( 'NONE',  ( 0.0000000000000000000, 0.0000000000000000000, -1.000000000000000000 ) ) ;
#6392 = DIRECTION ( 'NONE',  ( 0.0000000000000000000, 0.0000000000000000000, 1.000000000000000000 ) ) ;
#6393 = DIRECTION ( 'NONE',  ( 1.000000000000000000, 8.673617379884004900E-016, 0.0000000000000000000 ) ) ;
#6394 = VECTOR ( 'NONE', #4195, 1000.000000000000000 ) ;
#6395 = ORIENTED_EDGE ( 'NONE', *, *, #5548, .F. ) ;
#6396 = VECTOR ( 'NONE', #5508, 1000.000000000000000 ) ;
#6397 =( BOUNDED_CURVE ( )  B_SPLINE_CURVE ( 3, ( #5850, #1321, #3492, #3621 ),
 .UNSPECIFIED., .F., .F. ) 
 B_SPLINE_CURVE_WITH_KNOTS ( ( 4, 4 ),
 ( 4.712388980384689700, 5.367602584997942300 ),
 .UNSPECIFIED. ) 
 CURVE ( )  GEOMETRIC_REPRESENTATION_ITEM ( )  RATIONAL_B_SPLINE_CURVE ( ( 1.000000000000000000, 0.9645434217588901800, 0.9645434217588901800, 1.000000000000000000 ) ) 
 REPRESENTATION_ITEM ( '' )  );
#6398 = ORIENTED_EDGE ( 'NONE', *, *, #216, .F. ) ;
#6399 = ORIENTED_EDGE ( 'NONE', *, *, #4666, .F. ) ;
#6400 = TOROIDAL_SURFACE ( 'NONE', #1577, 2.849999999999998800, 0.1000000000000000100 ) ;
#6401 = CARTESIAN_POINT ( 'NONE',  ( 4.500000000000002700, 6.792893218813461900, 20.00000000000000000 ) ) ;
#6402 = AXIS2_PLACEMENT_3D ( 'NONE', #4707, #6202, #7023 ) ;
#6403 = CIRCLE ( 'NONE', #13, 0.2499999999999997200 ) ;
#6404 = VERTEX_POINT ( 'NONE', #5810 ) ;
#6405 = LINE ( 'NONE', #54, #4368 ) ;
#6406 = ORIENTED_EDGE ( 'NONE', *, *, #798, .T. ) ;
#6407 = ADVANCED_FACE ( 'NONE', ( #5999 ), #9550, .T. ) ;
#6408 = AXIS2_PLACEMENT_3D ( 'NONE', #4670, #6910, #1596 ) ;
#6409 = VERTEX_POINT ( 'NONE', #2054 ) ;
#6410 = EDGE_CURVE ( 'NONE', #7553, #6330, #2901, .T. ) ;
#6411 = CIRCLE ( 'NONE', #1298, 0.2500000000000002200 ) ;
#6412 = ORIENTED_EDGE ( 'NONE', *, *, #7687, .F. ) ;
#6413 = EDGE_LOOP ( 'NONE', ( #1306, #7915, #1514, #377 ) ) ;
#6414 = AXIS2_PLACEMENT_3D ( 'NONE', #7391, #5968, #2872 ) ;
#6415 = EDGE_LOOP ( 'NONE', ( #5683, #8551, #545, #4197 ) ) ;
#6416 = DIRECTION ( 'NONE',  ( -2.891205793294680300E-016, -0.0000000000000000000, -1.000000000000000000 ) ) ;
#6417 = CARTESIAN_POINT ( 'NONE',  ( -12.50000000000000000, 2.750000000000000900, 12.50000000000000000 ) ) ;
#6418 = EDGE_LOOP ( 'NONE', ( #5818, #4052, #7257, #6735 ) ) ;
#6419 = CYLINDRICAL_SURFACE ( 'NONE', #4965, 0.2500000000000002200 ) ;
#6420 = CARTESIAN_POINT ( 'NONE',  ( -3.000000000000002700, 9.000000000000000000, -19.75000000000000000 ) ) ;
#6421 = EDGE_CURVE ( 'NONE', #193, #8392, #5415, .T. ) ;
#6422 = DIRECTION ( 'NONE',  ( -1.000000000000000000, 0.0000000000000000000, 2.891205793294680300E-016 ) ) ;
#6423 = VERTEX_POINT ( 'NONE', #3591 ) ;
#6424 = DIRECTION ( 'NONE',  ( 1.000000000000000000, 0.0000000000000000000, 0.0000000000000000000 ) ) ;
#6425 = ORIENTED_EDGE ( 'NONE', *, *, #9209, .F. ) ;
#6426 = ORIENTED_EDGE ( 'NONE', *, *, #4935, .T. ) ;
#6427 = ORIENTED_EDGE ( 'NONE', *, *, #5580, .F. ) ;
#6428 = CIRCLE ( 'NONE', #7122, 0.09999999999999939500 ) ;
#6429 = CARTESIAN_POINT ( 'NONE',  ( -19.49999999999999600, 0.5000000000000000000, -19.75000000000000000 ) ) ;
#6430 = DIRECTION ( 'NONE',  ( -0.0000000000000000000, -1.000000000000000000, 0.0000000000000000000 ) ) ;
#6432 = EDGE_LOOP ( 'NONE', ( #4088, #6298, #4212, #3580 ) ) ;
#6431 = AXIS2_PLACEMENT_3D ( 'NONE', #5442, #7692, #6172 ) ;
#6433 = ORIENTED_EDGE ( 'NONE', *, *, #6506, .T. ) ;
#6434 = AXIS2_PLACEMENT_3D ( 'NONE', #4928, #7323, #2739 ) ;
#6435 = DIRECTION ( 'NONE',  ( -0.0000000000000000000, 0.0000000000000000000, 1.000000000000000000 ) ) ;
#6436 = EDGE_CURVE ( 'NONE', #5777, #7658, #7659, .T. ) ;
#6437 = LINE ( 'NONE', #1793, #2163 ) ;
#6438 = DIRECTION ( 'NONE',  ( 0.0000000000000000000, -0.0000000000000000000, -1.000000000000000000 ) ) ;
#6439 = DIRECTION ( 'NONE',  ( -0.0000000000000000000, 0.0000000000000000000, 1.000000000000000000 ) ) ;
#6440 = EDGE_CURVE ( 'NONE', #6643, #7631, #8720, .T. ) ;
#6441 = CARTESIAN_POINT ( 'NONE',  ( 6.250000000000003600, 5.249999999999998200, -19.75000000000000000 ) ) ;
#6442 = ORIENTED_EDGE ( 'NONE', *, *, #1609, .F. ) ;
#6443 = DIRECTION ( 'NONE',  ( 0.0000000000000000000, 1.000000000000000000, 0.0000000000000000000 ) ) ;
#6444 = CARTESIAN_POINT ( 'NONE',  ( -2.792893218813456500, 8.499999999999998200, -10.24999999999999800 ) ) ;
#6445 = CYLINDRICAL_SURFACE ( 'NONE', #2962, 0.2500000000000002200 ) ;
#6446 = CARTESIAN_POINT ( 'NONE',  ( 5.250000000000000000, 5.249999999999997300, 19.75000000000000000 ) ) ;
#6447 = CARTESIAN_POINT ( 'NONE',  ( 5.989959552787909500, 0.002690329722127574700, -0.1464588953929464900 ) ) ;
#6448 = EDGE_LOOP ( 'NONE', ( #5937, #1519, #1009, #865 ) ) ;
#6449 = ADVANCED_FACE ( 'NONE', ( #9432 ), #2457, .T. ) ;
#6450 = FACE_OUTER_BOUND ( 'NONE', #6994, .T. ) ;
#6451 = CARTESIAN_POINT ( 'NONE',  ( 5.750000000000003600, 0.2500000000000002200, -10.12499999999999800 ) ) ;
#6452 = DIRECTION ( 'NONE',  ( 0.0000000000000000000, -1.000000000000000000, 0.0000000000000000000 ) ) ;
#6453 = CARTESIAN_POINT ( 'NONE',  ( 1.323223304703356800, 10.32322330470336500, -10.00000000000000000 ) ) ;
#6454 = PERSON_AND_ORGANIZATION_ROLE ( 'classification_officer' ) ;
#6455 = AXIS2_PLACEMENT_3D ( 'NONE', #7236, #5617, #8689 ) ;
#6456 = CARTESIAN_POINT ( 'NONE',  ( 12.50000000000000000, 0.1000000000000000100, -9.650000000000002100 ) ) ;
#6457 = EDGE_LOOP ( 'NONE', ( #8899, #236, #6065, #6832 ) ) ;
#6458 = CARTESIAN_POINT ( 'NONE',  ( 2.792893218813457400, 9.000000000000000000, -10.24999999999999800 ) ) ;
#6459 = CARTESIAN_POINT ( 'NONE',  ( 1.330407161568939100E-016, 5.499999999999998200, 10.00000000000000000 ) ) ;
#6460 = VECTOR ( 'NONE', #669, 1000.000000000000000 ) ;
#6461 = AXIS2_PLACEMENT_3D ( 'NONE', #2571, #7870, #3330 ) ;
#6462 = CARTESIAN_POINT ( 'NONE',  ( -5.250000000000000000, 5.750000000000000000, -19.75000000000000000 ) ) ;
#6463 = CARTESIAN_POINT ( 'NONE',  ( 1.330407161568939100E-016, 5.499999999999998200, 19.90000000000000200 ) ) ;
#6464 = ORIENTED_EDGE ( 'NONE', *, *, #9430, .T. ) ;
#6465 = CARTESIAN_POINT ( 'NONE',  ( -5.886158196241120200, 0.1904008895928137300, 0.08476710568661216500 ) ) ;
#6466 = VECTOR ( 'NONE', #922, 1000.000000000000000 ) ;
#6467 = AXIS2_PLACEMENT_3D ( 'NONE', #3129, #3022, #6914 ) ;
#6468 = VECTOR ( 'NONE', #6969, 1000.000000000000000 ) ;
#6469 = DIRECTION ( 'NONE',  ( 0.0000000000000000000, 0.0000000000000000000, 1.000000000000000000 ) ) ;
#6470 = AXIS2_PLACEMENT_3D ( 'NONE', #9547, #4290, #8761 ) ;
#6471 = EDGE_CURVE ( 'NONE', #751, #303, #930, .T. ) ;
#6472 = ORIENTED_EDGE ( 'NONE', *, *, #5851, .T. ) ;
#6473 = TOROIDAL_SURFACE ( 'NONE', #1376, 2.849999999999998800, 0.1000000000000000100 ) ;
#6474 = DIRECTION ( 'NONE',  ( 0.0000000000000000000, 0.0000000000000000000, -1.000000000000000000 ) ) ;
#6475 = CARTESIAN_POINT ( 'NONE',  ( -4.750000000000000000, 5.750000000000000000, -10.24999999999999800 ) ) ;
#6476 = CARTESIAN_POINT ( 'NONE',  ( 12.50000000000000000, 0.1000000000000000100, 12.50000000000000000 ) ) ;
#6477 = DIRECTION ( 'NONE',  ( 0.0000000000000000000, 0.0000000000000000000, 1.000000000000000000 ) ) ;
#6478 = EDGE_LOOP ( 'NONE', ( #2976, #9613, #7212, #2375 ) ) ;
#6479 = CIRCLE ( 'NONE', #1973, 2.749999999999999100 ) ;
#6480 = CIRCLE ( 'NONE', #1483, 0.5000000000000004400 ) ;
#6481 = AXIS2_PLACEMENT_3D ( 'NONE', #5849, #9611, #4217 ) ;
#6482 = PLANE ( 'NONE',  #4047 ) ;
#6483 = CIRCLE ( 'NONE', #7020, 0.2500000000000002200 ) ;
#6484 = EDGE_CURVE ( 'NONE', #8742, #5189, #3278, .T. ) ;
#6485 = DIRECTION ( 'NONE',  ( 0.0000000000000000000, 0.0000000000000000000, -1.000000000000000000 ) ) ;
#6486 = ORIENTED_EDGE ( 'NONE', *, *, #5475, .F. ) ;
#6487 = ORIENTED_EDGE ( 'NONE', *, *, #2490, .F. ) ;
#6488 = CIRCLE ( 'NONE', #4817, 0.4999999999999995600 ) ;
#6489 = VECTOR ( 'NONE', #170, 1000.000000000000000 ) ;
#6490 = EDGE_LOOP ( 'NONE', ( #8093, #1704, #6869, #1551 ) ) ;
#6491 = DIRECTION ( 'NONE',  ( 1.734723475976795500E-015, 1.000000000000000000, 0.0000000000000000000 ) ) ;
#6492 = CARTESIAN_POINT ( 'NONE',  ( 4.500000000000002700, 6.792893218813461900, -9.624999999999998200 ) ) ;
#6493 = ORIENTED_EDGE ( 'NONE', *, *, #5668, .T. ) ;
#6494 = ADVANCED_FACE ( 'NONE', ( #2338 ), #1164, .T. ) ;
#6495 = DIRECTION ( 'NONE',  ( 1.000000000000000000, 0.0000000000000000000, 0.0000000000000000000 ) ) ;
#6496 = DIRECTION ( 'NONE',  ( 0.0000000000000000000, 0.0000000000000000000, -1.000000000000000000 ) ) ;
#6497 = ORIENTED_EDGE ( 'NONE', *, *, #7052, .T. ) ;
#6498 = CIRCLE ( 'NONE', #9800, 5.220242981272376100 ) ;
#6499 = FACE_OUTER_BOUND ( 'NONE', #6631, .T. ) ;
#6500 = ORIENTED_EDGE ( 'NONE', *, *, #1744, .F. ) ;
#6501 = ORIENTED_EDGE ( 'NONE', *, *, #7512, .T. ) ;
#6502 = CARTESIAN_POINT ( 'NONE',  ( -4.750000000000000000, 5.750000000000000000, -9.999999999999998200 ) ) ;
#6503 = EDGE_LOOP ( 'NONE', ( #9790, #44, #1356, #4719 ) ) ;
#6504 = CARTESIAN_POINT ( 'NONE',  ( -3.146446609406730500, 8.853553390593271300, -10.24999999999999800 ) ) ;
#6505 = FACE_OUTER_BOUND ( 'NONE', #8695, .T. ) ;
#6506 = EDGE_CURVE ( 'NONE', #9338, #1497, #3871, .T. ) ;
#6507 = DIRECTION ( 'NONE',  ( 0.0000000000000000000, 0.0000000000000000000, -1.000000000000000000 ) ) ;
#6508 = ORIENTED_EDGE ( 'NONE', *, *, #4183, .F. ) ;
#6509 = LINE ( 'NONE', #5208, #1909 ) ;
#6510 = CARTESIAN_POINT ( 'NONE',  ( 6.250000000000003600, 0.2500000000000000000, -19.75000000000000000 ) ) ;
#6511 = ORIENTED_EDGE ( 'NONE', *, *, #1054, .F. ) ;
#6512 = CARTESIAN_POINT ( 'NONE',  ( 2.969669914110094000, 8.676776695296634800, 10.00000000000000000 ) ) ;
#6513 = EDGE_CURVE ( 'NONE', #5455, #3498, #568, .T. ) ;
#6514 = CARTESIAN_POINT ( 'NONE',  ( 1.330407161568939100E-016, 5.499999999999998200, 20.00000000000000000 ) ) ;
#6515 = ORIENTED_EDGE ( 'NONE', *, *, #1693, .T. ) ;
#6516 = FACE_OUTER_BOUND ( 'NONE', #9118, .T. ) ;
#6517 = ORIENTED_EDGE ( 'NONE', *, *, #9718, .T. ) ;
#6518 = DIRECTION ( 'NONE',  ( -1.000000000000000000, -2.602085213965201600E-015, 0.0000000000000000000 ) ) ;
#6519 = DIRECTION ( 'NONE',  ( 0.0000000000000000000, 0.0000000000000000000, 1.000000000000000000 ) ) ;
#6520 = EDGE_LOOP ( 'NONE', ( #6651, #112, #3922, #318 ) ) ;
#6521 = EDGE_LOOP ( 'NONE', ( #9086, #6508, #1912, #3245 ) ) ;
#6522 = PLANE ( 'NONE',  #7109 ) ;
#6523 = AXIS2_PLACEMENT_3D ( 'NONE', #224, #7783, #1709 ) ;
#6524 = VERTEX_POINT ( 'NONE', #3818 ) ;
#6525 = FACE_OUTER_BOUND ( 'NONE', #6240, .T. ) ;
#6526 = DIRECTION ( 'NONE',  ( 0.0000000000000000000, 0.0000000000000000000, -1.000000000000000000 ) ) ;
#6527 = DIRECTION ( 'NONE',  ( -1.000000000000000000, 0.0000000000000000000, 0.0000000000000000000 ) ) ;
#6528 = ORIENTED_EDGE ( 'NONE', *, *, #6854, .T. ) ;
#6529 = AXIS2_PLACEMENT_3D ( 'NONE', #5134, #1378, #4377 ) ;
#6530 = VERTEX_POINT ( 'NONE', #9101 ) ;
#6531 = EDGE_LOOP ( 'NONE', ( #6173, #8162, #2252, #6550 ) ) ;
#6532 = EDGE_CURVE ( 'NONE', #6618, #1778, #1057, .T. ) ;
#6533 = ORIENTED_EDGE ( 'NONE', *, *, #6334, .T. ) ;
#6534 = FACE_OUTER_BOUND ( 'NONE', #6478, .T. ) ;
#6535 = CARTESIAN_POINT ( 'NONE',  ( 4.101061471818666400, 0.2500000000000002200, 20.00000000000000000 ) ) ;
#6536 = AXIS2_PLACEMENT_3D ( 'NONE', #4188, #2014, #4936 ) ;
#6537 = CARTESIAN_POINT ( 'NONE',  ( -4.101061471818665500, 0.5000000000000001100, 20.00000000000000000 ) ) ;
#6538 = CARTESIAN_POINT ( 'NONE',  ( 2.969669914110092600, 8.676776695296634800, 10.00000000000000000 ) ) ;
#6539 = VERTEX_POINT ( 'NONE', #2940 ) ;
#6540 = ORIENTED_EDGE ( 'NONE', *, *, #4633, .T. ) ;
#6541 = CIRCLE ( 'NONE', #8959, 0.09999999999999939500 ) ;
#6542 = FACE_OUTER_BOUND ( 'NONE', #7118, .T. ) ;
#6543 = AXIS2_PLACEMENT_3D ( 'NONE', #8320, #9205, #1824 ) ;
#6544 = CARTESIAN_POINT ( 'NONE',  ( -1.783371450077654500, 2.344367139542231200, -0.2500000000000000000 ) ) ;
#6545 = EDGE_CURVE ( 'NONE', #8204, #5370, #4446, .T. ) ;
#6546 = ADVANCED_FACE ( 'NONE', ( #8945 ), #6948, .T. ) ;
#6547 = DIRECTION ( 'NONE',  ( -1.734723475976795500E-015, -1.000000000000000000, -0.0000000000000000000 ) ) ;
#6548 = DIRECTION ( 'NONE',  ( -1.000000000000000000, 6.938893903907222100E-015, 0.0000000000000000000 ) ) ;
#6549 = CARTESIAN_POINT ( 'NONE',  ( 4.676776695296638300, 6.969669914110096600, -20.00000000000000000 ) ) ;
#6550 = ORIENTED_EDGE ( 'NONE', *, *, #621, .F. ) ;
#6551 = VERTEX_POINT ( 'NONE', #9005 ) ;
#6552 = CARTESIAN_POINT ( 'NONE',  ( -4.853553390593274000, 7.146446609406727800, -9.624999999999998200 ) ) ;
#6553 = LINE ( 'NONE', #311, #298 ) ;
#6554 = DIRECTION ( 'NONE',  ( 0.0000000000000000000, -1.000000000000000000, 0.0000000000000000000 ) ) ;
#6555 = EDGE_CURVE ( 'NONE', #4356, #8183, #7425, .T. ) ;
#6556 = AXIS2_PLACEMENT_3D ( 'NONE', #7534, #5289, #1495 ) ;
#6557 = ORIENTED_EDGE ( 'NONE', *, *, #3477, .F. ) ;
#6558 = EDGE_CURVE ( 'NONE', #1984, #2064, #4710, .T. ) ;
#6559 = DIRECTION ( 'NONE',  ( 0.7071067811865475700, 0.7071067811865475700, -0.0000000000000000000 ) ) ;
#6560 = CARTESIAN_POINT ( 'NONE',  ( -5.749999999999997300, 5.499999999999999100, -9.749999999999998200 ) ) ;
#6561 = EDGE_CURVE ( 'NONE', #8005, #465, #6594, .T. ) ;
#6562 = FACE_OUTER_BOUND ( 'NONE', #3853, .T. ) ;
#6563 = DIRECTION ( 'NONE',  ( -1.000000000000000000, 0.0000000000000000000, 0.0000000000000000000 ) ) ;
#6564 = CARTESIAN_POINT ( 'NONE',  ( -5.796185835555133000, 0.05461184076902382600, 0.3749999998001340400 ) ) ;
#6565 = ORIENTED_EDGE ( 'NONE', *, *, #1444, .F. ) ;
#6566 = B_SPLINE_CURVE_WITH_KNOTS ( 'NONE', 3,
 ( #9578, #4980, #3562, #5745, #532, #8840 ),
 .UNSPECIFIED., .F., .F.,
 ( 4, 2, 4 ),
 ( -5.132694486367185100E-006, 0.0001746918583319072700, 0.0003545164111501817000 ),
 .UNSPECIFIED. ) ;
#6567 = LINE ( 'NONE', #6381, #9631 ) ;
#6568 = CARTESIAN_POINT ( 'NONE',  ( 17.79423698861199600, 5.400000000000008300, -12.50000000000000000 ) ) ;
#6569 = CARTESIAN_POINT ( 'NONE',  ( 5.750000000000003600, 5.249999999999998200, 0.2500000000000002200 ) ) ;
#6570 = ORIENTED_EDGE ( 'NONE', *, *, #7264, .T. ) ;
#6571 = CARTESIAN_POINT ( 'NONE',  ( 5.685295238724375400, 0.08432488663803143500, 4.878909776184770000E-016 ) ) ;
#6572 = CIRCLE ( 'NONE', #1141, 0.5000000000000000000 ) ;
#6573 = CIRCLE ( 'NONE', #6467, 0.2500000000000000000 ) ;
#6574 = AXIS2_PLACEMENT_3D ( 'NONE', #4042, #8674, #9331 ) ;
#6575 = DIRECTION ( 'NONE',  ( 0.0000000000000000000, 0.0000000000000000000, -1.000000000000000000 ) ) ;
#6576 = CARTESIAN_POINT ( 'NONE',  ( -4.101061471818665500, 0.2500000000000001100, 0.1250000000000001100 ) ) ;
#6577 = ORIENTED_EDGE ( 'NONE', *, *, #3956, .F. ) ;
#6578 = CYLINDRICAL_SURFACE ( 'NONE', #9158, 0.2500000000000003300 ) ;
#6579 = AXIS2_PLACEMENT_3D ( 'NONE', #6451, #498, #7304 ) ;
#6580 = ORIENTED_EDGE ( 'NONE', *, *, #1007, .F. ) ;
#6581 = EDGE_CURVE ( 'NONE', #6883, #3767, #5650, .T. ) ;
#6582 = VECTOR ( 'NONE', #7117, 1000.000000000000000 ) ;
#6583 = CARTESIAN_POINT ( 'NONE',  ( -5.989959552787900600, 0.002690329722127194800, -10.14645889539294600 ) ) ;
#6584 = ADVANCED_FACE ( 'NONE', ( #4932, #8619 ), #824, .T. ) ;
#6585 = DIRECTION ( 'NONE',  ( 0.0000000000000000000, 0.0000000000000000000, 1.000000000000000000 ) ) ;
#6586 = VERTEX_POINT ( 'NONE', #4658 ) ;
#6587 = CIRCLE ( 'NONE', #8567, 0.2499999999999997200 ) ;
#6588 = LINE ( 'NONE', #8217, #5993 ) ;
#6589 = AXIS2_PLACEMENT_3D ( 'NONE', #8163, #8032, #2757 ) ;
#6590 = EDGE_CURVE ( 'NONE', #1349, #4569, #2681, .T. ) ;
#6591 = DIRECTION ( 'NONE',  ( -1.000000000000000000, 0.0000000000000000000, 0.0000000000000000000 ) ) ;
#6592 = ADVANCED_FACE ( 'NONE', ( #7184 ), #1879, .T. ) ;
#6593 = ORIENTED_EDGE ( 'NONE', *, *, #1415, .F. ) ;
#6594 = CIRCLE ( 'NONE', #8356, 5.220242981272376100 ) ;
#6595 = ORIENTED_EDGE ( 'NONE', *, *, #2604, .T. ) ;
#6596 = CARTESIAN_POINT ( 'NONE',  ( -12.50000000000000000, 0.1000000000000000100, 9.750000000000001800 ) ) ;
#6597 = EDGE_LOOP ( 'NONE', ( #6016, #7110, #7563, #2306 ) ) ;
#6598 = DIRECTION ( 'NONE',  ( -1.000000000000000000, 0.0000000000000000000, 0.0000000000000000000 ) ) ;
#6599 = DIRECTION ( 'NONE',  ( -1.000000000000000000, 0.0000000000000000000, 0.0000000000000000000 ) ) ;
#6600 = AXIS2_PLACEMENT_3D ( 'NONE', #5988, #1476, #2975 ) ;
#6601 = VERTEX_POINT ( 'NONE', #1654 ) ;
#6602 = FACE_OUTER_BOUND ( 'NONE', #1224, .T. ) ;
#6603 = VECTOR ( 'NONE', #4098, 1000.000000000000000 ) ;
#6604 = AXIS2_PLACEMENT_3D ( 'NONE', #7450, #4327, #9623 ) ;
#6605 = DIRECTION ( 'NONE',  ( 1.000000000000000000, 0.0000000000000000000, 0.0000000000000000000 ) ) ;
#6606 = ORIENTED_EDGE ( 'NONE', *, *, #2905, .T. ) ;
#6607 = EDGE_CURVE ( 'NONE', #2342, #3175, #3390, .T. ) ;
#6608 = EDGE_CURVE ( 'NONE', #5916, #2139, #453, .T. ) ;
#6609 = ORIENTED_EDGE ( 'NONE', *, *, #2730, .F. ) ;
#6610 = DIRECTION ( 'NONE',  ( 0.0000000000000000000, 0.0000000000000000000, -1.000000000000000000 ) ) ;
#6611 = DIRECTION ( 'NONE',  ( 0.0000000000000000000, -0.0000000000000000000, 1.000000000000000000 ) ) ;
#6612 = LINE ( 'NONE', #342, #4604 ) ;
#6613 = DIRECTION ( 'NONE',  ( 0.0000000000000000000, 0.0000000000000000000, -1.000000000000000000 ) ) ;
#6614 = ORIENTED_EDGE ( 'NONE', *, *, #1809, .T. ) ;
#6615 = FACE_OUTER_BOUND ( 'NONE', #4367, .T. ) ;
#6616 = CARTESIAN_POINT ( 'NONE',  ( 4.676776695296639200, 6.969669914110098400, -9.624999999999998200 ) ) ;
#6617 = EDGE_LOOP ( 'NONE', ( #8165, #382, #6024, #7521 ) ) ;
#6618 = VERTEX_POINT ( 'NONE', #6278 ) ;
#6619 = CIRCLE ( 'NONE', #7652, 5.294236988611990200 ) ;
#6620 = CARTESIAN_POINT ( 'NONE',  ( -6.249999999999996400, 0.0000000000000000000, 20.00000000000000000 ) ) ;
#6621 = CIRCLE ( 'NONE', #3866, 0.5000000000000000000 ) ;
#6622 = DIRECTION ( 'NONE',  ( 1.000000000000000000, -2.775557561562888800E-014, 0.0000000000000000000 ) ) ;
#6623 = ORIENTED_EDGE ( 'NONE', *, *, #557, .F. ) ;
#6624 = VECTOR ( 'NONE', #673, 1000.000000000000000 ) ;
#6625 = ORIENTED_EDGE ( 'NONE', *, *, #8462, .F. ) ;
#6626 = ORIENTED_EDGE ( 'NONE', *, *, #2213, .F. ) ;
#6627 = CIRCLE ( 'NONE', #8841, 0.5000000000000004400 ) ;
#6628 = AXIS2_PLACEMENT_3D ( 'NONE', #5522, #6968, #4729 ) ;
#6629 = ADVANCED_FACE ( 'NONE', ( #9660 ), #5514, .F. ) ;
#6630 = DIRECTION ( 'NONE',  ( -0.0000000000000000000, 0.0000000000000000000, 1.000000000000000000 ) ) ;
#6631 = EDGE_LOOP ( 'NONE', ( #3031, #4223, #3456, #8543 ) ) ;
#6632 = ORIENTED_EDGE ( 'NONE', *, *, #3940, .T. ) ;
#6633 = DIRECTION ( 'NONE',  ( 1.000000000000000000, 0.0000000000000000000, 0.0000000000000000000 ) ) ;
#6634 = EDGE_LOOP ( 'NONE', ( #3396, #5376, #4879, #956 ) ) ;
#6635 = ORIENTED_EDGE ( 'NONE', *, *, #6856, .F. ) ;
#6636 = FACE_OUTER_BOUND ( 'NONE', #7883, .T. ) ;
#6637 = DIRECTION ( 'NONE',  ( -0.0000000000000000000, -0.0000000000000000000, -1.000000000000000000 ) ) ;
#6638 = CARTESIAN_POINT ( 'NONE',  ( 5.000000000000002700, 6.792893218813461900, 0.3750000000000001100 ) ) ;
#6639 = DIRECTION ( 'NONE',  ( -0.2588190451025143000, -0.9659258262890700900, 0.0000000000000000000 ) ) ;
#6640 = ORIENTED_EDGE ( 'NONE', *, *, #6875, .F. ) ;
#6641 = AXIS2_PLACEMENT_3D ( 'NONE', #5323, #4525, #769 ) ;
#6642 = ORIENTED_EDGE ( 'NONE', *, *, #5146, .T. ) ;
#6643 = VERTEX_POINT ( 'NONE', #9204 ) ;
#6644 = CARTESIAN_POINT ( 'NONE',  ( 19.67677669529663800, 4.969669914110090400, 19.75000000000000000 ) ) ;
#6645 = EDGE_LOOP ( 'NONE', ( #1768, #2415, #6609, #8654 ) ) ;
#6646 = LINE ( 'NONE', #8649, #43 ) ;
#6647 = CARTESIAN_POINT ( 'NONE',  ( 5.685295238724374500, 0.08432488663803186500, 10.37500000000000000 ) ) ;
#6648 = DIRECTION ( 'NONE',  ( 0.0000000000000000000, 0.0000000000000000000, -1.000000000000000000 ) ) ;
#6649 = AXIS2_PLACEMENT_3D ( 'NONE', #2270, #2196, #7551 ) ;
#6650 = EDGE_CURVE ( 'NONE', #1672, #9414, #2577, .T. ) ;
#6651 = ORIENTED_EDGE ( 'NONE', *, *, #6992, .F. ) ;
#6652 = EDGE_LOOP ( 'NONE', ( #7465, #5834, #1645, #777 ) ) ;
#6653 = CARTESIAN_POINT ( 'NONE',  ( -5.749999999999996400, 0.2500000000000002200, -9.749999999999998200 ) ) ;
#6654 = DIRECTION ( 'NONE',  ( 1.000000000000000000, 0.0000000000000000000, 0.0000000000000000000 ) ) ;
#6655 = CIRCLE ( 'NONE', #3292, 0.2500000000000002200 ) ;
#6656 = ORIENTED_EDGE ( 'NONE', *, *, #261, .F. ) ;
#6657 = DIRECTION ( 'NONE',  ( -1.734723475976795500E-015, -1.000000000000000000, 0.0000000000000000000 ) ) ;
#6658 = AXIS2_PLACEMENT_3D ( 'NONE', #7668, #1760, #7047 ) ;
#6659 = CARTESIAN_POINT ( 'NONE',  ( -19.49999999999999600, 0.5000000000000000000, -19.75000000000000000 ) ) ;
#6660 = EDGE_CURVE ( 'NONE', #8922, #868, #5160, .T. ) ;
#6661 = FACE_OUTER_BOUND ( 'NONE', #7778, .T. ) ;
#6662 = DIRECTION ( 'NONE',  ( 0.0000000000000000000, 0.0000000000000000000, -1.000000000000000000 ) ) ;
#6663 = EDGE_CURVE ( 'NONE', #1442, #7383, #675, .T. ) ;
#6664 = EDGE_LOOP ( 'NONE', ( #6878, #4392, #4951, #1650 ) ) ;
#6665 = CARTESIAN_POINT ( 'NONE',  ( 5.750000000000004400, 0.3258063432102998300, 10.12500000000000000 ) ) ;
#6666 = DIRECTION ( 'NONE',  ( -1.000000000000000000, -2.602085213965201600E-015, 0.0000000000000000000 ) ) ;
#6667 = LINE ( 'NONE', #8865, #8088 ) ;
#6668 = EDGE_CURVE ( 'NONE', #193, #5063, #7318, .T. ) ;
#6669 = AXIS2_PLACEMENT_3D ( 'NONE', #1914, #485, #450 ) ;
#6670 = DIRECTION ( 'NONE',  ( -0.0000000000000000000, 0.0000000000000000000, 1.000000000000000000 ) ) ;
#6671 = EDGE_CURVE ( 'NONE', #3899, #712, #6479, .T. ) ;
#6672 = DIRECTION ( 'NONE',  ( -1.224646799147353200E-016, -3.186635328391139900E-031, 1.000000000000000000 ) ) ;
#6673 =( BOUNDED_CURVE ( )  B_SPLINE_CURVE ( 3, ( #7729, #9274, #3841, #9162 ),
 .UNSPECIFIED., .F., .F. ) 
 B_SPLINE_CURVE_WITH_KNOTS ( ( 4, 4 ),
 ( 0.9693613261149950400, 1.570796326794896600 ),
 .UNSPECIFIED. ) 
 CURVE ( )  GEOMETRIC_REPRESENTATION_ITEM ( )  RATIONAL_B_SPLINE_CURVE ( ( 1.000000000000000000, 0.9700828049254912600, 0.9700828049254912600, 1.000000000000000000 ) ) 
 REPRESENTATION_ITEM ( '' )  );
#6674 = ORIENTED_EDGE ( 'NONE', *, *, #1816, .T. ) ;
#6675 = CARTESIAN_POINT ( 'NONE',  ( 19.85355339059327700, 5.146446609406726900, 19.75000000000000000 ) ) ;
#6676 = EDGE_CURVE ( 'NONE', #7709, #2882, #8494, .T. ) ;
#6677 = ADVANCED_FACE ( 'NONE', ( #5292 ), #6123, .T. ) ;
#6678 = DIRECTION ( 'NONE',  ( 0.7071067811865510100, -0.7071067811865440200, 0.0000000000000000000 ) ) ;
#6679 = FACE_OUTER_BOUND ( 'NONE', #8997, .T. ) ;
#6680 = DIRECTION ( 'NONE',  ( 0.0000000000000000000, 0.0000000000000000000, -1.000000000000000000 ) ) ;
#6681 = CARTESIAN_POINT ( 'NONE',  ( -2.792893218813456500, 8.499999999999998200, -9.624999999999998200 ) ) ;
#6682 = ORIENTED_EDGE ( 'NONE', *, *, #3121, .T. ) ;
#6683 = CARTESIAN_POINT ( 'NONE',  ( 1.330407161568939100E-016, 5.499999999999998200, -0.09999999999999939500 ) ) ;
#6684 = CARTESIAN_POINT ( 'NONE',  ( -5.000000000000000000, 5.750000000000000000, 20.00000000000000000 ) ) ;
#6685 = EDGE_CURVE ( 'NONE', #9671, #7201, #8238, .T. ) ;
#6686 = CIRCLE ( 'NONE', #2145, 0.2500000000000002200 ) ;
#6687 = FACE_OUTER_BOUND ( 'NONE', #6357, .T. ) ;
#6688 = DIRECTION ( 'NONE',  ( 0.0000000000000000000, 0.0000000000000000000, -1.000000000000000000 ) ) ;
#6689 = DIRECTION ( 'NONE',  ( -0.7071067811865450200, -0.7071067811865501300, 0.0000000000000000000 ) ) ;
#6690 = CARTESIAN_POINT ( 'NONE',  ( -6.000000000000001800, -1.734725280734508100E-015, 0.3080127018922178600 ) ) ;
#6691 = DIRECTION ( 'NONE',  ( 8.237865840410914700E-017, 0.7399400733959433700, -0.6726727939963128600 ) ) ;
#6692 = ORIENTED_EDGE ( 'NONE', *, *, #6931, .T. ) ;
#6693 = LINE ( 'NONE', #4288, #2451 ) ;
#6694 = AXIS2_PLACEMENT_3D ( 'NONE', #1770, #7907, #7053 ) ;
#6695 = CARTESIAN_POINT ( 'NONE',  ( 1.330407161568939100E-016, 5.499999999999998200, 9.750000000000000000 ) ) ;
#6696 = CARTESIAN_POINT ( 'NONE',  ( -6.249999999999996400, 0.0000000000000000000, 10.25000000000000000 ) ) ;
#6697 = AXIS2_PLACEMENT_3D ( 'NONE', #6258, #2549, #4771 ) ;
#6698 = EDGE_CURVE ( 'NONE', #1061, #5480, #9069, .T. ) ;
#6699 = VERTEX_POINT ( 'NONE', #5377 ) ;
#6700 = VECTOR ( 'NONE', #2438, 1000.000000000000000 ) ;
#6701 = TOROIDAL_SURFACE ( 'NONE', #2059, 5.294236988611968900, 0.1000000000000000100 ) ;
#6702 = CARTESIAN_POINT ( 'NONE',  ( -19.99999999999999600, 4.792893218813452100, -19.75000000000000000 ) ) ;
#6703 = DIRECTION ( 'NONE',  ( -1.000000000000000000, -2.602085213965201600E-015, 0.0000000000000000000 ) ) ;
#6704 = DIRECTION ( 'NONE',  ( -1.000000000000000000, 0.0000000000000000000, 0.0000000000000000000 ) ) ;
#6705 = CYLINDRICAL_SURFACE ( 'NONE', #9536, 0.2500000000000002200 ) ;
#6706 = AXIS2_PLACEMENT_3D ( 'NONE', #5738, #9568, #1222 ) ;
#6707 = DIRECTION ( 'NONE',  ( 1.000000000000000000, 0.0000000000000000000, 0.0000000000000000000 ) ) ;
#6708 = DIRECTION ( 'NONE',  ( 0.0000000000000000000, 0.0000000000000000000, -1.000000000000000000 ) ) ;
#6709 = EDGE_LOOP ( 'NONE', ( #1869, #3066, #8915, #2725 ) ) ;
#6710 = CIRCLE ( 'NONE', #6529, 2.100000000000000100 ) ;
#6711 = VECTOR ( 'NONE', #7355, 1000.000000000000000 ) ;
#6712 = DIRECTION ( 'NONE',  ( 1.000000000000000000, 0.0000000000000000000, 0.0000000000000000000 ) ) ;
#6713 = ORIENTED_EDGE ( 'NONE', *, *, #2108, .F. ) ;
#6714 = DIRECTION ( 'NONE',  ( 0.0000000000000000000, -1.000000000000000000, 0.0000000000000000000 ) ) ;
#6715 = ORIENTED_EDGE ( 'NONE', *, *, #3183, .F. ) ;
#6716 = EDGE_CURVE ( 'NONE', #2190, #8304, #5048, .T. ) ;
#6717 = CARTESIAN_POINT ( 'NONE',  ( 2.100000000000000100, 5.499999999999998200, -20.00000000000000400 ) ) ;
#6718 = ORIENTED_EDGE ( 'NONE', *, *, #3535, .T. ) ;
#6719 = VECTOR ( 'NONE', #2470, 1000.000000000000000 ) ;
#6720 = LINE ( 'NONE', #2665, #6603 ) ;
#6721 = CARTESIAN_POINT ( 'NONE',  ( 1.330407161568939100E-016, 0.5000000000000004400, 19.75000000000000000 ) ) ;
#6722 = VERTEX_POINT ( 'NONE', #1060 ) ;
#6723 = ADVANCED_FACE ( 'NONE', ( #3032 ), #8834, .T. ) ;
#6724 = ORIENTED_EDGE ( 'NONE', *, *, #9402, .F. ) ;
#6725 = DIRECTION ( 'NONE',  ( 0.0000000000000000000, 1.000000000000000000, 0.0000000000000000000 ) ) ;
#6726 = AXIS2_PLACEMENT_3D ( 'NONE', #6463, #8614, #4050 ) ;
#6727 = DIRECTION ( 'NONE',  ( -0.7071067811865458000, -0.7071067811865492400, 0.0000000000000000000 ) ) ;
#6728 = LINE ( 'NONE', #4416, #2822 ) ;
#6729 = EDGE_CURVE ( 'NONE', #6883, #4141, #3629, .T. ) ;
#6730 = DIRECTION ( 'NONE',  ( 1.000000000000000000, 0.0000000000000000000, -0.0000000000000000000 ) ) ;
#6731 = ORIENTED_EDGE ( 'NONE', *, *, #3749, .T. ) ;
#6732 = VECTOR ( 'NONE', #6893, 999.9999999999998900 ) ;
#6733 = EDGE_CURVE ( 'NONE', #9232, #38, #100, .T. ) ;
#6734 = ORIENTED_EDGE ( 'NONE', *, *, #7878, .F. ) ;
#6735 = ORIENTED_EDGE ( 'NONE', *, *, #8397, .F. ) ;
#6736 = CIRCLE ( 'NONE', #5441, 0.2500000000000000000 ) ;
#6737 = EDGE_LOOP ( 'NONE', ( #1929, #5941, #4115, #3681 ) ) ;
#6738 = CARTESIAN_POINT ( 'NONE',  ( 5.750000000000003600, 5.249999999999998200, 0.0000000000000000000 ) ) ;
#6739 = CARTESIAN_POINT ( 'NONE',  ( -5.999999999999996400, 0.2500000000000002200, 20.00000000000000000 ) ) ;
#6740 = ORIENTED_EDGE ( 'NONE', *, *, #5477, .T. ) ;
#6741 = DIRECTION ( 'NONE',  ( -0.0000000000000000000, -0.0000000000000000000, 1.000000000000000000 ) ) ;
#6742 = EDGE_LOOP ( 'NONE', ( #6593, #2407, #1667, #4963 ) ) ;
#6743 = DIRECTION ( 'NONE',  ( 0.0000000000000000000, 0.0000000000000000000, -1.000000000000000000 ) ) ;
#6744 = ORIENTED_EDGE ( 'NONE', *, *, #7720, .F. ) ;
#6745 = CIRCLE ( 'NONE', #6669, 0.1000000000000002600 ) ;
#6746 = CARTESIAN_POINT ( 'NONE',  ( 19.46966991411008200, 5.176776695296648100, -20.00000000000000000 ) ) ;
#6747 = DIRECTION ( 'NONE',  ( 0.0000000000000000000, -1.000000000000000000, 0.0000000000000000000 ) ) ;
#6748 = CARTESIAN_POINT ( 'NONE',  ( -2.969669914110093500, 8.676776695296633000, -9.874999999999998200 ) ) ;
#6749 = VERTEX_POINT ( 'NONE', #9405 ) ;
#6750 = ORIENTED_EDGE ( 'NONE', *, *, #3606, .T. ) ;
#6751 = ORIENTED_EDGE ( 'NONE', *, *, #9774, .F. ) ;
#6752 = AXIS2_PLACEMENT_3D ( 'NONE', #7559, #3090, #6073 ) ;
#6753 = CARTESIAN_POINT ( 'NONE',  ( 4.101061471818666400, 0.7500000000000006700, 10.12500000000000000 ) ) ;
#6754 = VERTEX_POINT ( 'NONE', #1092 ) ;
#6755 = CIRCLE ( 'NONE', #8312, 0.2500000000000002200 ) ;
#6756 = CARTESIAN_POINT ( 'NONE',  ( 2.792893218813457400, 8.499999999999998200, 0.1250000000000001100 ) ) ;
#6757 = DIRECTION ( 'NONE',  ( -1.000000000000000000, 0.0000000000000000000, -0.0000000000000000000 ) ) ;
#6758 = CARTESIAN_POINT ( 'NONE',  ( -5.810746011251135100, 0.05071045344967322500, 9.992914901210781400 ) ) ;
#6759 = CARTESIAN_POINT ( 'NONE',  ( -4.750000000000000000, 9.000000000000000000, 10.12500000000000000 ) ) ;
#6760 = ADVANCED_FACE ( 'NONE', ( #6829 ), #7902, .T. ) ;
#6761 = AXIS2_PLACEMENT_3D ( 'NONE', #3412, #4910, #7157 ) ;
#6762 = ORIENTED_EDGE ( 'NONE', *, *, #3373, .T. ) ;
#6763 = VERTEX_POINT ( 'NONE', #273 ) ;
#6764 = EDGE_CURVE ( 'NONE', #2394, #8738, #2101, .T. ) ;
#6765 = DIRECTION ( 'NONE',  ( -1.000000000000000000, -6.938893903907222100E-015, 0.0000000000000000000 ) ) ;
#6766 = CARTESIAN_POINT ( 'NONE',  ( 2.969669914110094000, 8.676776695296634800, -20.00000000000000000 ) ) ;
#6767 = VECTOR ( 'NONE', #2755, 1000.000000000000000 ) ;
#6768 = DIRECTION ( 'NONE',  ( 0.9659258262890698700, 0.2588190451025151900, 0.0000000000000000000 ) ) ;
#6769 = LINE ( 'NONE', #6855, #2850 ) ;
#6770 = DIRECTION ( 'NONE',  ( 1.000000000000000000, 0.0000000000000000000, 0.0000000000000000000 ) ) ;
#6771 = AXIS2_PLACEMENT_3D ( 'NONE', #2290, #2320, #9159 ) ;
#6772 = DIRECTION ( 'NONE',  ( -1.000000000000000000, 0.0000000000000000000, 0.0000000000000000000 ) ) ;
#6773 = ORIENTED_EDGE ( 'NONE', *, *, #9408, .T. ) ;
#6774 = ORIENTED_EDGE ( 'NONE', *, *, #1099, .T. ) ;
#6775 = CARTESIAN_POINT ( 'NONE',  ( -5.905669631948860900, 0.02527574594103042600, -10.21230992578208900 ) ) ;
#6776 = ADVANCED_FACE ( 'NONE', ( #2789 ), #8373, .T. ) ;
#6777 = CYLINDRICAL_SURFACE ( 'NONE', #6354, 0.2499999999999997200 ) ;
#6778 = AXIS2_PLACEMENT_3D ( 'NONE', #1386, #71, #3098 ) ;
#6779 = EDGE_CURVE ( 'NONE', #1828, #6306, #4584, .T. ) ;
#6780 = CARTESIAN_POINT ( 'NONE',  ( 6.000000000000003600, 5.249999999999998200, 20.00000000000000000 ) ) ;
#6781 = ORIENTED_EDGE ( 'NONE', *, *, #8591, .T. ) ;
#6782 = DIRECTION ( 'NONE',  ( -1.000000000000000000, 0.0000000000000000000, 0.0000000000000000000 ) ) ;
#6783 = CARTESIAN_POINT ( 'NONE',  ( 19.50000000000000400, 0.0000000000000000000, 20.00000000000000000 ) ) ;
#6784 = CIRCLE ( 'NONE', #4360, 0.2500000000000002200 ) ;
#6785 = CARTESIAN_POINT ( 'NONE',  ( 4.101061471818666400, 0.2500000000000002200, 20.00000000000000000 ) ) ;
#6786 = AXIS2_PLACEMENT_3D ( 'NONE', #5727, #7177, #3441 ) ;
#6787 = VERTEX_POINT ( 'NONE', #7066 ) ;
#6788 = CARTESIAN_POINT ( 'NONE',  ( -19.49999999999999600, 0.5000000000000000000, 20.00000000000000000 ) ) ;
#6789 = EDGE_CURVE ( 'NONE', #1374, #4356, #1640, .T. ) ;
#6790 = CARTESIAN_POINT ( 'NONE',  ( 5.750000000000003600, 5.249999999999998200, 10.37500000000000000 ) ) ;
#6791 = CARTESIAN_POINT ( 'NONE',  ( -5.869215054525357200, 0.03504372052207585500, 10.02589591118449200 ) ) ;
#6792 = EDGE_CURVE ( 'NONE', #6524, #6143, #1389, .T. ) ;
#6793 = DIRECTION ( 'NONE',  ( 0.0000000000000000000, 0.0000000000000000000, -1.000000000000000000 ) ) ;
#6794 = CIRCLE ( 'NONE', #2540, 2.000000000000000000 ) ;
#6795 = CARTESIAN_POINT ( 'NONE',  ( 2.823223304703361700, 8.823223304703367000, -10.24999999999999800 ) ) ;
#6796 = CARTESIAN_POINT ( 'NONE',  ( -3.146446609406730500, 8.853553390593271300, 9.750000000000000000 ) ) ;
#6797 = CARTESIAN_POINT ( 'NONE',  ( 4.676776695296639200, 6.969669914110098400, -9.874999999999998200 ) ) ;
#6798 =( BOUNDED_SURFACE ( )  B_SPLINE_SURFACE ( 3, 2, ( 
 ( #9574, #6571, #8018 ),
 ( #9354, #4822, #496 ),
 ( #312, #2053, #7337 ),
 ( #5592, #8785, #4215 ) ),
 .UNSPECIFIED., .F., .F., .F. ) 
 B_SPLINE_SURFACE_WITH_KNOTS ( ( 4, 4 ),
 ( 3, 3 ),
 ( 1.570796326794896600, 2.233852117024890400 ),
 ( 0.0000000000000000000, 1.000000000000000000 ),
 .UNSPECIFIED. ) 
 GEOMETRIC_REPRESENTATION_ITEM ( )  RATIONAL_B_SPLINE_SURFACE ( (
 ( 1.000000000000000000, 0.7071067811865471300, 1.000000000000000000),
 ( 1.000000000000000000, 0.7273619197245430000, 1.000000000000000000),
 ( 1.000000000000000000, 0.7465787745745543500, 1.000000000000000000),
 ( 1.000000000000000000, 0.7613508976003428000, 1.000000000000000000) ) ) 
 REPRESENTATION_ITEM ( '' )  SURFACE ( )  );
#6799 = ORIENTED_EDGE ( 'NONE', *, *, #3153, .F. ) ;
#6800 = DIRECTION ( 'NONE',  ( 0.2588190451025123600, -0.9659258262890706400, 0.0000000000000000000 ) ) ;
#6801 = FACE_OUTER_BOUND ( 'NONE', #2648, .T. ) ;
#6802 = TOROIDAL_SURFACE ( 'NONE', #1913, 0.2500000000000000000, 0.2500000000000000000 ) ;
#6803 = DIRECTION ( 'NONE',  ( 0.0000000000000000000, 0.0000000000000000000, 1.000000000000000000 ) ) ;
#6804 = CARTESIAN_POINT ( 'NONE',  ( 2.792893218813457400, 9.000000000000000000, 9.750000000000000000 ) ) ;
#6805 = DIRECTION ( 'NONE',  ( -0.0000000000000000000, -1.000000000000000000, -0.0000000000000000000 ) ) ;
#6806 = CARTESIAN_POINT ( 'NONE',  ( -4.676776695296636500, 6.969669914110091300, -9.874999999999998200 ) ) ;
#6807 = CARTESIAN_POINT ( 'NONE',  ( 19.46966991411008200, 5.176776695296648100, 19.75000000000000000 ) ) ;
#6808 = CARTESIAN_POINT ( 'NONE',  ( 5.999459515307475700, 0.0001448224368845978000, -9.703315301703211700 ) ) ;
#6809 = ORIENTED_EDGE ( 'NONE', *, *, #8459, .T. ) ;
#6810 = ADVANCED_FACE ( 'NONE', ( #812 ), #5643, .T. ) ;
#6811 = CYLINDRICAL_SURFACE ( 'NONE', #1966, 0.2500000000000005000 ) ;
#6812 = CARTESIAN_POINT ( 'NONE',  ( 1.330407161568939100E-016, 0.5000000000000004400, 9.750000000000000000 ) ) ;
#6813 = CIRCLE ( 'NONE', #2843, 0.2500000000000002200 ) ;
#6814 = EDGE_CURVE ( 'NONE', #1662, #2049, #9059, .T. ) ;
#6815 = CARTESIAN_POINT ( 'NONE',  ( 12.50000000000000000, 2.711339312526813900, 12.50000000000000000 ) ) ;
#6816 = CARTESIAN_POINT ( 'NONE',  ( 4.750000000000006200, 8.999999999999991100, 10.37500000000000000 ) ) ;
#6817 = EDGE_CURVE ( 'NONE', #2037, #8475, #1992, .T. ) ;
#6818 = ORIENTED_EDGE ( 'NONE', *, *, #6484, .F. ) ;
#6819 = CIRCLE ( 'NONE', #7867, 0.09999999999999939500 ) ;
#6820 = AXIS2_PLACEMENT_3D ( 'NONE', #9732, #5906, #8998 ) ;
#6821 = LINE ( 'NONE', #659, #7074 ) ;
#6822 = ADVANCED_FACE ( 'NONE', ( #7071 ), #7413, .T. ) ;
#6823 = DIRECTION ( 'NONE',  ( 0.7071067811865458000, 0.7071067811865492400, 0.0000000000000000000 ) ) ;
#6824 = DIRECTION ( 'NONE',  ( -0.0000000000000000000, -0.0000000000000000000, -1.000000000000000000 ) ) ;
#6825 = DIRECTION ( 'NONE',  ( 1.000000000000000000, 0.0000000000000000000, 0.0000000000000000000 ) ) ;
#6826 = AXIS2_PLACEMENT_3D ( 'NONE', #9553, #4231, #8135 ) ;
#6827 = DIRECTION ( 'NONE',  ( 1.000000000000000000, 0.0000000000000000000, 0.0000000000000000000 ) ) ;
#6828 = ORIENTED_EDGE ( 'NONE', *, *, #6276, .T. ) ;
#6829 = FACE_OUTER_BOUND ( 'NONE', #2628, .T. ) ;
#6830 = CYLINDRICAL_SURFACE ( 'NONE', #861, 0.5000000000000000000 ) ;
#6831 = CARTESIAN_POINT ( 'NONE',  ( -19.46966991411011700, 5.176776695296599200, -20.00000000000000000 ) ) ;
#6832 = ORIENTED_EDGE ( 'NONE', *, *, #2974, .F. ) ;
#6833 = ORIENTED_EDGE ( 'NONE', *, *, #6436, .T. ) ;
#6834 = AXIS2_PLACEMENT_3D ( 'NONE', #4193, #1990, #5911 ) ;
#6835 = EDGE_CURVE ( 'NONE', #1497, #6055, #560, .T. ) ;
#6836 = DIRECTION ( 'NONE',  ( 0.0000000000000000000, 0.0000000000000000000, -1.000000000000000000 ) ) ;
#6837 = CARTESIAN_POINT ( 'NONE',  ( 6.250000000000003600, 0.2500000000000000000, 20.00000000000000000 ) ) ;
#6838 = ORIENTED_EDGE ( 'NONE', *, *, #483, .F. ) ;
#6839 = CYLINDRICAL_SURFACE ( 'NONE', #7594, 0.2500000000000002200 ) ;
#6840 = CYLINDRICAL_SURFACE ( 'NONE', #8874, 0.2500000000000002200 ) ;
#6841 = DIRECTION ( 'NONE',  ( 0.0000000000000000000, 0.0000000000000000000, -1.000000000000000000 ) ) ;
#6842 = ORIENTED_EDGE ( 'NONE', *, *, #7793, .T. ) ;
#6843 = DIRECTION ( 'NONE',  ( 1.000000000000000000, 0.0000000000000000000, 0.0000000000000000000 ) ) ;
#6844 = ORIENTED_EDGE ( 'NONE', *, *, #1002, .F. ) ;
#6845 = ORIENTED_EDGE ( 'NONE', *, *, #4562, .F. ) ;
#6846 = CARTESIAN_POINT ( 'NONE',  ( -1.783371450077654500, 2.344367139542231200, 10.37500000000000000 ) ) ;
#6847 = FACE_BOUND ( 'NONE', #7256, .T. ) ;
#6848 = DIRECTION ( 'NONE',  ( 0.0000000000000000000, 0.0000000000000000000, -1.000000000000000000 ) ) ;
#6849 = EDGE_LOOP ( 'NONE', ( #729, #6, #7348, #1562 ) ) ;
#6850 = CYLINDRICAL_SURFACE ( 'NONE', #2227, 0.2500000000000002200 ) ;
#6851 = AXIS2_PLACEMENT_3D ( 'NONE', #9542, #5011, #6599 ) ;
#6852 = CARTESIAN_POINT ( 'NONE',  ( 4.750000000000000000, 5.749999999999998200, 10.37500000000000000 ) ) ;
#6853 = VERTEX_POINT ( 'NONE', #8045 ) ;
#6854 = EDGE_CURVE ( 'NONE', #8980, #193, #2205, .T. ) ;
#6855 = CARTESIAN_POINT ( 'NONE',  ( 4.750000000000006200, 8.999999999999991100, 10.12500000000000000 ) ) ;
#6856 = EDGE_CURVE ( 'NONE', #7679, #9599, #5039, .T. ) ;
#6857 = VERTEX_POINT ( 'NONE', #2682 ) ;
#6858 = LINE ( 'NONE', #7303, #4363 ) ;
#6859 = DIRECTION ( 'NONE',  ( 0.0000000000000000000, 0.0000000000000000000, 1.000000000000000000 ) ) ;
#6860 = CIRCLE ( 'NONE', #5062, 0.2500000000000002200 ) ;
#6861 = DIRECTION ( 'NONE',  ( -1.000000000000000000, 0.0000000000000000000, 0.0000000000000000000 ) ) ;
#6862 = ORIENTED_EDGE ( 'NONE', *, *, #483, .T. ) ;
#6863 = VECTOR ( 'NONE', #4567, 1000.000000000000000 ) ;
#6864 = CARTESIAN_POINT ( 'NONE',  ( 2.792893218813457400, 9.000000000000000000, 20.00000000000000000 ) ) ;
#6865 = DIRECTION ( 'NONE',  ( 0.7071067811865441300, -0.7071067811865510100, 0.0000000000000000000 ) ) ;
#6866 = ORIENTED_EDGE ( 'NONE', *, *, #7526, .T. ) ;
#6867 = ADVANCED_FACE ( 'NONE', ( #3862 ), #3383, .T. ) ;
#6868 = EDGE_CURVE ( 'NONE', #221, #7942, #6587, .T. ) ;
#6869 = ORIENTED_EDGE ( 'NONE', *, *, #1435, .F. ) ;
#6870 = CIRCLE ( 'NONE', #7148, 0.2500000000000000000 ) ;
#6871 = DIRECTION ( 'NONE',  ( -0.7071067811865490200, 0.7071067811865460200, -0.0000000000000000000 ) ) ;
#6872 = AXIS2_PLACEMENT_3D ( 'NONE', #4787, #5479, #998 ) ;
#6873 = EDGE_CURVE ( 'NONE', #3840, #8772, #7895, .T. ) ;
#6874 = DIRECTION ( 'NONE',  ( 0.0000000000000000000, 0.0000000000000000000, -1.000000000000000000 ) ) ;
#6875 = EDGE_CURVE ( 'NONE', #5152, #3455, #2972, .T. ) ;
#6876 = APPROVAL ( #5691, 'UNSPECIFIED' ) ;
#6877 = ORIENTED_EDGE ( 'NONE', *, *, #117, .F. ) ;
#6878 = ORIENTED_EDGE ( 'NONE', *, *, #3304, .F. ) ;
#6879 = ORIENTED_EDGE ( 'NONE', *, *, #4084, .F. ) ;
#6880 = CARTESIAN_POINT ( 'NONE',  ( -3.000000000000002700, 9.000000000000000000, 20.00000000000000000 ) ) ;
#6881 = CARTESIAN_POINT ( 'NONE',  ( -12.50000000000002700, 5.499999999999980500, -12.50000000000000000 ) ) ;
#6882 = CARTESIAN_POINT ( 'NONE',  ( 5.000000000000000000, 5.499999999999998200, -19.75000000000000000 ) ) ;
#6883 = VERTEX_POINT ( 'NONE', #5761 ) ;
#6884 = CIRCLE ( 'NONE', #2629, 0.2500000000000002200 ) ;
#6885 = DIRECTION ( 'NONE',  ( 0.0000000000000000000, 0.0000000000000000000, 1.000000000000000000 ) ) ;
#6886 = DIRECTION ( 'NONE',  ( -1.000000000000000000, 0.0000000000000000000, 0.0000000000000000000 ) ) ;
#6887 = ADVANCED_FACE ( 'NONE', ( #4331 ), #3273, .T. ) ;
#6888 = EDGE_LOOP ( 'NONE', ( #1232, #5579, #8103, #2619 ) ) ;
#6889 = ORIENTED_EDGE ( 'NONE', *, *, #7111, .T. ) ;
#6890 = ORIENTED_EDGE ( 'NONE', *, *, #916, .F. ) ;
#6891 = ORIENTED_EDGE ( 'NONE', *, *, #8919, .F. ) ;
#6892 = CYLINDRICAL_SURFACE ( 'NONE', #3687, 0.2500000000000002200 ) ;
#6893 = DIRECTION ( 'NONE',  ( 0.7071067811865482400, -0.7071067811865469100, -0.0000000000000000000 ) ) ;
#6894 = DIRECTION ( 'NONE',  ( 0.0000000000000000000, 0.0000000000000000000, -1.000000000000000000 ) ) ;
#6895 = ADVANCED_FACE ( 'NONE', ( #8360 ), #336, .F. ) ;
#6896 = ORIENTED_EDGE ( 'NONE', *, *, #4818, .T. ) ;
#6897 = AXIS2_PLACEMENT_3D ( 'NONE', #909, #4743, #1737 ) ;
#6898 = CARTESIAN_POINT ( 'NONE',  ( -2.792893218813456500, 9.000000000000000000, 0.3750000000000003300 ) ) ;
#6899 = ORIENTED_EDGE ( 'NONE', *, *, #6854, .F. ) ;
#6900 = CIRCLE ( 'NONE', #4259, 0.09999999999999939500 ) ;
#6901 = CARTESIAN_POINT ( 'NONE',  ( 4.500000000000002700, 6.792893218813461900, -0.2500000000000002200 ) ) ;
#6902 = AXIS2_PLACEMENT_3D ( 'NONE', #2390, #3096, #9260 ) ;
#6903 = EDGE_CURVE ( 'NONE', #2966, #8420, #9603, .T. ) ;
#6904 = CARTESIAN_POINT ( 'NONE',  ( 1.330407161568939100E-016, 5.499999999999998200, 10.00000000000000000 ) ) ;
#6905 = DIRECTION ( 'NONE',  ( 1.000000000000000000, 0.0000000000000000000, 0.0000000000000000000 ) ) ;
#6906 = EDGE_LOOP ( 'NONE', ( #7114, #3539, #4941, #4774 ) ) ;
#6907 = CARTESIAN_POINT ( 'NONE',  ( 5.000000000000002700, 6.792893218813461000, 9.750000000000000000 ) ) ;
#6908 = FACE_OUTER_BOUND ( 'NONE', #6027, .T. ) ;
#6909 = AXIS2_PLACEMENT_3D ( 'NONE', #7960, #5674, #4089 ) ;
#6910 = DIRECTION ( 'NONE',  ( -0.0000000000000000000, 0.0000000000000000000, 1.000000000000000000 ) ) ;
#6911 = DIRECTION ( 'NONE',  ( 0.0000000000000000000, 0.0000000000000000000, 1.000000000000000000 ) ) ;
#6912 = CARTESIAN_POINT ( 'NONE',  ( 2.000000000000000000, 5.499999999999998200, -19.49999999999998600 ) ) ;
#6913 = EDGE_LOOP ( 'NONE', ( #7299, #9692, #5306, #6501 ) ) ;
#6914 = DIRECTION ( 'NONE',  ( -0.7071067811865432400, -0.7071067811865519000, 0.0000000000000000000 ) ) ;
#6915 = DIRECTION ( 'NONE',  ( -0.7071067811865475700, 0.7071067811865475700, 0.0000000000000000000 ) ) ;
#6916 = EDGE_CURVE ( 'NONE', #7165, #2740, #5537, .T. ) ;
#6917 = FACE_OUTER_BOUND ( 'NONE', #1095, .T. ) ;
#6918 = ADVANCED_FACE ( 'NONE', ( #1504 ), #6366, .T. ) ;
#6919 = DIRECTION ( 'NONE',  ( -1.000000000000000000, 0.0000000000000000000, 0.0000000000000000000 ) ) ;
#6920 = VERTEX_POINT ( 'NONE', #5799 ) ;
#6921 = DIRECTION ( 'NONE',  ( -1.000000000000000000, 0.0000000000000000000, 0.0000000000000000000 ) ) ;
#6922 = CIRCLE ( 'NONE', #3932, 0.2500000000000002200 ) ;
#6923 = AXIS2_PLACEMENT_3D ( 'NONE', #8905, #7423, #8931 ) ;
#6924 = CARTESIAN_POINT ( 'NONE',  ( -5.989959552787899700, 0.002690329722128130300, 0.2714588953929485400 ) ) ;
#6925 = CC_DESIGN_PERSON_AND_ORGANIZATION_ASSIGNMENT ( #6113, #5652, ( #7270 ) ) ;
#6926 = DIRECTION ( 'NONE',  ( 0.0000000000000000000, -1.000000000000000000, 0.0000000000000000000 ) ) ;
#6927 = EDGE_CURVE ( 'NONE', #1900, #7798, #3019, .T. ) ;
#6928 = ADVANCED_FACE ( 'NONE', ( #2096 ), #6253, .T. ) ;
#6929 = VERTEX_POINT ( 'NONE', #4425 ) ;
#6930 = CARTESIAN_POINT ( 'NONE',  ( 5.742974427131911400, 0.06886979468412474100, -9.861008723867440700 ) ) ;
#6931 = EDGE_CURVE ( 'NONE', #1565, #9202, #2569, .T. ) ;
#6932 = DIRECTION ( 'NONE',  ( -1.000000000000000000, -2.602085213965201600E-015, 0.0000000000000000000 ) ) ;
#6933 = FACE_OUTER_BOUND ( 'NONE', #4860, .T. ) ;
#6934 = FACE_OUTER_BOUND ( 'NONE', #1571, .T. ) ;
#6935 = DIRECTION ( 'NONE',  ( -0.0000000000000000000, 0.0000000000000000000, -1.000000000000000000 ) ) ;
#6936 = CARTESIAN_POINT ( 'NONE',  ( 5.000000000000002700, 6.792893218813461000, -9.624999999999998200 ) ) ;
#6937 = ADVANCED_FACE ( 'NONE', ( #90 ), #9314, .T. ) ;
#6938 = DIRECTION ( 'NONE',  ( 0.0000000000000000000, 0.0000000000000000000, 1.000000000000000000 ) ) ;
#6939 = EDGE_LOOP ( 'NONE', ( #1886, #5332, #990, #9341 ) ) ;
#6940 = VECTOR ( 'NONE', #679, 999.9999999999998900 ) ;
#6941 = CALENDAR_DATE ( 2023, 10, 3 ) ;
#6942 = DIRECTION ( 'NONE',  ( -1.000000000000000000, 0.0000000000000000000, 0.0000000000000000000 ) ) ;
#6943 = CARTESIAN_POINT ( 'NONE',  ( 19.50000000000000400, 0.0000000000000000000, 19.75000000000000000 ) ) ;
#6944 = CARTESIAN_POINT ( 'NONE',  ( 4.750000000000000000, 5.499999999999998200, 9.750000000000000000 ) ) ;
#6945 = DIRECTION ( 'NONE',  ( 1.000000000000000000, 0.0000000000000000000, 0.0000000000000000000 ) ) ;
#6946 = CARTESIAN_POINT ( 'NONE',  ( 1.330407161568939100E-016, 5.499999999999998200, 0.3750000000000003300 ) ) ;
#6947 = ORIENTED_EDGE ( 'NONE', *, *, #8696, .T. ) ;
#6948 = TOROIDAL_SURFACE ( 'NONE', #1096, 0.2500000000000000000, 0.2500000000000000000 ) ;
#6949 = VECTOR ( 'NONE', #985, 1000.000000000000000 ) ;
#6950 = AXIS2_PLACEMENT_3D ( 'NONE', #1223, #4246, #1249 ) ;
#6951 = DIRECTION ( 'NONE',  ( 0.0000000000000000000, -0.0000000000000000000, -1.000000000000000000 ) ) ;
#6952 = DIRECTION ( 'NONE',  ( 0.0000000000000000000, 0.0000000000000000000, 1.000000000000000000 ) ) ;
#6953 = DIRECTION ( 'NONE',  ( 0.7071067811865475700, -0.7071067811865475700, 0.0000000000000000000 ) ) ;
#6954 = LINE ( 'NONE', #1423, #456 ) ;
#6955 = CARTESIAN_POINT ( 'NONE',  ( -12.50000000000000000, 0.1000000000000000100, 15.25000000000000000 ) ) ;
#6956 = AXIS2_PLACEMENT_3D ( 'NONE', #8054, #4305, #4375 ) ;
#6957 = ORIENTED_EDGE ( 'NONE', *, *, #2559, .F. ) ;
#6958 = TOROIDAL_SURFACE ( 'NONE', #7739, 0.5000000000000000000, 0.2500000000000000000 ) ;
#6959 = CYLINDRICAL_SURFACE ( 'NONE', #1873, 0.5000000000000004400 ) ;
#6960 = ORIENTED_EDGE ( 'NONE', *, *, #663, .T. ) ;
#6961 = DIRECTION ( 'NONE',  ( 0.0000000000000000000, 0.0000000000000000000, 1.000000000000000000 ) ) ;
#6962 = CARTESIAN_POINT ( 'NONE',  ( -5.749999999999996400, 5.249999999999998200, -10.24999999999999800 ) ) ;
#6963 = VERTEX_POINT ( 'NONE', #5191 ) ;
#6964 = CARTESIAN_POINT ( 'NONE',  ( -5.999999999999996400, 0.2500000000000000000, -19.75000000000000000 ) ) ;
#6965 = ADVANCED_FACE ( 'NONE', ( #227 ), #1049, .T. ) ;
#6966 = AXIS2_PLACEMENT_3D ( 'NONE', #2305, #1485, #3825 ) ;
#6967 = DIRECTION ( 'NONE',  ( -2.891205793294680300E-016, -0.0000000000000000000, -1.000000000000000000 ) ) ;
#6968 = DIRECTION ( 'NONE',  ( 0.0000000000000000000, 0.0000000000000000000, -1.000000000000000000 ) ) ;
#6969 = DIRECTION ( 'NONE',  ( -0.0000000000000000000, 1.000000000000000000, -0.0000000000000000000 ) ) ;
#6970 = ORIENTED_EDGE ( 'NONE', *, *, #8894, .F. ) ;
#6971 = VECTOR ( 'NONE', #2281, 1000.000000000000000 ) ;
#6972 = FACE_OUTER_BOUND ( 'NONE', #2914, .T. ) ;
#6973 = CARTESIAN_POINT ( 'NONE',  ( -4.101061471818665500, 0.7500000000000001100, -20.00000000000000000 ) ) ;
#6974 = VERTEX_POINT ( 'NONE', #5985 ) ;
#6975 = AXIS2_PLACEMENT_3D ( 'NONE', #4807, #3271, #2427 ) ;
#6976 = ORIENTED_EDGE ( 'NONE', *, *, #8930, .T. ) ;
#6977 = EDGE_CURVE ( 'NONE', #3175, #820, #1273, .T. ) ;
#6978 = CARTESIAN_POINT ( 'NONE',  ( 5.750000000000003600, 5.249999999999998200, -9.624999999999998200 ) ) ;
#6979 = DIRECTION ( 'NONE',  ( -0.0000000000000000000, -0.0000000000000000000, -1.000000000000000000 ) ) ;
#6981 = CIRCLE ( 'NONE', #5595, 2.100000000000000100 ) ;
#6980 = CARTESIAN_POINT ( 'NONE',  ( -12.50000000000002700, 5.467267279399611500, -12.50000000000000000 ) ) ;
#6982 = ADVANCED_FACE ( 'NONE', ( #5991 ), #8203, .F. ) ;
#6983 = VERTEX_POINT ( 'NONE', #4456 ) ;
#6984 = CIRCLE ( 'NONE', #8750, 2.000000000000000000 ) ;
#6985 = ORIENTED_EDGE ( 'NONE', *, *, #4328, .F. ) ;
#6986 = ORIENTED_EDGE ( 'NONE', *, *, #9540, .T. ) ;
#6987 = CIRCLE ( 'NONE', #3781, 5.220242981272376100 ) ;
#6988 = DIRECTION ( 'NONE',  ( 0.9659258262890700900, -0.2588190451025143000, 0.0000000000000000000 ) ) ;
#6989 = CARTESIAN_POINT ( 'NONE',  ( -5.000000000000000000, 5.500000000000000900, -9.624999999999998200 ) ) ;
#6990 = CARTESIAN_POINT ( 'NONE',  ( 5.250000000000000000, 5.749999999999998200, 10.12500000000000000 ) ) ;
#6991 = AXIS2_PLACEMENT_3D ( 'NONE', #5877, #8153, #2110 ) ;
#6992 = EDGE_CURVE ( 'NONE', #6749, #3581, #6819, .T. ) ;
#6993 = DIRECTION ( 'NONE',  ( 1.000000000000000000, 0.0000000000000000000, 0.0000000000000000000 ) ) ;
#6994 = EDGE_LOOP ( 'NONE', ( #4241, #2924, #2797, #5515 ) ) ;
#6995 = ORIENTED_EDGE ( 'NONE', *, *, #8077, .F. ) ;
#6996 = VERTEX_POINT ( 'NONE', #576 ) ;
#6997 = ADVANCED_FACE ( 'NONE', ( #5879 ), #4820, .T. ) ;
#6998 = DIRECTION ( 'NONE',  ( 1.000000000000000000, 0.0000000000000000000, 0.0000000000000000000 ) ) ;
#6999 = ORIENTED_EDGE ( 'NONE', *, *, #4786, .F. ) ;
#7000 = VECTOR ( 'NONE', #2463, 1000.000000000000000 ) ;
#7001 = DIRECTION ( 'NONE',  ( 0.0000000000000000000, 0.0000000000000000000, -1.000000000000000000 ) ) ;
#7002 = CARTESIAN_POINT ( 'NONE',  ( 5.869215054525368700, 0.03504372052207688200, -9.900895911184493400 ) ) ;
#7003 = DIRECTION ( 'NONE',  ( -0.0000000000000000000, 0.0000000000000000000, 1.000000000000000000 ) ) ;
#7004 = ORIENTED_EDGE ( 'NONE', *, *, #6376, .F. ) ;
#7005 = VERTEX_POINT ( 'NONE', #6746 ) ;
#7006 = ORIENTED_EDGE ( 'NONE', *, *, #8633, .T. ) ;
#7007 = CARTESIAN_POINT ( 'NONE',  ( -5.849496439246688200, 0.2724863621184524500, -9.984926072287246200 ) ) ;
#7008 = DIRECTION ( 'NONE',  ( -1.000000000000000000, 0.0000000000000000000, 0.0000000000000000000 ) ) ;
#7009 = ORIENTED_EDGE ( 'NONE', *, *, #233, .T. ) ;
#7010 = DIRECTION ( 'NONE',  ( 0.0000000000000000000, -1.000000000000000000, 0.0000000000000000000 ) ) ;
#7011 = VECTOR ( 'NONE', #2554, 1000.000000000000100 ) ;
#7012 = DIRECTION ( 'NONE',  ( 0.7071067811865482400, -0.7071067811865469100, 0.0000000000000000000 ) ) ;
#7013 = CARTESIAN_POINT ( 'NONE',  ( 12.50000000000000000, 5.467267279399634600, 12.50000000000000000 ) ) ;
#7014 = ORIENTED_EDGE ( 'NONE', *, *, #703, .F. ) ;
#7015 = DIRECTION ( 'NONE',  ( 0.0000000000000000000, 0.0000000000000000000, -1.000000000000000000 ) ) ;
#7016 = DIRECTION ( 'NONE',  ( -0.0000000000000000000, -0.0000000000000000000, -1.000000000000000000 ) ) ;
#7017 = VERTEX_POINT ( 'NONE', #5126 ) ;
#7018 = CARTESIAN_POINT ( 'NONE',  ( -4.500000000000000900, 6.792893218813454800, -0.2500000000000002200 ) ) ;
#7019 = DIRECTION ( 'NONE',  ( 1.000000000000000000, 0.0000000000000000000, 0.0000000000000000000 ) ) ;
#7020 = AXIS2_PLACEMENT_3D ( 'NONE', #164, #4834, #1169 ) ;
#7021 = FACE_OUTER_BOUND ( 'NONE', #7643, .T. ) ;
#7022 = VECTOR ( 'NONE', #8111, 1000.000000000000000 ) ;
#7023 = DIRECTION ( 'NONE',  ( 0.7071067811865441300, 0.7071067811865510100, 0.0000000000000000000 ) ) ;
#7024 = EDGE_CURVE ( 'NONE', #5263, #4552, #8828, .T. ) ;
#7025 = DIRECTION ( 'NONE',  ( -0.0000000000000000000, -1.000000000000000000, -0.0000000000000000000 ) ) ;
#7026 = ORIENTED_EDGE ( 'NONE', *, *, #5964, .T. ) ;
#7027 = ORIENTED_EDGE ( 'NONE', *, *, #8125, .T. ) ;
#7028 = DIRECTION ( 'NONE',  ( 0.2588190451025158500, -0.9659258262890696400, 0.0000000000000000000 ) ) ;
#7029 = DIRECTION ( 'NONE',  ( 0.0000000000000000000, 0.0000000000000000000, 1.000000000000000000 ) ) ;
#7030 = VECTOR ( 'NONE', #6871, 1000.000000000000100 ) ;
#7031 = CARTESIAN_POINT ( 'NONE',  ( -12.50000000000002700, 5.499999999999980500, 12.50000000000000000 ) ) ;
#7032 = AXIS2_PLACEMENT_3D ( 'NONE', #121, #880, #5428 ) ;
#7033 = ORIENTED_EDGE ( 'NONE', *, *, #6232, .T. ) ;
#7034 = DIRECTION ( 'NONE',  ( -0.0000000000000000000, -0.0000000000000000000, 1.000000000000000000 ) ) ;
#7035 = ADVANCED_FACE ( 'NONE', ( #8120 ), #2097, .F. ) ;
#7036 = DIRECTION ( 'NONE',  ( -0.0000000000000000000, -0.0000000000000000000, 1.000000000000000000 ) ) ;
#7037 = CARTESIAN_POINT ( 'NONE',  ( 1.330407161568939100E-016, 5.499999999999998200, 19.90000000000000200 ) ) ;
#7038 = LINE ( 'NONE', #8307, #5249 ) ;
#7039 = AXIS2_PLACEMENT_3D ( 'NONE', #2852, #6598, #1286 ) ;
#7040 = EDGE_CURVE ( 'NONE', #630, #7165, #7651, .T. ) ;
#7041 = DIRECTION ( 'NONE',  ( -0.0000000000000000000, -0.0000000000000000000, 1.000000000000000000 ) ) ;
#7042 = ORIENTED_EDGE ( 'NONE', *, *, #9447, .F. ) ;
#7043 = CARTESIAN_POINT ( 'NONE',  ( 5.750000000000001800, 0.06698729810777921700, 10.37500000000000000 ) ) ;
#7044 = AXIS2_PLACEMENT_3D ( 'NONE', #5200, #3554, #3584 ) ;
#7045 = ADVANCED_FACE ( 'NONE', ( #3623 ), #5282, .F. ) ;
#7046 = VECTOR ( 'NONE', #925, 1000.000000000000000 ) ;
#7047 = DIRECTION ( 'NONE',  ( -1.000000000000000000, 0.0000000000000000000, 0.0000000000000000000 ) ) ;
#7048 = CARTESIAN_POINT ( 'NONE',  ( 12.50000000000000000, 2.778606591926445500, 12.50000000000000000 ) ) ;
#7049 = DIRECTION ( 'NONE',  ( 1.000000000000000000, 0.0000000000000000000, 0.0000000000000000000 ) ) ;
#7050 = AXIS2_PLACEMENT_3D ( 'NONE', #8273, #747, #1473 ) ;
#7051 = EDGE_LOOP ( 'NONE', ( #8256, #452, #7226, #768, #2935 ) ) ;
#7052 = EDGE_CURVE ( 'NONE', #6530, #4490, #2782, .T. ) ;
#7053 = DIRECTION ( 'NONE',  ( -1.000000000000000000, 0.0000000000000000000, 0.0000000000000000000 ) ) ;
#7054 = LINE ( 'NONE', #3000, #2085 ) ;
#7055 = CARTESIAN_POINT ( 'NONE',  ( -17.79423698861199600, 5.399999999999967500, -12.50000000000000000 ) ) ;
#7056 = TOROIDAL_SURFACE ( 'NONE', #8491, 0.2500000000000000000, 0.2500000000000000000 ) ;
#7057 = DIRECTION ( 'NONE',  ( -0.7071067811865460200, -0.7071067811865490200, 0.0000000000000000000 ) ) ;
#7058 = ORIENTED_EDGE ( 'NONE', *, *, #8876, .T. ) ;
#7059 = CIRCLE ( 'NONE', #2398, 0.2500000000000000000 ) ;
#7060 = EDGE_CURVE ( 'NONE', #1283, #751, #802, .T. ) ;
#7061 = ORIENTED_EDGE ( 'NONE', *, *, #1135, .T. ) ;
#7062 = DIRECTION ( 'NONE',  ( -1.000000000000000000, 0.0000000000000000000, 0.0000000000000000000 ) ) ;
#7063 = VECTOR ( 'NONE', #6945, 1000.000000000000000 ) ;
#7064 = AXIS2_PLACEMENT_3D ( 'NONE', #3376, #1975, #2679 ) ;
#7065 = EDGE_CURVE ( 'NONE', #3054, #5796, #9423, .T. ) ;
#7066 = CARTESIAN_POINT ( 'NONE',  ( 2.000000000000000000, 5.499999999999998200, 10.22500000000000000 ) ) ;
#7067 = EDGE_CURVE ( 'NONE', #1439, #9270, #7419, .T. ) ;
#7068 = DIRECTION ( 'NONE',  ( -1.734723475976795500E-015, -1.000000000000000000, 5.015442563508396600E-031 ) ) ;
#7069 = APPROVAL ( #1933, 'UNSPECIFIED' ) ;
#7070 = VERTEX_POINT ( 'NONE', #4566 ) ;
#7071 = FACE_OUTER_BOUND ( 'NONE', #3277, .T. ) ;
#7072 = COORDINATED_UNIVERSAL_TIME_OFFSET ( 6, 0, .BEHIND. ) ;
#7073 = CARTESIAN_POINT ( 'NONE',  ( 2.000000000000000000, 5.499999999999998200, 20.00000000000000000 ) ) ;
#7074 = VECTOR ( 'NONE', #9707, 1000.000000000000000 ) ;
#7075 = DIRECTION ( 'NONE',  ( 0.0000000000000000000, 0.0000000000000000000, 1.000000000000000000 ) ) ;
#7076 = ORIENTED_EDGE ( 'NONE', *, *, #6733, .T. ) ;
#7077 = VECTOR ( 'NONE', #4882, 1000.000000000000000 ) ;
#7078 = FACE_BOUND ( 'NONE', #9349, .T. ) ;
#7079 = APPLICATION_CONTEXT ( 'configuration controlled 3d designs of mechanical parts and assemblies' ) ;
#7080 = ORIENTED_EDGE ( 'NONE', *, *, #300, .T. ) ;
#7081 = ADVANCED_FACE ( 'NONE', ( #1631 ), #9777, .T. ) ;
#7082 = ORIENTED_EDGE ( 'NONE', *, *, #1767, .T. ) ;
#7083 = DIRECTION ( 'NONE',  ( 0.0000000000000000000, 0.0000000000000000000, 1.000000000000000000 ) ) ;
#7084 = AXIS2_PLACEMENT_3D ( 'NONE', #7876, #4804, #8640 ) ;
#7085 = ORIENTED_EDGE ( 'NONE', *, *, #3436, .T. ) ;
#7086 = CIRCLE ( 'NONE', #3534, 0.2500000000000002200 ) ;
#7087 = CIRCLE ( 'NONE', #3617, 5.294236988611968900 ) ;
#7088 = EDGE_LOOP ( 'NONE', ( #9586, #8883, #9481, #5600, #1919, #1613 ) ) ;
#7089 = CARTESIAN_POINT ( 'NONE',  ( 2.792893218813457400, 9.000000000000000000, 19.75000000000000000 ) ) ;
#7090 = ORIENTED_EDGE ( 'NONE', *, *, #8697, .F. ) ;
#7091 = ADVANCED_FACE ( 'NONE', ( #1381 ), #5405, .F. ) ;
#7092 = AXIS2_PLACEMENT_3D ( 'NONE', #9539, #5010, #8021 ) ;
#7093 = EDGE_CURVE ( 'NONE', #3487, #830, #3994, .T. ) ;
#7094 = VECTOR ( 'NONE', #1017, 1000.000000000000000 ) ;
#7095 = DIRECTION ( 'NONE',  ( 0.7071067811865441300, -0.7071067811865510100, 0.0000000000000000000 ) ) ;
#7096 = ORIENTED_EDGE ( 'NONE', *, *, #2307, .T. ) ;
#7097 = FACE_OUTER_BOUND ( 'NONE', #8133, .T. ) ;
#7098 = DIRECTION ( 'NONE',  ( 0.0000000000000000000, -1.000000000000000000, -0.0000000000000000000 ) ) ;
#7099 = ORIENTED_EDGE ( 'NONE', *, *, #3346, .T. ) ;
#7100 = AXIS2_PLACEMENT_3D ( 'NONE', #3736, #2099, #6712 ) ;
#7101 = EDGE_LOOP ( 'NONE', ( #2909, #4351, #5291, #8763 ) ) ;
#7102 = LINE ( 'NONE', #1408, #1420 ) ;
#7103 = ORIENTED_EDGE ( 'NONE', *, *, #4783, .T. ) ;
#7104 = DIRECTION ( 'NONE',  ( 0.0000000000000000000, 0.0000000000000000000, -1.000000000000000000 ) ) ;
#7105 = CIRCLE ( 'NONE', #3415, 0.2500000000000000000 ) ;
#7106 = CARTESIAN_POINT ( 'NONE',  ( -2.792893218813456500, 9.000000000000000000, 19.75000000000000000 ) ) ;
#7107 = ORIENTED_EDGE ( 'NONE', *, *, #8716, .T. ) ;
#7108 = LINE ( 'NONE', #9789, #8749 ) ;
#7109 = AXIS2_PLACEMENT_3D ( 'NONE', #5822, #6639, #8128 ) ;
#7110 = ORIENTED_EDGE ( 'NONE', *, *, #3462, .F. ) ;
#7111 = EDGE_CURVE ( 'NONE', #9472, #177, #3740, .T. ) ;
#7112 = CARTESIAN_POINT ( 'NONE',  ( -4.750000000000000000, 9.000000000000000000, 9.750000000000000000 ) ) ;
#7113 = DIRECTION ( 'NONE',  ( 1.000000000000000000, 0.0000000000000000000, 0.0000000000000000000 ) ) ;
#7114 = ORIENTED_EDGE ( 'NONE', *, *, #2176, .T. ) ;
#7115 = FACE_OUTER_BOUND ( 'NONE', #2683, .T. ) ;
#7116 = APPLICATION_PROTOCOL_DEFINITION ( 'international standard', 'config_control_design', 1994, #7079 ) ;
#7117 = DIRECTION ( 'NONE',  ( -0.0000000000000000000, -1.000000000000000000, -0.0000000000000000000 ) ) ;
#7118 = EDGE_LOOP ( 'NONE', ( #5694, #6844, #9668, #2718 ) ) ;
#7119 = ORIENTED_EDGE ( 'NONE', *, *, #2717, .T. ) ;
#7120 = ORIENTED_EDGE ( 'NONE', *, *, #329, .F. ) ;
#7121 = CARTESIAN_POINT ( 'NONE',  ( -5.250000000000000000, 5.750000000000000000, 9.750000000000000000 ) ) ;
#7122 = AXIS2_PLACEMENT_3D ( 'NONE', #8311, #818, #4463 ) ;
#7123 = ORIENTED_EDGE ( 'NONE', *, *, #6043, .T. ) ;
#7124 = CIRCLE ( 'NONE', #4662, 0.2500000000000002200 ) ;
#7125 = AXIS2_PLACEMENT_3D ( 'NONE', #4713, #1714, #9160 ) ;
#7126 = CARTESIAN_POINT ( 'NONE',  ( 20.00000000000000400, 0.0000000000000000000, 20.00000000000000000 ) ) ;
#7127 = EDGE_CURVE ( 'NONE', #1778, #1736, #9544, .T. ) ;
#7128 = CARTESIAN_POINT ( 'NONE',  ( 19.85355339059327700, 5.146446609406726900, -19.75000000000000000 ) ) ;
#7129 = EDGE_CURVE ( 'NONE', #7149, #8845, #6813, .T. ) ;
#7130 = ORIENTED_EDGE ( 'NONE', *, *, #6792, .F. ) ;
#7131 = ORIENTED_EDGE ( 'NONE', *, *, #8110, .T. ) ;
#7132 = TOROIDAL_SURFACE ( 'NONE', #6628, 0.2500000000000000000, 0.2500000000000000000 ) ;
#7133 = CONICAL_SURFACE ( 'NONE', #3564, 2.749999999999999100, 0.7378150601204653800 ) ;
#7134 = DIRECTION ( 'NONE',  ( 1.000000000000000000, 0.0000000000000000000, 0.0000000000000000000 ) ) ;
#7135 = CARTESIAN_POINT ( 'NONE',  ( -7.205763011388057700, 5.499999999999994700, -12.50000000000000000 ) ) ;
#7136 = DIRECTION ( 'NONE',  ( 0.7071067811865474600, 0.7071067811865474600, -0.0000000000000000000 ) ) ;
#7137 = DIRECTION ( 'NONE',  ( 1.000000000000000000, 0.0000000000000000000, 0.0000000000000000000 ) ) ;
#7138 = CARTESIAN_POINT ( 'NONE',  ( -5.249999999999999100, 5.500000000000000000, 20.00000000000000000 ) ) ;
#7139 = ORIENTED_EDGE ( 'NONE', *, *, #9684, .F. ) ;
#7140 = VERTEX_POINT ( 'NONE', #6091 ) ;
#7141 = CYLINDRICAL_SURFACE ( 'NONE', #4302, 0.2499999999999998900 ) ;
#7142 = ADVANCED_FACE ( 'NONE', ( #666 ), #4533, .T. ) ;
#7143 = DIRECTION ( 'NONE',  ( -0.0000000000000000000, -0.0000000000000000000, -1.000000000000000000 ) ) ;
#7144 = CARTESIAN_POINT ( 'NONE',  ( 19.29289321881344700, 5.250000000000009800, 19.75000000000000000 ) ) ;
#7145 = CARTESIAN_POINT ( 'NONE',  ( -3.000000000000002700, 8.749999999999998200, 9.750000000000000000 ) ) ;
#7146 = VERTEX_POINT ( 'NONE', #3073 ) ;
#7147 = CIRCLE ( 'NONE', #3242, 0.2500000000000002200 ) ;
#7148 = AXIS2_PLACEMENT_3D ( 'NONE', #3260, #6223, #1664 ) ;
#7149 = VERTEX_POINT ( 'NONE', #6121 ) ;
#7150 = DIRECTION ( 'NONE',  ( 0.0000000000000000000, 0.0000000000000000000, -1.000000000000000000 ) ) ;
#7151 = CARTESIAN_POINT ( 'NONE',  ( 4.101061471818666400, 0.7500000000000001100, -9.874999999999998200 ) ) ;
#7152 = CYLINDRICAL_SURFACE ( 'NONE', #8797, 0.2500000000000002200 ) ;
#7153 = AXIS2_PLACEMENT_3D ( 'NONE', #8545, #9223, #7815 ) ;
#7154 = DIRECTION ( 'NONE',  ( -0.0000000000000000000, -0.0000000000000000000, -1.000000000000000000 ) ) ;
#7155 = CARTESIAN_POINT ( 'NONE',  ( -6.249999999999996400, 5.249999999999996400, 19.75000000000000000 ) ) ;
#7156 = ORIENTED_EDGE ( 'NONE', *, *, #6042, .F. ) ;
#7157 = DIRECTION ( 'NONE',  ( 1.000000000000000000, 0.0000000000000000000, 0.0000000000000000000 ) ) ;
#7158 = DIRECTION ( 'NONE',  ( 0.0000000000000000000, 1.000000000000000000, -0.0000000000000000000 ) ) ;
#7159 = EDGE_CURVE ( 'NONE', #7631, #1808, #1604, .T. ) ;
#7160 = FACE_OUTER_BOUND ( 'NONE', #6520, .T. ) ;
#7161 = DIRECTION ( 'NONE',  ( 0.0000000000000000000, -0.0000000000000000000, -1.000000000000000000 ) ) ;
#7162 = DIRECTION ( 'NONE',  ( 1.000000000000000000, 8.191565091004766200E-016, 0.0000000000000000000 ) ) ;
#7163 = ORIENTED_EDGE ( 'NONE', *, *, #5475, .T. ) ;
#7164 = VECTOR ( 'NONE', #9243, 1000.000000000000000 ) ;
#7165 = VERTEX_POINT ( 'NONE', #6812 ) ;
#7166 = DIRECTION ( 'NONE',  ( -1.000000000000000000, -0.0000000000000000000, -0.0000000000000000000 ) ) ;
#7167 = FACE_OUTER_BOUND ( 'NONE', #3371, .T. ) ;
#7168 = MECHANICAL_CONTEXT ( 'NONE', #4170, 'mechanical' ) ;
#7169 = AXIS2_PLACEMENT_3D ( 'NONE', #1833, #7872, #5814 ) ;
#7170 = EDGE_CURVE ( 'NONE', #7955, #6074, #9141, .T. ) ;
#7171 = DIRECTION ( 'NONE',  ( 0.0000000000000000000, 0.0000000000000000000, -1.000000000000000000 ) ) ;
#7172 = EDGE_CURVE ( 'NONE', #6763, #9073, #9000, .T. ) ;
#7173 = DIRECTION ( 'NONE',  ( -1.000000000000000000, -1.734723475976808700E-015, 0.0000000000000000000 ) ) ;
#7174 = ORIENTED_EDGE ( 'NONE', *, *, #2796, .T. ) ;
#7175 = VECTOR ( 'NONE', #8656, 1000.000000000000000 ) ;
#7176 = COORDINATED_UNIVERSAL_TIME_OFFSET ( 6, 0, .BEHIND. ) ;
#7177 = DIRECTION ( 'NONE',  ( 0.0000000000000000000, -0.0000000000000000000, 1.000000000000000000 ) ) ;
#7178 = DIRECTION ( 'NONE',  ( 1.000000000000000000, 0.0000000000000000000, 0.0000000000000000000 ) ) ;
#7179 = DIRECTION ( 'NONE',  ( 0.0000000000000000000, 1.000000000000000000, -0.0000000000000000000 ) ) ;
#7180 = ADVANCED_FACE ( 'NONE', ( #4411 ), #4039, .T. ) ;
#7181 = EDGE_CURVE ( 'NONE', #7658, #2734, #2245, .T. ) ;
#7182 = DIRECTION ( 'NONE',  ( -1.000000000000000000, 0.0000000000000000000, 0.0000000000000000000 ) ) ;
#7183 = ORIENTED_EDGE ( 'NONE', *, *, #7889, .T. ) ;
#7184 = FACE_OUTER_BOUND ( 'NONE', #2027, .T. ) ;
#7185 = VECTOR ( 'NONE', #9294, 1000.000000000000000 ) ;
#7186 = AXIS2_PLACEMENT_3D ( 'NONE', #3506, #4208, #3407 ) ;
#7187 = EDGE_CURVE ( 'NONE', #2740, #3403, #9785, .T. ) ;
#7188 = DIRECTION ( 'NONE',  ( 1.000000000000000000, 0.0000000000000000000, -0.0000000000000000000 ) ) ;
#7189 = DIRECTION ( 'NONE',  ( 0.0000000000000000000, 0.0000000000000000000, 1.000000000000000000 ) ) ;
#7190 = EDGE_CURVE ( 'NONE', #5275, #2282, #6372, .T. ) ;
#7191 = LINE ( 'NONE', #1517, #3160 ) ;
#7192 = DIRECTION ( 'NONE',  ( 0.0000000000000000000, 1.000000000000000000, -0.0000000000000000000 ) ) ;
#7193 = B_SPLINE_CURVE_WITH_KNOTS ( 'NONE', 3,
 ( #5959, #543, #8098, #5119, #1332, #6583 ),
 .UNSPECIFIED., .F., .F.,
 ( 4, 2, 4 ),
 ( -5.132694486365205600E-006, 0.0001746918583319088700, 0.0003545164111501829400 ),
 .UNSPECIFIED. ) ;
#7194 = CARTESIAN_POINT ( 'NONE',  ( 1.330407161568939100E-016, 0.7499999999999983300, 10.00000000000000000 ) ) ;
#7195 = VERTEX_POINT ( 'NONE', #992 ) ;
#7196 = CIRCLE ( 'NONE', #8918, 2.749999999999999100 ) ;
#7197 = CIRCLE ( 'NONE', #1690, 2.100000000000000100 ) ;
#7198 = EDGE_CURVE ( 'NONE', #226, #3071, #4814, .T. ) ;
#7199 = CARTESIAN_POINT ( 'NONE',  ( -5.250000000000000000, 5.750000000000000000, 20.00000000000000000 ) ) ;
#7200 = ORIENTED_EDGE ( 'NONE', *, *, #6369, .F. ) ;
#7201 = VERTEX_POINT ( 'NONE', #4046 ) ;
#7202 = DIRECTION ( 'NONE',  ( 0.0000000000000000000, 1.000000000000000000, -0.0000000000000000000 ) ) ;
#7203 = EDGE_CURVE ( 'NONE', #7017, #103, #8277, .T. ) ;
#7204 = ORIENTED_EDGE ( 'NONE', *, *, #2291, .T. ) ;
#7205 = CARTESIAN_POINT ( 'NONE',  ( -12.50000000000000000, 0.0000000000000000000, -15.25000000000000000 ) ) ;
#7206 = DIRECTION ( 'NONE',  ( -0.2588190451025151300, 0.9659258262890698700, 0.0000000000000000000 ) ) ;
#7207 = DIRECTION ( 'NONE',  ( 1.000000000000000000, 0.0000000000000000000, 0.0000000000000000000 ) ) ;
#7208 = EDGE_LOOP ( 'NONE', ( #4048, #9453, #5094, #8882 ) ) ;
#7209 = VECTOR ( 'NONE', #8224, 1000.000000000000000 ) ;
#7210 = CIRCLE ( 'NONE', #3107, 0.5000000000000004400 ) ;
#7211 = DIRECTION ( 'NONE',  ( -1.000000000000000000, 0.0000000000000000000, 0.0000000000000000000 ) ) ;
#7212 = ORIENTED_EDGE ( 'NONE', *, *, #5845, .F. ) ;
#7213 = EDGE_LOOP ( 'NONE', ( #740, #662, #1466, #8549 ) ) ;
#7214 = DIRECTION ( 'NONE',  ( -0.0000000000000000000, -0.0000000000000000000, -1.000000000000000000 ) ) ;
#7215 = VERTEX_POINT ( 'NONE', #1739 ) ;
#7216 = AXIS2_PLACEMENT_3D ( 'NONE', #5481, #6244, #1720 ) ;
#7217 = PLANE ( 'NONE',  #3430 ) ;
#7218 = CIRCLE ( 'NONE', #4069, 2.849999999999998300 ) ;
#7219 = DIRECTION ( 'NONE',  ( -0.0000000000000000000, -0.0000000000000000000, -1.000000000000000000 ) ) ;
#7220 = ORIENTED_EDGE ( 'NONE', *, *, #4148, .T. ) ;
#7221 = CYLINDRICAL_SURFACE ( 'NONE', #7050, 0.2500000000000002200 ) ;
#7222 = CARTESIAN_POINT ( 'NONE',  ( -2.792893218813456500, 9.000000000000000000, 20.00000000000000000 ) ) ;
#7223 = CARTESIAN_POINT ( 'NONE',  ( -6.249999999999996400, 0.2500000000000002200, -0.1250000000000001100 ) ) ;
#7224 = VERTEX_POINT ( 'NONE', #8512 ) ;
#7225 = AXIS2_PLACEMENT_3D ( 'NONE', #6476, #7202, #5773 ) ;
#7226 = ORIENTED_EDGE ( 'NONE', *, *, #5811, .F. ) ;
#7227 = EDGE_CURVE ( 'NONE', #849, #6586, #5759, .T. ) ;
#7228 = CIRCLE ( 'NONE', #3119, 0.2500000000000000000 ) ;
#7229 = ORIENTED_EDGE ( 'NONE', *, *, #4309, .F. ) ;
#7230 = CARTESIAN_POINT ( 'NONE',  ( 4.750000000000002700, 6.792893218813461000, -9.624999999999998200 ) ) ;
#7231 = VERTEX_POINT ( 'NONE', #3977 ) ;
#7232 = ORIENTED_EDGE ( 'NONE', *, *, #8582, .T. ) ;
#7233 = AXIS2_PLACEMENT_3D ( 'NONE', #1100, #4093, #6383 ) ;
#7234 = ORIENTED_EDGE ( 'NONE', *, *, #996, .T. ) ;
#7235 = CARTESIAN_POINT ( 'NONE',  ( -12.50000000000000000, 0.0000000000000000000, -15.35000000000000000 ) ) ;
#7236 = CARTESIAN_POINT ( 'NONE',  ( -4.750000000000000000, 6.792893218813454800, -10.24999999999999800 ) ) ;
#7237 = ORIENTED_EDGE ( 'NONE', *, *, #1250, .F. ) ;
#7238 = LINE ( 'NONE', #5375, #9705 ) ;
#7239 = DIRECTION ( 'NONE',  ( 0.0000000000000000000, 0.0000000000000000000, -1.000000000000000000 ) ) ;
#7240 = AXIS2_PLACEMENT_3D ( 'NONE', #5242, #2232, #9065 ) ;
#7241 =( BOUNDED_CURVE ( )  B_SPLINE_CURVE ( 3, ( #1437, #2889, #5184, #609 ),
 .UNSPECIFIED., .F., .F. ) 
 B_SPLINE_CURVE_WITH_KNOTS ( ( 4, 4 ),
 ( 4.057175375771431700, 4.712388980384689700 ),
 .UNSPECIFIED. ) 
 CURVE ( )  GEOMETRIC_REPRESENTATION_ITEM ( )  RATIONAL_B_SPLINE_CURVE ( ( 1.000000000000000000, 0.9645434217588896300, 0.9645434217588896300, 1.000000000000000000 ) ) 
 REPRESENTATION_ITEM ( '' )  );
#7242 = DIRECTION ( 'NONE',  ( -1.000000000000000000, -0.0000000000000000000, -0.0000000000000000000 ) ) ;
#7243 = EDGE_CURVE ( 'NONE', #2395, #6365, #7538, .T. ) ;
#7244 = ADVANCED_FACE ( 'NONE', ( #6687 ), #3817, .T. ) ;
#7245 = ORIENTED_EDGE ( 'NONE', *, *, #4165, .F. ) ;
#7246 = ORIENTED_EDGE ( 'NONE', *, *, #4769, .F. ) ;
#7247 = DIRECTION ( 'NONE',  ( 8.673617379884004900E-016, -1.000000000000000000, 0.0000000000000000000 ) ) ;
#7248 = DIRECTION ( 'NONE',  ( 0.0000000000000000000, 0.0000000000000000000, 1.000000000000000000 ) ) ;
#7249 = ORIENTED_EDGE ( 'NONE', *, *, #6590, .F. ) ;
#7250 = EDGE_LOOP ( 'NONE', ( #2008, #9627, #6889, #7232, #7103, #8252, #3425, #3495 ) ) ;
#7251 = CIRCLE ( 'NONE', #857, 0.2499999999999997200 ) ;
#7252 = DIRECTION ( 'NONE',  ( 0.0000000000000000000, 0.0000000000000000000, 1.000000000000000000 ) ) ;
#7253 = DIRECTION ( 'NONE',  ( -2.891205793294680300E-016, -0.0000000000000000000, -1.000000000000000000 ) ) ;
#7254 = DIRECTION ( 'NONE',  ( 0.0000000000000000000, 1.000000000000000000, -0.0000000000000000000 ) ) ;
#7256 = EDGE_LOOP ( 'NONE', ( #709, #528 ) ) ;
#7255 = AXIS2_PLACEMENT_3D ( 'NONE', #9523, #446, #5860 ) ;
#7257 = ORIENTED_EDGE ( 'NONE', *, *, #9076, .T. ) ;
#7258 = AXIS2_PLACEMENT_3D ( 'NONE', #6269, #7179, #5432 ) ;
#7259 = LINE ( 'NONE', #4123, #5233 ) ;
#7260 = EDGE_CURVE ( 'NONE', #383, #1672, #9521, .T. ) ;
#7261 = CYLINDRICAL_SURFACE ( 'NONE', #7310, 0.2500000000000002200 ) ;
#7262 = DIRECTION ( 'NONE',  ( -0.0000000000000000000, -1.000000000000000000, -0.0000000000000000000 ) ) ;
#7263 = DIRECTION ( 'NONE',  ( 0.0000000000000000000, -1.000000000000000000, 0.0000000000000000000 ) ) ;
#7264 = EDGE_CURVE ( 'NONE', #6699, #6722, #7353, .T. ) ;
#7265 = ORIENTED_EDGE ( 'NONE', *, *, #7315, .T. ) ;
#7266 = ORIENTED_EDGE ( 'NONE', *, *, #5519, .T. ) ;
#7267 = DIRECTION ( 'NONE',  ( 0.0000000000000000000, 0.0000000000000000000, -1.000000000000000000 ) ) ;
#7268 = CARTESIAN_POINT ( 'NONE',  ( 5.000000000000002700, 7.000000000000008000, 10.37500000000000000 ) ) ;
#7269 = FACE_OUTER_BOUND ( 'NONE', #5295, .T. ) ;
#7270 = PRODUCT ( '3582N11_Metal-Detectable Hinge with Holes', '3582N11_Metal-Detectable Hinge with Holes', '', ( #7168 ) ) ;
#7271 = CARTESIAN_POINT ( 'NONE',  ( -2.792893218813456500, 8.499999999999998200, 0.3750000000000003300 ) ) ;
#7272 = ORIENTED_EDGE ( 'NONE', *, *, #2356, .F. ) ;
#7273 = CARTESIAN_POINT ( 'NONE',  ( 4.165766233094295500, 0.4914814565722677200, -0.2500000000000002200 ) ) ;
#7274 = LINE ( 'NONE', #8831, #4076 ) ;
#7275 = DIRECTION ( 'NONE',  ( -2.891205793294680300E-016, -0.0000000000000000000, -1.000000000000000000 ) ) ;
#7276 = DIRECTION ( 'NONE',  ( 0.0000000000000000000, 1.000000000000000000, 0.0000000000000000000 ) ) ;
#7277 = CARTESIAN_POINT ( 'NONE',  ( -5.000000000000000000, 5.499999999999998200, -9.624999999999998200 ) ) ;
#7278 = AXIS2_PLACEMENT_3D ( 'NONE', #7990, #8805, #1252 ) ;
#7279 = ORIENTED_EDGE ( 'NONE', *, *, #9365, .F. ) ;
#7280 = LINE ( 'NONE', #6250, #896 ) ;
#7281 = AXIS2_PLACEMENT_3D ( 'NONE', #3620, #4310, #8911 ) ;
#7282 = EDGE_CURVE ( 'NONE', #9338, #4334, #1574, .T. ) ;
#7283 = CARTESIAN_POINT ( 'NONE',  ( -19.49999999999999600, 4.792893218813452100, 20.00000000000000000 ) ) ;
#7284 = DIRECTION ( 'NONE',  ( -1.000000000000000000, 0.0000000000000000000, 0.0000000000000000000 ) ) ;
#7285 = ORIENTED_EDGE ( 'NONE', *, *, #7040, .F. ) ;
#7286 = DIRECTION ( 'NONE',  ( -0.0000000000000000000, -0.0000000000000000000, 1.000000000000000000 ) ) ;
#7287 = DIRECTION ( 'NONE',  ( -1.000000000000000000, 0.0000000000000000000, 0.0000000000000000000 ) ) ;
#7288 = ORIENTED_EDGE ( 'NONE', *, *, #719, .T. ) ;
#7289 = ADVANCED_FACE ( 'NONE', ( #369 ), #4708, .T. ) ;
#7290 = LINE ( 'NONE', #179, #7164 ) ;
#7291 = AXIS2_PLACEMENT_3D ( 'NONE', #1641, #124, #3773 ) ;
#7292 = CARTESIAN_POINT ( 'NONE',  ( 1.330407161568939100E-016, 5.499999999999998200, 20.00000000000000000 ) ) ;
#7293 = LINE ( 'NONE', #3937, #6468 ) ;
#7294 = CARTESIAN_POINT ( 'NONE',  ( -5.891456562198418300, 0.2500000000000002200, 10.04386887423049400 ) ) ;
#7295 = CARTESIAN_POINT ( 'NONE',  ( -12.50000000000000000, 2.711339312526813900, 12.50000000000000000 ) ) ;
#7296 = AXIS2_PLACEMENT_3D ( 'NONE', #9783, #2359, #2318 ) ;
#7297 = EDGE_CURVE ( 'NONE', #2386, #4147, #4143, .T. ) ;
#7298 = CARTESIAN_POINT ( 'NONE',  ( 5.886158196241220600, 0.1904008895928032100, 0.04023289431345081200 ) ) ;
#7299 = ORIENTED_EDGE ( 'NONE', *, *, #3695, .F. ) ;
#7300 = VECTOR ( 'NONE', #4189, 999.9999999999998900 ) ;
#7301 = ORIENTED_EDGE ( 'NONE', *, *, #6558, .F. ) ;
#7302 = VECTOR ( 'NONE', #8254, 1000.000000000000000 ) ;
#7303 = CARTESIAN_POINT ( 'NONE',  ( 4.230470994369924600, 0.7329629131445365400, 10.12500000000000000 ) ) ;
#7304 = DIRECTION ( 'NONE',  ( 0.0000000000000000000, 0.0000000000000000000, 1.000000000000000000 ) ) ;
#7305 = DIRECTION ( 'NONE',  ( -1.000000000000000000, 0.0000000000000000000, 0.0000000000000000000 ) ) ;
#7306 = DIRECTION ( 'NONE',  ( 0.0000000000000000000, -0.0000000000000000000, -1.000000000000000000 ) ) ;
#7307 = ORIENTED_EDGE ( 'NONE', *, *, #3889, .F. ) ;
#7308 = VECTOR ( 'NONE', #4365, 1000.000000000000000 ) ;
#7309 = CALENDAR_DATE ( 2023, 10, 3 ) ;
#7310 = AXIS2_PLACEMENT_3D ( 'NONE', #6026, #2366, #9093 ) ;
#7311 = AXIS2_PLACEMENT_3D ( 'NONE', #6462, #8793, #512 ) ;
#7312 = DIRECTION ( 'NONE',  ( 1.000000000000000000, 0.0000000000000000000, 0.0000000000000000000 ) ) ;
#7313 = FACE_OUTER_BOUND ( 'NONE', #8274, .T. ) ;
#7314 = EDGE_CURVE ( 'NONE', #520, #6092, #6403, .T. ) ;
#7315 = EDGE_CURVE ( 'NONE', #4490, #4045, #8158, .T. ) ;
#7316 = CARTESIAN_POINT ( 'NONE',  ( -7.205763011388057700, 5.499999999999994700, 12.50000000000000000 ) ) ;
#7317 = ORIENTED_EDGE ( 'NONE', *, *, #4903, .F. ) ;
#7318 = CIRCLE ( 'NONE', #2092, 0.5000000000000004400 ) ;
#7319 = CYLINDRICAL_SURFACE ( 'NONE', #9001, 2.000000000000000000 ) ;
#7320 = DIRECTION ( 'NONE',  ( 0.0000000000000000000, 0.0000000000000000000, -1.000000000000000000 ) ) ;
#7321 = ORIENTED_EDGE ( 'NONE', *, *, #5299, .F. ) ;
#7322 = CARTESIAN_POINT ( 'NONE',  ( 4.230470994369924600, 0.7329629131445349900, -0.2500000000000000000 ) ) ;
#7323 = DIRECTION ( 'NONE',  ( 0.0000000000000000000, 0.0000000000000000000, -1.000000000000000000 ) ) ;
#7324 = EDGE_LOOP ( 'NONE', ( #7930, #7933, #2655, #296 ) ) ;
#7325 = CARTESIAN_POINT ( 'NONE',  ( -4.500000000000000900, 6.792893218813454800, -0.2500000000000002200 ) ) ;
#7326 = ORIENTED_EDGE ( 'NONE', *, *, #1938, .F. ) ;
#7327 = CIRCLE ( 'NONE', #3716, 0.2500000000000003300 ) ;
#7328 = VECTOR ( 'NONE', #4701, 1000.000000000000000 ) ;
#7329 = ORIENTED_EDGE ( 'NONE', *, *, #3812, .F. ) ;
#7330 = EDGE_LOOP ( 'NONE', ( #1115, #9418 ) ) ;
#7331 = CARTESIAN_POINT ( 'NONE',  ( 2.100000000000000100, 5.499999999999998200, -10.10000000000000100 ) ) ;
#7332 = ORIENTED_EDGE ( 'NONE', *, *, #8253, .T. ) ;
#7333 = LINE ( 'NONE', #2666, #6394 ) ;
#7334 = EDGE_CURVE ( 'NONE', #8774, #277, #6621, .T. ) ;
#7335 = ORIENTED_EDGE ( 'NONE', *, *, #9321, .T. ) ;
#7336 = VECTOR ( 'NONE', #9676, 1000.000000000000000 ) ;
#7337 = CARTESIAN_POINT ( 'NONE',  ( 5.860203337588432100, 0.2667485526244578500, 0.01885764328899826000 ) ) ;
#7338 = ORIENTED_EDGE ( 'NONE', *, *, #2678, .T. ) ;
#7339 = ADVANCED_FACE ( 'NONE', ( #2133 ), #7454, .T. ) ;
#7340 = EDGE_CURVE ( 'NONE', #8594, #7146, #6154, .T. ) ;
#7341 = DIRECTION ( 'NONE',  ( 1.000000000000000000, 0.0000000000000000000, 0.0000000000000000000 ) ) ;
#7342 = CARTESIAN_POINT ( 'NONE',  ( 2.792893218813457400, 8.749999999999998200, 0.1250000000000001100 ) ) ;
#7343 = ORIENTED_EDGE ( 'NONE', *, *, #3249, .F. ) ;
#7344 = CYLINDRICAL_SURFACE ( 'NONE', #4285, 0.2499999999999991100 ) ;
#7345 = ORIENTED_EDGE ( 'NONE', *, *, #6916, .F. ) ;
#7346 = AXIS2_PLACEMENT_3D ( 'NONE', #7199, #7239, #4889 ) ;
#7347 = DIRECTION ( 'NONE',  ( -1.000000000000000000, -8.673617379884004900E-016, 0.0000000000000000000 ) ) ;
#7348 = ORIENTED_EDGE ( 'NONE', *, *, #5731, .F. ) ;
#7349 = FACE_OUTER_BOUND ( 'NONE', #7493, .T. ) ;
#7350 = VERTEX_POINT ( 'NONE', #2584 ) ;
#7351 = CARTESIAN_POINT ( 'NONE',  ( -2.100000000000000100, 5.499999999999998200, 3.049318610115481200E-016 ) ) ;
#7352 = ORIENTED_EDGE ( 'NONE', *, *, #8737, .F. ) ;
#7353 = LINE ( 'NONE', #7724, #6350 ) ;
#7354 = DIRECTION ( 'NONE',  ( -0.0000000000000000000, -0.0000000000000000000, -1.000000000000000000 ) ) ;
#7355 = DIRECTION ( 'NONE',  ( 0.0000000000000000000, 0.0000000000000000000, -1.000000000000000000 ) ) ;
#7356 = ORIENTED_EDGE ( 'NONE', *, *, #4017, .F. ) ;
#7357 = AXIS2_PLACEMENT_3D ( 'NONE', #1125, #4116, #1916 ) ;
#7358 = EDGE_LOOP ( 'NONE', ( #3295, #3561, #1974, #2362 ) ) ;
#7359 = CARTESIAN_POINT ( 'NONE',  ( -0.4666285499222950800, 1.741481456572236100, -19.75000000000000000 ) ) ;
#7360 = ORIENTED_EDGE ( 'NONE', *, *, #86, .T. ) ;
#7361 = EDGE_CURVE ( 'NONE', #5051, #5275, #8747, .T. ) ;
#7362 = ORIENTED_EDGE ( 'NONE', *, *, #7717, .T. ) ;
#7363 = CIRCLE ( 'NONE', #7761, 0.2500000000000002200 ) ;
#7364 = DIRECTION ( 'NONE',  ( 0.0000000000000000000, 0.0000000000000000000, -1.000000000000000000 ) ) ;
#7365 = AXIS2_PLACEMENT_3D ( 'NONE', #2659, #3483, #459 ) ;
#7366 = ORIENTED_EDGE ( 'NONE', *, *, #4878, .T. ) ;
#7367 = ORIENTED_EDGE ( 'NONE', *, *, #5008, .F. ) ;
#7368 = DIRECTION ( 'NONE',  ( -0.7071067811865475700, 0.7071067811865475700, 0.0000000000000000000 ) ) ;
#7369 = FACE_OUTER_BOUND ( 'NONE', #442, .T. ) ;
#7370 = TOROIDAL_SURFACE ( 'NONE', #5079, 0.2500000000000000000, 0.2500000000000000000 ) ;
#7371 = AXIS2_PLACEMENT_3D ( 'NONE', #2364, #3108, #1715 ) ;
#7372 = EDGE_CURVE ( 'NONE', #2671, #8451, #6981, .T. ) ;
#7373 = EDGE_CURVE ( 'NONE', #820, #2037, #2929, .T. ) ;
#7374 = ORIENTED_EDGE ( 'NONE', *, *, #4388, .F. ) ;
#7375 = VERTEX_POINT ( 'NONE', #1114 ) ;
#7376 = CARTESIAN_POINT ( 'NONE',  ( -4.553649124439097300E-015, 5.249999999999993800, 19.75000000000000000 ) ) ;
#7377 = DIRECTION ( 'NONE',  ( 0.0000000000000000000, 1.000000000000000000, 0.0000000000000000000 ) ) ;
#7378 = CARTESIAN_POINT ( 'NONE',  ( 5.905669631949106000, 0.02527574594096879100, 10.33730992578223400 ) ) ;
#7379 = VECTOR ( 'NONE', #5101, 1000.000000000000000 ) ;
#7380 = DIRECTION ( 'NONE',  ( -0.0000000000000000000, 0.0000000000000000000, 1.000000000000000000 ) ) ;
#7381 = EDGE_CURVE ( 'NONE', #4865, #9671, #1310, .T. ) ;
#7382 = AXIS2_PLACEMENT_3D ( 'NONE', #5512, #9278, #5578 ) ;
#7383 = VERTEX_POINT ( 'NONE', #9369 ) ;
#7384 = CARTESIAN_POINT ( 'NONE',  ( 12.50000000000000000, 2.711339312526813900, -12.50000000000000000 ) ) ;
#7385 = EDGE_CURVE ( 'NONE', #6754, #8493, #134, .T. ) ;
#7386 = DIRECTION ( 'NONE',  ( -1.000000000000000000, -2.081668171172166600E-014, 0.0000000000000000000 ) ) ;
#7387 = EDGE_CURVE ( 'NONE', #4501, #4160, #7928, .T. ) ;
#7388 = ADVANCED_FACE ( 'NONE', ( #4739 ), #5443, .T. ) ;
#7389 = VECTOR ( 'NONE', #793, 1000.000000000000000 ) ;
#7390 = ORIENTED_EDGE ( 'NONE', *, *, #5382, .T. ) ;
#7391 = CARTESIAN_POINT ( 'NONE',  ( 2.792893218813457400, 8.749999999999998200, 19.75000000000000000 ) ) ;
#7392 = VECTOR ( 'NONE', #6322, 999.9999999999998900 ) ;
#7393 = CARTESIAN_POINT ( 'NONE',  ( -2.969669914110093500, 8.676776695296634800, -9.624999999999998200 ) ) ;
#7394 = ORIENTED_EDGE ( 'NONE', *, *, #8520, .F. ) ;
#7395 = CARTESIAN_POINT ( 'NONE',  ( 1.323223304703357900, 10.32322330470336300, 10.37500000000000000 ) ) ;
#7396 = CARTESIAN_POINT ( 'NONE',  ( 4.676776695296638300, 6.969669914110097500, 9.750000000000000000 ) ) ;
#7397 = LINE ( 'NONE', #8191, #4311 ) ;
#7398 = DIRECTION ( 'NONE',  ( -0.0000000000000000000, 0.0000000000000000000, 1.000000000000000000 ) ) ;
#7399 = CARTESIAN_POINT ( 'NONE',  ( -5.997017666293079000, 0.0007991139083284583000, 0.2865923346430021600 ) ) ;
#7400 = LINE ( 'NONE', #517, #656 ) ;
#7401 = AXIS2_PLACEMENT_3D ( 'NONE', #8030, #1294, #440 ) ;
#7402 = CARTESIAN_POINT ( 'NONE',  ( 0.4666285499222928600, 1.741481456572233600, 19.75000000000000000 ) ) ;
#7403 = DIRECTION ( 'NONE',  ( 0.0000000000000000000, -0.0000000000000000000, -1.000000000000000000 ) ) ;
#7404 = VERTEX_POINT ( 'NONE', #9397 ) ;
#7405 = CARTESIAN_POINT ( 'NONE',  ( 12.50000000000000000, 0.0000000000000000000, -12.50000000000000000 ) ) ;
#7406 = FACE_OUTER_BOUND ( 'NONE', #6448, .T. ) ;
#7407 = AXIS2_PLACEMENT_3D ( 'NONE', #284, #5597, #5561 ) ;
#7408 = ORIENTED_EDGE ( 'NONE', *, *, #1553, .F. ) ;
#7409 = EDGE_CURVE ( 'NONE', #8493, #5841, #7218, .T. ) ;
#7410 = VECTOR ( 'NONE', #8487, 1000.000000000000000 ) ;
#7411 = DIRECTION ( 'NONE',  ( 0.0000000000000000000, 0.0000000000000000000, 1.000000000000000000 ) ) ;
#7412 = CARTESIAN_POINT ( 'NONE',  ( 5.796497433456097200, 0.05452834836309978400, 10.37499999999999800 ) ) ;
#7413 =( BOUNDED_SURFACE ( )  B_SPLINE_SURFACE ( 3, 2, ( 
 ( #7864, #8777, #4933 ),
 ( #2007, #8829, #1274 ),
 ( #9560, #9530, #6564 ),
 ( #5708, #5836, #2043 ) ),
 .UNSPECIFIED., .F., .F., .F. ) 
 B_SPLINE_SURFACE_WITH_KNOTS ( ( 4, 4 ),
 ( 3, 3 ),
 ( 0.9077405365649067200, 1.570796326794896600 ),
 ( 0.0000000000000000000, 1.000000000000000000 ),
 .UNSPECIFIED. ) 
 GEOMETRIC_REPRESENTATION_ITEM ( )  RATIONAL_B_SPLINE_SURFACE ( (
 ( 1.000000000000000000, 0.7613508976003433600, 1.000000000000000000),
 ( 1.000000000000000000, 0.7465787745745510200, 1.000000000000000000),
 ( 1.000000000000000000, 0.7273619197245447800, 1.000000000000000000),
 ( 1.000000000000000000, 0.7071067811865472400, 1.000000000000000000) ) ) 
 REPRESENTATION_ITEM ( '' )  SURFACE ( )  );
#7414 = DIRECTION ( 'NONE',  ( 0.0000000000000000000, 0.0000000000000000000, -1.000000000000000000 ) ) ;
#7415 = DIRECTION ( 'NONE',  ( 1.000000000000000000, 0.0000000000000000000, 0.0000000000000000000 ) ) ;
#7416 = AXIS2_PLACEMENT_3D ( 'NONE', #6681, #7421, #3918 ) ;
#7417 = DIRECTION ( 'NONE',  ( 0.2588190451025158000, 0.9659258262890697600, 0.0000000000000000000 ) ) ;
#7418 = ORIENTED_EDGE ( 'NONE', *, *, #4516, .F. ) ;
#7419 = CIRCLE ( 'NONE', #7296, 2.000000000000000000 ) ;
#7420 = PERSON_AND_ORGANIZATION ( #8779, #7896 ) ;
#7421 = DIRECTION ( 'NONE',  ( 0.0000000000000000000, 0.0000000000000000000, -1.000000000000000000 ) ) ;
#7422 = EDGE_CURVE ( 'NONE', #7983, #8330, #7693, .T. ) ;
#7423 = DIRECTION ( 'NONE',  ( -0.7071067811865501300, 0.7071067811865449100, -1.226634733346702700E-015 ) ) ;
#7424 = ORIENTED_EDGE ( 'NONE', *, *, #9285, .F. ) ;
#7425 = LINE ( 'NONE', #3747, #4827 ) ;
#7426 = FACE_OUTER_BOUND ( 'NONE', #8677, .T. ) ;
#7427 = DIRECTION ( 'NONE',  ( 0.0000000000000000000, -1.000000000000000000, 0.0000000000000000000 ) ) ;
#7428 = ORIENTED_EDGE ( 'NONE', *, *, #6071, .F. ) ;
#7429 = CARTESIAN_POINT ( 'NONE',  ( 0.0000000000000000000, 9.000000000000000000, 0.1250000000000001100 ) ) ;
#7430 = ORIENTED_EDGE ( 'NONE', *, *, #8902, .T. ) ;
#7431 = ADVANCED_FACE ( 'NONE', ( #5919 ), #6522, .T. ) ;
#7432 = DIRECTION ( 'NONE',  ( -1.000000000000000000, -2.621300829121535600E-015, 0.0000000000000000000 ) ) ;
#7433 = CARTESIAN_POINT ( 'NONE',  ( 5.250000000000000000, 5.749999999999998200, 20.00000000000000000 ) ) ;
#7434 = AXIS2_PLACEMENT_3D ( 'NONE', #8481, #1745, #6993 ) ;
#7435 = ORIENTED_EDGE ( 'NONE', *, *, #611, .T. ) ;
#7436 = TOROIDAL_SURFACE ( 'NONE', #8221, 2.100000000000000100, 0.1000000000000000100 ) ;
#7437 = AXIS2_PLACEMENT_3D ( 'NONE', #8446, #1766, #9328 ) ;
#7438 = ORIENTED_EDGE ( 'NONE', *, *, #2094, .T. ) ;
#7439 = EDGE_CURVE ( 'NONE', #6265, #1969, #3907, .T. ) ;
#7440 = CARTESIAN_POINT ( 'NONE',  ( 5.250000000000000000, 5.749999999999998200, -0.2500000000000002200 ) ) ;
#7441 = EDGE_CURVE ( 'NONE', #8781, #2135, #1083, .T. ) ;
#7442 = ORIENTED_EDGE ( 'NONE', *, *, #3886, .F. ) ;
#7443 = CARTESIAN_POINT ( 'NONE',  ( -5.999999999999996400, 5.249999999999996400, -0.1250000000000001100 ) ) ;
#7444 = CARTESIAN_POINT ( 'NONE',  ( 2.792893218813457400, 8.499999999999998200, -19.75000000000000000 ) ) ;
#7445 = DIRECTION ( 'NONE',  ( -0.7071067811865492400, 0.7071067811865458000, 0.0000000000000000000 ) ) ;
#7446 = ORIENTED_EDGE ( 'NONE', *, *, #7334, .T. ) ;
#7447 = CIRCLE ( 'NONE', #4181, 0.2500000000000002200 ) ;
#7448 = CIRCLE ( 'NONE', #9267, 0.2500000000000002200 ) ;
#7449 = DIRECTION ( 'NONE',  ( -1.000000000000000000, 0.0000000000000000000, 0.0000000000000000000 ) ) ;
#7450 = CARTESIAN_POINT ( 'NONE',  ( 12.50000000000000500, 5.500000000000005300, 12.50000000000000000 ) ) ;
#7451 = ORIENTED_EDGE ( 'NONE', *, *, #7441, .F. ) ;
#7452 = ORIENTED_EDGE ( 'NONE', *, *, #6903, .F. ) ;
#7453 = CARTESIAN_POINT ( 'NONE',  ( -4.750000000000000000, 9.000000000000000000, -0.2500000000000000000 ) ) ;
#7454 = TOROIDAL_SURFACE ( 'NONE', #339, 0.5000000000000000000, 0.2500000000000000000 ) ;
#7455 = ORIENTED_EDGE ( 'NONE', *, *, #1463, .T. ) ;
#7456 = LINE ( 'NONE', #886, #8161 ) ;
#7457 = VERTEX_POINT ( 'NONE', #7351 ) ;
#7458 = EDGE_LOOP ( 'NONE', ( #854, #8553, #2722, #7082 ) ) ;
#7459 = LINE ( 'NONE', #9019, #1679 ) ;
#7460 = DIRECTION ( 'NONE',  ( -1.000000000000000000, 0.0000000000000000000, 0.0000000000000000000 ) ) ;
#7461 = CARTESIAN_POINT ( 'NONE',  ( -12.50000000000002700, 5.499999999999980500, -12.50000000000000000 ) ) ;
#7462 = ORIENTED_EDGE ( 'NONE', *, *, #1132, .F. ) ;
#7463 = ORIENTED_EDGE ( 'NONE', *, *, #6685, .F. ) ;
#7464 = CARTESIAN_POINT ( 'NONE',  ( -5.860203337588430400, 0.2667485526244609600, 10.01885764328900500 ) ) ;
#7465 = ORIENTED_EDGE ( 'NONE', *, *, #278, .T. ) ;
#7466 = AXIS2_PLACEMENT_3D ( 'NONE', #2848, #8873, #5770 ) ;
#7467 = ORIENTED_EDGE ( 'NONE', *, *, #8941, .T. ) ;
#7468 = CIRCLE ( 'NONE', #7558, 0.5000000000000004400 ) ;
#7469 = CARTESIAN_POINT ( 'NONE',  ( -4.165766233094293700, 0.4914814565722673800, 20.00000000000000000 ) ) ;
#7470 = CARTESIAN_POINT ( 'NONE',  ( 1.330407161568939100E-016, 0.7499999999999978900, -9.874999999999998200 ) ) ;
#7471 = DIRECTION ( 'NONE',  ( -1.000000000000000000, -3.469446951953614200E-015, 0.0000000000000000000 ) ) ;
#7472 = ORIENTED_EDGE ( 'NONE', *, *, #1874, .F. ) ;
#7473 = ORIENTED_EDGE ( 'NONE', *, *, #7543, .F. ) ;
#7474 = AXIS2_PLACEMENT_3D ( 'NONE', #439, #3547, #3638 ) ;
#7475 = ORIENTED_EDGE ( 'NONE', *, *, #4121, .F. ) ;
#7476 = CARTESIAN_POINT ( 'NONE',  ( -4.101061471818665500, 0.7500000000000006700, -9.999999999999998200 ) ) ;
#7477 = CARTESIAN_POINT ( 'NONE',  ( 6.250000000000003600, 5.249999999999998200, 9.875000000000000000 ) ) ;
#7478 = EDGE_LOOP ( 'NONE', ( #6184, #2810, #8771, #5688 ) ) ;
#7479 = FACE_OUTER_BOUND ( 'NONE', #9063, .T. ) ;
#7480 = ADVANCED_FACE ( 'NONE', ( #9224 ), #1193, .T. ) ;
#7481 = CARTESIAN_POINT ( 'NONE',  ( -2.792893218813456500, 8.499999999999998200, 10.37500000000000000 ) ) ;
#7482 = EDGE_CURVE ( 'NONE', #7989, #705, #7105, .T. ) ;
#7483 = CARTESIAN_POINT ( 'NONE',  ( -12.50000000000000000, 2.778606591926445500, -15.27600599266040300 ) ) ;
#7484 = ORIENTED_EDGE ( 'NONE', *, *, #185, .T. ) ;
#7485 = EDGE_LOOP ( 'NONE', ( #2075, #2621, #4102, #7462 ) ) ;
#7486 = DIRECTION ( 'NONE',  ( 0.0000000000000000000, -0.0000000000000000000, -1.000000000000000000 ) ) ;
#7487 = DIRECTION ( 'NONE',  ( 0.0000000000000000000, 0.0000000000000000000, 1.000000000000000000 ) ) ;
#7488 = CIRCLE ( 'NONE', #379, 0.2500000000000002200 ) ;
#7489 = FACE_OUTER_BOUND ( 'NONE', #9179, .T. ) ;
#7490 = DIRECTION ( 'NONE',  ( -1.000000000000000000, 0.0000000000000000000, 0.0000000000000000000 ) ) ;
#7491 = CARTESIAN_POINT ( 'NONE',  ( -5.249999999999998200, 5.249999999999999100, -10.24999999999999800 ) ) ;
#7492 = EDGE_LOOP ( 'NONE', ( #4760, #8523, #2264, #8700, #2781, #4969, #8630, #7366 ) ) ;
#7493 = EDGE_LOOP ( 'NONE', ( #9237, #4403, #2492, #8775 ) ) ;
#7494 = AXIS2_PLACEMENT_3D ( 'NONE', #1256, #4194, #7341 ) ;
#7495 = CARTESIAN_POINT ( 'NONE',  ( -17.79423698861199600, 5.499999999999967100, -12.50000000000000000 ) ) ;
#7496 = EDGE_CURVE ( 'NONE', #8434, #7614, #2607, .T. ) ;
#7497 = FACE_OUTER_BOUND ( 'NONE', #3375, .T. ) ;
#7498 = CARTESIAN_POINT ( 'NONE',  ( 5.929039484401033500, 0.04174514199130698000, -0.05007074247377769200 ) ) ;
#7499 = DIRECTION ( 'NONE',  ( 0.0000000000000000000, 0.0000000000000000000, -1.000000000000000000 ) ) ;
#7500 = ORIENTED_EDGE ( 'NONE', *, *, #9340, .T. ) ;
#7501 = DIRECTION ( 'NONE',  ( 0.0000000000000000000, 0.0000000000000000000, 1.000000000000000000 ) ) ;
#7502 = CIRCLE ( 'NONE', #2709, 2.749999999999999100 ) ;
#7503 = DIRECTION ( 'NONE',  ( -0.0000000000000000000, -0.0000000000000000000, 1.000000000000000000 ) ) ;
#7504 = ORIENTED_EDGE ( 'NONE', *, *, #555, .F. ) ;
#7505 = FACE_OUTER_BOUND ( 'NONE', #5664, .T. ) ;
#7506 = ADVANCED_FACE ( 'NONE', ( #8270 ), #4615, .T. ) ;
#7507 = CARTESIAN_POINT ( 'NONE',  ( -12.50000000000000000, 0.1000000000000000100, -15.35000000000000000 ) ) ;
#7508 = AXIS2_PLACEMENT_3D ( 'NONE', #727, #3625, #8914 ) ;
#7509 = CARTESIAN_POINT ( 'NONE',  ( 1.330407161568939100E-016, 5.499999999999998200, -10.10000000000000100 ) ) ;
#7510 = ORIENTED_EDGE ( 'NONE', *, *, #261, .T. ) ;
#7511 = DIRECTION ( 'NONE',  ( -1.000000000000000000, -4.857225732735055400E-014, 0.0000000000000000000 ) ) ;
#7512 = EDGE_CURVE ( 'NONE', #9599, #1984, #2486, .T. ) ;
#7513 = CYLINDRICAL_SURFACE ( 'NONE', #819, 0.5000000000000000000 ) ;
#7514 = FACE_OUTER_BOUND ( 'NONE', #723, .T. ) ;
#7515 = DIRECTION ( 'NONE',  ( 8.673617379884004900E-016, -1.000000000000000000, 0.0000000000000000000 ) ) ;
#7516 = DIRECTION ( 'NONE',  ( 2.891205793294680300E-016, 0.0000000000000000000, 1.000000000000000000 ) ) ;
#7517 = ADVANCED_FACE ( 'NONE', ( #707 ), #8848, .F. ) ;
#7518 = DIRECTION ( 'NONE',  ( 0.0000000000000000000, 0.0000000000000000000, 1.000000000000000000 ) ) ;
#7519 = ORIENTED_EDGE ( 'NONE', *, *, #1418, .F. ) ;
#7520 = VECTOR ( 'NONE', #2228, 1000.000000000000000 ) ;
#7521 = ORIENTED_EDGE ( 'NONE', *, *, #6294, .F. ) ;
#7522 = AXIS2_PLACEMENT_3D ( 'NONE', #31, #6175, #7592 ) ;
#7523 = DIRECTION ( 'NONE',  ( 1.000000000000000000, 0.0000000000000000000, 0.0000000000000000000 ) ) ;
#7524 =( BOUNDED_CURVE ( )  B_SPLINE_CURVE ( 3, ( #6647, #7412, #2888, #8199 ),
 .UNSPECIFIED., .F., .F. ) 
 B_SPLINE_CURVE_WITH_KNOTS ( ( 4, 4 ),
 ( 1.570796326794896600, 2.226009931408151800 ),
 .UNSPECIFIED. ) 
 CURVE ( )  GEOMETRIC_REPRESENTATION_ITEM ( )  RATIONAL_B_SPLINE_CURVE ( ( 1.000000000000000000, 0.9645434217588899600, 0.9645434217588899600, 1.000000000000000000 ) ) 
 REPRESENTATION_ITEM ( '' )  );
#7525 = AXIS2_PLACEMENT_3D ( 'NONE', #2778, #3082, #8345 ) ;
#7526 = EDGE_CURVE ( 'NONE', #6539, #5566, #9098, .T. ) ;
#7527 = CARTESIAN_POINT ( 'NONE',  ( 2.000000000000000000, 5.499999999999998200, 20.00000000000000000 ) ) ;
#7528 = ORIENTED_EDGE ( 'NONE', *, *, #4320, .F. ) ;
#7529 = VECTOR ( 'NONE', #8334, 1000.000000000000000 ) ;
#7530 = CARTESIAN_POINT ( 'NONE',  ( 6.000000000000003600, 5.249999999999998200, 9.875000000000000000 ) ) ;
#7531 = CARTESIAN_POINT ( 'NONE',  ( 1.330407161568939100E-016, 0.5000000000000004400, 10.37500000000000000 ) ) ;
#7532 = FACE_OUTER_BOUND ( 'NONE', #9358, .T. ) ;
#7533 = AXIS2_PLACEMENT_3D ( 'NONE', #9174, #2336, #1659 ) ;
#7534 = CARTESIAN_POINT ( 'NONE',  ( 19.50000000000000400, 0.2500000000000000000, -19.75000000000000000 ) ) ;
#7535 = CARTESIAN_POINT ( 'NONE',  ( -2.792893218813456500, 8.499999999999998200, 0.1250000000000001100 ) ) ;
#7536 = DIRECTION ( 'NONE',  ( 0.9659258262890699800, -0.2588190451025143000, 0.0000000000000000000 ) ) ;
#7537 = ORIENTED_EDGE ( 'NONE', *, *, #1637, .F. ) ;
#7538 = CIRCLE ( 'NONE', #1920, 0.5000000000000000000 ) ;
#7539 = CIRCLE ( 'NONE', #6991, 0.2500000000000002200 ) ;
#7540 = ORIENTED_EDGE ( 'NONE', *, *, #934, .T. ) ;
#7541 = AXIS2_PLACEMENT_3D ( 'NONE', #2496, #2530, #4106 ) ;
#7542 = ORIENTED_EDGE ( 'NONE', *, *, #3026, .F. ) ;
#7543 = EDGE_CURVE ( 'NONE', #4408, #4947, #5082, .T. ) ;
#7544 = CARTESIAN_POINT ( 'NONE',  ( 19.50000000000000400, 4.792893218813453900, -19.75000000000000000 ) ) ;
#7545 = DIRECTION ( 'NONE',  ( 1.000000000000000000, -3.469446951953614200E-015, 0.0000000000000000000 ) ) ;
#7546 = ORIENTED_EDGE ( 'NONE', *, *, #1822, .F. ) ;
#7547 = CIRCLE ( 'NONE', #1904, 0.2500000000000003300 ) ;
#7548 = FACE_OUTER_BOUND ( 'NONE', #1829, .T. ) ;
#7549 = DIRECTION ( 'NONE',  ( 0.0000000000000000000, 0.0000000000000000000, 1.000000000000000000 ) ) ;
#7550 = ORIENTED_EDGE ( 'NONE', *, *, #575, .T. ) ;
#7551 = DIRECTION ( 'NONE',  ( 0.0000000000000000000, 0.0000000000000000000, -1.000000000000000000 ) ) ;
#7552 = CARTESIAN_POINT ( 'NONE',  ( -5.993059256806178700, 0.001859766533653957700, 9.855942505243032100 ) ) ;
#7553 = VERTEX_POINT ( 'NONE', #7316 ) ;
#7554 = DIRECTION ( 'NONE',  ( -0.7071067811865526800, -0.7071067811865423500, 0.0000000000000000000 ) ) ;
#7555 = ADVANCED_FACE ( 'NONE', ( #3421 ), #5013, .F. ) ;
#7556 = EDGE_CURVE ( 'NONE', #473, #2064, #8525, .T. ) ;
#7557 = DIRECTION ( 'NONE',  ( 0.0000000000000000000, 0.0000000000000000000, 1.000000000000000000 ) ) ;
#7558 = AXIS2_PLACEMENT_3D ( 'NONE', #5733, #9471, #6495 ) ;
#7559 = CARTESIAN_POINT ( 'NONE',  ( 6.250000000000003600, 0.2500000000000000000, 0.2500000000000002200 ) ) ;
#7560 = VECTOR ( 'NONE', #2021, 1000.000000000000000 ) ;
#7561 = EDGE_CURVE ( 'NONE', #989, #9270, #8864, .T. ) ;
#7562 = DIRECTION ( 'NONE',  ( -0.0000000000000000000, 0.0000000000000000000, 1.000000000000000000 ) ) ;
#7563 = ORIENTED_EDGE ( 'NONE', *, *, #2615, .F. ) ;
#7564 = TOROIDAL_SURFACE ( 'NONE', #7873, 0.5000000000000000000, 0.2500000000000000000 ) ;
#7565 = EDGE_CURVE ( 'NONE', #1810, #5568, #6860, .T. ) ;
#7566 = CARTESIAN_POINT ( 'NONE',  ( -4.500000000000000900, 6.792893218813454800, 9.750000000000000000 ) ) ;
#7567 = ORIENTED_EDGE ( 'NONE', *, *, #9757, .F. ) ;
#7568 = VERTEX_POINT ( 'NONE', #4636 ) ;
#7569 = CYLINDRICAL_SURFACE ( 'NONE', #9165, 0.5000000000000004400 ) ;
#7570 = ORIENTED_EDGE ( 'NONE', *, *, #4202, .F. ) ;
#7571 = CARTESIAN_POINT ( 'NONE',  ( -4.500000000000000900, 6.792893218813454800, 20.00000000000000000 ) ) ;
#7572 = DIRECTION ( 'NONE',  ( 0.0000000000000000000, -0.0000000000000000000, -1.000000000000000000 ) ) ;
#7573 = DIRECTION ( 'NONE',  ( 0.7071067811865475700, 0.7071067811865475700, 0.0000000000000000000 ) ) ;
#7574 = ADVANCED_FACE ( 'NONE', ( #3065, #1424, #478 ), #875, .T. ) ;
#7575 = VERTEX_POINT ( 'NONE', #6882 ) ;
#7576 = LINE ( 'NONE', #376, #12 ) ;
#7577 = ORIENTED_EDGE ( 'NONE', *, *, #4666, .T. ) ;
#7578 = DIRECTION ( 'NONE',  ( -0.0000000000000000000, 0.0000000000000000000, 1.000000000000000000 ) ) ;
#7579 = CARTESIAN_POINT ( 'NONE',  ( 5.000000000000002700, 6.792893218813461000, 19.75000000000000000 ) ) ;
#7580 = ORIENTED_EDGE ( 'NONE', *, *, #6249, .F. ) ;
#7581 = CIRCLE ( 'NONE', #9590, 2.849999999999998300 ) ;
#7582 = DIRECTION ( 'NONE',  ( 8.673617379884004900E-016, -1.000000000000000000, 0.0000000000000000000 ) ) ;
#7583 = DIRECTION ( 'NONE',  ( 0.7071067811865490200, -0.7071067811865460200, 0.0000000000000000000 ) ) ;
#7584 = CARTESIAN_POINT ( 'NONE',  ( 7.205763011388014200, 5.500000000000000000, 12.50000000000000000 ) ) ;
#7585 = ORIENTED_EDGE ( 'NONE', *, *, #8547, .T. ) ;
#7586 = ORIENTED_EDGE ( 'NONE', *, *, #6676, .F. ) ;
#7587 = ORIENTED_EDGE ( 'NONE', *, *, #748, .T. ) ;
#7588 = AXIS2_PLACEMENT_3D ( 'NONE', #3269, #4138, #7171 ) ;
#7589 = CARTESIAN_POINT ( 'NONE',  ( -5.749999999999996400, 0.2500000000000002200, -0.1250000000000001100 ) ) ;
#7590 = ORIENTED_EDGE ( 'NONE', *, *, #6410, .T. ) ;
#7591 = VECTOR ( 'NONE', #4927, 1000.000000000000000 ) ;
#7592 = DIRECTION ( 'NONE',  ( 0.0000000000000000000, 0.0000000000000000000, 1.000000000000000000 ) ) ;
#7593 = CARTESIAN_POINT ( 'NONE',  ( 5.903882009040912300, 0.2433412231059219900, -9.927971252621516000 ) ) ;
#7594 = AXIS2_PLACEMENT_3D ( 'NONE', #9381, #7098, #9407 ) ;
#7595 = ORIENTED_EDGE ( 'NONE', *, *, #5017, .F. ) ;
#7596 = ORIENTED_EDGE ( 'NONE', *, *, #6764, .T. ) ;
#7597 = EDGE_CURVE ( 'NONE', #3353, #8497, #6728, .T. ) ;
#7598 = CARTESIAN_POINT ( 'NONE',  ( -2.792893218813456500, 8.499999999999998200, 10.00000000000000000 ) ) ;
#7599 = DIRECTION ( 'NONE',  ( 0.0000000000000000000, 0.0000000000000000000, 1.000000000000000000 ) ) ;
#7600 = FACE_OUTER_BOUND ( 'NONE', #2591, .T. ) ;
#7601 = CIRCLE ( 'NONE', #4572, 5.294236988611968900 ) ;
#7602 = CARTESIAN_POINT ( 'NONE',  ( 12.50000000000000000, 0.1000000000000000100, -12.50000000000000000 ) ) ;
#7603 = AXIS2_PLACEMENT_3D ( 'NONE', #5294, #8336, #8417 ) ;
#7604 = DIRECTION ( 'NONE',  ( -1.000000000000000000, 0.0000000000000000000, 0.0000000000000000000 ) ) ;
#7605 = ORIENTED_EDGE ( 'NONE', *, *, #6190, .F. ) ;
#7606 = CARTESIAN_POINT ( 'NONE',  ( -2.100000000000000100, 5.499999999999998200, 10.12500000000000000 ) ) ;
#7607 = ORIENTED_EDGE ( 'NONE', *, *, #2127, .T. ) ;
#7608 = LINE ( 'NONE', #4031, #8318 ) ;
#7609 = AXIS2_PLACEMENT_3D ( 'NONE', #2083, #7380, #1261 ) ;
#7610 = DIRECTION ( 'NONE',  ( -0.7071067811865474600, -0.7071067811865474600, -0.0000000000000000000 ) ) ;
#7611 = EDGE_CURVE ( 'NONE', #6853, #226, #4366, .T. ) ;
#7612 = DIRECTION ( 'NONE',  ( 1.000000000000000000, 0.0000000000000000000, 0.0000000000000000000 ) ) ;
#7613 = ADVANCED_FACE ( 'NONE', ( #4956 ), #597, .T. ) ;
#7614 = VERTEX_POINT ( 'NONE', #7606 ) ;
#7615 = DIRECTION ( 'NONE',  ( 0.0000000000000000000, 0.0000000000000000000, -1.000000000000000000 ) ) ;
#7616 = CARTESIAN_POINT ( 'NONE',  ( 4.676776695296637400, 6.969669914110096600, 10.00000000000000000 ) ) ;
#7617 = VECTOR ( 'NONE', #200, 999.9999999999998900 ) ;
#7618 = DIRECTION ( 'NONE',  ( -0.0000000000000000000, -1.000000000000000000, -0.0000000000000000000 ) ) ;
#7619 = AXIS2_PLACEMENT_3D ( 'NONE', #5018, #5052, #1267 ) ;
#7620 = DIRECTION ( 'NONE',  ( -0.0000000000000000000, -0.0000000000000000000, -1.000000000000000000 ) ) ;
#7621 = AXIS2_PLACEMENT_3D ( 'NONE', #6990, #6952, #1911 ) ;
#7622 = ORIENTED_EDGE ( 'NONE', *, *, #7995, .T. ) ;
#7623 = CARTESIAN_POINT ( 'NONE',  ( -4.101061471818665500, 0.7500000000000001100, 0.3750000000000001100 ) ) ;
#7624 = EDGE_CURVE ( 'NONE', #7165, #3487, #5678, .T. ) ;
#7625 = ADVANCED_FACE ( 'NONE', ( #4858 ), #1906, .T. ) ;
#7626 = DIRECTION ( 'NONE',  ( 0.7071067811865475700, -0.7071067811865475700, 0.0000000000000000000 ) ) ;
#7627 = EDGE_CURVE ( 'NONE', #8403, #6929, #841, .T. ) ;
#7628 = TOROIDAL_SURFACE ( 'NONE', #833, 2.849999999999998800, 0.1000000000000000100 ) ;
#7629 = DIRECTION ( 'NONE',  ( 0.7071067811865414700, -0.7071067811865536800, 0.0000000000000000000 ) ) ;
#7630 = DIRECTION ( 'NONE',  ( -0.7071067811865441300, -0.7071067811865510100, 0.0000000000000000000 ) ) ;
#7631 = VERTEX_POINT ( 'NONE', #4391 ) ;
#7632 = CARTESIAN_POINT ( 'NONE',  ( 5.685295238724374500, 0.08432488663803186500, 10.37500000000000000 ) ) ;
#7633 = CYLINDRICAL_SURFACE ( 'NONE', #6523, 0.2499999999999991100 ) ;
#7634 = ADVANCED_FACE ( 'NONE', ( #2703 ), #1671, .T. ) ;
#7635 = CIRCLE ( 'NONE', #8557, 2.000000000000000000 ) ;
#7636 = DIRECTION ( 'NONE',  ( 0.0000000000000000000, 0.0000000000000000000, -1.000000000000000000 ) ) ;
#7637 = CARTESIAN_POINT ( 'NONE',  ( -4.165766233094293700, 0.4914814565722673800, -10.24999999999999800 ) ) ;
#7638 = DIRECTION ( 'NONE',  ( 1.000000000000000000, -0.0000000000000000000, -0.0000000000000000000 ) ) ;
#7639 = CARTESIAN_POINT ( 'NONE',  ( -5.685295238724367400, 0.08432488663803093500, -10.24999999999999800 ) ) ;
#7640 = EDGE_LOOP ( 'NONE', ( #9713, #6580, #5111, #1216 ) ) ;
#7641 = CARTESIAN_POINT ( 'NONE',  ( 12.50000000000000500, 5.400000000000003900, -12.50000000000000000 ) ) ;
#7642 = CARTESIAN_POINT ( 'NONE',  ( 0.0000000000000000000, 0.5000000000000001100, -9.624999999999998200 ) ) ;
#7643 = EDGE_LOOP ( 'NONE', ( #3594, #3338, #8509, #8389 ) ) ;
#7644 = LINE ( 'NONE', #5330, #7771 ) ;
#7645 = ORIENTED_EDGE ( 'NONE', *, *, #5177, .F. ) ;
#7646 = DIRECTION ( 'NONE',  ( 1.000000000000000000, 0.0000000000000000000, 0.0000000000000000000 ) ) ;
#7647 = LINE ( 'NONE', #9148, #912 ) ;
#7648 = AXIS2_PLACEMENT_3D ( 'NONE', #5033, #8115, #8751 ) ;
#7649 = DIRECTION ( 'NONE',  ( 0.0000000000000000000, -1.000000000000000000, 0.0000000000000000000 ) ) ;
#7650 = EDGE_LOOP ( 'NONE', ( #4922, #81, #7249, #7321 ) ) ;
#7651 = CIRCLE ( 'NONE', #4297, 5.000000000000000000 ) ;
#7652 = AXIS2_PLACEMENT_3D ( 'NONE', #1194, #6353, #7162 ) ;
#7653 = CARTESIAN_POINT ( 'NONE',  ( 6.000000000000003600, -2.168404344971008900E-016, -0.1830127018922177200 ) ) ;
#7654 = DIRECTION ( 'NONE',  ( 0.0000000000000000000, 0.0000000000000000000, -1.000000000000000000 ) ) ;
#7655 = CARTESIAN_POINT ( 'NONE',  ( 5.250000000000000000, 5.749999999999998200, -9.624999999999998200 ) ) ;
#7656 = ADVANCED_FACE ( 'NONE', ( #8647 ), #8971, .T. ) ;
#7657 = AXIS2_PLACEMENT_3D ( 'NONE', #4766, #3286, #6326 ) ;
#7658 = VERTEX_POINT ( 'NONE', #664 ) ;
#7659 = LINE ( 'NONE', #592, #344 ) ;
#7660 = TOROIDAL_SURFACE ( 'NONE', #9770, 0.2500000000000000000, 0.2500000000000000000 ) ;
#7661 = CARTESIAN_POINT ( 'NONE',  ( -12.50000000000000000, 2.711339312526813900, -9.750000000000001800 ) ) ;
#7662 = ORIENTED_EDGE ( 'NONE', *, *, #3826, .F. ) ;
#7663 = DIRECTION ( 'NONE',  ( 0.0000000000000000000, 0.0000000000000000000, 1.000000000000000000 ) ) ;
#7664 = ORIENTED_EDGE ( 'NONE', *, *, #3118, .T. ) ;
#7665 = AXIS2_PLACEMENT_3D ( 'NONE', #4725, #4023, #3223 ) ;
#7666 = EDGE_CURVE ( 'NONE', #9208, #1439, #4475, .T. ) ;
#7667 = DIRECTION ( 'NONE',  ( -0.0000000000000000000, -1.000000000000000000, 0.0000000000000000000 ) ) ;
#7668 = CARTESIAN_POINT ( 'NONE',  ( 1.330407161568939100E-016, 5.499999999999998200, 0.1250000000000001100 ) ) ;
#7669 = DIRECTION ( 'NONE',  ( -2.891205793294680300E-016, -0.0000000000000000000, -1.000000000000000000 ) ) ;
#7670 = VERTEX_POINT ( 'NONE', #6195 ) ;
#7671 = LINE ( 'NONE', #3386, #5898 ) ;
#7672 = TOROIDAL_SURFACE ( 'NONE', #7258, 0.5000000000000000000, 0.2500000000000000000 ) ;
#7673 = CARTESIAN_POINT ( 'NONE',  ( 5.250000000000000000, 5.499999999999998200, -0.2500000000000002200 ) ) ;
#7674 = CARTESIAN_POINT ( 'NONE',  ( 19.64644660940671600, 5.353553390593285500, 20.00000000000000000 ) ) ;
#7675 = ORIENTED_EDGE ( 'NONE', *, *, #5856, .F. ) ;
#7676 = ADVANCED_FACE ( 'NONE', ( #9462 ), #8146, .T. ) ;
#7677 = ORIENTED_EDGE ( 'NONE', *, *, #1007, .T. ) ;
#7678 = CARTESIAN_POINT ( 'NONE',  ( 3.146446609406729600, 8.853553390593273100, 0.3750000000000001100 ) ) ;
#7679 = VERTEX_POINT ( 'NONE', #4037 ) ;
#7680 = DIRECTION ( 'NONE',  ( 1.000000000000000000, 0.0000000000000000000, 0.0000000000000000000 ) ) ;
#7681 = CARTESIAN_POINT ( 'NONE',  ( 19.29289321881344700, 5.000000000000010700, 20.00000000000000000 ) ) ;
#7682 = ORIENTED_EDGE ( 'NONE', *, *, #6608, .T. ) ;
#7683 = LINE ( 'NONE', #5787, #5435 ) ;
#7684 = AXIS2_PLACEMENT_3D ( 'NONE', #2020, #2694, #7305 ) ;
#7685 = DIRECTION ( 'NONE',  ( 1.734723475976795500E-015, 1.000000000000000000, 0.0000000000000000000 ) ) ;
#7686 = EDGE_LOOP ( 'NONE', ( #3874, #6035, #3122, #8281 ) ) ;
#7687 = EDGE_CURVE ( 'NONE', #3936, #473, #8408, .T. ) ;
#7688 = CARTESIAN_POINT ( 'NONE',  ( 12.50000000000000000, 2.711339312526813900, 12.50000000000000000 ) ) ;
#7689 = VERTEX_POINT ( 'NONE', #5926 ) ;
#7690 = ADVANCED_FACE ( 'NONE', ( #6505 ), #3658, .T. ) ;
#7691 = CYLINDRICAL_SURFACE ( 'NONE', #889, 0.2500000000000002200 ) ;
#7692 = DIRECTION ( 'NONE',  ( -0.7071067811865579000, -0.7071067811865371400, 0.0000000000000000000 ) ) ;
#7693 = CIRCLE ( 'NONE', #4422, 2.000000000000000000 ) ;
#7694 = DIRECTION ( 'NONE',  ( -0.0000000000000000000, 1.000000000000000000, 0.0000000000000000000 ) ) ;
#7695 = CARTESIAN_POINT ( 'NONE',  ( 4.676776695296639200, 6.969669914110098400, 19.75000000000000000 ) ) ;
#7696 = EDGE_LOOP ( 'NONE', ( #1707, #5468, #2084, #9329 ) ) ;
#7697 = CIRCLE ( 'NONE', #160, 0.2500000000000002200 ) ;
#7698 = CARTESIAN_POINT ( 'NONE',  ( 4.500000000000002700, 6.792893218813461900, 0.1250000000000001100 ) ) ;
#7699 = ORIENTED_EDGE ( 'NONE', *, *, #9630, .F. ) ;
#7700 = EDGE_CURVE ( 'NONE', #9073, #1528, #2360, .T. ) ;
#7701 = ORIENTED_EDGE ( 'NONE', *, *, #3270, .F. ) ;
#7702 = CIRCLE ( 'NONE', #4323, 2.749999999999999100 ) ;
#7703 = DIRECTION ( 'NONE',  ( 0.0000000000000000000, 0.0000000000000000000, -1.000000000000000000 ) ) ;
#7704 = ORIENTED_EDGE ( 'NONE', *, *, #1658, .T. ) ;
#7705 = AXIS2_PLACEMENT_3D ( 'NONE', #8736, #7154, #2068 ) ;
#7706 = EDGE_CURVE ( 'NONE', #6055, #1881, #1300, .T. ) ;
#7707 = EDGE_CURVE ( 'NONE', #4396, #8781, #1797, .T. ) ;
#7708 = ORIENTED_EDGE ( 'NONE', *, *, #1549, .T. ) ;
#7709 = VERTEX_POINT ( 'NONE', #2312 ) ;
#7710 = ORIENTED_EDGE ( 'NONE', *, *, #9142, .T. ) ;
#7711 = CARTESIAN_POINT ( 'NONE',  ( 3.146446609406729600, 8.853553390593273100, 9.750000000000000000 ) ) ;
#7712 = DIRECTION ( 'NONE',  ( -2.602085213965201600E-015, 1.000000000000000000, 0.0000000000000000000 ) ) ;
#7713 = EDGE_LOOP ( 'NONE', ( #3520, #6845, #8069, #2680 ) ) ;
#7714 = CYLINDRICAL_SURFACE ( 'NONE', #2444, 2.000000000000000000 ) ;
#7715 = CARTESIAN_POINT ( 'NONE',  ( -5.000000000000000000, 6.792893218813454800, 0.3750000000000003300 ) ) ;
#7716 = DIRECTION ( 'NONE',  ( -0.0000000000000000000, 1.000000000000000000, -0.0000000000000000000 ) ) ;
#7717 = EDGE_CURVE ( 'NONE', #8922, #2154, #8396, .T. ) ;
#7718 = CARTESIAN_POINT ( 'NONE',  ( -3.146446609406730500, 8.853553390593271300, -19.75000000000000000 ) ) ;
#7719 = CARTESIAN_POINT ( 'NONE',  ( 6.250000000000003600, 5.499999999999999100, 9.875000000000000000 ) ) ;
#7720 = EDGE_CURVE ( 'NONE', #7798, #1900, #6018, .T. ) ;
#7721 = ADVANCED_FACE ( 'NONE', ( #7817 ), #2594, .T. ) ;
#7722 = ORIENTED_EDGE ( 'NONE', *, *, #2907, .F. ) ;
#7723 = VERTEX_POINT ( 'NONE', #1706 ) ;
#7724 = CARTESIAN_POINT ( 'NONE',  ( -2.969669914110092600, 8.676776695296633000, 0.1250000000000001100 ) ) ;
#7725 = DIRECTION ( 'NONE',  ( 0.0000000000000000000, 0.0000000000000000000, 1.000000000000000000 ) ) ;
#7726 = ORIENTED_EDGE ( 'NONE', *, *, #3316, .F. ) ;
#7727 = DIRECTION ( 'NONE',  ( 1.000000000000000000, -0.0000000000000000000, 0.0000000000000000000 ) ) ;
#7728 = CYLINDRICAL_SURFACE ( 'NONE', #1353, 2.000000000000000000 ) ;
#7729 = CARTESIAN_POINT ( 'NONE',  ( 5.891456562198428900, 0.2500000000000002200, -9.918868874230494000 ) ) ;
#7730 = ORIENTED_EDGE ( 'NONE', *, *, #300, .F. ) ;
#7731 = AXIS2_PLACEMENT_3D ( 'NONE', #3134, #9186, #9298 ) ;
#7732 = ORIENTED_EDGE ( 'NONE', *, *, #3678, .F. ) ;
#7733 = CARTESIAN_POINT ( 'NONE',  ( -2.792893218813456500, 8.499999999999998200, 20.00000000000000000 ) ) ;
#7734 = CIRCLE ( 'NONE', #5943, 0.5000000000000004400 ) ;
#7735 = ADVANCED_FACE ( 'NONE', ( #7349 ), #9089, .T. ) ;
#7736 = CIRCLE ( 'NONE', #3997, 0.2500000000000000600 ) ;
#7737 = DIRECTION ( 'NONE',  ( 1.000000000000000000, 0.0000000000000000000, -0.0000000000000000000 ) ) ;
#7738 = CARTESIAN_POINT ( 'NONE',  ( 5.810746011250581800, 0.05071045344962203700, -9.867914901211554100 ) ) ;
#7739 = AXIS2_PLACEMENT_3D ( 'NONE', #4944, #7275, #5743 ) ;
#7740 = EDGE_CURVE ( 'NONE', #4537, #6404, #1535, .T. ) ;
#7741 = DIRECTION ( 'NONE',  ( 0.0000000000000000000, 0.0000000000000000000, 1.000000000000000000 ) ) ;
#7742 = ORIENTED_EDGE ( 'NONE', *, *, #9774, .T. ) ;
#7743 = DIRECTION ( 'NONE',  ( 0.9659258262890700900, -0.2588190451025143000, -0.0000000000000000000 ) ) ;
#7744 = FACE_OUTER_BOUND ( 'NONE', #2204, .T. ) ;
#7745 = AXIS2_PLACEMENT_3D ( 'NONE', #1145, #1713, #7725 ) ;
#7746 = ADVANCED_FACE ( 'NONE', ( #5068 ), #5788, .T. ) ;
#7747 = DIRECTION ( 'NONE',  ( 0.0000000000000000000, -0.0000000000000000000, -1.000000000000000000 ) ) ;
#7748 = CARTESIAN_POINT ( 'NONE',  ( 3.000000000000002700, 9.000000000000000000, -19.75000000000000000 ) ) ;
#7749 = CARTESIAN_POINT ( 'NONE',  ( 2.792893218813457400, 8.499999999999998200, 20.00000000000000000 ) ) ;
#7750 = ORIENTED_EDGE ( 'NONE', *, *, #3012, .F. ) ;
#7751 = DIRECTION ( 'NONE',  ( -1.000000000000000000, -3.469446951953610600E-015, -0.0000000000000000000 ) ) ;
#7752 = AXIS2_PLACEMENT_3D ( 'NONE', #1137, #1931, #7206 ) ;
#7753 = EDGE_CURVE ( 'NONE', #6787, #8434, #359, .T. ) ;
#7754 = FACE_OUTER_BOUND ( 'NONE', #4015, .T. ) ;
#7755 = DIRECTION ( 'NONE',  ( 0.0000000000000000000, 1.000000000000000000, 0.0000000000000000000 ) ) ;
#7756 = DIRECTION ( 'NONE',  ( 1.000000000000000000, 0.0000000000000000000, 0.0000000000000000000 ) ) ;
#7757 = DIRECTION ( 'NONE',  ( 1.000000000000000000, 0.0000000000000000000, 0.0000000000000000000 ) ) ;
#7758 = ORIENTED_EDGE ( 'NONE', *, *, #4464, .T. ) ;
#7759 = PLANE ( 'NONE',  #9134 ) ;
#7760 = LINE ( 'NONE', #9476, #3358 ) ;
#7761 = AXIS2_PLACEMENT_3D ( 'NONE', #5224, #4450, #4398 ) ;
#7762 = CARTESIAN_POINT ( 'NONE',  ( 4.853553390593274800, 7.146446609406734900, 19.75000000000000000 ) ) ;
#7763 = AXIS2_PLACEMENT_3D ( 'NONE', #5226, #2184, #4400 ) ;
#7764 = CARTESIAN_POINT ( 'NONE',  ( -12.50000000000000000, 0.0000000000000000000, 12.50000000000000000 ) ) ;
#7765 = EDGE_CURVE ( 'NONE', #2243, #2987, #2026, .T. ) ;
#7766 = ORIENTED_EDGE ( 'NONE', *, *, #3121, .F. ) ;
#7767 = DIRECTION ( 'NONE',  ( -0.0000000000000000000, -0.0000000000000000000, 1.000000000000000000 ) ) ;
#7768 = EDGE_CURVE ( 'NONE', #4356, #1374, #4247, .T. ) ;
#7769 = CARTESIAN_POINT ( 'NONE',  ( 4.230470994369924600, 0.7329629131445349900, 19.75000000000000000 ) ) ;
#7770 = ADVANCED_FACE ( 'NONE', ( #9342 ), #4354, .T. ) ;
#7771 = VECTOR ( 'NONE', #2186, 1000.000000000000000 ) ;
#7772 = CIRCLE ( 'NONE', #2087, 2.000000000000000000 ) ;
#7773 = CARTESIAN_POINT ( 'NONE',  ( 4.101061471818666400, 0.2500000000000002200, 19.75000000000000000 ) ) ;
#7774 = DIRECTION ( 'NONE',  ( 0.0000000000000000000, 0.0000000000000000000, 1.000000000000000000 ) ) ;
#7775 = ORIENTED_EDGE ( 'NONE', *, *, #4769, .T. ) ;
#7776 = VECTOR ( 'NONE', #91, 1000.000000000000000 ) ;
#7777 = CARTESIAN_POINT ( 'NONE',  ( -12.50000000000000000, 2.750000000000000900, -9.750000000000001800 ) ) ;
#7778 = EDGE_LOOP ( 'NONE', ( #4895, #6734, #6133, #6635 ) ) ;
#7779 = CARTESIAN_POINT ( 'NONE',  ( 5.750000000000003600, 5.249999999999998200, -0.2500000000000002200 ) ) ;
#7780 = DIRECTION ( 'NONE',  ( -1.000000000000000000, 0.0000000000000000000, 0.0000000000000000000 ) ) ;
#7781 = DIRECTION ( 'NONE',  ( 0.0000000000000000000, 0.0000000000000000000, 1.000000000000000000 ) ) ;
#7782 = ADVANCED_FACE ( 'NONE', ( #4132 ), #3537, .T. ) ;
#7783 = DIRECTION ( 'NONE',  ( -0.7071067811865536800, -0.7071067811865413600, 0.0000000000000000000 ) ) ;
#7784 = ORIENTED_EDGE ( 'NONE', *, *, #1463, .F. ) ;
#7785 = VECTOR ( 'NONE', #4496, 1000.000000000000000 ) ;
#7786 = AXIS2_PLACEMENT_3D ( 'NONE', #718, #8908, #653 ) ;
#7787 = DIRECTION ( 'NONE',  ( 0.7071067811865475700, 0.7071067811865475700, -2.044391222244500100E-016 ) ) ;
#7788 = CIRCLE ( 'NONE', #8015, 0.2500000000000002200 ) ;
#7789 = DIRECTION ( 'NONE',  ( 0.7071067811865490200, -0.7071067811865460200, 0.0000000000000000000 ) ) ;
#7790 = ADVANCED_FACE ( 'NONE', ( #3784 ), #6138, .T. ) ;
#7791 = AXIS2_PLACEMENT_3D ( 'NONE', #836, #9221, #109 ) ;
#7792 = CARTESIAN_POINT ( 'NONE',  ( -2.792893218813456500, 8.749999999999998200, -0.2500000000000000000 ) ) ;
#7793 = EDGE_CURVE ( 'NONE', #1841, #303, #7333, .T. ) ;
#7794 = ORIENTED_EDGE ( 'NONE', *, *, #7565, .T. ) ;
#7795 = CIRCLE ( 'NONE', #5885, 0.2499999999999999700 ) ;
#7796 = TOROIDAL_SURFACE ( 'NONE', #8517, 0.5000000000000000000, 0.2500000000000000000 ) ;
#7797 = CARTESIAN_POINT ( 'NONE',  ( 19.50000000000000400, 4.792893218813453900, -19.75000000000000000 ) ) ;
#7798 = VERTEX_POINT ( 'NONE', #4946 ) ;
#7799 = CARTESIAN_POINT ( 'NONE',  ( -5.249999999999999100, 5.500000000000000000, 20.00000000000000000 ) ) ;
#7800 = CARTESIAN_POINT ( 'NONE',  ( 19.29289321881344700, 5.500000000000009800, 19.75000000000000000 ) ) ;
#7801 = VERTEX_POINT ( 'NONE', #437 ) ;
#7802 = AXIS2_PLACEMENT_3D ( 'NONE', #1615, #2379, #5413 ) ;
#7803 = DIRECTION ( 'NONE',  ( 0.0000000000000000000, 0.0000000000000000000, -1.000000000000000000 ) ) ;
#7804 = DIRECTION ( 'NONE',  ( -0.0000000000000000000, 1.000000000000000000, 0.0000000000000000000 ) ) ;
#7805 = ORIENTED_EDGE ( 'NONE', *, *, #2794, .F. ) ;
#7806 = CIRCLE ( 'NONE', #8485, 2.849999999999998300 ) ;
#7807 = CIRCLE ( 'NONE', #2729, 0.2500000000000000000 ) ;
#7808 = CARTESIAN_POINT ( 'NONE',  ( -4.853553390593274000, 7.146446609406727800, 20.00000000000000000 ) ) ;
#7809 = ORIENTED_EDGE ( 'NONE', *, *, #6716, .T. ) ;
#7810 = VERTEX_POINT ( 'NONE', #7968 ) ;
#7811 = EDGE_CURVE ( 'NONE', #4961, #9270, #6612, .T. ) ;
#7812 = CARTESIAN_POINT ( 'NONE',  ( -5.250000000000000000, 5.750000000000000000, 0.3750000000000003300 ) ) ;
#7813 = CARTESIAN_POINT ( 'NONE',  ( -5.000000000000000000, 7.000000000000001800, 20.00000000000000000 ) ) ;
#7814 = DIRECTION ( 'NONE',  ( 1.000000000000000000, 0.0000000000000000000, 0.0000000000000000000 ) ) ;
#7815 = DIRECTION ( 'NONE',  ( 0.0000000000000000000, 0.0000000000000000000, -1.000000000000000000 ) ) ;
#7817 = FACE_OUTER_BOUND ( 'NONE', #1087, .T. ) ;
#7816 = CARTESIAN_POINT ( 'NONE',  ( -2.100000000000000100, 5.499999999999998200, -10.00000000000000200 ) ) ;
#7818 = ORIENTED_EDGE ( 'NONE', *, *, #2335, .T. ) ;
#7819 = FACE_OUTER_BOUND ( 'NONE', #3636, .T. ) ;
#7820 = ORIENTED_EDGE ( 'NONE', *, *, #8894, .T. ) ;
#7821 = CARTESIAN_POINT ( 'NONE',  ( -19.99999999999999600, 0.0000000000000000000, 19.75000000000000000 ) ) ;
#7822 = ADVANCED_FACE ( 'NONE', ( #7830 ), #8048, .T. ) ;
#7823 = ORIENTED_EDGE ( 'NONE', *, *, #8255, .T. ) ;
#7824 = FACE_OUTER_BOUND ( 'NONE', #1275, .T. ) ;
#7825 = AXIS2_PLACEMENT_3D ( 'NONE', #917, #7057, #3981 ) ;
#7826 = AXIS2_PLACEMENT_3D ( 'NONE', #732, #8361, #4591 ) ;
#7827 = DIRECTION ( 'NONE',  ( 2.891205793294680300E-016, 0.0000000000000000000, 1.000000000000000000 ) ) ;
#7828 = EDGE_CURVE ( 'NONE', #2808, #4865, #6032, .T. ) ;
#7829 = ORIENTED_EDGE ( 'NONE', *, *, #7340, .T. ) ;
#7830 = FACE_OUTER_BOUND ( 'NONE', #8670, .T. ) ;
#7831 = EDGE_CURVE ( 'NONE', #1808, #9665, #4034, .T. ) ;
#7832 = ORIENTED_EDGE ( 'NONE', *, *, #9730, .T. ) ;
#7833 = DIRECTION ( 'NONE',  ( 0.0000000000000000000, 0.0000000000000000000, 1.000000000000000000 ) ) ;
#7834 = VERTEX_POINT ( 'NONE', #2724 ) ;
#7835 = CIRCLE ( 'NONE', #5546, 0.2500000000000002200 ) ;
#7836 = ADVANCED_FACE ( 'NONE', ( #1073, #6847, #2811 ), #5718, .F. ) ;
#7837 = CARTESIAN_POINT ( 'NONE',  ( -5.000000000000000000, 5.500000000000000900, -19.75000000000000000 ) ) ;
#7838 = DIRECTION ( 'NONE',  ( -0.0000000000000000000, 0.0000000000000000000, 1.000000000000000000 ) ) ;
#7839 = ORIENTED_EDGE ( 'NONE', *, *, #4651, .T. ) ;
#7840 = VERTEX_POINT ( 'NONE', #3464 ) ;
#7841 = VERTEX_POINT ( 'NONE', #4218 ) ;
#7842 = CARTESIAN_POINT ( 'NONE',  ( -6.013633062505227200, 0.1035533905932757000, -20.00000000000000000 ) ) ;
#7843 = ORIENTED_EDGE ( 'NONE', *, *, #9124, .F. ) ;
#7844 = CIRCLE ( 'NONE', #9277, 0.2500000000000002200 ) ;
#7845 = ADVANCED_FACE ( 'NONE', ( #9802, #1781 ), #3427, .F. ) ;
#7846 = DIRECTION ( 'NONE',  ( -1.000000000000000000, 0.0000000000000000000, 0.0000000000000000000 ) ) ;
#7847 = ORIENTED_EDGE ( 'NONE', *, *, #8716, .F. ) ;
#7848 = DIRECTION ( 'NONE',  ( -1.000000000000000000, 0.0000000000000000000, 0.0000000000000000000 ) ) ;
#7849 = ORIENTED_EDGE ( 'NONE', *, *, #6294, .T. ) ;
#7850 = APPROVAL_ROLE ( '' ) ;
#7851 = EDGE_CURVE ( 'NONE', #6047, #5218, #254, .T. ) ;
#7852 = CIRCLE ( 'NONE', #8480, 4.750000000000000000 ) ;
#7853 = FACE_OUTER_BOUND ( 'NONE', #5345, .T. ) ;
#7854 = CARTESIAN_POINT ( 'NONE',  ( 4.853553390593274800, 7.146446609406734900, -9.624999999999998200 ) ) ;
#7855 = EDGE_CURVE ( 'NONE', #2282, #2953, #829, .T. ) ;
#7856 = CARTESIAN_POINT ( 'NONE',  ( -5.749999999999996400, 0.0000000000000000000, -0.1250000000000001100 ) ) ;
#7857 = AXIS2_PLACEMENT_3D ( 'NONE', #6475, #5712, #6388 ) ;
#7858 = ORIENTED_EDGE ( 'NONE', *, *, #1594, .T. ) ;
#7859 = ORIENTED_EDGE ( 'NONE', *, *, #353, .F. ) ;
#7860 = DIRECTION ( 'NONE',  ( 0.0000000000000000000, 0.0000000000000000000, 1.000000000000000000 ) ) ;
#7861 = FACE_OUTER_BOUND ( 'NONE', #2041, .T. ) ;
#7862 = CARTESIAN_POINT ( 'NONE',  ( -12.50000000000002700, 5.467267279399611500, -12.50000000000000000 ) ) ;
#7863 = ORIENTED_EDGE ( 'NONE', *, *, #1573, .F. ) ;
#7864 = CARTESIAN_POINT ( 'NONE',  ( -5.903882009040904300, 0.2433412231059214900, 0.07202874737848309600 ) ) ;
#7865 = DIRECTION ( 'NONE',  ( -1.000000000000000000, 0.0000000000000000000, 0.0000000000000000000 ) ) ;
#7866 = CIRCLE ( 'NONE', #518, 0.5000000000000004400 ) ;
#7867 = AXIS2_PLACEMENT_3D ( 'NONE', #7507, #8269, #9626 ) ;
#7868 = EDGE_CURVE ( 'NONE', #2603, #5869, #8636, .T. ) ;
#7869 = ORIENTED_EDGE ( 'NONE', *, *, #7627, .T. ) ;
#7870 = DIRECTION ( 'NONE',  ( 0.0000000000000000000, -0.0000000000000000000, -1.000000000000000000 ) ) ;
#7871 = FACE_OUTER_BOUND ( 'NONE', #5061, .T. ) ;
#7872 = DIRECTION ( 'NONE',  ( -0.0000000000000000000, 0.0000000000000000000, 1.000000000000000000 ) ) ;
#7873 = AXIS2_PLACEMENT_3D ( 'NONE', #1082, #2589, #8646 ) ;
#7874 = ORIENTED_EDGE ( 'NONE', *, *, #8097, .F. ) ;
#7875 = EDGE_CURVE ( 'NONE', #7670, #8781, #7576, .T. ) ;
#7876 = CARTESIAN_POINT ( 'NONE',  ( -4.101061471818665500, 0.7500000000000001100, -19.75000000000000000 ) ) ;
#7877 = FACE_OUTER_BOUND ( 'NONE', #6737, .T. ) ;
#7878 = EDGE_CURVE ( 'NONE', #8759, #6047, #5311, .T. ) ;
#7879 = CARTESIAN_POINT ( 'NONE',  ( -4.750000000000000000, 6.792893218813454800, 9.750000000000000000 ) ) ;
#7880 = VECTOR ( 'NONE', #3668, 1000.000000000000000 ) ;
#7881 = CARTESIAN_POINT ( 'NONE',  ( -4.500000000000000900, 6.792893218813454800, -9.999999999999998200 ) ) ;
#7882 = ADVANCED_FACE ( 'NONE', ( #9357 ), #585, .T. ) ;
#7883 = EDGE_LOOP ( 'NONE', ( #4471, #1213, #1503, #5803 ) ) ;
#7884 = CIRCLE ( 'NONE', #7216, 0.2500000000000002200 ) ;
#7885 = EDGE_CURVE ( 'NONE', #9671, #6306, #9569, .T. ) ;
#7886 = ORIENTED_EDGE ( 'NONE', *, *, #6663, .F. ) ;
#7887 = CIRCLE ( 'NONE', #4623, 0.09999999999999939500 ) ;
#7888 = AXIS2_PLACEMENT_3D ( 'NONE', #7792, #270, #7833 ) ;
#7889 = EDGE_CURVE ( 'NONE', #8148, #6046, #4847, .T. ) ;
#7890 = CARTESIAN_POINT ( 'NONE',  ( 12.50000000000000000, 2.750000000000000900, -15.25000000000000000 ) ) ;
#7891 = EDGE_CURVE ( 'NONE', #8086, #6996, #8851, .T. ) ;
#7892 = CARTESIAN_POINT ( 'NONE',  ( -4.165766233094292800, 0.4914814565722678300, 0.3750000000000001100 ) ) ;
#7893 = DIRECTION ( 'NONE',  ( -0.0000000000000000000, -1.000000000000000000, 0.0000000000000000000 ) ) ;
#7894 = EDGE_LOOP ( 'NONE', ( #1777, #1295, #9575, #9497 ) ) ;
#7895 = LINE ( 'NONE', #2801, #4103 ) ;
#7896 = ORGANIZATION ( 'UNSPECIFIED', 'UNSPECIFIED', '' ) ;
#7897 = CARTESIAN_POINT ( 'NONE',  ( 5.849496439246698800, 0.2724863621184528400, 10.10992607228724800 ) ) ;
#7898 = DIRECTION ( 'NONE',  ( 0.0000000000000000000, -0.0000000000000000000, -1.000000000000000000 ) ) ;
#7899 = CARTESIAN_POINT ( 'NONE',  ( -5.823223304703362600, 5.823223304703362600, 19.75000000000000000 ) ) ;
#7900 = DIRECTION ( 'NONE',  ( 1.000000000000000000, 0.0000000000000000000, 0.0000000000000000000 ) ) ;
#7901 = VERTEX_POINT ( 'NONE', #1379 ) ;
#7902 = CYLINDRICAL_SURFACE ( 'NONE', #3094, 0.2500000000000000000 ) ;
#7903 = CIRCLE ( 'NONE', #6243, 0.2500000000000002200 ) ;
#7904 = PERSON_AND_ORGANIZATION_ROLE ( 'design_supplier' ) ;
#7905 = EDGE_LOOP ( 'NONE', ( #3849, #8830, #4688, #2826 ) ) ;
#7906 = ORIENTED_EDGE ( 'NONE', *, *, #2119, .F. ) ;
#7907 = DIRECTION ( 'NONE',  ( -1.224646799147353200E-016, 1.000000000000000000, 0.0000000000000000000 ) ) ;
#7908 = AXIS2_PLACEMENT_3D ( 'NONE', #7797, #3986, #4021 ) ;
#7909 = EDGE_LOOP ( 'NONE', ( #6833, #3649, #5675, #2392, #3796, #7682, #1329, #8659, #3326, #5364, #280, #2358, #6380 ) ) ;
#7910 = LINE ( 'NONE', #2517, #237 ) ;
#7911 = CIRCLE ( 'NONE', #84, 0.2500000000000002200 ) ;
#7912 = VERTEX_POINT ( 'NONE', #4344 ) ;
#7913 = CARTESIAN_POINT ( 'NONE',  ( -12.50000000000000000, 0.1000000000000000100, -12.50000000000000000 ) ) ;
#7914 = CARTESIAN_POINT ( 'NONE',  ( -3.146446609406730500, 8.853553390593271300, 20.00000000000000000 ) ) ;
#7915 = ORIENTED_EDGE ( 'NONE', *, *, #8817, .T. ) ;
#7916 = AXIS2_PLACEMENT_3D ( 'NONE', #1832, #6295, #9323 ) ;
#7917 = CARTESIAN_POINT ( 'NONE',  ( -19.29289321881348200, 4.999999999999962700, 20.00000000000000000 ) ) ;
#7918 = EDGE_CURVE ( 'NONE', #6365, #404, #1247, .T. ) ;
#7919 = DIRECTION ( 'NONE',  ( -1.000000000000000000, -0.0000000000000000000, -0.0000000000000000000 ) ) ;
#7920 = ORIENTED_EDGE ( 'NONE', *, *, #7129, .T. ) ;
#7921 = CARTESIAN_POINT ( 'NONE',  ( 12.50000000000000000, 0.0000000000000000000, -9.650000000000002100 ) ) ;
#7922 = CARTESIAN_POINT ( 'NONE',  ( -6.000000000000001800, -1.734725280734508100E-015, -10.18301270189221300 ) ) ;
#7923 = VERTEX_POINT ( 'NONE', #6549 ) ;
#7924 = AXIS2_PLACEMENT_3D ( 'NONE', #1753, #3116, #3225 ) ;
#7925 = ORIENTED_EDGE ( 'NONE', *, *, #7624, .F. ) ;
#7926 = CIRCLE ( 'NONE', #6820, 0.09999999999999982500 ) ;
#7927 = DIRECTION ( 'NONE',  ( 0.0000000000000000000, 0.0000000000000000000, -1.000000000000000000 ) ) ;
#7928 = LINE ( 'NONE', #3364, #5324 ) ;
#7929 = DIRECTION ( 'NONE',  ( -0.0000000000000000000, 0.0000000000000000000, 1.000000000000000000 ) ) ;
#7930 = ORIENTED_EDGE ( 'NONE', *, *, #7543, .T. ) ;
#7931 = LINE ( 'NONE', #21, #6624 ) ;
#7932 = AXIS2_PLACEMENT_3D ( 'NONE', #33, #1072, #5262 ) ;
#7933 = ORIENTED_EDGE ( 'NONE', *, *, #2446, .F. ) ;
#7934 = EDGE_CURVE ( 'NONE', #6404, #5478, #1552, .T. ) ;
#7935 = ADVANCED_FACE ( 'NONE', ( #5326 ), #8090, .T. ) ;
#7936 = CARTESIAN_POINT ( 'NONE',  ( -12.50000000000000000, 0.1000000000000000100, 15.35000000000000000 ) ) ;
#7937 = ORIENTED_EDGE ( 'NONE', *, *, #1074, .T. ) ;
#7938 = CIRCLE ( 'NONE', #4613, 0.2500000000000000600 ) ;
#7939 = CARTESIAN_POINT ( 'NONE',  ( 0.0000000000000000000, 0.5000000000000001100, 9.750000000000000000 ) ) ;
#7940 = ORIENTED_EDGE ( 'NONE', *, *, #476, .F. ) ;
#7941 = ORIENTED_EDGE ( 'NONE', *, *, #8175, .F. ) ;
#7942 = VERTEX_POINT ( 'NONE', #9638 ) ;
#7943 = DIRECTION ( 'NONE',  ( 0.7071067811865458000, 0.7071067811865493500, -1.226634733346703800E-015 ) ) ;
#7944 = AXIS2_PLACEMENT_3D ( 'NONE', #1406, #3679, #4430 ) ;
#7945 = EDGE_LOOP ( 'NONE', ( #961, #3088, #9058, #741 ) ) ;
#7946 = CIRCLE ( 'NONE', #8195, 0.5000000000000004400 ) ;
#7947 = AXIS2_PLACEMENT_3D ( 'NONE', #9779, #8365, #840 ) ;
#7948 = EDGE_CURVE ( 'NONE', #5493, #8475, #2015, .T. ) ;
#7949 = DIRECTION ( 'NONE',  ( -1.000000000000000000, 0.0000000000000000000, 0.0000000000000000000 ) ) ;
#7950 = CARTESIAN_POINT ( 'NONE',  ( 19.29289321881344700, 5.000000000000010700, 19.75000000000000000 ) ) ;
#7951 = DIRECTION ( 'NONE',  ( 0.0000000000000000000, 0.0000000000000000000, -1.000000000000000000 ) ) ;
#7952 = EDGE_CURVE ( 'NONE', #9262, #4141, #4020, .T. ) ;
#7953 = ORIENTED_EDGE ( 'NONE', *, *, #2257, .T. ) ;
#7954 = DIRECTION ( 'NONE',  ( -0.9659258262890700900, 0.2588190451025143000, -0.0000000000000000000 ) ) ;
#7955 = VERTEX_POINT ( 'NONE', #4284 ) ;
#7956 = VERTEX_POINT ( 'NONE', #629 ) ;
#7957 = EDGE_LOOP ( 'NONE', ( #5175, #5085, #2813, #7360 ) ) ;
#7958 = LINE ( 'NONE', #4144, #7591 ) ;
#7959 = DIRECTION ( 'NONE',  ( -0.0000000000000000000, -1.000000000000000000, 0.0000000000000000000 ) ) ;
#7960 = CARTESIAN_POINT ( 'NONE',  ( 1.330407161568939100E-016, 5.499999999999998200, 0.2249999999999995100 ) ) ;
#7961 = CARTESIAN_POINT ( 'NONE',  ( -4.750000000000000000, 5.750000000000000000, -19.75000000000000000 ) ) ;
#7962 = DIRECTION ( 'NONE',  ( 0.0000000000000000000, -1.000000000000000000, 0.0000000000000000000 ) ) ;
#7963 = ORIENTED_EDGE ( 'NONE', *, *, #9587, .F. ) ;
#7964 = VERTEX_POINT ( 'NONE', #8024 ) ;
#7965 = CARTESIAN_POINT ( 'NONE',  ( 4.500000000000002700, 6.792893218813461900, -19.75000000000000000 ) ) ;
#7966 = LINE ( 'NONE', #213, #3221 ) ;
#7967 = CYLINDRICAL_SURFACE ( 'NONE', #7233, 0.2499999999999997200 ) ;
#7968 = CARTESIAN_POINT ( 'NONE',  ( -4.750000000000000000, 5.750000000000000000, 0.1250000000000001100 ) ) ;
#7969 = ORIENTED_EDGE ( 'NONE', *, *, #3642, .T. ) ;
#7970 = AXIS2_PLACEMENT_3D ( 'NONE', #8466, #2414, #6288 ) ;
#7971 = CARTESIAN_POINT ( 'NONE',  ( -6.249999999999997300, 5.499999999999997300, 10.25000000000000000 ) ) ;
#7972 = DIRECTION ( 'NONE',  ( -0.0000000000000000000, -1.000000000000000000, -0.0000000000000000000 ) ) ;
#7973 = LINE ( 'NONE', #7222, #2979 ) ;
#7974 = AXIS2_PLACEMENT_3D ( 'NONE', #8960, #7515, #678 ) ;
#7975 = ORIENTED_EDGE ( 'NONE', *, *, #5904, .T. ) ;
#7976 = DIRECTION ( 'NONE',  ( 1.000000000000000000, 0.0000000000000000000, 0.0000000000000000000 ) ) ;
#7977 = ORIENTED_EDGE ( 'NONE', *, *, #9195, .F. ) ;
#7978 = CARTESIAN_POINT ( 'NONE',  ( 19.75000000000000400, 0.0000000000000000000, -20.00000000000000000 ) ) ;
#7979 = DIRECTION ( 'NONE',  ( 0.0000000000000000000, -1.000000000000000000, 0.0000000000000000000 ) ) ;
#7980 = ADVANCED_FACE ( 'NONE', ( #8034 ), #8867, .T. ) ;
#7981 = CYLINDRICAL_SURFACE ( 'NONE', #5055, 0.2500000000000002200 ) ;
#7982 = AXIS2_PLACEMENT_3D ( 'NONE', #5248, #3757, #6002 ) ;
#7983 = VERTEX_POINT ( 'NONE', #593 ) ;
#7984 = AXIS2_PLACEMENT_3D ( 'NONE', #907, #6666, #8407 ) ;
#7985 = EDGE_CURVE ( 'NONE', #9768, #2747, #136, .T. ) ;
#7986 = CIRCLE ( 'NONE', #7153, 0.2500000000000002200 ) ;
#7987 = DIRECTION ( 'NONE',  ( -0.0000000000000000000, -0.0000000000000000000, -1.000000000000000000 ) ) ;
#7988 = DIRECTION ( 'NONE',  ( -0.0000000000000000000, 1.000000000000000000, -0.0000000000000000000 ) ) ;
#7989 = VERTEX_POINT ( 'NONE', #7342 ) ;
#7990 = CARTESIAN_POINT ( 'NONE',  ( -6.249999999999996400, 0.2500000000000002200, 10.25000000000000000 ) ) ;
#7991 = LINE ( 'NONE', #206, #1373 ) ;
#7992 = CARTESIAN_POINT ( 'NONE',  ( -4.500000000000000900, 6.792893218813454800, -9.624999999999998200 ) ) ;
#7993 = CARTESIAN_POINT ( 'NONE',  ( 0.0000000000000000000, 0.0000000000000000000, -20.00000000000000000 ) ) ;
#7994 = CIRCLE ( 'NONE', #5824, 0.5000000000000004400 ) ;
#7995 = EDGE_CURVE ( 'NONE', #5425, #8420, #6397, .T. ) ;
#7996 = DIRECTION ( 'NONE',  ( -0.0000000000000000000, -1.000000000000000000, -0.0000000000000000000 ) ) ;
#7997 = EDGE_CURVE ( 'NONE', #221, #1810, #2825, .T. ) ;
#7998 = CARTESIAN_POINT ( 'NONE',  ( -4.750000000000000900, 6.792893218813454800, -0.2500000000000000000 ) ) ;
#7999 = ORIENTED_EDGE ( 'NONE', *, *, #1482, .F. ) ;
#8000 = LINE ( 'NONE', #2669, #7300 ) ;
#8001 = DIRECTION ( 'NONE',  ( -1.000000000000000000, -7.155734338404323000E-015, 0.0000000000000000000 ) ) ;
#8002 = CARTESIAN_POINT ( 'NONE',  ( -1.323223304703363700, 10.32322330470336300, 10.37500000000000000 ) ) ;
#8003 = DIRECTION ( 'NONE',  ( 1.000000000000000000, 0.0000000000000000000, 0.0000000000000000000 ) ) ;
#8004 = CARTESIAN_POINT ( 'NONE',  ( 12.50000000000000500, 5.400000000000003900, -12.50000000000000000 ) ) ;
#8005 = VERTEX_POINT ( 'NONE', #3686 ) ;
#8006 = VECTOR ( 'NONE', #8232, 1000.000000000000000 ) ;
#8007 = FACE_OUTER_BOUND ( 'NONE', #4292, .T. ) ;
#8008 = LINE ( 'NONE', #8885, #1993 ) ;
#8009 = DIRECTION ( 'NONE',  ( 1.000000000000000000, 0.0000000000000000000, 0.0000000000000000000 ) ) ;
#8010 = B_SPLINE_CURVE_WITH_KNOTS ( 'NONE', 3,
 ( #7653, #9167, #9030, #4507, #5270, #752, #6029 ),
 .UNSPECIFIED., .F., .F.,
 ( 4, 3, 4 ),
 ( 1.220567334045992600E-018, 2.164174277804606600E-005, 3.840750802515140000E-005 ),
 .UNSPECIFIED. ) ;
#8011 = CARTESIAN_POINT ( 'NONE',  ( -1.431146867680864300E-014, 5.500000000000013300, 9.750000000000000000 ) ) ;
#8012 = VERTEX_POINT ( 'NONE', #2779 ) ;
#8013 = CIRCLE ( 'NONE', #1846, 0.2500000000000002200 ) ;
#8014 = FACE_OUTER_BOUND ( 'NONE', #846, .T. ) ;
#8015 = AXIS2_PLACEMENT_3D ( 'NONE', #5171, #3691, #7499 ) ;
#8016 = DIRECTION ( 'NONE',  ( -0.7071067811865491300, 0.7071067811865460200, 0.0000000000000000000 ) ) ;
#8017 = ORIENTED_EDGE ( 'NONE', *, *, #5214, .T. ) ;
#8018 = CARTESIAN_POINT ( 'NONE',  ( 5.750000000000003600, 0.3258063432102991700, 2.168404344971008900E-016 ) ) ;
#8019 = ORIENTED_EDGE ( 'NONE', *, *, #7855, .T. ) ;
#8020 = ADVANCED_FACE ( 'NONE', ( #4959 ), #3298, .T. ) ;
#8021 = DIRECTION ( 'NONE',  ( 0.0000000000000000000, 0.0000000000000000000, -1.000000000000000000 ) ) ;
#8022 = EDGE_CURVE ( 'NONE', #3071, #226, #844, .T. ) ;
#8023 = DIRECTION ( 'NONE',  ( 0.0000000000000000000, 0.0000000000000000000, -1.000000000000000000 ) ) ;
#8024 = CARTESIAN_POINT ( 'NONE',  ( -5.249999999999998200, 5.249999999999999100, -20.00000000000000000 ) ) ;
#8025 = ORIENTED_EDGE ( 'NONE', *, *, #9365, .T. ) ;
#8026 = VECTOR ( 'NONE', #1433, 1000.000000000000000 ) ;
#8027 = CIRCLE ( 'NONE', #2614, 0.2500000000000002200 ) ;
#8028 = CARTESIAN_POINT ( 'NONE',  ( -5.749999999999996400, 5.249999999999998200, 9.750000000000000000 ) ) ;
#8029 = ORIENTED_EDGE ( 'NONE', *, *, #5924, .T. ) ;
#8030 = CARTESIAN_POINT ( 'NONE',  ( -4.101061471818665500, 0.7500000000000001100, -10.24999999999999800 ) ) ;
#8031 = ORIENTED_EDGE ( 'NONE', *, *, #2829, .F. ) ;
#8032 = DIRECTION ( 'NONE',  ( 0.0000000000000000000, 0.0000000000000000000, 1.000000000000000000 ) ) ;
#8033 = AXIS2_PLACEMENT_3D ( 'NONE', #2157, #7414, #7449 ) ;
#8034 = FACE_OUTER_BOUND ( 'NONE', #2596, .T. ) ;
#8035 = DIRECTION ( 'NONE',  ( -0.7071067811865490200, 0.7071067811865460200, -0.0000000000000000000 ) ) ;
#8036 = EDGE_LOOP ( 'NONE', ( #9549, #4843, #5238, #486 ) ) ;
#8037 = FACE_OUTER_BOUND ( 'NONE', #4330, .T. ) ;
#8038 = DIRECTION ( 'NONE',  ( 1.000000000000000000, 0.0000000000000000000, 0.0000000000000000000 ) ) ;
#8039 = CARTESIAN_POINT ( 'NONE',  ( 6.250000000000003600, 0.2500000000000000000, -19.75000000000000000 ) ) ;
#8040 = EDGE_LOOP ( 'NONE', ( #2048, #5789, #980, #6606 ) ) ;
#8041 = AXIS2_PLACEMENT_3D ( 'NONE', #5484, #3929, #241 ) ;
#8042 = EDGE_LOOP ( 'NONE', ( #1898, #4484, #1921, #2155 ) ) ;
#8043 = EDGE_CURVE ( 'NONE', #8964, #8005, #8529, .T. ) ;
#8044 = CIRCLE ( 'NONE', #4105, 0.2500000000000000000 ) ;
#8045 = CARTESIAN_POINT ( 'NONE',  ( -12.50000000000000000, 2.778606591926445500, -9.723994007339596700 ) ) ;
#8046 = DIRECTION ( 'NONE',  ( 0.0000000000000000000, 0.0000000000000000000, 1.000000000000000000 ) ) ;
#8047 = ORIENTED_EDGE ( 'NONE', *, *, #5214, .F. ) ;
#8048 = CYLINDRICAL_SURFACE ( 'NONE', #648, 0.2500000000000002200 ) ;
#8049 = AXIS2_PLACEMENT_3D ( 'NONE', #1856, #1036, #7137 ) ;
#8050 = ORIENTED_EDGE ( 'NONE', *, *, #1029, .T. ) ;
#8051 = CARTESIAN_POINT ( 'NONE',  ( -4.101061471818665500, 0.5000000000000001100, 9.750000000000000000 ) ) ;
#8052 = EDGE_LOOP ( 'NONE', ( #9255, #6577, #3682, #521, #7537 ) ) ;
#8053 = LINE ( 'NONE', #6015, #2140 ) ;
#8054 = CARTESIAN_POINT ( 'NONE',  ( -12.50000000000000000, 2.711339312526813900, -12.50000000000000000 ) ) ;
#8055 = AXIS2_PLACEMENT_3D ( 'NONE', #9426, #323, #6273 ) ;
#8056 = DIRECTION ( 'NONE',  ( 0.9659258262890697600, -0.2588190451025158000, 0.0000000000000000000 ) ) ;
#8057 = EDGE_CURVE ( 'NONE', #166, #2561, #5195, .T. ) ;
#8058 = DIRECTION ( 'NONE',  ( 1.000000000000000000, 8.307675917577599100E-016, 0.0000000000000000000 ) ) ;
#8059 = VERTEX_POINT ( 'NONE', #755 ) ;
#8060 = ORIENTED_EDGE ( 'NONE', *, *, #4891, .F. ) ;
#8061 = CARTESIAN_POINT ( 'NONE',  ( -2.100000000000000100, 5.499999999999998200, 0.1249999999999998200 ) ) ;
#8062 = ORIENTED_EDGE ( 'NONE', *, *, #9518, .F. ) ;
#8063 = ORIENTED_EDGE ( 'NONE', *, *, #526, .F. ) ;
#8064 = CIRCLE ( 'NONE', #2056, 0.09999999999999939500 ) ;
#8065 = CARTESIAN_POINT ( 'NONE',  ( -4.750000000000000000, 5.500000000000000900, 20.00000000000000000 ) ) ;
#8066 = CARTESIAN_POINT ( 'NONE',  ( -5.000000000000000000, 5.750000000000000000, 0.3750000000000003300 ) ) ;
#8067 = DIRECTION ( 'NONE',  ( -1.000000000000000000, 0.0000000000000000000, 0.0000000000000000000 ) ) ;
#8069 = ORIENTED_EDGE ( 'NONE', *, *, #8815, .F. ) ;
#8068 = EDGE_CURVE ( 'NONE', #801, #3043, #3453, .T. ) ;
#8070 = ORIENTED_EDGE ( 'NONE', *, *, #8321, .F. ) ;
#8071 = AXIS2_PLACEMENT_3D ( 'NONE', #5024, #6678, #5865 ) ;
#8072 = VECTOR ( 'NONE', #7987, 1000.000000000000000 ) ;
#8073 = EDGE_CURVE ( 'NONE', #1555, #7679, #5682, .T. ) ;
#8074 = CYLINDRICAL_SURFACE ( 'NONE', #4201, 0.2500000000000002200 ) ;
#8075 = DIRECTION ( 'NONE',  ( 0.0000000000000000000, 0.0000000000000000000, -1.000000000000000000 ) ) ;
#8076 = CARTESIAN_POINT ( 'NONE',  ( -5.249999999999999100, 5.500000000000000000, -19.75000000000000000 ) ) ;
#8077 = EDGE_CURVE ( 'NONE', #9731, #2610, #4741, .T. ) ;
#8078 = CC_DESIGN_SECURITY_CLASSIFICATION ( #428, ( #3504 ) ) ;
#8079 = ADVANCED_FACE ( 'NONE', ( #3910 ), #9295, .T. ) ;
#8080 = CARTESIAN_POINT ( 'NONE',  ( -12.50000000000000000, 2.711339312526813900, -12.50000000000000000 ) ) ;
#8081 = ORIENTED_EDGE ( 'NONE', *, *, #4852, .T. ) ;
#8082 = ORIENTED_EDGE ( 'NONE', *, *, #6100, .T. ) ;
#8083 = CARTESIAN_POINT ( 'NONE',  ( 0.0000000000000000000, 0.7500000000000006700, 10.37500000000000000 ) ) ;
#8084 = TOROIDAL_SURFACE ( 'NONE', #5002, 0.2500000000000000000, 0.2500000000000000000 ) ;
#8085 = B_SPLINE_CURVE_WITH_KNOTS ( 'NONE', 3,
 ( #4529, #1496, #6089, #704, #6808, #5981, #2214 ),
 .UNSPECIFIED., .F., .F.,
 ( 4, 3, 4 ),
 ( 0.0000000000000000000, 2.150758287828685500E-005, 3.827315050610752700E-005 ),
 .UNSPECIFIED. ) ;
#8086 = VERTEX_POINT ( 'NONE', #8935 ) ;
#8087 = CARTESIAN_POINT ( 'NONE',  ( -4.500000000000000900, 6.792893218813454800, -19.75000000000000000 ) ) ;
#8088 = VECTOR ( 'NONE', #4211, 999.9999999999998900 ) ;
#8089 = DIRECTION ( 'NONE',  ( -1.734723475976795500E-015, -1.000000000000000000, 0.0000000000000000000 ) ) ;
#8090 = PLANE ( 'NONE',  #9573 ) ;
#8091 = AXIS2_PLACEMENT_3D ( 'NONE', #4455, #7578, #3769 ) ;
#8092 = CARTESIAN_POINT ( 'NONE',  ( 5.250000000000000000, 5.499999999999998200, 19.75000000000000000 ) ) ;
#8093 = ORIENTED_EDGE ( 'NONE', *, *, #8194, .T. ) ;
#8094 = CARTESIAN_POINT ( 'NONE',  ( 1.323223304703357900, 10.32322330470336300, 0.3750000000000001100 ) ) ;
#8095 = CIRCLE ( 'NONE', #4061, 2.749999999999999100 ) ;
#8096 = AXIS2_PLACEMENT_3D ( 'NONE', #5525, #4892, #3294 ) ;
#8097 = EDGE_CURVE ( 'NONE', #1396, #473, #1313, .T. ) ;
#8098 = CARTESIAN_POINT ( 'NONE',  ( -5.893211169802991200, 0.1319926310135619800, -9.980909302572289500 ) ) ;
#8099 = CARTESIAN_POINT ( 'NONE',  ( 6.000000000000003600, 0.2500000000000000000, 0.2500000000000002200 ) ) ;
#8100 = VERTEX_POINT ( 'NONE', #682 ) ;
#8101 = CARTESIAN_POINT ( 'NONE',  ( 19.50000000000000400, 4.792893218813453900, 20.00000000000000000 ) ) ;
#8102 = DIRECTION ( 'NONE',  ( 0.0000000000000000000, 0.0000000000000000000, -1.000000000000000000 ) ) ;
#8103 = ORIENTED_EDGE ( 'NONE', *, *, #4148, .F. ) ;
#8104 = FACE_OUTER_BOUND ( 'NONE', #2355, .T. ) ;
#8105 = AXIS2_PLACEMENT_3D ( 'NONE', #1219, #1978, #8009 ) ;
#8106 = DIRECTION ( 'NONE',  ( -0.0000000000000000000, 0.0000000000000000000, -1.000000000000000000 ) ) ;
#8107 = LINE ( 'NONE', #8982, #4200 ) ;
#8108 = DIRECTION ( 'NONE',  ( -0.7071067811865492400, 0.7071067811865458000, 0.0000000000000000000 ) ) ;
#8109 = DIRECTION ( 'NONE',  ( 0.0000000000000000000, 0.0000000000000000000, -1.000000000000000000 ) ) ;
#8110 = EDGE_CURVE ( 'NONE', #3069, #7989, #6509, .T. ) ;
#8111 = DIRECTION ( 'NONE',  ( -0.0000000000000000000, -0.0000000000000000000, 1.000000000000000000 ) ) ;
#8112 = ORIENTED_EDGE ( 'NONE', *, *, #2954, .F. ) ;
#8113 = ORIENTED_EDGE ( 'NONE', *, *, #32, .F. ) ;
#8114 = CIRCLE ( 'NONE', #9614, 2.749999999999999100 ) ;
#8115 = DIRECTION ( 'NONE',  ( 0.0000000000000000000, 0.0000000000000000000, -1.000000000000000000 ) ) ;
#8116 = ADVANCED_FACE ( 'NONE', ( #9103 ), #4058, .F. ) ;
#8117 = DIRECTION ( 'NONE',  ( -0.0000000000000000000, -0.0000000000000000000, -1.000000000000000000 ) ) ;
#8118 = DIRECTION ( 'NONE',  ( 0.0000000000000000000, 0.0000000000000000000, 1.000000000000000000 ) ) ;
#8119 = ORIENTED_EDGE ( 'NONE', *, *, #1126, .F. ) ;
#8120 = FACE_OUTER_BOUND ( 'NONE', #1312, .T. ) ;
#8121 = LOCAL_TIME ( 10, 22, 12.00000000000000000, #2897 ) ;
#8122 = AXIS2_PLACEMENT_3D ( 'NONE', #9746, #2122, #695 ) ;
#8123 = AXIS2_PLACEMENT_3D ( 'NONE', #8923, #5149, #8856 ) ;
#8124 = CARTESIAN_POINT ( 'NONE',  ( 5.750000000000003600, 5.499999999999999100, -9.624999999999998200 ) ) ;
#8125 = EDGE_CURVE ( 'NONE', #6337, #801, #2705, .T. ) ;
#8126 = CARTESIAN_POINT ( 'NONE',  ( 5.860203337588422400, 0.2667485526244144400, 10.10614235671100800 ) ) ;
#8127 = EDGE_CURVE ( 'NONE', #6551, #1181, #5086, .T. ) ;
#8128 = DIRECTION ( 'NONE',  ( 0.9659258262890700900, -0.2588190451025143000, 0.0000000000000000000 ) ) ;
#8129 = ORIENTED_EDGE ( 'NONE', *, *, #3717, .T. ) ;
#8130 = VECTOR ( 'NONE', #4540, 1000.000000000000000 ) ;
#8131 = CIRCLE ( 'NONE', #6604, 5.294236988611990200 ) ;
#8132 = CARTESIAN_POINT ( 'NONE',  ( 2.792893218813457400, 8.499999999999998200, 20.00000000000000000 ) ) ;
#8133 = EDGE_LOOP ( 'NONE', ( #1889, #2616, #6427, #2977 ) ) ;
#8134 = CARTESIAN_POINT ( 'NONE',  ( -4.750000000000000900, 6.792893218813454800, -19.75000000000000000 ) ) ;
#8135 = DIRECTION ( 'NONE',  ( -1.000000000000000000, -3.469446951953611000E-015, 0.0000000000000000000 ) ) ;
#8136 = DIRECTION ( 'NONE',  ( -0.7071067811865492400, 0.7071067811865458000, 0.0000000000000000000 ) ) ;
#8137 = ORIENTED_EDGE ( 'NONE', *, *, #6856, .T. ) ;
#8138 = CARTESIAN_POINT ( 'NONE',  ( -5.929039484401021000, 0.04174514199130731400, 9.949929257526219900 ) ) ;
#8139 = ORIENTED_EDGE ( 'NONE', *, *, #7878, .T. ) ;
#8140 = CIRCLE ( 'NONE', #6218, 0.2500000000000002200 ) ;
#8141 = CIRCLE ( 'NONE', #535, 0.2499999999999997200 ) ;
#8142 = CARTESIAN_POINT ( 'NONE',  ( 4.500000000000002700, 6.792893218813461900, -9.624999999999998200 ) ) ;
#8143 = ORIENTED_EDGE ( 'NONE', *, *, #748, .F. ) ;
#8144 = ORIENTED_EDGE ( 'NONE', *, *, #7170, .T. ) ;
#8145 = DIRECTION ( 'NONE',  ( -0.0000000000000000000, -0.0000000000000000000, -1.000000000000000000 ) ) ;
#8146 = CYLINDRICAL_SURFACE ( 'NONE', #1729, 0.2500000000000000000 ) ;
#8147 = AXIS2_PLACEMENT_3D ( 'NONE', #4793, #8496, #7741 ) ;
#8148 = VERTEX_POINT ( 'NONE', #711 ) ;
#8149 = LINE ( 'NONE', #8167, #7336 ) ;
#8150 = CARTESIAN_POINT ( 'NONE',  ( -4.853553390593274000, 7.146446609406727800, 9.750000000000000000 ) ) ;
#8151 = ORIENTED_EDGE ( 'NONE', *, *, #6471, .T. ) ;
#8152 = DIRECTION ( 'NONE',  ( 0.0000000000000000000, 0.0000000000000000000, -1.000000000000000000 ) ) ;
#8153 = DIRECTION ( 'NONE',  ( -0.0000000000000000000, -0.0000000000000000000, -1.000000000000000000 ) ) ;
#8154 = DIRECTION ( 'NONE',  ( -0.7071067811865490200, 0.7071067811865460200, 2.044391222244504500E-016 ) ) ;
#8155 = EDGE_LOOP ( 'NONE', ( #646, #3219, #2250, #7356 ) ) ;
#8156 = FACE_OUTER_BOUND ( 'NONE', #4754, .T. ) ;
#8157 = AXIS2_PLACEMENT_3D ( 'NONE', #9663, #1350, #3557 ) ;
#8158 = CIRCLE ( 'NONE', #5456, 0.4999999999999995600 ) ;
#8159 = DIRECTION ( 'NONE',  ( 0.0000000000000000000, 0.0000000000000000000, 1.000000000000000000 ) ) ;
#8160 = VERTEX_POINT ( 'NONE', #8310 ) ;
#8161 = VECTOR ( 'NONE', #959, 1000.000000000000100 ) ;
#8162 = ORIENTED_EDGE ( 'NONE', *, *, #1331, .F. ) ;
#8163 = CARTESIAN_POINT ( 'NONE',  ( 2.792893218813457400, 8.499999999999998200, 10.00000000000000000 ) ) ;
#8164 = AXIS2_PLACEMENT_3D ( 'NONE', #8573, #189, #1794 ) ;
#8165 = ORIENTED_EDGE ( 'NONE', *, *, #2473, .T. ) ;
#8166 = FACE_OUTER_BOUND ( 'NONE', #6664, .T. ) ;
#8167 = CARTESIAN_POINT ( 'NONE',  ( -5.999999999999996400, 5.499999999999994700, -9.749999999999998200 ) ) ;
#8168 = CARTESIAN_POINT ( 'NONE',  ( 4.101061471818666400, 0.5000000000000001100, 10.37500000000000000 ) ) ;
#8169 = CARTESIAN_POINT ( 'NONE',  ( 4.676776695296639200, 6.969669914110098400, -0.2500000000000000000 ) ) ;
#8170 = ADVANCED_FACE ( 'NONE', ( #4619 ), #7221, .T. ) ;
#8171 = ORIENTED_EDGE ( 'NONE', *, *, #3633, .F. ) ;
#8172 = AXIS2_PLACEMENT_3D ( 'NONE', #8527, #5411, #3987 ) ;
#8173 = ORIENTED_EDGE ( 'NONE', *, *, #7381, .T. ) ;
#8174 = EDGE_LOOP ( 'NONE', ( #8900, #297, #4887, #2235 ) ) ;
#8175 = EDGE_CURVE ( 'NONE', #7568, #4147, #7697, .T. ) ;
#8176 = ORIENTED_EDGE ( 'NONE', *, *, #1288, .F. ) ;
#8177 = LINE ( 'NONE', #4685, #4873 ) ;
#8178 = CARTESIAN_POINT ( 'NONE',  ( 0.0000000000000000000, 0.5000000000000001100, 19.75000000000000000 ) ) ;
#8179 = CARTESIAN_POINT ( 'NONE',  ( 6.250000000000003600, 0.0000000000000000000, 20.00000000000000000 ) ) ;
#8180 = ORIENTED_EDGE ( 'NONE', *, *, #8393, .F. ) ;
#8181 = ORIENTED_EDGE ( 'NONE', *, *, #5359, .F. ) ;
#8182 = ORIENTED_EDGE ( 'NONE', *, *, #2500, .T. ) ;
#8183 = VERTEX_POINT ( 'NONE', #8993 ) ;
#8184 = FACE_OUTER_BOUND ( 'NONE', #4803, .T. ) ;
#8185 = AXIS2_PLACEMENT_3D ( 'NONE', #1108, #2642, #468 ) ;
#8186 = EDGE_CURVE ( 'NONE', #1642, #1283, #966, .T. ) ;
#8187 = CARTESIAN_POINT ( 'NONE',  ( 2.792893218813457400, 8.749999999999998200, -20.00000000000000000 ) ) ;
#8188 = EDGE_CURVE ( 'NONE', #1451, #2198, #3660, .T. ) ;
#8189 = ORIENTED_EDGE ( 'NONE', *, *, #7934, .T. ) ;
#8190 = EDGE_LOOP ( 'NONE', ( #4243, #581, #6625, #287 ) ) ;
#8191 = CARTESIAN_POINT ( 'NONE',  ( 19.85355339059327700, 5.146446609406726900, 20.00000000000000000 ) ) ;
#8192 = TOROIDAL_SURFACE ( 'NONE', #6706, 0.5000000000000000000, 0.2500000000000000000 ) ;
#8193 = DIRECTION ( 'NONE',  ( 1.734723475976795500E-015, 1.000000000000000000, -5.015442563508396600E-031 ) ) ;
#8194 = EDGE_CURVE ( 'NONE', #480, #3936, #3185, .T. ) ;
#8195 = AXIS2_PLACEMENT_3D ( 'NONE', #7325, #4361, #2800 ) ;
#8196 = ORIENTED_EDGE ( 'NONE', *, *, #4997, .T. ) ;
#8197 = DIRECTION ( 'NONE',  ( -1.000000000000000000, 0.0000000000000000000, 0.0000000000000000000 ) ) ;
#8198 = EDGE_CURVE ( 'NONE', #8774, #7350, #7931, .T. ) ;
#8199 = CARTESIAN_POINT ( 'NONE',  ( 5.989959552787908600, 0.002690329722128848500, 10.27145889539294800 ) ) ;
#8200 = CARTESIAN_POINT ( 'NONE',  ( -4.101061471818665500, 0.7500000000000001100, -20.00000000000000000 ) ) ;
#8201 = DIRECTION ( 'NONE',  ( -1.000000000000000000, 0.0000000000000000000, 0.0000000000000000000 ) ) ;
#8202 = CIRCLE ( 'NONE', #6307, 0.2500000000000002200 ) ;
#8203 = PLANE ( 'NONE',  #9041 ) ;
#8204 = VERTEX_POINT ( 'NONE', #4428 ) ;
#8205 = EDGE_CURVE ( 'NONE', #7798, #4145, #6156, .T. ) ;
#8206 = DIRECTION ( 'NONE',  ( -0.0000000000000000000, -0.0000000000000000000, 1.000000000000000000 ) ) ;
#8207 = VECTOR ( 'NONE', #9754, 1000.000000000000100 ) ;
#8208 = CARTESIAN_POINT ( 'NONE',  ( -4.676776695296637400, 6.969669914110092200, 0.3750000000000001100 ) ) ;
#8209 = EDGE_CURVE ( 'NONE', #2617, #9768, #1673, .T. ) ;
#8210 = ORIENTED_EDGE ( 'NONE', *, *, #1159, .F. ) ;
#8211 = DIRECTION ( 'NONE',  ( 0.0000000000000000000, 0.0000000000000000000, 1.000000000000000000 ) ) ;
#8212 = ADVANCED_FACE ( 'NONE', ( #4477 ), #4861, .F. ) ;
#8213 = CARTESIAN_POINT ( 'NONE',  ( 19.75000000000000400, 4.792893218813453900, -19.75000000000000000 ) ) ;
#8214 = DIRECTION ( 'NONE',  ( 1.000000000000000000, -3.469446951953614200E-015, 0.0000000000000000000 ) ) ;
#8215 = TOROIDAL_SURFACE ( 'NONE', #4110, 0.2500000000000000000, 0.2500000000000000000 ) ;
#8216 = AXIS2_PLACEMENT_3D ( 'NONE', #8094, #2785, #9519 ) ;
#8217 = CARTESIAN_POINT ( 'NONE',  ( -6.249999999999996400, 5.499999999999997300, 19.75000000000000000 ) ) ;
#8218 = DIRECTION ( 'NONE',  ( -0.0000000000000000000, -0.0000000000000000000, 1.000000000000000000 ) ) ;
#8219 = ORIENTED_EDGE ( 'NONE', *, *, #8707, .F. ) ;
#8220 = FACE_OUTER_BOUND ( 'NONE', #2511, .T. ) ;
#8221 = AXIS2_PLACEMENT_3D ( 'NONE', #3521, #8715, #6422 ) ;
#8222 = EDGE_CURVE ( 'NONE', #4334, #8403, #600, .T. ) ;
#8223 = CYLINDRICAL_SURFACE ( 'NONE', #757, 5.000000000000000000 ) ;
#8224 = DIRECTION ( 'NONE',  ( -0.0000000000000000000, -0.0000000000000000000, -1.000000000000000000 ) ) ;
#8225 = CARTESIAN_POINT ( 'NONE',  ( -6.249999999999996400, 5.249999999999996400, 20.00000000000000000 ) ) ;
#8226 = CARTESIAN_POINT ( 'NONE',  ( -5.749999999999996400, 5.249999999999998200, 0.3750000000000003300 ) ) ;
#8227 = DIRECTION ( 'NONE',  ( -1.000000000000000000, 0.0000000000000000000, 0.0000000000000000000 ) ) ;
#8228 = AXIS2_PLACEMENT_3D ( 'NONE', #7571, #5322, #72 ) ;
#8229 = CARTESIAN_POINT ( 'NONE',  ( 1.330407161568939100E-016, 5.499999999999998200, 10.22500000000000000 ) ) ;
#8230 = ORIENTED_EDGE ( 'NONE', *, *, #1960, .T. ) ;
#8231 = VECTOR ( 'NONE', #5876, 1000.000000000000100 ) ;
#8232 = DIRECTION ( 'NONE',  ( -0.0000000000000000000, 0.0000000000000000000, 1.000000000000000000 ) ) ;
#8233 = DIRECTION ( 'NONE',  ( -0.0000000000000000000, -0.0000000000000000000, 1.000000000000000000 ) ) ;
#8234 = AXIS2_PLACEMENT_3D ( 'NONE', #1644, #6953, #4782 ) ;
#8235 = DIRECTION ( 'NONE',  ( 0.0000000000000000000, 0.0000000000000000000, 1.000000000000000000 ) ) ;
#8236 = EDGE_CURVE ( 'NONE', #1251, #3585, #7108, .T. ) ;
#8237 = EDGE_LOOP ( 'NONE', ( #5399, #7750, #2137, #4842 ) ) ;
#8238 = CIRCLE ( 'NONE', #3990, 0.2500000000000002200 ) ;
#8239 = FACE_OUTER_BOUND ( 'NONE', #8556, .T. ) ;
#8240 = DIRECTION ( 'NONE',  ( 0.0000000000000000000, 0.0000000000000000000, -1.000000000000000000 ) ) ;
#8241 = CIRCLE ( 'NONE', #1635, 0.1000000000000002600 ) ;
#8242 = DIRECTION ( 'NONE',  ( 0.7071067811865487900, -0.7071067811865462400, 0.0000000000000000000 ) ) ;
#8243 = DIRECTION ( 'NONE',  ( 0.7071067811865432400, 0.7071067811865519000, 0.0000000000000000000 ) ) ;
#8244 = CARTESIAN_POINT ( 'NONE',  ( -19.67677669529663100, 4.969669914110094000, 19.75000000000000000 ) ) ;
#8245 = AXIS2_PLACEMENT_3D ( 'NONE', #1502, #1575, #2223 ) ;
#8246 = DIRECTION ( 'NONE',  ( 0.0000000000000000000, 0.0000000000000000000, -1.000000000000000000 ) ) ;
#8247 = EDGE_LOOP ( 'NONE', ( #8276, #4287 ) ) ;
#8248 = FACE_OUTER_BOUND ( 'NONE', #3671, .T. ) ;
#8249 = CYLINDRICAL_SURFACE ( 'NONE', #8939, 0.2500000000000003300 ) ;
#8250 = AXIS2_PLACEMENT_3D ( 'NONE', #3669, #4559, #6116 ) ;
#8251 = CARTESIAN_POINT ( 'NONE',  ( 4.500000000000002700, 6.792893218813461900, 9.750000000000000000 ) ) ;
#8252 = ORIENTED_EDGE ( 'NONE', *, *, #8357, .T. ) ;
#8253 = EDGE_CURVE ( 'NONE', #4664, #8012, #6984, .T. ) ;
#8254 = DIRECTION ( 'NONE',  ( 1.734723475976795500E-015, 1.000000000000000000, -0.0000000000000000000 ) ) ;
#8255 = EDGE_CURVE ( 'NONE', #5478, #5095, #6405, .T. ) ;
#8256 = ORIENTED_EDGE ( 'NONE', *, *, #4665, .F. ) ;
#8257 = CARTESIAN_POINT ( 'NONE',  ( -2.792893218813456500, 8.749999999999998200, 20.00000000000000000 ) ) ;
#8258 = DIRECTION ( 'NONE',  ( 1.000000000000000000, -3.469446951953611000E-015, 0.0000000000000000000 ) ) ;
#8259 = EDGE_LOOP ( 'NONE', ( #2613, #6500, #5198, #4564 ) ) ;
#8260 = CIRCLE ( 'NONE', #8429, 0.5000000000000004400 ) ;
#8261 = VECTOR ( 'NONE', #4556, 1000.000000000000000 ) ;
#8262 = CARTESIAN_POINT ( 'NONE',  ( -5.810746011251001000, 0.05071045344964871000, -10.00708509878877800 ) ) ;
#8263 = EDGE_LOOP ( 'NONE', ( #5642, #6158, #2904, #3291 ) ) ;
#8264 = ADVANCED_FACE ( 'NONE', ( #4146 ), #8338, .T. ) ;
#8265 = DIRECTION ( 'NONE',  ( -0.0000000000000000000, 1.000000000000000000, -0.0000000000000000000 ) ) ;
#8266 = ORIENTED_EDGE ( 'NONE', *, *, #7227, .F. ) ;
#8267 = CARTESIAN_POINT ( 'NONE',  ( -4.750000000000000000, 9.000000000000000000, 0.0000000000000000000 ) ) ;
#8268 = EDGE_LOOP ( 'NONE', ( #9691, #4968, #4441, #6862 ) ) ;
#8269 = DIRECTION ( 'NONE',  ( 1.000000000000000000, 0.0000000000000000000, 1.224646799147353200E-016 ) ) ;
#8270 = FACE_OUTER_BOUND ( 'NONE', #8483, .T. ) ;
#8271 = DIRECTION ( 'NONE',  ( -2.891205793294680300E-016, -0.0000000000000000000, -1.000000000000000000 ) ) ;
#8272 = ORIENTED_EDGE ( 'NONE', *, *, #7793, .F. ) ;
#8273 = CARTESIAN_POINT ( 'NONE',  ( 0.0000000000000000000, 8.749999999999998200, 10.37500000000000000 ) ) ;
#8274 = EDGE_LOOP ( 'NONE', ( #9092, #6385, #7874, #8929 ) ) ;
#8275 = DIRECTION ( 'NONE',  ( 1.000000000000000000, 0.0000000000000000000, 0.0000000000000000000 ) ) ;
#8276 = ORIENTED_EDGE ( 'NONE', *, *, #3729, .T. ) ;
#8277 = CIRCLE ( 'NONE', #6975, 2.749999999999999100 ) ;
#8278 = AXIS2_PLACEMENT_3D ( 'NONE', #536, #9492, #1292 ) ;
#8279 = DIRECTION ( 'NONE',  ( -0.0000000000000000000, -1.000000000000000000, -0.0000000000000000000 ) ) ;
#8280 = DIRECTION ( 'NONE',  ( 0.7071067811865475700, 0.7071067811865475700, 0.0000000000000000000 ) ) ;
#8281 = ORIENTED_EDGE ( 'NONE', *, *, #8989, .F. ) ;
#8282 = DIRECTION ( 'NONE',  ( 0.0000000000000000000, 0.0000000000000000000, 1.000000000000000000 ) ) ;
#8283 = VERTEX_POINT ( 'NONE', #3075 ) ;
#8284 = AXIS2_PLACEMENT_3D ( 'NONE', #1862, #4095, #2485 ) ;
#8285 = ORIENTED_EDGE ( 'NONE', *, *, #4832, .F. ) ;
#8286 = EDGE_CURVE ( 'NONE', #3890, #9325, #6673, .T. ) ;
#8287 = VECTOR ( 'NONE', #133, 1000.000000000000000 ) ;
#8288 = DIRECTION ( 'NONE',  ( 0.0000000000000000000, 0.0000000000000000000, 1.000000000000000000 ) ) ;
#8289 = CARTESIAN_POINT ( 'NONE',  ( -5.999999999999996400, 0.2500000000000002200, 20.00000000000000000 ) ) ;
#8290 = CARTESIAN_POINT ( 'NONE',  ( 2.969669914110094000, 8.676776695296634800, 0.1250000000000001100 ) ) ;
#8291 = ORIENTED_EDGE ( 'NONE', *, *, #3991, .F. ) ;
#8292 = ORIENTED_EDGE ( 'NONE', *, *, #6650, .F. ) ;
#8293 = AXIS2_PLACEMENT_3D ( 'NONE', #4185, #9382, #1826 ) ;
#8294 = ORIENTED_EDGE ( 'NONE', *, *, #2638, .F. ) ;
#8295 = CARTESIAN_POINT ( 'NONE',  ( -5.250000000000000000, 5.750000000000000000, -10.24999999999999800 ) ) ;
#8296 = ORIENTED_EDGE ( 'NONE', *, *, #4973, .F. ) ;
#8297 = CYLINDRICAL_SURFACE ( 'NONE', #8454, 0.2500000000000002200 ) ;
#8298 = CARTESIAN_POINT ( 'NONE',  ( 12.50000000000000000, 2.711339312526813900, -12.50000000000000000 ) ) ;
#8299 = AXIS2_PLACEMENT_3D ( 'NONE', #6115, #7669, #111 ) ;
#8300 = DIRECTION ( 'NONE',  ( 0.0000000000000000000, 0.0000000000000000000, 1.000000000000000000 ) ) ;
#8301 = EDGE_CURVE ( 'NONE', #6293, #9677, #372, .T. ) ;
#8302 = DIRECTION ( 'NONE',  ( 0.0000000000000000000, 0.0000000000000000000, 1.000000000000000000 ) ) ;
#8303 = ADVANCED_FACE ( 'NONE', ( #1086 ), #3141, .T. ) ;
#8304 = VERTEX_POINT ( 'NONE', #9234 ) ;
#8305 = VERTEX_POINT ( 'NONE', #4748 ) ;
#8306 = DIRECTION ( 'NONE',  ( -0.0000000000000000000, -0.0000000000000000000, -1.000000000000000000 ) ) ;
#8307 = CARTESIAN_POINT ( 'NONE',  ( -5.000000000000000000, 6.792893218813454800, 9.750000000000000000 ) ) ;
#8308 = CYLINDRICAL_SURFACE ( 'NONE', #2875, 0.5000000000000004400 ) ;
#8309 = LINE ( 'NONE', #2433, #6319 ) ;
#8310 = CARTESIAN_POINT ( 'NONE',  ( 4.853553390593274800, 7.146446609406734900, 0.3750000000000003300 ) ) ;
#8311 = CARTESIAN_POINT ( 'NONE',  ( -12.50000000000000000, 2.711339312526813900, 15.35000000000000000 ) ) ;
#8313 = ORIENTED_EDGE ( 'NONE', *, *, #2844, .T. ) ;
#8312 = AXIS2_PLACEMENT_3D ( 'NONE', #1907, #1118, #7178 ) ;
#8314 = ORIENTED_EDGE ( 'NONE', *, *, #1235, .T. ) ;
#8315 = AXIS2_PLACEMENT_3D ( 'NONE', #7813, #9292, #3264 ) ;
#8316 = EDGE_CURVE ( 'NONE', #8738, #7404, #8410, .T. ) ;
#8317 = ADVANCED_FACE ( 'NONE', ( #2376 ), #2136, .F. ) ;
#8318 = VECTOR ( 'NONE', #4857, 1000.000000000000000 ) ;
#8319 = DIRECTION ( 'NONE',  ( -1.000000000000000000, 0.0000000000000000000, 0.0000000000000000000 ) ) ;
#8320 = CARTESIAN_POINT ( 'NONE',  ( 4.750000000000000000, 5.499999999999998200, -10.24999999999999800 ) ) ;
#8321 = EDGE_CURVE ( 'NONE', #343, #7840, #7456, .T. ) ;
#8322 = CARTESIAN_POINT ( 'NONE',  ( 12.50000000000000000, 5.467267279399634600, -12.50000000000000000 ) ) ;
#8323 = CARTESIAN_POINT ( 'NONE',  ( -6.000000000000001800, -1.734725280734508100E-015, 9.816987298107784800 ) ) ;
#8324 = DIRECTION ( 'NONE',  ( -0.0000000000000000000, 1.000000000000000000, -0.0000000000000000000 ) ) ;
#8325 = ORIENTED_EDGE ( 'NONE', *, *, #5657, .T. ) ;
#8326 = CARTESIAN_POINT ( 'NONE',  ( 5.823223304703359000, 5.823223304703384800, -20.00000000000000000 ) ) ;
#8327 = CARTESIAN_POINT ( 'NONE',  ( -6.249999999999996400, 5.499999999999997300, -9.749999999999998200 ) ) ;
#8328 = CYLINDRICAL_SURFACE ( 'NONE', #75, 0.2500000000000002200 ) ;
#8329 = CARTESIAN_POINT ( 'NONE',  ( -2.969669914110094000, 8.676776695296634800, 20.00000000000000000 ) ) ;
#8330 = VERTEX_POINT ( 'NONE', #5436 ) ;
#8331 = CARTESIAN_POINT ( 'NONE',  ( 5.000000000000002700, 6.792893218813461000, 20.00000000000000000 ) ) ;
#8332 = CARTESIAN_POINT ( 'NONE',  ( 1.330407161568939100E-016, 5.499999999999998200, -10.10000000000000100 ) ) ;
#8333 = CIRCLE ( 'NONE', #4884, 0.2499999999999999700 ) ;
#8334 = DIRECTION ( 'NONE',  ( -0.0000000000000000000, -0.0000000000000000000, 1.000000000000000000 ) ) ;
#8335 = EDGE_CURVE ( 'NONE', #6974, #2131, #5923, .T. ) ;
#8336 = DIRECTION ( 'NONE',  ( -0.0000000000000000000, -0.0000000000000000000, -1.000000000000000000 ) ) ;
#8337 = ORIENTED_EDGE ( 'NONE', *, *, #7556, .T. ) ;
#8338 = PLANE ( 'NONE',  #1158 ) ;
#8339 = EDGE_CURVE ( 'NONE', #6275, #6274, #8974, .T. ) ;
#8340 = VECTOR ( 'NONE', #5368, 1000.000000000000000 ) ;
#8341 = VECTOR ( 'NONE', #2298, 1000.000000000000000 ) ;
#8342 = AXIS2_PLACEMENT_3D ( 'NONE', #3648, #8279, #8240 ) ;
#8343 = DIRECTION ( 'NONE',  ( -1.000000000000000000, 0.0000000000000000000, 0.0000000000000000000 ) ) ;
#8344 = DIRECTION ( 'NONE',  ( 0.0000000000000000000, 1.000000000000000000, -0.0000000000000000000 ) ) ;
#8345 = DIRECTION ( 'NONE',  ( 1.000000000000000000, 0.0000000000000000000, 0.0000000000000000000 ) ) ;
#8346 = DIRECTION ( 'NONE',  ( 0.9659258262890700900, -0.2588190451025143000, 0.0000000000000000000 ) ) ;
#8347 = ORIENTED_EDGE ( 'NONE', *, *, #3220, .T. ) ;
#8348 = ADVANCED_FACE ( 'NONE', ( #5447 ), #3424, .T. ) ;
#8349 = FACE_OUTER_BOUND ( 'NONE', #4629, .T. ) ;
#8350 = ORIENTED_EDGE ( 'NONE', *, *, #7159, .F. ) ;
#8351 = AXIS2_PLACEMENT_3D ( 'NONE', #1393, #5891, #5225 ) ;
#8352 = CIRCLE ( 'NONE', #8913, 0.5000000000000004400 ) ;
#8353 = CARTESIAN_POINT ( 'NONE',  ( -12.50000000000000000, 2.778606591926445500, 15.27600599266040300 ) ) ;
#8354 = CARTESIAN_POINT ( 'NONE',  ( 1.330407161568939100E-016, 5.499999999999998200, 20.00000000000000000 ) ) ;
#8355 = DIRECTION ( 'NONE',  ( -1.000000000000000000, 0.0000000000000000000, 0.0000000000000000000 ) ) ;
#8356 = AXIS2_PLACEMENT_3D ( 'NONE', #720, #2231, #9031 ) ;
#8357 = EDGE_CURVE ( 'NONE', #7005, #977, #4250, .T. ) ;
#8358 = CARTESIAN_POINT ( 'NONE',  ( -5.250000000000000000, 5.750000000000000000, 10.00000000000000000 ) ) ;
#8359 = EDGE_LOOP ( 'NONE', ( #4610, #4931, #7307, #3104 ) ) ;
#8360 = FACE_OUTER_BOUND ( 'NONE', #5588, .T. ) ;
#8361 = DIRECTION ( 'NONE',  ( 1.000000000000000000, 0.0000000000000000000, 1.224646799147353200E-016 ) ) ;
#8362 = CARTESIAN_POINT ( 'NONE',  ( -2.792893218813456500, 8.749999999999998200, 9.750000000000000000 ) ) ;
#8363 = DIRECTION ( 'NONE',  ( 0.0000000000000000000, 0.0000000000000000000, -1.000000000000000000 ) ) ;
#8364 = CARTESIAN_POINT ( 'NONE',  ( 5.814704761275630900, 0.3084687546800481400, 0.0000000000000000000 ) ) ;
#8365 = DIRECTION ( 'NONE',  ( 0.0000000000000000000, -0.0000000000000000000, -1.000000000000000000 ) ) ;
#8366 = ORIENTED_EDGE ( 'NONE', *, *, #3953, .T. ) ;
#8367 = ADVANCED_FACE ( 'NONE', ( #710 ), #6280, .T. ) ;
#8368 = AXIS2_PLACEMENT_3D ( 'NONE', #954, #4712, #355 ) ;
#8369 = CARTESIAN_POINT ( 'NONE',  ( 1.330407161568939100E-016, 5.499999999999998200, 9.900000000000000400 ) ) ;
#8370 = DIRECTION ( 'NONE',  ( -0.0000000000000000000, -0.0000000000000000000, 1.000000000000000000 ) ) ;
#8371 = DIRECTION ( 'NONE',  ( -0.0000000000000000000, -1.000000000000000000, -0.0000000000000000000 ) ) ;
#8372 = ORIENTED_EDGE ( 'NONE', *, *, #8596, .T. ) ;
#8373 = CYLINDRICAL_SURFACE ( 'NONE', #7357, 0.2500000000000002200 ) ;
#8374 = VECTOR ( 'NONE', #9679, 1000.000000000000000 ) ;
#8375 = ORIENTED_EDGE ( 'NONE', *, *, #7243, .F. ) ;
#8376 = AXIS2_PLACEMENT_3D ( 'NONE', #7477, #6611, #4395 ) ;
#8377 = DIRECTION ( 'NONE',  ( 0.0000000000000000000, 0.0000000000000000000, 1.000000000000000000 ) ) ;
#8378 = ORIENTED_EDGE ( 'NONE', *, *, #7170, .F. ) ;
#8379 = EDGE_CURVE ( 'NONE', #7195, #139, #2488, .T. ) ;
#8380 = DIRECTION ( 'NONE',  ( 0.0000000000000000000, 0.0000000000000000000, -1.000000000000000000 ) ) ;
#8381 = ADVANCED_FACE ( 'NONE', ( #1427 ), #852, .F. ) ;
#8382 = DIRECTION ( 'NONE',  ( 0.0000000000000000000, 0.0000000000000000000, -1.000000000000000000 ) ) ;
#8383 = EDGE_LOOP ( 'NONE', ( #6595, #7279, #1044, #8586 ) ) ;
#8384 = CIRCLE ( 'NONE', #4875, 5.220242981272396500 ) ;
#8385 = LINE ( 'NONE', #6080, #1185 ) ;
#8386 = DIRECTION ( 'NONE',  ( 0.0000000000000000000, 0.0000000000000000000, -1.000000000000000000 ) ) ;
#8387 = ORIENTED_EDGE ( 'NONE', *, *, #8379, .F. ) ;
#8388 = CARTESIAN_POINT ( 'NONE',  ( -12.50000000000002700, 5.467267279399611500, -12.50000000000000000 ) ) ;
#8389 = ORIENTED_EDGE ( 'NONE', *, *, #5150, .T. ) ;
#8390 = DIRECTION ( 'NONE',  ( 0.0000000000000000000, -0.0000000000000000000, -1.000000000000000000 ) ) ;
#8391 = ORIENTED_EDGE ( 'NONE', *, *, #9076, .F. ) ;
#8392 = VERTEX_POINT ( 'NONE', #7616 ) ;
#8393 = EDGE_CURVE ( 'NONE', #1700, #8728, #5070, .T. ) ;
#8394 = DIRECTION ( 'NONE',  ( 1.000000000000000000, 0.0000000000000000000, -2.891205793294680300E-016 ) ) ;
#8395 = AXIS2_PLACEMENT_3D ( 'NONE', #4086, #1028, #6316 ) ;
#8396 = CIRCLE ( 'NONE', #2211, 0.5000000000000004400 ) ;
#8397 = EDGE_CURVE ( 'NONE', #2692, #8183, #2124, .T. ) ;
#8398 = DIRECTION ( 'NONE',  ( 1.000000000000000000, 0.0000000000000000000, 0.0000000000000000000 ) ) ;
#8399 = ORIENTED_EDGE ( 'NONE', *, *, #9642, .F. ) ;
#8400 = VECTOR ( 'NONE', #7354, 1000.000000000000000 ) ;
#8401 = EDGE_CURVE ( 'NONE', #2243, #4462, #4357, .T. ) ;
#8402 = EDGE_LOOP ( 'NONE', ( #9217, #6682, #1981, #6781 ) ) ;
#8403 = VERTEX_POINT ( 'NONE', #8679 ) ;
#8404 = FACE_OUTER_BOUND ( 'NONE', #3610, .T. ) ;
#8405 = DIRECTION ( 'NONE',  ( 0.2588190451025159100, 0.9659258262890696400, 0.0000000000000000000 ) ) ;
#8406 = DIRECTION ( 'NONE',  ( 0.7071067811865441300, 0.7071067811865510100, 0.0000000000000000000 ) ) ;
#8407 = DIRECTION ( 'NONE',  ( 2.602085213965202000E-015, -1.000000000000000000, 0.0000000000000000000 ) ) ;
#8408 = CIRCLE ( 'NONE', #8985, 4.750000000000000000 ) ;
#8409 = ORIENTED_EDGE ( 'NONE', *, *, #5705, .F. ) ;
#8410 = CIRCLE ( 'NONE', #9755, 0.2500000000000002200 ) ;
#8411 = DIRECTION ( 'NONE',  ( -0.9659258262890696400, -0.2588190451025154100, -0.0000000000000000000 ) ) ;
#8412 = ORIENTED_EDGE ( 'NONE', *, *, #6440, .T. ) ;
#8413 = ADVANCED_FACE ( 'NONE', ( #362 ), #8555, .F. ) ;
#8414 = ORIENTED_EDGE ( 'NONE', *, *, #1553, .T. ) ;
#8415 = LINE ( 'NONE', #49, #9473 ) ;
#8416 = DIRECTION ( 'NONE',  ( -8.673617379884004900E-016, 1.000000000000000000, -0.0000000000000000000 ) ) ;
#8417 = DIRECTION ( 'NONE',  ( 1.000000000000000000, 0.0000000000000000000, 0.0000000000000000000 ) ) ;
#8418 = VERTEX_POINT ( 'NONE', #2558 ) ;
#8419 = EDGE_LOOP ( 'NONE', ( #4156, #6317, #5740, #1755 ) ) ;
#8420 = VERTEX_POINT ( 'NONE', #5573 ) ;
#8421 = AXIS2_PLACEMENT_3D ( 'NONE', #6788, #8425, #6861 ) ;
#8422 = DIRECTION ( 'NONE',  ( -1.000000000000000000, -0.0000000000000000000, -0.0000000000000000000 ) ) ;
#8423 = VERTEX_POINT ( 'NONE', #4142 ) ;
#8424 = CIRCLE ( 'NONE', #8071, 0.2500000000000000000 ) ;
#8425 = DIRECTION ( 'NONE',  ( 0.0000000000000000000, -0.0000000000000000000, -1.000000000000000000 ) ) ;
#8426 = ADVANCED_FACE ( 'NONE', ( #3775 ), #8853, .T. ) ;
#8427 = DIRECTION ( 'NONE',  ( 0.7071067811865510100, -0.7071067811865441300, 0.0000000000000000000 ) ) ;
#8428 = CARTESIAN_POINT ( 'NONE',  ( -2.792893218813456500, 8.499999999999998200, -19.75000000000000000 ) ) ;
#8429 = AXIS2_PLACEMENT_3D ( 'NONE', #1093, #4059, #7865 ) ;
#8430 = VERTEX_POINT ( 'NONE', #9372 ) ;
#8431 = ORIENTED_EDGE ( 'NONE', *, *, #575, .F. ) ;
#8432 = EDGE_CURVE ( 'NONE', #8602, #1251, #7448, .T. ) ;
#8433 = CARTESIAN_POINT ( 'NONE',  ( -6.249999999999996400, 0.2500000000000000000, 19.75000000000000000 ) ) ;
#8434 = VERTEX_POINT ( 'NONE', #231 ) ;
#8435 = DIRECTION ( 'NONE',  ( 0.0000000000000000000, 0.0000000000000000000, -1.000000000000000000 ) ) ;
#8436 = VERTEX_POINT ( 'NONE', #1025 ) ;
#8437 = DIRECTION ( 'NONE',  ( -0.0000000000000000000, -1.000000000000000000, -0.0000000000000000000 ) ) ;
#8438 = CIRCLE ( 'NONE', #1545, 0.09999999999999982500 ) ;
#8439 = AXIS2_PLACEMENT_3D ( 'NONE', #4679, #1536, #851 ) ;
#8440 = ADVANCED_FACE ( 'NONE', ( #258 ), #1899, .T. ) ;
#8441 = DIRECTION ( 'NONE',  ( 0.0000000000000000000, 0.0000000000000000000, -1.000000000000000000 ) ) ;
#8442 = ORIENTED_EDGE ( 'NONE', *, *, #6660, .T. ) ;
#8443 = DIRECTION ( 'NONE',  ( 0.0000000000000000000, 0.0000000000000000000, 1.000000000000000000 ) ) ;
#8444 = VERTEX_POINT ( 'NONE', #1814 ) ;
#8445 = CARTESIAN_POINT ( 'NONE',  ( -4.500000000000000900, 6.792893218813454800, 19.75000000000000000 ) ) ;
#8446 = CARTESIAN_POINT ( 'NONE',  ( 1.330407161568939100E-016, 5.499999999999998200, -9.874999999999998200 ) ) ;
#8447 = CIRCLE ( 'NONE', #5327, 0.09999999999999982500 ) ;
#8448 = DIRECTION ( 'NONE',  ( 0.0000000000000000000, 0.0000000000000000000, -1.000000000000000000 ) ) ;
#8449 = EDGE_CURVE ( 'NONE', #6601, #3555, #2241, .T. ) ;
#8450 = CARTESIAN_POINT ( 'NONE',  ( -6.249999999999997300, 5.499999999999997300, -9.749999999999998200 ) ) ;
#8451 = VERTEX_POINT ( 'NONE', #3311 ) ;
#8452 = DIRECTION ( 'NONE',  ( 0.0000000000000000000, 0.0000000000000000000, -1.000000000000000000 ) ) ;
#8453 = LINE ( 'NONE', #6251, #7030 ) ;
#8454 = AXIS2_PLACEMENT_3D ( 'NONE', #4682, #1717, #9464 ) ;
#8455 = DIRECTION ( 'NONE',  ( -1.000000000000000000, 0.0000000000000000000, 0.0000000000000000000 ) ) ;
#8456 =( GEOMETRIC_REPRESENTATION_CONTEXT ( 3 ) GLOBAL_UNCERTAINTY_ASSIGNED_CONTEXT ( ( #516 ) ) GLOBAL_UNIT_ASSIGNED_CONTEXT ( ( #410, #1836, #1896 ) ) REPRESENTATION_CONTEXT ( 'NONE', 'WORKASPACE' ) );
#8457 = EDGE_LOOP ( 'NONE', ( #9792, #5526, #3530, #5660 ) ) ;
#8458 = DIRECTION ( 'NONE',  ( 0.0000000000000000000, 0.0000000000000000000, -1.000000000000000000 ) ) ;
#8459 = EDGE_CURVE ( 'NONE', #5927, #5315, #3055, .T. ) ;
#8460 = CARTESIAN_POINT ( 'NONE',  ( -12.50000000000000000, 0.1000000000000000100, 12.50000000000000000 ) ) ;
#8461 = DIRECTION ( 'NONE',  ( 0.0000000000000000000, 0.0000000000000000000, 1.000000000000000000 ) ) ;
#8462 = EDGE_CURVE ( 'NONE', #480, #8497, #1785, .T. ) ;
#8463 = DIRECTION ( 'NONE',  ( 0.0000000000000000000, 0.0000000000000000000, -1.000000000000000000 ) ) ;
#8464 = FACE_OUTER_BOUND ( 'NONE', #8836, .T. ) ;
#8465 = ADVANCED_FACE ( 'NONE', ( #2814, #9572, #9678 ), #6338, .F. ) ;
#8466 = CARTESIAN_POINT ( 'NONE',  ( -4.750000000000000000, 5.500000000000000900, -9.624999999999998200 ) ) ;
#8467 = DIRECTION ( 'NONE',  ( -1.000000000000000000, 0.0000000000000000000, 0.0000000000000000000 ) ) ;
#8468 = ORIENTED_EDGE ( 'NONE', *, *, #6607, .T. ) ;
#8469 = TOROIDAL_SURFACE ( 'NONE', #1339, 0.2500000000000000000, 0.2500000000000000000 ) ;
#8470 = DIRECTION ( 'NONE',  ( 0.0000000000000000000, -0.0000000000000000000, -1.000000000000000000 ) ) ;
#8471 = CARTESIAN_POINT ( 'NONE',  ( -4.853553390593274000, 7.146446609406727800, 0.3750000000000003300 ) ) ;
#8472 = DIRECTION ( 'NONE',  ( -0.7071067811865490200, 0.7071067811865460200, -0.0000000000000000000 ) ) ;
#8473 = DIRECTION ( 'NONE',  ( -1.000000000000000000, -8.673617379884004900E-016, 0.0000000000000000000 ) ) ;
#8474 = ADVANCED_FACE ( 'NONE', ( #7097 ), #7564, .T. ) ;
#8475 = VERTEX_POINT ( 'NONE', #9337 ) ;
#8476 = DIRECTION ( 'NONE',  ( 0.0000000000000000000, 0.0000000000000000000, -1.000000000000000000 ) ) ;
#8477 = VECTOR ( 'NONE', #7034, 1000.000000000000000 ) ;
#8478 = DIRECTION ( 'NONE',  ( 0.0000000000000000000, 0.0000000000000000000, 1.000000000000000000 ) ) ;
#8479 = LINE ( 'NONE', #2706, #1612 ) ;
#8480 = AXIS2_PLACEMENT_3D ( 'NONE', #8570, #9254, #244 ) ;
#8481 = CARTESIAN_POINT ( 'NONE',  ( 4.101061471818666400, 0.2500000000000002200, 10.12500000000000000 ) ) ;
#8482 = ADVANCED_FACE ( 'NONE', ( #1663 ), #7217, .F. ) ;
#8483 = EDGE_LOOP ( 'NONE', ( #8641, #2846, #8748, #825 ) ) ;
#8484 = LINE ( 'NONE', #5947, #6940 ) ;
#8485 = AXIS2_PLACEMENT_3D ( 'NONE', #895, #3083, #2377 ) ;
#8486 = CARTESIAN_POINT ( 'NONE',  ( 5.750000000000003600, 5.499999999999999100, -0.2500000000000002200 ) ) ;
#8487 = DIRECTION ( 'NONE',  ( 0.0000000000000000000, -1.000000000000000000, 0.0000000000000000000 ) ) ;
#8488 = DIRECTION ( 'NONE',  ( 0.0000000000000000000, 0.0000000000000000000, 1.000000000000000000 ) ) ;
#8489 = DIRECTION ( 'NONE',  ( 0.0000000000000000000, 1.000000000000000000, 0.0000000000000000000 ) ) ;
#8490 = DIRECTION ( 'NONE',  ( 0.0000000000000000000, 0.0000000000000000000, -1.000000000000000000 ) ) ;
#8491 = AXIS2_PLACEMENT_3D ( 'NONE', #64, #4627, #871 ) ;
#8492 = DIRECTION ( 'NONE',  ( 1.000000000000000000, 0.0000000000000000000, 0.0000000000000000000 ) ) ;
#8493 = VERTEX_POINT ( 'NONE', #4081 ) ;
#8494 = CIRCLE ( 'NONE', #8172, 0.2500000000000002200 ) ;
#8495 = CYLINDRICAL_SURFACE ( 'NONE', #1547, 2.000000000000000000 ) ;
#8496 = DIRECTION ( 'NONE',  ( -0.0000000000000000000, -1.000000000000000000, -0.0000000000000000000 ) ) ;
#8497 = VERTEX_POINT ( 'NONE', #1239 ) ;
#8498 = DIRECTION ( 'NONE',  ( 0.0000000000000000000, -1.000000000000000000, 0.0000000000000000000 ) ) ;
#8499 = AXIS2_PLACEMENT_3D ( 'NONE', #1632, #9710, #9183 ) ;
#8500 = EDGE_CURVE ( 'NONE', #989, #9485, #3897, .T. ) ;
#8501 = CARTESIAN_POINT ( 'NONE',  ( 5.996659633835760100, 0.0008950484161333133100, 10.28420697616114200 ) ) ;
#8502 = DIRECTION ( 'NONE',  ( 1.000000000000000000, 0.0000000000000000000, 1.224646799147353200E-016 ) ) ;
#8503 = CARTESIAN_POINT ( 'NONE',  ( -12.50000000000000000, 0.1000000000000000100, 12.50000000000000000 ) ) ;
#8504 = EDGE_LOOP ( 'NONE', ( #5028, #1456, #5940, #5307 ) ) ;
#8505 = CIRCLE ( 'NONE', #9428, 5.294236988611990200 ) ;
#8506 = FACE_OUTER_BOUND ( 'NONE', #6161, .T. ) ;
#8507 = CARTESIAN_POINT ( 'NONE',  ( -19.49999999999999600, 0.0000000000000000000, -19.75000000000000000 ) ) ;
#8508 = ORIENTED_EDGE ( 'NONE', *, *, #7387, .T. ) ;
#8509 = ORIENTED_EDGE ( 'NONE', *, *, #2138, .T. ) ;
#8510 = DIRECTION ( 'NONE',  ( 1.000000000000000000, 8.023096076392724900E-015, 0.0000000000000000000 ) ) ;
#8511 = ADVANCED_FACE ( 'NONE', ( #4850 ), #1076, .T. ) ;
#8512 = CARTESIAN_POINT ( 'NONE',  ( 4.676776695296638300, 6.969669914110096600, 0.1250000000000001100 ) ) ;
#8513 = CARTESIAN_POINT ( 'NONE',  ( -12.50000000000000000, 2.778606591926445500, -12.50000000000000000 ) ) ;
#8514 = ORIENTED_EDGE ( 'NONE', *, *, #5141, .T. ) ;
#8515 = LINE ( 'NONE', #6378, #8843 ) ;
#8516 = CIRCLE ( 'NONE', #3743, 0.2500000000000002200 ) ;
#8517 = AXIS2_PLACEMENT_3D ( 'NONE', #317, #7247, #3491 ) ;
#8518 = CARTESIAN_POINT ( 'NONE',  ( -2.792893218813456500, 8.499999999999998200, 0.0000000000000000000 ) ) ;
#8519 = ORIENTED_EDGE ( 'NONE', *, *, #8753, .F. ) ;
#8520 = EDGE_CURVE ( 'NONE', #2617, #5796, #9091, .T. ) ;
#8521 = DIRECTION ( 'NONE',  ( -1.734723475976795500E-015, -1.000000000000000000, 0.0000000000000000000 ) ) ;
#8522 = VERTEX_POINT ( 'NONE', #9461 ) ;
#8523 = ORIENTED_EDGE ( 'NONE', *, *, #2420, .T. ) ;
#8524 = CARTESIAN_POINT ( 'NONE',  ( 5.000000000000002700, 6.792893218813461000, 0.3750000000000003300 ) ) ;
#8525 = LINE ( 'NONE', #3832, #6277 ) ;
#8526 = ADVANCED_FACE ( 'NONE', ( #3411 ), #6850, .T. ) ;
#8527 = CARTESIAN_POINT ( 'NONE',  ( -4.500000000000000900, 6.792893218813454800, 20.00000000000000000 ) ) ;
#8528 = ORIENTED_EDGE ( 'NONE', *, *, #3135, .T. ) ;
#8529 = LINE ( 'NONE', #4439, #2932 ) ;
#8530 = DIRECTION ( 'NONE',  ( 1.000000000000000000, 0.0000000000000000000, 0.0000000000000000000 ) ) ;
#8531 = CARTESIAN_POINT ( 'NONE',  ( -2.891205793294680600E-015, 8.749999999999998200, -10.00000000000000000 ) ) ;
#8532 = ORIENTED_EDGE ( 'NONE', *, *, #104, .T. ) ;
#8533 = EDGE_LOOP ( 'NONE', ( #5352, #2563, #5559, #6127 ) ) ;
#8534 = CYLINDRICAL_SURFACE ( 'NONE', #5950, 0.2500000000000006100 ) ;
#8535 = ORIENTED_EDGE ( 'NONE', *, *, #1357, .T. ) ;
#8536 = CARTESIAN_POINT ( 'NONE',  ( -3.146446609406730500, 8.853553390593271300, -0.2500000000000002200 ) ) ;
#8537 = ORIENTED_EDGE ( 'NONE', *, *, #451, .T. ) ;
#8538 = ORIENTED_EDGE ( 'NONE', *, *, #1806, .T. ) ;
#8539 = ADVANCED_FACE ( 'NONE', ( #7819 ), #831, .T. ) ;
#8540 = DIRECTION ( 'NONE',  ( -0.7071067811865474600, -0.7071067811865474600, 0.0000000000000000000 ) ) ;
#8541 = DIRECTION ( 'NONE',  ( 0.0000000000000000000, 0.0000000000000000000, -1.000000000000000000 ) ) ;
#8542 = CARTESIAN_POINT ( 'NONE',  ( 6.250000000000003600, 0.2500000000000000000, -19.75000000000000000 ) ) ;
#8543 = ORIENTED_EDGE ( 'NONE', *, *, #7409, .F. ) ;
#8544 = TOROIDAL_SURFACE ( 'NONE', #8892, 5.294236988611992000, 0.1000000000000000100 ) ;
#8545 = CARTESIAN_POINT ( 'NONE',  ( -19.74999999999999600, 4.792893218813452100, 19.75000000000000000 ) ) ;
#8546 = DIRECTION ( 'NONE',  ( 1.000000000000000000, 0.0000000000000000000, 0.0000000000000000000 ) ) ;
#8547 = EDGE_CURVE ( 'NONE', #345, #2661, #9215, .T. ) ;
#8548 = EDGE_CURVE ( 'NONE', #9422, #2740, #7683, .T. ) ;
#8549 = ORIENTED_EDGE ( 'NONE', *, *, #1877, .T. ) ;
#8550 = ORIENTED_EDGE ( 'NONE', *, *, #3123, .F. ) ;
#8551 = ORIENTED_EDGE ( 'NONE', *, *, #5318, .F. ) ;
#8552 = DIRECTION ( 'NONE',  ( 0.0000000000000000000, 0.0000000000000000000, -1.000000000000000000 ) ) ;
#8553 = ORIENTED_EDGE ( 'NONE', *, *, #9402, .T. ) ;
#8554 = LINE ( 'NONE', #7978, #2728 ) ;
#8555 = PLANE ( 'NONE',  #4704 ) ;
#8556 = EDGE_LOOP ( 'NONE', ( #6324, #7394, #7317, #8866 ) ) ;
#8557 = AXIS2_PLACEMENT_3D ( 'NONE', #1633, #5391, #6083 ) ;
#8558 = CARTESIAN_POINT ( 'NONE',  ( 12.50000000000000000, 2.711339312526813900, 15.35000000000000000 ) ) ;
#8559 = ORIENTED_EDGE ( 'NONE', *, *, #3695, .T. ) ;
#8560 = DIRECTION ( 'NONE',  ( -1.000000000000000000, 0.0000000000000000000, 0.0000000000000000000 ) ) ;
#8561 = CYLINDRICAL_SURFACE ( 'NONE', #7970, 0.2500000000000002200 ) ;
#8562 = CYLINDRICAL_SURFACE ( 'NONE', #26, 0.2500000000000002200 ) ;
#8563 = DIRECTION ( 'NONE',  ( 0.0000000000000000000, 0.0000000000000000000, 1.000000000000000000 ) ) ;
#8564 = CARTESIAN_POINT ( 'NONE',  ( 2.792893218813457400, 8.499999999999998200, -19.75000000000000000 ) ) ;
#8565 = DIRECTION ( 'NONE',  ( 0.9659258262890697600, -0.2588190451025159700, 0.0000000000000000000 ) ) ;
#8566 = ADVANCED_FACE ( 'NONE', ( #1538 ), #4025, .T. ) ;
#8567 = AXIS2_PLACEMENT_3D ( 'NONE', #489, #4210, #8108 ) ;
#8568 = EDGE_CURVE ( 'NONE', #4552, #5351, #8638, .T. ) ;
#8569 = DIRECTION ( 'NONE',  ( 0.9659258262890700900, -0.2588190451025143000, 0.0000000000000000000 ) ) ;
#8570 = CARTESIAN_POINT ( 'NONE',  ( 1.330407161568939100E-016, 5.499999999999998200, -20.00000000000000000 ) ) ;
#8571 = ORIENTED_EDGE ( 'NONE', *, *, #927, .F. ) ;
#8572 = ORIENTED_EDGE ( 'NONE', *, *, #9711, .T. ) ;
#8573 = CARTESIAN_POINT ( 'NONE',  ( 2.792893218813457400, 8.499999999999998200, 20.00000000000000000 ) ) ;
#8574 = DIRECTION ( 'NONE',  ( 1.000000000000000000, -0.0000000000000000000, 0.0000000000000000000 ) ) ;
#8575 = LINE ( 'NONE', #7914, #1128 ) ;
#8576 = AXIS2_PLACEMENT_3D ( 'NONE', #5309, #2201, #6765 ) ;
#8577 = CARTESIAN_POINT ( 'NONE',  ( -4.500000000000000900, 6.792893218813454800, 0.3750000000000003300 ) ) ;
#8578 = ORIENTED_EDGE ( 'NONE', *, *, #8815, .T. ) ;
#8579 = DIRECTION ( 'NONE',  ( 3.469446951953611000E-015, -1.000000000000000000, 0.0000000000000000000 ) ) ;
#8580 = ADVANCED_FACE ( 'NONE', ( #6615 ), #2597, .F. ) ;
#8581 = AXIS2_PLACEMENT_3D ( 'NONE', #7433, #7306, #2055 ) ;
#8582 = EDGE_CURVE ( 'NONE', #177, #4606, #4134, .T. ) ;
#8583 = CARTESIAN_POINT ( 'NONE',  ( 4.676776695296639200, 6.969669914110098400, 20.00000000000000000 ) ) ;
#8584 = LINE ( 'NONE', #9024, #5503 ) ;
#8585 = DIRECTION ( 'NONE',  ( 0.0000000000000000000, 0.0000000000000000000, -1.000000000000000000 ) ) ;
#8586 = ORIENTED_EDGE ( 'NONE', *, *, #4651, .F. ) ;
#8587 = DIRECTION ( 'NONE',  ( -0.0000000000000000000, -0.0000000000000000000, -1.000000000000000000 ) ) ;
#8588 = DIRECTION ( 'NONE',  ( 0.0000000000000000000, 0.0000000000000000000, -1.000000000000000000 ) ) ;
#8589 = ADVANCED_FACE ( 'NONE', ( #3301 ), #127, .T. ) ;
#8590 = LINE ( 'NONE', #6759, #8802 ) ;
#8591 = EDGE_CURVE ( 'NONE', #5463, #2049, #1411, .T. ) ;
#8592 = AXIS2_PLACEMENT_3D ( 'NONE', #9598, #574, #8953 ) ;
#8593 = EDGE_CURVE ( 'NONE', #2568, #2920, #7210, .T. ) ;
#8594 = VERTEX_POINT ( 'NONE', #5756 ) ;
#8595 = DIRECTION ( 'NONE',  ( 0.0000000000000000000, 1.000000000000000000, -0.0000000000000000000 ) ) ;
#8596 = EDGE_CURVE ( 'NONE', #9780, #7901, #5908, .T. ) ;
#8597 = FACE_OUTER_BOUND ( 'NONE', #8259, .T. ) ;
#8598 = EDGE_LOOP ( 'NONE', ( #8468, #613, #1059, #991 ) ) ;
#8599 = CIRCLE ( 'NONE', #9625, 0.2500000000000003300 ) ;
#8600 = DIRECTION ( 'NONE',  ( -0.0000000000000000000, 0.0000000000000000000, 1.000000000000000000 ) ) ;
#8601 = CARTESIAN_POINT ( 'NONE',  ( -4.750000000000000900, 6.792893218813454800, -9.874999999999998200 ) ) ;
#8602 = VERTEX_POINT ( 'NONE', #2032 ) ;
#8603 = CIRCLE ( 'NONE', #7786, 0.2500000000000003300 ) ;
#8604 = ORIENTED_EDGE ( 'NONE', *, *, #2001, .T. ) ;
#8605 = DIRECTION ( 'NONE',  ( -2.602085213965201600E-015, 1.000000000000000000, 0.0000000000000000000 ) ) ;
#8606 = CIRCLE ( 'NONE', #4871, 0.2500000000000002200 ) ;
#8607 = DIRECTION ( 'NONE',  ( 1.000000000000000000, -6.938893903907222100E-015, 0.0000000000000000000 ) ) ;
#8608 = DIRECTION ( 'NONE',  ( 0.0000000000000000000, 0.0000000000000000000, 1.000000000000000000 ) ) ;
#8609 = ORIENTED_EDGE ( 'NONE', *, *, #5986, .T. ) ;
#8610 = PERSON_AND_ORGANIZATION ( #8779, #7896 ) ;
#8611 = AXIS2_PLACEMENT_3D ( 'NONE', #5305, #7694, #3081 ) ;
#8612 = DIRECTION ( 'NONE',  ( 0.0000000000000000000, 1.000000000000000000, -0.0000000000000000000 ) ) ;
#8613 = CIRCLE ( 'NONE', #7508, 0.5000000000000004400 ) ;
#8614 = DIRECTION ( 'NONE',  ( -0.0000000000000000000, 0.0000000000000000000, 1.000000000000000000 ) ) ;
#8615 = AXIS2_PLACEMENT_3D ( 'NONE', #5647, #9359, #9291 ) ;
#8616 = CARTESIAN_POINT ( 'NONE',  ( -4.230470994369922800, 0.7329629131445351000, -20.00000000000000000 ) ) ;
#8617 = EDGE_CURVE ( 'NONE', #2561, #7956, #5183, .T. ) ;
#8618 = EDGE_LOOP ( 'NONE', ( #1289, #8210, #7675, #118 ) ) ;
#8619 = FACE_OUTER_BOUND ( 'NONE', #3689, .T. ) ;
#8620 = TOROIDAL_SURFACE ( 'NONE', #9279, 0.2500000000000000000, 0.2500000000000000000 ) ;
#8621 = ORIENTED_EDGE ( 'NONE', *, *, #1951, .F. ) ;
#8622 = DIRECTION ( 'NONE',  ( 1.000000000000000000, 0.0000000000000000000, 0.0000000000000000000 ) ) ;
#8623 = ORIENTED_EDGE ( 'NONE', *, *, #4677, .T. ) ;
#8624 = AXIS2_PLACEMENT_3D ( 'NONE', #7655, #8490, #5487 ) ;
#8625 = CARTESIAN_POINT ( 'NONE',  ( 2.100000000000000100, 5.499999999999998200, -19.90000000000000600 ) ) ;
#8626 = DIRECTION ( 'NONE',  ( 0.0000000000000000000, 0.0000000000000000000, 1.000000000000000000 ) ) ;
#8627 = ORIENTED_EDGE ( 'NONE', *, *, #3745, .T. ) ;
#8628 = TOROIDAL_SURFACE ( 'NONE', #2827, 0.5000000000000000000, 0.2500000000000000000 ) ;
#8629 = TOROIDAL_SURFACE ( 'NONE', #5269, 0.2500000000000000000, 0.2500000000000000000 ) ;
#8630 = ORIENTED_EDGE ( 'NONE', *, *, #143, .T. ) ;
#8631 = AXIS2_PLACEMENT_3D ( 'NONE', #1429, #3662, #6151 ) ;
#8632 = ORIENTED_EDGE ( 'NONE', *, *, #3130, .T. ) ;
#8633 = EDGE_CURVE ( 'NONE', #4145, #615, #9345, .T. ) ;
#8634 = ADVANCED_FACE ( 'NONE', ( #8037 ), #3540, .T. ) ;
#8635 = CARTESIAN_POINT ( 'NONE',  ( 4.101061471818666400, 0.7500000000000002200, 0.0000000000000000000 ) ) ;
#8636 = LINE ( 'NONE', #1895, #2238 ) ;
#8637 = VERTEX_POINT ( 'NONE', #8225 ) ;
#8638 = LINE ( 'NONE', #1905, #5567 ) ;
#8639 = EDGE_LOOP ( 'NONE', ( #6395, #6375, #3720, #5281 ) ) ;
#8640 = DIRECTION ( 'NONE',  ( 0.0000000000000000000, 0.0000000000000000000, 1.000000000000000000 ) ) ;
#8641 = ORIENTED_EDGE ( 'NONE', *, *, #4545, .T. ) ;
#8642 = CYLINDRICAL_SURFACE ( 'NONE', #5817, 0.2500000000000002200 ) ;
#8643 = DIRECTION ( 'NONE',  ( -0.0000000000000000000, -0.0000000000000000000, -1.000000000000000000 ) ) ;
#8644 = AXIS2_PLACEMENT_3D ( 'NONE', #1875, #9400, #3343 ) ;
#8645 = AXIS2_PLACEMENT_3D ( 'NONE', #1670, #9185, #5500 ) ;
#8646 = DIRECTION ( 'NONE',  ( -1.000000000000000000, -2.602085213965201600E-015, 0.0000000000000000000 ) ) ;
#8647 = FACE_OUTER_BOUND ( 'NONE', #2038, .T. ) ;
#8648 = EDGE_CURVE ( 'NONE', #5887, #5618, #8149, .T. ) ;
#8649 = CARTESIAN_POINT ( 'NONE',  ( 6.000000000000003600, -2.168404344971008900E-016, 20.00000000000000000 ) ) ;
#8650 = ORIENTED_EDGE ( 'NONE', *, *, #8125, .F. ) ;
#8651 = VECTOR ( 'NONE', #5815, 1000.000000000000000 ) ;
#8652 = EDGE_CURVE ( 'NONE', #9648, #2518, #5313, .T. ) ;
#8653 = ORIENTED_EDGE ( 'NONE', *, *, #6977, .T. ) ;
#8654 = ORIENTED_EDGE ( 'NONE', *, *, #5659, .F. ) ;
#8655 = CIRCLE ( 'NONE', #4809, 0.5000000000000004400 ) ;
#8656 = DIRECTION ( 'NONE',  ( -0.0000000000000000000, -0.0000000000000000000, 1.000000000000000000 ) ) ;
#8657 = DIRECTION ( 'NONE',  ( -1.000000000000000000, 0.0000000000000000000, 0.0000000000000000000 ) ) ;
#8658 = DIRECTION ( 'NONE',  ( 0.0000000000000000000, 0.0000000000000000000, 1.000000000000000000 ) ) ;
#8659 = ORIENTED_EDGE ( 'NONE', *, *, #1948, .T. ) ;
#8660 = ORIENTED_EDGE ( 'NONE', *, *, #9003, .T. ) ;
#8661 = ORIENTED_EDGE ( 'NONE', *, *, #5685, .F. ) ;
#8662 = CARTESIAN_POINT ( 'NONE',  ( 0.4019237886466642300, 1.499999999999966200, 19.75000000000000000 ) ) ;
#8663 = DIRECTION ( 'NONE',  ( -0.0000000000000000000, 0.0000000000000000000, 1.000000000000000000 ) ) ;
#8664 = ORIENTED_EDGE ( 'NONE', *, *, #2121, .F. ) ;
#8665 = LINE ( 'NONE', #5895, #4638 ) ;
#8666 = DIRECTION ( 'NONE',  ( 1.000000000000000000, 0.0000000000000000000, 0.0000000000000000000 ) ) ;
#8667 = DIRECTION ( 'NONE',  ( 1.000000000000000000, 0.0000000000000000000, 0.0000000000000000000 ) ) ;
#8668 = ORIENTED_EDGE ( 'NONE', *, *, #2618, .T. ) ;
#8669 = ORIENTED_EDGE ( 'NONE', *, *, #9507, .T. ) ;
#8670 = EDGE_LOOP ( 'NONE', ( #7794, #1246, #9479, #9388 ) ) ;
#8671 = AXIS2_PLACEMENT_3D ( 'NONE', #8087, #1987, #5741 ) ;
#8672 = ORIENTED_EDGE ( 'NONE', *, *, #5755, .F. ) ;
#8673 = VECTOR ( 'NONE', #7789, 1000.000000000000100 ) ;
#8674 = DIRECTION ( 'NONE',  ( -0.0000000000000000000, -0.0000000000000000000, -1.000000000000000000 ) ) ;
#8675 = CARTESIAN_POINT ( 'NONE',  ( -5.999999999999996400, 5.249999999999996400, 19.75000000000000000 ) ) ;
#8676 = AXIS2_PLACEMENT_3D ( 'NONE', #5645, #9483, #405 ) ;
#8677 = EDGE_LOOP ( 'NONE', ( #1600, #9465, #2117, #5222 ) ) ;
#8678 = ORIENTED_EDGE ( 'NONE', *, *, #972, .T. ) ;
#8679 = CARTESIAN_POINT ( 'NONE',  ( -19.99999999999999600, 0.5000000000000000000, -19.75000000000000000 ) ) ;
#8680 = FACE_OUTER_BOUND ( 'NONE', #3545, .T. ) ;
#8681 = CARTESIAN_POINT ( 'NONE',  ( -0.4019237886466745000, 1.499999999999966500, -10.24999999999999800 ) ) ;
#8682 = ADVANCED_FACE ( 'NONE', ( #9805 ), #6021, .T. ) ;
#8683 = AXIS2_PLACEMENT_3D ( 'NONE', #6616, #2795, #2091 ) ;
#8684 = CARTESIAN_POINT ( 'NONE',  ( 6.250000000000003600, 0.2500000000000000000, -19.75000000000000000 ) ) ;
#8685 = ORIENTED_EDGE ( 'NONE', *, *, #1676, .F. ) ;
#8686 = VECTOR ( 'NONE', #2288, 1000.000000000000100 ) ;
#8687 = AXIS2_PLACEMENT_3D ( 'NONE', #2654, #6320, #8622 ) ;
#8688 = EDGE_CURVE ( 'NONE', #7140, #8434, #5790, .T. ) ;
#8689 = DIRECTION ( 'NONE',  ( 0.0000000000000000000, 0.0000000000000000000, 1.000000000000000000 ) ) ;
#8690 = ORIENTED_EDGE ( 'NONE', *, *, #2213, .T. ) ;
#8691 = CARTESIAN_POINT ( 'NONE',  ( -5.000000000000000000, 6.792893218813454800, -0.2500000000000002200 ) ) ;
#8692 = CIRCLE ( 'NONE', #3543, 0.2500000000000003300 ) ;
#8693 = CARTESIAN_POINT ( 'NONE',  ( -2.100000000000000100, 5.499999999999998200, 20.00000000000000000 ) ) ;
#8694 = CARTESIAN_POINT ( 'NONE',  ( -2.100000000000000100, 5.499999999999998200, 0.2249999999999995100 ) ) ;
#8695 = EDGE_LOOP ( 'NONE', ( #6252, #7472, #8661, #5630 ) ) ;
#8696 = EDGE_CURVE ( 'NONE', #7404, #6643, #1303, .T. ) ;
#8697 = EDGE_CURVE ( 'NONE', #1616, #4813, #7193, .T. ) ;
#8698 = CIRCLE ( 'NONE', #3087, 0.2500000000000002200 ) ;
#8699 = CARTESIAN_POINT ( 'NONE',  ( -4.101061471818665500, 0.2500000000000001100, -19.75000000000000000 ) ) ;
#8700 = ORIENTED_EDGE ( 'NONE', *, *, #1825, .T. ) ;
#8701 = CARTESIAN_POINT ( 'NONE',  ( -5.891456562198418300, 0.2500000000000002200, 10.04386887423049400 ) ) ;
#8702 = DIRECTION ( 'NONE',  ( 0.0000000000000000000, 0.0000000000000000000, -1.000000000000000000 ) ) ;
#8703 = FACE_OUTER_BOUND ( 'NONE', #4744, .T. ) ;
#8704 = EDGE_CURVE ( 'NONE', #4780, #246, #9452, .T. ) ;
#8705 = DIRECTION ( 'NONE',  ( 0.0000000000000000000, 0.0000000000000000000, 1.000000000000000000 ) ) ;
#8706 = CIRCLE ( 'NONE', #1088, 5.000000000000000000 ) ;
#8707 = EDGE_CURVE ( 'NONE', #1283, #3097, #2017, .T. ) ;
#8708 = CARTESIAN_POINT ( 'NONE',  ( 0.0000000000000000000, 0.7500000000000001100, 0.3750000000000003300 ) ) ;
#8709 = CC_DESIGN_DATE_AND_TIME_ASSIGNMENT ( #4104, #4075, ( #428 ) ) ;
#8710 = ORIENTED_EDGE ( 'NONE', *, *, #424, .F. ) ;
#8711 = VECTOR ( 'NONE', #4315, 1000.000000000000000 ) ;
#8712 = DIRECTION ( 'NONE',  ( 1.000000000000000000, -0.0000000000000000000, 1.224646799147353200E-016 ) ) ;
#8713 = EDGE_CURVE ( 'NONE', #2100, #2025, #8141, .T. ) ;
#8714 = ADVANCED_FACE ( 'NONE', ( #471 ), #9082, .T. ) ;
#8715 = DIRECTION ( 'NONE',  ( -2.891205793294680300E-016, -0.0000000000000000000, -1.000000000000000000 ) ) ;
#8716 = EDGE_CURVE ( 'NONE', #3762, #9230, #2010, .T. ) ;
#8717 = DIRECTION ( 'NONE',  ( -1.000000000000000000, 0.0000000000000000000, 0.0000000000000000000 ) ) ;
#8718 = CARTESIAN_POINT ( 'NONE',  ( -4.770489558936197400E-015, 5.499999999999993800, 20.00000000000000000 ) ) ;
#8719 = ORIENTED_EDGE ( 'NONE', *, *, #5611, .F. ) ;
#8720 = CIRCLE ( 'NONE', #9681, 0.2500000000000003300 ) ;
#8721 = FACE_OUTER_BOUND ( 'NONE', #3814, .T. ) ;
#8722 = APPROVAL_ROLE ( '' ) ;
#8723 = CARTESIAN_POINT ( 'NONE',  ( 5.000000000000000000, 5.499999999999998200, 9.750000000000000000 ) ) ;
#8724 = CYLINDRICAL_SURFACE ( 'NONE', #9364, 0.2500000000000002200 ) ;
#8725 = DIRECTION ( 'NONE',  ( -0.0000000000000000000, -0.0000000000000000000, 1.000000000000000000 ) ) ;
#8726 = CARTESIAN_POINT ( 'NONE',  ( -3.146446609406730500, 8.853553390593271300, 20.00000000000000000 ) ) ;
#8727 = AXIS2_PLACEMENT_3D ( 'NONE', #3529, #7347, #4316 ) ;
#8728 = VERTEX_POINT ( 'NONE', #7637 ) ;
#8729 = CIRCLE ( 'NONE', #763, 5.294236988611968900 ) ;
#8730 = VECTOR ( 'NONE', #9593, 1000.000000000000000 ) ;
#8731 = CARTESIAN_POINT ( 'NONE',  ( -19.29289321881348200, 5.499999999999963600, 20.00000000000000000 ) ) ;
#8732 = ORIENTED_EDGE ( 'NONE', *, *, #7439, .T. ) ;
#8733 = CARTESIAN_POINT ( 'NONE',  ( 2.969669914110094000, 8.676776695296636500, 20.00000000000000000 ) ) ;
#8734 = DIRECTION ( 'NONE',  ( -0.0000000000000000000, -0.0000000000000000000, -1.000000000000000000 ) ) ;
#8735 = ORIENTED_EDGE ( 'NONE', *, *, #3457, .F. ) ;
#8736 = CARTESIAN_POINT ( 'NONE',  ( 1.330407161568939100E-016, 5.499999999999998200, 20.00000000000000000 ) ) ;
#8737 = EDGE_CURVE ( 'NONE', #38, #9414, #9794, .T. ) ;
#8738 = VERTEX_POINT ( 'NONE', #5284 ) ;
#8739 = CIRCLE ( 'NONE', #508, 2.000000000000000000 ) ;
#8740 = FACE_OUTER_BOUND ( 'NONE', #7208, .T. ) ;
#8741 = DIRECTION ( 'NONE',  ( -1.000000000000000000, 0.0000000000000000000, 0.0000000000000000000 ) ) ;
#8742 = VERTEX_POINT ( 'NONE', #2994 ) ;
#8743 = AXIS2_PLACEMENT_3D ( 'NONE', #6795, #39, #3051 ) ;
#8744 = EDGE_LOOP ( 'NONE', ( #120, #5127, #1201, #2931 ) ) ;
#8745 = DIRECTION ( 'NONE',  ( 0.0000000000000000000, 0.0000000000000000000, -1.000000000000000000 ) ) ;
#8746 = CARTESIAN_POINT ( 'NONE',  ( -5.749999999999997300, 5.499999999999999100, -10.24999999999999800 ) ) ;
#8747 = CIRCLE ( 'NONE', #9122, 0.2500000000000000000 ) ;
#8748 = ORIENTED_EDGE ( 'NONE', *, *, #1040, .F. ) ;
#8749 = VECTOR ( 'NONE', #6714, 1000.000000000000000 ) ;
#8750 = AXIS2_PLACEMENT_3D ( 'NONE', #6683, #2898, #7490 ) ;
#8751 = DIRECTION ( 'NONE',  ( -1.000000000000000000, 0.0000000000000000000, 0.0000000000000000000 ) ) ;
#8752 = ORIENTED_EDGE ( 'NONE', *, *, #8769, .F. ) ;
#8753 = EDGE_CURVE ( 'NONE', #4378, #2154, #7807, .T. ) ;
#8754 = CARTESIAN_POINT ( 'NONE',  ( -5.999999999999996400, 0.2500000000000002200, 19.75000000000000000 ) ) ;
#8755 = ORIENTED_EDGE ( 'NONE', *, *, #6671, .F. ) ;
#8756 = TOROIDAL_SURFACE ( 'NONE', #7974, 5.294236988611992000, 0.1000000000000000100 ) ;
#8757 = EDGE_LOOP ( 'NONE', ( #371, #7941, #8780, #2847 ) ) ;
#8758 = CARTESIAN_POINT ( 'NONE',  ( -19.85355339059326600, 5.146446609406728700, 19.75000000000000000 ) ) ;
#8759 = VERTEX_POINT ( 'NONE', #9745 ) ;
#8760 = ORIENTED_EDGE ( 'NONE', *, *, #2641, .T. ) ;
#8761 = DIRECTION ( 'NONE',  ( -2.602085213965196000E-015, 1.000000000000000000, 0.0000000000000000000 ) ) ;
#8762 = AXIS2_PLACEMENT_3D ( 'NONE', #6168, #9163, #4014 ) ;
#8763 = ORIENTED_EDGE ( 'NONE', *, *, #9757, .T. ) ;
#8764 = CIRCLE ( 'NONE', #7888, 0.2500000000000000000 ) ;
#8765 = AXIS2_PLACEMENT_3D ( 'NONE', #9637, #7398, #6633 ) ;
#8766 = EDGE_CURVE ( 'NONE', #712, #2716, #5779, .T. ) ;
#8767 = DIRECTION ( 'NONE',  ( 0.0000000000000000000, 0.0000000000000000000, -1.000000000000000000 ) ) ;
#8768 = DIRECTION ( 'NONE',  ( 2.602085213965201600E-015, -1.000000000000000000, -0.0000000000000000000 ) ) ;
#8769 = EDGE_CURVE ( 'NONE', #7679, #6047, #4595, .T. ) ;
#8770 = ADVANCED_FACE ( 'NONE', ( #6132 ), #6840, .T. ) ;
#8771 = ORIENTED_EDGE ( 'NONE', *, *, #7753, .T. ) ;
#8772 = VERTEX_POINT ( 'NONE', #4449 ) ;
#8773 = DIRECTION ( 'NONE',  ( -1.000000000000000000, 0.0000000000000000000, 0.0000000000000000000 ) ) ;
#8774 = VERTEX_POINT ( 'NONE', #4485 ) ;
#8775 = ORIENTED_EDGE ( 'NONE', *, *, #934, .F. ) ;
#8776 = LINE ( 'NONE', #2065, #3938 ) ;
#8777 = CARTESIAN_POINT ( 'NONE',  ( -5.869215054525359900, 0.03504372052207617400, 0.09910408881550711300 ) ) ;
#8778 = CARTESIAN_POINT ( 'NONE',  ( 2.100000000000000100, 5.499999999999998200, 10.00000000000000000 ) ) ;
#8779 = PERSON ( 'UNSPECIFIED', 'UNSPECIFIED', 'UNSPECIFIED', ('UNSPECIFIED'), ('UNSPECIFIED'), ('UNSPECIFIED') ) ;
#8780 = ORIENTED_EDGE ( 'NONE', *, *, #9594, .F. ) ;
#8781 = VERTEX_POINT ( 'NONE', #6738 ) ;
#8782 = DIRECTION ( 'NONE',  ( -1.000000000000000000, 0.0000000000000000000, 0.0000000000000000000 ) ) ;
#8783 = VECTOR ( 'NONE', #7927, 1000.000000000000000 ) ;
#8784 = TOROIDAL_SURFACE ( 'NONE', #8245, 0.5000000000000000000, 0.2500000000000000000 ) ;
#8785 = CARTESIAN_POINT ( 'NONE',  ( 5.869215054525367800, 0.03504372052207549400, 0.02589591118449396600 ) ) ;
#8786 = ORIENTED_EDGE ( 'NONE', *, *, #3186, .T. ) ;
#8787 = AXIS2_PLACEMENT_3D ( 'NONE', #4915, #8712, #6474 ) ;
#8788 = ORIENTED_EDGE ( 'NONE', *, *, #7190, .F. ) ;
#8789 = TOROIDAL_SURFACE ( 'NONE', #8868, 4.750000000000000000, 0.2500000000000000000 ) ;
#8790 = AXIS2_PLACEMENT_3D ( 'NONE', #1752, #1852, #307 ) ;
#8791 = EDGE_CURVE ( 'NONE', #977, #392, #2804, .T. ) ;
#8792 = ORIENTED_EDGE ( 'NONE', *, *, #8222, .T. ) ;
#8793 = DIRECTION ( 'NONE',  ( -0.0000000000000000000, 0.0000000000000000000, 1.000000000000000000 ) ) ;
#8794 = DIRECTION ( 'NONE',  ( 0.0000000000000000000, 0.0000000000000000000, -1.000000000000000000 ) ) ;
#8795 = CARTESIAN_POINT ( 'NONE',  ( 5.750000000000003600, 0.0000000000000000000, 10.12500000000000000 ) ) ;
#8796 = CIRCLE ( 'NONE', #7603, 0.2500000000000002200 ) ;
#8797 = AXIS2_PLACEMENT_3D ( 'NONE', #427, #4154, #8658 ) ;
#8798 = DIRECTION ( 'NONE',  ( 0.0000000000000000000, 0.0000000000000000000, -1.000000000000000000 ) ) ;
#8799 = ORIENTED_EDGE ( 'NONE', *, *, #4084, .T. ) ;
#8800 = AXIS2_PLACEMENT_3D ( 'NONE', #1499, #3770, #7646 ) ;
#8801 = EDGE_CURVE ( 'NONE', #1672, #5058, #8516, .T. ) ;
#8802 = VECTOR ( 'NONE', #2197, 1000.000000000000000 ) ;
#8803 = CARTESIAN_POINT ( 'NONE',  ( -5.000000000000000000, 5.750000000000000000, 9.750000000000000000 ) ) ;
#8804 = ORIENTED_EDGE ( 'NONE', *, *, #143, .F. ) ;
#8805 = DIRECTION ( 'NONE',  ( 0.0000000000000000000, 0.0000000000000000000, -1.000000000000000000 ) ) ;
#8806 = ADVANCED_FACE ( 'NONE', ( #7548 ), #6387, .F. ) ;
#8807 = CARTESIAN_POINT ( 'NONE',  ( 1.330407161568939100E-016, 5.499999999999998200, 20.00000000000000000 ) ) ;
#8808 = LINE ( 'NONE', #3239, #5864 ) ;
#8809 = CARTESIAN_POINT ( 'NONE',  ( 5.250000000000000000, 5.249999999999997300, -9.624999999999998200 ) ) ;
#8810 = CARTESIAN_POINT ( 'NONE',  ( -5.999104102473070900, 0.0002400550188405579400, 0.2934752697847799500 ) ) ;
#8811 = LINE ( 'NONE', #4639, #905 ) ;
#8812 = AXIS2_PLACEMENT_3D ( 'NONE', #8002, #6559, #9592 ) ;
#8813 = AXIS2_PLACEMENT_3D ( 'NONE', #8694, #4167, #286 ) ;
#8814 = DIRECTION ( 'NONE',  ( -1.000000000000000000, -3.469446951953610600E-015, 0.0000000000000000000 ) ) ;
#8815 = EDGE_CURVE ( 'NONE', #6046, #2509, #4126, .T. ) ;
#8816 = CARTESIAN_POINT ( 'NONE',  ( -12.50000000000000000, 2.778606591926445500, -12.50000000000000000 ) ) ;
#8817 = EDGE_CURVE ( 'NONE', #3446, #6601, #1526, .T. ) ;
#8818 = DIRECTION ( 'NONE',  ( 1.224646799147353200E-016, 1.000000000000000000, -0.0000000000000000000 ) ) ;
#8819 = EDGE_LOOP ( 'NONE', ( #4429, #1572, #8838, #8804 ) ) ;
#8820 = LINE ( 'NONE', #3884, #7776 ) ;
#8821 = ORIENTED_EDGE ( 'NONE', *, *, #3304, .T. ) ;
#8822 = CIRCLE ( 'NONE', #444, 0.2500000000000002200 ) ;
#8823 = DIRECTION ( 'NONE',  ( 0.0000000000000000000, 0.0000000000000000000, -1.000000000000000000 ) ) ;
#8824 = DIRECTION ( 'NONE',  ( 0.0000000000000000000, 0.0000000000000000000, -1.000000000000000000 ) ) ;
#8825 = PLANE ( 'NONE',  #4929 ) ;
#8826 = DIRECTION ( 'NONE',  ( -0.0000000000000000000, -0.0000000000000000000, -1.000000000000000000 ) ) ;
#8827 = ORIENTED_EDGE ( 'NONE', *, *, #7611, .F. ) ;
#8828 = CIRCLE ( 'NONE', #9249, 0.5000000000000000000 ) ;
#8829 = CARTESIAN_POINT ( 'NONE',  ( -5.810746011251034700, 0.05071045344969845500, 0.1320850987890115900 ) ) ;
#8830 = ORIENTED_EDGE ( 'NONE', *, *, #5318, .T. ) ;
#8831 = CARTESIAN_POINT ( 'NONE',  ( 4.853553390593274800, 7.146446609406734900, 20.00000000000000000 ) ) ;
#8832 = DIRECTION ( 'NONE',  ( -3.469446951953611000E-015, 1.000000000000000000, 0.0000000000000000000 ) ) ;
#8833 = EDGE_LOOP ( 'NONE', ( #4494, #3172, #6389, #2018 ) ) ;
#8834 = CYLINDRICAL_SURFACE ( 'NONE', #5518, 0.2500000000000002200 ) ;
#8835 = EDGE_CURVE ( 'NONE', #8436, #6754, #2588, .T. ) ;
#8836 = EDGE_LOOP ( 'NONE', ( #1784, #2128, #4233, #997 ) ) ;
#8837 = DIRECTION ( 'NONE',  ( 0.0000000000000000000, 0.0000000000000000000, 1.000000000000000000 ) ) ;
#8838 = ORIENTED_EDGE ( 'NONE', *, *, #6716, .F. ) ;
#8839 = EDGE_CURVE ( 'NONE', #849, #5771, #7087, .T. ) ;
#8840 = CARTESIAN_POINT ( 'NONE',  ( 5.989959552787908600, 0.002690329722128821100, -9.728541104607050000 ) ) ;
#8841 = AXIS2_PLACEMENT_3D ( 'NONE', #5524, #2545, #7075 ) ;
#8842 = ORIENTED_EDGE ( 'NONE', *, *, #5216, .T. ) ;
#8843 = VECTOR ( 'NONE', #3988, 1000.000000000000000 ) ;
#8844 = CYLINDRICAL_SURFACE ( 'NONE', #9392, 0.2500000000000002200 ) ;
#8845 = VERTEX_POINT ( 'NONE', #804 ) ;
#8846 = CARTESIAN_POINT ( 'NONE',  ( -5.999999999999996400, 0.2500000000000002200, -0.1250000000000001100 ) ) ;
#8847 = ORIENTED_EDGE ( 'NONE', *, *, #8876, .F. ) ;
#8848 = PLANE ( 'NONE',  #525 ) ;
#8849 = VERTEX_POINT ( 'NONE', #6804 ) ;
#8850 = AXIS2_PLACEMENT_3D ( 'NONE', #1527, #6841, #6942 ) ;
#8851 = CIRCLE ( 'NONE', #8581, 0.4999999999999995600 ) ;
#8852 = EDGE_LOOP ( 'NONE', ( #488, #6515, #714, #2272 ) ) ;
#8853 = CYLINDRICAL_SURFACE ( 'NONE', #4498, 0.2500000000000002200 ) ;
#8854 =( BOUNDED_CURVE ( )  B_SPLINE_CURVE ( 3, ( #5717, #9486, #4945, #4254 ),
 .UNSPECIFIED., .F., .F. ) 
 B_SPLINE_CURVE_WITH_KNOTS ( ( 4, 4 ),
 ( 0.0000000000000000000, 1.570796326794896100 ),
 .UNSPECIFIED. ) 
 CURVE ( )  GEOMETRIC_REPRESENTATION_ITEM ( )  RATIONAL_B_SPLINE_CURVE ( ( 1.000000000000000000, 0.8047378541243650500, 0.8047378541243650500, 1.000000000000000000 ) ) 
 REPRESENTATION_ITEM ( '' )  );
#8855 = DIRECTION ( 'NONE',  ( 1.000000000000000000, 0.0000000000000000000, 0.0000000000000000000 ) ) ;
#8856 = DIRECTION ( 'NONE',  ( 0.2588190451025159100, 0.9659258262890696400, 0.0000000000000000000 ) ) ;
#8857 = ORIENTED_EDGE ( 'NONE', *, *, #828, .T. ) ;
#8858 = ADVANCED_FACE ( 'NONE', ( #6499 ), #3764, .T. ) ;
#8859 = AXIS2_PLACEMENT_3D ( 'NONE', #6653, #9724, #3676 ) ;
#8860 = VERTEX_POINT ( 'NONE', #2391 ) ;
#8861 = EDGE_CURVE ( 'NONE', #122, #201, #8385, .T. ) ;
#8862 = CIRCLE ( 'NONE', #683, 0.09999999999999939500 ) ;
#8863 = CARTESIAN_POINT ( 'NONE',  ( 5.796497433456097200, 0.05452834836309979800, -9.624999999999998200 ) ) ;
#8864 = LINE ( 'NONE', #5089, #3181 ) ;
#8865 = CARTESIAN_POINT ( 'NONE',  ( -5.814704761275624600, 0.3084687546800468600, 0.1250000000000001100 ) ) ;
#8866 = ORIENTED_EDGE ( 'NONE', *, *, #3247, .F. ) ;
#8867 = CYLINDRICAL_SURFACE ( 'NONE', #291, 0.2500000000000002200 ) ;
#8868 = AXIS2_PLACEMENT_3D ( 'NONE', #6695, #2948, #5167 ) ;
#8869 = ORIENTED_EDGE ( 'NONE', *, *, #8617, .T. ) ;
#8870 = CARTESIAN_POINT ( 'NONE',  ( 1.330407161568939100E-016, 5.499999999999998200, -20.00000000000000000 ) ) ;
#8871 = VERTEX_POINT ( 'NONE', #5496 ) ;
#8872 = CIRCLE ( 'NONE', #3821, 0.5000000000000004400 ) ;
#8873 = DIRECTION ( 'NONE',  ( 0.7071067811865510100, -0.7071067811865440200, 0.0000000000000000000 ) ) ;
#8874 = AXIS2_PLACEMENT_3D ( 'NONE', #5221, #6007, #5251 ) ;
#8875 = CARTESIAN_POINT ( 'NONE',  ( 4.500000000000002700, 6.792893218813461900, -9.874999999999998200 ) ) ;
#8876 = EDGE_CURVE ( 'NONE', #7149, #139, #1775, .T. ) ;
#8877 = DIRECTION ( 'NONE',  ( 2.602085213965201600E-015, -1.000000000000000000, -0.0000000000000000000 ) ) ;
#8878 = ORIENTED_EDGE ( 'NONE', *, *, #4633, .F. ) ;
#8879 = ORIENTED_EDGE ( 'NONE', *, *, #7496, .T. ) ;
#8880 = CARTESIAN_POINT ( 'NONE',  ( -5.749999999999996400, 0.3258063432102991100, -10.24999999999999600 ) ) ;
#8881 = CARTESIAN_POINT ( 'NONE',  ( -5.993015931438598900, 0.001871375530909929700, 0.2760813697091303300 ) ) ;
#8882 = ORIENTED_EDGE ( 'NONE', *, *, #4262, .F. ) ;
#8883 = ORIENTED_EDGE ( 'NONE', *, *, #1619, .T. ) ;
#8884 = LINE ( 'NONE', #5669, #5938 ) ;
#8885 = CARTESIAN_POINT ( 'NONE',  ( 2.205814964729674400E-021, 0.7500000000000006700, -10.00000000000000000 ) ) ;
#8886 = DIRECTION ( 'NONE',  ( -2.891205793294680300E-016, -0.0000000000000000000, -1.000000000000000000 ) ) ;
#8887 = DIRECTION ( 'NONE',  ( -0.2588190451025151900, 0.9659258262890698700, 0.0000000000000000000 ) ) ;
#8889 = ORIENTED_EDGE ( 'NONE', *, *, #8568, .T. ) ;
#8888 = EDGE_CURVE ( 'NONE', #3555, #6409, #958, .T. ) ;
#8890 = VERTEX_POINT ( 'NONE', #3127 ) ;
#8891 = ORIENTED_EDGE ( 'NONE', *, *, #1113, .F. ) ;
#8892 = AXIS2_PLACEMENT_3D ( 'NONE', #8004, #9429, #3476 ) ;
#8893 = ORIENTED_EDGE ( 'NONE', *, *, #1611, .T. ) ;
#8894 = EDGE_CURVE ( 'NONE', #1110, #6293, #5557, .T. ) ;
#8895 = LINE ( 'NONE', #620, #872 ) ;
#8896 = EDGE_CURVE ( 'NONE', #6853, #8418, #6010, .T. ) ;
#8897 = CC_DESIGN_PERSON_AND_ORGANIZATION_ASSIGNMENT ( #3384, #1166, ( #178 ) ) ;
#8898 = CARTESIAN_POINT ( 'NONE',  ( -5.685295238724367400, 0.08432488663803175400, 0.3750000000000001100 ) ) ;
#8899 = ORIENTED_EDGE ( 'NONE', *, *, #5705, .T. ) ;
#8900 = ORIENTED_EDGE ( 'NONE', *, *, #7831, .T. ) ;
#8901 = CARTESIAN_POINT ( 'NONE',  ( -5.989959552787899700, 0.002690329722127208700, 9.853541104607051800 ) ) ;
#8902 = EDGE_CURVE ( 'NONE', #2586, #2561, #3526, .T. ) ;
#8903 = CARTESIAN_POINT ( 'NONE',  ( 6.000000000000003600, -2.168404344971008900E-016, 10.30801270189222100 ) ) ;
#8904 = CIRCLE ( 'NONE', #6224, 0.2500000000000002200 ) ;
#8905 = CARTESIAN_POINT ( 'NONE',  ( 2.969669914110093100, 8.676776695296634800, 10.37500000000000000 ) ) ;
#8906 = ORIENTED_EDGE ( 'NONE', *, *, #7314, .T. ) ;
#8907 = DIRECTION ( 'NONE',  ( 0.7071067811865501300, -0.7071067811865449100, 0.0000000000000000000 ) ) ;
#8908 = DIRECTION ( 'NONE',  ( -0.7071067811865510100, -0.7071067811865441300, -0.0000000000000000000 ) ) ;
#8909 = ADVANCED_FACE ( 'NONE', ( #579 ), #5304, .T. ) ;
#8910 = CIRCLE ( 'NONE', #9047, 0.2500000000000002200 ) ;
#8911 = DIRECTION ( 'NONE',  ( -0.7071067811865458000, -0.7071067811865492400, 0.0000000000000000000 ) ) ;
#8912 = CARTESIAN_POINT ( 'NONE',  ( 2.792893218813457400, 8.499999999999998200, 10.37500000000000000 ) ) ;
#8913 = AXIS2_PLACEMENT_3D ( 'NONE', #6429, #9394, #1901 ) ;
#8914 = DIRECTION ( 'NONE',  ( 1.000000000000000000, 1.561251128379125100E-014, 0.0000000000000000000 ) ) ;
#8915 = ORIENTED_EDGE ( 'NONE', *, *, #8057, .F. ) ;
#8916 = CARTESIAN_POINT ( 'NONE',  ( 5.685295238724375400, 0.08432488663803235100, 10.37500000000000000 ) ) ;
#8917 = LINE ( 'NONE', #1032, #4543 ) ;
#8918 = AXIS2_PLACEMENT_3D ( 'NONE', #191, #7667, #6938 ) ;
#8919 = EDGE_CURVE ( 'NONE', #874, #7350, #3041, .T. ) ;
#8920 = CARTESIAN_POINT ( 'NONE',  ( 4.750000000000000000, 5.499999999999998200, 0.1250000000000001100 ) ) ;
#8921 = DIRECTION ( 'NONE',  ( -0.0000000000000000000, -1.000000000000000000, -0.0000000000000000000 ) ) ;
#8922 = VERTEX_POINT ( 'NONE', #8471 ) ;
#8923 = CARTESIAN_POINT ( 'NONE',  ( 4.230470994369924600, 0.7329629131445349900, 10.37500000000000000 ) ) ;
#8924 = AXIS2_PLACEMENT_3D ( 'NONE', #3548, #2044, #2713 ) ;
#8925 = CARTESIAN_POINT ( 'NONE',  ( 19.29289321881344700, 5.000000000000010700, -20.00000000000000000 ) ) ;
#8926 = FACE_OUTER_BOUND ( 'NONE', #2793, .T. ) ;
#8927 = DIRECTION ( 'NONE',  ( 1.000000000000000000, 0.0000000000000000000, 0.0000000000000000000 ) ) ;
#8928 = AXIS2_PLACEMENT_3D ( 'NONE', #172, #6166, #2431 ) ;
#8929 = ORIENTED_EDGE ( 'NONE', *, *, #2547, .F. ) ;
#8930 = EDGE_CURVE ( 'NONE', #7723, #6371, #4348, .T. ) ;
#8931 = DIRECTION ( 'NONE',  ( -0.7071067811865441300, -0.7071067811865510100, 0.0000000000000000000 ) ) ;
#8932 = FACE_OUTER_BOUND ( 'NONE', #1464, .T. ) ;
#8933 = CIRCLE ( 'NONE', #4174, 1.500000000000004900 ) ;
#8934 = DIRECTION ( 'NONE',  ( -0.9659258262890697600, -0.2588190451025158500, 3.928570393730797400E-016 ) ) ;
#8935 = CARTESIAN_POINT ( 'NONE',  ( 5.250000000000000000, 5.249999999999997300, 20.00000000000000000 ) ) ;
#8936 = ORIENTED_EDGE ( 'NONE', *, *, #3889, .T. ) ;
#8937 = FACE_BOUND ( 'NONE', #7330, .T. ) ;
#8938 = AXIS2_PLACEMENT_3D ( 'NONE', #8994, #9133, #5339 ) ;
#8939 = AXIS2_PLACEMENT_3D ( 'NONE', #3951, #7787, #3243 ) ;
#8940 = DIRECTION ( 'NONE',  ( -1.734723475976795500E-015, -1.000000000000000000, 5.015442563508396600E-031 ) ) ;
#8941 = EDGE_CURVE ( 'NONE', #7840, #7841, #8027, .T. ) ;
#8942 = EDGE_CURVE ( 'NONE', #4876, #9168, #4838, .T. ) ;
#8943 = DIRECTION ( 'NONE',  ( -0.0000000000000000000, -1.000000000000000000, -0.0000000000000000000 ) ) ;
#8944 = EDGE_LOOP ( 'NONE', ( #7587, #3332, #1769, #6640 ) ) ;
#8945 = FACE_OUTER_BOUND ( 'NONE', #8383, .T. ) ;
#8946 = FACE_OUTER_BOUND ( 'NONE', #7945, .T. ) ;
#8947 = CARTESIAN_POINT ( 'NONE',  ( 12.50000000000000000, 5.467267279399634600, 12.50000000000000000 ) ) ;
#8948 = DIRECTION ( 'NONE',  ( 0.7071067811865490200, -0.7071067811865460200, -0.0000000000000000000 ) ) ;
#8949 = CARTESIAN_POINT ( 'NONE',  ( 1.330407161568939100E-016, 5.499999999999998200, 20.00000000000000000 ) ) ;
#8950 = ORIENTED_EDGE ( 'NONE', *, *, #6167, .F. ) ;
#8951 = ADVANCED_FACE ( 'NONE', ( #4468 ), #6150, .F. ) ;
#8952 = ORIENTED_EDGE ( 'NONE', *, *, #1271, .T. ) ;
#8953 = DIRECTION ( 'NONE',  ( -2.602085213965199200E-015, 1.000000000000000000, 0.0000000000000000000 ) ) ;
#8954 = ORIENTED_EDGE ( 'NONE', *, *, #1151, .F. ) ;
#8955 = CIRCLE ( 'NONE', #7407, 0.2500000000000000000 ) ;
#8956 = VERTEX_POINT ( 'NONE', #6194 ) ;
#8957 = ORIENTED_EDGE ( 'NONE', *, *, #278, .F. ) ;
#8958 = DIRECTION ( 'NONE',  ( 0.0000000000000000000, 0.0000000000000000000, -1.000000000000000000 ) ) ;
#8959 = AXIS2_PLACEMENT_3D ( 'NONE', #6456, #7211, #7252 ) ;
#8960 = CARTESIAN_POINT ( 'NONE',  ( 12.50000000000000500, 5.400000000000003900, 12.50000000000000000 ) ) ;
#8961 = VERTEX_POINT ( 'NONE', #9151 ) ;
#8962 = VECTOR ( 'NONE', #1006, 1000.000000000000000 ) ;
#8963 = CIRCLE ( 'NONE', #4135, 2.849999999999998300 ) ;
#8964 = VERTEX_POINT ( 'NONE', #153 ) ;
#8965 = CARTESIAN_POINT ( 'NONE',  ( 1.330407161568939100E-016, 5.499999999999998200, 10.22500000000000000 ) ) ;
#8966 = CARTESIAN_POINT ( 'NONE',  ( 5.750000000000003600, 5.249999999999997300, -10.12499999999999800 ) ) ;
#8967 = EDGE_LOOP ( 'NONE', ( #9248, #1773, #8559, #4340 ) ) ;
#8968 = ORIENTED_EDGE ( 'NONE', *, *, #6663, .T. ) ;
#8969 = AXIS2_PLACEMENT_3D ( 'NONE', #1985, #4337, #7368 ) ;
#8970 = CARTESIAN_POINT ( 'NONE',  ( 1.330407161568939100E-016, 5.499999999999998200, -20.00000000000000000 ) ) ;
#8971 = TOROIDAL_SURFACE ( 'NONE', #4369, 2.100000000000000100, 0.1000000000000000100 ) ;
#8972 = CARTESIAN_POINT ( 'NONE',  ( 19.75000000000000400, 0.0000000000000000000, -19.75000000000000000 ) ) ;
#8973 = ORIENTED_EDGE ( 'NONE', *, *, #6100, .F. ) ;
#8974 = CIRCLE ( 'NONE', #2164, 2.100000000000000100 ) ;
#8975 = MANIFOLD_SOLID_BREP ( 'Pin Chamfer', #5711 ) ;
#8976 = ORIENTED_EDGE ( 'NONE', *, *, #2984, .T. ) ;
#8977 = ORIENTED_EDGE ( 'NONE', *, *, #7868, .T. ) ;
#8978 = TOROIDAL_SURFACE ( 'NONE', #8157, 0.2500000000000000000, 0.2500000000000000000 ) ;
#8979 = DIRECTION ( 'NONE',  ( 0.0000000000000000000, 0.0000000000000000000, -1.000000000000000000 ) ) ;
#8980 = VERTEX_POINT ( 'NONE', #7711 ) ;
#8981 = CARTESIAN_POINT ( 'NONE',  ( -2.792893218813456500, 9.000000000000000000, 20.00000000000000000 ) ) ;
#8982 = CARTESIAN_POINT ( 'NONE',  ( -2.792893218813456500, 8.749999999999998200, 20.00000000000000000 ) ) ;
#8983 = DIRECTION ( 'NONE',  ( -1.000000000000000000, -0.0000000000000000000, 0.0000000000000000000 ) ) ;
#8984 = ORIENTED_EDGE ( 'NONE', *, *, #412, .T. ) ;
#8985 = AXIS2_PLACEMENT_3D ( 'NONE', #6228, #5563, #6297 ) ;
#8986 = ORIENTED_EDGE ( 'NONE', *, *, #8582, .F. ) ;
#8987 = DIRECTION ( 'NONE',  ( -1.000000000000000000, -6.938893903907222100E-015, 0.0000000000000000000 ) ) ;
#8988 = EDGE_LOOP ( 'NONE', ( #1205, #6487, #9496, #1068, #5131 ) ) ;
#8989 = EDGE_CURVE ( 'NONE', #9414, #345, #6720, .T. ) ;
#8990 = ORIENTED_EDGE ( 'NONE', *, *, #294, .T. ) ;
#8991 = FACE_OUTER_BOUND ( 'NONE', #5325, .T. ) ;
#8992 = CARTESIAN_POINT ( 'NONE',  ( -5.957230827270175900, 0.01145996529388421600, 9.903040106661343600 ) ) ;
#8993 = CARTESIAN_POINT ( 'NONE',  ( -2.000000000000000000, 5.499999999999998200, 0.2249999999999995100 ) ) ;
#8994 = CARTESIAN_POINT ( 'NONE',  ( 4.750000000000000000, 5.499999999999998200, -19.75000000000000000 ) ) ;
#8995 = ORIENTED_EDGE ( 'NONE', *, *, #9252, .F. ) ;
#8996 = ORIENTED_EDGE ( 'NONE', *, *, #764, .T. ) ;
#8997 = EDGE_LOOP ( 'NONE', ( #8996, #5586, #352, #5710 ) ) ;
#8998 = DIRECTION ( 'NONE',  ( -1.000000000000000000, 0.0000000000000000000, 0.0000000000000000000 ) ) ;
#8999 = EDGE_LOOP ( 'NONE', ( #4158, #9680, #8291, #5229, #3058, #8623, #8050, #9458 ) ) ;
#9000 = LINE ( 'NONE', #1534, #7011 ) ;
#9001 = AXIS2_PLACEMENT_3D ( 'NONE', #6514, #8117, #8717 ) ;
#9002 = DIRECTION ( 'NONE',  ( 0.0000000000000000000, 0.0000000000000000000, -1.000000000000000000 ) ) ;
#9003 = EDGE_CURVE ( 'NONE', #3078, #6409, #8963, .T. ) ;
#9004 = ADVANCED_FACE ( 'NONE', ( #1065 ), #8629, .T. ) ;
#9005 = CARTESIAN_POINT ( 'NONE',  ( -19.29289321881348200, 5.249999999999962700, 20.00000000000000000 ) ) ;
#9006 = CARTESIAN_POINT ( 'NONE',  ( 5.929039484401033500, 0.04174514199130713300, 10.17507074247377700 ) ) ;
#9007 = CARTESIAN_POINT ( 'NONE',  ( 3.000000000000002700, 9.000000000000000000, 20.00000000000000000 ) ) ;
#9008 = VERTEX_POINT ( 'NONE', #3426 ) ;
#9009 = EDGE_LOOP ( 'NONE', ( #7288, #3786, #2707, #1156 ) ) ;
#9010 = CARTESIAN_POINT ( 'NONE',  ( 4.101061471818666400, 0.5000000000000001100, 19.75000000000000000 ) ) ;
#9011 = DIRECTION ( 'NONE',  ( 1.000000000000000000, 2.602085213965201600E-015, -0.0000000000000000000 ) ) ;
#9012 = CIRCLE ( 'NONE', #5236, 2.000000000000000000 ) ;
#9013 = CARTESIAN_POINT ( 'NONE',  ( 1.330407161568939100E-016, 5.499999999999998200, 19.50000000000000400 ) ) ;
#9014 = CIRCLE ( 'NONE', #6923, 0.2500000000000003300 ) ;
#9015 = VERTEX_POINT ( 'NONE', #2550 ) ;
#9016 = ORIENTED_EDGE ( 'NONE', *, *, #7952, .F. ) ;
#9017 = DIRECTION ( 'NONE',  ( 1.000000000000000000, 0.0000000000000000000, 0.0000000000000000000 ) ) ;
#9018 = VECTOR ( 'NONE', #1567, 1000.000000000000100 ) ;
#9019 = CARTESIAN_POINT ( 'NONE',  ( -4.101061471818665500, 0.5000000000000001100, 20.00000000000000000 ) ) ;
#9020 = DIRECTION ( 'NONE',  ( -1.000000000000000000, 0.0000000000000000000, 0.0000000000000000000 ) ) ;
#9021 = CARTESIAN_POINT ( 'NONE',  ( -5.893211169802990300, 0.1319926310135617600, 10.01909069742771200 ) ) ;
#9022 = ORIENTED_EDGE ( 'NONE', *, *, #6436, .F. ) ;
#9023 = AXIS2_PLACEMENT_3D ( 'NONE', #9175, #2384, #869 ) ;
#9024 = CARTESIAN_POINT ( 'NONE',  ( 3.146446609406729600, 8.853553390593273100, 20.00000000000000000 ) ) ;
#9025 = DIRECTION ( 'NONE',  ( 1.000000000000000000, 0.0000000000000000000, 0.0000000000000000000 ) ) ;
#9026 = CIRCLE ( 'NONE', #3226, 2.749999999999999100 ) ;
#9027 = EDGE_CURVE ( 'NONE', #8860, #8594, #6272, .T. ) ;
#9028 = CARTESIAN_POINT ( 'NONE',  ( 5.800890086098220900, 0.2985344282647650100, 2.024244463823957900E-016 ) ) ;
#9029 = VERTEX_POINT ( 'NONE', #5686 ) ;
#9030 = CARTESIAN_POINT ( 'NONE',  ( 5.999104102473081600, 0.0002400550188401541100, -0.1684752697847810600 ) ) ;
#9031 = DIRECTION ( 'NONE',  ( 0.0000000000000000000, 0.0000000000000000000, 1.000000000000000000 ) ) ;
#9032 = DIRECTION ( 'NONE',  ( 1.000000000000000000, 8.673617379884004900E-016, 0.0000000000000000000 ) ) ;
#9033 = CARTESIAN_POINT ( 'NONE',  ( -4.553649124439097300E-015, 5.249999999999993800, 10.37500000000000000 ) ) ;
#9034 = CIRCLE ( 'NONE', #3672, 2.849999999999998300 ) ;
#9035 = ADVANCED_FACE ( 'NONE', ( #6972 ), #350, .T. ) ;
#9036 = AXIS2_PLACEMENT_3D ( 'NONE', #6152, #7572, #5285 ) ;
#9037 = CARTESIAN_POINT ( 'NONE',  ( 4.750000000000000000, 5.499999999999998200, 0.1250000000000001100 ) ) ;
#9038 = ORIENTED_EDGE ( 'NONE', *, *, #8753, .T. ) ;
#9039 = DIRECTION ( 'NONE',  ( -0.0000000000000000000, 0.0000000000000000000, 1.000000000000000000 ) ) ;
#9040 = FACE_OUTER_BOUND ( 'NONE', #716, .T. ) ;
#9041 = AXIS2_PLACEMENT_3D ( 'NONE', #2188, #9686, #7486 ) ;
#9042 = ORIENTED_EDGE ( 'NONE', *, *, #8989, .T. ) ;
#9043 = EDGE_CURVE ( 'NONE', #3011, #9633, #2922, .T. ) ;
#9044 = VECTOR ( 'NONE', #3856, 1000.000000000000100 ) ;
#9045 = CARTESIAN_POINT ( 'NONE',  ( 4.750000000000002700, 6.792893218813461000, 19.75000000000000000 ) ) ;
#9046 = ADVANCED_FACE ( 'NONE', ( #4733 ), #3333, .F. ) ;
#9047 = AXIS2_PLACEMENT_3D ( 'NONE', #7598, #4414, #9706 ) ;
#9048 = CARTESIAN_POINT ( 'NONE',  ( -5.999999999999996400, 5.249999999999996400, 10.25000000000000000 ) ) ;
#9049 = DIRECTION ( 'NONE',  ( -1.000000000000000000, 0.0000000000000000000, 0.0000000000000000000 ) ) ;
#9050 = ORIENTED_EDGE ( 'NONE', *, *, #9067, .T. ) ;
#9051 = FACE_OUTER_BOUND ( 'NONE', #4124, .T. ) ;
#9052 = ORIENTED_EDGE ( 'NONE', *, *, #6249, .T. ) ;
#9053 = CARTESIAN_POINT ( 'NONE',  ( 6.000000000000003600, 0.2500000000000000000, 20.00000000000000000 ) ) ;
#9054 = CIRCLE ( 'NONE', #1840, 2.776005992660403300 ) ;
#9055 = DIRECTION ( 'NONE',  ( 0.0000000000000000000, 1.000000000000000000, 0.0000000000000000000 ) ) ;
#9056 = EDGE_CURVE ( 'NONE', #3071, #6749, #9335, .T. ) ;
#9057 = CARTESIAN_POINT ( 'NONE',  ( 4.165766233094295500, 0.4914814565722677200, 19.75000000000000000 ) ) ;
#9058 = ORIENTED_EDGE ( 'NONE', *, *, #2678, .F. ) ;
#9059 = LINE ( 'NONE', #3348, #7175 ) ;
#9060 = DATE_AND_TIME ( #7309, #921 ) ;
#9061 = CARTESIAN_POINT ( 'NONE',  ( 19.29289321881344700, 5.250000000000010700, 20.00000000000000000 ) ) ;
#9062 = CARTESIAN_POINT ( 'NONE',  ( 19.67677669529663800, 4.969669914110091300, -20.00000000000000000 ) ) ;
#9063 = EDGE_LOOP ( 'NONE', ( #2845, #8668, #4266, #5547 ) ) ;
#9064 = CARTESIAN_POINT ( 'NONE',  ( 19.50000000000000400, 0.5000000000000000000, 19.75000000000000000 ) ) ;
#9065 = DIRECTION ( 'NONE',  ( 0.0000000000000000000, 0.0000000000000000000, 1.000000000000000000 ) ) ;
#9066 = DIRECTION ( 'NONE',  ( -0.7071067811865460200, -0.7071067811865490200, 0.0000000000000000000 ) ) ;
#9067 = EDGE_CURVE ( 'NONE', #3899, #624, #2479, .T. ) ;
#9068 = ORIENTED_EDGE ( 'NONE', *, *, #1301, .F. ) ;
#9069 = LINE ( 'NONE', #9380, #7077 ) ;
#9070 = CIRCLE ( 'NONE', #9138, 0.2500000000000002200 ) ;
#9071 = AXIS2_PLACEMENT_3D ( 'NONE', #5124, #1340, #7417 ) ;
#9072 = CARTESIAN_POINT ( 'NONE',  ( -12.50000000000000000, 2.750000000000000900, -12.50000000000000000 ) ) ;
#9073 = VERTEX_POINT ( 'NONE', #3296 ) ;
#9074 = EDGE_CURVE ( 'NONE', #5777, #5566, #2226, .T. ) ;
#9075 = DIRECTION ( 'NONE',  ( 0.0000000000000000000, 1.000000000000000000, 0.0000000000000000000 ) ) ;
#9076 = EDGE_CURVE ( 'NONE', #9168, #8183, #4239, .T. ) ;
#9077 = ORIENTED_EDGE ( 'NONE', *, *, #7381, .F. ) ;
#9078 = CARTESIAN_POINT ( 'NONE',  ( -5.250000000000000000, 5.750000000000000000, -9.999999999999998200 ) ) ;
#9079 = DIRECTION ( 'NONE',  ( -1.000000000000000000, 0.0000000000000000000, 0.0000000000000000000 ) ) ;
#9080 = ORIENTED_EDGE ( 'NONE', *, *, #9339, .F. ) ;
#9081 = LINE ( 'NONE', #4444, #6971 ) ;
#9082 = TOROIDAL_SURFACE ( 'NONE', #230, 2.849999999999998300, 0.1000000000000000100 ) ;
#9083 = DIRECTION ( 'NONE',  ( 0.7071067811865492400, -0.7071067811865458000, 0.0000000000000000000 ) ) ;
#9084 = EDGE_LOOP ( 'NONE', ( #7042, #7999, #5194, #5362 ) ) ;
#9085 = CARTESIAN_POINT ( 'NONE',  ( 2.792893218813457400, 8.749999999999998200, -9.874999999999998200 ) ) ;
#9086 = ORIENTED_EDGE ( 'NONE', *, *, #1124, .F. ) ;
#9087 = ADVANCED_FACE ( 'NONE', ( #4949 ), #8844, .T. ) ;
#9088 = CARTESIAN_POINT ( 'NONE',  ( 1.330407161568939100E-016, 5.499999999999998200, 9.750000000000000000 ) ) ;
#9089 = TOROIDAL_SURFACE ( 'NONE', #5255, 0.2500000000000000000, 0.2500000000000000000 ) ;
#9090 = ORIENTED_EDGE ( 'NONE', *, *, #7717, .F. ) ;
#9091 = CIRCLE ( 'NONE', #6786, 0.5000000000000004400 ) ;
#9092 = ORIENTED_EDGE ( 'NONE', *, *, #6558, .T. ) ;
#9093 = DIRECTION ( 'NONE',  ( 0.0000000000000000000, 0.0000000000000000000, -1.000000000000000000 ) ) ;
#9094 = EDGE_LOOP ( 'NONE', ( #2439, #51, #5990, #3549 ) ) ;
#9095 = LINE ( 'NONE', #4067, #4140 ) ;
#9096 = AXIS2_PLACEMENT_3D ( 'NONE', #474, #2024, #1260 ) ;
#9097 = CARTESIAN_POINT ( 'NONE',  ( 3.146446609406729600, 8.853553390593273100, 19.75000000000000000 ) ) ;
#9098 = CIRCLE ( 'NONE', #7609, 0.2500000000000002200 ) ;
#9099 = DIRECTION ( 'NONE',  ( -1.000000000000000000, -0.0000000000000000000, 0.0000000000000000000 ) ) ;
#9100 = ADVANCED_FACE ( 'NONE', ( #1291 ), #9670, .T. ) ;
#9101 = CARTESIAN_POINT ( 'NONE',  ( -5.249999999999999100, 5.500000000000000000, 0.3750000000000003300 ) ) ;
#9102 = VERTEX_POINT ( 'NONE', #1071 ) ;
#9103 = FACE_OUTER_BOUND ( 'NONE', #7250, .T. ) ;
#9104 = ORIENTED_EDGE ( 'NONE', *, *, #2730, .T. ) ;
#9105 = AXIS2_PLACEMENT_3D ( 'NONE', #4253, #2019, #8058 ) ;
#9106 = ORIENTED_EDGE ( 'NONE', *, *, #1113, .T. ) ;
#9107 = EDGE_CURVE ( 'NONE', #1588, #122, #4011, .T. ) ;
#9108 = VECTOR ( 'NONE', #6191, 1000.000000000000000 ) ;
#9109 = CARTESIAN_POINT ( 'NONE',  ( -12.50000000000002700, 5.467267279399611500, 12.50000000000000000 ) ) ;
#9110 = DIRECTION ( 'NONE',  ( 0.0000000000000000000, 0.0000000000000000000, 1.000000000000000000 ) ) ;
#9111 = ORIENTED_EDGE ( 'NONE', *, *, #5132, .F. ) ;
#9112 = EDGE_LOOP ( 'NONE', ( #5427, #5181, #2388, #6517 ) ) ;
#9113 = AXIS2_PLACEMENT_3D ( 'NONE', #2234, #6793, #3049 ) ;
#9114 = ORIENTED_EDGE ( 'NONE', *, *, #7187, .T. ) ;
#9115 = ADVANCED_FACE ( 'NONE', ( #8740 ), #3398, .T. ) ;
#9116 = DIRECTION ( 'NONE',  ( 0.0000000000000000000, 1.000000000000000000, 0.0000000000000000000 ) ) ;
#9117 = CARTESIAN_POINT ( 'NONE',  ( -5.250000000000000000, 5.750000000000000000, -19.75000000000000000 ) ) ;
#9118 = EDGE_LOOP ( 'NONE', ( #5570, #685, #5772, #7839 ) ) ;
#9119 = CYLINDRICAL_SURFACE ( 'NONE', #6185, 0.2500000000000002200 ) ;
#9120 = DIRECTION ( 'NONE',  ( -1.000000000000000000, 0.0000000000000000000, 0.0000000000000000000 ) ) ;
#9121 = DIRECTION ( 'NONE',  ( 1.000000000000000000, 0.0000000000000000000, 0.0000000000000000000 ) ) ;
#9122 = AXIS2_PLACEMENT_3D ( 'NONE', #7998, #6430, #4199 ) ;
#9123 = DIRECTION ( 'NONE',  ( 8.673617379884004900E-016, -1.000000000000000000, 0.0000000000000000000 ) ) ;
#9124 = EDGE_CURVE ( 'NONE', #9391, #5916, #7911, .T. ) ;
#9125 = CARTESIAN_POINT ( 'NONE',  ( 4.750000000000000000, 5.749999999999998200, 19.75000000000000000 ) ) ;
#9126 = VERTEX_POINT ( 'NONE', #9541 ) ;
#9127 = ORIENTED_EDGE ( 'NONE', *, *, #88, .T. ) ;
#9128 = CARTESIAN_POINT ( 'NONE',  ( -4.823223304703362600, 6.823223304703364400, 9.750000000000000000 ) ) ;
#9129 = CARTESIAN_POINT ( 'NONE',  ( -4.676776695296637400, 6.969669914110092200, -19.75000000000000000 ) ) ;
#9130 = LINE ( 'NONE', #40, #3810 ) ;
#9131 = FACE_OUTER_BOUND ( 'NONE', #434, .T. ) ;
#9132 = DIRECTION ( 'NONE',  ( 1.000000000000000000, 2.602085213965201600E-015, -0.0000000000000000000 ) ) ;
#9133 = DIRECTION ( 'NONE',  ( 0.0000000000000000000, -1.000000000000000000, 0.0000000000000000000 ) ) ;
#9135 = ORIENTED_EDGE ( 'NONE', *, *, #5150, .F. ) ;
#9134 = AXIS2_PLACEMENT_3D ( 'NONE', #3176, #234, #3142 ) ;
#9136 = CARTESIAN_POINT ( 'NONE',  ( 19.75000000000000400, 4.792893218813453900, 20.00000000000000000 ) ) ;
#9137 = EDGE_LOOP ( 'NONE', ( #2711, #1563, #2464, #8893 ) ) ;
#9138 = AXIS2_PLACEMENT_3D ( 'NONE', #8039, #2764, #8702 ) ;
#9139 = DIRECTION ( 'NONE',  ( -1.000000000000000000, 0.0000000000000000000, 0.0000000000000000000 ) ) ;
#9140 = EDGE_CURVE ( 'NONE', #626, #65, #2911, .T. ) ;
#9141 = LINE ( 'NONE', #1605, #6059 ) ;
#9142 = EDGE_CURVE ( 'NONE', #1451, #2282, #1764, .T. ) ;
#9143 = CARTESIAN_POINT ( 'NONE',  ( 12.50000000000000000, 0.0000000000000000000, 15.35000000000000000 ) ) ;
#9144 = ADVANCED_FACE ( 'NONE', ( #9327 ), #7796, .T. ) ;
#9145 = DIRECTION ( 'NONE',  ( -0.0000000000000000000, -0.0000000000000000000, -1.000000000000000000 ) ) ;
#9146 = DIRECTION ( 'NONE',  ( -0.0000000000000000000, -0.0000000000000000000, -1.000000000000000000 ) ) ;
#9147 = ORIENTED_EDGE ( 'NONE', *, *, #7361, .F. ) ;
#9148 = CARTESIAN_POINT ( 'NONE',  ( -2.792893218813456500, 9.000000000000000000, 20.00000000000000000 ) ) ;
#9149 = DIRECTION ( 'NONE',  ( 0.0000000000000000000, 1.000000000000000000, -0.0000000000000000000 ) ) ;
#9150 = CIRCLE ( 'NONE', #283, 0.2500000000000002200 ) ;
#9151 = CARTESIAN_POINT ( 'NONE',  ( 1.330407161568939100E-016, 0.7499999999999983300, -20.00000000000000000 ) ) ;
#9152 = ORIENTED_EDGE ( 'NONE', *, *, #5886, .F. ) ;
#9153 = DIRECTION ( 'NONE',  ( 0.0000000000000000000, 0.0000000000000000000, 1.000000000000000000 ) ) ;
#9154 = ADVANCED_FACE ( 'NONE', ( #5662 ), #2466, .F. ) ;
#9155 = DIRECTION ( 'NONE',  ( 0.0000000000000000000, -1.000000000000000000, 0.0000000000000000000 ) ) ;
#9156 = CARTESIAN_POINT ( 'NONE',  ( -19.29289321881348200, 4.999999999999962700, 19.75000000000000000 ) ) ;
#9157 = FACE_OUTER_BOUND ( 'NONE', #6418, .T. ) ;
#9158 = AXIS2_PLACEMENT_3D ( 'NONE', #9538, #8280, #9762 ) ;
#9159 = DIRECTION ( 'NONE',  ( 0.0000000000000000000, 0.0000000000000000000, 1.000000000000000000 ) ) ;
#9160 = DIRECTION ( 'NONE',  ( -1.000000000000000000, 0.0000000000000000000, 0.0000000000000000000 ) ) ;
#9161 = ORIENTED_EDGE ( 'NONE', *, *, #8766, .F. ) ;
#9162 = CARTESIAN_POINT ( 'NONE',  ( 5.750000000000003600, 0.3258063432103001100, -9.874999999999998200 ) ) ;
#9163 = DIRECTION ( 'NONE',  ( 1.000000000000000000, 0.0000000000000000000, -0.0000000000000000000 ) ) ;
#9164 = ADVANCED_FACE ( 'NONE', ( #9200 ), #5899, .T. ) ;
#9165 = AXIS2_PLACEMENT_3D ( 'NONE', #9537, #6507, #5842 ) ;
#9166 = CARTESIAN_POINT ( 'NONE',  ( 5.989959552787909500, 0.002690329722127574700, -0.1464588953929464900 ) ) ;
#9167 = CARTESIAN_POINT ( 'NONE',  ( 6.000000000000003600, 0.0000000000000000000, -0.1757987876328852600 ) ) ;
#9168 = VERTEX_POINT ( 'NONE', #8061 ) ;
#9169 = CARTESIAN_POINT ( 'NONE',  ( -5.999999999999996400, 5.249999999999996400, -9.749999999999998200 ) ) ;
#9170 = LINE ( 'NONE', #7678, #3137 ) ;
#9171 = EDGE_LOOP ( 'NONE', ( #7484, #1428, #396, #7859 ) ) ;
#9172 = AXIS2_PLACEMENT_3D ( 'NONE', #3204, #6229, #9263 ) ;
#9173 = VECTOR ( 'NONE', #5829, 1000.000000000000000 ) ;
#9174 = CARTESIAN_POINT ( 'NONE',  ( -12.50000000000000000, 2.711339312526813900, 12.50000000000000000 ) ) ;
#9175 = CARTESIAN_POINT ( 'NONE',  ( -19.49999999999999600, 0.5000000000000000000, 20.00000000000000000 ) ) ;
#9176 = CARTESIAN_POINT ( 'NONE',  ( -5.800890086098212900, 0.2985344282647655600, 0.1249999999999999400 ) ) ;
#9177 = EDGE_CURVE ( 'NONE', #2135, #2139, #2218, .T. ) ;
#9178 = CARTESIAN_POINT ( 'NONE',  ( 12.50000000000000000, 0.1000000000000000100, -9.750000000000001800 ) ) ;
#9179 = EDGE_LOOP ( 'NONE', ( #4258, #494, #891, #1206 ) ) ;
#9180 = VECTOR ( 'NONE', #8552, 1000.000000000000000 ) ;
#9181 = LOCAL_TIME ( 10, 22, 12.00000000000000000, #2326 ) ;
#9182 = DIRECTION ( 'NONE',  ( 0.0000000000000000000, 0.7399400733959433700, 0.6726727939963128600 ) ) ;
#9183 = DIRECTION ( 'NONE',  ( 0.0000000000000000000, 0.0000000000000000000, 1.000000000000000000 ) ) ;
#9184 = DIRECTION ( 'NONE',  ( 0.0000000000000000000, 0.7399400733959433700, 0.6726727939963128600 ) ) ;
#9185 = DIRECTION ( 'NONE',  ( -0.0000000000000000000, -1.000000000000000000, 0.0000000000000000000 ) ) ;
#9186 = DIRECTION ( 'NONE',  ( -0.0000000000000000000, -0.0000000000000000000, 1.000000000000000000 ) ) ;
#9187 = ADVANCED_FACE ( 'NONE', ( #1058, #7078 ), #5774, .T. ) ;
#9188 = ORIENTED_EDGE ( 'NONE', *, *, #5596, .T. ) ;
#9189 = VECTOR ( 'NONE', #7036, 1000.000000000000000 ) ;
#9190 = CIRCLE ( 'NONE', #8123, 0.2499999999999999700 ) ;
#9191 = CARTESIAN_POINT ( 'NONE',  ( -4.750000000000000900, 6.792893218813454800, 20.00000000000000000 ) ) ;
#9192 = DIRECTION ( 'NONE',  ( -0.9659258262890696400, -0.2588190451025158000, 1.683673025884638800E-016 ) ) ;
#9193 = AXIS2_PLACEMENT_3D ( 'NONE', #7444, #6670, #2831 ) ;
#9194 = TOROIDAL_SURFACE ( 'NONE', #2134, 2.849999999999998300, 0.1000000000000000100 ) ;
#9195 = EDGE_CURVE ( 'NONE', #3890, #3455, #6566, .T. ) ;
#9196 = CARTESIAN_POINT ( 'NONE',  ( 1.330407161568939100E-016, 5.499999999999998200, -0.09999999999999939500 ) ) ;
#9197 = EDGE_CURVE ( 'NONE', #5063, #630, #5422, .T. ) ;
#9198 = ORIENTED_EDGE ( 'NONE', *, *, #4022, .T. ) ;
#9199 = CYLINDRICAL_SURFACE ( 'NONE', #6834, 0.2500000000000002200 ) ;
#9200 = FACE_OUTER_BOUND ( 'NONE', #8359, .T. ) ;
#9201 = DIRECTION ( 'NONE',  ( 0.0000000000000000000, 0.0000000000000000000, -1.000000000000000000 ) ) ;
#9202 = VERTEX_POINT ( 'NONE', #5074 ) ;
#9203 = ADVANCED_FACE ( 'NONE', ( #9551 ), #7319, .F. ) ;
#9204 = CARTESIAN_POINT ( 'NONE',  ( -4.676776695296637400, 6.969669914110092200, 0.0000000000000000000 ) ) ;
#9205 = DIRECTION ( 'NONE',  ( 0.0000000000000000000, -1.000000000000000000, 0.0000000000000000000 ) ) ;
#9206 = EDGE_LOOP ( 'NONE', ( #5558, #1067, #9700, #426 ) ) ;
#9207 = DIRECTION ( 'NONE',  ( 0.0000000000000000000, 0.0000000000000000000, 1.000000000000000000 ) ) ;
#9208 = VERTEX_POINT ( 'NONE', #4283 ) ;
#9209 = EDGE_CURVE ( 'NONE', #2747, #9780, #8854, .T. ) ;
#9210 = AXIS2_PLACEMENT_3D ( 'NONE', #7589, #858, #6129 ) ;
#9211 = EDGE_CURVE ( 'NONE', #5914, #6763, #7539, .T. ) ;
#9212 = DIRECTION ( 'NONE',  ( -1.000000000000000000, 0.0000000000000000000, 0.0000000000000000000 ) ) ;
#9213 = ORIENTED_EDGE ( 'NONE', *, *, #8713, .T. ) ;
#9214 = CIRCLE ( 'NONE', #1027, 0.2500000000000002200 ) ;
#9215 = LINE ( 'NONE', #8731, #3650 ) ;
#9216 = CARTESIAN_POINT ( 'NONE',  ( -2.792893218813456500, 8.749999999999998200, -10.00000000000000000 ) ) ;
#9217 = ORIENTED_EDGE ( 'NONE', *, *, #6814, .F. ) ;
#9218 = ORIENTED_EDGE ( 'NONE', *, *, #511, .F. ) ;
#9219 = ADVANCED_FACE ( 'NONE', ( #1402 ), #463, .T. ) ;
#9220 = VECTOR ( 'NONE', #6135, 1000.000000000000000 ) ;
#9221 = DIRECTION ( 'NONE',  ( -0.0000000000000000000, 0.0000000000000000000, 1.000000000000000000 ) ) ;
#9222 = ORIENTED_EDGE ( 'NONE', *, *, #424, .T. ) ;
#9223 = DIRECTION ( 'NONE',  ( 0.0000000000000000000, -1.000000000000000000, 0.0000000000000000000 ) ) ;
#9224 = FACE_OUTER_BOUND ( 'NONE', #4855, .T. ) ;
#9225 = EDGE_CURVE ( 'NONE', #175, #9474, #5049, .T. ) ;
#9226 = ORIENTED_EDGE ( 'NONE', *, *, #3665, .F. ) ;
#9227 = CARTESIAN_POINT ( 'NONE',  ( -5.989959552787899700, 0.002690329722127208700, 9.853541104607051800 ) ) ;
#9228 = ORIENTED_EDGE ( 'NONE', *, *, #5021, .T. ) ;
#9229 = EDGE_CURVE ( 'NONE', #4813, #2510, #2807, .T. ) ;
#9230 = VERTEX_POINT ( 'NONE', #3592 ) ;
#9231 = CIRCLE ( 'NONE', #606, 0.2500000000000002200 ) ;
#9232 = VERTEX_POINT ( 'NONE', #4343 ) ;
#9233 = CARTESIAN_POINT ( 'NONE',  ( -5.849496439246688200, 0.2724863621184524500, 10.01507392771275200 ) ) ;
#9234 = CARTESIAN_POINT ( 'NONE',  ( -19.49999999999999600, 0.0000000000000000000, 19.75000000000000000 ) ) ;
#9235 = DIRECTION ( 'NONE',  ( 0.0000000000000000000, 0.0000000000000000000, -1.000000000000000000 ) ) ;
#9236 = ORIENTED_EDGE ( 'NONE', *, *, #1359, .T. ) ;
#9237 = ORIENTED_EDGE ( 'NONE', *, *, #4226, .T. ) ;
#9238 = ORIENTED_EDGE ( 'NONE', *, *, #3627, .T. ) ;
#9239 = AXIS2_PLACEMENT_3D ( 'NONE', #9752, #810, #6743 ) ;
#9240 = CARTESIAN_POINT ( 'NONE',  ( 2.792893218813457400, 8.749999999999998200, -9.624999999999998200 ) ) ;
#9241 = ORIENTED_EDGE ( 'NONE', *, *, #5886, .T. ) ;
#9242 = FACE_OUTER_BOUND ( 'NONE', #4267, .T. ) ;
#9243 = DIRECTION ( 'NONE',  ( 0.0000000000000000000, 0.0000000000000000000, -1.000000000000000000 ) ) ;
#9244 = CARTESIAN_POINT ( 'NONE',  ( 5.250000000000000000, 5.499999999999998200, -3.469446951953614200E-015 ) ) ;
#9245 = CARTESIAN_POINT ( 'NONE',  ( 5.750000000000003600, 5.249999999999998200, 0.2500000000000002200 ) ) ;
#9246 = CARTESIAN_POINT ( 'NONE',  ( 1.330407161568939100E-016, 5.499999999999998200, 19.75000000000000000 ) ) ;
#9247 = ADVANCED_FACE ( 'NONE', ( #3033 ), #8249, .T. ) ;
#9248 = ORIENTED_EDGE ( 'NONE', *, *, #4844, .T. ) ;
#9249 = AXIS2_PLACEMENT_3D ( 'NONE', #4405, #5155, #645 ) ;
#9250 = ORIENTED_EDGE ( 'NONE', *, *, #6364, .F. ) ;
#9251 = EDGE_LOOP ( 'NONE', ( #5201, #4278, #3470, #9477 ) ) ;
#9252 = EDGE_CURVE ( 'NONE', #1079, #6853, #5545, .T. ) ;
#9253 = DIRECTION ( 'NONE',  ( -0.0000000000000000000, -0.0000000000000000000, -1.000000000000000000 ) ) ;
#9254 = DIRECTION ( 'NONE',  ( 0.0000000000000000000, -0.0000000000000000000, -1.000000000000000000 ) ) ;
#9255 = ORIENTED_EDGE ( 'NONE', *, *, #4279, .F. ) ;
#9256 = CARTESIAN_POINT ( 'NONE',  ( 1.500000000000005100, 5.499999999999998200, 20.00000000000000000 ) ) ;
#9257 = FACE_OUTER_BOUND ( 'NONE', #4779, .T. ) ;
#9258 = DIRECTION ( 'NONE',  ( 0.9659258262890699800, -0.2588190451025145200, 0.0000000000000000000 ) ) ;
#9259 = AXIS2_PLACEMENT_3D ( 'NONE', #8433, #6108, #7703 ) ;
#9260 = DIRECTION ( 'NONE',  ( 0.0000000000000000000, 0.0000000000000000000, 1.000000000000000000 ) ) ;
#9261 = ORIENTED_EDGE ( 'NONE', *, *, #1078, .F. ) ;
#9262 = VERTEX_POINT ( 'NONE', #1146 ) ;
#9263 = DIRECTION ( 'NONE',  ( 0.0000000000000000000, 0.0000000000000000000, -1.000000000000000000 ) ) ;
#9264 = CIRCLE ( 'NONE', #6950, 0.2500000000000002200 ) ;
#9265 = ADVANCED_FACE ( 'NONE', ( #238 ), #3516, .T. ) ;
#9266 = FACE_OUTER_BOUND ( 'NONE', #3943, .T. ) ;
#9267 = AXIS2_PLACEMENT_3D ( 'NONE', #7881, #7827, #3341 ) ;
#9268 = EDGE_CURVE ( 'NONE', #6371, #7956, #5769, .T. ) ;
#9269 = DIRECTION ( 'NONE',  ( -1.000000000000000000, 0.0000000000000000000, 0.0000000000000000000 ) ) ;
#9270 = VERTEX_POINT ( 'NONE', #3919 ) ;
#9271 = CARTESIAN_POINT ( 'NONE',  ( 6.250000000000003600, 0.0000000000000000000, 9.875000000000000000 ) ) ;
#9272 = ORIENTED_EDGE ( 'NONE', *, *, #181, .T. ) ;
#9273 = DIRECTION ( 'NONE',  ( -0.0000000000000000000, -1.000000000000000000, -0.0000000000000000000 ) ) ;
#9274 = CARTESIAN_POINT ( 'NONE',  ( 5.849496439246698800, 0.2724863621184527900, -9.890073927712752100 ) ) ;
#9275 = CIRCLE ( 'NONE', #1979, 0.2500000000000002200 ) ;
#9276 = ADVANCED_FACE ( 'NONE', ( #114 ), #6959, .T. ) ;
#9277 = AXIS2_PLACEMENT_3D ( 'NONE', #2182, #9017, #4486 ) ;
#9278 = DIRECTION ( 'NONE',  ( -1.000000000000000000, -3.469446951953610600E-015, 0.0000000000000000000 ) ) ;
#9279 = AXIS2_PLACEMENT_3D ( 'NONE', #5932, #640, #6704 ) ;
#9280 = EDGE_LOOP ( 'NONE', ( #4999, #7504, #9664, #4149 ) ) ;
#9281 = CARTESIAN_POINT ( 'NONE',  ( 0.0000000000000000000, 0.0000000000000000000, 20.00000000000000000 ) ) ;
#9282 = EDGE_CURVE ( 'NONE', #303, #3097, #1998, .T. ) ;
#9283 = CARTESIAN_POINT ( 'NONE',  ( -4.750000000000000000, 0.0000000000000000000, 19.75000000000000000 ) ) ;
#9284 = CARTESIAN_POINT ( 'NONE',  ( 17.79423698861199600, 5.400000000000008300, 12.50000000000000000 ) ) ;
#9285 = EDGE_CURVE ( 'NONE', #2131, #1841, #3882, .T. ) ;
#9286 = VECTOR ( 'NONE', #1471, 1000.000000000000000 ) ;
#9287 = DIRECTION ( 'NONE',  ( 0.0000000000000000000, 0.0000000000000000000, -1.000000000000000000 ) ) ;
#9288 = CARTESIAN_POINT ( 'NONE',  ( 6.000000000000003600, 0.2500000000000002200, -10.12499999999999800 ) ) ;
#9289 = EDGE_LOOP ( 'NONE', ( #6744, #5693, #6001, #2580 ) ) ;
#9290 = CYLINDRICAL_SURFACE ( 'NONE', #7924, 0.5000000000000004400 ) ;
#9291 = DIRECTION ( 'NONE',  ( -1.000000000000000000, 0.0000000000000000000, 0.0000000000000000000 ) ) ;
#9292 = DIRECTION ( 'NONE',  ( 0.7071067811865475700, -0.7071067811865475700, 0.0000000000000000000 ) ) ;
#9293 = CARTESIAN_POINT ( 'NONE',  ( 3.000000000000002700, 9.000000000000000000, 10.37500000000000000 ) ) ;
#9294 = DIRECTION ( 'NONE',  ( -0.0000000000000000000, -0.0000000000000000000, 1.000000000000000000 ) ) ;
#9295 =( BOUNDED_SURFACE ( )  B_SPLINE_SURFACE ( 3, 2, ( 
 ( #3748, #4541, #5273 ),
 ( #6033, #9763, #5949 ),
 ( #7464, #6758, #787 ),
 ( #2878, #6791, #7552 ) ),
 .UNSPECIFIED., .F., .F., .F. ) 
 B_SPLINE_SURFACE_WITH_KNOTS ( ( 4, 4 ),
 ( 3, 3 ),
 ( 4.712388980384689700, 5.375444770614673300 ),
 ( 0.0000000000000000000, 1.000000000000000000 ),
 .UNSPECIFIED. ) 
 GEOMETRIC_REPRESENTATION_ITEM ( )  RATIONAL_B_SPLINE_SURFACE ( (
 ( 1.000000000000000000, 0.7071067811865472400, 1.000000000000000000),
 ( 1.000000000000000000, 0.7273619197245444500, 1.000000000000000000),
 ( 1.000000000000000000, 0.7465787745745509100, 1.000000000000000000),
 ( 1.000000000000000000, 0.7613508976003431300, 1.000000000000000000) ) ) 
 REPRESENTATION_ITEM ( '' )  SURFACE ( )  );
#9296 = EDGE_LOOP ( 'NONE', ( #6056, #7722, #1149, #7701 ) ) ;
#9297 = ORIENTED_EDGE ( 'NONE', *, *, #4952, .F. ) ;
#9298 = DIRECTION ( 'NONE',  ( -1.000000000000000000, -3.469446951953614200E-015, 0.0000000000000000000 ) ) ;
#9299 = CIRCLE ( 'NONE', #7908, 0.5000000000000004400 ) ;
#9300 = SPHERICAL_SURFACE ( 'NONE', #3597, 0.2500000000000000000 ) ;
#9301 = DIRECTION ( 'NONE',  ( -1.000000000000000000, 0.0000000000000000000, 0.0000000000000000000 ) ) ;
#9302 = DIRECTION ( 'NONE',  ( 0.0000000000000000000, 1.000000000000000000, 0.0000000000000000000 ) ) ;
#9303 = ORIENTED_EDGE ( 'NONE', *, *, #5833, .T. ) ;
#9304 = FACE_OUTER_BOUND ( 'NONE', #8040, .T. ) ;
#9305 = AXIS2_PLACEMENT_3D ( 'NONE', #3798, #4419, #9775 ) ;
#9306 = ORIENTED_EDGE ( 'NONE', *, *, #6484, .T. ) ;
#9307 = EDGE_CURVE ( 'NONE', #9168, #4876, #7197, .T. ) ;
#9308 = LINE ( 'NONE', #6638, #7302 ) ;
#9309 = ADVANCED_FACE ( 'NONE', ( #8014 ), #7672, .T. ) ;
#9310 = DIRECTION ( 'NONE',  ( 1.000000000000000000, 1.561251128379125100E-014, 0.0000000000000000000 ) ) ;
#9311 = CARTESIAN_POINT ( 'NONE',  ( -6.249999999999996400, 0.0000000000000000000, -0.1250000000000001100 ) ) ;
#9312 = AXIS2_PLACEMENT_3D ( 'NONE', #3706, #1343, #6622 ) ;
#9313 = ORIENTED_EDGE ( 'NONE', *, *, #1074, .F. ) ;
#9314 = CYLINDRICAL_SURFACE ( 'NONE', #4995, 0.2500000000000000000 ) ;
#9315 = APPROVAL_DATE_TIME ( #4571, #6876 ) ;
#9316 = CARTESIAN_POINT ( 'NONE',  ( -5.999999999999981300, 1.951563910473908000E-015, -19.89644660940673000 ) ) ;
#9317 = DIRECTION ( 'NONE',  ( -0.0000000000000000000, -0.0000000000000000000, -1.000000000000000000 ) ) ;
#9318 = ORIENTED_EDGE ( 'NONE', *, *, #3449, .T. ) ;
#9319 = DIRECTION ( 'NONE',  ( 0.0000000000000000000, 1.000000000000000000, 0.0000000000000000000 ) ) ;
#9320 = AXIS2_PLACEMENT_3D ( 'NONE', #6946, #3211, #6335 ) ;
#9321 = EDGE_CURVE ( 'NONE', #1893, #5209, #9442, .T. ) ;
#9322 = ADVANCED_FACE ( 'NONE', ( #1516 ), #943, .T. ) ;
#9323 = DIRECTION ( 'NONE',  ( 1.000000000000000000, 0.0000000000000000000, 0.0000000000000000000 ) ) ;
#9324 = DIRECTION ( 'NONE',  ( 0.0000000000000000000, 0.0000000000000000000, 1.000000000000000000 ) ) ;
#9325 = VERTEX_POINT ( 'NONE', #4747 ) ;
#9326 = CYLINDRICAL_SURFACE ( 'NONE', #2533, 0.5000000000000000000 ) ;
#9327 = FACE_OUTER_BOUND ( 'NONE', #8036, .T. ) ;
#9328 = DIRECTION ( 'NONE',  ( -1.000000000000000000, 0.0000000000000000000, 0.0000000000000000000 ) ) ;
#9329 = ORIENTED_EDGE ( 'NONE', *, *, #5596, .F. ) ;
#9330 = EDGE_LOOP ( 'NONE', ( #4869, #3003 ) ) ;
#9331 = DIRECTION ( 'NONE',  ( -1.000000000000000000, 0.0000000000000000000, 0.0000000000000000000 ) ) ;
#9332 = AXIS2_PLACEMENT_3D ( 'NONE', #3726, #6672, #1492 ) ;
#9333 = ORIENTED_EDGE ( 'NONE', *, *, #340, .F. ) ;
#9334 = CIRCLE ( 'NONE', #4752, 0.2500000000000002200 ) ;
#9335 = LINE ( 'NONE', #7205, #3289 ) ;
#9336 = AXIS2_PLACEMENT_3D ( 'NONE', #4864, #6359, #7848 ) ;
#9337 = CARTESIAN_POINT ( 'NONE',  ( 1.330407161568939100E-016, 0.7499999999999981100, 10.12500000000000000 ) ) ;
#9338 = VERTEX_POINT ( 'NONE', #125 ) ;
#9339 = EDGE_CURVE ( 'NONE', #2160, #6883, #9786, .T. ) ;
#9340 = EDGE_CURVE ( 'NONE', #520, #4947, #5170, .T. ) ;
#9341 = ORIENTED_EDGE ( 'NONE', *, *, #2988, .F. ) ;
#9342 = FACE_OUTER_BOUND ( 'NONE', #469, .T. ) ;
#9343 = DIRECTION ( 'NONE',  ( 1.000000000000000000, 0.0000000000000000000, 0.0000000000000000000 ) ) ;
#9344 = ORIENTED_EDGE ( 'NONE', *, *, #9285, .T. ) ;
#9345 = CIRCLE ( 'NONE', #5780, 5.220242981272396500 ) ;
#9346 = DIRECTION ( 'NONE',  ( 0.0000000000000000000, 0.0000000000000000000, 1.000000000000000000 ) ) ;
#9347 = EDGE_LOOP ( 'NONE', ( #5767, #7595, #3479, #3923 ) ) ;
#9348 = ADVANCED_FACE ( 'NONE', ( #3754 ), #3641, .T. ) ;
#9349 = EDGE_LOOP ( 'NONE', ( #4453, #9747 ) ) ;
#9350 = CIRCLE ( 'NONE', #3925, 0.2500000000000002200 ) ;
#9351 = CARTESIAN_POINT ( 'NONE',  ( 0.4019237886466642300, 1.499999999999966200, -9.624999999999998200 ) ) ;
#9352 = EDGE_LOOP ( 'NONE', ( #1189, #2086, #9333, #1085 ) ) ;
#9353 = CARTESIAN_POINT ( 'NONE',  ( 1.330407161568939100E-016, 5.499999999999998200, 20.00000000000000000 ) ) ;
#9354 = CARTESIAN_POINT ( 'NONE',  ( 5.796185835555162300, 0.05461184076901756700, -0.2499999998001339600 ) ) ;
#9355 = DIRECTION ( 'NONE',  ( 1.000000000000000000, 0.0000000000000000000, 0.0000000000000000000 ) ) ;
#9356 = ORIENTED_EDGE ( 'NONE', *, *, #6532, .T. ) ;
#9357 = FACE_OUTER_BOUND ( 'NONE', #4909, .T. ) ;
#9358 = EDGE_LOOP ( 'NONE', ( #3756, #7580, #3112, #638 ) ) ;
#9359 = DIRECTION ( 'NONE',  ( 0.0000000000000000000, 0.0000000000000000000, -1.000000000000000000 ) ) ;
#9360 = CARTESIAN_POINT ( 'NONE',  ( 12.50000000000000000, 0.0000000000000000000, 12.50000000000000000 ) ) ;
#9361 = DIRECTION ( 'NONE',  ( 1.000000000000000000, -0.0000000000000000000, 0.0000000000000000000 ) ) ;
#9362 = ORIENTED_EDGE ( 'NONE', *, *, #3220, .F. ) ;
#9363 = VECTOR ( 'NONE', #9155, 1000.000000000000000 ) ;
#9364 = AXIS2_PLACEMENT_3D ( 'NONE', #4678, #5706, #6469 ) ;
#9365 = EDGE_CURVE ( 'NONE', #7901, #5067, #1888, .T. ) ;
#9366 = ORIENTED_EDGE ( 'NONE', *, *, #9772, .F. ) ;
#9367 = ORIENTED_EDGE ( 'NONE', *, *, #5679, .T. ) ;
#9368 = ORIENTED_EDGE ( 'NONE', *, *, #8462, .T. ) ;
#9369 = CARTESIAN_POINT ( 'NONE',  ( 17.72024298127239600, 5.467267279399639100, 12.50000000000000000 ) ) ;
#9370 = ORIENTED_EDGE ( 'NONE', *, *, #7624, .T. ) ;
#9371 = CYLINDRICAL_SURFACE ( 'NONE', #8812, 0.2499999999999995600 ) ;
#9372 = CARTESIAN_POINT ( 'NONE',  ( -4.750000000000000000, 5.750000000000000000, -20.00000000000000000 ) ) ;
#9373 = DIRECTION ( 'NONE',  ( 0.0000000000000000000, 0.0000000000000000000, 1.000000000000000000 ) ) ;
#9374 = ADVANCED_FACE ( 'NONE', ( #4721 ), #5792, .F. ) ;
#9375 = VERTEX_POINT ( 'NONE', #1269 ) ;
#9376 = AXIS2_PLACEMENT_3D ( 'NONE', #2738, #8038, #8794 ) ;
#9377 = EDGE_LOOP ( 'NONE', ( #5936, #3896, #5317, #1098 ) ) ;
#9378 = FACE_OUTER_BOUND ( 'NONE', #7894, .T. ) ;
#9379 = FACE_OUTER_BOUND ( 'NONE', #6432, .T. ) ;
#9380 = CARTESIAN_POINT ( 'NONE',  ( -5.749999999999995600, 5.249999999999998200, -9.999999999999998200 ) ) ;
#9381 = CARTESIAN_POINT ( 'NONE',  ( 6.250000000000003600, 0.0000000000000000000, -19.75000000000000000 ) ) ;
#9382 = DIRECTION ( 'NONE',  ( 2.891205793294680300E-016, 0.0000000000000000000, 1.000000000000000000 ) ) ;
#9383 = AXIS2_PLACEMENT_3D ( 'NONE', #6214, #3114, #183 ) ;
#9384 = EDGE_CURVE ( 'NONE', #1477, #2395, #2689, .T. ) ;
#9385 = DIRECTION ( 'NONE',  ( 0.9659258262890699800, -0.2588190451025143000, 0.0000000000000000000 ) ) ;
#9386 = CARTESIAN_POINT ( 'NONE',  ( -5.989959552787899700, 0.002690329722128130300, 0.2714588953929485400 ) ) ;
#9387 = EDGE_LOOP ( 'NONE', ( #2489, #2933, #7006, #8082, #3229 ) ) ;
#9388 = ORIENTED_EDGE ( 'NONE', *, *, #987, .F. ) ;
#9389 = LINE ( 'NONE', #9729, #7379 ) ;
#9390 = CARTESIAN_POINT ( 'NONE',  ( -3.146446609406730500, 8.853553390593271300, 20.00000000000000000 ) ) ;
#9391 = VERTEX_POINT ( 'NONE', #1179 ) ;
#9392 = AXIS2_PLACEMENT_3D ( 'NONE', #5648, #6452, #2611 ) ;
#9393 = EDGE_CURVE ( 'NONE', #5054, #383, #4459, .T. ) ;
#9394 = DIRECTION ( 'NONE',  ( -0.0000000000000000000, 0.0000000000000000000, 1.000000000000000000 ) ) ;
#9395 = CYLINDRICAL_SURFACE ( 'NONE', #1276, 0.2500000000000002200 ) ;
#9396 = EDGE_CURVE ( 'NONE', #1736, #8845, #1280, .T. ) ;
#9397 = CARTESIAN_POINT ( 'NONE',  ( -2.969669914110093100, 8.676776695296634800, 0.0000000000000000000 ) ) ;
#9398 = ORIENTED_EDGE ( 'NONE', *, *, #2753, .T. ) ;
#9399 = CARTESIAN_POINT ( 'NONE',  ( -5.999999999999996400, 5.499999999999994700, 20.00000000000000000 ) ) ;
#9400 = DIRECTION ( 'NONE',  ( -2.891205793294680300E-016, -0.0000000000000000000, -1.000000000000000000 ) ) ;
#9401 = FACE_OUTER_BOUND ( 'NONE', #3143, .T. ) ;
#9402 = EDGE_CURVE ( 'NONE', #9472, #1778, #9070, .T. ) ;
#9403 = DIRECTION ( 'NONE',  ( -0.0000000000000000000, 0.0000000000000000000, 1.000000000000000000 ) ) ;
#9404 = EDGE_CURVE ( 'NONE', #8012, #7983, #6000, .T. ) ;
#9405 = CARTESIAN_POINT ( 'NONE',  ( -12.50000000000000000, 0.1000000000000000100, -15.25000000000000000 ) ) ;
#9406 = ORIENTED_EDGE ( 'NONE', *, *, #8896, .F. ) ;
#9407 = DIRECTION ( 'NONE',  ( 0.0000000000000000000, 0.0000000000000000000, -1.000000000000000000 ) ) ;
#9408 = EDGE_CURVE ( 'NONE', #6143, #6423, #3279, .T. ) ;
#9409 = LINE ( 'NONE', #8066, #4806 ) ;
#9410 = LINE ( 'NONE', #9748, #4424 ) ;
#9411 = CARTESIAN_POINT ( 'NONE',  ( 0.4666285499222928600, 1.741481456572233600, -9.624999999999998200 ) ) ;
#9412 = CARTESIAN_POINT ( 'NONE',  ( 5.000000000000002700, 7.000000000000008000, 20.00000000000000000 ) ) ;
#9413 = EDGE_CURVE ( 'NONE', #4378, #6699, #687, .T. ) ;
#9414 = VERTEX_POINT ( 'NONE', #8076 ) ;
#9415 = ADVANCED_FACE ( 'NONE', ( #8506 ), #4002, .T. ) ;
#9416 = CARTESIAN_POINT ( 'NONE',  ( -4.853553390593274000, 7.146446609406727800, -10.24999999999999800 ) ) ;
#9417 = LINE ( 'NONE', #8450, #8340 ) ;
#9418 = ORIENTED_EDGE ( 'NONE', *, *, #8942, .T. ) ;
#9419 = DIRECTION ( 'NONE',  ( -1.000000000000000000, 0.0000000000000000000, 0.0000000000000000000 ) ) ;
#9420 = CYLINDRICAL_SURFACE ( 'NONE', #8164, 0.5000000000000000000 ) ;
#9421 = CARTESIAN_POINT ( 'NONE',  ( 5.250000000000000000, 5.249999999999997300, 10.12500000000000000 ) ) ;
#9422 = VERTEX_POINT ( 'NONE', #3473 ) ;
#9423 = LINE ( 'NONE', #3916, #7785 ) ;
#9424 = DATE_AND_TIME ( #5760, #9181 ) ;
#9425 = AXIS2_PLACEMENT_3D ( 'NONE', #1236, #7996, #4224 ) ;
#9426 = CARTESIAN_POINT ( 'NONE',  ( -2.792893218813456500, 8.749999999999998200, 19.75000000000000000 ) ) ;
#9427 = CARTESIAN_POINT ( 'NONE',  ( -5.891456562198419200, 0.2500000000000003300, 0.08113112576950523600 ) ) ;
#9428 = AXIS2_PLACEMENT_3D ( 'NONE', #9448, #1959, #4917 ) ;
#9429 = DIRECTION ( 'NONE',  ( 8.673617379884004900E-016, -1.000000000000000000, 0.0000000000000000000 ) ) ;
#9430 = EDGE_CURVE ( 'NONE', #303, #919, #6263, .T. ) ;
#9431 = ORIENTED_EDGE ( 'NONE', *, *, #5807, .T. ) ;
#9432 = FACE_OUTER_BOUND ( 'NONE', #5681, .T. ) ;
#9433 = LINE ( 'NONE', #2422, #4828 ) ;
#9434 = ORIENTED_EDGE ( 'NONE', *, *, #5216, .F. ) ;
#9435 = CARTESIAN_POINT ( 'NONE',  ( 5.250000000000000000, 5.749999999999998200, 20.00000000000000000 ) ) ;
#9436 = ORIENTED_EDGE ( 'NONE', *, *, #3729, .F. ) ;
#9437 = DIRECTION ( 'NONE',  ( 0.0000000000000000000, 0.0000000000000000000, 1.000000000000000000 ) ) ;
#9438 = AXIS2_PLACEMENT_3D ( 'NONE', #9602, #5837, #5100 ) ;
#9439 = DIRECTION ( 'NONE',  ( 0.0000000000000000000, -0.0000000000000000000, -1.000000000000000000 ) ) ;
#9440 = ORIENTED_EDGE ( 'NONE', *, *, #7243, .T. ) ;
#9441 = FACE_OUTER_BOUND ( 'NONE', #7686, .T. ) ;
#9442 = LINE ( 'NONE', #885, #6489 ) ;
#9443 = DIRECTION ( 'NONE',  ( 0.0000000000000000000, 0.0000000000000000000, -1.000000000000000000 ) ) ;
#9444 = EDGE_LOOP ( 'NONE', ( #7775, #4379, #4166, #6985 ) ) ;
#9445 = AXIS2_PLACEMENT_3D ( 'NONE', #2612, #3360, #9419 ) ;
#9446 = EDGE_LOOP ( 'NONE', ( #3885, #8950, #859, #6879 ) ) ;
#9447 = EDGE_CURVE ( 'NONE', #1079, #3071, #6124, .T. ) ;
#9448 = CARTESIAN_POINT ( 'NONE',  ( 12.50000000000000500, 5.500000000000005300, -12.50000000000000000 ) ) ;
#9449 = ORIENTED_EDGE ( 'NONE', *, *, #6190, .T. ) ;
#9450 = ORIENTED_EDGE ( 'NONE', *, *, #7482, .F. ) ;
#9451 = CIRCLE ( 'NONE', #327, 0.2500000000000000000 ) ;
#9452 = LINE ( 'NONE', #8920, #3174 ) ;
#9453 = ORIENTED_EDGE ( 'NONE', *, *, #7891, .F. ) ;
#9454 = CARTESIAN_POINT ( 'NONE',  ( 5.000000000000000000, 5.499999999999998200, -10.24999999999999800 ) ) ;
#9455 = ORIENTED_EDGE ( 'NONE', *, *, #2635, .T. ) ;
#9456 = LINE ( 'NONE', #5944, #5915 ) ;
#9457 = DIRECTION ( 'NONE',  ( 0.0000000000000000000, 0.0000000000000000000, -1.000000000000000000 ) ) ;
#9458 = ORIENTED_EDGE ( 'NONE', *, *, #3477, .T. ) ;
#9459 = EDGE_LOOP ( 'NONE', ( #8627, #553, #6626, #2855 ) ) ;
#9460 = AXIS2_PLACEMENT_3D ( 'NONE', #2997, #4526, #5286 ) ;
#9461 = CARTESIAN_POINT ( 'NONE',  ( -4.230470994369921900, 0.7329629131445353200, -9.999999999999998200 ) ) ;
#9462 = FACE_OUTER_BOUND ( 'NONE', #9009, .T. ) ;
#9463 = EDGE_CURVE ( 'NONE', #3840, #3175, #7903, .T. ) ;
#9464 = DIRECTION ( 'NONE',  ( 0.0000000000000000000, 0.0000000000000000000, -1.000000000000000000 ) ) ;
#9465 = ORIENTED_EDGE ( 'NONE', *, *, #3284, .F. ) ;
#9466 = VECTOR ( 'NONE', #5296, 1000.000000000000000 ) ;
#9467 = CARTESIAN_POINT ( 'NONE',  ( 2.792893218813457400, 8.749999999999998200, 20.00000000000000000 ) ) ;
#9468 = EDGE_CURVE ( 'NONE', #1324, #8956, #9778, .T. ) ;
#9469 = ORIENTED_EDGE ( 'NONE', *, *, #3635, .F. ) ;
#9470 = ADVANCED_FACE ( 'NONE', ( #8239 ), #7660, .T. ) ;
#9471 = DIRECTION ( 'NONE',  ( 0.0000000000000000000, -0.0000000000000000000, -1.000000000000000000 ) ) ;
#9472 = VERTEX_POINT ( 'NONE', #5979 ) ;
#9473 = VECTOR ( 'NONE', #7610, 1000.000000000000100 ) ;
#9474 = VERTEX_POINT ( 'NONE', #2867 ) ;
#9475 = CARTESIAN_POINT ( 'NONE',  ( -6.249999999999996400, 5.249999999999996400, 20.00000000000000000 ) ) ;
#9476 = CARTESIAN_POINT ( 'NONE',  ( 2.792893218813457400, 9.000000000000000000, 20.00000000000000000 ) ) ;
#9477 = ORIENTED_EDGE ( 'NONE', *, *, #2780, .T. ) ;
#9478 = VERTEX_POINT ( 'NONE', #1337 ) ;
#9479 = ORIENTED_EDGE ( 'NONE', *, *, #4226, .F. ) ;
#9480 = DIRECTION ( 'NONE',  ( -1.000000000000000000, 0.0000000000000000000, 0.0000000000000000000 ) ) ;
#9481 = ORIENTED_EDGE ( 'NONE', *, *, #8393, .T. ) ;
#9482 = FACE_OUTER_BOUND ( 'NONE', #9565, .T. ) ;
#9483 = DIRECTION ( 'NONE',  ( -0.0000000000000000000, -0.0000000000000000000, 1.000000000000000000 ) ) ;
#9484 = ORIENTED_EDGE ( 'NONE', *, *, #5338, .T. ) ;
#9485 = VERTEX_POINT ( 'NONE', #4452 ) ;
#9486 = CARTESIAN_POINT ( 'NONE',  ( 6.000000000000002700, 0.0000000000000000000, 19.89644660940672000 ) ) ;
#9487 = DIRECTION ( 'NONE',  ( 1.000000000000000000, 0.0000000000000000000, 0.0000000000000000000 ) ) ;
#9488 = ORIENTED_EDGE ( 'NONE', *, *, #97, .T. ) ;
#9489 = AXIS2_PLACEMENT_3D ( 'NONE', #9412, #5590, #1955 ) ;
#9490 = EDGE_LOOP ( 'NONE', ( #2016, #5230, #7473, #8550 ) ) ;
#9491 = LINE ( 'NONE', #6739, #5472 ) ;
#9492 = DIRECTION ( 'NONE',  ( -0.0000000000000000000, -0.0000000000000000000, 1.000000000000000000 ) ) ;
#9493 = DIRECTION ( 'NONE',  ( 0.0000000000000000000, 1.000000000000000000, 0.0000000000000000000 ) ) ;
#9494 = CARTESIAN_POINT ( 'NONE',  ( 1.330407161568939100E-016, 0.5000000000000004400, 20.00000000000000000 ) ) ;
#9495 = AXIS2_PLACEMENT_3D ( 'NONE', #2278, #873, #1488 ) ;
#9496 = ORIENTED_EDGE ( 'NONE', *, *, #185, .F. ) ;
#9497 = ORIENTED_EDGE ( 'NONE', *, *, #7997, .T. ) ;
#9498 = DIRECTION ( 'NONE',  ( -0.2588190451025151900, 0.9659258262890698700, 0.0000000000000000000 ) ) ;
#9499 = CIRCLE ( 'NONE', #6455, 0.2500000000000002200 ) ;
#9500 = LINE ( 'NONE', #9351, #406 ) ;
#9501 = CARTESIAN_POINT ( 'NONE',  ( -4.500000000000000900, 6.792893218813454800, 0.1250000000000001100 ) ) ;
#9502 = DIRECTION ( 'NONE',  ( -0.0000000000000000000, -0.0000000000000000000, -1.000000000000000000 ) ) ;
#9503 = EDGE_LOOP ( 'NONE', ( #6003, #817, #834, #8313 ) ) ;
#9504 = DIRECTION ( 'NONE',  ( -1.000000000000000000, 0.0000000000000000000, 0.0000000000000000000 ) ) ;
#9505 = TOROIDAL_SURFACE ( 'NONE', #5776, 0.5000000000000000000, 0.2500000000000000000 ) ;
#9506 = AXIS2_PLACEMENT_3D ( 'NONE', #6846, #7536, #5259 ) ;
#9507 = EDGE_CURVE ( 'NONE', #8772, #4090, #9190, .T. ) ;
#9508 = DIRECTION ( 'NONE',  ( 1.000000000000000000, 0.0000000000000000000, 0.0000000000000000000 ) ) ;
#9509 = ORIENTED_EDGE ( 'NONE', *, *, #3135, .F. ) ;
#9510 = PLANE ( 'NONE',  #5110 ) ;
#9511 = ADVANCED_FACE ( 'NONE', ( #8721 ), #8620, .T. ) ;
#9512 = FACE_BOUND ( 'NONE', #3795, .T. ) ;
#9513 = CARTESIAN_POINT ( 'NONE',  ( -17.79423698861199600, 5.499999999999967100, 12.50000000000000000 ) ) ;
#9514 = DIRECTION ( 'NONE',  ( -0.0000000000000000000, 0.0000000000000000000, 1.000000000000000000 ) ) ;
#9515 = AXIS2_PLACEMENT_3D ( 'NONE', #7126, #8612, #4810 ) ;
#9516 = CARTESIAN_POINT ( 'NONE',  ( 0.0000000000000000000, 9.000000000000000000, 0.0000000000000000000 ) ) ;
#9517 = EDGE_LOOP ( 'NONE', ( #4359, #4888, #2581, #6957 ) ) ;
#9518 = EDGE_CURVE ( 'NONE', #751, #6920, #1880, .T. ) ;
#9519 = DIRECTION ( 'NONE',  ( -0.7071067811865444600, -0.7071067811865504600, 0.0000000000000000000 ) ) ;
#9520 = DIRECTION ( 'NONE',  ( -0.9659258262890698700, -0.2588190451025151900, 0.0000000000000000000 ) ) ;
#9521 = LINE ( 'NONE', #1772, #530 ) ;
#9522 = DIRECTION ( 'NONE',  ( -1.734723475976795500E-015, -1.000000000000000000, 0.0000000000000000000 ) ) ;
#9523 = CARTESIAN_POINT ( 'NONE',  ( -5.250000000000000000, 5.750000000000000000, 0.1250000000000001100 ) ) ;
#9524 = ORIENTED_EDGE ( 'NONE', *, *, #8766, .T. ) ;
#9525 = DIRECTION ( 'NONE',  ( 1.734723475976795500E-015, 1.000000000000000000, 0.0000000000000000000 ) ) ;
#9526 = DIRECTION ( 'NONE',  ( -1.000000000000000000, 0.0000000000000000000, 0.0000000000000000000 ) ) ;
#9527 = VECTOR ( 'NONE', #4563, 1000.000000000000000 ) ;
#9528 = DIRECTION ( 'NONE',  ( 1.000000000000000000, 0.0000000000000000000, 0.0000000000000000000 ) ) ;
#9529 = VECTOR ( 'NONE', #148, 1000.000000000000000 ) ;
#9530 = CARTESIAN_POINT ( 'NONE',  ( -5.742974427131604100, 0.06886979468425624700, 0.1389912761322305800 ) ) ;
#9531 = DIRECTION ( 'NONE',  ( 0.0000000000000000000, 0.0000000000000000000, 1.000000000000000000 ) ) ;
#9532 = CARTESIAN_POINT ( 'NONE',  ( -4.750000000000000000, 0.0000000000000000000, -20.00000000000000000 ) ) ;
#9533 = ORIENTED_EDGE ( 'NONE', *, *, #8888, .T. ) ;
#9534 = FACE_BOUND ( 'NONE', #9330, .T. ) ;
#9535 = DIRECTION ( 'NONE',  ( 1.000000000000000000, -0.0000000000000000000, -0.0000000000000000000 ) ) ;
#9536 = AXIS2_PLACEMENT_3D ( 'NONE', #2821, #8940, #5113 ) ;
#9537 = CARTESIAN_POINT ( 'NONE',  ( 19.50000000000000400, 0.5000000000000000000, 20.00000000000000000 ) ) ;
#9538 = CARTESIAN_POINT ( 'NONE',  ( -4.823223304703362600, 6.823223304703364400, -0.2500000000000002200 ) ) ;
#9539 = CARTESIAN_POINT ( 'NONE',  ( -2.100000000000000100, 5.499999999999998200, -9.774999999999998600 ) ) ;
#9540 = EDGE_CURVE ( 'NONE', #9599, #2586, #1390, .T. ) ;
#9541 = CARTESIAN_POINT ( 'NONE',  ( -5.000000000000000000, 5.500000000000000900, 10.37500000000000000 ) ) ;
#9542 = CARTESIAN_POINT ( 'NONE',  ( 2.792893218813457400, 8.499999999999998200, 20.00000000000000000 ) ) ;
#9543 = ORIENTED_EDGE ( 'NONE', *, *, #5359, .T. ) ;
#9544 = LINE ( 'NONE', #9053, #7529 ) ;
#9545 = APPROVAL_PERSON_ORGANIZATION ( #8610, #7069, #2668 ) ;
#9546 = ORIENTED_EDGE ( 'NONE', *, *, #538, .F. ) ;
#9547 = CARTESIAN_POINT ( 'NONE',  ( -1.366094737331734300E-014, 5.250000000000013300, 19.75000000000000000 ) ) ;
#9548 = AXIS2_PLACEMENT_3D ( 'NONE', #1589, #8437, #6075 ) ;
#9549 = ORIENTED_EDGE ( 'NONE', *, *, #8707, .T. ) ;
#9550 = TOROIDAL_SURFACE ( 'NONE', #5831, 0.2500000000000000000, 0.2500000000000000000 ) ;
#9551 = FACE_OUTER_BOUND ( 'NONE', #7478, .T. ) ;
#9552 = ORIENTED_EDGE ( 'NONE', *, *, #4693, .T. ) ;
#9553 = CARTESIAN_POINT ( 'NONE',  ( -5.749999999999996400, 5.249999999999997300, -9.749999999999998200 ) ) ;
#9554 = DIRECTION ( 'NONE',  ( -1.000000000000000000, 0.0000000000000000000, 0.0000000000000000000 ) ) ;
#9555 = ORIENTED_EDGE ( 'NONE', *, *, #8839, .F. ) ;
#9556 = ADVANCED_FACE ( 'NONE', ( #5889 ), #8495, .T. ) ;
#9557 = AXIS2_PLACEMENT_3D ( 'NONE', #3478, #6496, #9504 ) ;
#9558 = DIRECTION ( 'NONE',  ( 0.0000000000000000000, 0.0000000000000000000, -1.000000000000000000 ) ) ;
#9559 = EDGE_CURVE ( 'NONE', #9375, #2274, #5651, .T. ) ;
#9560 = CARTESIAN_POINT ( 'NONE',  ( -5.805433175708863300, 0.2960997938801081000, 0.1249999999999998900 ) ) ;
#9561 = ORIENTED_EDGE ( 'NONE', *, *, #6349, .F. ) ;
#9562 = TOROIDAL_SURFACE ( 'NONE', #3852, 0.2500000000000000000, 0.2500000000000000000 ) ;
#9563 = VECTOR ( 'NONE', #1161, 1000.000000000000000 ) ;
#9564 = CARTESIAN_POINT ( 'NONE',  ( -4.750000000000000000, 6.792893218813454800, 10.37500000000000000 ) ) ;
#9565 = EDGE_LOOP ( 'NONE', ( #781, #7577, #8171, #4338 ) ) ;
#9566 = AXIS2_PLACEMENT_3D ( 'NONE', #2047, #9439, #4914 ) ;
#9567 = EDGE_LOOP ( 'NONE', ( #3035, #4523, #9226, #7586 ) ) ;
#9568 = DIRECTION ( 'NONE',  ( 0.0000000000000000000, 1.000000000000000000, -0.0000000000000000000 ) ) ;
#9569 = LINE ( 'NONE', #3523, #5802 ) ;
#9570 = DIRECTION ( 'NONE',  ( 0.0000000000000000000, 0.0000000000000000000, 1.000000000000000000 ) ) ;
#9571 = EDGE_LOOP ( 'NONE', ( #4275, #604, #6511, #9135 ) ) ;
#9572 = FACE_BOUND ( 'NONE', #397, .T. ) ;
#9573 = AXIS2_PLACEMENT_3D ( 'NONE', #5135, #5109, #5075 ) ;
#9574 = CARTESIAN_POINT ( 'NONE',  ( 5.685295238724374500, 0.08432488663803164300, -0.2499999999999997800 ) ) ;
#9575 = ORIENTED_EDGE ( 'NONE', *, *, #2984, .F. ) ;
#9576 = EDGE_CURVE ( 'NONE', #2049, #3256, #676, .T. ) ;
#9577 = DIRECTION ( 'NONE',  ( -1.734723475976795500E-015, -1.000000000000000000, 0.0000000000000000000 ) ) ;
#9578 = CARTESIAN_POINT ( 'NONE',  ( 5.891456562198428900, 0.2500000000000002200, -9.918868874230494000 ) ) ;
#9579 = CARTESIAN_POINT ( 'NONE',  ( -5.995397511602032400, 0.001233233049408006600, 0.2812476134552363600 ) ) ;
#9580 = ORIENTED_EDGE ( 'NONE', *, *, #4903, .T. ) ;
#9581 = FACE_OUTER_BOUND ( 'NONE', #9296, .T. ) ;
#9582 = DIRECTION ( 'NONE',  ( 0.0000000000000000000, 0.0000000000000000000, -1.000000000000000000 ) ) ;
#9583 = DIRECTION ( 'NONE',  ( 0.0000000000000000000, 0.0000000000000000000, -1.000000000000000000 ) ) ;
#9584 = ORIENTED_EDGE ( 'NONE', *, *, #7129, .F. ) ;
#9585 = VECTOR ( 'NONE', #8154, 1000.000000000000100 ) ;
#9586 = ORIENTED_EDGE ( 'NONE', *, *, #1053, .T. ) ;
#9587 = EDGE_CURVE ( 'NONE', #4983, #3793, #8131, .T. ) ;
#9588 = ORIENTED_EDGE ( 'NONE', *, *, #9229, .F. ) ;
#9589 = VECTOR ( 'NONE', #8265, 1000.000000000000000 ) ;
#9590 = AXIS2_PLACEMENT_3D ( 'NONE', #2925, #3703, #8300 ) ;
#9591 = EDGE_CURVE ( 'NONE', #1639, #4622, #9661, .T. ) ;
#9592 = DIRECTION ( 'NONE',  ( -0.7071067811865487900, 0.7071067811865462400, 0.0000000000000000000 ) ) ;
#9593 = DIRECTION ( 'NONE',  ( -0.0000000000000000000, -0.0000000000000000000, -1.000000000000000000 ) ) ;
#9594 = EDGE_CURVE ( 'NONE', #868, #7568, #4114, .T. ) ;
#9595 = CC_DESIGN_APPROVAL ( #6876, ( #3504 ) ) ;
#9596 = EDGE_LOOP ( 'NONE', ( #4000, #4795, #9022, #960 ) ) ;
#9597 = ORIENTED_EDGE ( 'NONE', *, *, #862, .T. ) ;
#9598 = CARTESIAN_POINT ( 'NONE',  ( 6.794333614242420800E-015, 5.250000000000013300, -10.25000000000000000 ) ) ;
#9599 = VERTEX_POINT ( 'NONE', #2126 ) ;
#9600 = ORIENTED_EDGE ( 'NONE', *, *, #796, .F. ) ;
#9601 = LINE ( 'NONE', #3275, #4985 ) ;
#9602 = CARTESIAN_POINT ( 'NONE',  ( -4.750000000000000000, 5.750000000000000000, 0.3750000000000001100 ) ) ;
#9603 = B_SPLINE_CURVE_WITH_KNOTS ( 'NONE', 3,
 ( #7294, #522, #9021, #8138, #8992, #8901 ),
 .UNSPECIFIED., .F., .F.,
 ( 4, 2, 4 ),
 ( -5.132694486365917100E-006, 0.0001746918583319088400, 0.0003545164111501835900 ),
 .UNSPECIFIED. ) ;
#9604 = DIRECTION ( 'NONE',  ( -0.0000000000000000000, -0.0000000000000000000, 1.000000000000000000 ) ) ;
#9605 = ORIENTED_EDGE ( 'NONE', *, *, #1474, .T. ) ;
#9606 = ORIENTED_EDGE ( 'NONE', *, *, #97, .F. ) ;
#9607 = CARTESIAN_POINT ( 'NONE',  ( -5.749999999999996400, 5.249999999999998200, -9.999999999999998200 ) ) ;
#9608 = FACE_OUTER_BOUND ( 'NONE', #1675, .T. ) ;
#9609 = FACE_OUTER_BOUND ( 'NONE', #1238, .T. ) ;
#9610 = ADVANCED_FACE ( 'NONE', ( #4585 ), #2458, .T. ) ;
#9611 = DIRECTION ( 'NONE',  ( -1.000000000000000000, 0.0000000000000000000, 0.0000000000000000000 ) ) ;
#9612 = CARTESIAN_POINT ( 'NONE',  ( -5.989959552787899700, 0.002690329722128130300, 0.2714588953929485400 ) ) ;
#9613 = ORIENTED_EDGE ( 'NONE', *, *, #1446, .F. ) ;
#9614 = AXIS2_PLACEMENT_3D ( 'NONE', #3467, #9493, #6519 ) ;
#9615 = ORIENTED_EDGE ( 'NONE', *, *, #8175, .T. ) ;
#9616 = CIRCLE ( 'NONE', #7044, 0.2500000000000003300 ) ;
#9617 = DIRECTION ( 'NONE',  ( 0.7071067811865449100, 0.7071067811865501300, 0.0000000000000000000 ) ) ;
#9618 = AXIS2_PLACEMENT_3D ( 'NONE', #8213, #5164, #9735 ) ;
#9619 = EDGE_CURVE ( 'NONE', #2160, #9262, #2578, .T. ) ;
#9620 = ADVANCED_FACE ( 'NONE', ( #7426 ), #5485, .T. ) ;
#9621 = ORIENTED_EDGE ( 'NONE', *, *, #117, .T. ) ;
#9622 = CARTESIAN_POINT ( 'NONE',  ( 4.500000000000002700, 6.792893218813461900, 0.3750000000000003300 ) ) ;
#9623 = DIRECTION ( 'NONE',  ( 1.000000000000000000, 8.191565091004766200E-016, 0.0000000000000000000 ) ) ;
#9624 = CIRCLE ( 'NONE', #8439, 0.2500000000000000000 ) ;
#9625 = AXIS2_PLACEMENT_3D ( 'NONE', #8244, #7554, #6865 ) ;
#9626 = DIRECTION ( 'NONE',  ( 0.0000000000000000000, 0.0000000000000000000, -1.000000000000000000 ) ) ;
#9627 = ORIENTED_EDGE ( 'NONE', *, *, #903, .T. ) ;
#9628 = CARTESIAN_POINT ( 'NONE',  ( -19.29289321881348200, 5.499999999999963600, 19.75000000000000000 ) ) ;
#9629 = AXIS2_PLACEMENT_3D ( 'NONE', #4778, #7755, #7083 ) ;
#9630 = EDGE_CURVE ( 'NONE', #7375, #7658, #6480, .T. ) ;
#9631 = VECTOR ( 'NONE', #7068, 1000.000000000000000 ) ;
#9632 = DIRECTION ( 'NONE',  ( -0.7071067811865475700, 0.7071067811865475700, 0.0000000000000000000 ) ) ;
#9633 = VERTEX_POINT ( 'NONE', #3836 ) ;
#9634 = CARTESIAN_POINT ( 'NONE',  ( 19.29289321881344700, 5.500000000000009800, 19.75000000000000000 ) ) ;
#9635 = DIRECTION ( 'NONE',  ( 2.602085213965201600E-015, -1.000000000000000000, -0.0000000000000000000 ) ) ;
#9636 = CYLINDRICAL_SURFACE ( 'NONE', #9736, 0.2500000000000002200 ) ;
#9637 = CARTESIAN_POINT ( 'NONE',  ( 1.330407161568939100E-016, 5.499999999999998200, 19.90000000000000200 ) ) ;
#9638 = CARTESIAN_POINT ( 'NONE',  ( -2.969669914110093100, 8.676776695296634800, 10.00000000000000000 ) ) ;
#9639 = CIRCLE ( 'NONE', #9036, 0.5000000000000004400 ) ;
#9640 = AXIS2_PLACEMENT_3D ( 'NONE', #544, #8075, #1335 ) ;
#9641 = AXIS2_PLACEMENT_3D ( 'NONE', #4800, #253, #195 ) ;
#9642 = EDGE_CURVE ( 'NONE', #3793, #4983, #4447, .T. ) ;
#9643 = ORIENTED_EDGE ( 'NONE', *, *, #637, .T. ) ;
#9644 = EDGE_CURVE ( 'NONE', #7955, #8436, #2102, .T. ) ;
#9645 = DIRECTION ( 'NONE',  ( 0.0000000000000000000, 1.000000000000000000, -0.0000000000000000000 ) ) ;
#9646 = ORIENTED_EDGE ( 'NONE', *, *, #1940, .F. ) ;
#9647 = FACE_OUTER_BOUND ( 'NONE', #5649, .T. ) ;
#9648 = VERTEX_POINT ( 'NONE', #1494 ) ;
#9649 = FACE_OUTER_BOUND ( 'NONE', #2527, .T. ) ;
#9650 = DIRECTION ( 'NONE',  ( -1.000000000000000000, 0.0000000000000000000, 0.0000000000000000000 ) ) ;
#9651 = CARTESIAN_POINT ( 'NONE',  ( -2.100000000000000100, 5.499999999999998200, -10.10000000000000100 ) ) ;
#9652 = DIRECTION ( 'NONE',  ( -0.7071067811865458000, -0.7071067811865492400, 0.0000000000000000000 ) ) ;
#9653 = ADVANCED_FACE ( 'NONE', ( #3630 ), #6701, .T. ) ;
#9654 = ORIENTED_EDGE ( 'NONE', *, *, #6187, .F. ) ;
#9655 = VECTOR ( 'NONE', #5369, 1000.000000000000000 ) ;
#9656 = DATE_AND_TIME ( #6941, #5880 ) ;
#9657 = CARTESIAN_POINT ( 'NONE',  ( 12.50000000000000000, 2.711339312526813900, 12.50000000000000000 ) ) ;
#9658 = CARTESIAN_POINT ( 'NONE',  ( -12.50000000000000000, 2.711339312526813900, 12.50000000000000000 ) ) ;
#9659 = ORIENTED_EDGE ( 'NONE', *, *, #294, .F. ) ;
#9660 = FACE_OUTER_BOUND ( 'NONE', #5112, .T. ) ;
#9661 = CIRCLE ( 'NONE', #5608, 0.2499999999999997200 ) ;
#9662 = AXIS2_PLACEMENT_3D ( 'NONE', #2542, #4821, #899 ) ;
#9663 = CARTESIAN_POINT ( 'NONE',  ( 4.500000000000002700, 6.792893218813461900, 0.3750000000000003300 ) ) ;
#9664 = ORIENTED_EDGE ( 'NONE', *, *, #5459, .F. ) ;
#9665 = VERTEX_POINT ( 'NONE', #1634 ) ;
#9666 = CARTESIAN_POINT ( 'NONE',  ( -5.000000000000000000, 6.792893218813454800, 20.00000000000000000 ) ) ;
#9667 = AXIS2_PLACEMENT_3D ( 'NONE', #2720, #1226, #3587 ) ;
#9668 = ORIENTED_EDGE ( 'NONE', *, *, #6334, .F. ) ;
#9669 = CIRCLE ( 'NONE', #7791, 5.000000000000000000 ) ;
#9670 = CYLINDRICAL_SURFACE ( 'NONE', #588, 0.2500000000000003300 ) ;
#9671 = VERTEX_POINT ( 'NONE', #4488 ) ;
#9672 = CARTESIAN_POINT ( 'NONE',  ( -4.101061471818665500, 0.2500000000000001100, 20.00000000000000000 ) ) ;
#9673 = ORIENTED_EDGE ( 'NONE', *, *, #5125, .F. ) ;
#9674 = DIRECTION ( 'NONE',  ( 1.000000000000000000, 0.0000000000000000000, 0.0000000000000000000 ) ) ;
#9675 = AXIS2_PLACEMENT_3D ( 'NONE', #7018, #944, #7780 ) ;
#9676 = DIRECTION ( 'NONE',  ( -0.0000000000000000000, 1.000000000000000000, -0.0000000000000000000 ) ) ;
#9677 = VERTEX_POINT ( 'NONE', #6153 ) ;
#9678 = FACE_OUTER_BOUND ( 'NONE', #589, .T. ) ;
#9679 = DIRECTION ( 'NONE',  ( -1.000000000000000000, -8.673617379884004900E-016, 0.0000000000000000000 ) ) ;
#9680 = ORIENTED_EDGE ( 'NONE', *, *, #1126, .T. ) ;
#9681 = AXIS2_PLACEMENT_3D ( 'NONE', #94, #754, #7626 ) ;
#9682 = DIRECTION ( 'NONE',  ( 1.000000000000000000, -3.469446951953611000E-015, 0.0000000000000000000 ) ) ;
#9683 = EDGE_LOOP ( 'NONE', ( #2095, #9106 ) ) ;
#9684 = EDGE_CURVE ( 'NONE', #4141, #6883, #6254, .T. ) ;
#9685 = LINE ( 'NONE', #6248, #9220 ) ;
#9686 = DIRECTION ( 'NONE',  ( 0.0000000000000000000, -1.000000000000000000, 0.0000000000000000000 ) ) ;
#9687 = VECTOR ( 'NONE', #2620, 1000.000000000000000 ) ;
#9688 = DIRECTION ( 'NONE',  ( -0.0000000000000000000, -1.000000000000000000, 0.0000000000000000000 ) ) ;
#9689 = ORIENTED_EDGE ( 'NONE', *, *, #7851, .T. ) ;
#9690 = VECTOR ( 'NONE', #1479, 1000.000000000000000 ) ;
#9691 = ORIENTED_EDGE ( 'NONE', *, *, #2918, .F. ) ;
#9692 = ORIENTED_EDGE ( 'NONE', *, *, #5274, .T. ) ;
#9693 = CIRCLE ( 'NONE', #2303, 2.849999999999998300 ) ;
#9694 = CARTESIAN_POINT ( 'NONE',  ( -2.792893218813456500, 8.499999999999998200, 19.75000000000000000 ) ) ;
#9695 = AXIS2_PLACEMENT_3D ( 'NONE', #2887, #4420, #9650 ) ;
#9696 = CARTESIAN_POINT ( 'NONE',  ( 12.50000000000000000, 0.1000000000000000100, 12.50000000000000000 ) ) ;
#9697 = EDGE_CURVE ( 'NONE', #5023, #6539, #5416, .T. ) ;
#9698 = ADVANCED_FACE ( 'NONE', ( #8007 ), #454, .T. ) ;
#9699 = DIRECTION ( 'NONE',  ( -1.000000000000000000, -1.734723475976808700E-015, 0.0000000000000000000 ) ) ;
#9700 = ORIENTED_EDGE ( 'NONE', *, *, #4977, .F. ) ;
#9701 = ORIENTED_EDGE ( 'NONE', *, *, #6025, .T. ) ;
#9702 = EDGE_CURVE ( 'NONE', #6074, #6754, #4220, .T. ) ;
#9703 = EDGE_LOOP ( 'NONE', ( #5507, #1063, #4723, #5446 ) ) ;
#9704 = ORIENTED_EDGE ( 'NONE', *, *, #5501, .F. ) ;
#9705 = VECTOR ( 'NONE', #8422, 1000.000000000000000 ) ;
#9706 = DIRECTION ( 'NONE',  ( 1.000000000000000000, 0.0000000000000000000, 0.0000000000000000000 ) ) ;
#9707 = DIRECTION ( 'NONE',  ( 0.7071067811865463500, 8.659560562354919300E-017, -0.7071067811865487900 ) ) ;
#9708 = CARTESIAN_POINT ( 'NONE',  ( 1.330407161568939100E-016, 5.499999999999998200, -20.00000000000000000 ) ) ;
#9709 =( BOUNDED_CURVE ( )  B_SPLINE_CURVE ( 3, ( #6924, #1649, #5407, #5344 ),
 .UNSPECIFIED., .F., .F. ) 
 B_SPLINE_CURVE_WITH_KNOTS ( ( 4, 4 ),
 ( 0.9155827221816451600, 1.570796326794896600 ),
 .UNSPECIFIED. ) 
 CURVE ( )  GEOMETRIC_REPRESENTATION_ITEM ( )  RATIONAL_B_SPLINE_CURVE ( ( 1.000000000000000000, 0.9645434217588901800, 0.9645434217588901800, 1.000000000000000000 ) ) 
 REPRESENTATION_ITEM ( '' )  );
#9710 = DIRECTION ( 'NONE',  ( 0.0000000000000000000, 1.000000000000000000, -0.0000000000000000000 ) ) ;
#9712 = ORIENTED_EDGE ( 'NONE', *, *, #3717, .F. ) ;
#9711 = EDGE_CURVE ( 'NONE', #8100, #8392, #2790, .T. ) ;
#9713 = ORIENTED_EDGE ( 'NONE', *, *, #2767, .T. ) ;
#9714 = CARTESIAN_POINT ( 'NONE',  ( -4.101061471818665500, 0.7500000000000001100, 0.1250000000000001100 ) ) ;
#9715 = AXIS2_PLACEMENT_3D ( 'NONE', #7481, #4492, #5328 ) ;
#9716 = DIRECTION ( 'NONE',  ( -8.673617379884004900E-016, 1.000000000000000000, -0.0000000000000000000 ) ) ;
#9717 = ORIENTED_EDGE ( 'NONE', *, *, #9056, .T. ) ;
#9718 = EDGE_CURVE ( 'NONE', #395, #3498, #3872, .T. ) ;
#9719 = VECTOR ( 'NONE', #735, 1000.000000000000000 ) ;
#9720 = DIRECTION ( 'NONE',  ( 0.0000000000000000000, -1.000000000000000000, 0.0000000000000000000 ) ) ;
#9721 = CARTESIAN_POINT ( 'NONE',  ( 19.50000000000000400, 0.5000000000000000000, -19.75000000000000000 ) ) ;
#9722 = EDGE_LOOP ( 'NONE', ( #2895, #8821 ) ) ;
#9723 = ORIENTED_EDGE ( 'NONE', *, *, #8696, .F. ) ;
#9724 = DIRECTION ( 'NONE',  ( 0.0000000000000000000, 1.000000000000000000, -0.0000000000000000000 ) ) ;
#9725 = EDGE_CURVE ( 'NONE', #7375, #5023, #228, .T. ) ;
#9726 = TOROIDAL_SURFACE ( 'NONE', #3006, 0.5000000000000000000, 0.2500000000000000000 ) ;
#9727 = CIRCLE ( 'NONE', #8049, 1.499999999999984000 ) ;
#9728 = CARTESIAN_POINT ( 'NONE',  ( -19.29289321881348200, 4.999999999999962700, 20.00000000000000000 ) ) ;
#9729 = CARTESIAN_POINT ( 'NONE',  ( -19.99999999999999600, 5.000000000000000000, -19.75000000000000000 ) ) ;
#9730 = EDGE_CURVE ( 'NONE', #8418, #8204, #569, .T. ) ;
#9731 = VERTEX_POINT ( 'NONE', #8507 ) ;
#9732 = CARTESIAN_POINT ( 'NONE',  ( -2.100000000000000100, 5.499999999999998200, 19.90000000000000200 ) ) ;
#9733 = PLANE ( 'NONE',  #5104 ) ;
#9734 = FACE_OUTER_BOUND ( 'NONE', #6082, .T. ) ;
#9735 = DIRECTION ( 'NONE',  ( 0.0000000000000000000, 0.0000000000000000000, -1.000000000000000000 ) ) ;
#9736 = AXIS2_PLACEMENT_3D ( 'NONE', #9672, #2177, #661 ) ;
#9737 = DIRECTION ( 'NONE',  ( -1.000000000000000000, 0.0000000000000000000, 0.0000000000000000000 ) ) ;
#9738 = CARTESIAN_POINT ( 'NONE',  ( -5.999999999999996400, 0.2500000000000002200, 10.25000000000000000 ) ) ;
#9739 = ORIENTED_EDGE ( 'NONE', *, *, #7127, .F. ) ;
#9740 = DIRECTION ( 'NONE',  ( 0.0000000000000000000, 1.000000000000000000, 0.0000000000000000000 ) ) ;
#9741 = VECTOR ( 'NONE', #1403, 1000.000000000000000 ) ;
#9742 = AXIS2_PLACEMENT_3D ( 'NONE', #5445, #6961, #7737 ) ;
#9743 = EDGE_CURVE ( 'NONE', #65, #1893, #5161, .T. ) ;
#9744 = CARTESIAN_POINT ( 'NONE',  ( -2.792893218813456500, 8.499999999999998200, 20.00000000000000000 ) ) ;
#9745 = CARTESIAN_POINT ( 'NONE',  ( 4.676776695296638300, 6.969669914110097500, -10.00000000000000200 ) ) ;
#9746 = CARTESIAN_POINT ( 'NONE',  ( 19.46966991411008200, 5.176776695296648100, -19.75000000000000000 ) ) ;
#9747 = ORIENTED_EDGE ( 'NONE', *, *, #6313, .T. ) ;
#9748 = CARTESIAN_POINT ( 'NONE',  ( 4.853553390593274800, 7.146446609406734900, 19.75000000000000000 ) ) ;
#9749 = CARTESIAN_POINT ( 'NONE',  ( -12.50000000000000000, 2.711339312526813900, -15.35000000000000000 ) ) ;
#9750 = ADVANCED_FACE ( 'NONE', ( #8946 ), #2206, .T. ) ;
#9751 = AXIS2_PLACEMENT_3D ( 'NONE', #1277, #1190, #5765 ) ;
#9752 = CARTESIAN_POINT ( 'NONE',  ( -12.50000000000000000, 2.711339312526813900, 9.650000000000002100 ) ) ;
#9753 = CIRCLE ( 'NONE', #7802, 0.2500000000000002200 ) ;
#9754 = DIRECTION ( 'NONE',  ( -0.7071067811865474600, -0.7071067811865474600, 2.044391222244499800E-016 ) ) ;
#9755 = AXIS2_PLACEMENT_3D ( 'NONE', #8518, #816, #6093 ) ;
#9756 = ORIENTED_EDGE ( 'NONE', *, *, #3047, .T. ) ;
#9757 = EDGE_CURVE ( 'NONE', #7231, #7834, #9433, .T. ) ;
#9758 = CARTESIAN_POINT ( 'NONE',  ( -5.000000000000000000, 6.792893218813454800, -10.24999999999999800 ) ) ;
#9759 = LINE ( 'NONE', #5513, #8477 ) ;
#9760 = LINE ( 'NONE', #3963, #3257 ) ;
#9761 = CARTESIAN_POINT ( 'NONE',  ( 5.000000000000002700, 6.792893218813461000, 10.37500000000000000 ) ) ;
#9762 = DIRECTION ( 'NONE',  ( -0.7071067811865475700, 0.7071067811865475700, 0.0000000000000000000 ) ) ;
#9763 = CARTESIAN_POINT ( 'NONE',  ( -5.742974427131519700, 0.06886979468424425700, 9.986008723867925600 ) ) ;
#9764 = DIRECTION ( 'NONE',  ( -1.000000000000000000, -8.673617379884004900E-016, 0.0000000000000000000 ) ) ;
#9765 = ORIENTED_EDGE ( 'NONE', *, *, #6698, .T. ) ;
#9766 = TOROIDAL_SURFACE ( 'NONE', #6125, 0.2500000000000000000, 0.2500000000000000000 ) ;
#9767 = AXIS2_PLACEMENT_3D ( 'NONE', #7322, #2761, #1240 ) ;
#9768 = VERTEX_POINT ( 'NONE', #6943 ) ;
#9769 = CARTESIAN_POINT ( 'NONE',  ( 1.330407161568939100E-016, 0.7499999999999983300, 19.75000000000000000 ) ) ;
#9770 = AXIS2_PLACEMENT_3D ( 'NONE', #9721, #5862, #3579 ) ;
#9771 = DIRECTION ( 'NONE',  ( -1.000000000000000000, 0.0000000000000000000, 0.0000000000000000000 ) ) ;
#9772 = EDGE_CURVE ( 'NONE', #1642, #4501, #6373, .T. ) ;
#9773 = CARTESIAN_POINT ( 'NONE',  ( 4.500000000000002700, 6.792893218813461900, -19.75000000000000000 ) ) ;
#9774 = EDGE_CURVE ( 'NONE', #5771, #8204, #3391, .T. ) ;
#9775 = DIRECTION ( 'NONE',  ( 0.7071067811865501300, -0.7071067811865449100, 0.0000000000000000000 ) ) ;
#9776 = EDGE_LOOP ( 'NONE', ( #4502, #5676 ) ) ;
#9777 = CYLINDRICAL_SURFACE ( 'NONE', #9506, 0.2499999999999998600 ) ;
#9778 = CIRCLE ( 'NONE', #3367, 0.2500000000000002200 ) ;
#9779 = CARTESIAN_POINT ( 'NONE',  ( 1.330407161568939100E-016, 5.499999999999998200, -19.90000000000000600 ) ) ;
#9780 = VERTEX_POINT ( 'NONE', #5466 ) ;
#9781 = DIRECTION ( 'NONE',  ( -1.000000000000000000, -3.469446951953610600E-015, 0.0000000000000000000 ) ) ;
#9782 = ADVANCED_FACE ( 'NONE', ( #4336 ), #2902, .F. ) ;
#9783 = CARTESIAN_POINT ( 'NONE',  ( 1.330407161568939100E-016, 5.499999999999998200, -19.49999999999998600 ) ) ;
#9784 = CLOSED_SHELL ( 'NONE', ( #4907, #3701, #2708, #3461, #9653, #3653, #4690, #47, #2601, #5361, #1647, #4530, #4056, #173, #4943, #4669, #7574, #7517, #2572, #7845, #1947, #3028, #8482, #6584, #826, #9415, #3299, #6982, #2374, #407, #2760, #5288, #8413, #2983, #3101, #159, #9046, #1003, #197, #7555, #2315, #6209, #1677, #3948, #4295, #8317, #7045, #448, #5980, #893, #4656, #8566, #9322, #7882, #256, #497, #2389, #9796, #1014, #3085, #1581, #4611, #1989, #4252, #9782, #5186, #2484, #5276, #7770, #2036, #5460, #2076, #3315, #2323, #7746, #6314, #2523, #7656, #7625, #8474, #6867, #5133, #6179, #7690, #7180, #4758, #6449, #6234, #3559, #2469, #7244, #2300, #9511, #9247, #1438, #2508, #5444, #3261, #4717, #1529, #4489, #3189, #6760, #7613, #305, #108, #7790, #1147, #6822, #5034, #7634, #3357, #4163, #6997, #6928, #9620, #7339, #3252, #6134, #2998, #4341, #6723, #7142, #3206, #1636, #7506, #7822, #1285, #7735, #1243, #3149, #9035, #93, #9087, #8682, #9610, #3136, #3505, #2532, #1723, #5948, #2891, #268, #3602, #8079, #641, #2435, #5347, #9004, #8539, #8440, #6355, #5794, #6965, #774, #6810, #1692, #2269, #3574, #962, #9265, #856, #1338, #2455, #8511, #4812 ) ) ;
#9785 = CIRCLE ( 'NONE', #9320, 5.000000000000000000 ) ;
#9786 = LINE ( 'NONE', #3106, #8730 ) ;
#9787 = PLANE ( 'NONE',  #4553 ) ;
#9788 = ORIENTED_EDGE ( 'NONE', *, *, #5245, .F. ) ;
#9789 = CARTESIAN_POINT ( 'NONE',  ( -4.750000000000000000, 9.000000000000000000, -9.999999999999998200 ) ) ;
#9790 = ORIENTED_EDGE ( 'NONE', *, *, #5845, .T. ) ;
#9791 = DIRECTION ( 'NONE',  ( -1.000000000000000000, -0.0000000000000000000, -0.0000000000000000000 ) ) ;
#9792 = ORIENTED_EDGE ( 'NONE', *, *, #4070, .T. ) ;
#9793 = CIRCLE ( 'NONE', #2028, 0.09999999999999939500 ) ;
#9794 = CIRCLE ( 'NONE', #1412, 0.2500000000000002200 ) ;
#9795 = ORIENTED_EDGE ( 'NONE', *, *, #7765, .T. ) ;
#9796 = ADVANCED_FACE ( 'NONE', ( #4711 ), #6830, .T. ) ;
#9797 = DIRECTION ( 'NONE',  ( -0.0000000000000000000, -0.0000000000000000000, -1.000000000000000000 ) ) ;
#9798 = CARTESIAN_POINT ( 'NONE',  ( 5.893211169803003600, 0.1319926310135614000, 10.10590930257228800 ) ) ;
#9799 = ORIENTED_EDGE ( 'NONE', *, *, #5132, .T. ) ;
#9800 = AXIS2_PLACEMENT_3D ( 'NONE', #3860, #9116, #1629 ) ;
#9801 = EDGE_CURVE ( 'NONE', #3324, #8860, #813, .T. ) ;
#9802 = FACE_OUTER_BOUND ( 'NONE', #1209, .T. ) ;
#9803 = CARTESIAN_POINT ( 'NONE',  ( -5.000000000000000000, 5.500000000000000900, 20.00000000000000000 ) ) ;
#9804 = VERTEX_POINT ( 'NONE', #7816 ) ;
#9805 = FACE_OUTER_BOUND ( 'NONE', #1684, .T. ) ;
ENDSEC;
END-ISO-10303-21;
